# 
# Wavefront OBJ file
# Converted by the DEEP Exploration Deep Exploration 6.3 x64 6.3.3.8069
# Right Hemisphere, LTD
# http://www.righthemisphere.com/
# 
mtllib Cosmorelax_Sephi_Blue Chair N270924.mtl
# object Shape003
g Shape003
v 0.02290 -0.02182 0.00008
v 0.02285 -0.02177 0.00031
v 0.02211 -0.02251 0.00031
v 0.02216 -0.02256 0.00008
v 0.02127 -0.02256 0.00008
v 0.02122 -0.02251 0.00031
v 0.01897 -0.02026 0.00031
v 0.01902 -0.02031 0.00008
v 0.01902 -0.01942 0.00008
v 0.01897 -0.01937 0.00031
v 0.01971 -0.01863 0.00031
v 0.01976 -0.01868 0.00008
v 0.02066 -0.01868 0.00008
v 0.02061 -0.01863 0.00031
v 0.02285 -0.02087 0.00031
v 0.02290 -0.02092 0.00008
v 0.02198 -0.02270 0.00008
v 0.02181 -0.02277 0.00008
v 0.02163 -0.02277 0.00008
v 0.02145 -0.02270 0.00008
v 0.01888 -0.02013 0.00008
v 0.01881 -0.01996 0.00008
v 0.01881 -0.01978 0.00008
v 0.01888 -0.01960 0.00008
v 0.01994 -0.01853 0.00008
v 0.02012 -0.01846 0.00008
v 0.02030 -0.01846 0.00008
v 0.02048 -0.01853 0.00008
v 0.02305 -0.02110 0.00008
v 0.02312 -0.02128 0.00008
v 0.02312 -0.02146 0.00008
v 0.02305 -0.02164 0.00008
v 0.01175 -0.01304 0.04262
v 0.01192 -0.01318 0.04267
v 0.01210 -0.01324 0.04271
v 0.01227 -0.01324 0.04274
v 0.01245 -0.01317 0.04276
v 0.01263 -0.01303 0.04276
v 0.01337 -0.01229 0.04276
v 0.01351 -0.01211 0.04276
v 0.01359 -0.01193 0.04274
v 0.01359 -0.01175 0.04271
v 0.01352 -0.01158 0.04267
v 0.01338 -0.01140 0.04262
v 0.00920 -0.00722 0.04130
v 0.00757 -0.00886 0.04130
v -0.01364 -0.01229 0.04247
v -0.01521 -0.01386 0.03549
v -0.01446 -0.01460 0.03549
v -0.01289 -0.01303 0.04247
v -0.01272 -0.01317 0.04247
v -0.01254 -0.01324 0.04245
v -0.01236 -0.01324 0.04243
v -0.01218 -0.01317 0.04239
v -0.01201 -0.01303 0.04235
v -0.00877 -0.00979 0.04165
v -0.01040 -0.00816 0.04165
v -0.01364 -0.01140 0.04235
v -0.01378 -0.01158 0.04239
v -0.01385 -0.01175 0.04243
v -0.01385 -0.01193 0.04245
v -0.01378 -0.01211 0.04247
v -0.01929 -0.01942 0.00008
v -0.01914 -0.01960 0.00008
v -0.01907 -0.01978 0.00008
v -0.01907 -0.01996 0.00008
v -0.01914 -0.02013 0.00008
v -0.01929 -0.02031 0.00008
v -0.02153 -0.02256 0.00008
v -0.02171 -0.02270 0.00008
v -0.02189 -0.02277 0.00008
v -0.02207 -0.02277 0.00008
v -0.02225 -0.02270 0.00008
v -0.02243 -0.02256 0.00008
v -0.02317 -0.02182 0.00008
v -0.02331 -0.02164 0.00008
v -0.02338 -0.02146 0.00008
v -0.02338 -0.02128 0.00008
v -0.02331 -0.02110 0.00008
v -0.02317 -0.02092 0.00008
v -0.02092 -0.01868 0.00008
v -0.02074 -0.01853 0.00008
v -0.02056 -0.01846 0.00008
v -0.02039 -0.01846 0.00008
v -0.02021 -0.01853 0.00008
v -0.02003 -0.01868 0.00008
v 0.02216 0.02351 0.00008
v 0.02211 0.02346 0.00031
v 0.02285 0.02272 0.00031
v 0.02290 0.02277 0.00008
v 0.02290 0.02188 0.00008
v 0.02285 0.02183 0.00031
v 0.02061 0.01958 0.00031
v 0.02066 0.01963 0.00008
v 0.01976 0.01963 0.00008
v 0.01971 0.01958 0.00031
v 0.01897 0.02032 0.00031
v 0.01902 0.02037 0.00008
v 0.01902 0.02127 0.00008
v 0.01897 0.02122 0.00031
v 0.02122 0.02346 0.00031
v 0.02127 0.02351 0.00008
v 0.02305 0.02259 0.00008
v 0.02312 0.02242 0.00008
v 0.02312 0.02224 0.00008
v 0.02305 0.02206 0.00008
v 0.02048 0.01949 0.00008
v 0.02030 0.01942 0.00008
v 0.02012 0.01942 0.00008
v 0.01994 0.01949 0.00008
v 0.01888 0.02055 0.00008
v 0.01881 0.02073 0.00008
v 0.01881 0.02091 0.00008
v 0.01888 0.02109 0.00008
v 0.02145 0.02366 0.00008
v 0.02163 0.02373 0.00008
v 0.02181 0.02373 0.00008
v 0.02198 0.02366 0.00008
v 0.01341 0.01238 0.04171
v 0.01354 0.01255 0.04180
v 0.01360 0.01272 0.04188
v 0.01359 0.01289 0.04193
v 0.01352 0.01306 0.04196
v 0.01337 0.01324 0.04197
v 0.01263 0.01398 0.04197
v 0.01245 0.01412 0.04196
v 0.01228 0.01420 0.04193
v 0.01211 0.01421 0.04188
v 0.01194 0.01415 0.04180
v 0.01177 0.01402 0.04171
v 0.00857 0.01081 0.03971
v 0.01020 0.00918 0.03971
v -0.02317 0.02277 0.00008
v -0.02312 0.02272 0.00031
v -0.02238 0.02346 0.00031
v -0.02243 0.02351 0.00008
v -0.02153 0.02351 0.00008
v -0.02148 0.02346 0.00031
v -0.01924 0.02122 0.00031
v -0.01929 0.02127 0.00008
v -0.01929 0.02037 0.00008
v -0.01924 0.02032 0.00031
v -0.01998 0.01958 0.00031
v -0.02003 0.01963 0.00008
v -0.02092 0.01963 0.00008
v -0.02087 0.01958 0.00031
v -0.02312 0.02183 0.00031
v -0.02317 0.02188 0.00008
v -0.02225 0.02366 0.00008
v -0.02207 0.02373 0.00008
v -0.02189 0.02373 0.00008
v -0.02171 0.02366 0.00008
v -0.01914 0.02109 0.00008
v -0.01907 0.02091 0.00008
v -0.01907 0.02073 0.00008
v -0.01914 0.02055 0.00008
v -0.02021 0.01949 0.00008
v -0.02039 0.01942 0.00008
v -0.02056 0.01942 0.00008
v -0.02074 0.01949 0.00008
v -0.02331 0.02206 0.00008
v -0.02338 0.02224 0.00008
v -0.02338 0.02242 0.00008
v -0.02331 0.02259 0.00008
v -0.01204 0.01402 0.04171
v -0.01220 0.01415 0.04180
v -0.01237 0.01421 0.04188
v -0.01254 0.01420 0.04193
v -0.01272 0.01412 0.04196
v -0.01289 0.01398 0.04197
v -0.01364 0.01324 0.04197
v -0.01378 0.01306 0.04196
v -0.01386 0.01289 0.04193
v -0.01386 0.01272 0.04188
v -0.01380 0.01255 0.04180
v -0.01367 0.01238 0.04171
v -0.01040 0.00911 0.03966
v -0.00877 0.01075 0.03966
v 0.01494 -0.01386 0.03549
v 0.01420 -0.01460 0.03549
v -0.01521 0.01481 0.03549
v -0.01446 0.01555 0.03549
v -0.01532 -0.01397 0.03497
v -0.01458 -0.01471 0.03497
v -0.01357 -0.01460 0.03549
v -0.01369 -0.01471 0.03497
v -0.01144 -0.01247 0.03497
v -0.01132 -0.01235 0.03549
v -0.01132 -0.01146 0.03549
v -0.01144 -0.01157 0.03497
v -0.01218 -0.01083 0.03497
v -0.01206 -0.01071 0.03549
v -0.01296 -0.01071 0.03549
v -0.01307 -0.01083 0.03497
v -0.01532 -0.01308 0.03497
v -0.01521 -0.01296 0.03549
v 0.01420 0.01555 0.03549
v 0.01494 0.01481 0.03549
v 0.00020 -0.00083 0.03612
v 0.00658 0.00555 0.03587
v 0.00521 0.00419 0.03932
v 0.00422 0.00319 0.03934
v 0.00322 0.00219 0.03929
v 0.00222 0.00120 0.03917
v 0.00122 0.00020 0.03911
v 0.00022 -0.00080 0.03931
v -0.00101 0.00034 0.03549
v 0.00502 0.00637 0.03549
v 0.00577 0.00564 0.03549
v -0.00026 -0.00039 0.03549
v -0.00141 0.00083 0.03931
v -0.00041 0.00183 0.03931
v 0.00059 0.00283 0.03914
v 0.00158 0.00383 0.03918
v 0.00258 0.00483 0.03929
v 0.00358 0.00582 0.03930
v 0.00493 0.00718 0.03587
v -0.00146 0.00079 0.03612
v 0.01180 -0.01071 0.03549
v 0.01106 -0.01146 0.03549
v 0.00518 -0.00557 0.03549
v 0.00590 -0.00481 0.03549
v 0.01106 -0.01235 0.03549
v 0.01331 -0.01460 0.03549
v 0.00499 -0.00628 0.03601
v 0.00039 0.00159 0.03612
v -0.00557 0.00755 0.03589
v -0.00377 0.00575 0.03908
v -0.00277 0.00475 0.03905
v -0.00177 0.00375 0.03935
v -0.00077 0.00275 0.03936
v 0.00022 0.00176 0.03931
v -0.00777 -0.00879 0.04132
v -0.00940 -0.00716 0.04132
v -0.00677 -0.00779 0.04105
v -0.00840 -0.00616 0.04105
v -0.00577 -0.00680 0.04039
v -0.00740 -0.00516 0.04058
v -0.00477 -0.00580 0.04008
v -0.00641 -0.00416 0.04019
v -0.00377 -0.00480 0.03995
v -0.00541 -0.00316 0.03968
v -0.00277 -0.00380 0.03971
v -0.00441 -0.00216 0.03945
v -0.00177 -0.00280 0.03948
v -0.00341 -0.00116 0.03928
v -0.00077 -0.00180 0.03936
v -0.00241 -0.00017 0.03917
v 0.00821 -0.00623 0.04054
v 0.00657 -0.00786 0.04109
v 0.00721 -0.00523 0.04043
v 0.00557 -0.00686 0.04043
v 0.00621 -0.00423 0.04004
v 0.00458 -0.00587 0.04010
v 0.00521 -0.00323 0.03996
v 0.00358 -0.00487 0.03989
v 0.00422 -0.00224 0.03973
v 0.00258 -0.00387 0.03973
v 0.00322 -0.00124 0.03929
v 0.00158 -0.00287 0.03955
v 0.00222 -0.00024 0.03917
v 0.00059 -0.00188 0.03937
v 0.00122 0.00076 0.03911
v -0.00041 -0.00088 0.03931
v -0.00141 0.00012 0.03931
v -0.00241 0.00112 0.03917
v -0.00341 0.00212 0.03928
v -0.00441 0.00312 0.03918
v -0.00541 0.00412 0.03910
v -0.00562 -0.00664 0.03599
v -0.00579 -0.00592 0.03549
v -0.00654 -0.00519 0.03549
v -0.00727 -0.00502 0.03599
v -0.00717 0.00588 0.03589
v -0.00118 -0.00011 0.03612
v 0.00659 -0.00461 0.03601
v -0.00071 0.00031 0.03549
v -0.00639 0.00599 0.03549
v -0.00566 0.00675 0.03549
v 0.00000 0.00109 0.03549
v -0.01132 0.01330 0.03549
v -0.01357 0.01555 0.03549
v -0.01521 0.01392 0.03549
v -0.01296 0.01167 0.03549
v -0.01206 0.01167 0.03549
v -0.01132 0.01241 0.03549
v 0.01494 -0.01296 0.03549
v 0.01269 -0.01071 0.03549
v 0.01269 0.01167 0.03549
v 0.01494 0.01392 0.03549
v 0.01106 0.01241 0.03549
v 0.01180 0.01167 0.03549
v 0.01331 0.01555 0.03549
v 0.01106 0.01330 0.03549
v 0.02300 -0.02159 0.00031
v 0.01402 -0.01474 0.03549
v -0.01535 -0.01368 0.03549
v -0.02220 -0.02265 0.00031
v -0.02238 -0.02251 0.00031
v -0.01909 -0.02008 0.00031
v -0.01924 -0.02026 0.00031
v -0.02016 -0.01848 0.00031
v -0.01998 -0.01863 0.00031
v 0.02193 0.02361 0.00031
v 0.01508 0.01463 0.03549
v -0.02326 0.02254 0.00031
v -0.01429 0.01569 0.03549
v 0.01508 -0.01368 0.03549
v 0.01414 -0.01486 0.03497
v 0.01432 -0.01471 0.03497
v 0.01092 -0.01217 0.03549
v 0.01103 -0.01229 0.03497
v 0.01118 -0.01247 0.03497
v 0.01198 -0.01057 0.03549
v 0.01209 -0.01069 0.03497
v 0.01192 -0.01083 0.03497
v -0.01535 0.01463 0.03549
v -0.01440 0.01581 0.03497
v -0.01458 0.01567 0.03497
v -0.01118 0.01313 0.03549
v -0.01130 0.01324 0.03497
v -0.01144 0.01342 0.03497
v -0.01224 0.01153 0.03549
v -0.01236 0.01164 0.03497
v -0.01218 0.01178 0.03497
v -0.01546 -0.01379 0.03497
v -0.01429 -0.01474 0.03549
v 0.01402 0.01569 0.03549
v 0.01520 0.01475 0.03497
v 0.01506 0.01493 0.03497
v 0.01252 0.01153 0.03549
v 0.01263 0.01164 0.03497
v 0.01281 0.01178 0.03497
v 0.01092 0.01259 0.03549
v 0.01103 0.01270 0.03497
v 0.01118 0.01253 0.03497
v -0.01118 -0.01217 0.03549
v -0.00554 -0.00653 0.03581
v -0.01224 -0.01057 0.03549
v -0.00671 -0.00504 0.03551
v 0.01252 -0.01057 0.03549
v 0.00648 -0.00454 0.03582
v 0.01092 -0.01163 0.03549
v 0.00503 -0.00575 0.03551
v 0.00018 -0.00081 0.03589
v 0.00643 0.00544 0.03573
v -0.00118 0.00050 0.03551
v 0.00488 0.00655 0.03550
v 0.00039 0.00156 0.03589
v -0.00546 0.00741 0.03575
v -0.00086 0.00015 0.03551
v -0.00656 0.00584 0.03550
v 0.02307 -0.02141 0.00031
v 0.02307 -0.02123 0.00031
v 0.02300 -0.02105 0.00031
v 0.01384 -0.01481 0.03549
v 0.01366 -0.01481 0.03549
v 0.01348 -0.01474 0.03549
v -0.01542 -0.01350 0.03549
v -0.01542 -0.01332 0.03549
v -0.01535 -0.01314 0.03549
v -0.02202 -0.02272 0.00031
v -0.02184 -0.02272 0.00031
v -0.02166 -0.02265 0.00031
v -0.02148 -0.02251 0.00031
v -0.01902 -0.01990 0.00031
v -0.01902 -0.01972 0.00031
v -0.01909 -0.01955 0.00031
v -0.01924 -0.01937 0.00031
v -0.02033 -0.01841 0.00031
v -0.02051 -0.01841 0.00031
v -0.02069 -0.01848 0.00031
v -0.02087 -0.01863 0.00031
v 0.02175 0.02368 0.00031
v 0.02158 0.02368 0.00031
v 0.02140 0.02361 0.00031
v 0.01516 0.01445 0.03549
v 0.01516 0.01427 0.03549
v 0.01508 0.01409 0.03549
v -0.02333 0.02236 0.00031
v -0.02333 0.02218 0.00031
v -0.02326 0.02201 0.00031
v -0.01411 0.01576 0.03549
v -0.01393 0.01576 0.03549
v -0.01375 0.01569 0.03549
v 0.01516 -0.01350 0.03549
v 0.01516 -0.01332 0.03549
v 0.01508 -0.01314 0.03549
v 0.01396 -0.01493 0.03497
v 0.01378 -0.01493 0.03497
v 0.01360 -0.01486 0.03497
v 0.01342 -0.01471 0.03497
v 0.01084 -0.01199 0.03549
v 0.01096 -0.01211 0.03497
v 0.01084 -0.01181 0.03549
v 0.01096 -0.01193 0.03497
v 0.01103 -0.01175 0.03497
v 0.01118 -0.01157 0.03497
v 0.01216 -0.01050 0.03549
v 0.01227 -0.01062 0.03497
v 0.01234 -0.01050 0.03549
v 0.01245 -0.01062 0.03497
v 0.01263 -0.01069 0.03497
v 0.01281 -0.01083 0.03497
v -0.01542 0.01445 0.03549
v -0.01542 0.01427 0.03549
v -0.01535 0.01409 0.03549
v -0.01422 0.01588 0.03497
v -0.01404 0.01588 0.03497
v -0.01387 0.01581 0.03497
v -0.01369 0.01567 0.03497
v -0.01111 0.01295 0.03549
v -0.01123 0.01306 0.03497
v -0.01111 0.01277 0.03549
v -0.01123 0.01288 0.03497
v -0.01118 0.01259 0.03549
v -0.01130 0.01270 0.03497
v -0.01144 0.01253 0.03497
v -0.01242 0.01145 0.03549
v -0.01254 0.01157 0.03497
v -0.01260 0.01145 0.03549
v -0.01272 0.01157 0.03497
v -0.01278 0.01153 0.03549
v -0.01290 0.01164 0.03497
v -0.01308 0.01178 0.03497
v -0.01554 -0.01361 0.03497
v -0.01554 -0.01343 0.03497
v -0.01546 -0.01326 0.03497
v -0.01411 -0.01481 0.03549
v -0.01393 -0.01481 0.03549
v -0.01375 -0.01474 0.03549
v 0.01384 0.01576 0.03549
v 0.01366 0.01576 0.03549
v 0.01348 0.01569 0.03549
v 0.01527 0.01457 0.03497
v 0.01527 0.01439 0.03497
v 0.01520 0.01421 0.03497
v 0.01506 0.01403 0.03497
v 0.01234 0.01145 0.03549
v 0.01245 0.01157 0.03497
v 0.01216 0.01145 0.03549
v 0.01227 0.01157 0.03497
v 0.01198 0.01153 0.03549
v 0.01209 0.01164 0.03497
v 0.01192 0.01178 0.03497
v 0.01084 0.01277 0.03549
v 0.01096 0.01288 0.03497
v 0.01084 0.01295 0.03549
v 0.01096 0.01306 0.03497
v 0.01092 0.01313 0.03549
v 0.01103 0.01324 0.03497
v 0.01118 0.01342 0.03497
v -0.01111 -0.01199 0.03549
v -0.00551 -0.00640 0.03567
v -0.01111 -0.01181 0.03549
v -0.00555 -0.00625 0.03557
v -0.01118 -0.01163 0.03549
v -0.00564 -0.00609 0.03551
v -0.01242 -0.01050 0.03549
v -0.00687 -0.00495 0.03557
v -0.01260 -0.01050 0.03549
v -0.00702 -0.00492 0.03567
v -0.01278 -0.01057 0.03549
v -0.00715 -0.00494 0.03581
v 0.00636 -0.00452 0.03568
v 0.00622 -0.00456 0.03557
v 0.00607 -0.00466 0.03551
v 0.00494 -0.00590 0.03557
v 0.00490 -0.00605 0.03568
v 0.00492 -0.00617 0.03582
v 0.00012 -0.00076 0.03572
v 0.00628 0.00539 0.03563
v 0.00003 -0.00067 0.03559
v 0.00612 0.00541 0.03555
v -0.00010 -0.00055 0.03551
v 0.00595 0.00549 0.03550
v -0.00130 0.00062 0.03559
v 0.00479 0.00671 0.03555
v -0.00139 0.00071 0.03572
v 0.00477 0.00688 0.03562
v -0.00144 0.00077 0.03589
v 0.00482 0.00703 0.03573
v 0.00035 0.00149 0.03572
v -0.00542 0.00726 0.03563
v 0.00027 0.00139 0.03559
v -0.00544 0.00710 0.03555
v 0.00015 0.00126 0.03551
v -0.00552 0.00693 0.03550
v -0.00099 0.00002 0.03559
v -0.00672 0.00575 0.03555
v -0.00108 -0.00006 0.03572
v -0.00688 0.00573 0.03563
v -0.00115 -0.00011 0.03589
v -0.00703 0.00577 0.03575
v 0.02044 -0.01935 0.01104
v 0.01970 -0.02009 0.01104
v 0.01880 -0.02009 0.01104
v 0.01656 -0.01785 0.01104
v 0.01656 -0.01695 0.01104
v 0.01730 -0.01621 0.01104
v 0.01819 -0.01621 0.01104
v 0.02044 -0.01846 0.01104
v 0.01970 0.02105 0.01104
v 0.02044 0.02031 0.01104
v 0.02044 0.01941 0.01104
v 0.01819 0.01717 0.01104
v 0.01730 0.01717 0.01104
v 0.01656 0.01791 0.01104
v 0.01656 0.01880 0.01104
v 0.01880 0.02105 0.01104
v -0.02070 0.02031 0.01104
v -0.01996 0.02105 0.01104
v -0.01907 0.02105 0.01104
v -0.01682 0.01880 0.01104
v -0.01682 0.01791 0.01104
v -0.01756 0.01717 0.01104
v -0.01846 0.01717 0.01104
v -0.02070 0.01941 0.01104
v -0.02312 -0.02177 0.00031
v -0.02312 -0.02087 0.00031
v 0.02058 -0.01918 0.01104
v -0.01978 -0.02024 0.01104
v -0.01996 -0.02010 0.01104
v -0.01668 -0.01767 0.01104
v -0.01682 -0.01785 0.01104
v -0.01774 -0.01607 0.01104
v -0.01756 -0.01621 0.01104
v 0.01952 0.02119 0.01104
v -0.02085 0.02013 0.01104
v 0.02193 -0.02265 0.00031
v 0.01883 -0.02008 0.00031
v 0.01989 -0.01848 0.00031
v -0.02220 0.02361 0.00031
v -0.01909 0.02104 0.00031
v -0.02016 0.01944 0.00031
v -0.02326 -0.02159 0.00031
v 0.02300 0.02254 0.00031
v 0.02043 0.01944 0.00031
v 0.01883 0.02050 0.00031
v 0.02065 -0.01900 0.01104
v 0.02065 -0.01882 0.01104
v 0.02058 -0.01864 0.01104
v -0.01961 -0.02031 0.01104
v -0.01943 -0.02031 0.01104
v -0.01925 -0.02024 0.01104
v -0.01907 -0.02010 0.01104
v -0.01661 -0.01749 0.01104
v -0.01661 -0.01731 0.01104
v -0.01668 -0.01713 0.01104
v -0.01682 -0.01695 0.01104
v -0.01792 -0.01600 0.01104
v -0.01810 -0.01600 0.01104
v -0.01828 -0.01607 0.01104
v -0.01846 -0.01621 0.01104
v 0.01934 0.02126 0.01104
v 0.01916 0.02126 0.01104
v 0.01898 0.02119 0.01104
v -0.02092 0.01995 0.01104
v -0.02092 0.01977 0.01104
v -0.02085 0.01959 0.01104
v 0.02175 -0.02272 0.00031
v 0.02158 -0.02272 0.00031
v 0.02140 -0.02265 0.00031
v 0.01876 -0.01990 0.00031
v 0.01876 -0.01973 0.00031
v 0.01883 -0.01955 0.00031
v 0.02007 -0.01841 0.00031
v 0.02025 -0.01841 0.00031
v 0.02043 -0.01848 0.00031
v -0.02202 0.02368 0.00031
v -0.02184 0.02368 0.00031
v -0.02166 0.02361 0.00031
v -0.01902 0.02086 0.00031
v -0.01902 0.02068 0.00031
v -0.01909 0.02050 0.00031
v -0.02033 0.01937 0.00031
v -0.02051 0.01937 0.00031
v -0.02069 0.01944 0.00031
v -0.02333 -0.02141 0.00031
v -0.02333 -0.02123 0.00031
v -0.02326 -0.02105 0.00031
v 0.02307 0.02236 0.00031
v 0.02307 0.02218 0.00031
v 0.02300 0.02201 0.00031
v 0.02025 0.01937 0.00031
v 0.02007 0.01937 0.00031
v 0.01989 0.01944 0.00031
v 0.01876 0.02068 0.00031
v 0.01876 0.02086 0.00031
v 0.01883 0.02104 0.00031
v -0.02070 -0.01935 0.01104
v -0.02070 -0.01846 0.01104
v 0.01952 -0.02024 0.01104
v 0.01642 -0.01767 0.01104
v 0.01748 -0.01607 0.01104
v -0.01978 0.02119 0.01104
v -0.01668 0.01862 0.01104
v -0.01774 0.01702 0.01104
v -0.02085 -0.01918 0.01104
v 0.02058 0.02013 0.01104
v 0.01801 0.01702 0.01104
v 0.01642 0.01809 0.01104
v 0.01934 -0.02031 0.01104
v 0.01916 -0.02031 0.01104
v 0.01898 -0.02024 0.01104
v 0.01634 -0.01749 0.01104
v 0.01634 -0.01731 0.01104
v 0.01642 -0.01713 0.01104
v 0.01766 -0.01600 0.01104
v 0.01784 -0.01600 0.01104
v 0.01801 -0.01607 0.01104
v -0.01961 0.02126 0.01104
v -0.01943 0.02126 0.01104
v -0.01925 0.02119 0.01104
v -0.01661 0.01845 0.01104
v -0.01661 0.01827 0.01104
v -0.01668 0.01809 0.01104
v -0.01792 0.01695 0.01104
v -0.01810 0.01695 0.01104
v -0.01828 0.01702 0.01104
v -0.02092 -0.01900 0.01104
v -0.02092 -0.01882 0.01104
v -0.02085 -0.01864 0.01104
v 0.02065 0.01995 0.01104
v 0.02065 0.01977 0.01104
v 0.02058 0.01959 0.01104
v 0.01784 0.01695 0.01104
v 0.01766 0.01695 0.01104
v 0.01748 0.01702 0.01104
v 0.01634 0.01827 0.01104
v 0.01634 0.01845 0.01104
v 0.01642 0.01862 0.01104
v 0.01778 -0.01669 0.02287
v 0.01704 -0.01743 0.02287
v 0.01614 -0.01743 0.02287
v 0.01390 -0.01519 0.02287
v 0.01390 -0.01429 0.02287
v 0.01464 -0.01355 0.02287
v 0.01553 -0.01355 0.02287
v 0.01778 -0.01580 0.02287
v 0.01704 0.01839 0.02287
v 0.01778 0.01765 0.02287
v 0.01778 0.01675 0.02287
v 0.01553 0.01451 0.02287
v 0.01464 0.01451 0.02287
v 0.01390 0.01525 0.02287
v 0.01390 0.01614 0.02287
v 0.01614 0.01839 0.02287
v -0.01804 0.01765 0.02287
v -0.01730 0.01839 0.02287
v -0.01641 0.01839 0.02287
v -0.01416 0.01614 0.02287
v -0.01416 0.01525 0.02287
v -0.01490 0.01451 0.02287
v -0.01580 0.01451 0.02287
v -0.01804 0.01675 0.02287
v 0.01792 -0.01651 0.02287
v -0.01712 -0.01758 0.02287
v -0.01730 -0.01743 0.02287
v -0.01402 -0.01501 0.02287
v -0.01416 -0.01519 0.02287
v -0.01508 -0.01341 0.02287
v -0.01490 -0.01355 0.02287
v 0.01686 0.01853 0.02287
v -0.01819 0.01747 0.02287
v 0.01799 -0.01634 0.02287
v 0.01799 -0.01616 0.02287
v 0.01792 -0.01598 0.02287
v -0.01695 -0.01765 0.02287
v -0.01677 -0.01765 0.02287
v -0.01659 -0.01758 0.02287
v -0.01641 -0.01743 0.02287
v -0.01395 -0.01483 0.02287
v -0.01395 -0.01465 0.02287
v -0.01402 -0.01447 0.02287
v -0.01416 -0.01429 0.02287
v -0.01526 -0.01334 0.02287
v -0.01544 -0.01334 0.02287
v -0.01562 -0.01341 0.02287
v -0.01580 -0.01355 0.02287
v 0.01668 0.01860 0.02287
v 0.01650 0.01860 0.02287
v 0.01632 0.01853 0.02287
v -0.01826 0.01729 0.02287
v -0.01826 0.01711 0.02287
v -0.01819 0.01693 0.02287
v -0.01804 -0.01669 0.02287
v -0.01804 -0.01580 0.02287
v 0.01686 -0.01758 0.02287
v 0.01375 -0.01501 0.02287
v 0.01482 -0.01341 0.02287
v -0.01712 0.01853 0.02287
v -0.01402 0.01596 0.02287
v -0.01508 0.01436 0.02287
v -0.01819 -0.01651 0.02287
v 0.01792 0.01747 0.02287
v 0.01535 0.01436 0.02287
v 0.01375 0.01543 0.02287
v 0.01668 -0.01765 0.02287
v 0.01650 -0.01765 0.02287
v 0.01632 -0.01758 0.02287
v 0.01368 -0.01483 0.02287
v 0.01368 -0.01465 0.02287
v 0.01375 -0.01447 0.02287
v 0.01500 -0.01334 0.02287
v 0.01518 -0.01334 0.02287
v 0.01535 -0.01341 0.02287
v -0.01695 0.01860 0.02287
v -0.01677 0.01860 0.02287
v -0.01659 0.01853 0.02287
v -0.01395 0.01578 0.02287
v -0.01395 0.01561 0.02287
v -0.01402 0.01543 0.02287
v -0.01526 0.01429 0.02287
v -0.01544 0.01429 0.02287
v -0.01562 0.01436 0.02287
v -0.01826 -0.01634 0.02287
v -0.01826 -0.01616 0.02287
v -0.01819 -0.01598 0.02287
v 0.01799 0.01729 0.02287
v 0.01799 0.01711 0.02287
v 0.01792 0.01693 0.02287
v 0.01518 0.01429 0.02287
v 0.01500 0.01429 0.02287
v 0.01482 0.01436 0.02287
v 0.01368 0.01561 0.02287
v 0.01368 0.01578 0.02287
v 0.01375 0.01596 0.02287
v 0.01506 -0.01397 0.03497
v 0.01506 -0.01308 0.03497
v 0.01432 0.01567 0.03497
v 0.01342 0.01567 0.03497
v -0.01532 0.01493 0.03497
v -0.01532 0.01403 0.03497
v 0.01520 -0.01379 0.03497
v -0.01440 -0.01485 0.03497
v -0.01130 -0.01229 0.03497
v -0.01236 -0.01069 0.03497
v 0.01414 0.01581 0.03497
v -0.01546 0.01475 0.03497
v 0.01527 -0.01361 0.03497
v 0.01527 -0.01343 0.03497
v 0.01520 -0.01326 0.03497
v -0.01422 -0.01493 0.03497
v -0.01404 -0.01493 0.03497
v -0.01387 -0.01485 0.03497
v -0.01123 -0.01211 0.03497
v -0.01123 -0.01193 0.03497
v -0.01130 -0.01175 0.03497
v -0.01254 -0.01062 0.03497
v -0.01272 -0.01062 0.03497
v -0.01290 -0.01069 0.03497
v 0.01396 0.01588 0.03497
v 0.01378 0.01588 0.03497
v 0.01360 0.01581 0.03497
v -0.01554 0.01457 0.03497
v -0.01554 0.01439 0.03497
v -0.01546 0.01421 0.03497
# 758 verticies
vt 3.06550 -0.22800
vt 3.06800 -0.19400
vt 2.76600 -0.19500
vt 2.76350 -0.22900
vt 3.44000 -0.01450
vt 3.43800 0.01950
vt 3.13550 0.02050
vt 3.13800 -0.01350
vt 3.51400 -0.04350
vt 3.51050 -0.00950
vt 2.65150 -0.16300
vt 2.65500 -0.19700
vt 3.44000 3.20150
vt 3.52950 3.05750
vt 3.49900 3.12900
vt 3.53150 2.98700
vt 3.13800 3.50300
vt 3.50550 2.91700
vt 3.45100 2.84850
vt 3.06550 3.56150
vt 2.59050 1.98950
vt 2.99400 3.59200
vt 2.92350 3.59400
vt 2.85350 3.56800
vt 2.78450 3.51400
vt 1.92350 2.65500
vt 2.52150 1.93500
vt 2.45150 1.90900
vt 2.38100 1.91150
vt 2.30900 1.94200
vt 2.23650 2.00050
vt 1.86900 2.58600
vt 1.93450 2.30200
vt 1.84300 2.51650
vt 1.84550 2.44550
vt 1.87600 2.37450
vt 3.32800 1.49600
vt 3.95300 1.22300
vt 3.50400 1.67200
vt 3.96800 1.20400
vt 3.97550 1.18500
vt 3.97500 1.16600
vt 3.96750 1.14700
vt 3.95200 1.12800
vt 3.87200 1.04800
vt 3.77700 1.04700
vt 3.85300 1.03250
vt 3.83400 1.02500
vt 3.81500 1.02450
vt 3.79600 1.03200
vt 1.39550 1.57150
vt 1.04700 1.22300
vt 1.57150 1.39550
vt 1.03200 1.20400
vt 1.02450 1.18500
vt 1.02500 1.16600
vt 1.03250 1.14700
vt 1.04800 1.12800
vt 1.12800 1.04800
vt 1.22300 1.04700
vt 1.14700 1.03250
vt 1.16600 1.02500
vt 1.18500 1.02450
vt 1.20400 1.03200
vt 2.90750 1.86300
vt 2.81800 1.81050
vt 2.86250 1.82800
vt 2.77400 1.81050
vt 3.09600 2.04550
vt 2.73050 1.82800
vt 2.68800 1.86350
vt 3.13300 2.08950
vt 2.15500 2.41600
vt 3.15200 2.13350
vt 3.15350 2.17750
vt 3.13750 2.22150
vt 3.10400 2.26550
vt 2.57150 2.81750
vt 2.12150 2.45950
vt 2.10550 2.50350
vt 2.10700 2.54750
vt 2.12650 2.59150
vt 2.16300 2.63550
vt 2.52850 2.85300
vt 2.35150 2.81800
vt 2.48500 2.87050
vt 2.44150 2.87050
vt 2.39650 2.85300
vt 2.13400 -0.22950
vt 2.13300 -0.19550
vt 1.83000 -0.19200
vt 1.83100 -0.22600
vt 3.40100 1.78000
vt 3.43150 1.85150
vt 3.34200 1.70800
vt 3.43400 1.92150
vt 3.03900 1.40750
vt 3.40750 1.99100
vt 3.35300 2.06000
vt 2.96650 1.34900
vt 2.48900 2.91600
vt 2.89450 1.31900
vt 2.82350 1.31650
vt 2.75350 1.34250
vt 2.68450 1.39650
vt 1.82050 2.25300
vt 2.42000 2.97000
vt 2.34950 2.99600
vt 2.27850 2.99400
vt 2.20700 2.96350
vt 2.13400 2.90500
vt 1.76550 2.32150
vt 1.83100 2.60500
vt 1.73950 2.39100
vt 1.74150 2.46150
vt 1.77200 2.53250
vt 3.97650 3.81600
vt 3.95600 3.78000
vt 3.97000 3.79800
vt 3.61100 3.43550
vt 3.97550 3.83450
vt 3.96750 3.85300
vt 3.95200 3.87200
vt 3.87200 3.95200
vt 3.85300 3.96750
vt 3.83450 3.97550
vt 3.81600 3.97650
vt 3.79800 3.97000
vt 3.78000 3.95600
vt 3.43550 3.61100
vt 3.03200 -0.22850
vt 3.03500 -0.19450
vt 2.73300 -0.19450
vt 2.73050 -0.22850
vt 3.47200 -0.01400
vt 3.46900 0.02000
vt 3.16700 0.02000
vt 3.17000 -0.01400
vt 2.65800 3.09100
vt 2.58650 3.12150
vt 2.73050 3.03200
vt 2.51600 3.12350
vt 3.03200 2.73050
vt 2.44600 3.09750
vt 2.37700 3.04300
vt 3.09100 2.65800
vt 1.51700 2.18300
vt 3.12150 2.58650
vt 3.12350 2.51550
vt 3.09750 2.44600
vt 3.04300 2.37700
vt 2.18350 1.51700
vt 1.46300 2.11450
vt 1.43700 2.04450
vt 1.43900 1.97400
vt 1.46950 1.90250
vt 1.52800 1.83000
vt 2.11450 1.46300
vt 1.83000 1.52800
vt 2.04450 1.43650
vt 1.97400 1.43900
vt 1.90250 1.46950
vt 1.03000 3.79800
vt 1.04400 3.78000
vt 1.02350 3.81600
vt 1.39550 3.42850
vt 1.02450 3.83450
vt 1.03250 3.85300
vt 1.04800 3.87200
vt 1.12800 3.95200
vt 1.57150 3.60450
vt 1.14700 3.96750
vt 1.16550 3.97550
vt 1.18400 3.97650
vt 1.20200 3.97000
vt 1.22000 3.95600
vt 1.67900 1.50300
vt 1.50300 1.67900
vt 0.96250 3.61700
vt 1.12800 3.47100
vt 1.39950 3.71000
vt 1.23350 3.85650
vt 1.29400 3.32450
vt 1.56500 3.56400
vt 1.45950 3.17850
vt 1.73100 3.41800
vt 1.62550 3.03250
vt 1.89650 3.27150
vt 1.79100 2.88600
vt 2.06200 3.12550
vt 1.95650 2.74000
vt 2.22800 2.97950
vt 2.12250 2.59400
vt 2.39350 2.83300
vt 2.28800 2.44800
vt 2.55900 2.68700
vt 2.45350 2.30200
vt 2.72450 2.54100
vt 2.61900 2.15600
vt 2.89050 2.39500
vt 2.78450 2.00950
vt 3.05600 2.24900
vt 2.95000 1.86350
vt 3.22150 2.10300
vt 3.11550 1.71750
vt 3.38700 1.95700
vt 3.94300 0.98800
vt 4.21400 1.22750
vt 1.22250 1.13400
vt 1.38800 1.28000
vt 1.11700 1.51900
vt 0.95150 1.37300
vt 1.55350 1.42600
vt 1.28250 1.66500
vt 1.71900 1.57200
vt 1.44800 1.81100
vt 1.88450 1.71750
vt 1.61300 1.95700
vt 2.05000 1.86350
vt 1.77850 2.10300
vt 2.21550 2.00950
vt 1.94450 2.24900
vt 2.38100 2.15600
vt 2.11000 2.39500
vt 2.54650 2.30200
vt 2.27550 2.54100
vt 2.71200 2.44800
vt 2.44100 2.68700
vt 2.87800 2.59400
vt 2.60650 2.83300
vt 3.04350 2.74000
vt 2.77200 2.97950
vt 3.20900 2.88600
vt 2.93800 3.12550
vt 3.37500 3.03250
vt 3.10350 3.27150
vt 4.20350 3.76350
vt 3.93250 4.00250
vt 2.30200 -0.22800
vt 2.37450 -0.22650
vt 2.37100 -0.19250
vt 2.29850 -0.19400
vt 3.87200 5.00000
vt 3.85300 4.99950
vt 4.02200 4.14800
vt 4.04100 4.14800
vt 3.87200 4.96650
vt 3.85300 4.96600
vt 2.09250 -2.28750
vt 2.13750 -2.28550
vt 2.13950 -2.22550
vt 2.09400 -2.22750
vt 2.41600 -2.03850
vt 2.45950 -2.02350
vt 2.46200 -1.96350
vt 2.41800 -1.97850
vt 2.35150 -1.99850
vt 2.39650 -2.00050
vt 2.39500 -1.94050
vt 2.35000 -1.93850
vt 2.20700 -0.22900
vt 2.20550 -0.19500
vt 3.87200 4.90700
vt 3.85300 4.90600
vt 2.26950 -0.22850
vt 2.34200 -0.22750
vt 2.33900 -0.19350
vt 2.26700 -0.19450
vt 0.95900 4.14800
vt 0.97800 4.14800
vt 1.14700 4.99950
vt 1.12800 5.00000
vt 3.13800 5.01350
vt 3.06550 5.01450
vt 3.06000 4.93800
vt 3.13250 4.93700
vt 2.65500 5.19700
vt 2.58600 5.20800
vt 2.57850 5.13150
vt 2.64750 5.12050
vt 2.76350 5.22900
vt 2.69100 5.22800
vt 2.69650 5.15150
vt 2.76900 5.15250
vt 1.14700 4.90600
vt 1.12800 4.90700
vt 3.17000 5.01400
vt 3.09750 5.01500
vt 3.09100 4.93900
vt 3.16350 4.93750
vt 2.62300 5.19800
vt 2.55400 5.20900
vt 2.54750 5.13250
vt 2.61650 5.12150
vt 2.73050 5.22850
vt 2.65800 5.22750
vt 2.66450 5.15100
vt 2.73700 5.15200
vt 2.63550 6.99750
vt 2.59150 6.99900
vt 2.59600 6.86400
vt 2.64000 6.86250
vt 1.14700 4.96600
vt 1.12800 4.96650
vt 3.29200 5.01550
vt 3.22000 5.01750
vt 3.21000 4.94100
vt 3.28200 4.93900
vt 2.48900 5.20100
vt 2.42000 5.21200
vt 2.41700 5.13550
vt 2.48650 5.12450
vt 2.60500 5.22600
vt 2.53250 5.22400
vt 2.54250 5.14750
vt 2.61500 5.14950
vt 1.77850 4.13750
vt 1.77850 4.11650
vt 1.84300 3.29050
vt 1.87900 3.30250
vt 4.35600 4.24600
vt 4.33250 4.27200
vt 3.41500 3.46250
vt 3.43950 3.43750
vt 3.22150 0.62350
vt 3.22150 0.64950
vt 3.15450 1.53200
vt 3.11650 1.51600
vt 4.47900 0.86250
vt 4.50850 0.88350
vt 3.53200 1.74500
vt 3.50300 1.72350
vt 1.90650 2.45150
vt 1.86050 2.45450
vt 1.82750 1.53950
vt 1.85500 1.51800
vt 2.52300 2.62900
vt 2.49700 2.65250
vt 1.49300 1.76750
vt 1.52200 1.74550
vt 3.09400 2.42300
vt 3.14000 2.42400
vt 3.16900 3.28000
vt 3.13950 3.29550
vt 2.52750 2.58400
vt 2.55500 2.60700
vt 1.61050 3.44000
vt 1.58550 3.41500
vt 3.22150 4.11650
vt 3.22150 4.13750
vt 0.66750 4.27200
vt 0.64350 4.24600
vt 1.77850 0.64950
vt 1.77850 0.62350
vt 0.49100 0.88350
vt 0.52100 0.86250
vt 2.44550 -0.22300
vt 2.44250 -0.18900
vt 2.51650 -0.21650
vt 2.51300 -0.18250
vt 2.58600 -0.20800
vt 2.58300 -0.17400
vt 3.83400 4.99750
vt 4.00250 4.14800
vt 3.81500 4.99400
vt 3.98350 4.14800
vt 3.79600 4.98950
vt 3.96400 4.14800
vt 3.77700 4.98400
vt 3.94500 4.14800
vt 3.83400 4.96400
vt 3.81500 4.96100
vt 3.79600 4.95700
vt 3.77700 4.95150
vt 2.18200 -2.28050
vt 2.18400 -2.22050
vt 2.22600 -2.27250
vt 2.22800 -2.21200
vt 2.26950 -2.26050
vt 2.27100 -2.20050
vt 2.31200 -2.24550
vt 2.31400 -2.18550
vt 2.50350 -2.01200
vt 2.50600 -1.95200
vt 2.54750 -2.00400
vt 2.55000 -1.94400
vt 2.59150 -1.99900
vt 2.59350 -1.93900
vt 2.63550 -1.99750
vt 2.63750 -1.93750
vt 2.44150 -2.00550
vt 2.43950 -1.94550
vt 2.48500 -2.01400
vt 2.48350 -1.95400
vt 2.52850 -2.02550
vt 2.52700 -1.96550
vt 2.57150 -2.04050
vt 2.56950 -1.98050
vt 2.27850 -0.22600
vt 2.27750 -0.19200
vt 2.34950 -0.22000
vt 2.34850 -0.18600
vt 2.42000 -0.21200
vt 2.41850 -0.17800
vt 2.48900 -0.20100
vt 2.48800 -0.16700
vt 3.83450 4.90200
vt 3.81600 4.89600
vt 3.79800 4.88800
vt 3.78000 4.87700
vt 2.41350 -0.22350
vt 2.41100 -0.18950
vt 2.48450 -0.21750
vt 2.48150 -0.18350
vt 2.55400 -0.20900
vt 2.55100 -0.17500
vt 2.62300 -0.19800
vt 2.62000 -0.16400
vt 3.79800 4.88750
vt 0.99750 4.14800
vt 1.16600 4.99750
vt 1.01650 4.14800
vt 1.18500 4.99400
vt 1.03600 4.14800
vt 1.20400 4.98950
vt 1.05500 4.14800
vt 1.22300 4.98400
vt 2.99400 5.01800
vt 2.98850 4.94150
vt 2.92350 5.02400
vt 2.91800 4.94750
vt 2.85350 5.03250
vt 2.84800 4.95600
vt 2.78450 5.04350
vt 2.77900 4.96700
vt 2.51650 5.21650
vt 2.50900 5.14050
vt 2.44550 5.22300
vt 2.43850 5.14650
vt 2.37450 5.22650
vt 2.36700 5.15050
vt 2.30200 5.22800
vt 2.29450 5.15150
vt 2.61900 5.22450
vt 2.62450 5.14800
vt 2.54850 5.21850
vt 2.55400 5.14200
vt 2.47850 5.21000
vt 2.48400 5.13350
vt 2.40950 5.19900
vt 2.41500 5.12250
vt 1.16550 4.90200
vt 1.18400 4.89600
vt 1.20200 4.88750
vt 1.22000 4.87700
vt 3.02600 5.01900
vt 3.01950 4.94250
vt 2.95550 5.02500
vt 2.94900 4.94850
vt 2.88550 5.03350
vt 2.87900 4.95700
vt 2.81650 5.04450
vt 2.81050 4.96800
vt 2.48450 5.21750
vt 2.47800 5.14100
vt 2.41350 5.22350
vt 2.40700 5.14750
vt 2.34200 5.22750
vt 2.33550 5.15100
vt 2.26950 5.22850
vt 2.26350 5.15200
vt 2.58650 5.22350
vt 2.59300 5.14750
vt 2.51600 5.21750
vt 2.52200 5.14100
vt 2.44600 5.20900
vt 2.45250 5.13250
vt 2.37700 5.19800
vt 2.38350 5.12150
vt 2.54750 7.00400
vt 2.55250 6.86900
vt 2.50350 7.01200
vt 2.50850 6.87700
vt 2.45950 7.02350
vt 2.46450 6.88850
vt 2.41550 7.03850
vt 2.42050 6.90350
vt 1.16600 4.96400
vt 1.18500 4.96100
vt 1.20400 4.95700
vt 1.22300 4.95150
vt 1.20200 4.88800
vt 3.14850 5.02150
vt 3.13850 4.94550
vt 3.07800 5.02800
vt 3.06800 4.95200
vt 3.00850 5.03700
vt 2.99850 4.96050
vt 2.94000 5.04800
vt 2.93000 4.97150
vt 2.34950 5.22000
vt 2.34700 5.14400
vt 2.27850 5.22600
vt 2.27600 5.14950
vt 2.20700 5.22900
vt 2.20450 5.15250
vt 2.13400 5.22950
vt 2.13150 5.15300
vt 2.46150 5.21950
vt 2.47150 5.14350
vt 2.39100 5.21300
vt 2.40100 5.13700
vt 2.32150 5.20400
vt 2.33150 5.12800
vt 2.25300 5.19300
vt 2.26300 5.11700
vt 4.59750 4.11650
vt 4.56800 4.10600
vt 3.64000 3.28700
vt 3.66150 3.29050
vt 4.53850 4.10600
vt 3.61600 3.29250
vt 4.50850 4.11650
vt 3.59000 3.30600
vt 4.32050 4.29800
vt 3.40000 3.48600
vt 4.32050 4.32450
vt 3.39450 3.50700
vt 4.33250 4.35050
vt 3.39850 3.52650
vt 3.22150 4.35050
vt 3.22150 4.37650
vt 3.12100 3.54350
vt 3.15700 3.52650
vt 4.33250 0.64950
vt 4.32050 0.67550
vt 3.32900 1.55000
vt 3.33200 1.53200
vt 4.32050 0.70200
vt 3.33600 1.57050
vt 4.33250 0.72800
vt 3.35200 1.59300
vt 4.53850 0.89400
vt 3.55850 1.75850
vt 4.56800 0.89400
vt 3.58200 1.76400
vt 4.59750 0.88350
vt 3.60300 1.76100
vt 1.77850 0.88350
vt 1.77850 0.86250
vt 1.88400 1.75000
vt 1.84600 1.76100
vt 1.82450 2.46250
vt 1.80600 1.56200
vt 2.70500 2.46250
vt 2.69050 2.47600
vt 1.68150 1.58600
vt 1.68450 1.56200
vt 2.67050 2.49450
vt 1.66800 1.61050
vt 2.64400 2.51850
vt 1.64400 1.63650
vt 2.47600 2.67100
vt 1.46550 1.77950
vt 2.46150 2.68400
vt 1.43900 1.78250
vt 3.17550 2.68400
vt 3.13950 2.69200
vt 3.17250 1.77550
vt 3.19400 1.78250
vt 3.09350 2.69400
vt 3.14500 1.75950
vt 3.17550 2.43000
vt 3.19200 3.27350
vt 2.33200 2.43000
vt 2.34850 2.44150
vt 1.40250 3.27600
vt 1.37550 3.27350
vt 2.37100 2.45850
vt 1.43050 3.28800
vt 2.39900 2.48050
vt 1.46000 3.30900
vt 2.57600 2.62550
vt 1.62500 3.46400
vt 2.59000 2.63900
vt 1.62850 3.48700
vt 1.82450 2.63900
vt 1.86000 2.64850
vt 1.83050 3.50850
vt 1.80750 3.48700
vt 1.90550 2.65350
vt 1.86000 3.52950
vt 1.81450 3.28700
vt 3.56150 3.32800
vt 3.18550 3.50700
vt 1.35050 3.28000
vt 0.43200 4.10600
vt 0.40200 4.11650
vt 0.46150 4.10600
vt 0.49100 4.11650
vt 0.52100 4.13750
vt 0.67950 4.29800
vt 0.67950 4.32450
vt 1.62150 3.50850
vt 0.66750 4.35050
vt 1.77850 4.37650
vt 1.77850 4.35050
vt 3.18400 1.55000
vt 3.37750 1.61750
vt 1.81650 1.76400
vt 1.67650 1.53950
vt 0.67950 0.67550
vt 0.66750 0.64950
vt 0.67950 0.70200
vt 0.66750 0.72800
vt 0.64350 0.75400
vt 0.46150 0.89400
vt 0.43200 0.89400
vt 1.41350 1.77550
vt 0.40200 0.88350
vt 3.22150 0.86250
vt 3.22150 0.88350
vt 2.16150 -1.93750
vt 2.16300 -1.99750
vt 2.21850 1.39600
vt 2.14600 1.39450
vt 2.21800 0.58850
vt 2.17250 0.58650
vt 2.55850 0.85050
vt 2.51450 0.83550
vt 2.31650 0.87350
vt 2.27150 0.87550
vt 2.15300 1.39300
vt 2.08050 1.39300
vt 2.20600 1.39500
vt 2.13350 1.39400
vt 2.69350 -0.19400
vt 2.69100 -0.22800
vt 2.08600 -0.00050
vt 2.08300 -0.03450
vt 2.15150 -0.04550
vt 2.15500 -0.01150
vt 3.06300 0.01950
vt 3.06550 -0.01450
vt 2.66100 -0.19350
vt 2.65800 -0.22750
vt 2.11700 0.00050
vt 2.11450 -0.03350
vt 2.18300 -0.04450
vt 2.18600 -0.01050
vt 3.09500 0.01900
vt 3.09750 -0.01500
vt 2.90850 -2.22700
vt 2.91050 -2.28700
vt 2.95450 -2.28850
vt 2.95250 -2.22850
vt 2.53700 -0.19000
vt 2.53250 -0.22400
vt 2.60500 -0.22600
vt 2.60900 -0.19200
vt 2.24750 0.00450
vt 2.24650 -0.02900
vt 2.31550 -0.04000
vt 2.31700 -0.00600
vt 3.21550 0.01650
vt 3.22000 -0.01750
vt 3.29200 -0.01550
vt 3.28750 0.01850
vt 2.29000 1.39950
vt 2.36050 1.40600
vt 2.43000 1.41450
vt 2.49900 1.42550
vt 2.26250 0.59350
vt 2.30650 0.60200
vt 2.34950 0.61350
vt 2.39250 0.62850
vt 2.60250 0.86200
vt 2.64650 0.87000
vt 2.69050 0.87500
vt 2.73450 0.87650
vt 2.36100 0.86850
vt 2.40500 0.86000
vt 2.44850 0.84850
vt 2.49100 0.83350
vt 2.22500 1.39650
vt 2.29600 1.40200
vt 2.36600 1.41000
vt 2.43550 1.42100
vt 2.27750 1.39900
vt 2.34800 1.40500
vt 2.41800 1.41350
vt 2.48700 1.42450
vt 2.62150 -0.19050
vt 2.61900 -0.22450
vt 2.55100 -0.18450
vt 2.54850 -0.21850
vt 2.48100 -0.17600
vt 2.47850 -0.21000
vt 2.41200 -0.16500
vt 2.40950 -0.19900
vt 2.01650 0.00800
vt 2.01300 -0.02600
vt 1.94550 0.01450
vt 1.94250 -0.01950
vt 1.87450 0.01800
vt 1.87100 -0.01600
vt 1.80200 0.01950
vt 1.79850 -0.01450
vt 2.99150 0.01600
vt 2.99400 -0.01800
vt 2.92100 0.01000
vt 2.92350 -0.02400
vt 2.85100 0.00150
vt 2.85350 -0.03250
vt 2.78200 -0.00950
vt 2.78450 -0.04350
vt 2.58950 -0.18950
vt 2.58650 -0.22350
vt 2.51850 -0.18350
vt 2.51600 -0.21750
vt 2.44900 -0.17500
vt 2.44600 -0.20900
vt 2.38000 -0.16400
vt 2.37700 -0.19800
vt 2.04750 0.00900
vt 2.04450 -0.02500
vt 1.97650 0.01500
vt 1.97400 -0.01900
vt 1.90500 0.01900
vt 1.90250 -0.01500
vt 1.83300 0.02000
vt 1.83000 -0.01400
vt 3.02300 0.01500
vt 3.02600 -0.01900
vt 2.95250 0.00900
vt 2.95550 -0.02500
vt 2.88300 0.00050
vt 2.88550 -0.03350
vt 2.81400 -0.01050
vt 2.81650 -0.04450
vt 2.86450 -2.22250
vt 2.86650 -2.28250
vt 2.82050 -2.21400
vt 2.82250 -2.27450
vt 2.77650 -2.20250
vt 2.77850 -2.26300
vt 2.73250 -2.18800
vt 2.73450 -2.24800
vt 2.46600 -0.18550
vt 2.46150 -0.21950
vt 2.39550 -0.17900
vt 2.39100 -0.21300
vt 2.32600 -0.17050
vt 2.32150 -0.20400
vt 2.25750 -0.15950
vt 2.25300 -0.19300
vt 2.17750 0.01300
vt 2.17650 -0.02100
vt 2.10650 0.01850
vt 2.10550 -0.01550
vt 2.03450 0.02150
vt 2.03350 -0.01200
vt 1.96200 0.02200
vt 1.96100 -0.01200
vt 3.14400 0.01250
vt 3.14850 -0.02150
vt 3.07400 0.00600
vt 3.07850 -0.02800
vt 3.00450 -0.00300
vt 3.00900 -0.03700
vt 2.93600 -0.01400
vt 2.94000 -0.04800
vt 2.80700 1.39450
vt 2.87950 1.39350
vt 2.23850 1.58800
vt 2.30750 1.57700
vt 2.94950 1.60800
vt 3.02200 1.60900
vt 2.79400 1.39500
vt 2.86650 1.39400
vt 2.25050 1.58900
vt 2.31950 1.57800
vt 2.96150 1.60750
vt 3.03400 1.60850
vt 2.81200 0.58700
vt 2.85600 0.58550
vt 2.74550 1.39850
vt 2.81750 1.39650
vt 2.30000 1.59300
vt 2.36950 1.58200
vt 3.00700 1.60500
vt 3.07950 1.60700
vt 2.73500 1.39800
vt 2.66450 1.40400
vt 2.59450 1.41250
vt 2.52550 1.42350
vt 2.16900 1.59650
vt 2.09800 1.60300
vt 2.02700 1.60650
vt 1.95450 1.60800
vt 2.87800 1.60450
vt 2.80750 1.59850
vt 2.73750 1.59000
vt 2.66850 1.57900
vt 2.72250 1.39900
vt 2.65200 1.40500
vt 2.58200 1.41350
vt 2.51300 1.42450
vt 2.18050 1.59750
vt 2.11000 1.60350
vt 2.03850 1.60750
vt 1.96600 1.60850
vt 2.89000 1.60350
vt 2.81950 1.59750
vt 2.74950 1.58900
vt 2.68050 1.57800
vt 2.76800 0.59150
vt 2.72400 0.60000
vt 2.68000 0.61150
vt 2.63600 0.62600
vt 2.67400 1.40250
vt 2.60400 1.40900
vt 2.53450 1.41800
vt 2.46550 1.42900
vt 2.23000 1.60100
vt 2.15900 1.60700
vt 2.08700 1.61000
vt 2.01450 1.61050
vt 2.93600 1.60050
vt 2.86550 1.59400
vt 2.79600 1.58500
vt 2.72750 1.57400
vt 2.05050 3.14750
vt 1.97800 3.14600
vt 2.30450 3.69100
vt 2.25900 3.68900
vt 2.66500 3.95300
vt 2.62100 3.93800
vt 2.23000 3.97600
vt 2.18500 3.97800
vt 2.09550 3.14400
vt 2.02250 3.14400
vt 2.05900 3.14650
vt 1.98650 3.14550
vt 2.12200 3.15100
vt 2.19250 3.15750
vt 2.26200 3.16600
vt 2.33100 3.17700
vt 2.34900 3.69600
vt 2.39300 3.70450
vt 2.43600 3.71600
vt 2.47900 3.73100
vt 2.70900 3.96450
vt 2.75300 3.97250
vt 2.79700 3.97750
vt 2.84100 3.97900
vt 2.27450 3.97100
vt 2.31850 3.96250
vt 2.36200 3.95100
vt 2.40450 3.93600
vt 2.16700 3.14750
vt 2.23800 3.15300
vt 2.30800 3.16100
vt 2.37750 3.17200
vt 2.13050 3.15050
vt 2.20150 3.15650
vt 2.27100 3.16500
vt 2.34000 3.17600
vt 2.93200 3.14600
vt 3.00450 3.14500
vt 2.40650 3.33950
vt 2.47550 3.32850
vt 2.82450 3.35950
vt 2.89700 3.36050
vt 2.94100 3.14650
vt 3.01350 3.14550
vt 2.39750 3.34050
vt 2.46600 3.32950
vt 2.81450 3.35900
vt 2.88700 3.36000
vt 2.70550 3.68950
vt 2.74950 3.68800
vt 2.97500 3.14950
vt 3.04700 3.14750
vt 2.35800 3.34400
vt 2.42700 3.33300
vt 2.77750 3.35600
vt 2.84950 3.35800
vt 2.86050 3.14950
vt 2.78950 3.15550
vt 2.72000 3.16400
vt 2.65100 3.17500
vt 2.33700 3.34800
vt 2.26650 3.35450
vt 2.19500 3.35800
vt 2.12250 3.35950
vt 2.75300 3.35600
vt 2.68200 3.35000
vt 2.61200 3.34150
vt 2.54300 3.33050
vt 2.86950 3.15050
vt 2.79850 3.15650
vt 2.72900 3.16500
vt 2.66000 3.17600
vt 2.32750 3.34900
vt 2.25700 3.35500
vt 2.18550 3.35900
vt 2.11300 3.36000
vt 2.74300 3.35500
vt 2.67250 3.34900
vt 2.60250 3.34050
vt 2.53400 3.32950
vt 2.66150 3.69400
vt 2.61750 3.70250
vt 2.57350 3.71400
vt 2.52950 3.72850
vt 2.90350 3.15350
vt 2.83350 3.16000
vt 2.76400 3.16900
vt 2.69500 3.18000
vt 2.28800 3.35200
vt 2.21700 3.35800
vt 2.14500 3.36100
vt 2.07250 3.36150
vt 2.70650 3.35150
vt 2.63600 3.34500
vt 2.56650 3.33600
vt 2.49800 3.32500
vt 1.87800 4.93950
vt 1.80600 4.93800
vt 2.39300 6.86550
vt 2.34750 6.86350
vt 2.77400 7.12750
vt 2.73000 7.11300
vt 2.14150 7.15050
vt 2.09600 7.15250
vt 2.03600 4.93600
vt 1.96350 4.93550
vt 1.90900 4.93900
vt 1.83650 4.93750
vt 1.94950 4.94350
vt 2.02000 4.94950
vt 2.09000 4.95800
vt 2.15900 4.96900
vt 2.43750 6.87050
vt 2.48150 6.87900
vt 2.52500 6.89050
vt 2.56750 6.90550
vt 2.81800 7.13900
vt 2.86200 7.14750
vt 2.90600 7.15200
vt 2.95000 7.15350
vt 2.18600 7.14550
vt 2.23000 7.13700
vt 2.27350 7.12550
vt 2.31600 7.11050
vt 2.10800 4.93900
vt 2.17900 4.94450
vt 2.24900 4.95300
vt 2.31800 4.96400
vt 1.98050 4.94250
vt 2.05100 4.94850
vt 2.12100 4.95700
vt 2.19000 4.96800
vt 3.03850 5.15200
vt 3.03200 5.22850
vt 1.87100 5.01600
vt 1.79850 5.01450
vt 2.39650 7.00050
vt 2.35150 6.99850
vt 2.77850 7.26300
vt 2.73450 7.24800
vt 2.13750 7.28550
vt 2.09250 7.28750
vt 2.03350 5.01200
vt 1.96100 5.01200
vt 1.90250 5.01500
vt 1.83000 5.01400
vt 1.94250 5.01950
vt 2.01300 5.02600
vt 2.08250 5.03450
vt 2.15150 5.04550
vt 2.44150 7.00550
vt 2.48550 7.01400
vt 2.52850 7.02550
vt 2.57150 7.04050
vt 2.82250 7.27450
vt 2.86650 7.28250
vt 2.91050 7.28700
vt 2.95450 7.28850
vt 2.18200 7.28050
vt 2.22600 7.27250
vt 2.26950 7.26050
vt 2.31200 7.24550
vt 2.10550 5.01550
vt 2.17650 5.02100
vt 2.24650 5.02950
vt 2.31550 5.04000
vt 1.97400 5.01900
vt 2.04450 5.02500
vt 2.11450 5.03350
vt 2.18350 5.04450
# 1002 texture verticies
vn 0.60811 -0.54491 -0.57731
vn 0.71020 -0.63560 0.30270
vn 0.63560 -0.71020 0.30270
vn 0.54491 -0.60811 -0.57731
vn -0.45003 0.40233 -0.79725
vn -0.71020 0.63560 -0.30270
vn -0.63560 0.71020 -0.30270
vn -0.40231 0.45011 -0.79721
vn 0.48210 0.52700 -0.69990
vn 0.66681 0.74502 -0.01760
vn 0.74502 0.66681 0.01760
vn 0.54647 0.47858 -0.68727
vn -0.64497 0.10989 -0.75626
vn -0.54499 0.31210 -0.77819
vn -0.66971 -0.15100 -0.72711
vn -0.60532 -0.37591 -0.70162
vn -0.52700 -0.48210 -0.69990
vn -0.31210 0.54499 -0.77819
vn -0.47858 -0.54647 -0.68727
vn -0.10989 0.64497 -0.75626
vn 0.15100 0.66971 -0.72711
vn 0.37591 0.60532 -0.70162
vn -0.36761 -0.67262 -0.64222
vn -0.12830 -0.79191 -0.59701
vn 0.17170 -0.80578 -0.56678
vn 0.42191 -0.71261 -0.56051
vn 0.67262 0.36761 -0.64222
vn 0.79191 0.12830 -0.59701
vn 0.80578 -0.17170 -0.56678
vn 0.71261 -0.42191 -0.56051
vn -0.59559 -0.41680 0.68669
vn 0.42502 0.58853 0.68774
vn 0.29741 0.66112 0.68882
vn 0.52000 0.48110 0.70580
vn 0.60398 0.25629 0.75467
vn 0.59452 -0.01620 0.80392
vn 0.49548 -0.23699 0.83567
vn 0.39251 -0.33820 0.85531
vn 0.33810 -0.39240 0.85540
vn -0.58860 -0.42500 0.68770
vn 0.23699 -0.49548 0.83567
vn 0.01620 -0.59452 0.80392
vn -0.25640 -0.60401 0.75461
vn -0.48121 -0.52001 0.70571
vn -0.39941 0.58902 0.70252
vn -0.55982 0.63163 0.53632
vn 0.58900 -0.39930 0.70260
vn -0.52677 0.47148 0.70726
vn -0.60789 0.24710 0.75459
vn -0.59637 -0.02350 0.80236
vn -0.49710 -0.24190 0.83329
vn -0.39490 -0.34150 0.85290
vn -0.34150 -0.39490 0.85290
vn 0.63163 -0.55982 0.53632
vn -0.24190 -0.49710 0.83329
vn -0.02350 -0.59637 0.80236
vn 0.24710 -0.60789 0.75459
vn 0.47150 -0.52670 0.70730
vn -0.54491 -0.60811 -0.57731
vn -0.17170 -0.80578 -0.56678
vn -0.42191 -0.71261 -0.56051
vn 0.12840 -0.79190 -0.59700
vn -0.60811 -0.54491 -0.57731
vn 0.36761 -0.67262 -0.64222
vn 0.47860 -0.54640 -0.68730
vn -0.71261 -0.42191 -0.56051
vn 0.52702 -0.48202 -0.69993
vn -0.80578 -0.17170 -0.56678
vn -0.79195 0.12829 -0.59696
vn -0.67262 0.36761 -0.64222
vn -0.54650 0.47850 -0.68730
vn -0.48210 0.52700 -0.69990
vn 0.60541 -0.37580 -0.70161
vn 0.66972 -0.15090 -0.72712
vn 0.64497 0.10989 -0.75626
vn 0.54499 0.31210 -0.77819
vn 0.45003 0.40233 -0.79725
vn -0.37591 0.60532 -0.70162
vn 0.40233 0.45003 -0.79725
vn -0.15100 0.66971 -0.72711
vn 0.10989 0.64497 -0.75626
vn 0.31210 0.54499 -0.77819
vn 0.54491 0.60811 -0.57731
vn 0.63560 0.71020 0.30270
vn 0.71020 0.63560 0.30270
vn 0.60811 0.54491 -0.57731
vn -0.54499 -0.31210 -0.77819
vn -0.64497 -0.10989 -0.75626
vn -0.45009 -0.40239 -0.79718
vn -0.66971 0.15100 -0.72711
vn -0.40231 -0.45011 -0.79721
vn -0.60532 0.37591 -0.70162
vn -0.52700 0.48210 -0.69990
vn -0.31210 -0.54499 -0.77819
vn -0.47858 0.54647 -0.68727
vn -0.10989 -0.64497 -0.75626
vn 0.15100 -0.66971 -0.72711
vn 0.37591 -0.60532 -0.70162
vn 0.48210 -0.52700 -0.69990
vn 0.54647 -0.47858 -0.68727
vn -0.36761 0.67262 -0.64222
vn -0.12830 0.79191 -0.59701
vn 0.17170 0.80578 -0.56678
vn 0.42191 0.71261 -0.56051
vn 0.67262 -0.36761 -0.64222
vn 0.79191 -0.12830 -0.59701
vn 0.80578 0.17170 -0.56678
vn 0.71261 0.42191 -0.56051
vn 0.53690 -0.34870 0.76821
vn 0.33822 -0.67934 0.65124
vn 0.44390 -0.57220 0.68960
vn 0.42050 -0.63930 0.64380
vn 0.53201 -0.07160 0.84371
vn 0.43111 0.15770 0.88841
vn 0.32309 0.26479 0.90857
vn 0.26479 0.32309 0.90857
vn 0.15770 0.43111 0.88841
vn -0.07160 0.53201 0.84371
vn -0.34870 0.53690 0.76821
vn -0.57209 0.44389 0.68969
vn -0.67931 0.33831 0.65121
vn -0.63977 0.41998 0.64367
vn -0.60811 0.54491 -0.57731
vn -0.71020 0.63560 0.30270
vn -0.63560 0.71020 0.30270
vn -0.54491 0.60811 -0.57731
vn 0.45009 -0.40239 -0.79718
vn 0.71020 -0.63560 -0.30270
vn 0.63560 -0.71020 -0.30270
vn 0.40231 -0.45011 -0.79721
vn -0.42191 0.71261 -0.56051
vn -0.17170 0.80578 -0.56678
vn 0.12830 0.79191 -0.59701
vn 0.36761 0.67262 -0.64222
vn 0.47858 0.54647 -0.68727
vn -0.71261 0.42191 -0.56051
vn 0.52700 0.48210 -0.69990
vn -0.80578 0.17170 -0.56678
vn -0.79191 -0.12830 -0.59701
vn -0.67262 -0.36761 -0.64222
vn -0.54647 -0.47858 -0.68727
vn -0.48210 -0.52700 -0.69990
vn 0.60532 0.37591 -0.70162
vn 0.66971 0.15100 -0.72711
vn 0.64497 -0.10989 -0.75626
vn 0.54499 -0.31210 -0.77819
vn -0.37591 -0.60532 -0.70162
vn -0.15100 -0.66971 -0.72711
vn 0.10989 -0.64497 -0.75626
vn 0.31210 -0.54499 -0.77819
vn -0.44309 -0.57319 0.68929
vn -0.33730 -0.68030 0.65070
vn -0.53629 -0.34969 0.76819
vn -0.41250 -0.64380 0.64450
vn -0.53141 -0.07250 0.84401
vn -0.43052 0.15691 0.88884
vn -0.32241 0.26401 0.90904
vn -0.26401 0.32241 0.90904
vn 0.64419 0.41189 0.64449
vn -0.15691 0.43052 0.88884
vn 0.07250 0.53141 0.84401
vn 0.34969 0.53629 0.76819
vn 0.57310 0.44320 0.68930
vn 0.68030 0.33730 0.65070
vn -0.39341 0.60101 0.69571
vn 0.60099 -0.39330 0.69579
vn 0.64090 -0.32140 0.69710
vn -0.36099 0.61869 0.69779
vn -0.29160 0.63450 0.71580
vn 0.65632 -0.37441 0.65502
vn -0.39629 0.55829 0.72888
vn -0.32549 0.63819 0.69769
vn 0.53302 -0.39822 0.74653
vn 0.59190 -0.32290 0.73850
vn 0.55750 -0.38480 0.73561
vn 0.54307 -0.39317 0.74195
vn -0.45400 0.57420 0.68130
vn 0.52821 -0.42221 0.73671
vn -0.48841 0.54671 0.68012
vn 0.45948 -0.46868 0.75447
vn 0.53720 -0.44760 0.71490
vn -0.51770 0.46710 0.71680
vn -0.43911 0.48911 0.75362
vn -0.43839 0.49939 0.74728
vn -0.53150 0.46850 0.70570
vn 0.50740 -0.46310 0.72670
vn 0.45361 -0.51631 0.72641
vn 0.45679 -0.51269 0.72698
vn 0.48531 -0.49471 0.72092
vn -0.51942 0.47932 0.70743
vn -0.50500 0.48670 0.71281
vn 0.47810 -0.50910 0.71570
vn -0.56581 -0.24940 0.78591
vn -0.57752 -0.25531 0.77543
vn 0.39569 0.57428 0.71668
vn 0.31399 0.65367 0.68857
vn -0.56068 -0.39199 0.72937
vn 0.40609 0.59408 0.69438
vn 0.42720 0.53930 0.72571
vn 0.42289 0.55598 0.71558
vn 0.37179 0.60709 0.70229
vn -0.55880 -0.43960 0.70320
vn -0.55697 -0.35178 0.75236
vn -0.53760 -0.40440 0.73990
vn -0.50799 -0.44220 0.73919
vn 0.47249 0.55579 0.68399
vn -0.43909 -0.48919 0.75359
vn 0.50701 0.52811 0.68121
vn 0.53720 0.44760 0.71490
vn -0.51770 -0.46710 0.71680
vn 0.48368 0.46568 0.74107
vn 0.45948 0.46868 0.75447
vn 0.41998 0.53227 0.73506
vn -0.49410 -0.49790 0.71271
vn -0.51869 -0.41839 0.74559
vn 0.48011 0.54341 0.68862
vn -0.46750 -0.51900 0.71560
vn 0.49721 0.48531 0.71921
vn 0.82608 -0.48079 0.29399
vn 0.48151 -0.82752 0.28871
vn 0.63678 -0.71147 0.29719
vn -0.82611 -0.48080 0.29390
vn -0.71022 -0.63562 0.30261
vn -0.48079 -0.82608 0.29399
vn -0.63560 -0.71020 0.30270
vn 0.86098 -0.50219 -0.08070
vn 0.74502 -0.66681 -0.01760
vn 0.48080 0.82611 -0.29390
vn 0.63560 0.71020 -0.30270
vn 0.48079 0.82608 0.29399
vn 0.82322 0.47941 0.30411
vn 0.70768 0.63338 0.31309
vn -0.82608 0.48079 0.29399
vn -0.47941 0.82322 0.30411
vn -0.63342 0.70763 0.31311
vn 0.71147 -0.63678 0.29719
vn 0.82748 -0.48159 0.28869
vn 0.48079 -0.82608 0.29399
vn -0.73051 -0.68231 -0.02860
vn -0.65018 -0.39129 -0.65128
vn -0.86091 -0.50231 -0.08070
vn -0.74502 -0.66681 -0.01760
vn -0.38478 0.42938 -0.81706
vn -0.28360 0.47909 -0.83069
vn -0.48079 0.82608 -0.29399
vn -0.70768 0.63338 0.31309
vn -0.82322 0.47941 0.30411
vn -0.48079 0.82608 0.29399
vn 0.73038 0.68248 -0.02760
vn 0.63538 0.37779 -0.67348
vn 0.86092 0.50231 -0.08060
vn 0.74497 0.66687 -0.01760
vn 0.38481 -0.42941 -0.81702
vn 0.28351 -0.47891 -0.83082
vn 0.48079 -0.82608 -0.29399
vn -0.82608 -0.48079 0.29399
vn -0.71020 -0.63560 0.30270
vn -0.63562 -0.71022 0.30261
vn -0.48080 -0.82611 0.29390
vn 0.63338 0.70768 0.31309
vn 0.47941 0.82322 0.30411
vn 0.82608 0.48079 0.29399
vn 0.68251 -0.73031 -0.02880
vn 0.37010 -0.62720 -0.68530
vn 0.50231 -0.86091 -0.08070
vn 0.66681 -0.74502 -0.01760
vn -0.42941 -0.38481 -0.81702
vn -0.47881 -0.28341 -0.83092
vn -0.82608 -0.48079 -0.29399
vn -0.71020 -0.63560 -0.30270
vn 0.73052 -0.68231 -0.02820
vn 0.65129 -0.39240 -0.64949
vn 0.67899 -0.66679 -0.30719
vn 0.70778 -0.70328 -0.06670
vn 0.38481 0.42941 -0.81702
vn 0.28360 0.47909 -0.83069
vn -0.14391 0.14611 -0.97875
vn -0.03080 0.03080 -0.99905
vn 0.68238 0.73048 -0.02770
vn 0.39070 0.64950 -0.65230
vn 0.66965 0.68065 -0.29712
vn 0.70359 0.70769 -0.06430
vn -0.42941 0.38481 -0.81702
vn -0.47909 0.28360 -0.83069
vn -0.15220 -0.15020 -0.97687
vn -0.03230 -0.03230 -0.99896
vn 0.70581 -0.70631 -0.05450
vn 0.68329 -0.68469 -0.25360
vn 0.64725 -0.66045 -0.38063
vn 0.70201 -0.70691 -0.08640
vn -0.03910 0.03910 -0.99847
vn -0.18039 0.18009 -0.96697
vn -0.11309 0.11109 -0.98735
vn -0.02350 0.02350 -0.99945
vn 0.70640 0.70570 -0.05470
vn 0.68480 0.68300 -0.25410
vn 0.66597 0.65237 -0.36179
vn 0.70733 0.70223 -0.08100
vn -0.03890 -0.03890 -0.99849
vn -0.17940 -0.17980 -0.96721
vn -0.11760 -0.11980 -0.98581
vn -0.02490 -0.02490 -0.99938
vn 0.94991 -0.18140 0.25450
vn 0.96646 0.18779 0.17519
vn 0.86091 0.50231 0.08070
vn 0.18131 -0.95114 0.24991
vn -0.18831 -0.96695 0.17191
vn -0.50279 -0.86078 0.07910
vn -0.66698 -0.74488 0.01720
vn -0.94988 -0.18140 0.25460
vn -0.96642 0.18770 0.17550
vn -0.86094 0.50222 0.08100
vn -0.74501 0.66681 0.01770
vn -0.18140 -0.94991 0.25450
vn 0.18780 -0.96648 0.17510
vn 0.50238 -0.86087 0.08070
vn 0.66687 -0.74497 0.01760
vn 0.96648 -0.18770 -0.17520
vn 0.94991 0.18140 -0.25450
vn 0.82608 0.48079 -0.29399
vn 0.71020 0.63560 -0.30270
vn 0.18140 0.94991 -0.25450
vn -0.18780 0.96648 -0.17510
vn -0.50239 0.86088 -0.08060
vn -0.66687 0.74497 -0.01760
vn 0.18140 0.94991 0.25450
vn -0.18779 0.96646 0.17519
vn -0.50231 0.86091 0.08070
vn -0.66681 0.74502 0.01760
vn 0.94736 0.18141 0.26382
vn 0.96532 -0.18660 0.18260
vn 0.86114 -0.50122 0.08490
vn 0.74528 -0.66649 0.01870
vn -0.94991 0.18140 0.25450
vn -0.96646 -0.18779 0.17519
vn -0.86091 -0.50231 0.08070
vn -0.74502 -0.66681 0.01760
vn -0.18150 0.94732 0.26390
vn 0.18651 0.96533 0.18261
vn 0.50118 0.86117 0.08490
vn 0.66643 0.74533 0.01880
vn 0.95113 -0.18140 0.24991
vn 0.96695 0.18829 0.17189
vn 0.86085 0.50267 0.07910
vn 0.74493 0.66692 0.01730
vn 0.18140 -0.94991 0.25450
vn -0.18780 -0.96648 0.17510
vn -0.50231 -0.86092 0.08060
vn -0.66687 -0.74497 0.01760
vn -0.60260 -0.10350 -0.79130
vn -0.96648 -0.18770 -0.17520
vn -0.55238 0.11680 -0.82537
vn -0.94991 0.18140 -0.25450
vn -0.82608 0.48079 -0.29399
vn -0.11670 0.55232 -0.82543
vn -0.18140 0.94991 -0.25450
vn 0.10340 0.60239 -0.79148
vn 0.18780 0.96648 -0.17510
vn 0.50231 0.86091 -0.08070
vn 0.66687 0.74497 -0.01760
vn -0.94736 0.18141 0.26382
vn -0.96532 -0.18660 0.18260
vn -0.86114 -0.50122 0.08490
vn -0.74528 -0.66649 0.01870
vn -0.18140 0.94991 0.25450
vn 0.18770 0.96648 0.17520
vn 0.50231 0.86091 0.08070
vn 0.66681 0.74502 0.01760
vn 0.59858 0.10180 -0.79457
vn 0.96648 0.18780 -0.17510
vn 0.55119 -0.11670 -0.82618
vn 0.94991 -0.18140 -0.25450
vn 0.47891 -0.28351 -0.83082
vn 0.82608 -0.48079 -0.29399
vn 0.42941 -0.38481 -0.81702
vn 0.11670 -0.55119 -0.82618
vn 0.18140 -0.94991 -0.25450
vn -0.10170 -0.59841 -0.79471
vn -0.18770 -0.96648 -0.17520
vn -0.37690 -0.63450 -0.67480
vn -0.50231 -0.86091 -0.08070
vn -0.68241 -0.73041 -0.02870
vn -0.66681 -0.74502 -0.01760
vn -0.94991 -0.18140 0.25450
vn -0.96646 0.18779 0.17519
vn -0.86091 0.50231 0.08070
vn -0.74502 0.66681 0.01760
vn -0.18140 -0.94988 0.25460
vn 0.18770 -0.96642 0.17550
vn 0.50222 -0.86094 0.08100
vn 0.66681 -0.74501 0.01770
vn 0.18150 0.94732 0.26390
vn -0.18651 0.96533 0.18261
vn -0.50118 0.86117 0.08490
vn -0.66643 0.74533 0.01880
vn 0.94991 0.18140 0.25450
vn 0.96648 -0.18780 0.17510
vn 0.86092 -0.50231 0.08060
vn 0.74497 -0.66687 0.01760
vn 0.10090 -0.59659 -0.79618
vn 0.18770 -0.96648 -0.17520
vn -0.11670 -0.55059 -0.82658
vn -0.18140 -0.94991 -0.25450
vn -0.28341 -0.47881 -0.83092
vn -0.48079 -0.82608 -0.29399
vn -0.38481 -0.42941 -0.81702
vn -0.63560 -0.71020 -0.30270
vn -0.55059 -0.11660 -0.82659
vn -0.94991 -0.18140 -0.25450
vn -0.59647 0.10090 -0.79627
vn -0.96648 0.18780 -0.17510
vn -0.62702 0.37001 -0.68552
vn -0.86092 0.50231 -0.08060
vn -0.73029 0.68259 -0.02750
vn -0.74497 0.66687 -0.01760
vn 0.60288 -0.10360 -0.79108
vn 0.54921 -0.53591 -0.64122
vn 0.55243 0.11681 -0.82534
vn 0.34141 -0.33361 -0.87872
vn 0.47909 0.28360 -0.83069
vn 0.14590 -0.14370 -0.97881
vn 0.11680 0.55249 -0.82529
vn -0.33401 0.34181 -0.87841
vn -0.10370 0.60292 -0.79103
vn -0.53632 0.54952 -0.64062
vn -0.39270 0.65160 -0.64900
vn -0.66688 0.67908 -0.30679
vn -0.68232 0.73052 -0.02800
vn -0.70328 0.70778 -0.06660
vn 0.54471 0.55681 -0.62711
vn 0.34420 0.35130 -0.87070
vn 0.14959 0.15159 -0.97706
vn -0.35249 -0.34529 -0.86978
vn -0.55782 -0.54561 -0.62542
vn -0.68092 -0.66992 -0.29591
vn -0.70770 -0.70360 -0.06400
vn 0.58499 -0.58679 -0.55989
vn 0.47711 -0.49081 -0.72902
vn 0.39600 -0.39720 -0.82790
vn 0.27089 -0.27839 -0.92147
vn 0.18011 -0.18051 -0.96694
vn 0.11130 -0.11330 -0.98731
vn 0.03910 -0.03910 -0.99847
vn 0.02350 -0.02350 -0.99945
vn -0.39712 0.39602 -0.82793
vn -0.27790 0.27030 -0.92180
vn -0.58669 0.58499 -0.55999
vn -0.49019 0.47659 -0.72978
vn -0.68467 0.68327 -0.25369
vn -0.66022 0.64702 -0.38141
vn -0.70631 0.70581 -0.05450
vn -0.70690 0.70200 -0.08660
vn 0.58660 0.58450 -0.56060
vn 0.50589 0.49179 -0.70868
vn 0.39683 0.39543 -0.82835
vn 0.29311 0.28521 -0.91254
vn 0.18019 0.17979 -0.96706
vn 0.12050 0.11840 -0.98563
vn 0.03900 0.03900 -0.99848
vn 0.02510 0.02510 -0.99937
vn -0.39482 -0.39622 -0.82893
vn -0.28370 -0.29160 -0.91350
vn -0.58408 -0.58617 -0.56148
vn -0.49028 -0.50428 -0.71087
vn -0.68289 -0.68469 -0.25470
vn -0.65187 -0.66537 -0.36379
vn -0.70569 -0.70639 -0.05480
vn -0.70220 -0.70730 -0.08150
vn 0.03080 -0.03080 -0.99905
vn 0.03210 0.03210 -0.99897
vn 0.86091 -0.50231 -0.08070
vn 0.48079 0.82608 -0.29399
vn 0.86091 0.50231 -0.08070
vn 0.74502 0.66681 -0.01760
vn 0.96648 0.18770 0.17520
vn 0.18779 -0.96646 0.17519
vn 0.50231 -0.86091 0.08070
vn -0.50231 0.86092 -0.08060
vn -0.18770 0.96648 0.17520
vn -0.50231 -0.86091 0.08070
vn -0.66681 -0.74502 0.01760
vn -0.96646 -0.18779 -0.17519
vn 0.18779 0.96646 -0.17519
vn 0.18779 0.96646 0.17519
vn 0.96646 0.18779 -0.17519
vn -0.18780 -0.96648 -0.17510
vn -0.96648 0.18770 0.17520
vn -0.86098 0.50219 0.08070
vn 0.96646 -0.18779 0.17519
vn 0.86091 -0.50231 0.08070
vn 0.74502 -0.66681 0.01760
vn 0.18780 -0.96648 -0.17510
vn -0.96646 0.18779 -0.17519
vn -0.86091 0.50231 -0.08070
vn -0.74502 0.66681 -0.01760
vn -0.18779 -0.96646 -0.17519
vn 0.18779 -0.96646 -0.17519
vn -0.50231 0.86091 -0.08070
vn -0.96648 -0.18780 0.17510
vn -0.74497 -0.66687 0.01760
vn 0.66681 -0.74502 0.01760
vn 0.96646 -0.18779 -0.17519
vn -0.66681 0.74502 -0.01760
vn -0.86092 -0.50231 0.08060
vn 0.42938 0.38478 -0.81706
# 505 normals
usemtl Wood
f  1/1/1 2/2/2 3/3/3 4/4/4
f  9/5/5 10/6/6 11/7/7 12/8/8
f  13/9/9 14/10/10 15/11/11 16/12/12
f  9/13/5 23/14/13 24/15/14
f  23/14/13 9/13/5 22/16/15
f  12/17/8 22/16/15 9/13/5
f  12/17/8 21/18/16 22/16/15
f  21/18/16 12/17/8 8/19/17
f  25/20/18 8/19/17 12/17/8
f  8/19/17 25/20/18 5/21/19
f  25/20/18 26/22/20 5/21/19
f  26/22/20 27/23/21 5/21/19
f  27/23/21 28/24/22 5/21/19
f  28/24/22 13/25/9 5/21/19
f  16/26/12 5/21/19 13/25/9
f  16/26/12 20/27/23 5/21/19
f  16/26/12 19/28/24 20/27/23
f  16/26/12 18/29/25 19/28/24
f  16/26/12 17/30/26 18/29/25
f  17/30/26 16/26/12 4/31/4
f  29/32/27 4/31/4 16/26/12
f  4/31/4 29/32/27 1/33/1
f  29/32/27 30/34/28 1/33/1
f  31/35/29 1/33/1 30/34/28
f  32/36/30 1/33/1 31/35/29
f  46/37/31 44/38/32 45/39/33
f  46/37/31 43/40/34 44/38/32
f  46/37/31 42/41/35 43/40/34
f  46/37/31 41/42/36 42/41/35
f  46/37/31 40/43/37 41/42/36
f  46/37/31 39/44/38 40/43/37
f  39/44/38 46/37/31 38/45/39
f  33/46/40 38/45/39 46/37/31
f  33/46/40 37/47/41 38/45/39
f  33/46/40 36/48/42 37/47/41
f  33/46/40 35/49/43 36/48/42
f  34/50/44 35/49/43 33/46/40
f  57/51/45 58/52/46 56/53/47
f  58/52/46 59/54/48 56/53/47
f  59/54/48 60/55/49 56/53/47
f  60/55/49 61/56/50 56/53/47
f  61/56/50 62/57/51 56/53/47
f  62/57/51 47/58/52 56/53/47
f  50/59/53 56/53/47 47/58/52
f  56/53/47 50/59/53 55/60/54
f  50/59/53 51/61/55 55/60/54
f  51/61/55 52/62/56 55/60/54
f  52/62/56 53/63/57 55/60/54
f  54/64/58 55/60/54 53/63/57
f  74/65/59 72/66/60 73/67/61
f  72/66/60 74/65/59 71/68/62
f  75/69/63 71/68/62 74/65/59
f  75/69/63 70/70/64 71/68/62
f  70/70/64 75/69/63 69/71/65
f  76/72/66 69/71/65 75/69/63
f  69/71/65 76/72/66 68/73/67
f  76/72/66 77/74/68 68/73/67
f  77/74/68 78/75/69 68/73/67
f  78/75/69 79/76/70 68/73/67
f  79/76/70 80/77/71 68/73/67
f  81/78/72 68/73/67 80/77/71
f  81/78/72 67/79/73 68/73/67
f  81/78/72 66/80/74 67/79/73
f  81/78/72 65/81/75 66/80/74
f  81/78/72 64/82/76 65/81/75
f  64/82/76 81/78/72 63/83/77
f  82/84/78 63/83/77 81/78/72
f  63/83/77 82/84/78 86/85/79
f  82/84/78 83/86/80 86/85/79
f  84/87/81 86/85/79 83/86/80
f  85/88/82 86/85/79 84/87/81
f  87/89/83 88/90/84 89/91/85 90/92/86
f  111/93/87 112/94/88 98/95/89
f  113/96/90 98/95/89 112/94/88
f  98/95/89 113/96/90 95/97/91
f  113/96/90 114/98/92 95/97/91
f  99/99/93 95/97/91 114/98/92
f  95/97/91 99/99/93 110/100/94
f  102/101/95 110/100/94 99/99/93
f  102/101/95 109/102/96 110/100/94
f  102/101/95 108/103/97 109/102/96
f  102/101/95 107/104/98 108/103/97
f  102/101/95 94/105/99 107/104/98
f  94/105/99 102/101/95 91/106/100
f  102/101/95 115/107/101 91/106/100
f  115/107/101 116/108/102 91/106/100
f  116/108/102 117/109/103 91/106/100
f  117/109/103 118/110/104 91/106/100
f  87/111/83 91/106/100 118/110/104
f  91/106/100 87/111/83 106/112/105
f  90/113/86 106/112/105 87/111/83
f  90/113/86 105/114/106 106/112/105
f  105/114/106 90/113/86 104/115/107
f  103/116/108 104/115/107 90/113/86
f  121/117/109 119/118/110 120/119/111
f  119/118/110 121/117/109 132/120/112
f  121/117/109 122/121/113 132/120/112
f  122/121/113 123/122/114 132/120/112
f  123/122/114 124/123/115 132/120/112
f  125/124/116 132/120/112 124/123/115
f  126/125/117 132/120/112 125/124/116
f  127/126/118 132/120/112 126/125/117
f  128/127/119 132/120/112 127/126/118
f  129/128/120 132/120/112 128/127/119
f  130/129/121 132/120/112 129/128/120
f  131/130/122 132/120/112 130/129/121
f  133/131/123 134/132/124 135/133/125 136/134/126
f  141/135/127 142/136/128 143/137/129 144/138/130
f  149/139/131 150/140/132 136/141/126
f  151/142/133 136/141/126 150/140/132
f  136/141/126 151/142/133 133/143/123
f  151/142/133 152/144/134 133/143/123
f  137/145/135 133/143/123 152/144/134
f  133/143/123 137/145/135 164/146/136
f  140/147/137 164/146/136 137/145/135
f  140/147/137 163/148/138 164/146/136
f  140/147/137 162/149/139 163/148/138
f  140/147/137 161/150/140 162/149/139
f  140/147/137 148/151/141 161/150/140
f  148/151/141 140/147/137 145/152/142
f  140/147/137 153/153/143 145/152/142
f  153/153/143 154/154/144 145/152/142
f  154/154/144 155/155/145 145/152/142
f  155/155/145 156/156/146 145/152/142
f  141/157/127 145/152/142 156/156/146
f  145/152/142 141/157/127 160/158/147
f  144/159/130 160/158/147 141/157/127
f  144/159/130 159/160/148 160/158/147
f  159/160/148 144/159/130 158/161/149
f  157/162/150 158/161/149 144/159/130
f  175/163/151 176/164/152 174/165/153
f  177/166/154 174/165/153 176/164/152
f  177/166/154 173/167/155 174/165/153
f  177/166/154 172/168/156 173/167/155
f  177/166/154 171/169/157 172/168/156
f  171/169/157 177/166/154 170/170/158
f  178/171/159 170/170/158 177/166/154
f  178/171/159 169/172/160 170/170/158
f  178/171/159 168/173/161 169/172/160
f  178/171/159 167/174/162 168/173/161
f  178/171/159 166/175/163 167/174/162
f  178/171/159 165/176/164 166/175/163
f  56/53/47 233/177/165 234/178/166 57/51/45
f  233/179/165 235/180/167 236/181/168 234/182/166
f  235/180/167 237/183/169 238/184/170 236/181/168
f  237/183/169 239/185/171 240/186/172 238/184/170
f  239/185/171 241/187/173 242/188/174 240/186/172
f  241/187/173 243/189/175 244/190/176 242/188/174
f  243/189/175 245/191/177 246/192/178 244/190/176
f  245/191/177 247/193/179 248/194/180 246/192/178
f  247/193/179 206/195/181 211/196/182 248/194/180
f  206/195/181 205/197/183 212/198/184 211/196/182
f  205/197/183 204/199/185 213/200/186 212/198/184
f  204/199/185 203/201/187 214/202/188 213/200/186
f  203/201/187 202/203/189 215/204/190 214/202/188
f  202/203/189 201/205/191 216/206/192 215/204/190
f  201/205/191 132/207/112 131/208/122 216/206/192
f  45/209/33 249/210/193 250/211/194 46/212/31
f  249/210/193 251/213/195 252/214/196 250/211/194
f  251/213/195 253/215/197 254/216/198 252/214/196
f  253/215/197 255/217/199 256/218/200 254/216/198
f  255/217/199 257/219/201 258/220/202 256/218/200
f  257/219/201 259/221/203 260/222/204 258/220/202
f  259/221/203 261/223/205 262/224/206 260/222/204
f  261/223/205 263/225/207 264/226/208 262/224/206
f  263/225/207 232/227/209 265/228/210 264/226/208
f  232/227/209 231/229/211 266/230/212 265/228/210
f  231/229/211 230/231/213 267/232/214 266/230/212
f  230/231/213 229/233/215 268/234/216 267/232/214
f  229/233/215 228/235/217 269/236/218 268/234/216
f  228/235/217 178/237/159 177/238/154 269/236/218
f  1/239/1 32/240/30 295/241/219 2/242/2
f  38/243/39 37/244/41 296/245/220 180/246/221
f  47/247/52 62/248/51 297/245/222 48/246/223
f  74/249/59 73/250/61 298/251/224 299/252/225
f  68/253/67 67/254/73 300/255/226 301/256/227
f  86/257/79 85/258/82 302/259/228 303/260/229
f  87/89/83 118/261/104 304/262/230 88/90/84
f  124/263/115 123/264/114 305/245/231 198/246/232
f  133/265/123 164/266/136 306/267/233 134/268/124
f  170/263/158 169/264/160 307/245/234 182/246/235
f  179/269/236 308/270/237 40/271/37 39/272/38
f  180/273/221 296/274/220 309/275/238 310/276/3
f  223/277/239 311/278/240 312/279/241 313/280/242
f  219/281/243 314/282/244 315/283/245 316/284/7
f  181/269/246 317/270/247 172/285/156 171/286/157
f  182/287/235 307/288/234 318/289/248 319/290/125
f  281/291/249 320/292/250 321/293/251 322/294/252
f  285/295/253 323/296/254 324/297/255 325/298/129
f  48/299/223 297/300/222 326/301/256 183/302/257
f  49/269/258 327/270/259 51/303/55 50/304/53
f  197/269/260 328/270/261 126/285/117 125/286/116
f  198/305/232 305/306/231 329/307/262 330/308/85
f  289/309/263 331/310/264 332/311/265 333/312/266
f  291/313/267 334/314/268 335/315/269 336/316/270
f  188/317/271 337/318/272 338/319/273 270/320/274
f  192/321/275 339/322/276 340/323/277 272/324/278
f  288/325/279 341/326/280 342/327/281 276/328/282
f  220/329/283 343/330/284 344/331/285 221/332/286
f  199/333/287 345/334/288 346/335/289 200/336/290
f  207/337/291 347/338/292 348/339/293 208/340/294
f  226/341/295 349/342/296 350/343/297 227/344/298
f  277/345/299 351/346/300 352/347/301 278/348/302
f  270/320/274 338/319/273 345/334/288 199/333/287
f  272/324/278 340/323/277 347/338/292 207/337/291
f  227/344/298 350/343/297 320/349/250 281/350/249
f  278/348/302 352/347/301 323/351/254 285/352/253
f  276/328/282 342/327/281 349/342/296 226/341/295
f  221/332/286 344/331/285 351/346/300 277/345/299
f  200/336/290 346/335/289 331/353/264 289/354/263
f  208/340/294 348/339/293 334/355/268 291/356/267
f  32/240/30 31/357/29 353/358/303 295/241/219
f  31/357/29 30/359/28 354/360/304 353/358/303
f  30/359/28 29/361/27 355/362/305 354/360/304
f  29/361/27 16/12/12 15/11/11 355/362/305
f  37/244/41 36/363/42 356/364/306 296/245/220
f  36/363/42 35/365/43 357/366/307 356/364/306
f  35/365/43 34/367/44 358/368/308 357/366/307
f  34/367/44 33/369/40 224/370/309 358/368/308
f  62/248/51 61/371/50 359/364/310 297/245/222
f  61/371/50 60/372/49 360/366/311 359/364/310
f  60/372/49 59/373/48 361/368/312 360/366/311
f  59/373/48 58/374/46 196/370/313 361/368/312
f  73/250/61 72/375/60 362/376/314 298/251/224
f  72/375/60 71/377/62 363/378/315 362/376/314
f  71/377/62 70/379/64 364/380/316 363/378/315
f  70/379/64 69/381/65 365/382/317 364/380/316
f  67/254/73 66/383/74 366/384/318 300/255/226
f  66/383/74 65/385/75 367/386/319 366/384/318
f  65/385/75 64/387/76 368/388/320 367/386/319
f  64/387/76 63/389/77 369/390/321 368/388/320
f  85/258/82 84/391/81 370/392/322 302/259/228
f  84/391/81 83/393/80 371/394/323 370/392/322
f  83/393/80 82/395/78 372/396/324 371/394/323
f  82/395/78 81/397/72 373/398/325 372/396/324
f  118/261/104 117/399/103 374/400/326 304/262/230
f  117/399/103 116/401/102 375/402/327 374/400/326
f  116/401/102 115/403/101 376/404/328 375/402/327
f  115/403/101 102/405/95 101/406/329 376/404/328
f  123/264/114 122/407/113 377/364/330 305/245/231
f  122/407/113 121/408/109 378/366/331 377/364/330
f  121/408/109 120/409/111 379/368/332 378/366/331
f  120/409/111 119/410/110 290/370/333 379/368/332
f  164/266/136 163/411/138 380/412/334 306/267/233
f  163/411/138 162/413/139 381/414/335 380/412/334
f  162/413/139 161/415/140 382/416/336 381/414/335
f  161/415/140 148/417/141 147/418/337 382/416/336
f  169/264/160 168/407/161 383/364/338 307/245/234
f  168/407/161 167/408/162 384/366/339 383/364/338
f  167/408/162 166/419/163 385/368/340 384/366/339
f  166/419/163 165/410/164 282/370/341 385/368/340
f  308/270/237 386/420/342 41/421/36 40/271/37
f  386/420/342 387/422/343 42/423/35 41/421/36
f  387/422/343 388/424/344 43/425/34 42/423/35
f  388/424/344 287/426/345 44/427/32 43/425/34
f  296/274/220 356/428/306 389/429/346 309/275/238
f  356/428/306 357/430/307 390/431/347 389/429/346
f  357/430/307 358/432/308 391/433/348 390/431/347
f  358/432/308 224/434/309 392/435/349 391/433/348
f  311/278/240 393/436/350 394/437/351 312/279/241
f  393/436/350 395/438/352 396/439/353 394/437/351
f  395/438/352 343/440/284 397/441/354 396/439/353
f  343/440/284 220/442/283 398/443/6 397/441/354
f  314/282/244 399/444/355 400/445/356 315/283/245
f  399/444/355 401/446/357 402/447/358 400/445/356
f  401/446/357 341/448/280 403/449/359 402/447/358
f  341/448/280 288/450/279 404/451/360 403/449/359
f  317/270/247 405/420/361 173/452/155 172/285/156
f  405/420/361 406/422/362 174/453/153 173/452/155
f  406/422/362 407/424/363 175/454/151 174/453/153
f  407/424/363 283/426/364 176/455/152 175/454/151
f  307/288/234 383/456/338 408/457/365 318/289/248
f  383/456/338 384/458/339 409/459/366 408/457/365
f  384/458/339 385/460/340 410/461/367 409/459/366
f  385/460/340 282/462/341 411/463/368 410/461/367
f  320/292/250 412/464/369 413/465/370 321/293/251
f  412/464/369 414/466/371 415/467/372 413/465/370
f  414/466/371 416/468/373 417/469/374 415/467/372
f  416/468/373 286/470/375 418/471/128 417/469/374
f  323/296/254 419/472/376 420/473/377 324/297/255
f  419/472/376 421/474/378 422/475/379 420/473/377
f  421/474/378 423/476/380 424/477/381 422/475/379
f  423/476/380 284/478/382 425/479/383 424/477/381
f  297/300/222 359/480/310 426/481/384 326/301/256
f  359/480/310 360/482/311 427/483/385 426/481/384
f  360/482/311 361/484/312 428/485/386 427/483/385
f  361/484/312 196/486/313 195/487/387 428/485/386
f  327/270/259 429/420/388 52/488/56 51/303/55
f  429/420/388 430/422/389 53/489/57 52/488/56
f  430/422/389 431/424/390 54/490/58 53/489/57
f  431/424/390 185/426/391 55/491/54 54/490/58
f  328/270/261 432/420/392 127/452/118 126/285/117
f  432/420/392 433/422/393 128/453/119 127/452/118
f  433/422/393 434/424/394 129/492/120 128/453/119
f  434/424/394 293/426/395 130/455/121 129/492/120
f  305/306/231 377/493/330 435/494/396 329/307/262
f  377/493/330 378/495/331 436/496/397 435/494/396
f  378/495/331 379/497/332 437/498/398 436/496/397
f  379/497/332 290/499/333 438/500/399 437/498/398
f  331/310/264 439/501/400 440/502/401 332/311/265
f  439/501/400 441/503/402 442/504/403 440/502/401
f  441/503/402 443/505/404 444/506/405 442/504/403
f  443/505/404 292/507/406 445/508/407 444/506/405
f  334/314/268 446/509/408 447/510/409 335/315/269
f  446/509/408 448/511/410 449/512/411 447/510/409
f  448/511/410 450/513/412 451/514/413 449/512/411
f  450/513/412 294/515/414 452/516/415 451/514/413
f  337/517/272 453/518/416 454/519/417 338/520/273
f  453/518/416 455/521/418 456/522/419 454/519/417
f  455/521/418 457/523/420 458/524/421 456/522/419
f  339/322/276 459/525/422 460/526/423 340/323/277
f  459/525/422 461/527/424 462/528/425 460/526/423
f  461/527/424 463/529/426 464/530/427 462/528/425
f  463/531/426 193/532/428 273/533/429 464/534/427
f  341/535/280 401/536/357 465/537/430 342/538/281
f  401/536/357 399/539/355 466/540/431 465/537/430
f  399/539/355 314/541/244 467/542/432 466/540/431
f  343/330/284 395/543/352 468/544/433 344/331/285
f  395/543/352 393/545/350 469/546/434 468/544/433
f  393/545/350 311/547/240 470/548/435 469/546/434
f  311/549/240 223/550/239 225/551/436 470/552/435
f  345/334/288 471/553/437 472/554/438 346/335/289
f  471/555/437 473/556/439 474/557/440 472/558/438
f  473/556/439 475/559/441 476/560/442 474/557/440
f  475/559/441 210/561/443 209/562/444 476/560/442
f  347/338/292 477/563/445 478/564/446 348/339/293
f  477/563/445 479/565/447 480/566/448 478/564/446
f  479/567/447 481/568/449 482/569/450 480/570/448
f  481/568/449 218/571/451 217/572/452 482/569/450
f  349/342/296 483/573/453 484/574/454 350/343/297
f  483/575/453 485/576/455 486/577/456 484/578/454
f  485/576/455 487/579/457 488/580/458 486/577/456
f  487/579/457 280/581/459 279/582/460 488/580/458
f  351/346/300 489/583/461 490/584/462 352/347/301
f  489/583/461 491/585/463 492/586/464 490/584/462
f  491/587/463 493/588/465 494/589/466 492/590/464
f  493/588/465 275/591/467 274/592/468 494/589/466
f  338/319/273 454/593/417 471/553/437 345/334/288
f  454/519/417 456/522/419 473/556/439 471/555/437
f  456/522/419 458/524/421 475/559/441 473/556/439
f  458/524/421 271/594/469 210/561/443 475/559/441
f  340/323/277 460/526/423 477/563/445 347/338/292
f  460/526/423 462/528/425 479/565/447 477/563/445
f  462/595/425 464/534/427 481/568/449 479/567/447
f  464/534/427 273/533/429 218/571/451 481/568/449
f  350/596/297 484/578/454 412/597/369 320/598/250
f  484/578/454 486/577/456 414/599/371 412/597/369
f  486/577/456 488/580/458 416/600/373 414/599/371
f  488/580/458 279/582/460 286/601/375 416/600/373
f  352/347/301 490/584/462 419/602/376 323/351/254
f  490/584/462 492/586/464 421/603/378 419/602/376
f  492/586/464 494/604/466 423/605/380 421/603/378
f  494/589/466 274/592/468 284/606/382 423/607/380
f  342/327/281 465/608/430 483/573/453 349/342/296
f  465/537/430 466/540/431 485/576/455 483/575/453
f  466/540/431 467/542/432 487/579/457 485/576/455
f  467/542/432 222/609/470 280/581/459 487/579/457
f  344/331/285 468/544/433 489/583/461 351/346/300
f  468/544/433 469/546/434 491/585/463 489/583/461
f  469/610/434 470/552/435 493/588/465 491/587/463
f  470/552/435 225/551/436 275/591/467 493/588/465
f  346/611/289 472/558/438 439/612/400 331/613/264
f  472/558/438 474/557/440 441/614/402 439/612/400
f  474/557/440 476/560/442 443/615/404 441/614/402
f  476/560/442 209/562/444 292/616/406 443/615/404
f  348/339/293 478/564/446 446/617/408 334/355/268
f  478/564/446 480/566/448 448/618/410 446/617/408
f  480/566/448 482/619/450 450/620/412 448/618/410
f  482/569/450 217/572/452 294/621/414 450/622/412
f  369/623/321 63/624/77 86/257/79 303/260/229
f  295/241/219 521/625/219 495/626/2 2/242/2
f  298/251/224 522/627/224 523/628/225 299/252/225
f  300/255/226 524/629/471 525/630/227 301/256/227
f  302/259/228 526/631/472 527/632/229 303/260/229
f  304/262/230 528/633/230 503/634/84 88/90/84
f  306/267/233 529/635/233 511/636/124 134/268/124
f  530/637/238 17/638/26 4/4/4 3/3/3
f  531/639/241 21/640/16 8/641/17 7/642/242
f  532/643/245 25/644/18 12/8/8 11/7/7
f  533/645/248 149/646/131 136/134/126 135/133/125
f  534/647/473 153/648/143 140/649/137 139/650/474
f  535/651/255 157/652/150 144/138/130 143/137/129
f  536/653/256 76/654/66 75/655/63 519/656/257
f  537/657/262 103/658/108 90/659/86 89/660/85
f  538/661/265 107/662/98 94/663/99 93/664/266
f  539/665/269 111/666/87 98/667/89 97/668/270
f  353/358/303 540/669/303 521/625/219 295/241/219
f  354/360/304 541/670/475 540/669/303 353/358/303
f  355/362/305 542/671/305 541/670/475 354/360/304
f  15/11/11 502/672/11 542/671/305 355/362/305
f  362/376/314 543/673/314 522/627/224 298/251/224
f  363/378/315 544/674/476 543/673/314 362/376/314
f  364/380/316 545/675/477 544/674/476 363/378/315
f  365/382/317 546/676/317 545/675/477 364/380/316
f  366/384/318 547/677/318 524/629/471 300/255/226
f  367/386/319 548/678/319 547/677/318 366/384/318
f  368/388/320 549/679/320 548/678/319 367/386/319
f  369/390/321 550/680/321 549/679/320 368/388/320
f  370/392/322 551/681/322 526/631/472 302/259/228
f  371/394/323 552/682/323 551/681/322 370/392/322
f  372/396/324 553/683/478 552/682/323 371/394/323
f  373/398/325 554/684/325 553/683/478 372/396/324
f  374/400/326 555/685/326 528/633/230 304/262/230
f  375/402/327 556/686/479 555/685/326 374/400/326
f  376/404/328 557/687/328 556/686/479 375/402/327
f  101/406/329 510/688/329 557/687/328 376/404/328
f  380/412/334 558/689/334 529/635/233 306/267/233
f  381/414/335 559/690/335 558/689/334 380/412/334
f  382/416/336 560/691/336 559/690/335 381/414/335
f  147/418/337 518/692/337 560/691/336 382/416/336
f  561/693/346 18/694/25 17/638/26 530/637/238
f  562/695/347 19/696/24 18/694/25 561/693/346
f  563/697/480 20/698/23 19/696/24 562/695/347
f  6/699/481 5/700/19 20/698/23 563/697/480
f  564/701/482 22/702/15 21/640/16 531/639/241
f  565/703/353 23/704/13 22/702/15 564/701/482
f  566/705/354 24/706/14 23/704/13 565/703/353
f  10/707/6 9/708/5 24/706/14 566/705/354
f  567/709/356 26/710/20 25/644/18 532/643/245
f  568/711/483 27/712/21 26/710/20 567/709/356
f  569/713/359 28/714/22 27/712/21 568/711/483
f  14/715/10 13/716/9 28/714/22 569/713/359
f  570/717/365 150/718/132 149/646/131 533/645/248
f  571/719/484 151/720/133 150/718/132 570/717/365
f  572/721/367 152/722/134 151/720/133 571/719/484
f  138/723/368 137/724/135 152/722/134 572/721/367
f  573/725/485 154/726/144 153/648/143 534/647/473
f  574/727/372 155/728/145 154/726/144 573/725/485
f  575/729/374 156/730/146 155/728/145 574/727/372
f  142/731/128 141/732/127 156/730/146 575/729/374
f  576/733/377 158/734/149 157/652/150 535/651/255
f  577/735/486 159/736/148 158/734/149 576/733/377
f  578/737/381 160/738/147 159/736/148 577/735/486
f  146/739/383 145/740/142 160/738/147 578/737/381
f  579/741/384 77/742/68 76/654/66 536/653/256
f  580/743/487 78/744/69 77/742/68 579/741/384
f  581/745/488 79/746/70 78/744/69 580/743/487
f  520/747/387 80/748/71 79/746/70 581/745/488
f  582/749/396 104/750/107 103/658/108 537/657/262
f  583/751/489 105/752/106 104/750/107 582/749/396
f  584/753/490 106/754/105 105/752/106 583/751/489
f  92/755/491 91/756/100 106/754/105 584/753/490
f  585/757/492 108/758/97 107/662/98 538/661/265
f  586/759/403 109/760/96 108/758/97 585/757/492
f  587/761/405 110/762/94 109/760/96 586/759/403
f  96/763/407 95/764/91 110/762/94 587/761/405
f  588/765/409 112/766/88 111/666/87 539/665/269
f  589/767/493 113/768/90 112/766/88 588/765/409
f  590/769/494 114/770/92 113/768/90 589/767/493
f  100/771/495 99/772/93 114/770/92 590/769/494
f  593/773/238 530/637/238 3/3/3 496/774/3
f  594/775/241 531/639/241 7/642/242 498/776/242
f  595/777/245 532/643/245 11/7/7 500/778/7
f  596/779/248 533/645/248 135/133/125 512/780/125
f  597/781/473 534/647/473 139/650/474 514/782/474
f  598/783/255 535/651/255 143/137/129 516/784/129
f  599/785/256 536/653/256 519/656/257 591/786/257
f  600/787/262 537/657/262 89/660/85 504/788/85
f  601/789/265 538/661/265 93/664/266 506/790/266
f  602/791/269 539/665/269 97/668/270 508/792/270
f  603/793/346 561/693/346 530/637/238 593/773/238
f  604/794/347 562/695/347 561/693/346 603/793/346
f  605/795/480 563/697/480 562/695/347 604/794/347
f  497/796/481 6/699/481 563/697/480 605/795/480
f  606/797/482 564/701/482 531/639/241 594/775/241
f  607/798/353 565/703/353 564/701/482 606/797/482
f  608/799/354 566/705/354 565/703/353 607/798/353
f  499/800/6 10/707/6 566/705/354 608/799/354
f  609/801/356 567/709/356 532/643/245 595/777/245
f  610/802/483 568/711/483 567/709/356 609/801/356
f  611/803/359 569/713/359 568/711/483 610/802/483
f  501/804/10 14/715/10 569/713/359 611/803/359
f  612/805/365 570/717/365 533/645/248 596/779/248
f  613/806/366 571/719/484 570/717/365 612/805/365
f  614/807/367 572/721/367 571/719/484 613/806/366
f  513/808/368 138/723/368 572/721/367 614/807/367
f  615/809/485 573/725/485 534/647/473 597/781/473
f  616/810/372 574/727/372 573/725/485 615/809/485
f  617/811/374 575/729/374 574/727/372 616/810/372
f  515/812/128 142/731/128 575/729/374 617/811/374
f  618/813/377 576/733/377 535/651/255 598/783/255
f  619/814/496 577/735/486 576/733/377 618/813/377
f  620/815/381 578/737/381 577/735/486 619/814/496
f  517/816/383 146/739/383 578/737/381 620/815/381
f  621/817/384 579/741/384 536/653/256 599/785/256
f  622/818/487 580/743/487 579/741/384 621/817/384
f  623/819/386 581/745/488 580/743/487 622/818/487
f  592/820/387 520/747/387 581/745/488 623/819/386
f  624/821/396 582/749/396 537/657/262 600/787/262
f  625/822/489 583/751/489 582/749/396 624/821/396
f  626/823/490 584/753/490 583/751/489 625/822/489
f  505/824/491 92/755/491 584/753/490 626/823/490
f  627/825/497 585/757/492 538/661/265 601/789/265
f  628/826/403 586/759/403 585/757/492 627/825/497
f  629/827/405 587/761/405 586/759/403 628/826/403
f  507/828/407 96/763/407 587/761/405 629/827/405
f  630/829/409 588/765/409 539/665/269 602/791/269
f  631/830/493 589/767/493 588/765/409 630/829/409
f  632/831/494 590/769/494 589/767/493 631/830/493
f  509/832/495 100/771/495 590/769/494 632/831/494
f  521/625/219 657/833/219 633/834/2 495/626/2
f  522/627/224 658/835/224 659/836/225 523/628/225
f  524/629/471 660/837/471 661/838/227 525/630/227
f  526/631/472 662/839/472 663/840/229 527/632/229
f  528/633/230 664/841/230 641/842/84 503/634/84
f  529/635/233 665/843/233 649/844/124 511/636/124
f  540/669/303 666/845/303 657/833/219 521/625/219
f  541/670/475 667/846/475 666/845/303 540/669/303
f  542/671/305 668/847/305 667/846/475 541/670/475
f  502/672/11 640/848/11 668/847/305 542/671/305
f  543/673/314 669/849/314 658/835/224 522/627/224
f  544/674/476 670/850/476 669/849/314 543/673/314
f  545/675/477 671/851/477 670/850/476 544/674/476
f  546/676/317 672/852/317 671/851/477 545/675/477
f  547/677/318 673/853/318 660/837/471 524/629/471
f  548/678/319 674/854/319 673/853/318 547/677/318
f  549/679/320 675/855/320 674/854/319 548/678/319
f  550/680/321 676/856/321 675/855/320 549/679/320
f  551/681/322 677/857/322 662/839/472 526/631/472
f  552/682/323 678/858/323 677/857/322 551/681/322
f  553/683/478 679/859/498 678/858/323 552/682/323
f  554/684/325 680/860/325 679/859/498 553/683/478
f  555/685/326 681/861/326 664/841/230 528/633/230
f  556/686/479 682/862/479 681/861/326 555/685/326
f  557/687/328 683/863/328 682/862/479 556/686/479
f  510/688/329 648/864/329 683/863/328 557/687/328
f  558/689/334 684/865/334 665/843/233 529/635/233
f  559/690/335 685/866/499 684/865/334 558/689/334
f  560/691/336 686/867/336 685/866/499 559/690/335
f  518/692/337 656/868/500 686/867/336 560/691/336
f  689/869/238 593/773/238 496/774/3 634/870/3
f  690/871/241 594/775/241 498/776/242 636/872/242
f  691/873/245 595/777/245 500/778/7 638/874/7
f  692/875/248 596/779/248 512/780/125 650/876/125
f  693/877/473 597/781/473 514/782/474 652/878/252
f  694/879/255 598/783/255 516/784/129 654/880/129
f  695/881/256 599/785/256 591/786/257 687/882/257
f  696/883/262 600/787/262 504/788/85 642/884/85
f  697/885/265 601/789/265 506/790/266 644/886/266
f  698/887/269 602/791/269 508/792/270 646/888/270
f  699/889/346 603/793/346 593/773/238 689/869/238
f  700/890/347 604/794/347 603/793/346 699/889/346
f  701/891/348 605/795/480 604/794/347 700/890/347
f  635/892/349 497/796/481 605/795/480 701/891/348
f  702/893/351 606/797/482 594/775/241 690/871/241
f  703/894/353 607/798/353 606/797/482 702/893/351
f  704/895/354 608/799/354 607/798/353 703/894/353
f  637/896/6 499/800/6 608/799/354 704/895/354
f  705/897/356 609/801/356 595/777/245 691/873/245
f  706/898/483 610/802/483 609/801/356 705/897/356
f  707/899/359 611/803/359 610/802/483 706/898/483
f  639/900/360 501/804/10 611/803/359 707/899/359
f  708/901/365 612/805/365 596/779/248 692/875/248
f  709/902/366 613/806/366 612/805/365 708/901/365
f  710/903/367 614/807/367 613/806/366 709/902/366
f  651/904/368 513/808/368 614/807/367 710/903/367
f  711/905/370 615/809/485 597/781/473 693/877/473
f  712/906/372 616/810/372 615/809/485 711/905/370
f  713/907/374 617/811/374 616/810/372 712/906/372
f  653/908/128 515/812/128 617/811/374 713/907/374
f  714/909/377 618/813/377 598/783/255 694/879/255
f  715/910/379 619/814/496 618/813/377 714/909/377
f  716/911/381 620/815/381 619/814/496 715/910/379
f  655/912/383 517/816/383 620/815/381 716/911/381
f  717/913/384 621/817/384 599/785/256 695/881/256
f  718/914/487 622/818/487 621/817/384 717/913/384
f  719/915/386 623/819/386 622/818/487 718/914/487
f  688/916/387 592/820/387 623/819/386 719/915/386
f  720/917/396 624/821/396 600/787/262 696/883/262
f  721/918/397 625/822/489 624/821/396 720/917/396
f  722/919/490 626/823/490 625/822/489 721/918/397
f  643/920/399 505/824/491 626/823/490 722/919/490
f  723/921/401 627/825/497 601/789/265 697/885/265
f  724/922/403 628/826/403 627/825/497 723/921/401
f  725/923/405 629/827/405 628/826/403 724/922/403
f  645/924/407 507/828/407 629/827/405 725/923/405
f  726/925/409 630/829/409 602/791/269 698/887/269
f  727/926/411 631/830/493 630/829/409 726/925/409
f  728/927/494 632/831/494 631/830/493 727/926/411
f  647/928/415 509/832/495 632/831/494 728/927/494
f  657/833/219 735/929/219 729/930/2 633/834/2
f  658/835/224 736/931/224 184/932/225 659/836/225
f  660/837/471 737/933/471 187/934/227 661/838/227
f  662/839/472 738/935/472 191/936/229 663/840/229
f  664/841/230 739/937/230 731/938/84 641/842/84
f  665/843/233 740/939/233 733/940/124 649/844/124
f  666/845/303 741/941/303 735/929/219 657/833/219
f  667/846/475 742/942/475 741/941/303 666/845/303
f  668/847/305 743/943/305 742/942/475 667/846/475
f  640/848/11 730/944/11 743/943/305 668/847/305
f  669/849/314 744/945/314 736/931/224 658/835/224
f  670/850/476 745/946/476 744/945/314 669/849/314
f  671/851/477 746/947/477 745/946/476 670/850/476
f  672/852/317 186/948/501 746/947/477 671/851/477
f  673/853/318 747/949/502 737/933/471 660/837/471
f  674/854/319 748/950/319 747/949/502 673/853/318
f  675/855/320 749/951/320 748/950/319 674/854/319
f  676/856/321 190/952/321 749/951/320 675/855/320
f  677/857/322 750/953/322 738/935/472 662/839/472
f  678/858/323 751/954/323 750/953/322 677/857/322
f  679/859/498 752/955/498 751/954/323 678/858/323
f  680/860/325 194/956/503 752/955/498 679/859/498
f  681/861/326 753/957/326 739/937/230 664/841/230
f  682/862/479 754/958/479 753/957/326 681/861/326
f  683/863/328 755/959/328 754/958/479 682/862/479
f  648/864/329 732/960/329 755/959/328 683/863/328
f  684/865/334 756/961/334 740/939/233 665/843/233
f  685/866/499 757/962/499 756/961/334 684/865/334
f  686/867/336 758/963/504 757/962/499 685/866/499
f  656/868/500 734/964/500 758/963/504 686/867/336
f  309/275/238 689/869/238 634/870/3 310/276/3
f  312/279/241 690/871/241 636/872/242 313/280/242
f  315/283/245 691/873/245 638/874/7 316/284/7
f  318/289/248 692/875/248 650/876/125 319/290/125
f  321/293/251 693/877/473 652/878/252 322/294/252
f  324/297/255 694/879/255 654/880/129 325/298/129
f  326/301/256 695/881/256 687/882/257 183/302/257
f  329/307/262 696/883/262 642/884/85 330/308/85
f  332/311/265 697/885/265 644/886/266 333/312/266
f  335/315/269 698/887/269 646/888/270 336/316/270
f  389/429/346 699/889/346 689/869/238 309/275/238
f  390/431/347 700/890/347 699/889/346 389/429/346
f  391/433/348 701/891/348 700/890/347 390/431/347
f  392/435/349 635/892/349 701/891/348 391/433/348
f  394/437/351 702/893/351 690/871/241 312/279/241
f  396/439/353 703/894/353 702/893/351 394/437/351
f  397/441/354 704/895/354 703/894/353 396/439/353
f  398/443/6 637/896/6 704/895/354 397/441/354
f  400/445/356 705/897/356 691/873/245 315/283/245
f  402/447/358 706/898/483 705/897/356 400/445/356
f  403/449/359 707/899/359 706/898/483 402/447/358
f  404/451/360 639/900/360 707/899/359 403/449/359
f  408/457/365 708/901/365 692/875/248 318/289/248
f  409/459/366 709/902/366 708/901/365 408/457/365
f  410/461/367 710/903/367 709/902/366 409/459/366
f  411/463/368 651/904/368 710/903/367 410/461/367
f  413/465/370 711/905/370 693/877/473 321/293/251
f  415/467/372 712/906/372 711/905/370 413/465/370
f  417/469/374 713/907/374 712/906/372 415/467/372
f  418/471/128 653/908/128 713/907/374 417/469/374
f  420/473/377 714/909/377 694/879/255 324/297/255
f  422/475/379 715/910/379 714/909/377 420/473/377
f  424/477/381 716/911/381 715/910/379 422/475/379
f  425/479/383 655/912/383 716/911/381 424/477/381
f  426/481/384 717/913/384 695/881/256 326/301/256
f  427/483/385 718/914/487 717/913/384 426/481/384
f  428/485/386 719/915/386 718/914/487 427/483/385
f  195/487/387 688/916/387 719/915/386 428/485/386
f  435/494/396 720/917/396 696/883/262 329/307/262
f  436/496/397 721/918/397 720/917/396 435/494/396
f  437/498/398 722/919/490 721/918/397 436/496/397
f  438/500/399 643/920/399 722/919/490 437/498/398
f  440/502/401 723/921/401 697/885/265 332/311/265
f  442/504/403 724/922/403 723/921/401 440/502/401
f  444/506/405 725/923/405 724/922/403 442/504/403
f  445/508/407 645/924/407 725/923/405 444/506/405
f  447/510/409 726/925/409 698/887/269 335/315/269
f  449/512/411 727/926/411 726/925/409 447/510/409
f  451/514/413 728/927/494 727/926/411 449/512/411
f  452/516/415 647/928/415 728/927/494 451/514/413
f  418/965/128 286/966/375 285/295/253 325/298/129
f  735/929/219 308/967/237 179/968/236 729/930/2
f  736/931/224 327/969/259 49/970/258 184/932/225
f  737/933/471 337/971/272 188/972/271 187/934/227
f  738/935/472 339/973/276 192/974/275 191/936/229
f  739/937/230 328/975/261 197/976/260 731/938/84
f  740/939/233 317/977/247 181/978/246 733/940/124
f  741/941/303 386/979/342 308/967/237 735/929/219
f  742/942/475 387/980/343 386/979/342 741/941/303
f  743/943/305 388/981/344 387/980/343 742/942/475
f  730/944/11 287/982/345 388/981/344 743/943/305
f  744/945/314 429/983/388 327/969/259 736/931/224
f  745/946/476 430/984/389 429/983/388 744/945/314
f  746/947/477 431/985/390 430/984/389 745/946/476
f  186/948/501 185/986/391 431/985/390 746/947/477
f  747/949/502 453/987/416 337/971/272 737/933/471
f  748/950/319 455/988/418 453/987/416 747/949/502
f  749/951/320 457/989/420 455/988/418 748/950/319
f  190/952/321 189/990/505 457/989/420 749/951/320
f  750/953/322 459/991/422 339/973/276 738/935/472
f  751/954/323 461/992/424 459/991/422 750/953/322
f  752/955/498 463/993/426 461/992/424 751/954/323
f  194/956/503 193/994/428 463/993/426 752/955/498
f  753/957/326 432/995/392 328/975/261 739/937/230
f  754/958/479 433/996/393 432/995/392 753/957/326
f  755/959/328 434/997/394 433/996/393 754/958/479
f  732/960/329 293/998/395 434/997/394 755/959/328
f  756/961/334 405/999/361 317/977/247 740/939/233
f  757/962/499 406/1000/362 405/999/361 756/961/334
f  758/963/504 407/1001/363 406/1000/362 757/962/499
f  734/964/500 283/1002/364 407/1001/363 758/963/504
# object Object002
g Object002
v -0.00194 -0.00531 0.04735
v -0.00378 -0.00531 0.04735
v -0.00377 -0.00752 0.04740
v -0.00194 -0.00753 0.04740
v -0.00195 -0.00308 0.04729
v -0.00379 -0.00308 0.04730
v -0.00565 -0.00531 0.04736
v -0.00563 -0.00751 0.04740
v -0.00566 -0.00309 0.04731
v -0.00755 -0.00532 0.04736
v -0.00752 -0.00750 0.04740
v -0.00757 -0.00311 0.04732
v -0.00945 -0.00534 0.04735
v -0.00949 -0.00314 0.04732
v -0.00940 -0.00751 0.04738
v -0.01313 -0.00552 0.04721
v -0.01485 -0.00575 0.04703
v -0.01474 -0.00787 0.04703
v -0.01304 -0.00765 0.04723
v -0.01319 -0.00335 0.04721
v -0.01493 -0.00358 0.04703
v -0.01132 -0.00540 0.04731
v -0.01126 -0.00755 0.04733
v -0.01137 -0.00322 0.04729
v -0.00371 -0.01355 0.04750
v -0.00373 -0.01167 0.04748
v -0.00557 -0.01163 0.04748
v -0.00552 -0.01349 0.04750
v -0.00547 -0.01519 0.04750
v -0.00368 -0.01527 0.04751
v -0.00191 -0.01358 0.04751
v -0.00192 -0.01169 0.04748
v -0.00190 -0.01531 0.04751
v -0.01700 -0.01429 0.04623
v -0.01737 -0.01264 0.04622
v -0.01883 -0.01342 0.04560
v -0.01838 -0.01503 0.04561
v -0.01783 -0.01648 0.04563
v -0.01653 -0.01577 0.04625
v -0.01560 -0.01377 0.04672
v -0.01413 -0.01346 0.04706
v -0.01438 -0.01175 0.04705
v -0.01591 -0.01209 0.04671
v -0.01522 -0.01528 0.04673
v -0.01383 -0.01500 0.04707
v -0.01648 -0.00612 0.04671
v -0.01634 -0.00824 0.04670
v -0.01658 -0.00393 0.04673
v -0.01804 -0.00667 0.04625
v -0.01958 -0.00741 0.04565
v -0.01940 -0.00961 0.04561
v -0.01789 -0.00881 0.04623
v -0.01815 -0.00443 0.04629
v -0.01969 -0.00507 0.04570
v -0.01116 -0.00961 0.04736
v -0.01105 -0.01154 0.04738
v -0.00925 -0.01155 0.04744
v -0.00934 -0.00959 0.04741
v -0.01292 -0.00969 0.04724
v -0.01276 -0.01159 0.04726
v -0.01458 -0.00988 0.04703
v -0.00193 -0.00967 0.04745
v -0.00375 -0.00965 0.04745
v -0.00560 -0.00963 0.04744
v -0.01767 -0.01081 0.04622
v -0.01916 -0.01163 0.04560
v -0.01616 -0.01024 0.04670
v -0.00742 -0.01159 0.04746
v -0.00735 -0.01342 0.04748
v -0.00726 -0.01510 0.04749
v -0.00915 -0.01335 0.04746
v -0.00902 -0.01499 0.04746
v -0.00747 -0.00961 0.04744
v -0.01090 -0.01331 0.04739
v -0.01073 -0.01491 0.04740
v -0.01257 -0.01332 0.04727
v -0.01233 -0.01489 0.04728
v -0.00013 -0.00753 0.04740
v -0.00013 -0.00531 0.04734
v -0.00013 -0.00308 0.04729
v -0.00013 -0.01359 0.04751
v -0.00013 -0.01170 0.04748
v -0.00013 -0.00967 0.04745
v -0.00364 -0.01683 0.04749
v -0.00359 -0.01827 0.04744
v -0.00186 -0.01834 0.04744
v -0.00188 -0.01689 0.04750
v -0.00540 -0.01674 0.04749
v -0.00532 -0.01815 0.04743
v -0.01599 -0.01710 0.04625
v -0.01716 -0.01779 0.04564
v -0.01641 -0.01900 0.04564
v -0.01537 -0.01830 0.04624
v -0.01430 -0.01783 0.04671
v -0.01478 -0.01663 0.04673
v -0.00353 -0.01959 0.04732
v -0.00346 -0.02083 0.04710
v -0.00179 -0.02090 0.04711
v -0.00183 -0.01966 0.04732
v -0.00336 -0.02201 0.04675
v -0.00174 -0.02208 0.04677
v -0.00512 -0.02071 0.04708
v -0.00497 -0.02193 0.04671
v -0.00523 -0.01946 0.04731
v -0.00323 -0.02314 0.04628
v -0.00476 -0.02318 0.04616
v -0.00443 -0.02457 0.04538
v -0.00309 -0.02409 0.04576
v -0.00168 -0.02325 0.04627
v -0.00160 -0.02453 0.04553
v -0.00640 -0.02306 0.04610
v -0.00806 -0.02280 0.04609
v -0.00791 -0.02421 0.04531
v -0.00611 -0.02451 0.04530
v -0.00660 -0.02177 0.04668
v -0.00821 -0.02152 0.04666
v -0.00677 -0.02053 0.04706
v -0.00838 -0.02030 0.04705
v -0.00692 -0.01929 0.04730
v -0.00704 -0.01800 0.04742
v -0.00872 -0.01783 0.04740
v -0.00855 -0.01909 0.04728
v -0.00716 -0.01662 0.04748
v -0.00888 -0.01648 0.04745
v -0.00989 -0.02005 0.04701
v -0.00973 -0.02121 0.04665
v -0.01125 -0.01983 0.04694
v -0.01109 -0.02090 0.04662
v -0.01009 -0.01889 0.04723
v -0.01031 -0.01768 0.04734
v -0.01178 -0.01758 0.04723
v -0.01150 -0.01874 0.04713
v -0.01053 -0.01636 0.04739
v -0.01207 -0.01631 0.04727
v -0.01274 -0.01872 0.04696
v -0.01241 -0.01971 0.04681
v -0.01311 -0.01761 0.04703
v -0.01220 -0.02062 0.04655
v -0.01331 -0.01980 0.04657
v -0.01294 -0.02045 0.04646
v -0.01379 -0.01890 0.04666
v -0.01348 -0.01638 0.04706
v -0.00964 -0.02243 0.04610
v -0.00962 -0.02377 0.04536
v -0.01106 -0.02201 0.04611
v -0.01116 -0.02324 0.04542
v -0.01227 -0.02154 0.04611
v -0.01323 -0.02102 0.04611
v -0.01364 -0.02193 0.04552
v -0.01250 -0.02263 0.04547
v -0.01471 -0.01936 0.04621
v -0.01559 -0.02007 0.04562
v -0.01465 -0.02109 0.04557
v -0.01400 -0.02029 0.04616
v -0.00013 -0.01691 0.04750
v -0.00013 -0.01533 0.04751
v -0.00013 -0.01969 0.04732
v -0.00013 -0.01836 0.04744
v -0.00013 -0.02209 0.04678
v -0.00013 -0.02092 0.04711
v -0.00013 -0.02409 0.04583
v -0.00013 -0.02318 0.04633
v -0.00195 0.00320 0.04719
v -0.00379 0.00319 0.04721
v -0.00379 0.00122 0.04722
v -0.00195 0.00123 0.04721
v -0.00194 0.00502 0.04720
v -0.00378 0.00500 0.04722
v -0.00379 -0.00089 0.04725
v -0.00195 -0.00088 0.04724
v -0.00567 0.00120 0.04724
v -0.00567 -0.00090 0.04727
v -0.00566 0.00497 0.04725
v -0.00567 0.00316 0.04723
v -0.00759 -0.00093 0.04729
v -0.00951 -0.00098 0.04729
v -0.01324 -0.00121 0.04721
v -0.01498 -0.00143 0.04705
v -0.01140 -0.00106 0.04728
v -0.01327 0.00277 0.04725
v -0.01326 0.00450 0.04730
v -0.01502 0.00430 0.04719
v -0.01502 0.00257 0.04713
v -0.01501 0.00064 0.04708
v -0.01326 0.00085 0.04722
v -0.01143 0.00292 0.04730
v -0.00952 0.00304 0.04729
v -0.00951 0.00480 0.04732
v -0.01142 0.00467 0.04734
v -0.01142 0.00100 0.04728
v -0.00952 0.00110 0.04728
v -0.01259 0.01498 0.04732
v -0.01468 0.01429 0.04731
v -0.01461 0.01318 0.04753
v -0.01267 0.01376 0.04756
v -0.01038 0.01556 0.04731
v -0.01064 0.01426 0.04756
v -0.00858 0.01466 0.04755
v -0.00817 0.01599 0.04729
v -0.00659 0.01492 0.04753
v -0.00607 0.01625 0.04728
v -0.00420 0.01627 0.04730
v -0.00474 0.01502 0.04753
v -0.00100 0.01619 0.04734
v -0.00276 0.01581 0.04742
v -0.00308 0.01497 0.04756
v -0.00147 0.01505 0.04754
v -0.00168 0.01402 0.04763
v -0.00334 0.01397 0.04764
v -0.00351 0.01293 0.04766
v -0.00179 0.01298 0.04764
v -0.00185 0.01191 0.04758
v -0.00362 0.01185 0.04760
v -0.00368 0.01071 0.04751
v -0.00189 0.01077 0.04749
v -0.00544 0.01174 0.04764
v -0.00553 0.01061 0.04755
v -0.00530 0.01282 0.04768
v -0.00508 0.01390 0.04765
v -0.00373 0.00948 0.04741
v -0.00559 0.00940 0.04745
v -0.00562 0.00807 0.04736
v -0.00375 0.00814 0.04732
v -0.00191 0.00953 0.04739
v -0.00193 0.00817 0.04730
v -0.00194 0.00668 0.04724
v -0.00377 0.00665 0.04726
v -0.00565 0.00660 0.04729
v -0.00694 0.01374 0.04767
v -0.00717 0.01264 0.04771
v -0.00732 0.01157 0.04768
v -0.00742 0.01045 0.04759
v -0.00924 0.01132 0.04772
v -0.00909 0.01238 0.04775
v -0.00934 0.01024 0.04764
v -0.00888 0.01348 0.04770
v -0.01807 0.00885 0.04710
v -0.01800 0.00970 0.04721
v -0.01950 0.00953 0.04681
v -0.01958 0.00875 0.04667
v -0.01795 0.01048 0.04729
v -0.01944 0.01023 0.04693
v -0.01792 0.01123 0.04733
v -0.01797 0.01196 0.04731
v -0.01936 0.01145 0.04711
v -0.01938 0.01087 0.04703
v -0.01635 0.01167 0.04753
v -0.01463 0.01216 0.04766
v -0.01638 0.01256 0.04745
v -0.01638 0.01081 0.04754
v -0.01469 0.01122 0.04770
v -0.01643 0.00996 0.04749
v -0.01650 0.00906 0.04740
v -0.01484 0.00934 0.04758
v -0.01477 0.01029 0.04766
v -0.01279 0.01265 0.04771
v -0.01290 0.01164 0.04776
v -0.01085 0.01310 0.04772
v -0.01102 0.01204 0.04777
v -0.01115 0.01101 0.04775
v -0.01124 0.00997 0.04767
v -0.01300 0.01066 0.04774
v -0.01309 0.00966 0.04766
v -0.01826 0.00397 0.04660
v -0.01823 0.00552 0.04672
v -0.01976 0.00555 0.04625
v -0.01979 0.00400 0.04611
v -0.01819 0.00681 0.04684
v -0.01971 0.00680 0.04638
v -0.01813 0.00791 0.04697
v -0.01964 0.00785 0.04653
v -0.01656 0.00807 0.04729
v -0.01490 0.00831 0.04748
v -0.01661 0.00695 0.04717
v -0.01495 0.00716 0.04737
v -0.01665 0.00564 0.04706
v -0.01668 0.00411 0.04697
v -0.01499 0.00583 0.04728
v -0.01315 0.00858 0.04757
v -0.01320 0.00739 0.04746
v -0.01131 0.00885 0.04757
v -0.00941 0.00908 0.04754
v -0.01136 0.00762 0.04748
v -0.00946 0.00781 0.04745
v -0.01140 0.00623 0.04740
v -0.00949 0.00639 0.04737
v -0.01324 0.00604 0.04738
v -0.01823 -0.00216 0.04634
v -0.01977 -0.00266 0.04576
v -0.01664 -0.00174 0.04677
v -0.01827 0.00213 0.04650
v -0.01981 0.00199 0.04597
v -0.01826 0.00006 0.04641
v -0.01981 -0.00027 0.04585
v -0.01669 0.00234 0.04688
v -0.01668 0.00037 0.04682
v -0.01656 0.01352 0.04729
v -0.01818 0.01268 0.04724
v -0.01938 0.01190 0.04714
v -0.00749 0.00927 0.04750
v -0.00753 0.00796 0.04740
v -0.00756 0.00652 0.04733
v -0.00758 0.00490 0.04729
v -0.00759 0.00116 0.04727
v -0.00759 0.00311 0.04726
v -0.00013 0.00321 0.04718
v -0.00013 0.00503 0.04719
v -0.00013 0.00123 0.04720
v -0.00013 -0.00088 0.04724
v -0.00013 0.01499 0.04756
v -0.00013 0.01579 0.04743
v -0.00013 0.01402 0.04763
v -0.00013 0.01300 0.04764
v -0.00013 0.01078 0.04748
v -0.00013 0.01193 0.04758
v -0.00013 0.00954 0.04738
v -0.00013 0.00818 0.04729
v -0.00013 0.00668 0.04723
v 0.00350 -0.00752 0.04740
v 0.00351 -0.00531 0.04735
v 0.00168 -0.00531 0.04735
v 0.00167 -0.00753 0.04740
v 0.00352 -0.00308 0.04730
v 0.00168 -0.00308 0.04729
v 0.00536 -0.00751 0.04740
v 0.00538 -0.00531 0.04736
v 0.00540 -0.00309 0.04731
v 0.00725 -0.00750 0.04740
v 0.00728 -0.00532 0.04736
v 0.00731 -0.00311 0.04732
v 0.00919 -0.00534 0.04735
v 0.00922 -0.00314 0.04732
v 0.00914 -0.00751 0.04738
v 0.01447 -0.00787 0.04703
v 0.01458 -0.00575 0.04703
v 0.01287 -0.00552 0.04721
v 0.01277 -0.00765 0.04723
v 0.01467 -0.00358 0.04703
v 0.01293 -0.00335 0.04721
v 0.01099 -0.00755 0.04733
v 0.01106 -0.00540 0.04731
v 0.01111 -0.00322 0.04729
v 0.00530 -0.01163 0.04748
v 0.00347 -0.01167 0.04748
v 0.00344 -0.01355 0.04750
v 0.00526 -0.01349 0.04750
v 0.00520 -0.01519 0.04750
v 0.00341 -0.01527 0.04751
v 0.00166 -0.01169 0.04748
v 0.00165 -0.01358 0.04751
v 0.00163 -0.01531 0.04751
v 0.01856 -0.01342 0.04560
v 0.01711 -0.01264 0.04622
v 0.01673 -0.01429 0.04623
v 0.01812 -0.01503 0.04561
v 0.01756 -0.01648 0.04563
v 0.01627 -0.01577 0.04625
v 0.01412 -0.01175 0.04705
v 0.01387 -0.01346 0.04706
v 0.01533 -0.01377 0.04672
v 0.01565 -0.01209 0.04671
v 0.01356 -0.01500 0.04707
v 0.01495 -0.01528 0.04673
v 0.01608 -0.00824 0.04670
v 0.01622 -0.00612 0.04671
v 0.01631 -0.00393 0.04673
v 0.01914 -0.00961 0.04561
v 0.01931 -0.00741 0.04565
v 0.01778 -0.00667 0.04625
v 0.01762 -0.00881 0.04623
v 0.01943 -0.00507 0.04570
v 0.01789 -0.00443 0.04629
v 0.00899 -0.01155 0.04744
v 0.01078 -0.01154 0.04738
v 0.01090 -0.00961 0.04736
v 0.00907 -0.00959 0.04741
v 0.01265 -0.00969 0.04724
v 0.01250 -0.01159 0.04726
v 0.01432 -0.00988 0.04703
v 0.00167 -0.00967 0.04745
v 0.00349 -0.00965 0.04745
v 0.00534 -0.00963 0.04744
v 0.01740 -0.01081 0.04622
v 0.01890 -0.01163 0.04560
v 0.01589 -0.01024 0.04670
v 0.00715 -0.01159 0.04746
v 0.00708 -0.01342 0.04748
v 0.00699 -0.01510 0.04749
v 0.00889 -0.01335 0.04746
v 0.00876 -0.01499 0.04746
v 0.00721 -0.00961 0.04744
v 0.01064 -0.01331 0.04739
v 0.01046 -0.01491 0.04740
v 0.01230 -0.01332 0.04727
v 0.01207 -0.01489 0.04728
v 0.00159 -0.01834 0.04744
v 0.00333 -0.01827 0.04744
v 0.00337 -0.01683 0.04749
v 0.00162 -0.01689 0.04750
v 0.00514 -0.01674 0.04749
v 0.00506 -0.01815 0.04743
v 0.01572 -0.01710 0.04625
v 0.01690 -0.01779 0.04564
v 0.01614 -0.01900 0.04564
v 0.01511 -0.01830 0.04624
v 0.01403 -0.01783 0.04671
v 0.01452 -0.01663 0.04673
v 0.00153 -0.02090 0.04711
v 0.00319 -0.02083 0.04710
v 0.00327 -0.01959 0.04732
v 0.00157 -0.01966 0.04732
v 0.00148 -0.02208 0.04677
v 0.00309 -0.02201 0.04675
v 0.00471 -0.02193 0.04671
v 0.00485 -0.02071 0.04708
v 0.00497 -0.01946 0.04731
v 0.00416 -0.02457 0.04538
v 0.00450 -0.02318 0.04616
v 0.00296 -0.02314 0.04628
v 0.00283 -0.02409 0.04576
v 0.00141 -0.02325 0.04627
v 0.00134 -0.02453 0.04553
v 0.00765 -0.02421 0.04531
v 0.00779 -0.02280 0.04609
v 0.00613 -0.02306 0.04610
v 0.00584 -0.02451 0.04530
v 0.00795 -0.02152 0.04666
v 0.00634 -0.02177 0.04668
v 0.00812 -0.02030 0.04705
v 0.00651 -0.02053 0.04706
v 0.00845 -0.01783 0.04740
v 0.00678 -0.01800 0.04742
v 0.00665 -0.01929 0.04730
v 0.00829 -0.01909 0.04728
v 0.00689 -0.01662 0.04748
v 0.00861 -0.01648 0.04745
v 0.00947 -0.02121 0.04665
v 0.00963 -0.02005 0.04701
v 0.01082 -0.02090 0.04662
v 0.01099 -0.01983 0.04694
v 0.01152 -0.01758 0.04723
v 0.01005 -0.01768 0.04734
v 0.00983 -0.01889 0.04723
v 0.01123 -0.01874 0.04713
v 0.01026 -0.01636 0.04739
v 0.01180 -0.01631 0.04727
v 0.01214 -0.01971 0.04681
v 0.01247 -0.01872 0.04696
v 0.01285 -0.01761 0.04703
v 0.01194 -0.02062 0.04655
v 0.01268 -0.02045 0.04646
v 0.01305 -0.01980 0.04657
v 0.01353 -0.01890 0.04666
v 0.01322 -0.01638 0.04706
v 0.00936 -0.02377 0.04536
v 0.00937 -0.02243 0.04610
v 0.01090 -0.02324 0.04542
v 0.01079 -0.02201 0.04611
v 0.01338 -0.02193 0.04552
v 0.01297 -0.02102 0.04611
v 0.01200 -0.02154 0.04611
v 0.01223 -0.02263 0.04547
v 0.01445 -0.01936 0.04621
v 0.01533 -0.02007 0.04562
v 0.01438 -0.02109 0.04557
v 0.01373 -0.02029 0.04616
v 0.00353 0.00122 0.04722
v 0.00352 0.00319 0.04721
v 0.00168 0.00320 0.04719
v 0.00168 0.00123 0.04721
v 0.00352 0.00500 0.04722
v 0.00168 0.00502 0.04720
v 0.00352 -0.00089 0.04725
v 0.00168 -0.00088 0.04724
v 0.00541 -0.00090 0.04727
v 0.00541 0.00120 0.04724
v 0.00540 0.00497 0.04725
v 0.00541 0.00316 0.04723
v 0.00732 -0.00093 0.04729
v 0.00924 -0.00098 0.04729
v 0.01472 -0.00143 0.04705
v 0.01297 -0.00121 0.04721
v 0.01114 -0.00106 0.04728
v 0.01475 0.00430 0.04719
v 0.01300 0.00450 0.04730
v 0.01300 0.00277 0.04725
v 0.01476 0.00257 0.04713
v 0.01475 0.00064 0.04708
v 0.01300 0.00085 0.04722
v 0.00925 0.00480 0.04732
v 0.00926 0.00304 0.04729
v 0.01116 0.00292 0.04730
v 0.01115 0.00467 0.04734
v 0.00926 0.00110 0.04728
v 0.01116 0.00100 0.04728
v 0.01434 0.01318 0.04753
v 0.01441 0.01429 0.04731
v 0.01232 0.01498 0.04732
v 0.01241 0.01376 0.04756
v 0.00832 0.01466 0.04755
v 0.01037 0.01426 0.04756
v 0.01011 0.01556 0.04731
v 0.00790 0.01599 0.04729
v 0.00633 0.01492 0.04753
v 0.00581 0.01625 0.04728
v 0.00393 0.01627 0.04730
v 0.00448 0.01502 0.04753
v 0.00281 0.01497 0.04756
v 0.00249 0.01581 0.04742
v 0.00074 0.01619 0.04734
v 0.00121 0.01505 0.04754
v 0.00325 0.01293 0.04766
v 0.00307 0.01397 0.04764
v 0.00142 0.01402 0.04763
v 0.00153 0.01298 0.04764
v 0.00342 0.01071 0.04751
v 0.00335 0.01185 0.04760
v 0.00159 0.01191 0.04758
v 0.00163 0.01077 0.04749
v 0.00526 0.01061 0.04755
v 0.00518 0.01174 0.04764
v 0.00504 0.01282 0.04768
v 0.00482 0.01390 0.04765
v 0.00346 0.00948 0.04741
v 0.00532 0.00940 0.04745
v 0.00536 0.00807 0.04736
v 0.00349 0.00814 0.04732
v 0.00165 0.00953 0.04739
v 0.00166 0.00817 0.04730
v 0.00351 0.00665 0.04726
v 0.00167 0.00668 0.04724
v 0.00538 0.00660 0.04729
v 0.00691 0.01264 0.04771
v 0.00668 0.01374 0.04767
v 0.00716 0.01045 0.04759
v 0.00706 0.01157 0.04768
v 0.00898 0.01132 0.04772
v 0.00883 0.01238 0.04775
v 0.00908 0.01024 0.04764
v 0.00862 0.01348 0.04770
v 0.01924 0.00953 0.04681
v 0.01774 0.00970 0.04721
v 0.01780 0.00885 0.04710
v 0.01931 0.00875 0.04667
v 0.01917 0.01023 0.04693
v 0.01768 0.01048 0.04729
v 0.01910 0.01145 0.04711
v 0.01771 0.01196 0.04731
v 0.01766 0.01123 0.04733
v 0.01912 0.01087 0.04703
v 0.01436 0.01216 0.04766
v 0.01608 0.01167 0.04753
v 0.01612 0.01256 0.04745
v 0.01443 0.01122 0.04770
v 0.01611 0.01081 0.04754
v 0.01458 0.00934 0.04758
v 0.01623 0.00906 0.04740
v 0.01617 0.00996 0.04749
v 0.01450 0.01029 0.04766
v 0.01252 0.01265 0.04771
v 0.01264 0.01164 0.04776
v 0.01059 0.01310 0.04772
v 0.01076 0.01204 0.04777
v 0.01098 0.00997 0.04767
v 0.01088 0.01101 0.04775
v 0.01282 0.00966 0.04766
v 0.01274 0.01066 0.04774
v 0.01949 0.00555 0.04625
v 0.01797 0.00552 0.04672
v 0.01800 0.00397 0.04660
v 0.01953 0.00400 0.04611
v 0.01944 0.00680 0.04638
v 0.01792 0.00681 0.04684
v 0.01787 0.00791 0.04697
v 0.01938 0.00785 0.04653
v 0.01464 0.00831 0.04748
v 0.01629 0.00807 0.04729
v 0.01469 0.00716 0.04737
v 0.01635 0.00695 0.04717
v 0.01641 0.00411 0.04697
v 0.01639 0.00564 0.04706
v 0.01473 0.00583 0.04728
v 0.01289 0.00858 0.04757
v 0.01294 0.00739 0.04746
v 0.00915 0.00908 0.04754
v 0.01105 0.00885 0.04757
v 0.00919 0.00781 0.04745
v 0.01110 0.00762 0.04748
v 0.01113 0.00623 0.04740
v 0.00923 0.00639 0.04737
v 0.01297 0.00604 0.04738
v 0.01951 -0.00266 0.04576
v 0.01796 -0.00216 0.04634
v 0.01638 -0.00174 0.04677
v 0.01801 0.00213 0.04650
v 0.01955 0.00199 0.04597
v 0.01800 0.00006 0.04641
v 0.01954 -0.00027 0.04585
v 0.01642 0.00234 0.04688
v 0.01641 0.00037 0.04682
v 0.01630 0.01352 0.04729
v 0.01912 0.01190 0.04714
v 0.01791 0.01268 0.04724
v 0.00727 0.00796 0.04741
v 0.00722 0.00927 0.04750
v 0.00732 0.00490 0.04729
v 0.00730 0.00652 0.04733
v 0.00733 0.00116 0.04727
v 0.00733 0.00311 0.04726
v -0.02033 -0.01444 0.04389
v -0.01983 -0.01597 0.04389
v -0.01917 -0.01736 0.04390
v -0.02112 -0.00836 0.04401
v -0.02095 -0.01065 0.04394
v -0.02123 -0.00585 0.04410
v -0.02070 -0.01270 0.04390
v -0.01837 -0.01865 0.04391
v -0.01745 -0.01988 0.04389
v -0.00372 -0.02650 0.04303
v -0.00150 -0.02666 0.04297
v -0.00783 -0.02576 0.04324
v -0.00566 -0.02619 0.04313
v -0.00975 -0.02523 0.04335
v -0.01142 -0.02459 0.04349
v -0.01415 -0.02306 0.04372
v -0.01288 -0.02386 0.04362
v -0.01656 -0.02091 0.04386
v -0.01531 -0.02213 0.04380
v -0.01258 0.01637 0.04634
v -0.01491 0.01553 0.04637
v -0.00760 0.01750 0.04632
v -0.01009 0.01701 0.04633
v -0.00532 0.01781 0.04631
v -0.00320 0.01799 0.04627
v -0.00137 0.01807 0.04624
v -0.02097 0.00946 0.04561
v -0.02105 0.00876 0.04543
v -0.02088 0.01008 0.04579
v -0.02070 0.01112 0.04615
v -0.02079 0.01062 0.04597
v -0.02126 0.00580 0.04492
v -0.02130 0.00443 0.04475
v -0.02120 0.00696 0.04508
v -0.02113 0.00794 0.04526
v -0.02132 -0.00324 0.04420
v -0.02133 0.00204 0.04453
v -0.02134 -0.00055 0.04434
v -0.01698 0.01459 0.04640
v -0.02060 0.01158 0.04633
v -0.01877 0.01340 0.04646
v 0.01957 -0.01597 0.04389
v 0.02007 -0.01444 0.04389
v 0.01891 -0.01736 0.04390
v 0.02068 -0.01065 0.04394
v 0.02085 -0.00836 0.04401
v 0.02097 -0.00585 0.04410
v 0.02043 -0.01270 0.04390
v 0.01811 -0.01865 0.04391
v 0.01718 -0.01988 0.04389
v 0.00123 -0.02666 0.04297
v 0.00345 -0.02650 0.04303
v 0.00540 -0.02619 0.04313
v 0.00756 -0.02576 0.04324
v 0.00948 -0.02523 0.04335
v 0.01116 -0.02459 0.04349
v 0.01261 -0.02386 0.04362
v 0.01388 -0.02306 0.04372
v 0.01630 -0.02091 0.04386
v 0.01505 -0.02213 0.04380
v 0.01465 0.01553 0.04637
v 0.01232 0.01637 0.04634
v 0.00982 0.01701 0.04633
v 0.00734 0.01750 0.04632
v 0.00505 0.01781 0.04631
v 0.00294 0.01799 0.04627
v 0.00111 0.01807 0.04624
v 0.02079 0.00876 0.04543
v 0.02070 0.00946 0.04561
v 0.02061 0.01008 0.04579
v 0.02052 0.01062 0.04597
v 0.02043 0.01112 0.04615
v 0.02104 0.00443 0.04475
v 0.02100 0.00580 0.04492
v 0.02094 0.00696 0.04508
v 0.02087 0.00794 0.04526
v 0.02105 -0.00324 0.04420
v 0.02107 0.00204 0.04453
v 0.02108 -0.00055 0.04434
v 0.01672 0.01459 0.04640
v 0.02034 0.01158 0.04633
v 0.01851 0.01340 0.04646
# 691 verticies
vt 2.30700 2.39150
vt 2.11200 2.39150
vt 2.11300 2.15650
vt 2.30750 2.15600
vt 2.30700 2.62950
vt 2.11100 2.62900
vt 1.91300 2.39150
vt 1.91500 2.15750
vt 1.91150 2.62850
vt 1.71050 2.39100
vt 1.71400 2.15850
vt 1.70800 2.62650
vt 1.50800 2.38850
vt 1.50450 2.62250
vt 1.51300 2.15750
vt 1.11650 2.36900
vt 0.93350 2.34500
vt 0.94550 2.11950
vt 1.12600 2.14200
vt 1.10950 2.60000
vt 0.92500 2.57600
vt 1.30850 2.38200
vt 1.31600 2.15350
vt 1.30350 2.61450
vt 2.11950 1.51500
vt 2.11650 1.71450
vt 1.92150 1.71850
vt 1.92600 1.52100
vt 1.93200 1.34000
vt 2.12300 1.33200
vt 2.31050 1.51150
vt 2.30950 1.71200
vt 2.31200 1.32700
vt 0.70500 1.43650
vt 0.66450 1.61150
vt 0.51000 1.52800
vt 0.55700 1.35700
vt 0.61650 1.20300
vt 0.75400 1.27850
vt 0.85400 1.49150
vt 1.01000 1.52450
vt 0.98300 1.70600
vt 0.82050 1.67000
vt 0.89400 1.33100
vt 1.04200 1.36050
vt 0.76000 2.30550
vt 0.77450 2.07950
vt 0.74950 2.53850
vt 0.59350 2.24750
vt 0.43050 2.16800
vt 0.44850 1.93350
vt 0.61000 2.01900
vt 0.58150 2.48600
vt 0.41800 2.41750
vt 1.32550 1.93400
vt 1.33800 1.72900
vt 1.52900 1.72750
vt 1.52000 1.93600
vt 1.13900 1.92550
vt 1.15550 1.72350
vt 0.96200 1.90500
vt 2.30850 1.92800
vt 2.11450 1.92950
vt 1.91750 1.93150
vt 0.63350 1.80600
vt 0.47450 1.71950
vt 0.79450 1.86650
vt 1.72450 1.72300
vt 1.73200 1.52800
vt 1.74150 1.35000
vt 1.54000 1.53550
vt 1.55350 1.36100
vt 1.71850 1.93400
vt 1.35400 1.54050
vt 1.37250 1.36950
vt 1.17650 1.53850
vt 1.20150 1.37150
vt 2.50000 2.15550
vt 2.50000 2.39150
vt 2.50000 2.62950
vt 2.50000 1.51050
vt 2.50000 1.71150
vt 2.50000 1.92750
vt 2.12700 1.16500
vt 2.13200 1.01250
vt 2.31650 1.00550
vt 2.31400 1.15900
vt 1.93900 1.17500
vt 1.94750 1.02450
vt 0.81250 1.13650
vt 0.68750 1.06300
vt 0.76750 0.93500
vt 0.87750 1.00900
vt 0.99250 1.05850
vt 0.94100 1.18700
vt 2.13800 0.87200
vt 2.14650 0.74000
vt 2.32350 0.73200
vt 2.31950 0.86400
vt 2.15700 0.61350
vt 2.32850 0.60650
vt 1.96900 0.75300
vt 1.98500 0.62250
vt 1.95700 0.88500
vt 2.17050 2.69550
vt 2.00700 2.67050
vt 2.04300 2.50300
vt 2.18500 2.58500
vt 2.17050 0.49350
vt 2.00700 0.48900
vt 2.33550 0.48250
vt 2.34350 2.53500
vt 2.33550 2.69300
vt 1.83350 2.65750
vt 1.65650 2.65500
vt 1.67200 2.48750
vt 1.86400 2.48450
vt 1.83350 0.50200
vt 1.81100 0.64000
vt 1.63950 0.66650
vt 1.65650 0.53000
vt 1.79300 0.77150
vt 1.62200 0.79600
vt 1.77800 0.90350
vt 1.76450 1.04050
vt 1.58600 1.05850
vt 1.60400 0.92450
vt 1.75200 1.18850
vt 1.56900 1.20300
vt 1.46100 0.82250
vt 1.47800 0.69900
vt 1.31650 0.84600
vt 1.33400 0.73300
vt 1.43950 0.94600
vt 1.41650 1.07550
vt 1.26000 1.08550
vt 1.29000 0.96200
vt 1.39350 1.21550
vt 1.22950 1.22100
vt 1.15850 0.96450
vt 1.19350 0.85850
vt 1.11850 1.08250
vt 1.21550 0.76200
vt 1.09700 0.84900
vt 1.13650 0.78050
vt 1.04600 0.94500
vt 1.07900 1.21400
vt 1.48850 2.65700
vt 1.48950 2.49750
vt 1.33700 2.65900
vt 1.32600 2.51000
vt 1.48850 0.56900
vt 1.33700 0.61450
vt 1.20850 2.65900
vt 1.10600 2.65950
vt 1.06200 2.53300
vt 1.18400 2.52250
vt 1.20850 0.66400
vt 1.10600 0.71900
vt 0.94800 0.89600
vt 0.85400 0.82050
vt 0.95500 0.71200
vt 1.02450 0.79700
vt 1.06200 0.62250
vt 2.50000 1.15700
vt 2.50000 1.32550
vt 2.50000 0.86150
vt 2.50000 1.00300
vt 2.50000 0.60550
vt 2.50000 0.72950
vt 2.50000 2.59950
vt 2.50000 2.70600
vt 2.50000 0.48950
vt 2.30700 3.29800
vt 2.11100 3.29650
vt 2.11050 3.08650
vt 2.30650 3.08750
vt 2.30750 3.49150
vt 2.11150 3.48950
vt 2.11050 2.86250
vt 2.30700 2.86350
vt 1.91000 3.08450
vt 1.91050 2.86100
vt 1.91150 3.48550
vt 1.91050 3.29350
vt 1.70650 2.85850
vt 1.50200 2.85300
vt 1.10500 2.82850
vt 0.91900 2.80500
vt 1.30000 2.84400
vt 1.10200 3.25150
vt 1.10250 3.43600
vt 0.91600 3.41500
vt 0.91500 3.23050
vt 0.91600 3.02550
vt 1.10250 3.04750
vt 1.29800 3.26800
vt 1.50050 3.28000
vt 1.50150 3.46850
vt 1.29900 3.45400
vt 1.29850 3.06350
vt 1.50050 3.07400
vt 1.17450 4.55200
vt 0.95200 4.47850
vt 0.95950 4.35950
vt 1.16550 4.42150
vt 1.40950 4.61300
vt 1.38200 4.47500
vt 1.60100 4.51750
vt 1.64500 4.65900
vt 1.81250 4.54500
vt 1.86800 4.68650
vt 2.06750 4.68850
vt 2.00950 4.55600
vt 2.40750 4.68000
vt 2.22050 4.64000
vt 2.18650 4.55050
vt 2.35750 4.55900
vt 2.33500 4.44950
vt 2.15900 4.44400
vt 2.14050 4.33300
vt 2.32350 4.33900
vt 2.31650 4.22450
vt 2.12900 4.21800
vt 2.12200 4.09700
vt 2.31300 4.10300
vt 1.93500 4.20650
vt 1.92550 4.08650
vt 1.94950 4.32200
vt 1.97300 4.43650
vt 2.11750 3.96650
vt 1.91950 3.95750
vt 1.91550 3.81600
vt 2.11450 3.82300
vt 2.31050 3.97150
vt 2.30900 3.82700
vt 2.30800 3.66750
vt 2.11300 3.66500
vt 1.91300 3.65950
vt 1.77550 4.42000
vt 1.75050 4.30300
vt 1.73450 4.18800
vt 1.72400 4.07000
vt 1.53050 4.16200
vt 1.54600 4.27500
vt 1.51950 4.04650
vt 1.56850 4.39150
vt 0.59100 3.89950
vt 0.59750 3.98900
vt 0.43800 3.97100
vt 0.43050 3.88800
vt 0.60350 4.07200
vt 0.44550 4.04600
vt 0.60600 4.15200
vt 0.60100 4.23050
vt 0.45300 4.17600
vt 0.45100 4.11400
vt 0.77400 4.19900
vt 0.95700 4.25150
vt 0.77000 4.29400
vt 0.77100 4.10800
vt 0.95000 4.15100
vt 0.76500 4.01700
vt 0.75800 3.92150
vt 0.93450 3.95150
vt 0.94200 4.05250
vt 1.15300 4.30400
vt 1.14100 4.19600
vt 1.35900 4.35200
vt 1.34100 4.23850
vt 1.32750 4.12900
vt 1.31750 4.01800
vt 1.13000 4.09150
vt 1.12100 3.98500
vt 0.57050 3.38000
vt 0.57350 3.54450
vt 0.41100 3.54750
vt 0.40750 3.38300
vt 0.57800 3.68250
vt 0.41650 3.68150
vt 0.58400 3.79900
vt 0.42300 3.79300
vt 0.75150 3.81650
vt 0.92750 3.84200
vt 0.74600 3.69650
vt 0.92250 3.71900
vt 0.74150 3.55750
vt 0.73900 3.39450
vt 0.91850 3.57750
vt 1.11400 3.87100
vt 1.10900 3.74400
vt 1.31000 3.89900
vt 1.51250 3.92350
vt 1.30500 3.76800
vt 1.50700 3.78850
vt 1.30100 3.62050
vt 1.50350 3.63750
vt 1.10500 3.60000
vt 0.57400 2.72700
vt 0.40950 2.67350
vt 0.74300 2.77150
vt 0.56900 3.18350
vt 0.40550 3.16950
vt 0.57000 2.96300
vt 0.40600 2.92850
vt 0.73800 3.20650
vt 0.73900 2.99650
vt 0.75100 4.39600
vt 0.57900 4.30700
vt 0.45050 4.22300
vt 1.71700 3.94350
vt 1.71200 3.80450
vt 1.70900 3.65050
vt 1.70700 3.47850
vt 1.70600 3.08050
vt 1.70600 3.28850
vt 2.50000 3.29850
vt 2.50000 3.49200
vt 2.50000 3.08800
vt 2.50000 2.86350
vt 2.50000 4.55200
vt 2.50000 4.63800
vt 2.50000 4.44950
vt 2.50000 4.34100
vt 2.50000 4.10500
vt 2.50000 4.22650
vt 2.50000 3.97300
vt 2.50000 3.82800
vt 2.50000 3.66850
vt 2.88700 2.15650
vt 2.88800 2.39150
vt 2.69250 2.39150
vt 2.69200 2.15600
vt 2.88900 2.62900
vt 2.69300 2.62950
vt 3.08500 2.15750
vt 3.08700 2.39150
vt 3.08850 2.62850
vt 3.28600 2.15850
vt 3.28950 2.39100
vt 3.29200 2.62650
vt 3.49200 2.38850
vt 3.49550 2.62250
vt 3.48700 2.15750
vt 4.05450 2.11950
vt 4.06650 2.34500
vt 3.88350 2.36900
vt 3.87400 2.14200
vt 4.07500 2.57600
vt 3.89050 2.60000
vt 3.68400 2.15350
vt 3.69100 2.38200
vt 3.69650 2.61450
vt 3.07850 1.71850
vt 2.88350 1.71450
vt 2.88050 1.51500
vt 3.07400 1.52100
vt 3.06800 1.34000
vt 2.87700 1.33200
vt 2.69050 1.71200
vt 2.68950 1.51150
vt 2.68800 1.32700
vt 4.49000 1.52800
vt 4.33550 1.61150
vt 4.29500 1.43650
vt 4.44300 1.35700
vt 4.38350 1.20300
vt 4.24600 1.27850
vt 4.01700 1.70600
vt 3.99000 1.52450
vt 4.14600 1.49150
vt 4.17950 1.67000
vt 3.95800 1.36050
vt 4.10600 1.33100
vt 4.22550 2.07950
vt 4.24000 2.30550
vt 4.25050 2.53850
vt 4.55150 1.93350
vt 4.56950 2.16800
vt 4.40650 2.24750
vt 4.39000 2.01900
vt 4.58200 2.41750
vt 4.41850 2.48600
vt 3.47100 1.72750
vt 3.66200 1.72900
vt 3.67450 1.93400
vt 3.48000 1.93600
vt 3.86100 1.92550
vt 3.84450 1.72350
vt 4.03800 1.90500
vt 2.69150 1.92800
vt 2.88550 1.92950
vt 3.08250 1.93150
vt 4.36650 1.80600
vt 4.52550 1.71950
vt 4.20550 1.86650
vt 3.27550 1.72300
vt 3.26800 1.52800
vt 3.25850 1.35000
vt 3.46000 1.53550
vt 3.44650 1.36100
vt 3.28150 1.93400
vt 3.64600 1.54050
vt 3.62750 1.36950
vt 3.82350 1.53850
vt 3.79850 1.37150
vt 2.68350 1.00550
vt 2.86800 1.01250
vt 2.87300 1.16500
vt 2.68600 1.15900
vt 3.06100 1.17500
vt 3.05250 1.02450
vt 4.18750 1.13650
vt 4.31250 1.06300
vt 4.23250 0.93500
vt 4.12250 1.00900
vt 4.00750 1.05850
vt 4.05900 1.18700
vt 2.67650 0.73200
vt 2.85350 0.74000
vt 2.86150 0.87200
vt 2.68050 0.86400
vt 2.67150 0.60650
vt 2.84300 0.61350
vt 3.01500 0.62250
vt 3.03100 0.75300
vt 3.04300 0.88500
vt 2.95700 2.50300
vt 2.99300 2.67050
vt 2.82950 2.69550
vt 2.81500 2.58500
vt 2.82950 0.49350
vt 2.99300 0.48900
vt 2.66450 0.48250
vt 2.65650 2.53500
vt 2.66450 2.69300
vt 3.32800 2.48750
vt 3.34350 2.65500
vt 3.16650 2.65750
vt 3.13600 2.48450
vt 3.36000 0.66650
vt 3.18900 0.64000
vt 3.16650 0.50200
vt 3.34350 0.53000
vt 3.37800 0.79600
vt 3.20700 0.77150
vt 3.41400 1.05850
vt 3.23550 1.04050
vt 3.22200 0.90350
vt 3.39600 0.92450
vt 3.24800 1.18850
vt 3.43100 1.20300
vt 3.52200 0.69900
vt 3.53900 0.82250
vt 3.66600 0.73300
vt 3.68350 0.84600
vt 3.74000 1.08550
vt 3.58350 1.07550
vt 3.56000 0.94600
vt 3.71000 0.96200
vt 3.60650 1.21550
vt 3.77050 1.22100
vt 3.80650 0.85850
vt 3.84150 0.96450
vt 3.88150 1.08250
vt 3.78450 0.76200
vt 3.86350 0.78050
vt 3.90300 0.84900
vt 3.95400 0.94500
vt 3.92100 1.21400
vt 3.51050 2.49750
vt 3.51150 2.65700
vt 3.67400 2.51000
vt 3.66300 2.65900
vt 3.51150 0.56900
vt 3.66300 0.61450
vt 3.93800 2.53300
vt 3.89400 2.65950
vt 3.79150 2.65900
vt 3.81600 2.52250
vt 3.79150 0.66400
vt 3.89400 0.71900
vt 4.05200 0.89600
vt 4.14600 0.82050
vt 4.04500 0.71200
vt 3.97550 0.79700
vt 3.93800 0.62250
vt 2.88950 3.08650
vt 2.88900 3.29650
vt 2.69300 3.29800
vt 2.69300 3.08750
vt 2.88850 3.48950
vt 2.69250 3.49150
vt 2.88900 2.86250
vt 2.69300 2.86350
vt 3.08950 2.86100
vt 3.09000 3.08450
vt 3.08850 3.48550
vt 3.08950 3.29350
vt 3.29350 2.85850
vt 3.49800 2.85300
vt 4.08100 2.80500
vt 3.89500 2.82850
vt 3.70000 2.84400
vt 4.08400 3.41500
vt 3.89750 3.43600
vt 3.89800 3.25150
vt 4.08500 3.23050
vt 4.08400 3.02550
vt 3.89750 3.04750
vt 3.49850 3.46850
vt 3.49950 3.28000
vt 3.70200 3.26800
vt 3.70100 3.45400
vt 3.49950 3.07400
vt 3.70150 3.06350
vt 4.04050 4.35950
vt 4.04800 4.47850
vt 3.82550 4.55200
vt 3.83450 4.42150
vt 3.39900 4.51750
vt 3.61800 4.47500
vt 3.59050 4.61300
vt 3.35500 4.65900
vt 3.18750 4.54500
vt 3.13200 4.68650
vt 2.93250 4.68850
vt 2.99050 4.55600
vt 2.81350 4.55050
vt 2.77950 4.64000
vt 2.59250 4.68000
vt 2.64250 4.55900
vt 2.85950 4.33300
vt 2.84100 4.44400
vt 2.66500 4.44950
vt 2.67650 4.33900
vt 2.87800 4.09700
vt 2.87100 4.21800
vt 2.68350 4.22450
vt 2.68700 4.10300
vt 3.07450 4.08650
vt 3.06500 4.20650
vt 3.05050 4.32200
vt 3.02700 4.43650
vt 2.88250 3.96650
vt 3.08050 3.95750
vt 3.08450 3.81600
vt 2.88550 3.82300
vt 2.68950 3.97150
vt 2.69100 3.82700
vt 2.88700 3.66500
vt 2.69200 3.66750
vt 3.08700 3.65950
vt 3.24950 4.30300
vt 3.22450 4.42000
vt 3.27600 4.07000
vt 3.26550 4.18800
vt 3.46950 4.16200
vt 3.45400 4.27500
vt 3.48000 4.04650
vt 3.43100 4.39150
vt 4.56200 3.97100
vt 4.40250 3.98900
vt 4.40900 3.89950
vt 4.56950 3.88800
vt 4.55450 4.04600
vt 4.39650 4.07200
vt 4.54700 4.17600
vt 4.39900 4.23050
vt 4.39400 4.15200
vt 4.54900 4.11400
vt 4.04300 4.25150
vt 4.22600 4.19900
vt 4.23000 4.29400
vt 4.05000 4.15100
vt 4.22900 4.10800
vt 4.06550 3.95150
vt 4.24200 3.92150
vt 4.23500 4.01700
vt 4.05800 4.05250
vt 3.84700 4.30400
vt 3.85900 4.19600
vt 3.64100 4.35200
vt 3.65900 4.23850
vt 3.68250 4.01800
vt 3.67250 4.12900
vt 3.87850 3.98500
vt 3.87000 4.09150
vt 4.58900 3.54750
vt 4.42650 3.54450
vt 4.42950 3.38000
vt 4.59250 3.38300
vt 4.58350 3.68150
vt 4.42200 3.68250
vt 4.41600 3.79900
vt 4.57700 3.79300
vt 4.07250 3.84200
vt 4.24850 3.81650
vt 4.07750 3.71900
vt 4.25400 3.69650
vt 4.26100 3.39450
vt 4.25850 3.55750
vt 4.08150 3.57750
vt 3.88600 3.87100
vt 3.89100 3.74400
vt 3.48750 3.92350
vt 3.69000 3.89900
vt 3.49250 3.78850
vt 3.69500 3.76800
vt 3.69900 3.62050
vt 3.49600 3.63750
vt 3.89500 3.60000
vt 4.59050 2.67350
vt 4.42600 2.72700
vt 4.25700 2.77150
vt 4.43100 3.18350
vt 4.59450 3.16950
vt 4.43000 2.96300
vt 4.59400 2.92850
vt 4.26200 3.20650
vt 4.26100 2.99650
vt 4.24900 4.39600
vt 4.54950 4.22300
vt 4.42100 4.30700
vt 3.28800 3.80450
vt 3.28300 3.94350
vt 3.29300 3.47850
vt 3.29100 3.65050
vt 3.29400 3.08050
vt 3.29400 3.28850
vt 3.64300 2.55250
vt 3.47200 2.54950
vt 3.58050 2.18000
vt 3.74300 2.18100
vt 3.79700 2.55600
vt 3.89150 2.18350
vt 3.06650 2.55250
vt 2.83200 2.55950
vt 2.93250 2.20700
vt 3.17700 2.19200
vt 2.58250 2.57000
vt 2.66550 2.22550
vt 3.28050 2.54900
vt 3.39450 2.18250
vt 3.93700 2.55850
vt 4.02850 2.18400
vt 4.06500 2.55800
vt 4.15900 2.18200
vt 2.11850 1.99500
vt 2.35450 1.98250
vt 1.68100 2.04100
vt 1.91150 2.01700
vt 1.47650 2.06500
vt 1.29850 2.09350
vt 1.00850 2.14450
vt 1.14350 2.12150
vt 4.17950 2.55300
vt 4.26850 2.17550
vt 0.95500 2.54400
vt 0.85400 2.55300
vt 0.75150 2.17550
vt 0.88400 2.16050
vt 4.04800 2.91850
vt 3.82550 2.91900
vt 3.82500 2.70900
vt 4.07350 2.71450
vt 3.59050 2.91750
vt 3.35500 2.91450
vt 3.29550 2.70500
vt 3.55950 2.70700
vt 3.13200 2.91250
vt 3.05150 2.70200
vt 2.93250 2.91600
vt 2.82700 2.69400
vt 2.59250 2.92350
vt 2.63200 2.68800
vt 2.77950 2.94150
vt 1.11200 2.78050
vt 1.02900 2.81050
vt 1.03550 2.55100
vt 1.11050 2.51300
vt 0.95400 2.83700
vt 0.97000 2.58950
vt 0.88600 2.85850
vt 0.82400 2.87400
vt 0.85950 2.66750
vt 0.91200 2.62800
vt 1.61700 2.65950
vt 1.45250 2.68850
vt 1.42550 2.40250
vt 1.57200 2.36700
vt 1.31850 2.71850
vt 1.30150 2.43850
vt 1.20700 2.74950
vt 1.19800 2.47550
vt 2.32650 2.58400
vt 2.38750 2.24700
vt 1.83050 2.62950
vt 1.82650 2.31850
vt 2.07150 2.60350
vt 2.10150 2.27700
vt 4.24900 2.91350
vt 4.29400 2.72100
vt 0.77700 2.88250
vt 0.81100 2.70750
vt 4.54950 2.88250
vt 4.42100 2.90300
vt 4.48400 2.73400
vt 4.67900 2.70750
vt 1.52800 2.54950
vt 1.35700 2.55250
vt 1.25700 2.18100
vt 1.41950 2.18000
vt 1.20300 2.55600
vt 1.10850 2.18350
vt 2.16800 2.55950
vt 1.93350 2.55250
vt 1.82300 2.19200
vt 2.06750 2.20700
vt 2.41750 2.57000
vt 2.33450 2.22550
vt 1.71950 2.54900
vt 1.60550 2.18250
vt 1.06300 2.55850
vt 0.97150 2.18400
vt 0.93500 2.55800
vt 0.84100 2.18200
vt 2.64550 1.98250
vt 2.88150 1.99500
vt 3.08850 2.01700
vt 3.31900 2.04100
vt 3.52350 2.06500
vt 3.70150 2.09350
vt 3.85650 2.12150
vt 3.99150 2.14450
vt 0.82050 2.55300
vt 0.73150 2.17550
vt 4.14600 2.55300
vt 4.04500 2.54400
vt 4.11600 2.16050
vt 4.24850 2.17550
vt 1.17450 2.91900
vt 0.95200 2.91850
vt 0.92650 2.71450
vt 1.17500 2.70900
vt 1.64500 2.91450
vt 1.40950 2.91750
vt 1.44050 2.70700
vt 1.70450 2.70500
vt 1.86800 2.91250
vt 1.94850 2.70200
vt 2.06750 2.91600
vt 2.17300 2.69400
vt 2.36800 2.68800
vt 2.40750 2.92350
vt 2.22050 2.94150
vt 3.97100 2.81050
vt 3.88800 2.78050
vt 3.88950 2.51300
vt 3.96450 2.55100
vt 4.04600 2.83700
vt 4.03000 2.58950
vt 4.17600 2.87400
vt 4.11400 2.85850
vt 4.08800 2.62800
vt 4.14050 2.66750
vt 3.54750 2.68850
vt 3.38300 2.65950
vt 3.42800 2.36700
vt 3.57450 2.40250
vt 3.68150 2.71850
vt 3.69850 2.43850
vt 3.79300 2.74950
vt 3.80200 2.47550
vt 2.67350 2.58400
vt 2.61250 2.24700
vt 3.16950 2.62950
vt 3.17350 2.31850
vt 2.92850 2.60350
vt 2.89850 2.27700
vt 0.75100 2.91350
vt 0.70600 2.72100
vt 4.22300 2.88250
vt 4.18900 2.70750
vt 0.57900 2.90300
vt 0.45050 2.88250
vt 0.32100 2.70750
vt 0.51600 2.73400
# 788 texture verticies
vn 0.00390 0.04960 0.99876
vn 0.00610 0.04700 0.99888
vn 0.00220 0.04480 0.99899
vn 0.00190 0.04710 0.99889
vn 0.00610 0.04750 0.99885
vn 0.01050 0.04480 0.99894
vn 0.00450 0.04270 0.99908
vn -0.00120 0.04110 0.99915
vn 0.01090 0.04020 0.99913
vn -0.00460 0.03670 0.99932
vn -0.01190 0.03580 0.99929
vn 0.00390 0.03360 0.99943
vn -0.02780 0.02860 0.99920
vn -0.01710 0.02480 0.99955
vn -0.03700 0.02880 0.99890
vn -0.16171 0.00350 0.98683
vn -0.28700 -0.01520 0.95781
vn -0.30290 -0.01530 0.95290
vn -0.17600 0.00470 0.98438
vn -0.14549 -0.00120 0.98936
vn -0.26901 -0.01910 0.96295
vn -0.07620 0.01790 0.99693
vn -0.08770 0.01900 0.99597
vn -0.06280 0.01350 0.99793
vn -0.00450 0.01580 0.99987
vn -0.00320 0.02980 0.99955
vn -0.00880 0.02800 0.99957
vn -0.01050 0.01510 0.99983
vn -0.01130 -0.00790 0.99990
vn -0.00520 -0.00800 0.99995
vn -0.00160 0.01620 0.99987
vn -0.00100 0.03090 0.99952
vn -0.00200 -0.00810 0.99997
vn -0.57781 -0.14370 0.80342
vn -0.57450 -0.10450 0.81180
vn -0.76438 -0.16950 0.62209
vn -0.75293 -0.23521 0.61463
vn -0.73642 -0.31461 0.59892
vn -0.57999 -0.19800 0.79019
vn -0.47920 -0.09260 0.87281
vn -0.34060 -0.04590 0.93909
vn -0.32929 -0.02900 0.94378
vn -0.46871 -0.06560 0.88091
vn -0.48910 -0.13320 0.86200
vn -0.35120 -0.07500 0.93329
vn -0.43048 -0.03640 0.90186
vn -0.44490 -0.03970 0.89470
vn -0.41420 -0.03810 0.90939
vn -0.55398 -0.05550 0.83068
vn -0.77180 -0.07180 0.63180
vn -0.77283 -0.09050 0.62813
vn -0.56301 -0.06330 0.82402
vn -0.54330 -0.05410 0.83780
vn -0.76860 -0.06210 0.63670
vn -0.09700 0.01740 0.99513
vn -0.10400 0.01300 0.99449
vn -0.04930 0.02100 0.99856
vn -0.04430 0.02630 0.99867
vn -0.18790 0.00290 0.98218
vn -0.19781 -0.00240 0.98024
vn -0.31689 -0.01960 0.94826
vn 0.00020 0.04080 0.99917
vn -0.00100 0.03900 0.99924
vn -0.00570 0.03610 0.99933
vn -0.56980 -0.07870 0.81800
vn -0.77073 -0.12171 0.62543
vn -0.45761 -0.04890 0.88781
vn -0.02160 0.02530 0.99945
vn -0.02370 0.01390 0.99962
vn -0.02490 -0.00800 0.99966
vn -0.05240 0.01110 0.99856
vn -0.05410 -0.00980 0.99849
vn -0.01770 0.03200 0.99933
vn -0.10900 0.00360 0.99403
vn -0.11250 -0.01680 0.99351
vn -0.20611 -0.01360 0.97843
vn -0.21300 -0.03600 0.97639
vn 0.00000 0.04790 0.99885
vn 0.00000 0.05050 0.99872
vn 0.00000 0.04850 0.99882
vn 0.00000 0.01630 0.99987
vn 0.00000 0.03140 0.99951
vn 0.00000 0.04140 0.99914
vn -0.00660 -0.05200 0.99863
vn -0.01130 -0.13219 0.99116
vn -0.00530 -0.12971 0.99154
vn -0.00280 -0.05170 0.99866
vn -0.01330 -0.05250 0.99853
vn -0.01960 -0.13590 0.99053
vn -0.57911 -0.26661 0.77042
vn -0.71391 -0.39920 0.57530
vn -0.68390 -0.48300 0.54680
vn -0.57081 -0.34710 0.74411
vn -0.49752 -0.26481 0.82604
vn -0.49659 -0.19020 0.84689
vn -0.02210 -0.26069 0.96517
vn -0.03900 -0.42539 0.90417
vn -0.01980 -0.41911 0.90772
vn -0.01090 -0.25530 0.96680
vn -0.05600 -0.58291 0.81061
vn -0.02840 -0.58373 0.81145
vn -0.05810 -0.44141 0.89542
vn -0.08220 -0.60203 0.79423
vn -0.03450 -0.27071 0.96204
vn -0.06370 -0.69570 0.71550
vn -0.09510 -0.71639 0.69119
vn -0.02470 -0.86747 0.49688
vn -0.05670 -0.76401 0.64271
vn -0.03200 -0.71158 0.70188
vn -0.02160 -0.87463 0.48431
vn -0.11380 -0.71662 0.68812
vn -0.14010 -0.71100 0.68910
vn -0.16140 -0.85032 0.50091
vn -0.11080 -0.86064 0.49702
vn -0.10130 -0.61068 0.78537
vn -0.12490 -0.61219 0.78079
vn -0.07590 -0.45323 0.88816
vn -0.10020 -0.45871 0.88292
vn -0.05040 -0.27899 0.95897
vn -0.03400 -0.13920 0.98968
vn -0.06270 -0.14190 0.98789
vn -0.07710 -0.28410 0.95569
vn -0.02700 -0.05290 0.99823
vn -0.05650 -0.05440 0.99692
vn -0.13950 -0.45901 0.87741
vn -0.15909 -0.60987 0.77637
vn -0.20400 -0.45330 0.86770
vn -0.20700 -0.60391 0.76971
vn -0.12650 -0.28659 0.94967
vn -0.11940 -0.14690 0.98192
vn -0.21930 -0.16140 0.96221
vn -0.21369 -0.28999 0.93287
vn -0.11550 -0.06090 0.99144
vn -0.21810 -0.08030 0.97262
vn -0.34621 -0.30491 0.88723
vn -0.30989 -0.44219 0.84168
vn -0.36059 -0.19790 0.91149
vn -0.27290 -0.59151 0.75871
vn -0.45600 -0.45140 0.76701
vn -0.39559 -0.56099 0.72719
vn -0.48568 -0.35419 0.79917
vn -0.35950 -0.12300 0.92500
vn -0.17809 -0.70356 0.68796
vn -0.21790 -0.83799 0.50029
vn -0.23110 -0.69310 0.68280
vn -0.28642 -0.81935 0.49663
vn -0.30770 -0.67560 0.67000
vn -0.42029 -0.63129 0.65179
vn -0.48011 -0.73272 0.48231
vn -0.37409 -0.78807 0.48888
vn -0.54832 -0.43712 0.71293
vn -0.63859 -0.56729 0.51999
vn -0.57372 -0.65322 0.49412
vn -0.50549 -0.53469 0.67719
vn 0.00000 -0.05150 0.99867
vn 0.00000 -0.00800 0.99997
vn 0.00000 -0.25210 0.96770
vn 0.00000 -0.12880 0.99167
vn 0.00000 -0.57291 0.81962
vn 0.00000 -0.41338 0.91056
vn 0.00000 -0.76656 0.64217
vn 0.00000 -0.69200 0.72190
vn 0.01260 0.00290 0.99992
vn 0.02340 0.00020 0.99973
vn 0.01930 0.02260 0.99956
vn 0.01060 0.02540 0.99962
vn 0.01450 -0.02830 0.99949
vn 0.02740 -0.03100 0.99914
vn 0.01490 0.03700 0.99920
vn 0.00840 0.03980 0.99917
vn 0.02420 0.01780 0.99955
vn 0.01760 0.03230 0.99932
vn 0.03660 -0.03560 0.99870
vn 0.03060 -0.00450 0.99952
vn 0.01290 0.02540 0.99959
vn -0.00550 0.01630 0.99985
vn -0.12769 -0.01030 0.99176
vn -0.24949 -0.02770 0.96798
vn -0.04810 0.00450 0.99883
vn -0.09040 -0.04640 0.99482
vn -0.07240 -0.07540 0.99452
vn -0.18700 -0.08920 0.97830
vn -0.20749 -0.06190 0.97628
vn -0.22870 -0.04170 0.97260
vn -0.10910 -0.02500 0.99372
vn -0.01790 -0.03220 0.99932
vn 0.01810 -0.02050 0.99963
vn 0.02940 -0.05110 0.99826
vn -0.00330 -0.06220 0.99806
vn -0.03300 -0.01030 0.99940
vn 0.00640 0.00160 0.99998
vn -0.17940 0.61591 0.76712
vn -0.23060 0.59800 0.76760
vn -0.15410 0.29970 0.94151
vn -0.10530 0.32680 0.93921
vn -0.13380 0.62039 0.77279
vn -0.06590 0.32680 0.94279
vn -0.03770 0.31498 0.94835
vn -0.09110 0.61581 0.78261
vn -0.02170 0.30220 0.95300
vn -0.04730 0.60790 0.79260
vn 0.01060 0.60093 0.79923
vn -0.01840 0.29180 0.95630
vn -0.03160 0.58912 0.80743
vn -0.00760 0.36891 0.92943
vn -0.00680 0.24549 0.96937
vn -0.00200 0.26581 0.96402
vn 0.00540 0.09790 0.99518
vn 0.00780 0.09910 0.99505
vn 0.02430 -0.03990 0.99891
vn 0.01330 -0.04660 0.99883
vn 0.01840 -0.13390 0.99082
vn 0.03490 -0.13029 0.99086
vn 0.03850 -0.16180 0.98607
vn 0.02000 -0.16231 0.98654
vn 0.04810 -0.12170 0.99140
vn 0.05360 -0.16059 0.98556
vn 0.03190 -0.02020 0.99929
vn 0.00620 0.13310 0.99108
vn 0.03760 -0.14930 0.98808
vn 0.05240 -0.15171 0.98704
vn 0.04790 -0.11700 0.99198
vn 0.03470 -0.11310 0.99298
vn 0.01960 -0.14771 0.98884
vn 0.01810 -0.11070 0.99369
vn 0.01640 -0.06760 0.99758
vn 0.03110 -0.07020 0.99705
vn 0.04240 -0.07460 0.99631
vn 0.00500 0.15550 0.98782
vn 0.03550 -0.00110 0.99937
vn 0.05580 -0.11270 0.99206
vn 0.06290 -0.15960 0.98518
vn 0.05220 -0.10440 0.99317
vn 0.02830 0.01570 0.99948
vn 0.06060 -0.15960 0.98532
vn -0.00650 0.17451 0.98463
vn -0.40458 -0.20999 0.89006
vn -0.37998 -0.18959 0.90536
vn -0.66932 -0.19281 0.71752
vn -0.68961 -0.18020 0.70141
vn -0.34899 -0.12770 0.92838
vn -0.64018 -0.19459 0.74317
vn -0.30660 -0.03210 0.95130
vn -0.24959 0.06930 0.96587
vn -0.53119 -0.18380 0.82708
vn -0.59640 -0.18950 0.78000
vn -0.22580 0.10230 0.96879
vn -0.14540 0.17131 0.97443
vn -0.20739 0.22609 0.95177
vn -0.23819 -0.03530 0.97058
vn -0.13140 0.01670 0.99119
vn -0.24889 -0.13999 0.95836
vn -0.26210 -0.18930 0.94629
vn -0.12330 -0.17419 0.97696
vn -0.12209 -0.10959 0.98645
vn -0.07980 0.19439 0.97767
vn -0.04930 0.03390 0.99821
vn -0.03380 0.19031 0.98114
vn 0.00250 0.02960 0.99956
vn 0.02810 -0.09830 0.99476
vn 0.03700 -0.16099 0.98626
vn -0.02750 -0.09770 0.99484
vn -0.02100 -0.16521 0.98604
vn -0.47980 -0.10960 0.87050
vn -0.46260 -0.13780 0.87579
vn -0.72596 -0.11319 0.67836
vn -0.73561 -0.09430 0.67081
vn -0.44499 -0.16980 0.87929
vn -0.71589 -0.13570 0.68489
vn -0.42589 -0.19830 0.88278
vn -0.70433 -0.15951 0.69173
vn -0.27870 -0.19090 0.94121
vn -0.13390 -0.18270 0.97401
vn -0.29700 -0.16570 0.94039
vn -0.14980 -0.15850 0.97593
vn -0.31580 -0.13210 0.93959
vn -0.33511 -0.10120 0.93673
vn -0.16780 -0.12300 0.97812
vn -0.02710 -0.17411 0.98435
vn -0.03990 -0.14870 0.98808
vn 0.03330 -0.16640 0.98550
vn 0.05810 -0.16020 0.98537
vn 0.02320 -0.13860 0.99008
vn 0.05010 -0.12980 0.99027
vn 0.01050 -0.09950 0.99498
vn 0.04010 -0.08920 0.99521
vn -0.05550 -0.11130 0.99224
vn -0.53120 -0.05870 0.84521
vn -0.76389 -0.05950 0.64259
vn -0.39639 -0.04510 0.91697
vn -0.49849 -0.08730 0.86249
vn -0.74722 -0.07860 0.65992
vn -0.51677 -0.07010 0.85325
vn -0.75807 -0.06560 0.64887
vn -0.35581 -0.07640 0.93143
vn -0.37680 -0.05780 0.92449
vn -0.28870 0.55660 0.77900
vn -0.35629 0.47389 0.80528
vn -0.54463 0.28782 0.78774
vn 0.06110 -0.15530 0.98598
vn 0.05500 -0.12260 0.99093
vn 0.04740 -0.08090 0.99559
vn 0.03920 -0.04220 0.99834
vn 0.02190 0.01090 0.99970
vn 0.03080 -0.01130 0.99946
vn 0.00000 0.00380 0.99999
vn 0.00000 -0.02750 0.99962
vn 0.00000 0.02630 0.99965
vn 0.00000 0.04080 0.99917
vn 0.00000 0.23401 0.97223
vn 0.00000 0.34892 0.93715
vn 0.00000 0.08410 0.99646
vn 0.00000 -0.05170 0.99866
vn 0.00000 -0.16240 0.98672
vn 0.00000 -0.13580 0.99074
vn 0.00000 -0.14720 0.98911
vn 0.00000 -0.11000 0.99393
vn 0.00000 -0.06680 0.99777
vn -0.00220 0.04480 0.99899
vn -0.00610 0.04700 0.99888
vn -0.00390 0.04960 0.99876
vn -0.00190 0.04710 0.99889
vn -0.01050 0.04480 0.99894
vn -0.00610 0.04750 0.99885
vn 0.00110 0.04110 0.99915
vn -0.00450 0.04270 0.99908
vn -0.01090 0.04020 0.99913
vn 0.01190 0.03580 0.99929
vn 0.00460 0.03670 0.99932
vn -0.00390 0.03360 0.99943
vn 0.02780 0.02860 0.99920
vn 0.01710 0.02480 0.99955
vn 0.03700 0.02880 0.99890
vn 0.30290 -0.01530 0.95290
vn 0.28700 -0.01520 0.95781
vn 0.16171 0.00350 0.98683
vn 0.17590 0.00470 0.98440
vn 0.26901 -0.01910 0.96295
vn 0.14549 -0.00120 0.98936
vn 0.08770 0.01900 0.99597
vn 0.07620 0.01790 0.99693
vn 0.06280 0.01350 0.99793
vn 0.00880 0.02800 0.99957
vn 0.00320 0.02980 0.99955
vn 0.00450 0.01580 0.99987
vn 0.01050 0.01510 0.99983
vn 0.01130 -0.00790 0.99990
vn 0.00520 -0.00800 0.99995
vn 0.00100 0.03090 0.99952
vn 0.00160 0.01620 0.99987
vn 0.00200 -0.00810 0.99997
vn 0.76438 -0.16950 0.62209
vn 0.57450 -0.10450 0.81180
vn 0.57781 -0.14370 0.80342
vn 0.75293 -0.23521 0.61463
vn 0.73642 -0.31461 0.59892
vn 0.57999 -0.19800 0.79019
vn 0.32929 -0.02900 0.94378
vn 0.34060 -0.04590 0.93909
vn 0.47920 -0.09260 0.87281
vn 0.46871 -0.06560 0.88091
vn 0.35120 -0.07500 0.93329
vn 0.48910 -0.13320 0.86200
vn 0.44490 -0.03970 0.89470
vn 0.43048 -0.03640 0.90186
vn 0.41420 -0.03810 0.90939
vn 0.77283 -0.09050 0.62813
vn 0.77180 -0.07180 0.63180
vn 0.55398 -0.05550 0.83068
vn 0.56301 -0.06330 0.82402
vn 0.76860 -0.06210 0.63670
vn 0.54330 -0.05410 0.83780
vn 0.04930 0.02100 0.99856
vn 0.10400 0.01300 0.99449
vn 0.09700 0.01740 0.99513
vn 0.04430 0.02630 0.99867
vn 0.18790 0.00290 0.98218
vn 0.19781 -0.00240 0.98024
vn 0.31689 -0.01960 0.94826
vn -0.00020 0.04080 0.99917
vn 0.00100 0.03900 0.99924
vn 0.00570 0.03610 0.99933
vn 0.56980 -0.07870 0.81800
vn 0.77073 -0.12171 0.62543
vn 0.45761 -0.04890 0.88781
vn 0.02160 0.02530 0.99945
vn 0.02370 0.01390 0.99962
vn 0.02490 -0.00800 0.99966
vn 0.05240 0.01110 0.99856
vn 0.05410 -0.00980 0.99849
vn 0.01770 0.03200 0.99933
vn 0.10900 0.00360 0.99403
vn 0.11250 -0.01680 0.99351
vn 0.20611 -0.01360 0.97843
vn 0.21300 -0.03600 0.97639
vn 0.00530 -0.12971 0.99154
vn 0.01130 -0.13219 0.99116
vn 0.00660 -0.05200 0.99863
vn 0.00280 -0.05170 0.99866
vn 0.01330 -0.05250 0.99853
vn 0.01960 -0.13590 0.99053
vn 0.57911 -0.26661 0.77042
vn 0.71391 -0.39920 0.57530
vn 0.68385 -0.48303 0.54684
vn 0.57081 -0.34710 0.74411
vn 0.49748 -0.26479 0.82607
vn 0.49659 -0.19020 0.84689
vn 0.01980 -0.41911 0.90772
vn 0.03900 -0.42539 0.90417
vn 0.02210 -0.26069 0.96517
vn 0.01090 -0.25530 0.96680
vn 0.02840 -0.58373 0.81145
vn 0.05600 -0.58291 0.81061
vn 0.08220 -0.60203 0.79423
vn 0.05810 -0.44141 0.89542
vn 0.03450 -0.27071 0.96204
vn 0.02470 -0.86747 0.49688
vn 0.09510 -0.71639 0.69119
vn 0.06370 -0.69570 0.71550
vn 0.05670 -0.76401 0.64271
vn 0.03200 -0.71158 0.70188
vn 0.02160 -0.87463 0.48431
vn 0.16140 -0.85032 0.50091
vn 0.14010 -0.71100 0.68910
vn 0.11380 -0.71657 0.68817
vn 0.11080 -0.86064 0.49702
vn 0.12490 -0.61219 0.78079
vn 0.10130 -0.61068 0.78537
vn 0.10020 -0.45871 0.88292
vn 0.07590 -0.45323 0.88816
vn 0.06270 -0.14190 0.98789
vn 0.03400 -0.13920 0.98968
vn 0.05040 -0.27899 0.95897
vn 0.07710 -0.28410 0.95569
vn 0.02700 -0.05290 0.99823
vn 0.05650 -0.05440 0.99692
vn 0.15909 -0.60987 0.77637
vn 0.13940 -0.45901 0.87742
vn 0.20700 -0.60391 0.76971
vn 0.20400 -0.45330 0.86770
vn 0.21930 -0.16140 0.96221
vn 0.11940 -0.14690 0.98192
vn 0.12650 -0.28659 0.94967
vn 0.21369 -0.28999 0.93287
vn 0.11541 -0.06090 0.99145
vn 0.21810 -0.08030 0.97262
vn 0.30989 -0.44219 0.84168
vn 0.34621 -0.30491 0.88723
vn 0.36059 -0.19790 0.91149
vn 0.27290 -0.59151 0.75871
vn 0.39557 -0.56106 0.72714
vn 0.45600 -0.45140 0.76701
vn 0.48568 -0.35419 0.79917
vn 0.35950 -0.12300 0.92500
vn 0.21780 -0.83801 0.50030
vn 0.17809 -0.70356 0.68796
vn 0.28640 -0.81930 0.49670
vn 0.23100 -0.69311 0.68281
vn 0.48011 -0.73272 0.48231
vn 0.42018 -0.63127 0.65187
vn 0.30770 -0.67560 0.67000
vn 0.37409 -0.78807 0.48888
vn 0.54832 -0.43712 0.71293
vn 0.63859 -0.56729 0.51999
vn 0.57369 -0.65319 0.49419
vn 0.50549 -0.53469 0.67719
vn -0.01930 0.02260 0.99956
vn -0.02340 0.00020 0.99973
vn -0.01260 0.00290 0.99992
vn -0.01060 0.02540 0.99962
vn -0.02740 -0.03100 0.99914
vn -0.01450 -0.02830 0.99949
vn -0.01490 0.03700 0.99920
vn -0.00840 0.03980 0.99917
vn -0.01760 0.03230 0.99932
vn -0.02420 0.01780 0.99955
vn -0.03660 -0.03560 0.99870
vn -0.03060 -0.00450 0.99952
vn -0.01290 0.02540 0.99959
vn 0.00550 0.01630 0.99985
vn 0.24940 -0.02770 0.96800
vn 0.12769 -0.01030 0.99176
vn 0.04810 0.00450 0.99883
vn 0.18700 -0.08920 0.97830
vn 0.07240 -0.07540 0.99452
vn 0.09040 -0.04640 0.99482
vn 0.20749 -0.06190 0.97628
vn 0.22870 -0.04170 0.97260
vn 0.10910 -0.02500 0.99372
vn -0.02940 -0.05110 0.99826
vn -0.01810 -0.02050 0.99963
vn 0.01790 -0.03220 0.99932
vn 0.00330 -0.06220 0.99806
vn -0.00640 0.00160 0.99998
vn 0.03290 -0.01030 0.99941
vn 0.15410 0.29970 0.94151
vn 0.23060 0.59800 0.76760
vn 0.17940 0.61591 0.76712
vn 0.10530 0.32680 0.93921
vn 0.03770 0.31498 0.94835
vn 0.06590 0.32680 0.94279
vn 0.13380 0.62039 0.77279
vn 0.09110 0.61581 0.78261
vn 0.02170 0.30220 0.95300
vn 0.04730 0.60790 0.79260
vn -0.01060 0.60093 0.79923
vn 0.01840 0.29180 0.95630
vn 0.00680 0.24549 0.96937
vn 0.00760 0.36891 0.92943
vn 0.03160 0.58912 0.80743
vn 0.00200 0.26581 0.96402
vn -0.02430 -0.03990 0.99891
vn -0.00780 0.09910 0.99505
vn -0.00540 0.09790 0.99518
vn -0.01330 -0.04660 0.99883
vn -0.03850 -0.16180 0.98607
vn -0.03490 -0.13029 0.99086
vn -0.01840 -0.13390 0.99082
vn -0.02010 -0.16231 0.98654
vn -0.05370 -0.16059 0.98556
vn -0.04810 -0.12170 0.99140
vn -0.03190 -0.02020 0.99929
vn -0.00620 0.13310 0.99108
vn -0.03760 -0.14930 0.98808
vn -0.05240 -0.15171 0.98704
vn -0.04790 -0.11700 0.99198
vn -0.03470 -0.11310 0.99298
vn -0.01960 -0.14771 0.98884
vn -0.01810 -0.11070 0.99369
vn -0.03110 -0.07020 0.99705
vn -0.01640 -0.06760 0.99758
vn -0.04240 -0.07460 0.99631
vn -0.03550 -0.00110 0.99937
vn -0.00500 0.15550 0.98782
vn -0.06290 -0.15960 0.98518
vn -0.05580 -0.11270 0.99206
vn -0.05220 -0.10440 0.99317
vn -0.02830 0.01580 0.99947
vn -0.06060 -0.15960 0.98532
vn 0.00650 0.17451 0.98463
vn 0.66932 -0.19281 0.71752
vn 0.37998 -0.18959 0.90536
vn 0.40458 -0.20999 0.89006
vn 0.68961 -0.18020 0.70141
vn 0.64018 -0.19459 0.74317
vn 0.34899 -0.12770 0.92838
vn 0.53119 -0.18380 0.82708
vn 0.24959 0.06930 0.96587
vn 0.30660 -0.03210 0.95130
vn 0.59640 -0.18950 0.78000
vn 0.14540 0.17131 0.97443
vn 0.22580 0.10230 0.96879
vn 0.20739 0.22609 0.95177
vn 0.13140 0.01670 0.99119
vn 0.23819 -0.03530 0.97058
vn 0.12330 -0.17419 0.97696
vn 0.26210 -0.18930 0.94629
vn 0.24889 -0.13999 0.95836
vn 0.12209 -0.10959 0.98645
vn 0.07980 0.19439 0.97767
vn 0.04930 0.03390 0.99821
vn 0.03380 0.19031 0.98114
vn -0.00250 0.02960 0.99956
vn -0.03700 -0.16099 0.98626
vn -0.02810 -0.09830 0.99476
vn 0.02100 -0.16521 0.98604
vn 0.02750 -0.09770 0.99484
vn 0.72591 -0.11320 0.67841
vn 0.46260 -0.13780 0.87579
vn 0.47980 -0.10960 0.87050
vn 0.73556 -0.09429 0.67086
vn 0.71589 -0.13570 0.68489
vn 0.44499 -0.16980 0.87929
vn 0.42589 -0.19830 0.88278
vn 0.70428 -0.15949 0.69178
vn 0.13390 -0.18270 0.97401
vn 0.27870 -0.19090 0.94121
vn 0.14980 -0.15850 0.97593
vn 0.29700 -0.16570 0.94039
vn 0.33511 -0.10120 0.93673
vn 0.31580 -0.13210 0.93959
vn 0.16780 -0.12300 0.97812
vn 0.02710 -0.17411 0.98435
vn 0.03990 -0.14870 0.98808
vn -0.05810 -0.16010 0.98539
vn -0.03330 -0.16640 0.98550
vn -0.05010 -0.12980 0.99027
vn -0.02320 -0.13860 0.99008
vn -0.01050 -0.09950 0.99498
vn -0.04010 -0.08920 0.99521
vn 0.05550 -0.11130 0.99224
vn 0.76389 -0.05950 0.64259
vn 0.53120 -0.05870 0.84521
vn 0.39639 -0.04510 0.91697
vn 0.49849 -0.08730 0.86249
vn 0.74722 -0.07860 0.65992
vn 0.51677 -0.07010 0.85325
vn 0.75807 -0.06560 0.64887
vn 0.35578 -0.07640 0.93144
vn 0.37680 -0.05780 0.92449
vn 0.28870 0.55660 0.77900
vn 0.54463 0.28782 0.78774
vn 0.35629 0.47389 0.80528
vn -0.05500 -0.12260 0.99093
vn -0.06110 -0.15530 0.98598
vn -0.03920 -0.04220 0.99834
vn -0.04740 -0.08090 0.99559
vn -0.02190 0.01090 0.99970
vn -0.03080 -0.01130 0.99946
vn -0.86408 -0.23659 0.44429
vn -0.83641 -0.33110 0.43680
vn -0.79958 -0.43209 0.41709
vn -0.89405 -0.08420 0.43998
vn -0.89036 -0.11350 0.44088
vn -0.89428 -0.06880 0.44219
vn -0.88113 -0.16321 0.44382
vn -0.75818 -0.52309 0.38929
vn -0.71840 -0.59510 0.36020
vn -0.07300 -0.92853 0.36401
vn -0.02200 -0.92521 0.37881
vn -0.17540 -0.92400 0.33980
vn -0.12630 -0.93070 0.34330
vn -0.24680 -0.90921 0.33530
vn -0.32749 -0.88577 0.32889
vn -0.51301 -0.79782 0.31671
vn -0.41782 -0.84993 0.32101
vn -0.67107 -0.65977 0.33818
vn -0.60070 -0.73150 0.32260
vn -0.23280 0.79729 0.55689
vn -0.30090 0.78300 0.54440
vn -0.12221 0.80394 0.58203
vn -0.17481 0.80494 0.56703
vn -0.06610 0.79500 0.60300
vn -0.02590 0.77748 0.62838
vn -0.00780 0.76064 0.64913
vn -0.84369 -0.16420 0.51110
vn -0.85428 -0.13830 0.50109
vn -0.82719 -0.19770 0.52599
vn -0.76241 -0.29641 0.57521
vn -0.80113 -0.24171 0.54752
vn -0.87264 -0.09250 0.47952
vn -0.87846 -0.08230 0.47068
vn -0.86728 -0.10380 0.48689
vn -0.86150 -0.11870 0.49370
vn -0.89245 -0.05940 0.44722
vn -0.88471 -0.07170 0.46060
vn -0.89070 -0.05940 0.45070
vn -0.38761 0.75161 0.53371
vn -0.79273 -0.07980 0.60432
vn -0.55382 0.66062 0.50682
vn 0.83641 -0.33110 0.43680
vn 0.86408 -0.23659 0.44429
vn 0.79958 -0.43209 0.41709
vn 0.89036 -0.11350 0.44088
vn 0.89403 -0.08420 0.44002
vn 0.89428 -0.06880 0.44219
vn 0.88109 -0.16320 0.44390
vn 0.75818 -0.52309 0.38929
vn 0.71840 -0.59510 0.36020
vn 0.02200 -0.92521 0.37881
vn 0.07300 -0.92853 0.36401
vn 0.12630 -0.93070 0.34330
vn 0.17530 -0.92401 0.33981
vn 0.24680 -0.90921 0.33530
vn 0.32749 -0.88577 0.32889
vn 0.41780 -0.84990 0.32110
vn 0.51300 -0.79779 0.31680
vn 0.67107 -0.65977 0.33818
vn 0.60070 -0.73150 0.32260
vn 0.30090 0.78300 0.54440
vn 0.23280 0.79729 0.55689
vn 0.17481 0.80494 0.56703
vn 0.12221 0.80394 0.58203
vn 0.06610 0.79500 0.60300
vn 0.02590 0.77748 0.62838
vn 0.00780 0.76064 0.64913
vn 0.85428 -0.13830 0.50109
vn 0.84369 -0.16420 0.51110
vn 0.82719 -0.19770 0.52599
vn 0.80108 -0.24169 0.54759
vn 0.76241 -0.29641 0.57521
vn 0.87846 -0.08230 0.47068
vn 0.87264 -0.09250 0.47952
vn 0.86725 -0.10381 0.48693
vn 0.86150 -0.11870 0.49370
vn 0.89241 -0.05940 0.44730
vn 0.88471 -0.07170 0.46060
vn 0.89070 -0.05940 0.45070
vn 0.38761 0.75161 0.53371
vn 0.79273 -0.07980 0.60432
vn 0.55379 0.66059 0.50689
# 691 normals
usemtl Plastic
f  759/1003/506 760/1004/507 761/1005/508 762/1006/509
f  759/1003/506 763/1007/510 764/1008/511 760/1004/507
f  760/1004/507 765/1009/512 766/1010/513 761/1005/508
f  760/1004/507 764/1008/511 767/1011/514 765/1009/512
f  765/1009/512 768/1012/515 769/1013/516 766/1010/513
f  765/1009/512 767/1011/514 770/1014/517 768/1012/515
f  771/1015/518 768/1012/515 770/1014/517 772/1016/519
f  771/1015/518 773/1017/520 769/1013/516 768/1012/515
f  774/1018/521 775/1019/522 776/1020/523 777/1021/524
f  774/1018/521 778/1022/525 779/1023/526 775/1019/522
f  780/1024/527 781/1025/528 773/1017/520 771/1015/518
f  780/1024/527 771/1015/518 772/1016/519 782/1026/529
f  780/1024/527 774/1018/521 777/1021/524 781/1025/528
f  780/1024/527 782/1026/529 778/1022/525 774/1018/521
f  783/1027/530 784/1028/531 785/1029/532 786/1030/533
f  783/1027/530 786/1030/533 787/1031/534 788/1032/535
f  789/1033/536 790/1034/537 784/1028/531 783/1027/530
f  789/1033/536 783/1027/530 788/1032/535 791/1035/538
f  792/1036/539 793/1037/540 794/1038/541 795/1039/542
f  792/1036/539 795/1039/542 796/1040/543 797/1041/544
f  798/1042/545 799/1043/546 800/1044/547 801/1045/548
f  798/1042/545 802/1046/549 803/1047/550 799/1043/546
f  804/1048/551 805/1049/552 776/1020/523 775/1019/522
f  804/1048/551 775/1019/522 779/1023/526 806/1050/553
f  807/1051/554 808/1052/555 809/1053/556 810/1054/557
f  807/1051/554 811/1055/558 812/1056/559 808/1052/555
f  813/1057/560 814/1058/561 815/1059/562 816/1060/563
f  813/1057/560 816/1060/563 773/1017/520 781/1025/528
f  813/1057/560 781/1025/528 777/1021/524 817/1061/564
f  813/1057/560 817/1061/564 818/1062/565 814/1058/561
f  817/1061/564 777/1021/524 776/1020/523 819/1063/566
f  817/1061/564 819/1063/566 800/1044/547 818/1062/565
f  820/1064/567 762/1006/509 761/1005/508 821/1065/568
f  820/1064/567 821/1065/568 784/1028/531 790/1034/537
f  821/1065/568 761/1005/508 766/1010/513 822/1066/569
f  821/1065/568 822/1066/569 785/1029/532 784/1028/531
f  823/1067/570 810/1054/557 809/1053/556 824/1068/571
f  823/1067/570 824/1068/571 794/1038/541 793/1037/540
f  825/1069/572 801/1045/548 800/1044/547 819/1063/566
f  825/1069/572 819/1063/566 776/1020/523 805/1049/552
f  786/1030/533 785/1029/532 826/1070/573 827/1071/574
f  786/1030/533 827/1071/574 828/1072/575 787/1031/534
f  829/1073/576 827/1071/574 826/1070/573 815/1059/562
f  829/1073/576 830/1074/577 828/1072/575 827/1071/574
f  816/1060/563 815/1059/562 826/1070/573 831/1075/578
f  816/1060/563 831/1075/578 769/1013/516 773/1017/520
f  822/1066/569 766/1010/513 769/1013/516 831/1075/578
f  822/1066/569 831/1075/578 826/1070/573 785/1029/532
f  832/1076/579 829/1073/576 815/1059/562 814/1058/561
f  832/1076/579 833/1077/580 830/1074/577 829/1073/576
f  832/1076/579 814/1058/561 818/1062/565 834/1078/581
f  832/1076/579 834/1078/581 835/1079/582 833/1077/580
f  834/1078/581 818/1062/565 800/1044/547 799/1043/546
f  834/1078/581 799/1043/546 803/1047/550 835/1079/582
f  836/1080/583 837/1081/584 759/1003/506 762/1006/509
f  759/1003/506 837/1081/584 838/1082/585 763/1007/510
f  789/1033/536 839/1083/586 840/1084/587 790/1034/537
f  820/1064/567 841/1085/588 836/1080/583 762/1006/509
f  798/1042/545 801/1045/548 793/1037/540 792/1036/539
f  798/1042/545 792/1036/539 797/1041/544 802/1046/549
f  804/1048/551 806/1050/553 811/1055/558 807/1051/554
f  804/1048/551 807/1051/554 810/1054/557 805/1049/552
f  825/1069/572 805/1049/552 810/1054/557 823/1067/570
f  825/1069/572 823/1067/570 793/1037/540 801/1045/548
f  842/1086/589 843/1087/590 844/1088/591 845/1089/592
f  842/1086/589 845/1089/592 791/1035/538 788/1032/535
f  842/1086/589 788/1032/535 787/1031/534 846/1090/593
f  842/1086/589 846/1090/593 847/1091/594 843/1087/590
f  848/1092/595 797/1041/544 796/1040/543 849/1093/596
f  848/1092/595 849/1093/596 850/1094/597 851/1095/598
f  848/1092/595 851/1095/598 852/1096/599 853/1097/600
f  848/1092/595 853/1097/600 802/1046/549 797/1041/544
f  854/1098/601 855/1099/602 856/1100/603 857/1101/604
f  854/1098/601 857/1101/604 844/1088/591 843/1087/590
f  855/1099/602 858/1102/605 859/1103/606 856/1100/603
f  855/1099/602 860/1104/607 861/1105/608 858/1102/605
f  854/1098/601 843/1087/590 847/1091/594 862/1106/609
f  854/1098/601 862/1106/609 860/1104/607 855/1099/602
f  863/1107/610 864/1108/611 865/1109/612 866/1110/613
f  863/1111/610 858/1102/605 861/1105/608 864/1112/611
f  863/1111/610 867/1113/614 859/1103/606 858/1102/605
f  863/1107/610 866/1110/613 868/1114/615 867/1115/614
f  869/1116/616 870/1117/617 871/1118/618 872/1119/619
f  869/1120/616 873/1121/620 874/1122/621 870/1123/617
f  869/1120/616 864/1112/611 861/1105/608 873/1121/620
f  869/1116/616 872/1119/619 865/1109/612 864/1108/611
f  873/1121/620 875/1124/622 876/1125/623 874/1122/621
f  877/1126/624 878/1127/625 879/1128/626 880/1129/627
f  877/1126/624 880/1129/627 876/1125/623 875/1124/622
f  877/1126/624 875/1124/622 860/1104/607 862/1106/609
f  877/1126/624 862/1106/609 847/1091/594 878/1127/625
f  860/1104/607 875/1124/622 873/1121/620 861/1105/608
f  881/1130/628 878/1127/625 847/1091/594 846/1090/593
f  881/1130/628 846/1090/593 787/1031/534 828/1072/575
f  881/1130/628 828/1072/575 830/1074/577 882/1131/629
f  881/1130/628 882/1131/629 879/1128/626 878/1127/625
f  883/1132/630 884/1133/631 874/1122/621 876/1125/623
f  883/1132/630 885/1134/632 886/1135/633 884/1133/631
f  887/1136/634 888/1137/635 889/1138/636 890/1139/637
f  887/1136/634 890/1139/637 885/1134/632 883/1132/630
f  887/1136/634 883/1132/630 876/1125/623 880/1129/627
f  887/1136/634 880/1129/627 879/1128/626 888/1137/635
f  891/1140/638 833/1077/580 835/1079/582 892/1141/639
f  891/1140/638 892/1141/639 889/1138/636 888/1137/635
f  891/1140/638 888/1137/635 879/1128/626 882/1131/629
f  891/1140/638 882/1131/629 830/1074/577 833/1077/580
f  893/1142/640 894/1143/641 885/1134/632 890/1139/637
f  893/1142/640 890/1139/637 889/1138/636 895/1144/642
f  894/1143/641 896/1145/643 886/1135/633 885/1134/632
f  894/1143/641 897/1146/644 898/1147/645 896/1145/643
f  893/1142/640 895/1144/642 852/1096/599 899/1148/646
f  893/1142/640 899/1148/646 897/1146/644 894/1143/641
f  900/1149/647 895/1144/642 889/1138/636 892/1141/639
f  900/1149/647 892/1141/639 835/1079/582 803/1047/550
f  900/1149/647 803/1047/550 802/1046/549 853/1097/600
f  900/1149/647 853/1097/600 852/1096/599 895/1144/642
f  870/1117/617 901/1150/648 902/1151/649 871/1118/618
f  901/1150/648 903/1152/650 904/1153/651 902/1151/649
f  901/1154/648 884/1133/631 886/1135/633 903/1155/650
f  884/1133/631 901/1154/648 870/1123/617 874/1122/621
f  905/1156/652 906/1157/653 907/1158/654 908/1159/655
f  905/1160/652 896/1145/643 898/1147/645 906/1161/653
f  905/1160/652 903/1155/650 886/1135/633 896/1145/643
f  905/1156/652 908/1159/655 904/1153/651 903/1152/650
f  909/1162/656 851/1095/598 850/1094/597 910/1163/657
f  909/1162/656 910/1163/657 911/1164/658 912/1165/659
f  909/1162/656 912/1165/659 897/1146/644 899/1148/646
f  909/1162/656 899/1148/646 852/1096/599 851/1095/598
f  912/1165/659 906/1161/653 898/1147/645 897/1146/644
f  912/1165/659 911/1164/658 907/1166/654 906/1161/653
f  845/1089/592 913/1167/660 914/1168/661 791/1035/538
f  915/1169/662 916/1170/663 844/1088/591 857/1101/604
f  917/1171/664 918/1172/665 856/1100/603 859/1103/606
f  919/1173/666 920/1174/667 867/1115/614 868/1114/615
f  920/1175/667 917/1171/664 859/1103/606 867/1113/614
f  921/1176/668 922/1177/669 923/1178/670 924/1179/671
f  921/1176/668 925/1180/672 926/1181/673 922/1177/669
f  924/1179/671 923/1178/670 927/1182/674 928/1183/675
f  923/1178/670 929/1184/676 930/1185/677 927/1182/674
f  922/1177/669 926/1181/673 931/1186/678 932/1187/679
f  922/1177/669 932/1187/679 929/1184/676 923/1178/670
f  764/1008/511 927/1182/674 930/1185/677 767/1011/514
f  763/1007/510 928/1183/675 927/1182/674 764/1008/511
f  772/1016/519 770/1014/517 933/1188/680 934/1189/681
f  767/1011/514 930/1185/677 933/1188/680 770/1014/517
f  778/1022/525 935/1190/682 936/1191/683 779/1023/526
f  782/1026/529 772/1016/519 934/1189/681 937/1192/684
f  782/1026/529 937/1192/684 935/1190/682 778/1022/525
f  938/1193/685 939/1194/686 940/1195/687 941/1196/688
f  938/1193/685 941/1196/688 942/1197/689 943/1198/690
f  944/1199/691 945/1200/692 946/1201/693 947/1202/694
f  944/1199/691 948/1203/695 949/1204/696 945/1200/692
f  944/1199/691 938/1193/685 943/1198/690 948/1203/695
f  944/1199/691 947/1202/694 939/1194/686 938/1193/685
f  948/1203/695 937/1192/684 934/1189/681 949/1204/696
f  948/1203/695 943/1198/690 935/1190/682 937/1192/684
f  943/1198/690 942/1197/689 936/1191/683 935/1190/682
f  950/1205/697 951/1206/698 952/1207/699 953/1208/700
f  954/1209/701 955/1210/702 956/1211/703 957/1212/704
f  954/1209/701 950/1205/697 953/1208/700 955/1210/702
f  957/1212/704 956/1211/703 958/1213/705 959/1214/706
f  960/1215/707 959/1214/706 958/1213/705 961/1216/708
f  962/1217/709 963/1218/710 964/1219/711 965/1220/712
f  963/1218/710 960/1215/707 961/1216/708 964/1219/711
f  966/1221/713 967/1222/714 968/1223/715 969/1224/716
f  966/1221/713 965/1220/712 964/1219/711 967/1222/714
f  970/1225/717 971/1226/718 972/1227/719 973/1228/720
f  970/1225/717 969/1224/716 968/1223/715 971/1226/718
f  971/1226/718 974/1229/721 975/1230/722 972/1227/719
f  971/1226/718 968/1223/715 976/1231/723 974/1229/721
f  967/1222/714 964/1219/711 961/1216/708 977/1232/724
f  967/1222/714 977/1232/724 976/1231/723 968/1223/715
f  978/1233/725 972/1227/719 975/1230/722 979/1234/726
f  978/1233/725 979/1234/726 980/1235/727 981/1236/728
f  982/1237/729 978/1233/725 981/1236/728 983/1238/730
f  982/1237/729 973/1228/720 972/1227/719 978/1233/725
f  984/1239/731 985/1240/732 926/1181/673 925/1180/672
f  984/1239/731 983/1238/730 981/1236/728 985/1240/732
f  985/1240/732 986/1241/733 931/1186/678 926/1181/673
f  985/1240/732 981/1236/728 980/1235/727 986/1241/733
f  977/1232/724 987/1242/734 988/1243/735 976/1231/723
f  977/1232/724 961/1216/708 958/1213/705 987/1242/734
f  974/1229/721 989/1244/736 990/1245/737 975/1230/722
f  974/1229/721 976/1231/723 988/1243/735 989/1244/736
f  991/1246/738 989/1244/736 988/1243/735 992/1247/739
f  991/1246/738 993/1248/740 990/1245/737 989/1244/736
f  994/1249/741 987/1242/734 958/1213/705 956/1211/703
f  994/1249/741 992/1247/739 988/1243/735 987/1242/734
f  995/1250/742 996/1251/743 997/1252/744 998/1253/745
f  996/1251/743 999/1254/746 1000/1255/747 997/1252/744
f  1001/1256/748 1002/1257/749 1003/1258/750 1004/1259/751
f  999/1254/746 1001/1256/748 1004/1259/751 1000/1255/747
f  1005/1260/752 1006/1261/753 952/1207/699 1007/1262/754
f  1005/1260/752 1008/1263/755 1009/1264/756 1006/1261/753
f  1010/1265/757 1011/1266/758 1012/1267/759 1013/1268/760
f  1010/1265/757 1013/1268/760 1009/1264/756 1008/1263/755
f  1014/1269/761 953/1208/700 952/1207/699 1006/1261/753
f  1014/1269/761 1006/1261/753 1009/1264/756 1015/1270/762
f  1016/1271/763 994/1249/741 956/1211/703 955/1210/702
f  1016/1271/763 1017/1272/764 992/1247/739 994/1249/741
f  1016/1271/763 1014/1269/761 1015/1270/762 1017/1272/764
f  1016/1271/763 955/1210/702 953/1208/700 1014/1269/761
f  1018/1273/765 1019/1274/766 993/1248/740 991/1246/738
f  1018/1273/765 1020/1275/767 1021/1276/768 1019/1274/766
f  1018/1273/765 1017/1272/764 1015/1270/762 1020/1275/767
f  1018/1273/765 991/1246/738 992/1247/739 1017/1272/764
f  1020/1275/767 1013/1268/760 1012/1267/759 1021/1276/768
f  1020/1275/767 1015/1270/762 1009/1264/756 1013/1268/760
f  1022/1277/769 1023/1278/770 1024/1279/771 1025/1280/772
f  1023/1278/770 1026/1281/773 1027/1282/774 1024/1279/771
f  1028/1283/775 995/1250/742 998/1253/745 1029/1284/776
f  1026/1281/773 1028/1283/775 1029/1284/776 1027/1282/774
f  1030/1285/777 1031/1286/778 1012/1267/759 1011/1266/758
f  1030/1285/777 1032/1287/779 1033/1288/780 1031/1286/778
f  1034/1289/781 1035/1290/782 940/1195/687 1036/1291/783
f  1034/1289/781 1036/1291/783 1033/1288/780 1032/1287/779
f  1037/1292/784 1021/1276/768 1012/1267/759 1031/1286/778
f  1037/1292/784 1031/1286/778 1033/1288/780 1038/1293/785
f  1039/1294/786 1040/1295/787 993/1248/740 1019/1274/766
f  1039/1294/786 1041/1296/788 1042/1297/789 1040/1295/787
f  1039/1294/786 1037/1292/784 1038/1293/785 1041/1296/788
f  1039/1294/786 1019/1274/766 1021/1276/768 1037/1292/784
f  1043/1298/790 947/1202/694 946/1201/693 1044/1299/791
f  1043/1298/790 1045/1300/792 939/1194/686 947/1202/694
f  1043/1298/790 1041/1296/788 1038/1293/785 1045/1300/792
f  1043/1298/790 1044/1299/791 1042/1297/789 1041/1296/788
f  1045/1300/792 1036/1291/783 940/1195/687 939/1194/686
f  1045/1300/792 1038/1293/785 1033/1288/780 1036/1291/783
f  811/1055/558 1046/1301/793 1047/1302/794 812/1056/559
f  806/1050/553 779/1023/526 936/1191/683 1048/1303/795
f  1049/1304/796 1022/1277/769 1025/1280/772 1050/1305/797
f  1051/1306/798 1049/1304/796 1050/1305/797 1052/1307/799
f  1053/1308/800 941/1196/688 940/1195/687 1035/1290/782
f  1053/1308/800 1054/1309/801 942/1197/689 941/1196/688
f  1054/1309/801 1048/1303/795 936/1191/683 942/1197/689
f  1046/1301/793 1051/1306/798 1052/1307/799 1047/1302/794
f  1055/1310/802 1007/1262/754 952/1207/699 951/1206/698
f  1002/1257/749 1056/1311/803 1057/1312/804 1003/1258/750
f  979/1234/726 1058/1313/805 1059/1314/806 980/1235/727
f  979/1234/726 975/1230/722 990/1245/737 1058/1313/805
f  986/1241/733 1060/1315/807 1061/1316/808 931/1186/678
f  986/1241/733 980/1235/727 1059/1314/806 1060/1315/807
f  1044/1299/791 1060/1315/807 1059/1314/806 1042/1297/789
f  1044/1299/791 946/1201/693 1061/1316/808 1060/1315/807
f  1040/1295/787 1058/1313/805 990/1245/737 993/1248/740
f  1040/1295/787 1042/1297/789 1059/1314/806 1058/1313/805
f  929/1184/676 1062/1317/809 933/1188/680 930/1185/677
f  949/1204/696 934/1189/681 933/1188/680 1062/1317/809
f  945/1200/692 1063/1318/810 1061/1316/808 946/1201/693
f  945/1200/692 949/1204/696 1062/1317/809 1063/1318/810
f  932/1187/679 1063/1318/810 1062/1317/809 929/1184/676
f  932/1187/679 931/1186/678 1061/1316/808 1063/1318/810
f  921/1176/668 1064/1319/811 1065/1320/812 925/1180/672
f  1066/1321/813 1064/1319/811 921/1176/668 924/1179/671
f  1067/1322/814 1066/1321/813 924/1179/671 928/1183/675
f  763/1007/510 838/1082/585 1067/1322/814 928/1183/675
f  1068/1323/815 1069/1324/816 962/1217/709 965/1220/712
f  1070/1325/817 1068/1323/815 965/1220/712 966/1221/713
f  1071/1326/818 1070/1325/817 966/1221/713 969/1224/716
f  1072/1327/819 1073/1328/820 970/1225/717 973/1228/720
f  1073/1328/820 1071/1326/818 969/1224/716 970/1225/717
f  1074/1329/821 1072/1327/819 973/1228/720 982/1237/729
f  1075/1330/822 1074/1329/821 982/1237/729 983/1238/730
f  1065/1320/812 1076/1331/823 984/1239/731 925/1180/672
f  1076/1331/823 1075/1330/822 983/1238/730 984/1239/731
f  1011/1266/758 1010/1265/757 996/1251/743 995/1250/742
f  1010/1265/757 1008/1263/755 999/1254/746 996/1251/743
f  1005/1260/752 1007/1262/754 1002/1257/749 1001/1256/748
f  1008/1263/755 1005/1260/752 1001/1256/748 999/1254/746
f  1035/1290/782 1034/1289/781 1023/1278/770 1022/1277/769
f  1034/1289/781 1032/1287/779 1026/1281/773 1023/1278/770
f  1030/1285/777 1011/1266/758 995/1250/742 1028/1283/775
f  1032/1287/779 1030/1285/777 1028/1283/775 1026/1281/773
f  806/1050/553 1048/1303/795 1046/1301/793 811/1055/558
f  1053/1308/800 1035/1290/782 1022/1277/769 1049/1304/796
f  1054/1309/801 1053/1308/800 1049/1304/796 1051/1306/798
f  1048/1303/795 1054/1309/801 1051/1306/798 1046/1301/793
f  1007/1262/754 1055/1310/802 1056/1311/803 1002/1257/749
f  839/1083/586 789/1033/536 791/1035/538 914/1168/661
f  841/1085/588 820/1064/567 790/1034/537 840/1084/587
f  913/1167/660 845/1089/592 844/1088/591 916/1170/663
f  857/1101/604 856/1100/603 918/1172/665 915/1169/662
f  1077/1332/824 1078/1333/825 1079/1334/826 1080/1335/827
f  1081/1336/828 1082/1337/829 1079/1334/826 1078/1333/825
f  1083/1338/830 1084/1339/831 1078/1333/825 1077/1332/824
f  1085/1340/832 1081/1336/828 1078/1333/825 1084/1339/831
f  1086/1341/833 1087/1342/834 1084/1339/831 1083/1338/830
f  1088/1343/835 1085/1340/832 1084/1339/831 1087/1342/834
f  1088/1343/835 1087/1342/834 1089/1344/836 1090/1345/837
f  1086/1341/833 1091/1346/838 1089/1344/836 1087/1342/834
f  1092/1347/839 1093/1348/840 1094/1349/841 1095/1350/842
f  1096/1351/843 1097/1352/844 1094/1349/841 1093/1348/840
f  1091/1346/838 1098/1353/845 1099/1354/846 1089/1344/836
f  1090/1345/837 1089/1344/836 1099/1354/846 1100/1355/847
f  1095/1350/842 1094/1349/841 1099/1354/846 1098/1353/845
f  1097/1352/844 1100/1355/847 1099/1354/846 1094/1349/841
f  1101/1356/848 1102/1357/849 1103/1358/850 1104/1359/851
f  1105/1360/852 1104/1359/851 1103/1358/850 1106/1361/853
f  1102/1357/849 1107/1362/854 1108/1363/855 1103/1358/850
f  1106/1361/853 1103/1358/850 1108/1363/855 1109/1364/856
f  1110/1365/857 1111/1366/858 1112/1367/859 1113/1368/860
f  1114/1369/861 1113/1368/860 1112/1367/859 1115/1370/862
f  1116/1371/863 1117/1372/864 1118/1373/865 1119/1374/866
f  1120/1375/867 1121/1376/868 1118/1373/865 1117/1372/864
f  1092/1347/839 1122/1377/869 1123/1378/870 1093/1348/840
f  1096/1351/843 1093/1348/840 1123/1378/870 1124/1379/871
f  1125/1380/872 1126/1381/873 1127/1382/874 1128/1383/875
f  1129/1384/876 1130/1385/877 1127/1382/874 1126/1381/873
f  1131/1386/878 1132/1387/879 1133/1388/880 1134/1389/881
f  1091/1346/838 1134/1389/881 1133/1388/880 1098/1353/845
f  1095/1350/842 1098/1353/845 1133/1388/880 1135/1390/882
f  1136/1391/883 1135/1390/882 1133/1388/880 1132/1387/879
f  1092/1347/839 1095/1350/842 1135/1390/882 1137/1392/884
f  1116/1371/863 1137/1392/884 1135/1390/882 1136/1391/883
f  1077/1332/824 1080/1335/827 1138/1393/885 1139/1394/886
f  1102/1357/849 1139/1394/886 1138/1393/885 1107/1362/854
f  1083/1338/830 1077/1332/824 1139/1394/886 1140/1395/887
f  1101/1356/848 1140/1395/887 1139/1394/886 1102/1357/849
f  1125/1380/872 1128/1383/875 1141/1396/888 1142/1397/889
f  1110/1365/857 1142/1397/889 1141/1396/888 1111/1366/858
f  1116/1371/863 1119/1374/866 1143/1398/890 1137/1392/884
f  1092/1347/839 1137/1392/884 1143/1398/890 1122/1377/869
f  1144/1399/891 1101/1356/848 1104/1359/851 1145/1400/892
f  1146/1401/893 1145/1400/892 1104/1359/851 1105/1360/852
f  1144/1399/891 1145/1400/892 1147/1402/894 1131/1386/878
f  1146/1401/893 1148/1403/895 1147/1402/894 1145/1400/892
f  1144/1399/891 1131/1386/878 1134/1389/881 1149/1404/896
f  1086/1341/833 1149/1404/896 1134/1389/881 1091/1346/838
f  1086/1341/833 1083/1338/830 1140/1395/887 1149/1404/896
f  1144/1399/891 1149/1404/896 1140/1395/887 1101/1356/848
f  1131/1386/878 1147/1402/894 1150/1405/897 1132/1387/879
f  1148/1403/895 1151/1406/898 1150/1405/897 1147/1402/894
f  1136/1391/883 1132/1387/879 1150/1405/897 1152/1407/899
f  1153/1408/900 1152/1407/899 1150/1405/897 1151/1406/898
f  1116/1371/863 1136/1391/883 1152/1407/899 1117/1372/864
f  1120/1375/867 1117/1372/864 1152/1407/899 1153/1408/900
f  1079/1334/826 837/1081/584 836/1080/583 1080/1335/827
f  838/1082/585 837/1081/584 1079/1334/826 1082/1337/829
f  840/1084/587 839/1083/586 1108/1363/855 1107/1362/854
f  836/1080/583 841/1085/588 1138/1393/885 1080/1335/827
f  1111/1366/858 1119/1374/866 1118/1373/865 1112/1367/859
f  1115/1370/862 1112/1367/859 1118/1373/865 1121/1376/868
f  1130/1385/877 1124/1379/871 1123/1378/870 1127/1382/874
f  1128/1383/875 1127/1382/874 1123/1378/870 1122/1377/869
f  1128/1383/875 1122/1377/869 1143/1398/890 1141/1396/888
f  1111/1366/858 1141/1396/888 1143/1398/890 1119/1374/866
f  1154/1409/901 1155/1410/902 1156/1411/903 1157/1412/904
f  1109/1364/856 1157/1412/904 1156/1411/903 1106/1361/853
f  1105/1360/852 1106/1361/853 1156/1411/903 1158/1413/905
f  1159/1414/906 1158/1413/905 1156/1411/903 1155/1410/902
f  1114/1369/861 1115/1370/862 1160/1415/907 1161/1416/908
f  1162/1417/909 1161/1416/908 1160/1415/907 1163/1418/910
f  1164/1419/911 1163/1418/910 1160/1415/907 1165/1420/912
f  1121/1376/868 1165/1420/912 1160/1415/907 1115/1370/862
f  1166/1421/913 1167/1422/914 1168/1423/915 1169/1424/916
f  1154/1409/901 1169/1424/916 1168/1423/915 1155/1410/902
f  1170/1425/917 1171/1426/918 1167/1422/914 1166/1421/913
f  1172/1427/919 1173/1428/920 1167/1422/914 1171/1426/918
f  1159/1414/906 1155/1410/902 1168/1423/915 1174/1429/921
f  1173/1428/920 1174/1429/921 1168/1423/915 1167/1422/914
f  1175/1430/922 1176/1431/923 1177/1432/924 1178/1433/925
f  1172/1427/919 1171/1426/918 1177/1434/924 1176/1435/923
f  1170/1425/917 1179/1436/926 1177/1434/924 1171/1426/918
f  1180/1437/927 1178/1433/925 1177/1432/924 1179/1438/926
f  1181/1439/928 1182/1440/929 1183/1441/930 1184/1442/931
f  1185/1443/932 1186/1444/933 1183/1445/930 1182/1446/929
f  1172/1427/919 1176/1435/923 1183/1445/930 1186/1444/933
f  1175/1430/922 1184/1442/931 1183/1441/930 1176/1431/923
f  1187/1447/934 1188/1448/935 1186/1444/933 1185/1443/932
f  1189/1449/936 1190/1450/937 1191/1451/938 1192/1452/939
f  1187/1447/934 1192/1452/939 1191/1451/938 1188/1448/935
f  1173/1428/920 1188/1448/935 1191/1451/938 1174/1429/921
f  1159/1414/906 1174/1429/921 1191/1451/938 1190/1450/937
f  1186/1444/933 1188/1448/935 1173/1428/920 1172/1427/919
f  1159/1414/906 1190/1450/937 1193/1453/940 1158/1413/905
f  1105/1360/852 1158/1413/905 1193/1453/940 1146/1401/893
f  1148/1403/895 1146/1401/893 1193/1453/940 1194/1454/941
f  1189/1449/936 1194/1454/941 1193/1453/940 1190/1450/937
f  1185/1443/932 1195/1455/942 1196/1456/943 1187/1447/934
f  1197/1457/944 1198/1458/945 1196/1456/943 1195/1455/942
f  1199/1459/946 1200/1460/947 1201/1461/948 1202/1462/949
f  1198/1458/945 1202/1462/949 1201/1461/948 1196/1456/943
f  1187/1447/934 1196/1456/943 1201/1461/948 1192/1452/939
f  1189/1449/936 1192/1452/939 1201/1461/948 1200/1460/947
f  1153/1408/900 1151/1406/898 1203/1463/950 1204/1464/951
f  1199/1459/946 1204/1464/951 1203/1463/950 1200/1460/947
f  1189/1449/936 1200/1460/947 1203/1463/950 1194/1454/941
f  1148/1403/895 1194/1454/941 1203/1463/950 1151/1406/898
f  1198/1458/945 1205/1465/952 1206/1466/953 1202/1462/949
f  1199/1459/946 1202/1462/949 1206/1466/953 1207/1467/954
f  1197/1457/944 1208/1468/955 1205/1465/952 1198/1458/945
f  1209/1469/956 1210/1470/957 1205/1465/952 1208/1468/955
f  1164/1419/911 1207/1467/954 1206/1466/953 1211/1471/958
f  1210/1470/957 1211/1471/958 1206/1466/953 1205/1465/952
f  1199/1459/946 1207/1467/954 1212/1472/959 1204/1464/951
f  1153/1408/900 1204/1464/951 1212/1472/959 1120/1375/867
f  1121/1376/868 1120/1375/867 1212/1472/959 1165/1420/912
f  1164/1419/911 1165/1420/912 1212/1472/959 1207/1467/954
f  1213/1473/960 1214/1474/961 1182/1440/929 1181/1439/928
f  1215/1475/962 1216/1476/963 1214/1474/961 1213/1473/960
f  1197/1457/944 1195/1455/942 1214/1477/961 1216/1478/963
f  1182/1446/929 1214/1477/961 1195/1455/942 1185/1443/932
f  1217/1479/964 1218/1480/965 1219/1481/966 1220/1482/967
f  1209/1469/956 1208/1468/955 1219/1483/966 1218/1484/965
f  1197/1457/944 1216/1478/963 1219/1483/966 1208/1468/955
f  1215/1475/962 1220/1482/967 1219/1481/966 1216/1476/963
f  1162/1417/909 1163/1418/910 1221/1485/968 1222/1486/969
f  1223/1487/970 1222/1486/969 1221/1485/968 1224/1488/971
f  1210/1470/957 1224/1488/971 1221/1485/968 1211/1471/958
f  1164/1419/911 1211/1471/958 1221/1485/968 1163/1418/910
f  1209/1469/956 1218/1484/965 1224/1488/971 1210/1470/957
f  1217/1489/964 1223/1487/970 1224/1488/971 1218/1484/965
f  914/1168/661 913/1167/660 1157/1412/904 1109/1364/856
f  1154/1409/901 916/1170/663 915/1169/662 1169/1424/916
f  1166/1421/913 918/1172/665 917/1171/664 1170/1425/917
f  1179/1438/926 920/1174/667 919/1173/666 1180/1437/927
f  1170/1425/917 917/1171/664 920/1175/667 1179/1436/926
f  1225/1490/972 1226/1491/973 1227/1492/974 1228/1493/975
f  1229/1494/976 1230/1495/977 1227/1492/974 1226/1491/973
f  1231/1496/978 1225/1490/972 1228/1493/975 1232/1497/979
f  1233/1498/980 1234/1499/981 1225/1490/972 1231/1496/978
f  1235/1500/982 1229/1494/976 1226/1491/973 1236/1501/983
f  1234/1499/981 1236/1501/983 1226/1491/973 1225/1490/972
f  1233/1498/980 1231/1496/978 1081/1336/828 1085/1340/832
f  1231/1496/978 1232/1497/979 1082/1337/829 1081/1336/828
f  1237/1502/984 1088/1343/835 1090/1345/837 1238/1503/985
f  1237/1502/984 1233/1498/980 1085/1340/832 1088/1343/835
f  1239/1504/986 1240/1505/987 1097/1352/844 1096/1351/843
f  1238/1503/985 1090/1345/837 1100/1355/847 1241/1506/988
f  1240/1505/987 1241/1506/988 1100/1355/847 1097/1352/844
f  1242/1507/989 1243/1508/990 1244/1509/991 1245/1510/992
f  1246/1511/993 1245/1510/992 1244/1509/991 1247/1512/994
f  1248/1513/995 1249/1514/996 1250/1515/997 1251/1516/998
f  1252/1517/999 1253/1518/1000 1250/1515/997 1249/1514/996
f  1247/1512/994 1244/1509/991 1250/1515/997 1253/1518/1000
f  1243/1508/990 1251/1516/998 1250/1515/997 1244/1509/991
f  1238/1503/985 1241/1506/988 1253/1518/1000 1252/1517/999
f  1240/1505/987 1247/1512/994 1253/1518/1000 1241/1506/988
f  1239/1504/986 1246/1511/993 1247/1512/994 1240/1505/987
f  1254/1519/1001 1255/1520/1002 1256/1521/1003 1257/1522/1004
f  1258/1523/1005 1259/1524/1006 1260/1525/1007 1261/1526/1008
f  1257/1522/1004 1256/1521/1003 1260/1525/1007 1259/1524/1006
f  1262/1527/1009 1258/1523/1005 1261/1526/1008 1263/1528/1010
f  1262/1527/1009 1263/1528/1010 1264/1529/1011 1265/1530/1012
f  1266/1531/1013 1267/1532/1014 1268/1533/1015 1269/1534/1016
f  1265/1530/1012 1264/1529/1011 1267/1532/1014 1266/1531/1013
f  1270/1535/1017 1271/1536/1018 1272/1537/1019 1273/1538/1020
f  1266/1531/1013 1269/1534/1016 1272/1537/1019 1271/1536/1018
f  1274/1539/1021 1275/1540/1022 1276/1541/1023 1277/1542/1024
f  1270/1535/1017 1273/1538/1020 1276/1541/1023 1275/1540/1022
f  1278/1543/1025 1279/1544/1026 1275/1540/1022 1274/1539/1021
f  1280/1545/1027 1270/1535/1017 1275/1540/1022 1279/1544/1026
f  1265/1530/1012 1266/1531/1013 1271/1536/1018 1281/1546/1028
f  1280/1545/1027 1281/1546/1028 1271/1536/1018 1270/1535/1017
f  1278/1543/1025 1274/1539/1021 1282/1547/1029 1283/1548/1030
f  1284/1549/1031 1283/1548/1030 1282/1547/1029 1285/1550/1032
f  1285/1550/1032 1282/1547/1029 1286/1551/1033 1287/1552/1034
f  1274/1539/1021 1277/1542/1024 1286/1551/1033 1282/1547/1029
f  1229/1494/976 1288/1553/1035 1289/1554/1036 1230/1495/977
f  1285/1550/1032 1287/1552/1034 1289/1554/1036 1288/1553/1035
f  1235/1500/982 1290/1555/1037 1288/1553/1035 1229/1494/976
f  1284/1549/1031 1285/1550/1032 1288/1553/1035 1290/1555/1037
f  1291/1556/1038 1292/1557/1039 1281/1546/1028 1280/1545/1027
f  1262/1527/1009 1265/1530/1012 1281/1546/1028 1292/1557/1039
f  1293/1558/1040 1294/1559/1041 1279/1544/1026 1278/1543/1025
f  1291/1556/1038 1280/1545/1027 1279/1544/1026 1294/1559/1041
f  1291/1556/1038 1294/1559/1041 1295/1560/1042 1296/1561/1043
f  1293/1558/1040 1297/1562/1044 1295/1560/1042 1294/1559/1041
f  1262/1527/1009 1292/1557/1039 1298/1563/1045 1258/1523/1005
f  1291/1556/1038 1296/1561/1043 1298/1563/1045 1292/1557/1039
f  1299/1564/1046 1300/1565/1047 1301/1566/1048 1302/1567/1049
f  1303/1568/1050 1304/1569/1051 1300/1565/1047 1299/1564/1046
f  1305/1570/1052 1306/1571/1053 1307/1572/1054 1308/1573/1055
f  1308/1573/1055 1307/1572/1054 1304/1569/1051 1303/1568/1050
f  1254/1519/1001 1309/1574/1056 1310/1575/1057 1311/1576/1058
f  1312/1577/1059 1313/1578/1060 1310/1575/1057 1309/1574/1056
f  1314/1579/1061 1315/1580/1062 1316/1581/1063 1317/1582/1064
f  1312/1577/1059 1317/1582/1064 1316/1581/1063 1313/1578/1060
f  1254/1519/1001 1257/1522/1004 1318/1583/1065 1309/1574/1056
f  1312/1577/1059 1309/1574/1056 1318/1583/1065 1319/1584/1066
f  1258/1523/1005 1298/1563/1045 1320/1585/1067 1259/1524/1006
f  1296/1561/1043 1321/1586/1068 1320/1585/1067 1298/1563/1045
f  1319/1584/1066 1318/1583/1065 1320/1585/1067 1321/1586/1068
f  1257/1522/1004 1259/1524/1006 1320/1585/1067 1318/1583/1065
f  1297/1562/1044 1322/1587/1069 1323/1588/1070 1295/1560/1042
f  1324/1589/1071 1325/1590/1072 1323/1588/1070 1322/1587/1069
f  1319/1584/1066 1321/1586/1068 1323/1588/1070 1325/1590/1072
f  1296/1561/1043 1295/1560/1042 1323/1588/1070 1321/1586/1068
f  1314/1579/1061 1317/1582/1064 1325/1590/1072 1324/1589/1071
f  1312/1577/1059 1319/1584/1066 1325/1590/1072 1317/1582/1064
f  1326/1591/1073 1327/1592/1074 1328/1593/1075 1329/1594/1076
f  1330/1595/1077 1331/1596/1078 1327/1592/1074 1326/1591/1073
f  1302/1567/1049 1301/1566/1048 1332/1597/1079 1333/1598/1080
f  1333/1598/1080 1332/1597/1079 1331/1596/1078 1330/1595/1077
f  1314/1579/1061 1334/1599/1081 1335/1600/1082 1315/1580/1062
f  1336/1601/1083 1337/1602/1084 1335/1600/1082 1334/1599/1081
f  1242/1507/989 1338/1603/1085 1339/1604/1086 1340/1605/1087
f  1336/1601/1083 1340/1605/1087 1339/1604/1086 1337/1602/1084
f  1314/1579/1061 1324/1589/1071 1341/1606/1088 1334/1599/1081
f  1336/1601/1083 1334/1599/1081 1341/1606/1088 1342/1607/1089
f  1297/1562/1044 1343/1608/1090 1344/1609/1091 1322/1587/1069
f  1345/1610/1092 1346/1611/1093 1344/1609/1091 1343/1608/1090
f  1342/1607/1089 1341/1606/1088 1344/1609/1091 1346/1611/1093
f  1324/1589/1071 1322/1587/1069 1344/1609/1091 1341/1606/1088
f  1248/1513/995 1251/1516/998 1347/1612/1094 1348/1613/1095
f  1243/1508/990 1349/1614/1096 1347/1612/1094 1251/1516/998
f  1342/1607/1089 1346/1611/1093 1347/1612/1094 1349/1614/1096
f  1345/1610/1092 1348/1613/1095 1347/1612/1094 1346/1611/1093
f  1242/1507/989 1340/1605/1087 1349/1614/1096 1243/1508/990
f  1336/1601/1083 1342/1607/1089 1349/1614/1096 1340/1605/1087
f  1350/1615/1097 1351/1616/1098 1130/1385/877 1129/1384/876
f  1239/1504/986 1096/1351/843 1124/1379/871 1352/1617/1099
f  1329/1594/1076 1328/1593/1075 1353/1618/1100 1354/1619/1101
f  1354/1619/1101 1353/1618/1100 1355/1620/1102 1356/1621/1103
f  1242/1507/989 1245/1510/992 1357/1622/1104 1338/1603/1085
f  1246/1511/993 1358/1623/1105 1357/1622/1104 1245/1510/992
f  1239/1504/986 1352/1617/1099 1358/1623/1105 1246/1511/993
f  1356/1621/1103 1355/1620/1102 1351/1616/1098 1350/1615/1097
f  1254/1519/1001 1311/1576/1058 1359/1624/1106 1255/1520/1002
f  1360/1625/1107 1361/1626/1108 1306/1571/1053 1305/1570/1052
f  1362/1627/1109 1363/1628/1110 1283/1548/1030 1284/1549/1031
f  1293/1558/1040 1278/1543/1025 1283/1548/1030 1363/1628/1110
f  1364/1629/1111 1365/1630/1112 1290/1555/1037 1235/1500/982
f  1362/1627/1109 1284/1549/1031 1290/1555/1037 1365/1630/1112
f  1362/1627/1109 1365/1630/1112 1348/1613/1095 1345/1610/1092
f  1364/1629/1111 1248/1513/995 1348/1613/1095 1365/1630/1112
f  1293/1558/1040 1363/1628/1110 1343/1608/1090 1297/1562/1044
f  1362/1627/1109 1345/1610/1092 1343/1608/1090 1363/1628/1110
f  1237/1502/984 1366/1631/1113 1234/1499/981 1233/1498/980
f  1237/1502/984 1238/1503/985 1252/1517/999 1366/1631/1113
f  1364/1629/1111 1367/1632/1114 1249/1514/996 1248/1513/995
f  1366/1631/1113 1252/1517/999 1249/1514/996 1367/1632/1114
f  1366/1631/1113 1367/1632/1114 1236/1501/983 1234/1499/981
f  1364/1629/1111 1235/1500/982 1236/1501/983 1367/1632/1114
f  1065/1320/812 1064/1319/811 1227/1492/974 1230/1495/977
f  1227/1492/974 1064/1319/811 1066/1321/813 1228/1493/975
f  1228/1493/975 1066/1321/813 1067/1322/814 1232/1497/979
f  1067/1322/814 838/1082/585 1082/1337/829 1232/1497/979
f  1268/1533/1015 1069/1324/816 1068/1323/815 1269/1534/1016
f  1269/1534/1016 1068/1323/815 1070/1325/817 1272/1537/1019
f  1272/1537/1019 1070/1325/817 1071/1326/818 1273/1538/1020
f  1276/1541/1023 1073/1328/820 1072/1327/819 1277/1542/1024
f  1273/1538/1020 1071/1326/818 1073/1328/820 1276/1541/1023
f  1277/1542/1024 1072/1327/819 1074/1329/821 1286/1551/1033
f  1286/1551/1033 1074/1329/821 1075/1330/822 1287/1552/1034
f  1289/1554/1036 1076/1331/823 1065/1320/812 1230/1495/977
f  1287/1552/1034 1075/1330/822 1076/1331/823 1289/1554/1036
f  1300/1565/1047 1316/1581/1063 1315/1580/1062 1301/1566/1048
f  1304/1569/1051 1313/1578/1060 1316/1581/1063 1300/1565/1047
f  1306/1571/1053 1311/1576/1058 1310/1575/1057 1307/1572/1054
f  1307/1572/1054 1310/1575/1057 1313/1578/1060 1304/1569/1051
f  1327/1592/1074 1339/1604/1086 1338/1603/1085 1328/1593/1075
f  1331/1596/1078 1337/1602/1084 1339/1604/1086 1327/1592/1074
f  1301/1566/1048 1315/1580/1062 1335/1600/1082 1332/1597/1079
f  1332/1597/1079 1335/1600/1082 1337/1602/1084 1331/1596/1078
f  1351/1616/1098 1352/1617/1099 1124/1379/871 1130/1385/877
f  1328/1593/1075 1338/1603/1085 1357/1622/1104 1353/1618/1100
f  1353/1618/1100 1357/1622/1104 1358/1623/1105 1355/1620/1102
f  1355/1620/1102 1358/1623/1105 1352/1617/1099 1351/1616/1098
f  1361/1626/1108 1359/1624/1106 1311/1576/1058 1306/1571/1053
f  1109/1364/856 1108/1363/855 839/1083/586 914/1168/661
f  1107/1362/854 1138/1393/885 841/1085/588 840/1084/587
f  1154/1409/901 1157/1412/904 913/1167/660 916/1170/663
f  918/1172/665 1166/1421/913 1169/1424/916 915/1169/662
f  795/1633/542 794/1634/541 1368/1635/1115 1369/1636/1116
f  796/1637/543 795/1633/542 1369/1636/1116 1370/1638/1117
f  809/1639/556 808/1640/555 1371/1641/1118 1372/1642/1119
f  808/1640/555 812/1643/559 1373/1644/1120 1371/1641/1118
f  824/1645/571 809/1639/556 1372/1642/1119 1374/1646/1121
f  794/1634/541 824/1645/571 1374/1646/1121 1368/1635/1115
f  849/1647/596 796/1637/543 1370/1638/1117 1375/1648/1122
f  850/1649/597 849/1647/596 1375/1648/1122 1376/1650/1123
f  1377/1651/1124 1378/1652/1125 868/1114/615 866/1110/613 865/1109/612
f  872/1119/619 871/1118/618 1379/1653/1126 1380/1654/1127
f  865/1109/612 872/1119/619 1380/1654/1127 1377/1651/1124
f  871/1118/618 902/1151/649 1381/1655/1128 1379/1653/1126
f  902/1151/649 904/1153/651 1382/1656/1129 1381/1655/1128
f  908/1159/655 907/1158/654 1383/1657/1130 1384/1658/1131
f  904/1153/651 908/1159/655 1384/1658/1131 1382/1656/1129
f  910/1659/657 850/1649/597 1376/1650/1123 1385/1660/1132
f  911/1661/658 910/1662/657 1385/1663/1132 1386/1664/1133
f  907/1158/654 911/1661/658 1386/1664/1133 1383/1657/1130
f  951/1665/698 950/1666/697 1387/1667/1134 1388/1668/1135
f  954/1669/701 957/1670/704 1389/1671/1136 1390/1672/1137
f  950/1666/697 954/1669/701 1390/1672/1137 1387/1667/1134
f  957/1670/704 959/1673/706 1391/1674/1138 1389/1671/1136
f  959/1673/706 960/1675/707 1392/1676/1139 1391/1674/1138
f  962/1677/709 1393/1678/1140 1392/1676/1139 960/1675/707 963/1679/710
f  998/1680/745 997/1681/744 1394/1682/1141 1395/1683/1142
f  997/1681/744 1000/1684/747 1396/1685/1143 1394/1682/1141
f  1004/1686/751 1003/1687/750 1397/1688/1144 1398/1689/1145
f  1000/1684/747 1004/1686/751 1398/1689/1145 1396/1685/1143
f  1025/1690/772 1024/1691/771 1399/1692/1146 1400/1693/1147
f  1024/1691/771 1027/1694/774 1401/1695/1148 1399/1692/1146
f  1029/1696/776 998/1680/745 1395/1683/1142 1402/1697/1149
f  1027/1694/774 1029/1696/776 1402/1697/1149 1401/1695/1148
f  812/1643/559 1047/1698/794 1403/1699/1150 1373/1644/1120
f  1050/1700/797 1025/1690/772 1400/1693/1147 1404/1701/1151
f  1052/1702/799 1050/1700/797 1404/1701/1151 1405/1703/1152
f  1047/1698/794 1052/1702/799 1405/1703/1152 1403/1699/1150
f  1055/1704/802 951/1665/698 1388/1668/1135 1406/1705/1153
f  1003/1687/750 1057/1706/804 1407/1707/1154 1397/1688/1144
f  1057/1708/804 1056/1709/803 1408/1710/1155 1407/1711/1154
f  962/1217/709 1069/1324/816 1268/1533/1015
f  1056/1709/803 1055/1704/802 1406/1705/1153 1408/1710/1155
f  1110/1712/857 1113/1713/860 1409/1714/1156 1410/1715/1157
f  1113/1713/860 1114/1716/861 1411/1717/1158 1409/1714/1156
f  1126/1718/873 1125/1719/872 1412/1720/1159 1413/1721/1160
f  1129/1722/876 1126/1718/873 1413/1721/1160 1414/1723/1161
f  1125/1719/872 1142/1724/889 1415/1725/1162 1412/1720/1159
f  1142/1724/889 1110/1712/857 1410/1715/1157 1415/1725/1162
f  1114/1716/861 1161/1726/908 1416/1727/1163 1411/1717/1158
f  1161/1726/908 1162/1728/909 1417/1729/1164 1416/1727/1163
f  1180/1437/927 1418/1730/1165 1419/1731/1166 1175/1430/922 1178/1433/925
f  1181/1439/928 1184/1442/931 1420/1732/1167 1421/1733/1168
f  1184/1442/931 1175/1430/922 1419/1731/1166 1420/1732/1167
f  1213/1473/960 1181/1439/928 1421/1733/1168 1422/1734/1169
f  1215/1475/962 1213/1473/960 1422/1734/1169 1423/1735/1170
f  1217/1479/964 1220/1482/967 1424/1736/1171 1425/1737/1172
f  1220/1482/967 1215/1475/962 1423/1735/1170 1424/1736/1171
f  1162/1728/909 1222/1738/969 1426/1739/1173 1417/1729/1164
f  1222/1740/969 1223/1741/970 1427/1742/1174 1426/1743/1173
f  1223/1741/970 1217/1479/964 1425/1737/1172 1427/1742/1174
f  1180/1437/927 919/1173/666 868/1114/615 1378/1652/1125 1418/1730/1165
f  1256/1744/1003 1255/1745/1002 1428/1746/1175 1429/1747/1176
f  1261/1748/1008 1260/1749/1007 1430/1750/1177 1431/1751/1178
f  1260/1749/1007 1256/1744/1003 1429/1747/1176 1430/1750/1177
f  1263/1752/1010 1261/1748/1008 1431/1751/1178 1432/1753/1179
f  1264/1754/1011 1263/1752/1010 1432/1753/1179 1433/1755/1180
f  1433/1755/1180 1434/1756/1181 1268/1757/1015 1267/1758/1014 1264/1754/1011
f  1299/1759/1046 1302/1760/1049 1435/1761/1182 1436/1762/1183
f  1303/1763/1050 1299/1759/1046 1436/1762/1183 1437/1764/1184
f  1305/1765/1052 1308/1766/1055 1438/1767/1185 1439/1768/1186
f  1308/1766/1055 1303/1763/1050 1437/1764/1184 1438/1767/1185
f  1326/1769/1073 1329/1770/1076 1440/1771/1187 1441/1772/1188
f  1330/1773/1077 1326/1769/1073 1441/1772/1188 1442/1774/1189
f  1302/1760/1049 1333/1775/1080 1443/1776/1190 1435/1761/1182
f  1333/1775/1080 1330/1773/1077 1442/1774/1189 1443/1776/1190
f  1350/1777/1097 1129/1722/876 1414/1723/1161 1444/1778/1191
f  1329/1770/1076 1354/1779/1101 1445/1780/1192 1440/1771/1187
f  1354/1779/1101 1356/1781/1103 1446/1782/1193 1445/1780/1192
f  1356/1781/1103 1350/1777/1097 1444/1778/1191 1446/1782/1193
f  1255/1745/1002 1359/1783/1106 1447/1784/1194 1428/1746/1175
f  1360/1785/1107 1305/1765/1052 1439/1768/1186 1448/1786/1195
f  1361/1787/1108 1360/1788/1107 1448/1789/1195 1449/1790/1196
f  1359/1783/1106 1361/1787/1108 1449/1790/1196 1447/1784/1194
f  962/1677/709 1268/1757/1015 1434/1756/1181 1393/1678/1140
# object Object003
g Object003
v -0.00148 -0.00697 0.04092
v -0.00148 -0.00433 0.04049
v -0.00368 -0.00433 0.04057
v -0.00368 -0.00696 0.04100
v -0.00148 -0.00165 0.04006
v -0.00366 -0.00165 0.04015
v -0.00592 -0.00433 0.04073
v -0.00592 -0.00697 0.04114
v -0.00594 -0.00166 0.04033
v -0.00835 -0.00434 0.04100
v -0.00836 -0.00698 0.04138
v -0.00834 -0.00167 0.04063
v -0.01083 -0.00169 0.04109
v -0.01082 -0.00436 0.04142
v -0.01082 -0.00699 0.04175
v -0.01547 -0.00704 0.04286
v -0.01553 -0.00443 0.04269
v -0.01760 -0.00447 0.04344
v -0.01750 -0.00704 0.04354
v -0.01561 -0.00178 0.04252
v -0.01770 -0.00184 0.04336
v -0.01326 -0.00439 0.04199
v -0.01323 -0.00701 0.04224
v -0.01330 -0.00172 0.04173
v -0.00591 -0.01388 0.04241
v -0.00375 -0.01391 0.04233
v -0.00370 -0.01190 0.04191
v -0.00592 -0.01189 0.04201
v -0.00379 -0.01568 0.04273
v -0.00590 -0.01561 0.04280
v -0.00150 -0.01393 0.04228
v -0.00149 -0.01191 0.04185
v -0.00151 -0.01571 0.04268
v -0.02051 -0.01271 0.04492
v -0.01990 -0.01280 0.04475
v -0.02022 -0.01115 0.04473
v -0.02088 -0.01104 0.04494
v -0.01944 -0.01422 0.04477
v -0.02000 -0.01417 0.04490
v -0.01902 -0.01137 0.04436
v -0.01877 -0.01302 0.04442
v -0.01707 -0.01330 0.04394
v -0.01726 -0.01161 0.04381
v -0.01839 -0.01440 0.04449
v -0.01676 -0.01470 0.04407
v -0.02353 -0.00703 0.04460
v -0.02361 -0.00459 0.04478
v -0.02387 -0.00460 0.04463
v -0.02380 -0.00704 0.04443
v -0.02368 -0.00207 0.04495
v -0.02392 -0.00208 0.04483
v -0.02304 -0.01326 0.04390
v -0.02268 -0.01315 0.04415
v -0.02310 -0.01135 0.04424
v -0.02341 -0.01142 0.04403
v -0.02214 -0.01478 0.04407
v -0.02253 -0.01494 0.04379
v -0.01943 -0.00449 0.04421
v -0.01932 -0.00699 0.04424
v -0.01956 -0.00191 0.04422
v -0.02060 -0.00693 0.04475
v -0.02072 -0.00450 0.04479
v -0.02142 -0.00450 0.04509
v -0.02130 -0.00690 0.04503
v -0.02086 -0.00197 0.04485
v -0.02150 -0.00200 0.04516
v -0.01080 -0.00954 0.04208
v -0.01319 -0.00954 0.04248
v -0.01310 -0.01181 0.04273
v -0.01077 -0.01184 0.04241
v -0.01539 -0.00953 0.04304
v -0.01526 -0.01175 0.04322
v -0.01740 -0.00947 0.04367
v -0.00369 -0.00954 0.04145
v -0.00148 -0.00954 0.04139
v -0.00593 -0.00954 0.04157
v -0.02113 -0.00909 0.04498
v -0.02045 -0.00917 0.04473
v -0.01919 -0.00932 0.04429
v -0.02365 -0.00933 0.04422
v -0.02337 -0.00930 0.04441
v -0.00834 -0.01382 0.04255
v -0.00836 -0.01187 0.04218
v -0.00832 -0.01551 0.04290
v -0.01069 -0.01375 0.04273
v -0.01059 -0.01537 0.04305
v -0.00836 -0.00953 0.04178
v -0.01293 -0.01367 0.04299
v -0.01271 -0.01522 0.04327
v -0.01504 -0.01353 0.04341
v -0.01475 -0.01501 0.04361
v -0.00597 -0.00438 0.03993
v -0.00371 -0.00438 0.03977
v -0.00371 -0.00671 0.04015
v -0.00597 -0.00672 0.04030
v -0.00369 -0.00171 0.03933
v -0.00599 -0.00171 0.03950
v -0.00148 -0.00171 0.03924
v -0.00149 -0.00438 0.03969
v -0.00149 -0.00671 0.04008
v -0.00843 -0.00438 0.04022
v -0.00842 -0.00171 0.03981
v -0.00843 -0.00672 0.04058
v -0.01090 -0.00713 0.04102
v -0.01092 -0.00440 0.04066
v -0.01094 -0.00172 0.04029
v -0.01774 -0.00447 0.04264
v -0.01569 -0.00445 0.04191
v -0.01561 -0.00706 0.04209
v -0.01762 -0.00705 0.04273
v -0.01579 -0.00179 0.04173
v -0.01787 -0.00184 0.04255
v -0.01336 -0.00707 0.04151
v -0.01339 -0.00442 0.04123
v -0.01344 -0.00175 0.04094
v -0.00371 -0.01206 0.04122
v -0.00149 -0.01206 0.04117
v -0.00150 -0.01413 0.04167
v -0.00377 -0.01412 0.04171
v -0.00584 -0.01408 0.04180
v -0.00583 -0.01204 0.04133
v -0.01682 -0.01348 0.04308
v -0.01836 -0.01321 0.04350
v -0.01885 -0.01146 0.04344
v -0.01724 -0.01169 0.04295
v -0.01776 -0.01468 0.04355
v -0.01632 -0.01496 0.04321
v -0.01995 -0.01282 0.04394
v -0.02046 -0.01111 0.04397
v -0.01931 -0.01429 0.04393
v -0.02378 -0.00452 0.04425
v -0.02335 -0.00450 0.04431
v -0.02325 -0.00688 0.04414
v -0.02370 -0.00691 0.04406
v -0.02343 -0.00203 0.04447
v -0.02385 -0.00204 0.04444
v -0.02281 -0.00201 0.04456
v -0.02274 -0.00449 0.04442
v -0.02262 -0.00686 0.04430
v -0.02211 -0.01097 0.04407
v -0.02167 -0.01269 0.04400
v -0.02239 -0.01283 0.04373
v -0.02280 -0.01104 0.04383
v -0.02111 -0.01424 0.04394
v -0.02185 -0.01448 0.04365
v -0.02292 -0.01299 0.04356
v -0.02331 -0.01114 0.04368
v -0.02240 -0.01471 0.04345
v -0.01933 -0.00699 0.04337
v -0.01946 -0.00448 0.04335
v -0.01956 -0.00189 0.04333
v -0.02117 -0.00448 0.04412
v -0.02102 -0.00690 0.04406
v -0.02136 -0.00196 0.04423
v -0.01748 -0.00950 0.04284
v -0.01551 -0.00956 0.04226
v -0.01535 -0.01181 0.04244
v -0.01322 -0.00915 0.04160
v -0.01379 -0.01010 0.04183
v -0.00371 -0.00966 0.04071
v -0.00598 -0.00966 0.04084
v -0.00149 -0.00966 0.04065
v -0.01915 -0.00935 0.04340
v -0.02080 -0.00913 0.04401
v -0.02308 -0.00906 0.04398
v -0.02242 -0.00902 0.04417
v -0.02356 -0.00912 0.04386
v -0.01350 -0.01232 0.04216
v -0.01504 -0.01366 0.04264
v -0.01379 -0.01122 0.04205
v -0.01467 -0.01520 0.04286
v -0.02402 -0.00459 0.04449
v -0.02395 -0.00703 0.04427
v -0.02407 -0.00207 0.04469
v -0.02406 -0.00457 0.04436
v -0.02399 -0.00700 0.04415
v -0.02410 -0.00206 0.04457
v -0.02391 -0.00695 0.04407
v -0.02398 -0.00455 0.04428
v -0.02403 -0.00205 0.04448
v -0.02358 -0.01140 0.04385
v -0.02322 -0.01326 0.04371
v -0.02273 -0.01499 0.04358
v -0.02327 -0.01321 0.04358
v -0.02362 -0.01133 0.04372
v -0.02277 -0.01495 0.04345
v -0.02317 -0.01311 0.04352
v -0.02354 -0.01124 0.04366
v -0.02268 -0.01486 0.04340
v -0.02381 -0.00931 0.04405
v -0.02385 -0.00926 0.04393
v -0.02377 -0.00919 0.04386
v -0.02210 -0.01296 0.04451
v -0.02148 -0.01278 0.04483
v -0.02189 -0.01106 0.04492
v -0.02250 -0.01121 0.04461
v -0.02095 -0.01431 0.04475
v -0.02156 -0.01455 0.04442
v -0.02239 -0.00691 0.04512
v -0.02251 -0.00453 0.04523
v -0.02307 -0.00456 0.04503
v -0.02297 -0.00697 0.04489
v -0.02258 -0.00205 0.04535
v -0.02313 -0.00206 0.04518
v -0.02279 -0.00920 0.04474
v -0.02219 -0.00910 0.04502
v -0.02063 -0.01267 0.04414
v -0.02116 -0.01098 0.04418
v -0.01998 -0.01415 0.04410
v -0.02161 -0.01095 0.04421
v -0.02113 -0.01263 0.04415
v -0.02053 -0.01414 0.04411
v -0.02231 -0.00448 0.04448
v -0.02217 -0.00685 0.04438
v -0.02240 -0.00200 0.04459
v -0.02189 -0.00448 0.04441
v -0.02174 -0.00686 0.04432
v -0.02200 -0.00199 0.04451
v -0.02151 -0.00904 0.04424
v -0.02194 -0.00901 0.04428
v -0.00013 -0.00697 0.04092
v -0.00013 -0.00433 0.04049
v -0.00013 -0.00165 0.04006
v -0.00013 -0.01393 0.04228
v -0.00013 -0.01191 0.04185
v -0.00013 -0.00954 0.04139
v -0.00013 -0.00438 0.03969
v -0.00013 -0.00672 0.04008
v -0.00013 -0.01206 0.04117
v -0.00013 -0.01413 0.04167
v -0.00013 -0.00967 0.04065
v -0.02099 -0.01269 0.04497
v -0.02140 -0.01100 0.04503
v -0.02046 -0.01419 0.04491
v -0.02204 -0.00451 0.04526
v -0.02214 -0.00203 0.04537
v -0.02191 -0.00689 0.04518
v -0.02171 -0.00906 0.04510
v -0.00152 -0.01734 0.04307
v -0.00381 -0.01729 0.04311
v -0.00380 -0.01878 0.04346
v -0.00152 -0.01885 0.04343
v -0.00589 -0.01719 0.04316
v -0.00587 -0.01864 0.04350
v -0.01934 -0.01550 0.04487
v -0.01879 -0.01550 0.04478
v -0.01801 -0.01667 0.04477
v -0.01853 -0.01673 0.04484
v -0.01782 -0.01564 0.04455
v -0.01712 -0.01676 0.04460
v -0.01047 -0.02647 0.04263
v -0.00827 -0.02712 0.04255
v -0.00818 -0.02653 0.04302
v -0.01032 -0.02590 0.04309
v -0.00589 -0.02762 0.04247
v -0.00585 -0.02702 0.04296
v -0.00381 -0.02794 0.04238
v -0.00380 -0.02735 0.04287
v -0.00152 -0.02811 0.04235
v -0.00152 -0.02751 0.04284
v -0.02147 -0.01634 0.04397
v -0.02189 -0.01656 0.04367
v -0.02107 -0.01814 0.04354
v -0.02064 -0.01786 0.04386
v -0.00151 -0.02027 0.04376
v -0.00380 -0.02018 0.04379
v -0.00379 -0.02133 0.04405
v -0.00151 -0.02144 0.04402
v -0.00377 -0.02262 0.04431
v -0.00151 -0.02275 0.04428
v -0.00581 -0.02111 0.04408
v -0.00576 -0.02236 0.04433
v -0.00584 -0.01999 0.04382
v -0.00375 -0.02422 0.04444
v -0.00376 -0.02349 0.04443
v -0.00573 -0.02321 0.04445
v -0.00571 -0.02392 0.04448
v -0.00151 -0.02363 0.04441
v -0.00151 -0.02437 0.04442
v -0.00789 -0.02352 0.04450
v -0.00793 -0.02283 0.04448
v -0.00986 -0.02235 0.04450
v -0.00983 -0.02301 0.04452
v -0.00799 -0.02200 0.04436
v -0.00995 -0.02155 0.04439
v -0.00809 -0.02079 0.04412
v -0.01010 -0.02039 0.04417
v -0.01023 -0.01937 0.04394
v -0.00816 -0.01972 0.04387
v -0.00823 -0.01841 0.04356
v -0.01036 -0.01813 0.04366
v -0.00828 -0.01702 0.04324
v -0.01048 -0.01682 0.04336
v -0.01736 -0.02261 0.04310
v -0.01586 -0.02378 0.04300
v -0.01554 -0.02329 0.04341
v -0.01700 -0.02215 0.04349
v -0.01425 -0.02479 0.04289
v -0.01398 -0.02427 0.04331
v -0.01225 -0.02514 0.04319
v -0.01246 -0.02569 0.04275
v -0.01959 -0.01935 0.04374
v -0.02001 -0.01969 0.04339
v -0.01894 -0.02103 0.04326
v -0.01855 -0.02062 0.04363
v -0.01183 -0.01992 0.04427
v -0.01163 -0.02100 0.04446
v -0.01334 -0.01940 0.04439
v -0.01305 -0.02040 0.04454
v -0.01364 -0.01853 0.04424
v -0.01202 -0.01897 0.04408
v -0.01225 -0.01782 0.04384
v -0.01401 -0.01746 0.04403
v -0.01439 -0.01630 0.04382
v -0.01248 -0.01659 0.04356
v -0.01515 -0.01808 0.04444
v -0.01468 -0.01890 0.04454
v -0.01572 -0.01706 0.04432
v -0.01423 -0.01980 0.04461
v -0.01566 -0.01859 0.04465
v -0.01499 -0.01934 0.04466
v -0.01635 -0.01778 0.04463
v -0.01628 -0.01594 0.04420
v -0.01153 -0.02176 0.04456
v -0.01152 -0.02240 0.04458
v -0.01296 -0.02111 0.04462
v -0.01299 -0.02170 0.04464
v -0.01427 -0.02093 0.04470
v -0.01417 -0.02042 0.04468
v -0.01522 -0.01966 0.04472
v -0.01544 -0.02005 0.04473
v -0.01760 -0.01790 0.04480
v -0.01713 -0.01775 0.04475
v -0.01632 -0.01864 0.04474
v -0.01670 -0.01888 0.04477
v -0.00152 -0.01738 0.04250
v -0.00383 -0.01734 0.04253
v -0.00382 -0.01598 0.04219
v -0.00152 -0.01601 0.04215
v -0.00382 -0.01880 0.04287
v -0.00152 -0.01887 0.04285
v -0.00593 -0.01591 0.04225
v -0.00592 -0.01724 0.04257
v -0.00590 -0.01866 0.04289
v -0.01714 -0.01593 0.04359
v -0.01581 -0.01622 0.04332
v -0.01530 -0.01728 0.04342
v -0.01651 -0.01699 0.04362
v -0.01429 -0.01650 0.04305
v -0.01393 -0.01760 0.04323
v -0.01862 -0.01559 0.04393
v -0.01785 -0.01675 0.04393
v -0.00583 -0.02660 0.04261
v -0.00814 -0.02610 0.04267
v -0.00800 -0.02509 0.04321
v -0.00576 -0.02559 0.04316
v -0.01024 -0.02546 0.04273
v -0.01001 -0.02446 0.04325
v -0.00588 -0.02742 0.04216
v -0.00825 -0.02691 0.04223
v -0.01043 -0.02626 0.04231
v -0.00377 -0.02591 0.04309
v -0.00379 -0.02693 0.04253
v -0.00151 -0.02607 0.04307
v -0.00151 -0.02709 0.04249
v -0.00381 -0.02776 0.04207
v -0.00152 -0.02793 0.04203
v -0.02118 -0.01605 0.04356
v -0.02042 -0.01570 0.04387
v -0.01958 -0.01708 0.04380
v -0.02034 -0.01756 0.04346
v -0.02175 -0.01636 0.04334
v -0.02092 -0.01796 0.04321
v -0.00588 -0.01994 0.04316
v -0.00382 -0.02012 0.04314
v -0.00381 -0.02117 0.04334
v -0.00585 -0.02096 0.04335
v -0.00152 -0.02021 0.04312
v -0.00152 -0.02128 0.04332
v -0.00152 -0.02246 0.04348
v -0.00379 -0.02233 0.04350
v -0.00581 -0.02209 0.04351
v -0.00377 -0.02348 0.04360
v -0.00576 -0.02321 0.04363
v -0.00151 -0.02362 0.04357
v -0.00806 -0.02173 0.04352
v -0.00815 -0.02064 0.04335
v -0.00821 -0.01967 0.04316
v -0.00828 -0.01845 0.04292
v -0.01030 -0.01933 0.04318
v -0.01019 -0.02024 0.04335
v -0.01043 -0.01819 0.04297
v -0.01004 -0.02128 0.04352
v -0.00797 -0.02282 0.04365
v -0.00991 -0.02234 0.04366
v -0.00833 -0.01709 0.04262
v -0.00836 -0.01587 0.04235
v -0.01055 -0.01693 0.04271
v -0.01066 -0.01575 0.04248
v -0.01338 -0.02291 0.04342
v -0.01180 -0.02374 0.04333
v -0.01213 -0.02470 0.04283
v -0.01382 -0.02383 0.04295
v -0.01533 -0.02287 0.04305
v -0.01479 -0.02199 0.04350
v -0.01675 -0.02175 0.04313
v -0.01612 -0.02093 0.04358
v -0.01417 -0.02457 0.04256
v -0.01576 -0.02357 0.04268
v -0.01725 -0.02241 0.04278
v -0.01240 -0.02547 0.04243
v -0.01827 -0.02027 0.04326
v -0.01755 -0.01956 0.04365
v -0.01856 -0.01842 0.04372
v -0.01930 -0.01902 0.04336
v -0.01881 -0.02084 0.04294
v -0.01987 -0.01952 0.04307
v -0.01306 -0.02018 0.04362
v -0.01412 -0.01964 0.04368
v -0.01444 -0.01886 0.04359
v -0.01331 -0.01931 0.04350
v -0.01359 -0.01856 0.04339
v -0.01483 -0.01817 0.04351
v -0.01588 -0.01789 0.04364
v -0.01535 -0.01859 0.04366
v -0.01483 -0.01930 0.04371
v -0.01208 -0.01896 0.04327
v -0.01231 -0.01792 0.04309
v -0.01190 -0.01979 0.04341
v -0.01170 -0.02075 0.04356
v -0.01254 -0.01675 0.04287
v -0.01278 -0.01542 0.04262
v -0.01157 -0.02176 0.04371
v -0.01297 -0.02112 0.04378
v -0.01414 -0.02044 0.04385
v -0.01516 -0.01970 0.04387
v -0.01622 -0.01869 0.04387
v -0.01701 -0.01782 0.04390
v -0.00984 -0.01351 0.04198
v -0.00884 -0.01279 0.04173
v -0.01097 -0.01378 0.04213
v -0.00832 -0.02742 0.04223
v -0.00591 -0.02793 0.04215
v -0.01054 -0.02676 0.04232
v -0.01056 -0.02683 0.04215
v -0.00833 -0.02749 0.04206
v -0.00592 -0.02800 0.04198
v -0.00831 -0.02734 0.04204
v -0.01053 -0.02668 0.04213
v -0.00591 -0.02785 0.04196
v -0.00382 -0.02823 0.04206
v -0.00152 -0.02840 0.04202
v -0.00381 -0.02829 0.04192
v -0.00152 -0.02847 0.04188
v -0.00382 -0.02820 0.04191
v -0.00152 -0.02836 0.04187
v -0.02209 -0.01664 0.04345
v -0.02214 -0.01663 0.04332
v -0.02131 -0.01827 0.04317
v -0.02127 -0.01826 0.04331
v -0.02204 -0.01654 0.04327
v -0.02121 -0.01818 0.04313
v -0.01602 -0.02402 0.04272
v -0.01438 -0.02504 0.04260
v -0.01754 -0.02283 0.04283
v -0.01758 -0.02287 0.04268
v -0.01605 -0.02407 0.04256
v -0.01441 -0.02510 0.04243
v -0.01256 -0.02596 0.04245
v -0.01259 -0.02602 0.04228
v -0.01254 -0.02587 0.04226
v -0.01435 -0.02495 0.04241
v -0.01598 -0.02393 0.04254
v -0.01749 -0.02274 0.04265
v -0.01914 -0.02122 0.04301
v -0.02021 -0.01985 0.04315
v -0.01918 -0.02125 0.04286
v -0.02025 -0.01988 0.04300
v -0.02015 -0.01977 0.04297
v -0.01908 -0.02113 0.04283
v -0.02028 -0.01574 0.04467
v -0.02090 -0.01604 0.04434
v -0.02006 -0.01747 0.04425
v -0.01944 -0.01709 0.04461
v -0.00573 -0.02537 0.04407
v -0.00579 -0.02624 0.04353
v -0.00378 -0.02656 0.04345
v -0.00376 -0.02569 0.04400
v -0.00151 -0.02673 0.04343
v -0.00151 -0.02585 0.04398
v -0.01843 -0.01840 0.04454
v -0.01903 -0.01887 0.04415
v -0.01801 -0.02008 0.04406
v -0.01744 -0.01952 0.04447
v -0.01982 -0.01552 0.04405
v -0.01899 -0.01681 0.04400
v -0.01927 -0.01548 0.04407
v -0.01845 -0.01671 0.04404
v -0.00793 -0.02422 0.04354
v -0.00573 -0.02470 0.04350
v -0.00989 -0.02363 0.04357
v -0.00793 -0.02346 0.04367
v -0.00986 -0.02293 0.04369
v -0.00573 -0.02389 0.04364
v -0.00376 -0.02418 0.04360
v -0.00376 -0.02502 0.04344
v -0.00151 -0.02433 0.04357
v -0.00151 -0.02517 0.04342
v -0.01161 -0.02295 0.04363
v -0.01312 -0.02218 0.04371
v -0.01154 -0.02230 0.04374
v -0.01299 -0.02161 0.04381
v -0.01424 -0.02085 0.04389
v -0.01538 -0.01999 0.04392
v -0.01445 -0.02133 0.04378
v -0.01569 -0.02037 0.04383
v -0.01704 -0.01910 0.04387
v -0.01799 -0.01805 0.04393
v -0.01752 -0.01787 0.04399
v -0.01662 -0.01884 0.04394
v -0.00013 -0.01733 0.04307
v -0.00013 -0.01571 0.04268
v -0.00013 -0.02810 0.04236
v -0.00013 -0.02750 0.04286
v -0.00013 -0.02026 0.04376
v -0.00013 -0.01884 0.04342
v -0.00013 -0.02273 0.04428
v -0.00013 -0.02143 0.04402
v -0.00013 -0.02435 0.04442
v -0.00013 -0.02361 0.04441
v -0.00013 -0.01738 0.04250
v -0.00013 -0.01886 0.04284
v -0.00013 -0.01600 0.04215
v -0.00013 -0.02605 0.04308
v -0.00013 -0.02708 0.04250
v -0.00013 -0.02791 0.04204
v -0.00013 -0.02020 0.04312
v -0.00013 -0.02126 0.04332
v -0.00013 -0.02244 0.04348
v -0.00013 -0.02360 0.04357
v -0.00013 -0.02845 0.04204
v -0.00013 -0.02839 0.04187
v -0.00013 -0.02515 0.04343
v -0.00013 -0.02431 0.04358
v -0.00806 -0.02576 0.04358
v -0.01013 -0.02514 0.04363
v -0.00795 -0.02491 0.04410
v -0.00994 -0.02432 0.04414
v -0.01512 -0.02262 0.04389
v -0.01651 -0.02152 0.04396
v -0.01470 -0.02193 0.04435
v -0.01602 -0.02088 0.04440
v -0.01363 -0.02358 0.04381
v -0.01329 -0.02284 0.04428
v -0.01198 -0.02442 0.04371
v -0.01172 -0.02363 0.04420
v -0.01978 -0.01556 0.04485
v -0.01896 -0.01685 0.04480
v -0.00790 -0.02418 0.04440
v -0.00985 -0.02363 0.04442
v -0.00571 -0.02461 0.04437
v -0.00375 -0.02492 0.04432
v -0.00151 -0.02508 0.04430
v -0.01443 -0.02139 0.04461
v -0.01568 -0.02042 0.04464
v -0.01308 -0.02224 0.04455
v -0.01157 -0.02299 0.04448
v -0.01798 -0.01809 0.04475
v -0.01703 -0.01915 0.04470
v -0.00013 -0.02671 0.04344
v -0.00013 -0.02583 0.04399
v -0.00013 -0.02506 0.04431
v -0.00148 0.00355 0.03948
v -0.00148 0.00605 0.03933
v -0.00366 0.00607 0.03944
v -0.00365 0.00356 0.03958
v -0.00148 0.00765 0.03931
v -0.00366 0.00769 0.03942
v -0.00147 0.00097 0.03972
v -0.00364 0.00098 0.03982
v -0.00598 0.00359 0.03979
v -0.00597 0.00098 0.04002
v -0.00599 0.00612 0.03965
v -0.00598 0.00775 0.03963
v -0.01084 0.00097 0.04082
v -0.00833 0.00098 0.04032
v -0.01569 0.00087 0.04239
v -0.01780 0.00079 0.04330
v -0.01334 0.00093 0.04151
v -0.01787 0.00582 0.04348
v -0.01574 0.00597 0.04238
v -0.01573 0.00752 0.04247
v -0.01786 0.00731 0.04363
v -0.01573 0.00347 0.04234
v -0.01785 0.00336 0.04335
v -0.01335 0.00769 0.04138
v -0.01336 0.00610 0.04134
v -0.01084 0.00615 0.04053
v -0.01083 0.00777 0.04054
v -0.01336 0.00356 0.04138
v -0.01084 0.00360 0.04063
v -0.01517 0.01537 0.04578
v -0.01504 0.01592 0.04639
v -0.01713 0.01502 0.04726
v -0.01725 0.01450 0.04672
v -0.01490 0.01642 0.04704
v -0.01699 0.01549 0.04784
v -0.01684 0.01593 0.04851
v -0.01474 0.01686 0.04778
v -0.01456 0.01727 0.04866
v -0.01665 0.01633 0.04931
v -0.01221 0.01809 0.04804
v -0.01239 0.01768 0.04709
v -0.00990 0.01834 0.04650
v -0.00974 0.01875 0.04752
v -0.01255 0.01723 0.04628
v -0.01004 0.01787 0.04563
v -0.01017 0.01733 0.04486
v -0.01269 0.01672 0.04556
v -0.01281 0.01613 0.04487
v -0.01029 0.01672 0.04413
v -0.01434 0.01763 0.04973
v -0.01643 0.01670 0.05028
v -0.01410 0.01797 0.05099
v -0.01618 0.01705 0.05146
v -0.01383 0.01830 0.05249
v -0.01589 0.01739 0.05286
v -0.00917 0.01975 0.05182
v -0.01155 0.01910 0.05213
v -0.01179 0.01879 0.05055
v -0.00938 0.01945 0.05017
v -0.00957 0.01912 0.04874
v -0.01201 0.01846 0.04919
v -0.00767 0.01780 0.04431
v -0.00756 0.01836 0.04512
v -0.00778 0.01714 0.04355
v -0.00744 0.01885 0.04603
v -0.00731 0.01927 0.04709
v -0.00527 0.01869 0.04475
v -0.00518 0.01919 0.04568
v -0.00509 0.01963 0.04678
v -0.00545 0.01741 0.04316
v -0.00536 0.01809 0.04393
v -0.00499 0.02002 0.04808
v -0.00717 0.01965 0.04837
v -0.00489 0.02035 0.04961
v -0.00702 0.01998 0.04985
v -0.00687 0.02027 0.05157
v -0.00478 0.02064 0.05137
v -0.00135 0.01996 0.04634
v -0.00134 0.02036 0.04768
v -0.00303 0.02024 0.04782
v -0.00308 0.01985 0.04649
v -0.00134 0.02069 0.04926
v -0.00298 0.02058 0.04938
v -0.00293 0.02086 0.05118
v -0.00133 0.02098 0.05107
v -0.00140 0.01761 0.04269
v -0.00138 0.01834 0.04345
v -0.00323 0.01826 0.04362
v -0.00329 0.01755 0.04285
v -0.00137 0.01897 0.04428
v -0.00318 0.01887 0.04445
v -0.00313 0.01940 0.04538
v -0.00136 0.01950 0.04522
v -0.00142 0.01577 0.04123
v -0.00141 0.01675 0.04194
v -0.00335 0.01671 0.04209
v -0.00341 0.01575 0.04138
v -0.00145 0.01345 0.04009
v -0.00144 0.01467 0.04060
v -0.00347 0.01468 0.04074
v -0.00353 0.01348 0.04022
v -0.00572 0.01465 0.04101
v -0.00580 0.01349 0.04047
v -0.00563 0.01569 0.04166
v -0.00554 0.01661 0.04239
v -0.00587 0.01220 0.04008
v -0.00358 0.01217 0.03984
v -0.00361 0.01075 0.03960
v -0.00592 0.01081 0.03983
v -0.00147 0.01071 0.03948
v -0.00146 0.01213 0.03972
v -0.00147 0.00921 0.03935
v -0.00364 0.00925 0.03946
v -0.00596 0.00932 0.03968
v -0.00788 0.01639 0.04278
v -0.00798 0.01552 0.04205
v -0.00807 0.01453 0.04138
v -0.00815 0.01341 0.04083
v -0.01050 0.01519 0.04266
v -0.01058 0.01426 0.04200
v -0.01066 0.01321 0.04145
v -0.01040 0.01601 0.04338
v -0.02115 0.01012 0.04730
v -0.02061 0.01041 0.04689
v -0.02052 0.01103 0.04725
v -0.02106 0.01071 0.04764
v -0.02043 0.01158 0.04762
v -0.02097 0.01123 0.04800
v -0.02087 0.01170 0.04837
v -0.02033 0.01208 0.04801
v -0.02023 0.01254 0.04842
v -0.02078 0.01214 0.04875
v -0.01905 0.01341 0.04770
v -0.01915 0.01290 0.04725
v -0.01737 0.01393 0.04619
v -0.01926 0.01235 0.04681
v -0.01748 0.01330 0.04567
v -0.01757 0.01259 0.04519
v -0.01935 0.01172 0.04639
v -0.01944 0.01102 0.04600
v -0.01766 0.01178 0.04475
v -0.01528 0.01475 0.04516
v -0.01539 0.01406 0.04457
v -0.01292 0.01547 0.04418
v -0.01302 0.01472 0.04350
v -0.01311 0.01385 0.04289
v -0.01319 0.01287 0.04236
v -0.01548 0.01327 0.04401
v -0.01556 0.01237 0.04353
v -0.02145 0.00663 0.04609
v -0.02089 0.00675 0.04569
v -0.02084 0.00790 0.04595
v -0.02139 0.00774 0.04636
v -0.02077 0.00887 0.04624
v -0.02132 0.00867 0.04666
v -0.02123 0.00945 0.04697
v -0.02069 0.00970 0.04656
v -0.01952 0.01022 0.04565
v -0.01773 0.01086 0.04438
v -0.01959 0.00930 0.04534
v -0.01779 0.00982 0.04407
v -0.01783 0.00864 0.04382
v -0.01964 0.00824 0.04506
v -0.01968 0.00701 0.04482
v -0.01562 0.01135 0.04314
v -0.01568 0.01021 0.04285
v -0.01325 0.01176 0.04196
v -0.01072 0.01203 0.04105
v -0.01329 0.01053 0.04168
v -0.01077 0.01072 0.04078
v -0.01080 0.00930 0.04061
v -0.01333 0.00917 0.04149
v -0.01571 0.00893 0.04263
v -0.02376 0.00512 0.04568
v -0.02355 0.00512 0.04579
v -0.02349 0.00643 0.04606
v -0.02369 0.00642 0.04596
v -0.02384 0.00288 0.04533
v -0.02363 0.00289 0.04544
v -0.02390 0.00046 0.04505
v -0.02369 0.00047 0.04515
v -0.02247 0.01373 0.05093
v -0.02228 0.01365 0.05095
v -0.02206 0.01407 0.05176
v -0.02226 0.01416 0.05175
v -0.02179 0.01450 0.05275
v -0.02199 0.01459 0.05274
v -0.02146 0.01494 0.05394
v -0.02165 0.01504 0.05394
v -0.02301 0.01198 0.04868
v -0.02281 0.01192 0.04876
v -0.02271 0.01235 0.04919
v -0.02291 0.01242 0.04912
v -0.02259 0.01279 0.04969
v -0.02279 0.01286 0.04963
v -0.02265 0.01330 0.05023
v -0.02245 0.01322 0.05027
v -0.02310 0.01156 0.04829
v -0.02290 0.01150 0.04837
v -0.02319 0.01111 0.04793
v -0.02299 0.01106 0.04802
v -0.02336 0.01003 0.04726
v -0.02315 0.00999 0.04735
v -0.02307 0.01056 0.04768
v -0.02327 0.01061 0.04759
v -0.02344 0.00934 0.04692
v -0.02324 0.00931 0.04701
v -0.02353 0.00852 0.04659
v -0.02333 0.00850 0.04668
v -0.02341 0.00755 0.04636
v -0.02361 0.00755 0.04626
v -0.02094 0.00060 0.04496
v -0.02152 0.00056 0.04528
v -0.01967 0.00069 0.04426
v -0.02149 0.00531 0.04583
v -0.02092 0.00540 0.04545
v -0.02152 0.00303 0.04552
v -0.02095 0.00309 0.04517
v -0.01970 0.00560 0.04462
v -0.01970 0.00322 0.04440
v -0.01893 0.01389 0.04817
v -0.01881 0.01433 0.04868
v -0.02013 0.01298 0.04884
v -0.02068 0.01256 0.04914
v -0.02002 0.01340 0.04930
v -0.02058 0.01297 0.04958
v -0.02044 0.01337 0.05011
v -0.01988 0.01381 0.04985
v -0.01971 0.01420 0.05051
v -0.02028 0.01376 0.05075
v -0.01848 0.01515 0.05000
v -0.01866 0.01475 0.04928
v -0.01770 0.01627 0.05327
v -0.01801 0.01590 0.05196
v -0.01827 0.01553 0.05088
v -0.01950 0.01459 0.05133
v -0.02007 0.01415 0.05153
v -0.01924 0.01497 0.05234
v -0.01981 0.01455 0.05251
v -0.01892 0.01537 0.05357
v -0.01948 0.01496 0.05371
v -0.00821 0.01217 0.04044
v -0.00826 0.01081 0.04017
v -0.00830 0.00934 0.04002
v -0.00833 0.00779 0.03996
v -0.00834 0.00360 0.04011
v -0.00834 0.00616 0.03997
v -0.00604 0.00270 0.03901
v -0.00368 0.00268 0.03881
v -0.00367 0.00093 0.03898
v -0.00603 0.00094 0.03918
v -0.00149 0.00521 0.03853
v -0.00148 0.00266 0.03871
v -0.00351 0.00507 0.03869
v -0.00148 0.00092 0.03889
v -0.00312 0.00610 0.03863
v -0.00320 0.00720 0.03861
v -0.00149 0.00768 0.03847
v -0.00842 0.00095 0.03950
v -0.01096 0.00095 0.04001
v -0.01350 0.00092 0.04071
v -0.01588 0.00088 0.04159
v -0.01800 0.00081 0.04251
v -0.01353 0.00357 0.04058
v -0.01098 0.00360 0.03981
v -0.01593 0.00349 0.04155
v -0.01100 0.00614 0.03972
v -0.01354 0.00613 0.04054
v -0.01354 0.00775 0.04059
v -0.01098 0.00783 0.03973
v -0.01596 0.00602 0.04159
v -0.01596 0.00759 0.04170
v -0.01810 0.00587 0.04270
v -0.01810 0.00738 0.04286
v -0.01806 0.00340 0.04256
v -0.01005 0.01871 0.04619
v -0.01258 0.01805 0.04679
v -0.01240 0.01847 0.04782
v -0.00988 0.01915 0.04729
v -0.01497 0.01721 0.04750
v -0.01478 0.01763 0.04845
v -0.01274 0.01757 0.04589
v -0.01514 0.01675 0.04667
v -0.01019 0.01822 0.04524
v -0.01709 0.01627 0.04821
v -0.01689 0.01669 0.04909
v -0.01725 0.01581 0.04746
v -0.01739 0.01532 0.04679
v -0.01528 0.01623 0.04593
v -0.01541 0.01566 0.04524
v -0.01752 0.01479 0.04618
v -0.01302 0.01644 0.04432
v -0.01289 0.01704 0.04508
v -0.01033 0.01767 0.04437
v -0.01045 0.01703 0.04355
v -0.01404 0.01869 0.05239
v -0.01172 0.01952 0.05202
v -0.01197 0.01919 0.05042
v -0.01431 0.01836 0.05087
v -0.00930 0.02019 0.05171
v -0.00951 0.01987 0.05003
v -0.01611 0.01778 0.05275
v -0.01641 0.01743 0.05133
v -0.01667 0.01707 0.05012
v -0.01456 0.01801 0.04957
v -0.01219 0.01885 0.04903
v -0.00970 0.01953 0.04856
v -0.00516 0.02005 0.04653
v -0.00526 0.01958 0.04536
v -0.00755 0.01923 0.04571
v -0.00741 0.01968 0.04686
v -0.00535 0.01904 0.04434
v -0.00767 0.01872 0.04471
v -0.00778 0.01813 0.04381
v -0.00789 0.01745 0.04297
v -0.00544 0.01843 0.04342
v -0.00553 0.01771 0.04256
v -0.00696 0.02073 0.05145
v -0.00712 0.02042 0.04971
v -0.00727 0.02007 0.04818
v -0.00496 0.02080 0.04946
v -0.00506 0.02045 0.04790
v -0.00485 0.02111 0.05124
v -0.00297 0.02135 0.05105
v -0.00302 0.02104 0.04923
v -0.00307 0.02068 0.04763
v -0.00312 0.02027 0.04624
v -0.00134 0.02116 0.04911
v -0.00135 0.02080 0.04749
v -0.00136 0.02037 0.04608
v -0.00133 0.02147 0.05094
v -0.00317 0.01979 0.04505
v -0.00322 0.01923 0.04402
v -0.00327 0.01859 0.04310
v -0.00333 0.01784 0.04225
v -0.00138 0.01932 0.04385
v -0.00139 0.01866 0.04293
v -0.00140 0.01790 0.04208
v -0.00137 0.01988 0.04489
v -0.00581 0.01486 0.04026
v -0.00352 0.01488 0.03998
v -0.00358 0.01365 0.03943
v -0.00589 0.01367 0.03969
v -0.00346 0.01599 0.04066
v -0.00572 0.01593 0.04095
v -0.00143 0.01600 0.04050
v -0.00145 0.01487 0.03984
v -0.00146 0.01362 0.03930
v -0.00142 0.01701 0.04126
v -0.00339 0.01698 0.04142
v -0.00563 0.01688 0.04173
v -0.00148 0.01081 0.03866
v -0.00148 0.00927 0.03852
v -0.00368 0.00933 0.03865
v -0.00366 0.01085 0.03878
v -0.00147 0.01226 0.03891
v -0.00362 0.01230 0.03904
v -0.00595 0.01235 0.03929
v -0.00601 0.01091 0.03902
v -0.00604 0.00939 0.03886
v -0.00374 0.00820 0.03863
v -0.00450 0.00888 0.03871
v -0.00552 0.00923 0.03882
v -0.01082 0.01340 0.04070
v -0.01075 0.01449 0.04128
v -0.00819 0.01475 0.04064
v -0.00827 0.01360 0.04007
v -0.01066 0.01545 0.04197
v -0.00810 0.01577 0.04134
v -0.00800 0.01667 0.04213
v -0.01056 0.01629 0.04274
v -0.01764 0.01420 0.04559
v -0.01921 0.01331 0.04651
v -0.01910 0.01384 0.04703
v -0.01932 0.01273 0.04602
v -0.01775 0.01355 0.04503
v -0.02083 0.01255 0.04808
v -0.02093 0.01209 0.04764
v -0.02102 0.01159 0.04723
v -0.02111 0.01104 0.04685
v -0.01941 0.01207 0.04557
v -0.01950 0.01133 0.04515
v -0.02120 0.01043 0.04648
v -0.01784 0.01282 0.04451
v -0.01792 0.01198 0.04405
v -0.01340 0.01307 0.04163
v -0.01332 0.01408 0.04218
v -0.01323 0.01497 0.04284
v -0.01573 0.01350 0.04333
v -0.01564 0.01431 0.04391
v -0.01581 0.01257 0.04282
v -0.01313 0.01575 0.04356
v -0.01553 0.01503 0.04456
v -0.01799 0.01103 0.04366
v -0.01957 0.01049 0.04478
v -0.01963 0.00952 0.04445
v -0.01804 0.00996 0.04334
v -0.02128 0.00972 0.04613
v -0.02135 0.00889 0.04580
v -0.02141 0.00792 0.04549
v -0.01967 0.00841 0.04416
v -0.01970 0.00714 0.04391
v -0.02146 0.00677 0.04521
v -0.01808 0.00874 0.04307
v -0.01352 0.00926 0.04070
v -0.01096 0.00938 0.03981
v -0.01350 0.01065 0.04091
v -0.01093 0.01084 0.03999
v -0.01594 0.00903 0.04186
v -0.01591 0.01034 0.04210
v -0.01088 0.01218 0.04028
v -0.01345 0.01192 0.04121
v -0.01587 0.01152 0.04241
v -0.02339 0.00296 0.04495
v -0.02279 0.00300 0.04502
v -0.02281 0.00055 0.04473
v -0.02344 0.00052 0.04466
v -0.02270 0.00658 0.04565
v -0.02274 0.00527 0.04537
v -0.02332 0.00522 0.04531
v -0.02326 0.00654 0.04558
v -0.02371 0.00519 0.04530
v -0.02364 0.00651 0.04557
v -0.02379 0.00293 0.04494
v -0.02385 0.00050 0.04465
v -0.02122 0.01526 0.05374
v -0.02069 0.01510 0.05371
v -0.02103 0.01465 0.05250
v -0.02156 0.01481 0.05253
v -0.02157 0.01535 0.05378
v -0.02191 0.01489 0.05257
v -0.02219 0.01445 0.05156
v -0.02183 0.01438 0.05153
v -0.02205 0.01395 0.05070
v -0.02241 0.01402 0.05072
v -0.02130 0.01423 0.05152
v -0.02151 0.01381 0.05070
v -0.02168 0.01339 0.05000
v -0.02223 0.01351 0.04999
v -0.02182 0.01297 0.04940
v -0.02237 0.01307 0.04938
v -0.02259 0.01357 0.05000
v -0.02274 0.01312 0.04938
v -0.02286 0.01267 0.04885
v -0.02249 0.01263 0.04885
v -0.02260 0.01219 0.04839
v -0.02296 0.01222 0.04838
v -0.02194 0.01254 0.04889
v -0.02204 0.01210 0.04844
v -0.02222 0.01120 0.04765
v -0.02231 0.01069 0.04729
v -0.02287 0.01076 0.04725
v -0.02278 0.01128 0.04760
v -0.02239 0.01011 0.04695
v -0.02295 0.01017 0.04690
v -0.02213 0.01167 0.04803
v -0.02269 0.01174 0.04798
v -0.02306 0.01178 0.04797
v -0.02315 0.01131 0.04760
v -0.02323 0.01080 0.04724
v -0.02331 0.01020 0.04690
v -0.02256 0.00864 0.04627
v -0.02263 0.00770 0.04595
v -0.02319 0.00768 0.04589
v -0.02312 0.00865 0.04622
v -0.02248 0.00943 0.04661
v -0.02303 0.00947 0.04656
v -0.02340 0.00949 0.04656
v -0.02348 0.00865 0.04621
v -0.02356 0.00766 0.04588
v -0.01964 0.00073 0.04335
v -0.02148 0.00062 0.04439
v -0.01969 0.00328 0.04348
v -0.01971 0.00570 0.04370
v -0.02148 0.00543 0.04495
v -0.02150 0.00311 0.04463
v -0.01851 0.01566 0.04968
v -0.01870 0.01525 0.04887
v -0.02047 0.01384 0.04970
v -0.02030 0.01425 0.05041
v -0.01885 0.01481 0.04818
v -0.02061 0.01342 0.04908
v -0.02073 0.01299 0.04856
v -0.01898 0.01434 0.04758
v -0.02008 0.01465 0.05126
v -0.01829 0.01605 0.05062
v -0.01981 0.01505 0.05228
v -0.01802 0.01643 0.05175
v -0.01771 0.01681 0.05309
v -0.01948 0.01548 0.05351
v -0.00842 0.00942 0.03921
v -0.00839 0.01092 0.03937
v -0.00834 0.01232 0.03965
v -0.00843 0.00272 0.03934
v -0.02383 0.00644 0.04583
v -0.02390 0.00512 0.04555
v -0.02399 0.00288 0.04520
v -0.02393 0.00514 0.04544
v -0.02402 0.00289 0.04508
v -0.02386 0.00646 0.04571
v -0.02405 0.00047 0.04491
v -0.02408 0.00048 0.04479
v -0.02401 0.00049 0.04470
v -0.02395 0.00291 0.04499
v -0.02386 0.00516 0.04535
v -0.02379 0.00648 0.04563
v -0.02177 0.01516 0.05391
v -0.02211 0.01471 0.05270
v -0.02179 0.01526 0.05387
v -0.02213 0.01481 0.05266
v -0.02238 0.01428 0.05171
v -0.02260 0.01384 0.05087
v -0.02240 0.01437 0.05165
v -0.02262 0.01394 0.05082
v -0.02256 0.01400 0.05076
v -0.02234 0.01443 0.05160
v -0.02206 0.01487 0.05261
v -0.02172 0.01533 0.05383
v -0.02278 0.01340 0.05016
v -0.02292 0.01296 0.04956
v -0.02280 0.01349 0.05010
v -0.02295 0.01304 0.04948
v -0.02304 0.01251 0.04903
v -0.02315 0.01207 0.04858
v -0.02307 0.01259 0.04895
v -0.02318 0.01214 0.04849
v -0.02312 0.01220 0.04842
v -0.02301 0.01264 0.04889
v -0.02289 0.01310 0.04942
v -0.02274 0.01355 0.05004
v -0.02324 0.01164 0.04818
v -0.02333 0.01118 0.04781
v -0.02327 0.01170 0.04808
v -0.02336 0.01125 0.04772
v -0.02341 0.01068 0.04747
v -0.02349 0.01009 0.04714
v -0.02344 0.01074 0.04737
v -0.02353 0.01014 0.04703
v -0.02346 0.01018 0.04695
v -0.02338 0.01078 0.04729
v -0.02330 0.01129 0.04764
v -0.02321 0.01175 0.04801
v -0.02358 0.00939 0.04680
v -0.02366 0.00856 0.04646
v -0.02361 0.00943 0.04669
v -0.02370 0.00859 0.04635
v -0.02375 0.00758 0.04613
v -0.02378 0.00761 0.04602
v -0.02371 0.00763 0.04593
v -0.02363 0.00862 0.04626
v -0.02355 0.00947 0.04661
v -0.02263 0.00990 0.04753
v -0.02211 0.00985 0.04766
v -0.02202 0.01040 0.04798
v -0.02254 0.01046 0.04786
v -0.02193 0.01088 0.04832
v -0.02245 0.01095 0.04820
v -0.02237 0.01139 0.04855
v -0.02184 0.01132 0.04867
v -0.02175 0.01174 0.04903
v -0.02228 0.01180 0.04892
v -0.02296 0.00644 0.04627
v -0.02243 0.00647 0.04641
v -0.02236 0.00755 0.04670
v -0.02289 0.00754 0.04656
v -0.02228 0.00846 0.04701
v -0.02280 0.00847 0.04688
v -0.02272 0.00925 0.04720
v -0.02220 0.00921 0.04733
v -0.02302 0.00515 0.04599
v -0.02249 0.00518 0.04614
v -0.02308 0.00291 0.04565
v -0.02254 0.00294 0.04579
v -0.02312 0.00048 0.04537
v -0.02257 0.00050 0.04552
v -0.02129 0.01430 0.05274
v -0.02079 0.01416 0.05272
v -0.02046 0.01459 0.05390
v -0.02096 0.01474 0.05393
v -0.02177 0.01347 0.05099
v -0.02126 0.01335 0.05100
v -0.02105 0.01375 0.05176
v -0.02156 0.01388 0.05178
v -0.02193 0.01306 0.05033
v -0.02142 0.01295 0.05037
v -0.02207 0.01264 0.04979
v -0.02155 0.01255 0.04985
v -0.02166 0.01215 0.04941
v -0.02218 0.01222 0.04933
v -0.02144 0.01176 0.04794
v -0.02134 0.01220 0.04836
v -0.02153 0.01129 0.04755
v -0.02169 0.01208 0.04845
v -0.02178 0.01164 0.04804
v -0.02188 0.01118 0.04766
v -0.02196 0.01067 0.04731
v -0.02205 0.01009 0.04696
v -0.02162 0.01077 0.04718
v -0.02170 0.01018 0.04683
v -0.02179 0.00951 0.04649
v -0.02186 0.00871 0.04615
v -0.02213 0.00943 0.04662
v -0.02221 0.00864 0.04629
v -0.02228 0.00771 0.04597
v -0.02234 0.00661 0.04567
v -0.02193 0.00778 0.04584
v -0.02198 0.00666 0.04555
v -0.02242 0.00302 0.04504
v -0.02243 0.00056 0.04476
v -0.02204 0.00305 0.04493
v -0.02204 0.00058 0.04466
v -0.02202 0.00534 0.04527
v -0.02238 0.00529 0.04539
v -0.02096 0.01416 0.05150
v -0.02118 0.01375 0.05069
v -0.02061 0.01428 0.05143
v -0.02083 0.01388 0.05061
v -0.02069 0.01458 0.05249
v -0.02034 0.01469 0.05242
v -0.02001 0.01513 0.05363
v -0.02036 0.01502 0.05369
v -0.02159 0.01250 0.04890
v -0.02124 0.01263 0.04881
v -0.02148 0.01293 0.04941
v -0.02113 0.01305 0.04932
v -0.02100 0.01347 0.04991
v -0.02135 0.01334 0.05000
v -0.00871 0.00679 0.03919
v -0.00859 0.00562 0.03924
v -0.00013 0.00605 0.03933
v -0.00013 0.00766 0.03931
v -0.00013 0.00355 0.03948
v -0.00013 0.00097 0.03972
v -0.00013 0.01997 0.04635
v -0.00013 0.02037 0.04770
v -0.00013 0.02070 0.04928
v -0.00013 0.02099 0.05108
v -0.00013 0.01762 0.04270
v -0.00013 0.01835 0.04346
v -0.00013 0.01898 0.04429
v -0.00013 0.01951 0.04523
v -0.00013 0.01676 0.04194
v -0.00013 0.01578 0.04123
v -0.00013 0.01347 0.04009
v -0.00013 0.01468 0.04060
v -0.00013 0.01214 0.03972
v -0.00013 0.01072 0.03948
v -0.00013 0.00922 0.03935
v -0.00013 0.00266 0.03871
v -0.00013 0.00092 0.03889
v -0.00013 0.00522 0.03853
v -0.00013 0.00769 0.03847
v -0.00013 -0.00171 0.03924
v -0.00013 0.02081 0.04751
v -0.00013 0.02039 0.04610
v -0.00013 0.02117 0.04912
v -0.00013 0.02148 0.05095
v -0.00013 0.01868 0.04294
v -0.00013 0.01791 0.04209
v -0.00013 0.01933 0.04386
v -0.00013 0.01990 0.04490
v -0.00013 0.01488 0.03984
v -0.00013 0.01364 0.03930
v -0.00013 0.01601 0.04051
v -0.00013 0.01702 0.04127
v -0.00013 0.00928 0.03852
v -0.00013 0.01082 0.03866
v -0.00013 0.01228 0.03892
v -0.02173 0.00989 0.04763
v -0.02164 0.01044 0.04796
v -0.02155 0.01093 0.04830
v -0.02146 0.01138 0.04864
v -0.02137 0.01180 0.04901
v -0.02204 0.00651 0.04639
v -0.02198 0.00759 0.04668
v -0.02190 0.00849 0.04698
v -0.02181 0.00925 0.04730
v -0.02209 0.00522 0.04613
v -0.02214 0.00297 0.04579
v -0.02216 0.00052 0.04553
v -0.02041 0.01419 0.05266
v -0.02008 0.01462 0.05385
v -0.02088 0.01340 0.05095
v -0.02067 0.01379 0.05171
v -0.02104 0.01300 0.05033
v -0.02117 0.01261 0.04982
v -0.02127 0.01221 0.04939
v -0.01353 0.01862 0.05423
v -0.01318 0.01896 0.05623
v -0.01515 0.01811 0.05645
v -0.01555 0.01774 0.05452
v -0.00875 0.02034 0.05585
v -0.01100 0.01972 0.05603
v -0.01129 0.01941 0.05395
v -0.00896 0.02004 0.05371
v -0.00657 0.02082 0.05570
v -0.00671 0.02055 0.05351
v -0.00468 0.02090 0.05335
v -0.00456 0.02115 0.05558
v -0.00132 0.02123 0.05311
v -0.00131 0.02146 0.05540
v -0.00286 0.02135 0.05546
v -0.00288 0.02111 0.05320
v -0.00562 0.02485 0.07401
v -0.00726 0.02458 0.07403
v -0.00738 0.02401 0.07220
v -0.00569 0.02430 0.07219
v -0.00404 0.02449 0.07219
v -0.00403 0.02503 0.07402
v -0.00264 0.02460 0.07221
v -0.00261 0.02514 0.07404
v -0.00128 0.02466 0.07221
v -0.00127 0.02521 0.07404
v -0.02124 0.01552 0.05541
v -0.02105 0.01542 0.05541
v -0.02052 0.01594 0.05718
v -0.02072 0.01604 0.05718
v -0.01537 0.02226 0.07393
v -0.01459 0.02355 0.07619
v -0.01471 0.02366 0.07626
v -0.01552 0.02238 0.07399
v -0.00281 0.02887 0.08123
v -0.00130 0.02897 0.08124
v -0.00130 0.02923 0.08131
v -0.00283 0.02912 0.08130
v -0.00462 0.02861 0.08118
v -0.00466 0.02885 0.08126
v -0.00866 0.02814 0.08105
v -0.00858 0.02793 0.08097
v -0.00666 0.02830 0.08111
v -0.00672 0.02852 0.08118
v -0.01686 0.01711 0.05669
v -0.01733 0.01666 0.05483
v -0.01909 0.01541 0.05519
v -0.01853 0.01580 0.05508
v -0.01803 0.01632 0.05688
v -0.01861 0.01592 0.05698
v -0.00408 0.02580 0.07677
v -0.00415 0.02612 0.07784
v -0.00583 0.02592 0.07782
v -0.00570 0.02560 0.07676
v -0.00424 0.02646 0.07890
v -0.00599 0.02625 0.07887
v -0.00767 0.02600 0.07882
v -0.00746 0.02567 0.07782
v -0.00730 0.02536 0.07678
v -0.00791 0.02635 0.07977
v -0.00779 0.02617 0.07929
v -0.00608 0.02643 0.07936
v -0.00617 0.02661 0.07986
v -0.00429 0.02665 0.07940
v -0.00434 0.02683 0.07990
v -0.00127 0.02601 0.07678
v -0.00128 0.02634 0.07786
v -0.00265 0.02626 0.07786
v -0.00263 0.02593 0.07679
v -0.00128 0.02669 0.07894
v -0.00268 0.02661 0.07894
v -0.00269 0.02680 0.07944
v -0.00271 0.02699 0.07995
v -0.00128 0.02687 0.07944
v -0.00128 0.02707 0.07995
v -0.00127 0.02562 0.07546
v -0.00261 0.02555 0.07546
v -0.00403 0.02542 0.07544
v -0.00562 0.02523 0.07544
v -0.00723 0.02498 0.07546
v -0.01133 0.02346 0.07441
v -0.01231 0.02318 0.07481
v -0.01284 0.02222 0.07282
v -0.01178 0.02265 0.07252
v -0.01357 0.02195 0.07312
v -0.01297 0.02303 0.07520
v -0.01328 0.02297 0.07538
v -0.01393 0.02183 0.07327
v -0.01078 0.02461 0.07715
v -0.01155 0.02447 0.07744
v -0.01188 0.02391 0.07630
v -0.01100 0.02410 0.07591
v -0.01249 0.02385 0.07669
v -0.01277 0.02382 0.07687
v -0.01205 0.02442 0.07766
v -0.01230 0.02446 0.07790
v -0.01072 0.02494 0.07794
v -0.01126 0.02482 0.07804
v -0.01075 0.02514 0.07842
v -0.01104 0.02498 0.07825
v -0.01169 0.02481 0.07825
v -0.01193 0.02485 0.07848
v -0.01147 0.02519 0.07889
v -0.01123 0.02507 0.07854
v -0.01091 0.02548 0.07918
v -0.01082 0.02532 0.07881
v -0.00995 0.02437 0.07568
v -0.00986 0.02483 0.07697
v -0.00872 0.02509 0.07685
v -0.00870 0.02468 0.07553
v -0.00881 0.02423 0.07408
v -0.01017 0.02383 0.07420
v -0.01015 0.02774 0.08085
v -0.01006 0.02755 0.08078
v -0.01100 0.02716 0.08051
v -0.01109 0.02734 0.08057
v -0.01170 0.02676 0.08017
v -0.01179 0.02692 0.08023
v -0.00990 0.02516 0.07788
v -0.01003 0.02546 0.07868
v -0.01011 0.02560 0.07900
v -0.01021 0.02578 0.07942
v -0.00929 0.02607 0.07962
v -0.00917 0.02589 0.07917
v -0.00885 0.02541 0.07783
v -0.00906 0.02573 0.07876
v -0.01050 0.02313 0.07235
v -0.00902 0.02361 0.07225
v -0.01396 0.02454 0.07769
v -0.01406 0.02466 0.07775
v -0.01337 0.02532 0.07867
v -0.01346 0.02545 0.07872
v -0.01288 0.02584 0.07925
v -0.01297 0.02598 0.07930
v -0.01241 0.02647 0.07979
v -0.01231 0.02631 0.07974
v -0.01536 0.01854 0.05636
v -0.01338 0.01939 0.05615
v -0.01373 0.01903 0.05414
v -0.01577 0.01814 0.05442
v -0.01145 0.01983 0.05386
v -0.01117 0.02016 0.05594
v -0.00887 0.02080 0.05575
v -0.00909 0.02049 0.05361
v -0.00666 0.02130 0.05560
v -0.00680 0.02102 0.05340
v -0.00463 0.02165 0.05547
v -0.00475 0.02138 0.05324
v -0.00289 0.02186 0.05535
v -0.00291 0.02162 0.05308
v -0.00132 0.02198 0.05529
v -0.00132 0.02173 0.05300
v -0.00750 0.02451 0.07208
v -0.00739 0.02507 0.07390
v -0.00572 0.02535 0.07388
v -0.00577 0.02480 0.07206
v -0.00409 0.02553 0.07388
v -0.00410 0.02499 0.07206
v -0.00264 0.02565 0.07390
v -0.00267 0.02510 0.07207
v -0.00128 0.02572 0.07390
v -0.00128 0.02517 0.07207
v -0.02064 0.01635 0.05704
v -0.02030 0.01628 0.05699
v -0.02081 0.01575 0.05521
v -0.02116 0.01583 0.05526
v -0.01979 0.01612 0.05695
v -0.02028 0.01558 0.05518
v -0.01441 0.02383 0.07587
v -0.01406 0.02360 0.07562
v -0.01480 0.02237 0.07345
v -0.01518 0.02257 0.07365
v -0.01464 0.02395 0.07605
v -0.01544 0.02267 0.07381
v -0.00280 0.02877 0.08075
v -0.00277 0.02813 0.08043
v -0.00449 0.02792 0.08039
v -0.00458 0.02853 0.08070
v -0.00130 0.02887 0.08076
v -0.00129 0.02821 0.08043
v -0.00130 0.02929 0.08101
v -0.00282 0.02918 0.08100
v -0.00465 0.02893 0.08093
v -0.00658 0.02825 0.08063
v -0.00847 0.02790 0.08051
v -0.00862 0.02824 0.08073
v -0.00669 0.02861 0.08086
v -0.00642 0.02768 0.08033
v -0.00824 0.02738 0.08022
v -0.01908 0.01593 0.05501
v -0.01852 0.01651 0.05680
v -0.01692 0.01763 0.05657
v -0.01734 0.01721 0.05468
v -0.00765 0.02631 0.07826
v -0.00788 0.02666 0.07932
v -0.00615 0.02692 0.07940
v -0.00598 0.02656 0.07829
v -0.00741 0.02583 0.07663
v -0.00754 0.02612 0.07761
v -0.00589 0.02637 0.07762
v -0.00578 0.02608 0.07660
v -0.00424 0.02677 0.07831
v -0.00419 0.02657 0.07762
v -0.00413 0.02628 0.07660
v -0.00434 0.02713 0.07944
v -0.00272 0.02729 0.07947
v -0.00269 0.02692 0.07833
v -0.00267 0.02671 0.07764
v -0.00265 0.02642 0.07662
v -0.00128 0.02699 0.07833
v -0.00128 0.02679 0.07764
v -0.00128 0.02650 0.07662
v -0.00129 0.02736 0.07948
v -0.00264 0.02605 0.07532
v -0.00409 0.02592 0.07530
v -0.00128 0.02613 0.07532
v -0.00571 0.02573 0.07530
v -0.00735 0.02547 0.07533
v -0.01292 0.02272 0.07263
v -0.01236 0.02366 0.07457
v -0.01152 0.02393 0.07428
v -0.01197 0.02312 0.07240
v -0.01326 0.02343 0.07508
v -0.01388 0.02233 0.07301
v -0.01274 0.02426 0.07654
v -0.01192 0.02438 0.07604
v -0.01117 0.02456 0.07575
v -0.01159 0.02493 0.07716
v -0.01093 0.02506 0.07696
v -0.01227 0.02488 0.07755
v -0.01094 0.02583 0.07876
v -0.01083 0.02556 0.07813
v -0.01116 0.02539 0.07796
v -0.01148 0.02555 0.07849
v -0.01191 0.02525 0.07811
v -0.01140 0.02524 0.07779
v -0.01084 0.02538 0.07771
v -0.00898 0.02472 0.07396
v -0.00886 0.02517 0.07540
v -0.01012 0.02484 0.07555
v -0.01036 0.02431 0.07408
v -0.01001 0.02529 0.07680
v -0.00886 0.02556 0.07669
v -0.01088 0.02718 0.08007
v -0.01060 0.02675 0.07979
v -0.01131 0.02642 0.07947
v -0.01159 0.02681 0.07974
v -0.00967 0.02707 0.08005
v -0.00993 0.02755 0.08033
v -0.01011 0.02784 0.08054
v -0.01106 0.02745 0.08027
v -0.01177 0.02705 0.07993
v -0.00906 0.02604 0.07822
v -0.00927 0.02639 0.07919
v -0.01007 0.02579 0.07818
v -0.01022 0.02611 0.07899
v -0.01002 0.02560 0.07766
v -0.00896 0.02585 0.07763
v -0.00918 0.02410 0.07213
v -0.01069 0.02360 0.07224
v -0.01322 0.02552 0.07828
v -0.01293 0.02522 0.07805
v -0.01348 0.02452 0.07708
v -0.01379 0.02478 0.07733
v -0.01340 0.02568 0.07846
v -0.01399 0.02492 0.07752
v -0.01192 0.02606 0.07907
v -0.01219 0.02641 0.07932
v -0.01237 0.02662 0.07951
v -0.01292 0.02618 0.07902
v -0.01274 0.02599 0.07884
v -0.01247 0.02566 0.07861
v -0.02084 0.01616 0.05716
v -0.02136 0.01564 0.05538
v -0.02086 0.01627 0.05712
v -0.02138 0.01574 0.05534
v -0.02131 0.01581 0.05530
v -0.02079 0.01633 0.05708
v -0.01478 0.02379 0.07627
v -0.01560 0.02251 0.07399
v -0.01479 0.02389 0.07623
v -0.01561 0.02261 0.07396
v -0.01474 0.02395 0.07616
v -0.01556 0.02267 0.07390
v -0.00130 0.02940 0.08130
v -0.00283 0.02929 0.08128
v -0.00131 0.02945 0.08125
v -0.00284 0.02934 0.08124
v -0.00468 0.02903 0.08126
v -0.00468 0.02911 0.08120
v -0.00467 0.02907 0.08108
v -0.00283 0.02931 0.08114
v -0.00130 0.02942 0.08115
v -0.00675 0.02870 0.08118
v -0.00676 0.02877 0.08112
v -0.00872 0.02837 0.08098
v -0.00871 0.02830 0.08104
v -0.00869 0.02835 0.08087
v -0.00674 0.02874 0.08100
v -0.01021 0.02790 0.08085
v -0.01116 0.02749 0.08057
v -0.01022 0.02796 0.08078
v -0.01117 0.02755 0.08050
v -0.01186 0.02706 0.08022
v -0.01187 0.02713 0.08016
v -0.01184 0.02712 0.08006
v -0.01114 0.02754 0.08040
v -0.01019 0.02795 0.08068
v -0.01351 0.02559 0.07871
v -0.01412 0.02479 0.07775
v -0.01352 0.02567 0.07866
v -0.01412 0.02488 0.07771
v -0.01408 0.02493 0.07762
v -0.01348 0.02571 0.07857
v -0.01247 0.02660 0.07978
v -0.01248 0.02667 0.07972
v -0.01302 0.02612 0.07928
v -0.01303 0.02620 0.07923
v -0.01299 0.02622 0.07913
v -0.01244 0.02668 0.07963
v -0.02055 0.01521 0.05538
v -0.02006 0.01507 0.05535
v -0.01957 0.01561 0.05711
v -0.02005 0.01574 0.05715
v -0.01464 0.02184 0.07360
v -0.01393 0.02308 0.07579
v -0.01427 0.02329 0.07600
v -0.01502 0.02203 0.07377
v -0.00278 0.02824 0.08098
v -0.00275 0.02766 0.08069
v -0.00129 0.02774 0.08070
v -0.00130 0.02833 0.08099
v -0.00454 0.02801 0.08093
v -0.00446 0.02746 0.08065
v -0.00652 0.02774 0.08087
v -0.00638 0.02721 0.08060
v -0.00839 0.02741 0.08075
v -0.00820 0.02692 0.08049
v -0.01338 0.02401 0.07729
v -0.01368 0.02426 0.07750
v -0.01284 0.02472 0.07830
v -0.01311 0.02501 0.07850
v -0.01237 0.02518 0.07888
v -0.01263 0.02550 0.07908
v -0.01207 0.02594 0.07957
v -0.01182 0.02559 0.07935
v -0.01145 0.02635 0.07998
v -0.01121 0.02596 0.07975
v -0.00983 0.02707 0.08057
v -0.00960 0.02661 0.08032
v -0.01075 0.02672 0.08031
v -0.01052 0.02629 0.08006
v -0.01945 0.01606 0.05693
v -0.01995 0.01550 0.05515
v -0.01909 0.01615 0.05689
v -0.01960 0.01560 0.05510
v -0.01426 0.02224 0.07318
v -0.01358 0.02341 0.07529
v -0.01382 0.02346 0.07546
v -0.01453 0.02226 0.07332
v -0.00275 0.02776 0.08022
v -0.00443 0.02757 0.08018
v -0.00274 0.02751 0.07995
v -0.00439 0.02734 0.07990
v -0.00129 0.02758 0.07995
v -0.00129 0.02783 0.08022
v -0.00800 0.02686 0.07976
v -0.00810 0.02707 0.08003
v -0.00632 0.02734 0.08013
v -0.00624 0.02713 0.07986
v -0.01303 0.02428 0.07675
v -0.01252 0.02493 0.07774
v -0.01273 0.02504 0.07789
v -0.01326 0.02436 0.07691
v -0.01161 0.02568 0.07872
v -0.01103 0.02600 0.07906
v -0.01115 0.02617 0.07928
v -0.01174 0.02583 0.07890
v -0.01228 0.02546 0.07845
v -0.01210 0.02533 0.07829
v -0.01044 0.02649 0.07960
v -0.01033 0.02629 0.07936
v -0.00939 0.02658 0.07960
v -0.00951 0.02678 0.07986
v -0.00013 0.02124 0.05313
v -0.00013 0.02147 0.05541
v -0.00013 0.02467 0.07220
v -0.00013 0.02522 0.07403
v -0.00013 0.02896 0.08124
v -0.00013 0.02921 0.08131
v -0.00013 0.02601 0.07678
v -0.00013 0.02634 0.07786
v -0.00013 0.02669 0.07893
v -0.00013 0.02688 0.07944
v -0.00013 0.02707 0.07994
v -0.00013 0.02562 0.07545
v -0.00013 0.02198 0.05530
v -0.00013 0.02174 0.05301
v -0.00013 0.02573 0.07389
v -0.00013 0.02518 0.07207
v -0.00013 0.02886 0.08075
v -0.00013 0.02820 0.08043
v -0.00013 0.02928 0.08100
v -0.00013 0.02680 0.07764
v -0.00013 0.02650 0.07661
v -0.00013 0.02700 0.07833
v -0.00013 0.02737 0.07947
v -0.00013 0.02613 0.07531
v -0.00013 0.02942 0.08131
v -0.00013 0.02942 0.08114
v -0.00013 0.02773 0.08069
v -0.00013 0.02832 0.08098
v -0.00013 0.02758 0.07994
v -0.00013 0.02782 0.08021
v -0.01968 0.01509 0.05530
v -0.01917 0.01563 0.05707
v -0.01433 0.02178 0.07346
v -0.01366 0.02298 0.07562
v -0.00273 0.02731 0.08045
v -0.00129 0.02739 0.08045
v -0.00440 0.02713 0.08040
v -0.00629 0.02690 0.08035
v -0.00807 0.02663 0.08025
v -0.01313 0.02388 0.07711
v -0.01262 0.02457 0.07814
v -0.01218 0.02499 0.07871
v -0.01165 0.02537 0.07916
v -0.01106 0.02572 0.07953
v -0.00946 0.02634 0.08008
v -0.01037 0.02603 0.07983
v -0.00013 0.02738 0.08044
v -0.01471 0.01851 0.05863
v -0.01281 0.01932 0.05846
v -0.01245 0.01972 0.06067
v -0.01428 0.01895 0.06080
v -0.01384 0.01945 0.06299
v -0.01209 0.02017 0.06288
v -0.01175 0.02069 0.06501
v -0.01340 0.02000 0.06511
v -0.00813 0.02135 0.06272
v -0.01016 0.02083 0.06279
v -0.01043 0.02040 0.06056
v -0.00833 0.02096 0.06046
v -0.00990 0.02131 0.06494
v -0.00795 0.02180 0.06489
v -0.00854 0.02063 0.05817
v -0.01071 0.02004 0.05830
v -0.00643 0.02107 0.05805
v -0.00628 0.02137 0.06039
v -0.00615 0.02173 0.06267
v -0.00603 0.02216 0.06485
v -0.00445 0.02138 0.05796
v -0.00436 0.02165 0.06032
v -0.00428 0.02198 0.06263
v -0.00421 0.02239 0.06483
v -0.00283 0.02155 0.05788
v -0.00131 0.02166 0.05784
v -0.00130 0.02190 0.06024
v -0.00279 0.02180 0.06027
v -0.00276 0.02212 0.06260
v -0.00273 0.02252 0.06482
v -0.00130 0.02221 0.06258
v -0.00129 0.02259 0.06481
v -0.00576 0.02376 0.07049
v -0.00406 0.02395 0.07048
v -0.00410 0.02340 0.06872
v -0.00584 0.02320 0.06873
v -0.00750 0.02345 0.07050
v -0.00764 0.02288 0.06875
v -0.00267 0.02406 0.07050
v -0.00128 0.02413 0.07049
v -0.00128 0.02358 0.06872
v -0.00268 0.02351 0.06873
v -0.00270 0.02299 0.06685
v -0.00129 0.02306 0.06684
v -0.00415 0.02287 0.06685
v -0.00593 0.02266 0.06686
v -0.00779 0.02232 0.06688
v -0.02011 0.01662 0.05925
v -0.01990 0.01651 0.05925
v -0.01929 0.01712 0.06135
v -0.01949 0.01723 0.06136
v -0.01884 0.01793 0.06354
v -0.01864 0.01782 0.06353
v -0.01798 0.01858 0.06570
v -0.01817 0.01869 0.06572
v -0.01752 0.01953 0.06783
v -0.01732 0.01941 0.06780
v -0.01667 0.02031 0.06986
v -0.01686 0.02043 0.06990
v -0.01619 0.02140 0.07194
v -0.01602 0.02128 0.07190
v -0.01531 0.01866 0.06312
v -0.01583 0.01810 0.06096
v -0.01479 0.01929 0.06524
v -0.01633 0.01759 0.05882
v -0.01804 0.01648 0.05906
v -0.01745 0.01687 0.05897
v -0.01689 0.01743 0.06109
v -0.01746 0.01707 0.06116
v -0.01686 0.01774 0.06331
v -0.01632 0.01806 0.06325
v -0.01574 0.01874 0.06537
v -0.01625 0.01846 0.06544
v -0.01216 0.02196 0.07077
v -0.01079 0.02250 0.07063
v -0.01110 0.02186 0.06886
v -0.01257 0.02127 0.06898
v -0.01298 0.02061 0.06710
v -0.01142 0.02125 0.06699
v -0.00922 0.02303 0.07054
v -0.00943 0.02243 0.06879
v -0.00966 0.02185 0.06693
v -0.01429 0.01996 0.06725
v -0.01379 0.02068 0.06916
v -0.01566 0.01922 0.06748
v -0.01518 0.01948 0.06739
v -0.01463 0.02026 0.06934
v -0.01508 0.02005 0.06945
v -0.01450 0.02094 0.07137
v -0.01408 0.02111 0.07124
v -0.01331 0.02146 0.07101
v -0.00825 0.02184 0.06262
v -0.01032 0.02130 0.06270
v -0.01006 0.02179 0.06484
v -0.00807 0.02230 0.06478
v -0.01059 0.02087 0.06047
v -0.00845 0.02144 0.06036
v -0.01229 0.02064 0.06279
v -0.01265 0.02017 0.06059
v -0.01194 0.02116 0.06492
v -0.01301 0.01976 0.05837
v -0.01088 0.02050 0.05821
v -0.00866 0.02110 0.05807
v -0.01402 0.01992 0.06290
v -0.01446 0.01941 0.06071
v -0.01358 0.02048 0.06501
v -0.01490 0.01896 0.05854
v -0.00624 0.02223 0.06257
v -0.00434 0.02249 0.06253
v -0.00442 0.02215 0.06022
v -0.00637 0.02186 0.06028
v -0.00427 0.02290 0.06472
v -0.00612 0.02266 0.06474
v -0.00652 0.02156 0.05795
v -0.00451 0.02188 0.05786
v -0.00279 0.02264 0.06250
v -0.00283 0.02232 0.06016
v -0.00276 0.02303 0.06470
v -0.00287 0.02207 0.05778
v -0.00132 0.02217 0.05773
v -0.00131 0.02242 0.06013
v -0.00130 0.02272 0.06247
v -0.00130 0.02311 0.06469
v -0.00585 0.02426 0.07036
v -0.00763 0.02395 0.07038
v -0.00776 0.02337 0.06863
v -0.00593 0.02370 0.06861
v -0.00412 0.02446 0.07035
v -0.00416 0.02391 0.06860
v -0.00270 0.02457 0.07036
v -0.00271 0.02402 0.06860
v -0.00129 0.02464 0.07036
v -0.00129 0.02409 0.06860
v -0.00421 0.02338 0.06673
v -0.00273 0.02350 0.06673
v -0.00129 0.02357 0.06672
v -0.00602 0.02316 0.06674
v -0.00791 0.02282 0.06677
v -0.01843 0.01817 0.06335
v -0.01797 0.01804 0.06329
v -0.01861 0.01735 0.06113
v -0.01907 0.01747 0.06118
v -0.01733 0.01880 0.06544
v -0.01777 0.01893 0.06551
v -0.01969 0.01685 0.05907
v -0.01922 0.01672 0.05903
v -0.01875 0.01823 0.06341
v -0.01941 0.01754 0.06123
v -0.01809 0.01900 0.06558
v -0.02002 0.01692 0.05912
v -0.01583 0.02160 0.07165
v -0.01544 0.02143 0.07149
v -0.01606 0.02049 0.06952
v -0.01648 0.02064 0.06964
v -0.01712 0.01976 0.06760
v -0.01669 0.01961 0.06750
v -0.01610 0.02169 0.07178
v -0.01677 0.02073 0.06974
v -0.01743 0.01983 0.06769
v -0.01643 0.01809 0.05870
v -0.01789 0.01712 0.05888
v -0.01731 0.01771 0.06100
v -0.01593 0.01861 0.06085
v -0.01541 0.01918 0.06301
v -0.01489 0.01980 0.06513
v -0.01672 0.01836 0.06315
v -0.01612 0.01907 0.06527
v -0.00982 0.02233 0.06682
v -0.00959 0.02291 0.06868
v -0.01161 0.02173 0.06690
v -0.01129 0.02234 0.06876
v -0.00938 0.02351 0.07043
v -0.01098 0.02298 0.07052
v -0.01235 0.02244 0.07066
v -0.01275 0.02174 0.06887
v -0.01316 0.02109 0.06700
v -0.01440 0.02149 0.07113
v -0.01341 0.02196 0.07085
v -0.01390 0.02119 0.06902
v -0.01497 0.02062 0.06923
v -0.01554 0.01982 0.06729
v -0.01439 0.02047 0.06712
v -0.01895 0.01804 0.06353
v -0.01960 0.01735 0.06134
v -0.01828 0.01881 0.06571
v -0.02023 0.01674 0.05923
v -0.02025 0.01684 0.05920
v -0.01963 0.01745 0.06131
v -0.01897 0.01814 0.06349
v -0.01830 0.01891 0.06568
v -0.02018 0.01691 0.05916
v -0.01956 0.01752 0.06127
v -0.01891 0.01821 0.06345
v -0.01824 0.01898 0.06563
v -0.01628 0.02152 0.07195
v -0.01695 0.02055 0.06989
v -0.01762 0.01964 0.06782
v -0.01763 0.01975 0.06779
v -0.01697 0.02065 0.06986
v -0.01629 0.02162 0.07192
v -0.01757 0.01981 0.06774
v -0.01691 0.02072 0.06981
v -0.01624 0.02169 0.07186
v -0.01821 0.01765 0.06349
v -0.01775 0.01752 0.06343
v -0.01712 0.01828 0.06558
v -0.01756 0.01841 0.06565
v -0.01839 0.01683 0.06128
v -0.01885 0.01695 0.06132
v -0.01946 0.01633 0.05922
v -0.01899 0.01621 0.05918
v -0.01565 0.02107 0.07177
v -0.01526 0.02090 0.07164
v -0.01587 0.01996 0.06965
v -0.01629 0.02011 0.06976
v -0.01692 0.01923 0.06773
v -0.01649 0.01909 0.06764
v -0.01850 0.01675 0.05896
v -0.01886 0.01666 0.05900
v -0.01826 0.01729 0.06110
v -0.01791 0.01737 0.06106
v -0.01729 0.01806 0.06321
v -0.01666 0.01880 0.06534
v -0.01763 0.01798 0.06325
v -0.01699 0.01874 0.06539
v -0.01604 0.01958 0.06738
v -0.01636 0.01954 0.06744
v -0.01575 0.02040 0.06943
v -0.01544 0.02043 0.06935
v -0.01484 0.02133 0.07127
v -0.01514 0.02133 0.07138
v -0.00013 0.02167 0.05784
v -0.00013 0.02191 0.06024
v -0.00013 0.02221 0.06258
v -0.00013 0.02260 0.06480
v -0.00013 0.02413 0.07049
v -0.00013 0.02307 0.06684
v -0.00013 0.02359 0.06872
v -0.00013 0.02218 0.05773
v -0.00013 0.02273 0.06247
v -0.00013 0.02242 0.06014
v -0.00013 0.02464 0.07036
v -0.00013 0.02410 0.06859
v -0.00013 0.02358 0.06672
v -0.00013 0.02311 0.06469
v -0.01736 0.01753 0.06338
v -0.01673 0.01828 0.06552
v -0.01798 0.01685 0.06123
v -0.01858 0.01623 0.05913
v -0.01492 0.02085 0.07152
v -0.01552 0.01993 0.06956
v -0.01612 0.01907 0.06757
v -0.01021 -0.00835 0.04100
v -0.01150 -0.00828 0.04116
v -0.01248 -0.00853 0.04136
v -0.01238 -0.01338 0.04225
v -0.00841 -0.01188 0.04147
v -0.00926 -0.00894 0.04096
v -0.00860 -0.00977 0.04104
v -0.00828 -0.01085 0.04124
v -0.00603 0.00367 0.03896
v -0.00470 0.00397 0.03885
v -0.00801 0.00466 0.03919
v -0.00713 0.00395 0.03909
v -0.00828 0.00787 0.03913
v -0.00761 0.00865 0.03908
v -0.00666 0.00915 0.03895
v -0.00013 -0.02850 0.04190
v -0.00013 0.02946 0.08123
v 0.00122 -0.00697 0.04092
v 0.00342 -0.00696 0.04100
v 0.00342 -0.00433 0.04057
v 0.00122 -0.00433 0.04049
v 0.00339 -0.00165 0.04015
v 0.00121 -0.00165 0.04006
v 0.00566 -0.00697 0.04114
v 0.00565 -0.00433 0.04073
v 0.00568 -0.00166 0.04033
v 0.00809 -0.00698 0.04138
v 0.00809 -0.00434 0.04100
v 0.00808 -0.00167 0.04063
v 0.01056 -0.00169 0.04109
v 0.01056 -0.00436 0.04142
v 0.01055 -0.00699 0.04175
v 0.01520 -0.00704 0.04286
v 0.01724 -0.00704 0.04354
v 0.01733 -0.00447 0.04344
v 0.01527 -0.00443 0.04269
v 0.01743 -0.00184 0.04336
v 0.01535 -0.00178 0.04252
v 0.01296 -0.00701 0.04224
v 0.01299 -0.00439 0.04199
v 0.01303 -0.00172 0.04173
v 0.00565 -0.01388 0.04241
v 0.00566 -0.01189 0.04201
v 0.00344 -0.01190 0.04191
v 0.00348 -0.01391 0.04233
v 0.00353 -0.01568 0.04273
v 0.00564 -0.01561 0.04280
v 0.00122 -0.01191 0.04185
v 0.00123 -0.01393 0.04228
v 0.00125 -0.01571 0.04268
v 0.02024 -0.01271 0.04492
v 0.02061 -0.01104 0.04494
v 0.01995 -0.01115 0.04473
v 0.01964 -0.01280 0.04475
v 0.01917 -0.01422 0.04477
v 0.01974 -0.01417 0.04490
v 0.01876 -0.01137 0.04436
v 0.01700 -0.01161 0.04381
v 0.01680 -0.01330 0.04394
v 0.01851 -0.01302 0.04442
v 0.01650 -0.01470 0.04407
v 0.01813 -0.01440 0.04449
v 0.02326 -0.00703 0.04460
v 0.02353 -0.00704 0.04443
v 0.02361 -0.00460 0.04463
v 0.02335 -0.00459 0.04478
v 0.02366 -0.00208 0.04483
v 0.02342 -0.00207 0.04495
v 0.02277 -0.01326 0.04390
v 0.02314 -0.01142 0.04403
v 0.02284 -0.01135 0.04424
v 0.02242 -0.01315 0.04415
v 0.02187 -0.01478 0.04407
v 0.02227 -0.01494 0.04379
v 0.01906 -0.00699 0.04424
v 0.01916 -0.00449 0.04421
v 0.01930 -0.00191 0.04422
v 0.02034 -0.00693 0.04475
v 0.02103 -0.00690 0.04503
v 0.02115 -0.00450 0.04509
v 0.02045 -0.00450 0.04479
v 0.02124 -0.00200 0.04516
v 0.02059 -0.00197 0.04485
v 0.01054 -0.00954 0.04208
v 0.01051 -0.01184 0.04241
v 0.01284 -0.01181 0.04273
v 0.01292 -0.00954 0.04248
v 0.01512 -0.00953 0.04304
v 0.01500 -0.01175 0.04322
v 0.01713 -0.00947 0.04367
v 0.00342 -0.00954 0.04145
v 0.00122 -0.00954 0.04139
v 0.00566 -0.00954 0.04157
v 0.02086 -0.00909 0.04498
v 0.02018 -0.00917 0.04473
v 0.01893 -0.00932 0.04429
v 0.02339 -0.00933 0.04422
v 0.02310 -0.00930 0.04441
v 0.00808 -0.01382 0.04255
v 0.00809 -0.01187 0.04218
v 0.00805 -0.01551 0.04290
v 0.01043 -0.01375 0.04273
v 0.01032 -0.01537 0.04305
v 0.00810 -0.00953 0.04178
v 0.01266 -0.01367 0.04299
v 0.01244 -0.01522 0.04327
v 0.01478 -0.01353 0.04341
v 0.01448 -0.01501 0.04361
v 0.00570 -0.00438 0.03993
v 0.00570 -0.00672 0.04030
v 0.00344 -0.00671 0.04015
v 0.00344 -0.00438 0.03977
v 0.00342 -0.00171 0.03933
v 0.00573 -0.00171 0.03950
v 0.00122 -0.00171 0.03924
v 0.00122 -0.00438 0.03969
v 0.00122 -0.00671 0.04008
v 0.00816 -0.00171 0.03981
v 0.00816 -0.00438 0.04022
v 0.00817 -0.00672 0.04058
v 0.01064 -0.00713 0.04102
v 0.01066 -0.00440 0.04066
v 0.01067 -0.00172 0.04029
v 0.01747 -0.00447 0.04264
v 0.01735 -0.00705 0.04273
v 0.01534 -0.00706 0.04209
v 0.01543 -0.00445 0.04191
v 0.01552 -0.00179 0.04173
v 0.01760 -0.00184 0.04255
v 0.01309 -0.00707 0.04151
v 0.01312 -0.00442 0.04123
v 0.01318 -0.00175 0.04094
v 0.00345 -0.01206 0.04122
v 0.00350 -0.01412 0.04171
v 0.00124 -0.01413 0.04167
v 0.00122 -0.01206 0.04117
v 0.00556 -0.01204 0.04133
v 0.00558 -0.01408 0.04180
v 0.01656 -0.01348 0.04308
v 0.01697 -0.01169 0.04295
v 0.01858 -0.01146 0.04344
v 0.01809 -0.01321 0.04350
v 0.01750 -0.01468 0.04355
v 0.01605 -0.01496 0.04321
v 0.02020 -0.01111 0.04397
v 0.01968 -0.01282 0.04394
v 0.01905 -0.01429 0.04393
v 0.02352 -0.00452 0.04425
v 0.02344 -0.00691 0.04406
v 0.02298 -0.00688 0.04414
v 0.02308 -0.00450 0.04431
v 0.02316 -0.00203 0.04447
v 0.02358 -0.00204 0.04444
v 0.02255 -0.00201 0.04456
v 0.02248 -0.00449 0.04442
v 0.02235 -0.00686 0.04430
v 0.02184 -0.01097 0.04407
v 0.02254 -0.01104 0.04383
v 0.02213 -0.01283 0.04373
v 0.02141 -0.01269 0.04400
v 0.02159 -0.01448 0.04365
v 0.02085 -0.01424 0.04394
v 0.02304 -0.01114 0.04368
v 0.02266 -0.01299 0.04356
v 0.02214 -0.01471 0.04345
v 0.01906 -0.00699 0.04337
v 0.01920 -0.00448 0.04335
v 0.01930 -0.00189 0.04333
v 0.02090 -0.00448 0.04412
v 0.02076 -0.00690 0.04406
v 0.02109 -0.00196 0.04423
v 0.01721 -0.00950 0.04284
v 0.01508 -0.01181 0.04244
v 0.01525 -0.00956 0.04226
v 0.01353 -0.01010 0.04183
v 0.01296 -0.00915 0.04160
v 0.00572 -0.00966 0.04084
v 0.00344 -0.00966 0.04071
v 0.00122 -0.00966 0.04065
v 0.01888 -0.00935 0.04340
v 0.02054 -0.00913 0.04401
v 0.02281 -0.00906 0.04398
v 0.02215 -0.00902 0.04417
v 0.02329 -0.00912 0.04386
v 0.01323 -0.01232 0.04216
v 0.01353 -0.01122 0.04205
v 0.01478 -0.01366 0.04264
v 0.01441 -0.01520 0.04286
v 0.02368 -0.00703 0.04427
v 0.02376 -0.00459 0.04449
v 0.02380 -0.00207 0.04469
v 0.02372 -0.00700 0.04415
v 0.02379 -0.00457 0.04436
v 0.02384 -0.00206 0.04457
v 0.02364 -0.00695 0.04407
v 0.02372 -0.00455 0.04428
v 0.02377 -0.00205 0.04448
v 0.02331 -0.01140 0.04385
v 0.02296 -0.01326 0.04371
v 0.02246 -0.01499 0.04358
v 0.02300 -0.01321 0.04358
v 0.02336 -0.01133 0.04372
v 0.02251 -0.01495 0.04345
v 0.02327 -0.01124 0.04366
v 0.02291 -0.01311 0.04352
v 0.02241 -0.01486 0.04340
v 0.02355 -0.00931 0.04405
v 0.02359 -0.00926 0.04393
v 0.02351 -0.00919 0.04386
v 0.02183 -0.01296 0.04451
v 0.02224 -0.01121 0.04461
v 0.02162 -0.01106 0.04492
v 0.02122 -0.01278 0.04483
v 0.02068 -0.01431 0.04475
v 0.02130 -0.01455 0.04442
v 0.02213 -0.00691 0.04512
v 0.02270 -0.00697 0.04489
v 0.02281 -0.00456 0.04503
v 0.02224 -0.00453 0.04523
v 0.02287 -0.00206 0.04518
v 0.02231 -0.00205 0.04535
v 0.02252 -0.00920 0.04474
v 0.02192 -0.00910 0.04502
v 0.02089 -0.01098 0.04418
v 0.02037 -0.01267 0.04414
v 0.01972 -0.01415 0.04410
v 0.02134 -0.01095 0.04421
v 0.02087 -0.01263 0.04415
v 0.02026 -0.01414 0.04411
v 0.02190 -0.00685 0.04438
v 0.02204 -0.00448 0.04448
v 0.02214 -0.00200 0.04459
v 0.02148 -0.00686 0.04432
v 0.02162 -0.00448 0.04441
v 0.02174 -0.00199 0.04451
v 0.02125 -0.00904 0.04424
v 0.02168 -0.00901 0.04428
v 0.02114 -0.01100 0.04503
v 0.02073 -0.01269 0.04497
v 0.02019 -0.01419 0.04491
v 0.02187 -0.00203 0.04537
v 0.02177 -0.00451 0.04526
v 0.02165 -0.00689 0.04518
v 0.02144 -0.00906 0.04510
v 0.00125 -0.01734 0.04307
v 0.00125 -0.01885 0.04343
v 0.00354 -0.01878 0.04346
v 0.00354 -0.01729 0.04311
v 0.00562 -0.01719 0.04316
v 0.00560 -0.01864 0.04350
v 0.01907 -0.01550 0.04487
v 0.01853 -0.01550 0.04478
v 0.01774 -0.01667 0.04477
v 0.01827 -0.01673 0.04484
v 0.01756 -0.01564 0.04455
v 0.01685 -0.01676 0.04460
v 0.01020 -0.02647 0.04263
v 0.01005 -0.02590 0.04309
v 0.00792 -0.02653 0.04302
v 0.00801 -0.02712 0.04255
v 0.00558 -0.02702 0.04296
v 0.00563 -0.02762 0.04247
v 0.00353 -0.02735 0.04287
v 0.00355 -0.02794 0.04238
v 0.00125 -0.02751 0.04284
v 0.00125 -0.02811 0.04235
v 0.02121 -0.01634 0.04397
v 0.02038 -0.01786 0.04386
v 0.02080 -0.01814 0.04354
v 0.02163 -0.01656 0.04367
v 0.00125 -0.02027 0.04376
v 0.00125 -0.02144 0.04402
v 0.00352 -0.02133 0.04405
v 0.00353 -0.02018 0.04379
v 0.00125 -0.02275 0.04428
v 0.00350 -0.02262 0.04431
v 0.00550 -0.02236 0.04433
v 0.00554 -0.02111 0.04408
v 0.00558 -0.01999 0.04382
v 0.00348 -0.02422 0.04444
v 0.00544 -0.02392 0.04448
v 0.00546 -0.02321 0.04445
v 0.00349 -0.02349 0.04443
v 0.00125 -0.02363 0.04441
v 0.00124 -0.02437 0.04442
v 0.00763 -0.02352 0.04450
v 0.00956 -0.02301 0.04452
v 0.00960 -0.02235 0.04450
v 0.00766 -0.02283 0.04448
v 0.00969 -0.02155 0.04439
v 0.00772 -0.02200 0.04436
v 0.00984 -0.02039 0.04417
v 0.00782 -0.02079 0.04412
v 0.00996 -0.01937 0.04394
v 0.01010 -0.01813 0.04366
v 0.00796 -0.01841 0.04356
v 0.00789 -0.01972 0.04387
v 0.00802 -0.01702 0.04324
v 0.01022 -0.01682 0.04336
v 0.01710 -0.02261 0.04310
v 0.01674 -0.02215 0.04349
v 0.01528 -0.02329 0.04341
v 0.01559 -0.02378 0.04300
v 0.01372 -0.02427 0.04331
v 0.01398 -0.02479 0.04289
v 0.01219 -0.02569 0.04275
v 0.01198 -0.02514 0.04319
v 0.01933 -0.01935 0.04374
v 0.01828 -0.02062 0.04363
v 0.01868 -0.02103 0.04326
v 0.01974 -0.01969 0.04339
v 0.01136 -0.02100 0.04446
v 0.01156 -0.01992 0.04427
v 0.01278 -0.02040 0.04454
v 0.01307 -0.01940 0.04439
v 0.01337 -0.01853 0.04424
v 0.01374 -0.01746 0.04403
v 0.01199 -0.01782 0.04384
v 0.01176 -0.01897 0.04408
v 0.01413 -0.01630 0.04382
v 0.01221 -0.01659 0.04356
v 0.01441 -0.01890 0.04454
v 0.01489 -0.01808 0.04444
v 0.01546 -0.01706 0.04432
v 0.01396 -0.01980 0.04461
v 0.01473 -0.01934 0.04466
v 0.01540 -0.01859 0.04465
v 0.01608 -0.01778 0.04463
v 0.01602 -0.01594 0.04420
v 0.01125 -0.02240 0.04458
v 0.01127 -0.02176 0.04456
v 0.01272 -0.02170 0.04464
v 0.01270 -0.02111 0.04462
v 0.01400 -0.02093 0.04470
v 0.01518 -0.02005 0.04473
v 0.01495 -0.01966 0.04472
v 0.01391 -0.02042 0.04468
v 0.01733 -0.01790 0.04480
v 0.01687 -0.01775 0.04475
v 0.01606 -0.01864 0.04474
v 0.01644 -0.01888 0.04477
v 0.00125 -0.01738 0.04250
v 0.00125 -0.01601 0.04215
v 0.00356 -0.01598 0.04219
v 0.00356 -0.01734 0.04253
v 0.00356 -0.01880 0.04287
v 0.00125 -0.01887 0.04285
v 0.00567 -0.01591 0.04225
v 0.00566 -0.01724 0.04257
v 0.00564 -0.01866 0.04289
v 0.01688 -0.01593 0.04359
v 0.01625 -0.01699 0.04362
v 0.01504 -0.01728 0.04342
v 0.01554 -0.01622 0.04332
v 0.01403 -0.01650 0.04305
v 0.01366 -0.01760 0.04323
v 0.01835 -0.01559 0.04393
v 0.01759 -0.01675 0.04393
v 0.00556 -0.02660 0.04261
v 0.00550 -0.02559 0.04316
v 0.00774 -0.02509 0.04321
v 0.00787 -0.02610 0.04267
v 0.00975 -0.02446 0.04325
v 0.00998 -0.02546 0.04273
v 0.00562 -0.02742 0.04216
v 0.00799 -0.02691 0.04223
v 0.01017 -0.02626 0.04231
v 0.00353 -0.02693 0.04253
v 0.00350 -0.02591 0.04309
v 0.00125 -0.02709 0.04249
v 0.00125 -0.02607 0.04307
v 0.00355 -0.02776 0.04207
v 0.00125 -0.02793 0.04203
v 0.02092 -0.01605 0.04356
v 0.02008 -0.01756 0.04346
v 0.01931 -0.01708 0.04380
v 0.02016 -0.01570 0.04387
v 0.02149 -0.01636 0.04334
v 0.02066 -0.01796 0.04321
v 0.00561 -0.01994 0.04316
v 0.00559 -0.02096 0.04335
v 0.00354 -0.02117 0.04334
v 0.00355 -0.02012 0.04314
v 0.00125 -0.02021 0.04312
v 0.00125 -0.02128 0.04332
v 0.00125 -0.02246 0.04348
v 0.00353 -0.02233 0.04350
v 0.00554 -0.02209 0.04351
v 0.00549 -0.02321 0.04363
v 0.00351 -0.02348 0.04360
v 0.00125 -0.02362 0.04357
v 0.00789 -0.02064 0.04335
v 0.00780 -0.02173 0.04352
v 0.00801 -0.01845 0.04292
v 0.00795 -0.01967 0.04316
v 0.01003 -0.01933 0.04318
v 0.00992 -0.02024 0.04335
v 0.01016 -0.01819 0.04297
v 0.00978 -0.02128 0.04352
v 0.00770 -0.02282 0.04365
v 0.00964 -0.02234 0.04366
v 0.00810 -0.01587 0.04235
v 0.00807 -0.01709 0.04262
v 0.01028 -0.01693 0.04271
v 0.01040 -0.01575 0.04248
v 0.01312 -0.02291 0.04342
v 0.01356 -0.02383 0.04295
v 0.01187 -0.02470 0.04283
v 0.01153 -0.02374 0.04333
v 0.01453 -0.02199 0.04350
v 0.01507 -0.02287 0.04305
v 0.01585 -0.02093 0.04358
v 0.01649 -0.02175 0.04313
v 0.01391 -0.02457 0.04256
v 0.01550 -0.02357 0.04268
v 0.01698 -0.02241 0.04278
v 0.01214 -0.02547 0.04243
v 0.01800 -0.02027 0.04326
v 0.01729 -0.01956 0.04365
v 0.01829 -0.01842 0.04372
v 0.01904 -0.01902 0.04336
v 0.01855 -0.02084 0.04294
v 0.01960 -0.01952 0.04307
v 0.01280 -0.02018 0.04362
v 0.01305 -0.01931 0.04350
v 0.01418 -0.01886 0.04359
v 0.01386 -0.01964 0.04368
v 0.01332 -0.01856 0.04339
v 0.01456 -0.01817 0.04351
v 0.01562 -0.01789 0.04364
v 0.01508 -0.01859 0.04366
v 0.01456 -0.01930 0.04371
v 0.01204 -0.01792 0.04309
v 0.01182 -0.01896 0.04327
v 0.01164 -0.01979 0.04341
v 0.01144 -0.02075 0.04356
v 0.01251 -0.01542 0.04262
v 0.01227 -0.01675 0.04287
v 0.01130 -0.02176 0.04371
v 0.01270 -0.02112 0.04378
v 0.01387 -0.02044 0.04385
v 0.01489 -0.01970 0.04387
v 0.01596 -0.01869 0.04387
v 0.01674 -0.01782 0.04390
v 0.00857 -0.01279 0.04173
v 0.00957 -0.01351 0.04198
v 0.01071 -0.01378 0.04213
v 0.00565 -0.02793 0.04215
v 0.00805 -0.02742 0.04223
v 0.01028 -0.02676 0.04232
v 0.01030 -0.02683 0.04215
v 0.00806 -0.02749 0.04206
v 0.00565 -0.02800 0.04198
v 0.01026 -0.02668 0.04213
v 0.00805 -0.02734 0.04204
v 0.00565 -0.02785 0.04196
v 0.00355 -0.02823 0.04206
v 0.00125 -0.02840 0.04202
v 0.00355 -0.02829 0.04192
v 0.00125 -0.02847 0.04188
v 0.00356 -0.02820 0.04191
v 0.00125 -0.02836 0.04187
v 0.02183 -0.01664 0.04345
v 0.02100 -0.01826 0.04331
v 0.02105 -0.01827 0.04317
v 0.02187 -0.01663 0.04332
v 0.02177 -0.01654 0.04327
v 0.02094 -0.01818 0.04313
v 0.01412 -0.02504 0.04260
v 0.01575 -0.02402 0.04272
v 0.01728 -0.02283 0.04283
v 0.01732 -0.02287 0.04268
v 0.01579 -0.02407 0.04256
v 0.01415 -0.02510 0.04243
v 0.01230 -0.02596 0.04245
v 0.01232 -0.02602 0.04228
v 0.01228 -0.02587 0.04226
v 0.01409 -0.02495 0.04241
v 0.01723 -0.02274 0.04265
v 0.01571 -0.02393 0.04254
v 0.01887 -0.02122 0.04301
v 0.01994 -0.01985 0.04315
v 0.01892 -0.02125 0.04286
v 0.01999 -0.01988 0.04300
v 0.01988 -0.01977 0.04297
v 0.01882 -0.02113 0.04283
v 0.02001 -0.01574 0.04467
v 0.01918 -0.01709 0.04461
v 0.01980 -0.01747 0.04425
v 0.02063 -0.01604 0.04434
v 0.00547 -0.02537 0.04407
v 0.00349 -0.02569 0.04400
v 0.00351 -0.02656 0.04345
v 0.00552 -0.02624 0.04353
v 0.00124 -0.02585 0.04398
v 0.00125 -0.02673 0.04343
v 0.01817 -0.01840 0.04454
v 0.01718 -0.01952 0.04447
v 0.01774 -0.02008 0.04406
v 0.01876 -0.01887 0.04415
v 0.01872 -0.01681 0.04400
v 0.01956 -0.01552 0.04405
v 0.01900 -0.01548 0.04407
v 0.01819 -0.01671 0.04404
v 0.00546 -0.02470 0.04350
v 0.00767 -0.02422 0.04354
v 0.00963 -0.02363 0.04357
v 0.00960 -0.02293 0.04369
v 0.00766 -0.02346 0.04367
v 0.00547 -0.02389 0.04364
v 0.00350 -0.02418 0.04360
v 0.00349 -0.02502 0.04344
v 0.00125 -0.02517 0.04342
v 0.00125 -0.02433 0.04357
v 0.01135 -0.02295 0.04363
v 0.01285 -0.02218 0.04371
v 0.01128 -0.02230 0.04374
v 0.01272 -0.02161 0.04381
v 0.01512 -0.01999 0.04392
v 0.01397 -0.02085 0.04389
v 0.01542 -0.02037 0.04383
v 0.01418 -0.02133 0.04378
v 0.01677 -0.01910 0.04387
v 0.01773 -0.01805 0.04393
v 0.01725 -0.01787 0.04399
v 0.01636 -0.01884 0.04394
v 0.00986 -0.02514 0.04363
v 0.00780 -0.02576 0.04358
v 0.00968 -0.02432 0.04414
v 0.00769 -0.02491 0.04410
v 0.01625 -0.02152 0.04396
v 0.01485 -0.02262 0.04389
v 0.01575 -0.02088 0.04440
v 0.01443 -0.02193 0.04435
v 0.01302 -0.02284 0.04428
v 0.01337 -0.02358 0.04381
v 0.01171 -0.02442 0.04371
v 0.01145 -0.02363 0.04420
v 0.01870 -0.01685 0.04480
v 0.01952 -0.01556 0.04485
v 0.00958 -0.02363 0.04442
v 0.00763 -0.02418 0.04440
v 0.00544 -0.02461 0.04437
v 0.00348 -0.02492 0.04432
v 0.00124 -0.02508 0.04430
v 0.01541 -0.02042 0.04464
v 0.01416 -0.02139 0.04461
v 0.01282 -0.02224 0.04455
v 0.01130 -0.02299 0.04448
v 0.01677 -0.01915 0.04470
v 0.01772 -0.01809 0.04475
v 0.00121 0.00355 0.03948
v 0.00339 0.00356 0.03958
v 0.00340 0.00607 0.03944
v 0.00121 0.00605 0.03933
v 0.00339 0.00769 0.03942
v 0.00121 0.00765 0.03931
v 0.00121 0.00097 0.03972
v 0.00337 0.00098 0.03982
v 0.00570 0.00098 0.04002
v 0.00571 0.00359 0.03979
v 0.00572 0.00612 0.03965
v 0.00571 0.00775 0.03963
v 0.01057 0.00097 0.04082
v 0.00807 0.00098 0.04032
v 0.01753 0.00079 0.04330
v 0.01542 0.00087 0.04239
v 0.01307 0.00093 0.04151
v 0.01760 0.00582 0.04348
v 0.01759 0.00731 0.04363
v 0.01547 0.00752 0.04247
v 0.01548 0.00597 0.04238
v 0.01546 0.00347 0.04234
v 0.01758 0.00336 0.04335
v 0.01308 0.00769 0.04138
v 0.01056 0.00777 0.04054
v 0.01057 0.00615 0.04053
v 0.01309 0.00610 0.04134
v 0.01058 0.00360 0.04063
v 0.01309 0.00356 0.04138
v 0.01490 0.01537 0.04578
v 0.01699 0.01450 0.04672
v 0.01687 0.01502 0.04726
v 0.01478 0.01592 0.04639
v 0.01673 0.01549 0.04784
v 0.01464 0.01642 0.04704
v 0.01657 0.01593 0.04851
v 0.01639 0.01633 0.04931
v 0.01429 0.01727 0.04866
v 0.01448 0.01686 0.04778
v 0.01195 0.01809 0.04804
v 0.00948 0.01875 0.04752
v 0.00964 0.01834 0.04650
v 0.01213 0.01768 0.04709
v 0.00978 0.01787 0.04563
v 0.01228 0.01723 0.04628
v 0.00991 0.01733 0.04486
v 0.01003 0.01672 0.04413
v 0.01255 0.01613 0.04487
v 0.01242 0.01672 0.04556
v 0.01617 0.01670 0.05028
v 0.01408 0.01763 0.04973
v 0.01592 0.01705 0.05146
v 0.01384 0.01797 0.05099
v 0.01562 0.01739 0.05286
v 0.01356 0.01830 0.05249
v 0.00891 0.01975 0.05182
v 0.00911 0.01945 0.05017
v 0.01153 0.01879 0.05055
v 0.01128 0.01910 0.05213
v 0.00930 0.01912 0.04874
v 0.01175 0.01846 0.04919
v 0.00729 0.01836 0.04512
v 0.00740 0.01780 0.04431
v 0.00751 0.01714 0.04355
v 0.00705 0.01927 0.04709
v 0.00717 0.01885 0.04603
v 0.00501 0.01869 0.04475
v 0.00492 0.01919 0.04568
v 0.00482 0.01963 0.04678
v 0.00519 0.01741 0.04316
v 0.00510 0.01809 0.04393
v 0.00691 0.01965 0.04837
v 0.00473 0.02002 0.04808
v 0.00676 0.01998 0.04985
v 0.00462 0.02035 0.04961
v 0.00660 0.02027 0.05157
v 0.00452 0.02064 0.05137
v 0.00109 0.01996 0.04634
v 0.00282 0.01985 0.04649
v 0.00277 0.02024 0.04782
v 0.00108 0.02036 0.04768
v 0.00272 0.02058 0.04938
v 0.00107 0.02069 0.04926
v 0.00266 0.02086 0.05118
v 0.00106 0.02098 0.05107
v 0.00113 0.01761 0.04269
v 0.00302 0.01755 0.04285
v 0.00297 0.01826 0.04362
v 0.00112 0.01834 0.04345
v 0.00291 0.01887 0.04445
v 0.00111 0.01897 0.04428
v 0.00286 0.01940 0.04538
v 0.00110 0.01950 0.04522
v 0.00116 0.01577 0.04123
v 0.00315 0.01575 0.04138
v 0.00308 0.01671 0.04209
v 0.00114 0.01675 0.04194
v 0.00118 0.01345 0.04009
v 0.00326 0.01348 0.04022
v 0.00321 0.01468 0.04074
v 0.00117 0.01467 0.04060
v 0.00553 0.01349 0.04047
v 0.00546 0.01465 0.04101
v 0.00537 0.01569 0.04166
v 0.00528 0.01661 0.04239
v 0.00560 0.01220 0.04008
v 0.00331 0.01217 0.03984
v 0.00335 0.01075 0.03960
v 0.00565 0.01081 0.03983
v 0.00120 0.01071 0.03948
v 0.00119 0.01213 0.03972
v 0.00338 0.00925 0.03946
v 0.00121 0.00921 0.03935
v 0.00569 0.00932 0.03968
v 0.00771 0.01552 0.04205
v 0.00762 0.01639 0.04278
v 0.00788 0.01341 0.04083
v 0.00780 0.01453 0.04138
v 0.01023 0.01519 0.04266
v 0.01032 0.01426 0.04200
v 0.01039 0.01321 0.04145
v 0.01013 0.01601 0.04338
v 0.02088 0.01012 0.04730
v 0.02079 0.01071 0.04764
v 0.02026 0.01103 0.04725
v 0.02034 0.01041 0.04689
v 0.02070 0.01123 0.04800
v 0.02016 0.01158 0.04762
v 0.02061 0.01170 0.04837
v 0.02052 0.01214 0.04875
v 0.01997 0.01254 0.04842
v 0.02007 0.01208 0.04801
v 0.01878 0.01341 0.04770
v 0.01711 0.01393 0.04619
v 0.01889 0.01290 0.04725
v 0.01721 0.01330 0.04567
v 0.01899 0.01235 0.04681
v 0.01731 0.01259 0.04519
v 0.01739 0.01178 0.04475
v 0.01917 0.01102 0.04600
v 0.01909 0.01172 0.04639
v 0.01502 0.01475 0.04516
v 0.01512 0.01406 0.04457
v 0.01266 0.01547 0.04418
v 0.01276 0.01472 0.04350
v 0.01292 0.01287 0.04236
v 0.01285 0.01385 0.04289
v 0.01529 0.01237 0.04353
v 0.01522 0.01327 0.04401
v 0.02118 0.00663 0.04609
v 0.02112 0.00774 0.04636
v 0.02057 0.00790 0.04595
v 0.02062 0.00675 0.04569
v 0.02105 0.00867 0.04666
v 0.02051 0.00887 0.04624
v 0.02097 0.00945 0.04697
v 0.02043 0.00970 0.04656
v 0.01747 0.01086 0.04438
v 0.01925 0.01022 0.04565
v 0.01752 0.00982 0.04407
v 0.01932 0.00930 0.04534
v 0.01757 0.00864 0.04382
v 0.01942 0.00701 0.04482
v 0.01938 0.00824 0.04506
v 0.01536 0.01135 0.04314
v 0.01541 0.01021 0.04285
v 0.01045 0.01203 0.04105
v 0.01298 0.01176 0.04196
v 0.01050 0.01072 0.04078
v 0.01303 0.01053 0.04168
v 0.01054 0.00930 0.04061
v 0.01306 0.00917 0.04149
v 0.01545 0.00893 0.04263
v 0.02350 0.00512 0.04568
v 0.02343 0.00642 0.04596
v 0.02322 0.00643 0.04606
v 0.02329 0.00512 0.04579
v 0.02358 0.00288 0.04533
v 0.02337 0.00289 0.04544
v 0.02364 0.00046 0.04505
v 0.02342 0.00047 0.04515
v 0.02221 0.01373 0.05093
v 0.02199 0.01416 0.05175
v 0.02180 0.01407 0.05176
v 0.02201 0.01365 0.05095
v 0.02172 0.01459 0.05274
v 0.02153 0.01450 0.05275
v 0.02139 0.01504 0.05394
v 0.02120 0.01494 0.05394
v 0.02275 0.01198 0.04868
v 0.02264 0.01242 0.04912
v 0.02244 0.01235 0.04919
v 0.02254 0.01192 0.04876
v 0.02253 0.01286 0.04963
v 0.02233 0.01279 0.04969
v 0.02238 0.01330 0.05023
v 0.02219 0.01322 0.05027
v 0.02284 0.01156 0.04829
v 0.02263 0.01150 0.04837
v 0.02293 0.01111 0.04793
v 0.02272 0.01106 0.04802
v 0.02309 0.01003 0.04726
v 0.02301 0.01061 0.04759
v 0.02280 0.01056 0.04768
v 0.02289 0.00999 0.04735
v 0.02318 0.00934 0.04692
v 0.02298 0.00931 0.04701
v 0.02326 0.00852 0.04659
v 0.02306 0.00850 0.04668
v 0.02335 0.00755 0.04626
v 0.02315 0.00755 0.04636
v 0.02126 0.00056 0.04528
v 0.02067 0.00060 0.04496
v 0.01940 0.00069 0.04426
v 0.02122 0.00531 0.04583
v 0.02066 0.00540 0.04545
v 0.02125 0.00303 0.04552
v 0.02068 0.00309 0.04517
v 0.01944 0.00560 0.04462
v 0.01943 0.00322 0.04440
v 0.01867 0.01389 0.04817
v 0.01854 0.01433 0.04868
v 0.02042 0.01256 0.04914
v 0.01987 0.01298 0.04884
v 0.02031 0.01297 0.04958
v 0.01975 0.01340 0.04930
v 0.02018 0.01337 0.05011
v 0.02001 0.01376 0.05075
v 0.01945 0.01420 0.05051
v 0.01962 0.01381 0.04985
v 0.01822 0.01515 0.05000
v 0.01840 0.01475 0.04928
v 0.01775 0.01590 0.05196
v 0.01744 0.01627 0.05327
v 0.01801 0.01553 0.05088
v 0.01981 0.01415 0.05153
v 0.01924 0.01459 0.05133
v 0.01954 0.01455 0.05251
v 0.01898 0.01497 0.05234
v 0.01922 0.01496 0.05371
v 0.01866 0.01537 0.05357
v 0.00800 0.01081 0.04017
v 0.00795 0.01217 0.04044
v 0.00806 0.00779 0.03996
v 0.00804 0.00934 0.04002
v 0.00807 0.00360 0.04011
v 0.00807 0.00616 0.03997
v 0.00578 0.00270 0.03901
v 0.00577 0.00094 0.03918
v 0.00341 0.00093 0.03898
v 0.00342 0.00268 0.03881
v 0.00122 0.00521 0.03853
v 0.00324 0.00507 0.03869
v 0.00122 0.00266 0.03871
v 0.00121 0.00092 0.03889
v 0.00294 0.00720 0.03861
v 0.00286 0.00610 0.03863
v 0.00122 0.00768 0.03847
v 0.00816 0.00095 0.03950
v 0.01069 0.00095 0.04001
v 0.01323 0.00092 0.04071
v 0.01562 0.00088 0.04159
v 0.01773 0.00081 0.04251
v 0.01071 0.00360 0.03981
v 0.01327 0.00357 0.04058
v 0.01567 0.00349 0.04155
v 0.01073 0.00614 0.03972
v 0.01071 0.00783 0.03973
v 0.01328 0.00775 0.04059
v 0.01328 0.00613 0.04054
v 0.01569 0.00759 0.04170
v 0.01570 0.00602 0.04159
v 0.01783 0.00738 0.04286
v 0.01783 0.00587 0.04270
v 0.01780 0.00340 0.04256
v 0.00978 0.01871 0.04619
v 0.00962 0.01915 0.04729
v 0.01213 0.01847 0.04782
v 0.01232 0.01805 0.04679
v 0.01451 0.01763 0.04845
v 0.01471 0.01721 0.04750
v 0.01487 0.01675 0.04667
v 0.01248 0.01757 0.04589
v 0.00993 0.01822 0.04524
v 0.01663 0.01669 0.04909
v 0.01682 0.01627 0.04821
v 0.01698 0.01581 0.04746
v 0.01713 0.01532 0.04679
v 0.01725 0.01479 0.04618
v 0.01515 0.01566 0.04524
v 0.01502 0.01623 0.04593
v 0.01275 0.01644 0.04432
v 0.01018 0.01703 0.04355
v 0.01006 0.01767 0.04437
v 0.01262 0.01704 0.04508
v 0.01377 0.01869 0.05239
v 0.01405 0.01836 0.05087
v 0.01170 0.01919 0.05042
v 0.01145 0.01952 0.05202
v 0.00925 0.01987 0.05003
v 0.00904 0.02019 0.05171
v 0.01585 0.01778 0.05275
v 0.01615 0.01743 0.05133
v 0.01641 0.01707 0.05012
v 0.01430 0.01801 0.04957
v 0.00944 0.01953 0.04856
v 0.01193 0.01885 0.04903
v 0.00490 0.02005 0.04653
v 0.00715 0.01968 0.04686
v 0.00728 0.01923 0.04571
v 0.00499 0.01958 0.04536
v 0.00740 0.01872 0.04471
v 0.00509 0.01904 0.04434
v 0.00763 0.01745 0.04297
v 0.00752 0.01813 0.04381
v 0.00518 0.01843 0.04342
v 0.00527 0.01771 0.04256
v 0.00686 0.02042 0.04971
v 0.00670 0.02073 0.05145
v 0.00701 0.02007 0.04818
v 0.00469 0.02080 0.04946
v 0.00480 0.02045 0.04790
v 0.00459 0.02111 0.05124
v 0.00275 0.02104 0.04923
v 0.00270 0.02135 0.05105
v 0.00285 0.02027 0.04624
v 0.00280 0.02068 0.04763
v 0.00108 0.02116 0.04911
v 0.00109 0.02080 0.04749
v 0.00110 0.02037 0.04608
v 0.00107 0.02147 0.05094
v 0.00290 0.01979 0.04505
v 0.00295 0.01923 0.04402
v 0.00307 0.01784 0.04225
v 0.00301 0.01859 0.04310
v 0.00112 0.01932 0.04385
v 0.00113 0.01866 0.04293
v 0.00114 0.01790 0.04208
v 0.00111 0.01988 0.04489
v 0.00554 0.01486 0.04026
v 0.00562 0.01367 0.03969
v 0.00331 0.01365 0.03943
v 0.00325 0.01488 0.03998
v 0.00319 0.01599 0.04066
v 0.00546 0.01593 0.04095
v 0.00117 0.01600 0.04050
v 0.00118 0.01487 0.03984
v 0.00119 0.01362 0.03930
v 0.00313 0.01698 0.04142
v 0.00115 0.01701 0.04126
v 0.00536 0.01688 0.04173
v 0.00121 0.01081 0.03866
v 0.00340 0.01085 0.03878
v 0.00342 0.00933 0.03865
v 0.00122 0.00927 0.03852
v 0.00336 0.01230 0.03904
v 0.00120 0.01226 0.03891
v 0.00569 0.01235 0.03929
v 0.00574 0.01091 0.03902
v 0.00578 0.00939 0.03886
v 0.00525 0.00923 0.03882
v 0.00424 0.00888 0.03871
v 0.00348 0.00820 0.03863
v 0.01056 0.01340 0.04070
v 0.00801 0.01360 0.04007
v 0.00793 0.01475 0.04064
v 0.01048 0.01449 0.04128
v 0.00784 0.01577 0.04134
v 0.01040 0.01545 0.04197
v 0.00774 0.01667 0.04213
v 0.01030 0.01629 0.04274
v 0.01737 0.01420 0.04559
v 0.01884 0.01384 0.04703
v 0.01895 0.01331 0.04651
v 0.01905 0.01273 0.04602
v 0.01748 0.01355 0.04503
v 0.02056 0.01255 0.04808
v 0.02066 0.01209 0.04764
v 0.02076 0.01159 0.04723
v 0.02085 0.01104 0.04685
v 0.02093 0.01043 0.04648
v 0.01923 0.01133 0.04515
v 0.01915 0.01207 0.04557
v 0.01766 0.01198 0.04405
v 0.01758 0.01282 0.04451
v 0.01313 0.01307 0.04163
v 0.01306 0.01408 0.04218
v 0.01297 0.01497 0.04284
v 0.01537 0.01431 0.04391
v 0.01547 0.01350 0.04333
v 0.01554 0.01257 0.04282
v 0.01287 0.01575 0.04356
v 0.01527 0.01503 0.04456
v 0.01773 0.01103 0.04366
v 0.01931 0.01049 0.04478
v 0.01937 0.00952 0.04445
v 0.01778 0.00996 0.04334
v 0.02101 0.00972 0.04613
v 0.02108 0.00889 0.04580
v 0.02114 0.00792 0.04549
v 0.02119 0.00677 0.04521
v 0.01944 0.00714 0.04391
v 0.01941 0.00841 0.04416
v 0.01781 0.00874 0.04307
v 0.01069 0.00938 0.03981
v 0.01326 0.00926 0.04070
v 0.01066 0.01084 0.03999
v 0.01323 0.01065 0.04091
v 0.01565 0.01034 0.04210
v 0.01568 0.00903 0.04186
v 0.01062 0.01218 0.04028
v 0.01319 0.01192 0.04121
v 0.01560 0.01152 0.04241
v 0.02313 0.00296 0.04495
v 0.02317 0.00052 0.04466
v 0.02255 0.00055 0.04473
v 0.02253 0.00300 0.04502
v 0.02243 0.00658 0.04565
v 0.02300 0.00654 0.04558
v 0.02306 0.00522 0.04531
v 0.02248 0.00527 0.04537
v 0.02337 0.00651 0.04557
v 0.02344 0.00519 0.04530
v 0.02352 0.00293 0.04494
v 0.02358 0.00050 0.04465
v 0.02096 0.01526 0.05374
v 0.02130 0.01481 0.05253
v 0.02076 0.01465 0.05250
v 0.02043 0.01510 0.05371
v 0.02131 0.01535 0.05378
v 0.02165 0.01489 0.05257
v 0.02192 0.01445 0.05156
v 0.02214 0.01402 0.05072
v 0.02179 0.01395 0.05070
v 0.02157 0.01438 0.05153
v 0.02103 0.01423 0.05152
v 0.02125 0.01381 0.05070
v 0.02196 0.01351 0.04999
v 0.02142 0.01339 0.05000
v 0.02211 0.01307 0.04938
v 0.02156 0.01297 0.04940
v 0.02232 0.01357 0.05000
v 0.02247 0.01312 0.04938
v 0.02259 0.01267 0.04885
v 0.02270 0.01222 0.04838
v 0.02233 0.01219 0.04839
v 0.02223 0.01263 0.04885
v 0.02167 0.01254 0.04889
v 0.02177 0.01210 0.04844
v 0.02196 0.01120 0.04765
v 0.02252 0.01128 0.04760
v 0.02260 0.01076 0.04725
v 0.02204 0.01069 0.04729
v 0.02269 0.01017 0.04690
v 0.02213 0.01011 0.04695
v 0.02243 0.01174 0.04798
v 0.02187 0.01167 0.04803
v 0.02279 0.01178 0.04797
v 0.02288 0.01131 0.04760
v 0.02297 0.01080 0.04724
v 0.02305 0.01020 0.04690
v 0.02229 0.00864 0.04627
v 0.02285 0.00865 0.04622
v 0.02293 0.00768 0.04589
v 0.02237 0.00770 0.04595
v 0.02277 0.00947 0.04656
v 0.02221 0.00943 0.04661
v 0.02313 0.00949 0.04656
v 0.02322 0.00865 0.04621
v 0.02330 0.00766 0.04588
v 0.01937 0.00073 0.04335
v 0.02122 0.00062 0.04439
v 0.01943 0.00328 0.04348
v 0.01945 0.00570 0.04370
v 0.02122 0.00543 0.04495
v 0.02123 0.00311 0.04463
v 0.01825 0.01566 0.04968
v 0.02003 0.01425 0.05041
v 0.02020 0.01384 0.04970
v 0.01843 0.01525 0.04887
v 0.02034 0.01342 0.04908
v 0.01858 0.01481 0.04818
v 0.01872 0.01434 0.04758
v 0.02046 0.01299 0.04856
v 0.01802 0.01605 0.05062
v 0.01981 0.01465 0.05126
v 0.01776 0.01643 0.05175
v 0.01954 0.01505 0.05228
v 0.01744 0.01681 0.05309
v 0.01921 0.01548 0.05351
v 0.00816 0.00942 0.03921
v 0.00812 0.01092 0.03937
v 0.00807 0.01232 0.03965
v 0.00817 0.00272 0.03934
v 0.02356 0.00644 0.04583
v 0.02363 0.00512 0.04555
v 0.02372 0.00288 0.04520
v 0.02375 0.00289 0.04508
v 0.02366 0.00514 0.04544
v 0.02359 0.00646 0.04571
v 0.02378 0.00047 0.04491
v 0.02382 0.00048 0.04479
v 0.02375 0.00049 0.04470
v 0.02368 0.00291 0.04499
v 0.02353 0.00648 0.04563
v 0.02360 0.00516 0.04535
v 0.02184 0.01471 0.05270
v 0.02151 0.01516 0.05391
v 0.02187 0.01481 0.05266
v 0.02153 0.01526 0.05387
v 0.02233 0.01384 0.05087
v 0.02212 0.01428 0.05171
v 0.02236 0.01394 0.05082
v 0.02214 0.01437 0.05165
v 0.02229 0.01400 0.05076
v 0.02207 0.01443 0.05160
v 0.02180 0.01487 0.05261
v 0.02146 0.01533 0.05383
v 0.02251 0.01340 0.05016
v 0.02266 0.01296 0.04956
v 0.02269 0.01304 0.04948
v 0.02254 0.01349 0.05010
v 0.02288 0.01207 0.04858
v 0.02278 0.01251 0.04903
v 0.02292 0.01214 0.04849
v 0.02281 0.01259 0.04895
v 0.02285 0.01220 0.04842
v 0.02275 0.01264 0.04889
v 0.02262 0.01310 0.04942
v 0.02247 0.01355 0.05004
v 0.02298 0.01164 0.04818
v 0.02306 0.01118 0.04781
v 0.02310 0.01125 0.04772
v 0.02301 0.01170 0.04808
v 0.02323 0.01009 0.04714
v 0.02315 0.01068 0.04747
v 0.02326 0.01014 0.04703
v 0.02318 0.01074 0.04737
v 0.02320 0.01018 0.04695
v 0.02312 0.01078 0.04729
v 0.02303 0.01129 0.04764
v 0.02295 0.01175 0.04801
v 0.02331 0.00939 0.04680
v 0.02340 0.00856 0.04646
v 0.02343 0.00859 0.04635
v 0.02335 0.00943 0.04669
v 0.02348 0.00758 0.04613
v 0.02351 0.00761 0.04602
v 0.02345 0.00763 0.04593
v 0.02337 0.00862 0.04626
v 0.02328 0.00947 0.04661
v 0.02236 0.00990 0.04753
v 0.02228 0.01046 0.04786
v 0.02175 0.01040 0.04798
v 0.02184 0.00985 0.04766
v 0.02219 0.01095 0.04820
v 0.02167 0.01088 0.04832
v 0.02210 0.01139 0.04855
v 0.02201 0.01180 0.04892
v 0.02149 0.01174 0.04903
v 0.02158 0.01132 0.04867
v 0.02269 0.00644 0.04627
v 0.02262 0.00754 0.04656
v 0.02210 0.00755 0.04670
v 0.02217 0.00647 0.04641
v 0.02254 0.00847 0.04688
v 0.02202 0.00846 0.04701
v 0.02245 0.00925 0.04720
v 0.02193 0.00921 0.04733
v 0.02275 0.00515 0.04599
v 0.02222 0.00518 0.04614
v 0.02282 0.00291 0.04565
v 0.02227 0.00294 0.04579
v 0.02286 0.00048 0.04537
v 0.02230 0.00050 0.04552
v 0.02103 0.01430 0.05274
v 0.02070 0.01474 0.05393
v 0.02020 0.01459 0.05390
v 0.02053 0.01416 0.05272
v 0.02150 0.01347 0.05099
v 0.02129 0.01388 0.05178
v 0.02079 0.01375 0.05176
v 0.02099 0.01335 0.05100
v 0.02167 0.01306 0.05033
v 0.02116 0.01295 0.05037
v 0.02180 0.01264 0.04979
v 0.02129 0.01255 0.04985
v 0.02192 0.01222 0.04933
v 0.02139 0.01215 0.04941
v 0.02108 0.01220 0.04836
v 0.02117 0.01176 0.04794
v 0.02126 0.01129 0.04755
v 0.02143 0.01208 0.04845
v 0.02152 0.01164 0.04804
v 0.02161 0.01118 0.04766
v 0.02179 0.01009 0.04696
v 0.02170 0.01067 0.04731
v 0.02144 0.01018 0.04683
v 0.02135 0.01077 0.04718
v 0.02152 0.00951 0.04649
v 0.02160 0.00871 0.04615
v 0.02187 0.00943 0.04662
v 0.02195 0.00864 0.04629
v 0.02207 0.00661 0.04567
v 0.02202 0.00771 0.04597
v 0.02172 0.00666 0.04555
v 0.02166 0.00778 0.04584
v 0.02216 0.00056 0.04476
v 0.02215 0.00302 0.04504
v 0.02178 0.00058 0.04466
v 0.02178 0.00305 0.04493
v 0.02175 0.00534 0.04527
v 0.02212 0.00529 0.04539
v 0.02091 0.01375 0.05069
v 0.02070 0.01416 0.05150
v 0.02056 0.01388 0.05061
v 0.02035 0.01428 0.05143
v 0.02008 0.01469 0.05242
v 0.02043 0.01458 0.05249
v 0.01974 0.01513 0.05363
v 0.02009 0.01502 0.05369
v 0.02133 0.01250 0.04890
v 0.02098 0.01263 0.04881
v 0.02087 0.01305 0.04932
v 0.02122 0.01293 0.04941
v 0.02073 0.01347 0.04991
v 0.02108 0.01334 0.05000
v 0.00844 0.00679 0.03919
v 0.00833 0.00562 0.03924
v 0.02137 0.01044 0.04796
v 0.02146 0.00989 0.04763
v 0.02128 0.01093 0.04830
v 0.02110 0.01180 0.04901
v 0.02119 0.01138 0.04864
v 0.02171 0.00759 0.04668
v 0.02178 0.00651 0.04639
v 0.02164 0.00849 0.04698
v 0.02155 0.00925 0.04730
v 0.02183 0.00522 0.04613
v 0.02187 0.00297 0.04579
v 0.02189 0.00052 0.04553
v 0.01982 0.01462 0.05385
v 0.02015 0.01419 0.05266
v 0.02041 0.01379 0.05171
v 0.02061 0.01340 0.05095
v 0.02078 0.01300 0.05033
v 0.02090 0.01261 0.04982
v 0.02101 0.01221 0.04939
v 0.01326 0.01862 0.05423
v 0.01529 0.01774 0.05452
v 0.01489 0.01811 0.05645
v 0.01292 0.01896 0.05623
v 0.00848 0.02034 0.05585
v 0.00870 0.02004 0.05371
v 0.01102 0.01941 0.05395
v 0.01074 0.01972 0.05603
v 0.00630 0.02082 0.05570
v 0.00645 0.02055 0.05351
v 0.00441 0.02090 0.05335
v 0.00430 0.02115 0.05558
v 0.00105 0.02123 0.05311
v 0.00261 0.02111 0.05320
v 0.00259 0.02135 0.05546
v 0.00105 0.02146 0.05540
v 0.00536 0.02485 0.07401
v 0.00542 0.02430 0.07219
v 0.00711 0.02401 0.07220
v 0.00700 0.02458 0.07403
v 0.00377 0.02449 0.07219
v 0.00376 0.02503 0.07402
v 0.00237 0.02460 0.07221
v 0.00235 0.02514 0.07404
v 0.00101 0.02466 0.07221
v 0.00101 0.02521 0.07404
v 0.02097 0.01552 0.05541
v 0.02046 0.01604 0.05718
v 0.02026 0.01594 0.05718
v 0.02078 0.01542 0.05541
v 0.01511 0.02226 0.07393
v 0.01526 0.02238 0.07399
v 0.01444 0.02366 0.07626
v 0.01433 0.02355 0.07619
v 0.00255 0.02887 0.08123
v 0.00256 0.02912 0.08130
v 0.00104 0.02923 0.08131
v 0.00104 0.02897 0.08124
v 0.00436 0.02861 0.08118
v 0.00439 0.02885 0.08126
v 0.00839 0.02814 0.08105
v 0.00645 0.02852 0.08118
v 0.00640 0.02830 0.08111
v 0.00832 0.02793 0.08097
v 0.01707 0.01666 0.05483
v 0.01660 0.01711 0.05669
v 0.01882 0.01541 0.05519
v 0.01834 0.01592 0.05698
v 0.01776 0.01632 0.05688
v 0.01827 0.01580 0.05508
v 0.00381 0.02580 0.07677
v 0.00544 0.02560 0.07676
v 0.00556 0.02592 0.07782
v 0.00388 0.02612 0.07784
v 0.00573 0.02625 0.07887
v 0.00397 0.02646 0.07890
v 0.00741 0.02600 0.07882
v 0.00720 0.02567 0.07782
v 0.00704 0.02536 0.07678
v 0.00765 0.02635 0.07977
v 0.00591 0.02661 0.07986
v 0.00582 0.02643 0.07936
v 0.00753 0.02617 0.07929
v 0.00407 0.02683 0.07990
v 0.00402 0.02665 0.07940
v 0.00101 0.02601 0.07678
v 0.00236 0.02593 0.07679
v 0.00238 0.02626 0.07786
v 0.00101 0.02634 0.07786
v 0.00241 0.02661 0.07894
v 0.00101 0.02669 0.07894
v 0.00244 0.02699 0.07995
v 0.00243 0.02680 0.07944
v 0.00102 0.02707 0.07995
v 0.00102 0.02687 0.07944
v 0.00235 0.02555 0.07546
v 0.00101 0.02562 0.07546
v 0.00377 0.02542 0.07544
v 0.00536 0.02523 0.07544
v 0.00696 0.02498 0.07546
v 0.01107 0.02346 0.07441
v 0.01151 0.02265 0.07252
v 0.01258 0.02222 0.07282
v 0.01204 0.02318 0.07481
v 0.01330 0.02195 0.07312
v 0.01367 0.02183 0.07327
v 0.01301 0.02297 0.07538
v 0.01271 0.02303 0.07520
v 0.01052 0.02461 0.07715
v 0.01073 0.02410 0.07591
v 0.01162 0.02391 0.07630
v 0.01129 0.02447 0.07744
v 0.01250 0.02382 0.07687
v 0.01222 0.02385 0.07669
v 0.01204 0.02446 0.07790
v 0.01178 0.02442 0.07766
v 0.01045 0.02494 0.07794
v 0.01100 0.02482 0.07804
v 0.01078 0.02498 0.07825
v 0.01049 0.02514 0.07842
v 0.01166 0.02485 0.07848
v 0.01142 0.02481 0.07825
v 0.01120 0.02519 0.07889
v 0.01097 0.02507 0.07854
v 0.01064 0.02548 0.07918
v 0.01055 0.02532 0.07881
v 0.00968 0.02437 0.07568
v 0.00959 0.02483 0.07697
v 0.00844 0.02468 0.07553
v 0.00846 0.02509 0.07685
v 0.00855 0.02423 0.07408
v 0.00991 0.02383 0.07420
v 0.00988 0.02774 0.08085
v 0.00980 0.02755 0.08078
v 0.01073 0.02716 0.08051
v 0.01083 0.02734 0.08057
v 0.01143 0.02676 0.08017
v 0.01153 0.02692 0.08023
v 0.00964 0.02516 0.07788
v 0.00976 0.02546 0.07868
v 0.00995 0.02578 0.07942
v 0.00984 0.02560 0.07900
v 0.00903 0.02607 0.07962
v 0.00890 0.02589 0.07917
v 0.00859 0.02541 0.07783
v 0.00879 0.02573 0.07876
v 0.01023 0.02313 0.07235
v 0.00875 0.02361 0.07225
v 0.01379 0.02466 0.07775
v 0.01369 0.02454 0.07769
v 0.01319 0.02545 0.07872
v 0.01310 0.02532 0.07867
v 0.01270 0.02598 0.07930
v 0.01261 0.02584 0.07925
v 0.01214 0.02647 0.07979
v 0.01205 0.02631 0.07974
v 0.01509 0.01854 0.05636
v 0.01551 0.01814 0.05442
v 0.01347 0.01903 0.05414
v 0.01312 0.01939 0.05615
v 0.01119 0.01983 0.05386
v 0.00882 0.02049 0.05361
v 0.00861 0.02080 0.05575
v 0.01090 0.02016 0.05594
v 0.00654 0.02102 0.05340
v 0.00639 0.02130 0.05560
v 0.00448 0.02138 0.05324
v 0.00436 0.02165 0.05547
v 0.00265 0.02162 0.05308
v 0.00262 0.02186 0.05535
v 0.00106 0.02173 0.05300
v 0.00105 0.02198 0.05529
v 0.00723 0.02451 0.07208
v 0.00551 0.02480 0.07206
v 0.00545 0.02535 0.07388
v 0.00712 0.02507 0.07390
v 0.00383 0.02499 0.07206
v 0.00382 0.02553 0.07388
v 0.00240 0.02510 0.07207
v 0.00238 0.02565 0.07390
v 0.00102 0.02517 0.07207
v 0.00101 0.02572 0.07390
v 0.02038 0.01635 0.05704
v 0.02089 0.01583 0.05526
v 0.02054 0.01575 0.05521
v 0.02003 0.01628 0.05699
v 0.02002 0.01558 0.05518
v 0.01953 0.01612 0.05695
v 0.01415 0.02383 0.07587
v 0.01492 0.02257 0.07365
v 0.01454 0.02237 0.07345
v 0.01380 0.02360 0.07562
v 0.01437 0.02395 0.07605
v 0.01518 0.02267 0.07381
v 0.00254 0.02877 0.08075
v 0.00432 0.02853 0.08070
v 0.00423 0.02792 0.08039
v 0.00251 0.02813 0.08043
v 0.00103 0.02887 0.08076
v 0.00103 0.02821 0.08043
v 0.00104 0.02929 0.08101
v 0.00256 0.02918 0.08100
v 0.00438 0.02893 0.08093
v 0.00632 0.02825 0.08063
v 0.00643 0.02861 0.08086
v 0.00836 0.02824 0.08073
v 0.00821 0.02790 0.08051
v 0.00615 0.02768 0.08033
v 0.00798 0.02738 0.08022
v 0.01881 0.01593 0.05501
v 0.01707 0.01721 0.05468
v 0.01665 0.01763 0.05657
v 0.01825 0.01651 0.05680
v 0.00739 0.02631 0.07826
v 0.00571 0.02656 0.07829
v 0.00589 0.02692 0.07940
v 0.00762 0.02666 0.07932
v 0.00715 0.02583 0.07663
v 0.00552 0.02608 0.07660
v 0.00562 0.02637 0.07762
v 0.00728 0.02612 0.07761
v 0.00398 0.02677 0.07831
v 0.00393 0.02657 0.07762
v 0.00387 0.02628 0.07660
v 0.00408 0.02713 0.07944
v 0.00245 0.02729 0.07947
v 0.00242 0.02692 0.07833
v 0.00239 0.02642 0.07662
v 0.00241 0.02671 0.07764
v 0.00102 0.02699 0.07833
v 0.00102 0.02679 0.07764
v 0.00101 0.02650 0.07662
v 0.00102 0.02736 0.07948
v 0.00383 0.02592 0.07530
v 0.00238 0.02605 0.07532
v 0.00101 0.02613 0.07532
v 0.00545 0.02573 0.07530
v 0.00709 0.02547 0.07533
v 0.01266 0.02272 0.07263
v 0.01170 0.02312 0.07240
v 0.01126 0.02393 0.07428
v 0.01209 0.02366 0.07457
v 0.01300 0.02343 0.07508
v 0.01361 0.02233 0.07301
v 0.01248 0.02426 0.07654
v 0.01166 0.02438 0.07604
v 0.01090 0.02456 0.07575
v 0.01067 0.02506 0.07696
v 0.01132 0.02493 0.07716
v 0.01201 0.02488 0.07755
v 0.01067 0.02583 0.07876
v 0.01122 0.02555 0.07849
v 0.01090 0.02539 0.07796
v 0.01057 0.02556 0.07813
v 0.01113 0.02524 0.07779
v 0.01165 0.02525 0.07811
v 0.01058 0.02538 0.07771
v 0.00871 0.02472 0.07396
v 0.00859 0.02517 0.07540
v 0.00986 0.02484 0.07555
v 0.01009 0.02431 0.07408
v 0.00975 0.02529 0.07680
v 0.00860 0.02556 0.07669
v 0.01061 0.02718 0.08007
v 0.01132 0.02681 0.07974
v 0.01105 0.02642 0.07947
v 0.01034 0.02675 0.07979
v 0.00967 0.02755 0.08033
v 0.00940 0.02707 0.08005
v 0.00985 0.02784 0.08054
v 0.01080 0.02745 0.08027
v 0.01150 0.02705 0.07993
v 0.00901 0.02639 0.07919
v 0.00879 0.02604 0.07822
v 0.00996 0.02611 0.07899
v 0.00981 0.02579 0.07818
v 0.00975 0.02560 0.07766
v 0.00869 0.02585 0.07763
v 0.01042 0.02360 0.07224
v 0.00891 0.02410 0.07213
v 0.01295 0.02552 0.07828
v 0.01353 0.02478 0.07733
v 0.01322 0.02452 0.07708
v 0.01267 0.02522 0.07805
v 0.01313 0.02568 0.07846
v 0.01372 0.02492 0.07752
v 0.01193 0.02641 0.07932
v 0.01165 0.02606 0.07907
v 0.01210 0.02662 0.07951
v 0.01265 0.02618 0.07902
v 0.01248 0.02599 0.07884
v 0.01220 0.02566 0.07861
v 0.02109 0.01564 0.05538
v 0.02058 0.01616 0.05716
v 0.02111 0.01574 0.05534
v 0.02060 0.01627 0.05712
v 0.02104 0.01581 0.05530
v 0.02053 0.01633 0.05708
v 0.01534 0.02251 0.07399
v 0.01451 0.02379 0.07627
v 0.01535 0.02261 0.07396
v 0.01452 0.02389 0.07623
v 0.01530 0.02267 0.07390
v 0.01447 0.02395 0.07616
v 0.00257 0.02929 0.08128
v 0.00104 0.02940 0.08130
v 0.00257 0.02934 0.08124
v 0.00104 0.02945 0.08125
v 0.00441 0.02903 0.08126
v 0.00442 0.02911 0.08120
v 0.00441 0.02907 0.08108
v 0.00256 0.02931 0.08114
v 0.00104 0.02942 0.08115
v 0.00649 0.02870 0.08118
v 0.00649 0.02877 0.08112
v 0.00845 0.02837 0.08098
v 0.00844 0.02830 0.08104
v 0.00647 0.02874 0.08100
v 0.00842 0.02835 0.08087
v 0.00994 0.02790 0.08084
v 0.01089 0.02749 0.08057
v 0.01091 0.02755 0.08050
v 0.00996 0.02796 0.08078
v 0.01159 0.02706 0.08022
v 0.01161 0.02713 0.08016
v 0.01158 0.02712 0.08006
v 0.01087 0.02754 0.08040
v 0.00992 0.02795 0.08068
v 0.01385 0.02479 0.07775
v 0.01325 0.02559 0.07871
v 0.01386 0.02488 0.07771
v 0.01325 0.02567 0.07866
v 0.01381 0.02493 0.07762
v 0.01321 0.02571 0.07857
v 0.01220 0.02660 0.07978
v 0.01221 0.02667 0.07972
v 0.01276 0.02612 0.07928
v 0.01277 0.02620 0.07923
v 0.01273 0.02622 0.07913
v 0.01218 0.02668 0.07963
v 0.02029 0.01521 0.05538
v 0.01979 0.01574 0.05715
v 0.01930 0.01561 0.05711
v 0.01979 0.01507 0.05535
v 0.01438 0.02184 0.07360
v 0.01476 0.02203 0.07377
v 0.01401 0.02329 0.07600
v 0.01367 0.02308 0.07579
v 0.00252 0.02824 0.08098
v 0.00103 0.02833 0.08099
v 0.00103 0.02774 0.08070
v 0.00248 0.02766 0.08069
v 0.00427 0.02801 0.08093
v 0.00419 0.02746 0.08065
v 0.00626 0.02774 0.08087
v 0.00612 0.02721 0.08060
v 0.00812 0.02741 0.08075
v 0.00793 0.02692 0.08049
v 0.01341 0.02426 0.07750
v 0.01311 0.02401 0.07729
v 0.01285 0.02501 0.07850
v 0.01258 0.02472 0.07830
v 0.01237 0.02550 0.07908
v 0.01211 0.02518 0.07888
v 0.01180 0.02594 0.07957
v 0.01156 0.02559 0.07935
v 0.01119 0.02635 0.07998
v 0.01095 0.02596 0.07975
v 0.00956 0.02707 0.08057
v 0.00934 0.02661 0.08032
v 0.01049 0.02672 0.08031
v 0.01025 0.02629 0.08006
v 0.01968 0.01550 0.05515
v 0.01918 0.01606 0.05693
v 0.01933 0.01560 0.05510
v 0.01883 0.01615 0.05689
v 0.01399 0.02224 0.07318
v 0.01331 0.02341 0.07529
v 0.01426 0.02226 0.07332
v 0.01356 0.02346 0.07546
v 0.00417 0.02757 0.08018
v 0.00249 0.02776 0.08022
v 0.00413 0.02734 0.07990
v 0.00247 0.02751 0.07995
v 0.00102 0.02758 0.07995
v 0.00103 0.02783 0.08022
v 0.00773 0.02686 0.07976
v 0.00598 0.02713 0.07986
v 0.00606 0.02734 0.08013
v 0.00784 0.02707 0.08003
v 0.01277 0.02428 0.07675
v 0.01226 0.02493 0.07774
v 0.01300 0.02436 0.07691
v 0.01246 0.02504 0.07789
v 0.01077 0.02600 0.07906
v 0.01134 0.02568 0.07872
v 0.01088 0.02617 0.07928
v 0.01148 0.02583 0.07890
v 0.01201 0.02546 0.07845
v 0.01184 0.02533 0.07829
v 0.01017 0.02649 0.07960
v 0.01006 0.02629 0.07936
v 0.00913 0.02658 0.07960
v 0.00924 0.02678 0.07986
v 0.01891 0.01563 0.05707
v 0.01942 0.01509 0.05530
v 0.01340 0.02298 0.07562
v 0.01407 0.02178 0.07346
v 0.00102 0.02739 0.08045
v 0.00246 0.02731 0.08045
v 0.00414 0.02713 0.08040
v 0.00603 0.02690 0.08035
v 0.00780 0.02663 0.08025
v 0.01286 0.02388 0.07711
v 0.01235 0.02457 0.07814
v 0.01191 0.02499 0.07871
v 0.01138 0.02537 0.07916
v 0.01079 0.02572 0.07953
v 0.00919 0.02634 0.08008
v 0.01010 0.02603 0.07983
v 0.01445 0.01851 0.05863
v 0.01401 0.01895 0.06080
v 0.01219 0.01972 0.06067
v 0.01254 0.01932 0.05846
v 0.01357 0.01945 0.06299
v 0.01314 0.02000 0.06511
v 0.01148 0.02069 0.06501
v 0.01183 0.02017 0.06288
v 0.00786 0.02135 0.06272
v 0.00806 0.02096 0.06046
v 0.01016 0.02040 0.06056
v 0.00989 0.02083 0.06279
v 0.00963 0.02131 0.06494
v 0.00768 0.02180 0.06489
v 0.00827 0.02063 0.05817
v 0.01045 0.02004 0.05830
v 0.00616 0.02107 0.05805
v 0.00602 0.02137 0.06039
v 0.00588 0.02173 0.06267
v 0.00577 0.02216 0.06485
v 0.00410 0.02165 0.06032
v 0.00419 0.02138 0.05796
v 0.00394 0.02239 0.06483
v 0.00401 0.02198 0.06263
v 0.00257 0.02155 0.05788
v 0.00253 0.02180 0.06027
v 0.00104 0.02190 0.06024
v 0.00104 0.02166 0.05784
v 0.00246 0.02252 0.06482
v 0.00249 0.02212 0.06260
v 0.00103 0.02259 0.06481
v 0.00103 0.02221 0.06258
v 0.00550 0.02376 0.07049
v 0.00380 0.02395 0.07048
v 0.00384 0.02340 0.06872
v 0.00558 0.02320 0.06873
v 0.00737 0.02288 0.06875
v 0.00724 0.02345 0.07050
v 0.00240 0.02406 0.07050
v 0.00102 0.02413 0.07049
v 0.00102 0.02358 0.06872
v 0.00242 0.02351 0.06873
v 0.00244 0.02299 0.06685
v 0.00102 0.02306 0.06684
v 0.00389 0.02287 0.06685
v 0.00567 0.02266 0.06686
v 0.00752 0.02232 0.06688
v 0.01985 0.01662 0.05925
v 0.01923 0.01723 0.06136
v 0.01902 0.01712 0.06135
v 0.01964 0.01651 0.05925
v 0.01857 0.01793 0.06354
v 0.01791 0.01869 0.06572
v 0.01771 0.01858 0.06570
v 0.01837 0.01782 0.06353
v 0.01725 0.01953 0.06783
v 0.01659 0.02043 0.06990
v 0.01641 0.02031 0.06986
v 0.01706 0.01941 0.06780
v 0.01593 0.02140 0.07194
v 0.01575 0.02128 0.07190
v 0.01557 0.01810 0.06096
v 0.01505 0.01866 0.06312
v 0.01453 0.01929 0.06524
v 0.01607 0.01759 0.05882
v 0.01778 0.01648 0.05906
v 0.01720 0.01707 0.06116
v 0.01663 0.01743 0.06109
v 0.01718 0.01687 0.05897
v 0.01660 0.01774 0.06331
v 0.01599 0.01846 0.06544
v 0.01547 0.01874 0.06537
v 0.01605 0.01806 0.06325
v 0.01190 0.02196 0.07077
v 0.01052 0.02250 0.07063
v 0.01083 0.02186 0.06886
v 0.01230 0.02127 0.06898
v 0.01271 0.02061 0.06710
v 0.01115 0.02125 0.06699
v 0.00917 0.02243 0.06879
v 0.00895 0.02303 0.07054
v 0.00939 0.02185 0.06693
v 0.01402 0.01996 0.06725
v 0.01353 0.02068 0.06916
v 0.01539 0.01922 0.06748
v 0.01481 0.02005 0.06945
v 0.01436 0.02026 0.06934
v 0.01491 0.01948 0.06739
v 0.01424 0.02094 0.07137
v 0.01382 0.02111 0.07124
v 0.01304 0.02146 0.07101
v 0.00799 0.02184 0.06262
v 0.00781 0.02230 0.06478
v 0.00979 0.02179 0.06484
v 0.01005 0.02130 0.06270
v 0.01033 0.02087 0.06047
v 0.00819 0.02144 0.06036
v 0.01202 0.02064 0.06279
v 0.01238 0.02017 0.06059
v 0.01167 0.02116 0.06492
v 0.01274 0.01976 0.05837
v 0.01061 0.02050 0.05821
v 0.00840 0.02110 0.05807
v 0.01376 0.01992 0.06290
v 0.01420 0.01941 0.06071
v 0.01332 0.02048 0.06501
v 0.01463 0.01896 0.05854
v 0.00597 0.02223 0.06257
v 0.00611 0.02186 0.06028
v 0.00416 0.02215 0.06022
v 0.00408 0.02249 0.06253
v 0.00400 0.02290 0.06472
v 0.00586 0.02266 0.06474
v 0.00625 0.02156 0.05795
v 0.00425 0.02188 0.05786
v 0.00256 0.02232 0.06016
v 0.00252 0.02264 0.06250
v 0.00249 0.02303 0.06470
v 0.00260 0.02207 0.05778
v 0.00105 0.02217 0.05773
v 0.00104 0.02242 0.06013
v 0.00104 0.02272 0.06247
v 0.00103 0.02311 0.06469
v 0.00559 0.02426 0.07036
v 0.00736 0.02395 0.07038
v 0.00750 0.02337 0.06863
v 0.00567 0.02370 0.06861
v 0.00390 0.02391 0.06860
v 0.00385 0.02446 0.07035
v 0.00245 0.02402 0.06860
v 0.00243 0.02457 0.07036
v 0.00102 0.02409 0.06860
v 0.00102 0.02464 0.07036
v 0.00395 0.02338 0.06673
v 0.00247 0.02350 0.06673
v 0.00103 0.02357 0.06672
v 0.00575 0.02316 0.06674
v 0.00764 0.02282 0.06677
v 0.01816 0.01817 0.06335
v 0.01881 0.01747 0.06118
v 0.01834 0.01735 0.06113
v 0.01771 0.01804 0.06329
v 0.01706 0.01880 0.06544
v 0.01751 0.01893 0.06551
v 0.01942 0.01685 0.05907
v 0.01895 0.01672 0.05903
v 0.01849 0.01823 0.06341
v 0.01914 0.01754 0.06123
v 0.01782 0.01900 0.06558
v 0.01976 0.01692 0.05912
v 0.01556 0.02160 0.07165
v 0.01621 0.02064 0.06964
v 0.01580 0.02049 0.06952
v 0.01517 0.02143 0.07149
v 0.01686 0.01976 0.06760
v 0.01643 0.01961 0.06750
v 0.01584 0.02169 0.07178
v 0.01651 0.02073 0.06974
v 0.01716 0.01983 0.06769
v 0.01617 0.01809 0.05870
v 0.01567 0.01861 0.06085
v 0.01705 0.01771 0.06100
v 0.01762 0.01712 0.05888
v 0.01463 0.01980 0.06513
v 0.01515 0.01918 0.06301
v 0.01646 0.01836 0.06315
v 0.01586 0.01907 0.06527
v 0.00933 0.02291 0.06868
v 0.00955 0.02233 0.06682
v 0.01134 0.02173 0.06690
v 0.01103 0.02234 0.06876
v 0.00911 0.02351 0.07043
v 0.01071 0.02298 0.07052
v 0.01208 0.02244 0.07066
v 0.01249 0.02174 0.06887
v 0.01290 0.02109 0.06700
v 0.01413 0.02149 0.07113
v 0.01470 0.02062 0.06923
v 0.01363 0.02119 0.06902
v 0.01315 0.02196 0.07085
v 0.01527 0.01982 0.06729
v 0.01413 0.02047 0.06712
v 0.01934 0.01735 0.06134
v 0.01868 0.01804 0.06353
v 0.01801 0.01881 0.06571
v 0.01996 0.01674 0.05923
v 0.01998 0.01684 0.05920
v 0.01936 0.01745 0.06131
v 0.01870 0.01814 0.06349
v 0.01803 0.01891 0.06568
v 0.01930 0.01752 0.06127
v 0.01992 0.01691 0.05916
v 0.01797 0.01898 0.06563
v 0.01864 0.01821 0.06345
v 0.01669 0.02055 0.06989
v 0.01601 0.02152 0.07195
v 0.01735 0.01964 0.06782
v 0.01737 0.01975 0.06779
v 0.01670 0.02065 0.06986
v 0.01603 0.02162 0.07192
v 0.01664 0.02072 0.06981
v 0.01731 0.01981 0.06774
v 0.01597 0.02169 0.07186
v 0.01794 0.01765 0.06349
v 0.01729 0.01841 0.06565
v 0.01685 0.01828 0.06558
v 0.01749 0.01752 0.06343
v 0.01812 0.01683 0.06128
v 0.01858 0.01695 0.06132
v 0.01919 0.01633 0.05922
v 0.01872 0.01621 0.05918
v 0.01539 0.02107 0.07177
v 0.01499 0.02090 0.07164
v 0.01561 0.01996 0.06965
v 0.01602 0.02011 0.06976
v 0.01666 0.01923 0.06773
v 0.01622 0.01909 0.06764
v 0.01824 0.01675 0.05896
v 0.01764 0.01737 0.06106
v 0.01799 0.01729 0.06110
v 0.01860 0.01666 0.05900
v 0.01639 0.01880 0.06534
v 0.01702 0.01806 0.06321
v 0.01736 0.01798 0.06325
v 0.01672 0.01874 0.06539
v 0.01578 0.01958 0.06738
v 0.01518 0.02043 0.06935
v 0.01548 0.02040 0.06943
v 0.01610 0.01954 0.06744
v 0.01458 0.02133 0.07127
v 0.01487 0.02133 0.07138
v 0.01647 0.01828 0.06552
v 0.01710 0.01753 0.06338
v 0.01772 0.01685 0.06123
v 0.01832 0.01623 0.05913
v 0.01465 0.02085 0.07152
v 0.01525 0.01993 0.06956
v 0.01585 0.01907 0.06757
v 0.01221 -0.00853 0.04136
v 0.01124 -0.00828 0.04116
v 0.00995 -0.00835 0.04100
v 0.01211 -0.01338 0.04225
v 0.00815 -0.01188 0.04147
v 0.00899 -0.00894 0.04096
v 0.00833 -0.00977 0.04104
v 0.00802 -0.01085 0.04124
v 0.00577 0.00367 0.03896
v 0.00444 0.00397 0.03885
v 0.00775 0.00466 0.03919
v 0.00687 0.00395 0.03909
v 0.00802 0.00787 0.03913
v 0.00735 0.00865 0.03908
v 0.00639 0.00915 0.03895
# 3794 verticies
vt 2.36400 1.74950
vt 2.36400 2.01550
vt 2.14200 2.01550
vt 2.14200 1.74950
vt 2.36450 2.28500
vt 2.14450 2.28500
vt 1.91650 2.01500
vt 1.91600 1.74900
vt 1.91450 2.28450
vt 1.67100 2.01400
vt 1.67050 1.74850
vt 1.67200 2.28350
vt 1.42150 2.28150
vt 1.42200 2.01200
vt 1.42250 1.74700
vt 0.95350 1.74200
vt 0.94700 2.00450
vt 0.73900 2.00100
vt 0.74850 1.74250
vt 0.93900 2.27300
vt 0.72850 2.26650
vt 1.17650 2.00900
vt 1.17950 1.74450
vt 1.17250 2.27800
vt 1.91700 1.05200
vt 2.13550 1.04850
vt 2.14000 1.25150
vt 1.91600 1.25300
vt 2.13050 0.87100
vt 1.91850 0.87750
vt 2.36200 1.04700
vt 2.36350 1.25100
vt 2.36100 0.86750
vt 0.44500 1.17050
vt 0.50650 1.16100
vt 0.47450 1.32750
vt 0.40800 1.33850
vt 0.55300 1.01800
vt 0.49600 1.02300
vt 0.59550 1.30550
vt 0.62050 1.13900
vt 0.79200 1.11000
vt 0.77250 1.28050
vt 0.65850 0.99950
vt 0.82300 0.97000
vt 0.14100 1.74350
vt 0.13200 1.98900
vt 0.10550 1.98800
vt 0.11350 1.74150
vt 0.12500 2.24300
vt 0.10100 2.24250
vt 0.19000 1.11500
vt 0.22600 1.12550
vt 0.18400 1.30700
vt 0.15250 1.30050
vt 0.28100 0.96100
vt 0.24100 0.94500
vt 0.55400 1.99900
vt 0.56500 1.74750
vt 0.54050 2.25900
vt 0.43550 1.75350
vt 0.42400 1.99850
vt 0.35350 1.99800
vt 0.36550 1.75650
vt 0.41000 2.25300
vt 0.34500 2.24950
vt 1.42350 1.49050
vt 1.18350 1.48950
vt 1.19200 1.26050
vt 1.42700 1.25800
vt 0.96150 1.49050
vt 0.97450 1.26650
vt 0.75900 1.49700
vt 2.14150 1.49000
vt 2.36400 1.49000
vt 1.91550 1.49000
vt 0.38250 1.53550
vt 0.45150 1.52750
vt 0.57800 1.51250
vt 0.12800 1.51100
vt 0.15700 1.51450
vt 1.67200 1.05800
vt 1.67050 1.25500
vt 1.67450 0.88800
vt 1.43500 1.06500
vt 1.44550 0.90150
vt 1.67000 1.49050
vt 1.21000 1.07350
vt 1.23200 0.91700
vt 0.99650 1.08700
vt 1.02600 0.93850
vt 3.08850 2.01000
vt 2.86050 2.01050
vt 2.86050 1.77500
vt 3.08850 1.77450
vt 2.85850 2.27950
vt 3.09100 2.27950
vt 2.63600 2.27900
vt 2.63650 2.01000
vt 2.63650 1.77500
vt 3.33650 2.00950
vt 3.33600 2.27950
vt 3.33700 1.77450
vt 3.58600 1.73350
vt 3.58800 2.00850
vt 3.59000 2.27850
vt 4.27500 2.00050
vt 4.06900 2.00300
vt 4.06050 1.74000
vt 4.26350 1.74100
vt 4.07850 2.27200
vt 4.28850 2.26700
vt 3.83350 1.73850
vt 3.83700 2.00650
vt 3.84250 2.27600
vt 2.86100 1.23600
vt 2.63650 1.23550
vt 2.63800 1.02700
vt 2.86650 1.02850
vt 3.07600 1.03250
vt 3.07450 1.23750
vt 4.18300 1.09250
vt 4.33800 1.11950
vt 4.38750 1.29600
vt 4.22500 1.27250
vt 4.27800 0.97150
vt 4.13200 0.94350
vt 4.49800 1.15950
vt 4.55000 1.33100
vt 4.43400 1.01100
vt 4.88500 1.99550
vt 4.84150 1.99800
vt 4.83100 1.75800
vt 4.87700 1.75500
vt 4.84900 2.24750
vt 4.89150 2.24600
vt 4.78750 2.24900
vt 4.78050 1.99950
vt 4.76750 1.76000
vt 4.71600 1.34550
vt 4.67250 1.17200
vt 4.74500 1.15800
vt 4.78650 1.33800
vt 4.61550 1.01550
vt 4.69050 0.99150
vt 4.79850 1.14250
vt 4.83700 1.32800
vt 4.74600 0.96900
vt 4.43550 1.74650
vt 4.44950 2.00000
vt 4.45950 2.26100
vt 4.62100 2.00050
vt 4.60650 1.75600
vt 4.64050 2.25400
vt 4.24900 1.49350
vt 4.05100 1.48750
vt 4.03450 1.26050
vt 3.82000 1.52950
vt 3.87750 1.43350
vt 2.86050 1.47750
vt 3.09000 1.47800
vt 2.63650 1.47750
vt 4.41750 1.50850
vt 4.58450 1.53150
vt 4.81400 1.53850
vt 4.74700 1.54200
vt 4.86200 1.53250
vt 3.84800 1.21000
vt 4.00350 1.07400
vt 3.87750 1.32050
vt 3.96600 0.91900
vt 3.01200 0.96100
vt 3.01100 0.94650
vt 3.25700 0.92500
vt 3.25850 0.94050
vt 0.08600 2.24300
vt 0.09100 1.98900
vt 3.00900 0.93400
vt 3.25350 0.91250
vt 2.75700 0.96700
vt 2.75650 0.95500
vt 4.89800 1.75050
vt 4.90500 1.99350
vt 4.91000 2.24450
vt 2.75550 0.94600
vt 3.00650 0.92550
vt 3.24950 0.90450
vt 3.69750 0.88250
vt 3.88550 0.86800
vt 3.88500 0.88700
vt 3.69950 0.90050
vt 0.17150 1.11450
vt 0.22150 0.94050
vt 3.88000 0.85450
vt 3.69100 0.86950
vt 4.05950 0.85550
vt 4.05600 0.84200
vt 4.82350 1.13000
vt 4.86050 1.31850
vt 4.77350 0.95400
vt 4.83300 1.12000
vt 4.86900 1.30900
vt 4.78300 0.94400
vt 3.48900 0.91900
vt 3.48700 0.90250
vt 3.48150 0.89000
vt 4.88400 1.52550
vt 4.89200 1.51850
vt 4.90550 1.74650
vt 0.28500 1.14450
vt 0.34700 1.16350
vt 0.30600 1.33650
vt 0.24400 1.32150
vt 0.40100 1.00850
vt 0.33900 0.98500
vt 0.25550 1.75450
vt 0.24350 1.99500
vt 0.18650 1.99150
vt 0.19700 1.74850
vt 0.23650 2.24550
vt 0.18050 2.24400
vt 0.21550 1.52400
vt 0.27600 1.53450
vt 4.56700 1.17450
vt 4.62050 1.34450
vt 4.50200 1.02500
vt 4.66600 1.34800
vt 4.61750 1.17800
vt 4.55700 1.02600
vt 4.73600 2.00000
vt 4.72200 1.76050
vt 4.74600 2.25000
vt 4.69400 2.00050
vt 4.67900 1.76000
vt 4.70550 2.25150
vt 4.65600 1.54050
vt 4.69950 1.54300
vt 2.50000 1.74950
vt 2.50000 2.01550
vt 2.50000 2.28500
vt 2.50000 1.04700
vt 2.50000 1.25100
vt 2.50000 1.48950
vt 2.50000 2.01000
vt 2.50000 1.77450
vt 2.50000 1.23550
vt 2.50000 1.02700
vt 2.50000 1.47700
vt 0.39650 1.17200
vt 0.35500 1.34250
vt 0.45050 1.02100
vt 0.29100 1.99700
vt 0.28100 2.24700
vt 0.30400 1.75750
vt 0.32450 1.53850
vt 2.36050 0.70350
vt 2.12950 0.70850
vt 2.12950 0.55800
vt 2.36050 0.55100
vt 1.91950 0.71850
vt 1.92150 0.57250
vt 0.56300 0.88900
vt 0.61850 0.88850
vt 0.69750 0.77050
vt 0.64450 0.76500
vt 0.71650 0.87450
vt 0.78700 0.76150
vt 1.45800 -0.21800
vt 1.67950 -0.28300
vt 1.68850 -0.22350
vt 1.47300 -0.16000
vt 1.91950 -0.33350
vt 1.92400 -0.27350
vt 2.12900 -0.36600
vt 2.13050 -0.30600
vt 2.36050 -0.38300
vt 2.36050 -0.32300
vt 0.34800 0.80400
vt 0.30550 0.78200
vt 0.38900 0.62300
vt 0.43150 0.65150
vt 2.36050 0.40800
vt 2.13050 0.41700
vt 2.13150 0.30050
vt 2.36050 0.28950
vt 2.13300 0.17100
vt 2.36100 0.15800
vt 1.92750 0.32250
vt 1.93250 0.19700
vt 1.92450 0.43550
vt 2.13550 0.00950
vt 2.13450 0.08300
vt 1.93550 0.11150
vt 1.93750 0.03950
vt 2.36100 0.06850
vt 2.36100 -0.00600
vt 1.71700 0.08000
vt 1.71400 0.14950
vt 1.51850 0.19800
vt 1.52200 0.13100
vt 1.70750 0.23300
vt 1.51000 0.27900
vt 1.69750 0.35500
vt 1.49450 0.39550
vt 1.48150 0.49850
vt 1.69050 0.46350
vt 1.68350 0.59500
vt 1.46800 0.62300
vt 1.67850 0.73500
vt 1.45650 0.75600
vt 0.76250 0.17200
vt 0.91400 0.05400
vt 0.94600 0.10350
vt 0.79900 0.21850
vt 1.07650 -0.04800
vt 1.10300 0.00450
vt 1.27800 -0.08350
vt 1.25750 -0.13850
vt 0.53750 0.50100
vt 0.49550 0.46600
vt 0.60300 0.33150
vt 0.64300 0.37200
vt 1.32050 0.44350
vt 1.34100 0.33450
vt 1.16850 0.49550
vt 1.19750 0.39500
vt 1.13800 0.58350
vt 1.30100 0.53900
vt 1.27800 0.65500
vt 1.10050 0.69100
vt 1.06200 0.80800
vt 1.25500 0.77900
vt 0.98550 0.62900
vt 1.03350 0.54600
vt 0.92800 0.73100
vt 1.07850 0.45550
vt 0.93400 0.57700
vt 1.00150 0.50150
vt 0.86450 0.65850
vt 0.87100 0.84400
vt 1.35000 0.25700
vt 1.35150 0.19250
vt 1.20650 0.32300
vt 1.20350 0.26300
vt 1.07450 0.34100
vt 1.08450 0.39300
vt 0.97850 0.46950
vt 0.95600 0.43000
vt 0.73900 0.64700
vt 0.78550 0.66150
vt 0.86750 0.57200
vt 0.82900 0.54800
vt 2.64000 0.69900
vt 2.87250 0.70350
vt 2.87200 0.84050
vt 2.63950 0.83750
vt 2.87200 0.55550
vt 2.64000 0.54900
vt 3.08500 0.84750
vt 3.08350 0.71350
vt 3.08200 0.57000
vt 4.21550 0.84600
vt 4.08050 0.81650
vt 4.03000 0.70950
vt 4.15200 0.73850
vt 3.92800 0.78800
vt 3.89100 0.67650
vt 4.36400 0.87950
vt 4.28700 0.76200
vt 3.07400 -0.23050
vt 3.30750 -0.18000
vt 3.29350 -0.07850
vt 3.06750 -0.12850
vt 3.51950 -0.11550
vt 3.49650 -0.01500
vt 3.08000 -0.31350
vt 3.31900 -0.26200
vt 3.53900 -0.19650
vt 2.86650 -0.16100
vt 2.86900 -0.26400
vt 2.63900 -0.17700
vt 2.63950 -0.28050
vt 2.87100 -0.34800
vt 2.63950 -0.36450
vt 4.62300 0.83300
vt 4.54600 0.86900
vt 4.46100 0.72950
vt 4.53850 0.68150
vt 4.68000 0.80200
vt 4.59650 0.64100
vt 3.07950 0.44100
vt 2.87150 0.42250
vt 2.87050 0.31650
vt 3.07650 0.33850
vt 2.63950 0.41400
vt 2.63950 0.30650
vt 2.63950 0.18750
vt 2.86900 0.19950
vt 3.07250 0.22450
vt 2.86700 0.08350
vt 3.06700 0.11150
vt 2.63900 0.07000
vt 3.29950 0.26000
vt 3.30900 0.37000
vt 3.31500 0.46850
vt 3.32150 0.59150
vt 3.52500 0.50250
vt 3.51400 0.41050
vt 3.53800 0.61750
vt 3.49900 0.30550
vt 3.29000 0.15000
vt 3.48600 0.19900
vt 3.32650 0.72850
vt 3.33000 0.85150
vt 3.55050 0.74400
vt 3.56200 0.86350
vt 3.83600 0.14100
vt 3.67650 0.05800
vt 3.71000 -0.03900
vt 3.88050 0.04850
vt 4.03300 0.14600
vt 3.97850 0.23450
vt 4.17600 0.25800
vt 4.11200 0.34100
vt 3.91600 -0.02600
vt 4.07650 0.07500
vt 4.22600 0.19250
vt 3.73750 -0.11700
vt 4.32850 0.40800
vt 4.25700 0.47950
vt 4.35800 0.59450
vt 4.43300 0.53350
vt 4.38350 0.35000
vt 4.49000 0.48400
vt 3.80350 0.41700
vt 3.91050 0.47100
vt 3.94350 0.55000
vt 3.82900 0.50500
vt 3.85700 0.58000
vt 3.98200 0.61900
vt 4.08800 0.64750
vt 4.03400 0.57700
vt 3.98200 0.50600
vt 3.70550 0.54050
vt 3.72800 0.64550
vt 3.68700 0.45650
vt 3.66700 0.35950
vt 3.75100 0.76250
vt 3.77550 0.89700
vt 3.65350 0.25700
vt 3.79450 0.32200
vt 3.91250 0.39050
vt 4.01550 0.46500
vt 4.12250 0.56650
vt 4.20150 0.65450
vt 3.47850 1.08900
vt 3.37750 1.16150
vt 3.59300 1.06200
vt 1.91950 0.74350
vt 1.67950 0.75100
vt 1.67450 0.71900
vt 1.91700 0.71100
vt 1.45800 0.75950
vt 1.45050 0.72850
vt 1.44850 0.71100
vt 1.67350 0.70150
vt 1.91650 0.69300
vt 3.32450 -0.30500
vt 3.54850 -0.23800
vt 3.08250 -0.35650
vt 3.08350 -0.37150
vt 3.32650 -0.32000
vt 3.55150 -0.25350
vt 2.12850 0.70150
vt 2.12900 0.73400
vt 2.36050 0.69800
vt 2.36050 0.73050
vt 2.12850 0.68750
vt 2.36050 0.68400
vt 2.87200 -0.39150
vt 2.64000 -0.40850
vt 2.87150 -0.40100
vt 2.63950 -0.41850
vt 4.22650 0.84200
vt 4.22550 0.82850
vt 4.39050 0.81350
vt 4.38950 0.82750
vt 0.28550 0.77350
vt 0.36850 0.61050
vt 4.70900 0.78400
vt 4.62550 0.61900
vt 4.71900 0.77450
vt 4.63600 0.60950
vt 0.89800 0.02950
vt 1.06300 -0.07350
vt 0.74450 0.15000
vt 0.74050 0.76400
vt 0.89450 0.75250
vt 0.89800 0.76850
vt 0.74450 0.77950
vt 1.06000 0.73950
vt 1.06300 0.75550
vt 1.24650 -0.16650
vt 1.45050 -0.24700
vt 1.24650 0.74150
vt 1.24400 0.72450
vt 3.75150 -0.15750
vt 3.93400 -0.06450
vt 3.75600 -0.17250
vt 3.94000 -0.07900
vt 4.09800 0.03850
vt 4.25050 0.15850
vt 4.10550 0.02500
vt 4.25950 0.14600
vt 0.58350 0.31250
vt 0.47550 0.45000
vt 0.58350 0.79700
vt 0.57900 0.78200
vt 4.55250 0.79700
vt 4.55000 0.81200
vt 4.68750 0.79700
vt 4.69100 0.78200
vt 4.51850 0.45800
vt 4.41100 0.32050
vt 4.42100 0.30900
vt 4.52900 0.44750
vt 0.46850 0.86500
vt 0.40600 0.83450
vt 0.49000 0.69000
vt 0.55250 0.72900
vt 1.93500 -0.10700
vt 1.92950 -0.19450
vt 2.13250 -0.22700
vt 2.13450 -0.13900
vt 2.36100 -0.24350
vt 2.36100 -0.15500
vt 0.65450 0.59650
vt 0.59450 0.54850
vt 0.69750 0.42700
vt 0.75450 0.48300
vt 4.48550 0.88700
vt 4.40150 0.75650
vt 4.42950 0.89050
vt 4.34750 0.76700
vt 3.28650 0.00900
vt 3.06450 -0.03900
vt 3.48400 0.06900
vt 3.28600 0.08600
vt 3.48150 0.13950
vt 3.06450 0.04300
vt 2.86600 0.01300
vt 2.86550 -0.07100
vt 2.63900 -0.00150
vt 2.63900 -0.08650
vt 3.65750 0.13800
vt 3.80950 0.21500
vt 3.65050 0.20250
vt 3.79600 0.27300
vt 3.92250 0.34950
vt 4.03800 0.43650
vt 3.94350 0.30050
vt 4.06850 0.39800
vt 4.20500 0.52550
vt 4.30150 0.63150
vt 4.25300 0.65000
vt 4.16300 0.55200
vt 2.50000 0.70400
vt 2.50000 0.86800
vt 2.50000 -0.38200
vt 2.50000 -0.32100
vt 2.50000 0.40900
vt 2.50000 0.55200
vt 2.50000 0.15950
vt 2.50000 0.29100
vt 2.50000 -0.00350
vt 2.50000 0.07100
vt 2.50000 0.69950
vt 2.50000 0.54950
vt 2.50000 0.83800
vt 2.50000 -0.17550
vt 2.50000 -0.27850
vt 2.50000 -0.36250
vt 2.50000 0.41500
vt 2.50000 0.30750
vt 2.50000 0.18900
vt 2.50000 0.07150
vt 2.50000 0.73200
vt 2.50000 -0.41150
vt 2.50000 -0.08450
vt 2.50000 0.00000
vt 1.70000 -0.14550
vt 1.49200 -0.08400
vt 1.71150 -0.06000
vt 1.51050 -0.00050
vt 0.98850 0.17050
vt 0.84800 0.28100
vt 1.03150 0.24100
vt 0.89800 0.34600
vt 1.13850 0.07450
vt 1.17300 0.14900
vt 1.30550 -0.01050
vt 1.33200 0.06900
vt 0.51850 0.88250
vt 0.60100 0.75250
vt 1.71700 0.01350
vt 1.52000 0.06850
vt 1.93750 -0.03050
vt 2.13550 -0.06150
vt 2.36100 -0.07750
vt 1.05850 0.29450
vt 0.93200 0.39250
vt 1.19400 0.20900
vt 1.34650 0.13400
vt 0.70000 0.62750
vt 0.79600 0.52100
vt 2.50000 -0.24200
vt 2.50000 -0.15350
vt 2.50000 -0.07500
vt 2.36450 2.80950
vt 2.36450 3.06150
vt 2.14400 3.06450
vt 2.14500 2.81100
vt 2.36450 3.22350
vt 2.14450 3.22700
vt 2.36500 2.55000
vt 2.14650 2.55050
vt 1.91050 2.81350
vt 1.91150 2.55050
vt 1.90950 3.06900
vt 1.91050 3.23350
vt 1.42050 2.54950
vt 1.67300 2.55050
vt 0.93100 2.54000
vt 0.71850 2.53200
vt 1.16850 2.54600
vt 0.71150 3.03900
vt 0.92600 3.05450
vt 0.92650 3.21050
vt 0.71250 3.18850
vt 0.92750 2.80200
vt 0.71350 2.79100
vt 1.16700 3.22750
vt 1.16600 3.06650
vt 1.42050 3.07250
vt 1.42150 3.23600
vt 1.16650 2.81050
vt 1.42000 2.81500
vt 0.98350 1.07700
vt 0.99650 1.13850
vt 0.78600 1.22550
vt 0.77350 1.17150
vt 1.01050 1.20450
vt 0.79950 1.28450
vt 0.81550 1.35150
vt 1.02700 1.27900
vt 1.04550 1.36750
vt 0.83400 1.43250
vt 1.28150 1.30500
vt 1.26350 1.20900
vt 1.51500 1.14950
vt 1.53050 1.25200
vt 1.24800 1.12700
vt 1.50050 1.06200
vt 1.48750 0.98400
vt 1.23400 1.05450
vt 1.22150 0.98550
vt 1.47550 0.91000
vt 1.06700 1.47500
vt 0.85600 1.53100
vt 1.09150 1.60250
vt 0.88150 1.64950
vt 1.11900 1.75350
vt 0.91100 1.79100
vt 1.58800 1.68600
vt 1.34900 1.71750
vt 1.32450 1.55800
vt 1.56750 1.51950
vt 1.54850 1.37500
vt 1.30200 1.42100
vt 1.74000 0.92900
vt 1.75100 1.01050
vt 1.72900 0.85250
vt 1.76300 1.10200
vt 1.77600 1.20950
vt 1.98150 0.97300
vt 1.99050 1.06700
vt 2.00000 1.17750
vt 1.96350 0.81250
vt 1.97300 0.89000
vt 2.01000 1.30900
vt 1.79000 1.33750
vt 2.02050 1.46350
vt 1.80500 1.48750
vt 1.82050 1.66050
vt 2.03100 1.64050
vt 2.37700 1.13300
vt 2.37750 1.26900
vt 2.20800 1.28300
vt 2.20250 1.14850
vt 2.37850 1.42800
vt 2.21300 1.44050
vt 2.21800 1.62100
vt 2.37950 1.61050
vt 2.37250 0.76550
vt 2.37400 0.84250
vt 2.18750 0.85900
vt 2.18200 0.78150
vt 2.37500 0.92550
vt 2.19300 0.94250
vt 2.19800 1.03700
vt 2.37600 1.02050
vt 2.37000 4.04250
vt 2.37100 4.14100
vt 2.17550 4.13700
vt 2.16950 4.04050
vt 2.37250 4.22750
vt 2.18200 4.22150
vt 2.36700 3.80850
vt 2.36850 3.93100
vt 2.16300 3.93200
vt 2.15750 3.81100
vt 1.93650 3.92900
vt 1.92850 3.81200
vt 1.94500 4.03400
vt 1.95450 4.12650
vt 1.96350 4.20700
vt 1.92200 3.68250
vt 2.15250 3.67900
vt 2.14900 3.53650
vt 1.91650 3.54150
vt 2.36550 3.53200
vt 2.36600 3.67500
vt 2.36500 3.38100
vt 2.14600 3.38500
vt 1.91250 3.39150
vt 1.71850 4.10450
vt 1.70900 4.01650
vt 1.71850 0.77450
vt 1.95450 0.73500
vt 1.70000 3.91700
vt 1.69200 3.80450
vt 1.45500 3.98400
vt 1.44600 3.89050
vt 1.43850 3.78400
vt 1.46450 0.83450
vt 1.46450 4.06600
vt 3.47300 1.23050
vt 3.50150 1.18900
vt 3.56450 1.22500
vt 3.53200 1.26500
vt 3.62000 1.26250
vt 3.58450 1.30050
vt 3.63200 1.33750
vt 3.67050 1.30200
vt 3.71650 1.34300
vt 3.67600 1.37600
vt 3.80450 1.27100
vt 3.75300 1.22500
vt 3.85650 1.11800
vt 3.91400 1.17150
vt 3.69700 1.18050
vt 3.79300 1.06550
vt 0.74100 3.72150
vt 0.56200 3.63400
vt 0.55300 3.56300
vt 0.73250 3.64000
vt 3.63400 1.13800
vt 3.72150 1.01700
vt 0.76150 1.11800
vt 0.97200 1.01450
vt 0.96150 3.87000
vt 0.97200 3.94000
vt 0.76150 3.85650
vt 0.75100 3.79300
vt 1.21000 0.91550
vt 1.21000 4.01200
vt 1.20000 3.93600
vt 1.19100 3.84900
vt 1.18350 3.75000
vt 0.95200 3.79000
vt 0.94450 3.69950
vt 0.35050 3.12050
vt 0.40700 3.13250
vt 0.41200 3.24800
vt 0.35650 3.23200
vt 0.41850 3.34650
vt 0.36400 3.32600
vt 3.40550 1.19700
vt 3.43000 1.15500
vt 0.42650 3.43000
vt 0.37200 3.40550
vt 0.54500 3.48250
vt 0.72550 3.54750
vt 0.53800 3.38950
vt 0.71950 3.44200
vt 0.71500 3.32300
vt 0.53250 3.28250
vt 0.52850 3.15850
vt 0.93750 3.59700
vt 0.93250 3.48150
vt 1.17750 3.63850
vt 1.43250 3.66500
vt 1.17300 3.51350
vt 1.42750 3.53300
vt 1.42400 3.39000
vt 1.16950 3.37650
vt 0.92900 3.35300
vt 0.11700 2.96800
vt 0.13800 2.96850
vt 0.14450 3.10000
vt 0.12400 3.09950
vt 0.10900 2.74200
vt 0.13000 2.74300
vt 0.10300 2.49850
vt 0.12450 2.49900
vt 0.24700 1.59600
vt 0.26700 1.59850
vt 0.28850 1.68000
vt 0.26900 1.67900
vt 0.31550 1.77950
vt 0.29600 1.77850
vt 0.34900 1.90000
vt 0.33000 1.90000
vt 0.19300 3.66050
vt 0.21350 3.65450
vt 0.22350 3.69750
vt 0.20300 3.70450
vt 0.23500 3.74100
vt 0.21500 3.74850
vt 0.22950 1.52550
vt 0.24950 1.52950
vt 0.21500 1.46550
vt 0.23500 1.47100
vt 0.18350 3.61750
vt 0.20400 3.61150
vt 0.17500 3.57200
vt 0.19550 3.56650
vt 0.15800 3.46350
vt 0.17850 3.45900
vt 0.18700 3.51700
vt 0.16650 3.52200
vt 0.14900 3.39400
vt 0.16950 3.39050
vt 0.14050 3.31100
vt 0.16100 3.30900
vt 0.15250 3.21300
vt 0.13200 3.21350
vt 0.40200 2.51250
vt 0.34300 2.50850
vt 0.53000 2.52150
vt 0.34650 2.98750
vt 0.40350 2.99700
vt 0.34350 2.75750
vt 0.40100 2.76350
vt 0.52650 3.01650
vt 0.52700 2.77650
vt 3.96600 1.22550
vt 3.85250 1.31750
vt 0.61650 1.36900
vt 0.60400 1.31750
vt 3.76100 1.38500
vt 3.71900 1.41600
vt 3.80350 1.43200
vt 3.76000 1.46050
vt 0.45150 1.51350
vt 0.50850 1.48700
vt 0.52550 1.55400
vt 0.46850 1.57750
vt 3.84450 1.48700
vt 3.80050 1.51350
vt 0.64950 1.50200
vt 0.63150 1.42950
vt 0.72850 1.83150
vt 0.69700 1.70000
vt 0.67100 1.59100
vt 0.54650 1.63600
vt 0.48950 1.65700
vt 0.57300 1.73800
vt 0.51550 1.75550
vt 0.60500 1.86300
vt 0.54850 1.87700
vt 1.68500 3.67900
vt 1.68000 3.54200
vt 1.67600 3.39400
vt 1.67350 3.23700
vt 1.67250 2.81550
vt 1.67250 3.07250
vt 3.09600 2.72450
vt 2.85800 2.72200
vt 2.85700 2.54600
vt 3.09500 2.54700
vt 2.63650 2.97750
vt 2.63600 2.72050
vt 2.84050 2.96300
vt 2.63600 2.54500
vt 2.80150 3.06750
vt 2.81000 3.17850
vt 2.63650 3.22650
vt 3.33600 2.54800
vt 3.59200 2.54750
vt 3.84800 2.54500
vt 4.08800 2.54000
vt 4.30150 2.53350
vt 3.85100 2.81200
vt 3.59350 2.81500
vt 4.09350 2.80450
vt 3.59600 3.07100
vt 3.85250 3.07050
vt 3.85200 3.23350
vt 3.59350 3.24100
vt 4.09600 3.05900
vt 4.09600 3.21700
vt 4.31150 3.04450
vt 4.31150 3.19650
vt 4.30850 2.79450
vt 3.50000 1.11850
vt 3.75550 1.17900
vt 3.73700 1.28300
vt 3.48350 1.22900
vt 3.99650 1.25000
vt 3.97700 1.34600
vt 3.77200 1.08800
vt 4.01300 1.16650
vt 3.51450 1.02200
vt 4.20950 1.32250
vt 4.19050 1.41050
vt 4.22600 1.24600
vt 4.24050 1.17900
vt 4.02800 1.09150
vt 4.04100 1.02200
vt 4.25350 1.11700
vt 3.79950 0.92900
vt 3.78650 1.00650
vt 3.52800 0.93450
vt 3.54050 0.85200
vt 3.90250 1.74300
vt 3.66850 1.70650
vt 3.69350 1.54500
vt 3.93000 1.59000
vt 3.42500 1.67450
vt 3.44550 1.50550
vt 4.11150 1.78000
vt 4.14200 1.63650
vt 4.16800 1.51400
vt 3.95500 1.45850
vt 3.71600 1.40450
vt 3.46550 1.35750
vt 3.00750 1.15300
vt 3.01700 1.03450
vt 3.24750 1.07000
vt 3.23400 1.18550
vt 3.02600 0.93100
vt 3.26000 0.96950
vt 3.27150 0.87850
vt 3.28250 0.79300
vt 3.03550 0.83850
vt 3.04450 0.75250
vt 3.18900 1.64800
vt 3.20450 1.47300
vt 3.22000 1.31950
vt 2.98650 1.44850
vt 2.99700 1.29050
vt 2.97600 1.62750
vt 2.78550 1.60800
vt 2.79100 1.42500
vt 2.79600 1.26350
vt 2.80100 1.12350
vt 2.62200 1.41200
vt 2.62300 1.24900
vt 2.62400 1.10750
vt 2.62100 1.59700
vt 2.80600 1.00350
vt 2.81150 0.89950
vt 2.81650 0.80650
vt 2.82250 0.72050
vt 2.62600 0.88200
vt 2.62700 0.78900
vt 2.62850 0.70350
vt 2.62500 0.98650
vt 3.07250 3.95050
vt 2.84150 3.95250
vt 2.84700 3.82900
vt 3.08050 3.83050
vt 2.83550 4.06450
vt 3.06350 4.05850
vt 2.63100 4.06550
vt 2.63250 3.95150
vt 2.63350 3.82550
vt 2.62850 4.25700
vt 2.62950 4.16750
vt 2.82900 4.16400
vt 2.82250 4.25100
vt 3.05400 4.15400
vt 3.04450 4.23750
vt 2.63550 3.54200
vt 2.63600 3.38700
vt 2.85800 3.39250
vt 2.85600 3.54650
vt 2.63450 3.68850
vt 2.85200 3.69300
vt 3.08700 3.69700
vt 3.09200 3.55250
vt 3.09600 3.39850
vt 2.86450 3.27850
vt 2.94050 3.34700
vt 3.04300 3.38300
vt 3.57800 3.80350
vt 3.57050 3.91250
vt 3.31250 3.93900
vt 3.32050 3.82300
vt 3.56150 4.00950
vt 3.30350 4.04200
vt 3.05400 0.66800
vt 3.29350 0.70900
vt 3.29350 4.13250
vt 3.55150 4.09450
vt 3.55150 0.77000
vt 1.11600 1.05750
vt 1.20550 1.15050
vt 1.15200 1.20300
vt 1.05700 1.11700
vt 1.26450 1.10100
vt 1.18150 1.00100
vt 1.28250 1.30900
vt 1.32900 1.26500
vt 1.37900 1.22350
vt 1.43450 1.18450
vt 1.33050 1.05550
vt 1.40550 1.01350
vt 1.49650 1.14750
vt 4.45300 3.59450
vt 4.44450 3.66950
vt 4.28600 3.74450
vt 4.29400 3.66000
vt 1.25550 0.94900
vt 3.83750 3.76950
vt 3.83000 3.87150
vt 3.82150 3.96100
vt 4.07300 3.81300
vt 4.06350 3.89500
vt 4.08050 3.71950
vt 3.81100 0.85250
vt 4.05300 0.95350
vt 3.82150 0.78000
vt 4.06350 0.88900
vt 3.81100 4.04000
vt 4.26500 1.05750
vt 4.27600 1.00100
vt 4.27600 3.81850
vt 4.30100 3.56450
vt 4.46050 3.50950
vt 4.46650 3.41200
vt 4.30600 3.45600
vt 1.49050 0.97550
vt 1.56800 1.11250
vt 4.63250 3.43200
vt 4.63950 3.34850
vt 4.64550 3.25050
vt 4.47050 3.30000
vt 4.47350 3.17200
vt 4.65050 3.13500
vt 4.30950 3.33350
vt 3.85050 3.38550
vt 3.59200 3.39800
vt 3.84750 3.52600
vt 3.58850 3.54500
vt 4.09450 3.36250
vt 4.09150 3.49450
vt 3.58400 3.68050
vt 3.84350 3.65400
vt 4.08700 3.61350
vt 4.84550 2.75050
vt 4.78500 2.75400
vt 4.78700 2.50700
vt 4.85000 2.50450
vt 4.77550 3.11550
vt 4.78000 2.98300
vt 4.83900 2.97850
vt 4.83250 3.11150
vt 4.87750 2.97500
vt 4.87050 3.10850
vt 4.88550 2.74750
vt 4.89150 2.50250
vt 4.62700 1.88000
vt 4.57300 1.87650
vt 4.60700 1.75500
vt 4.66100 1.75750
vt 4.66250 1.88400
vt 4.69650 1.76100
vt 4.72400 1.66000
vt 4.68850 1.65700
vt 4.71050 1.57300
vt 4.74650 1.57500
vt 4.63450 1.65550
vt 4.65600 1.57300
vt 4.67350 1.50250
vt 4.72850 1.50100
vt 4.68750 1.44250
vt 4.74300 1.43950
vt 4.76450 1.50250
vt 4.77950 1.44000
vt 4.79200 1.38600
vt 4.75500 1.38650
vt 4.76550 1.34000
vt 4.80250 1.33950
vt 4.69900 1.39050
vt 4.75500 3.72550
vt 4.69900 3.71600
vt 4.70900 3.67250
vt 4.76550 3.68050
vt 4.72750 3.58150
vt 4.73650 3.53000
vt 4.79250 3.53750
vt 4.78400 3.58950
vt 4.74500 3.47150
vt 4.80100 3.47750
vt 4.71850 3.62850
vt 4.77500 3.63600
vt 4.81200 3.63950
vt 4.80250 3.68400
vt 4.82100 3.59250
vt 4.82950 3.54050
vt 4.83800 3.48050
vt 4.76150 3.32300
vt 4.76900 3.22800
vt 4.82550 3.22650
vt 4.81800 3.32400
vt 4.75350 3.40350
vt 4.80950 3.40700
vt 4.84650 3.40850
vt 4.85450 3.32400
vt 4.86300 3.22400
vt 4.46700 2.52550
vt 4.65300 2.51400
vt 4.47250 2.78300
vt 4.47450 3.02650
vt 4.65300 2.99900
vt 4.65450 2.76550
vt 4.35350 1.47000
vt 4.37200 1.38850
vt 4.55100 1.47200
vt 4.53350 1.54400
vt 1.15250 1.47200
vt 1.01050 1.38850
vt 1.05450 1.31900
vt 1.19450 1.41000
vt 1.23800 1.35650
vt 1.10200 1.25850
vt 4.41300 1.20300
vt 4.40100 1.25850
vt 4.38750 1.31900
vt 4.51150 1.62950
vt 4.33100 1.56500
vt 4.48450 1.73200
vt 4.30400 1.67900
vt 4.27250 1.81400
vt 4.45100 1.85650
vt 3.33600 3.40150
vt 3.33250 3.55300
vt 3.32750 3.69400
vt 3.33700 2.72650
vt 0.11050 3.10100
vt 0.10350 2.96850
vt 0.09450 2.74250
vt 2.25750 1.01850
vt 2.03150 1.05400
vt 2.03000 1.04250
vt 2.25650 1.00650
vt 1.89900 1.08150
vt 1.89700 1.07000
vt 0.08800 2.49900
vt 2.50100 0.98900
vt 2.50000 0.97700
vt 4.90800 2.50150
vt 4.90200 2.74550
vt 2.25450 0.99750
vt 2.49850 0.96800
vt 4.89300 2.97250
vt 4.88600 3.10600
vt 1.89400 1.06150
vt 2.02750 1.03350
vt 1.03150 1.90000
vt 1.01900 1.89700
vt 1.06450 1.77500
vt 1.07650 1.77850
vt 1.00900 1.89300
vt 1.05450 1.77050
vt 1.12000 1.67900
vt 1.10850 1.67450
vt 1.15200 1.59050
vt 1.16300 1.59600
vt 1.09900 1.66900
vt 1.14300 1.58500
vt 4.76150 1.57950
vt 4.73900 1.66400
vt 4.71150 1.76550
vt 1.04800 1.76550
vt 1.09250 1.66400
vt 1.13650 1.57950
vt 4.68450 1.89300
vt 4.67750 1.88800
vt 4.71850 1.77050
vt 1.19650 1.51900
vt 1.20700 1.52550
vt 1.24150 1.45750
vt 1.25150 1.46550
vt 1.18800 1.51250
vt 1.23300 1.45000
vt 1.29550 1.41400
vt 1.28650 1.40500
vt 1.33100 1.35900
vt 1.33950 1.36950
vt 1.27850 1.39650
vt 1.32350 1.35050
vt 4.81750 1.34350
vt 4.80700 1.39000
vt 4.79450 1.44400
vt 1.22750 1.44400
vt 1.27300 1.39000
vt 1.31850 1.34350
vt 4.77950 1.50650
vt 1.18150 1.50650
vt 1.37450 1.31900
vt 1.38250 1.32950
vt 1.42050 1.28200
vt 1.42800 1.29350
vt 1.36800 1.30900
vt 1.41400 1.27200
vt 1.47800 1.25950
vt 1.47150 1.24750
vt 1.53050 1.21400
vt 1.53650 1.22600
vt 1.46550 1.23750
vt 1.52500 1.20350
vt 4.85300 3.47850
vt 4.84450 3.53900
vt 4.83600 3.59050
vt 1.40950 1.26450
vt 1.46100 1.22950
vt 1.52150 1.19500
vt 4.81200 1.29750
vt 4.82750 1.30200
vt 1.36250 1.30200
vt 4.82750 3.63750
vt 1.60150 1.17950
vt 1.60600 1.19200
vt 1.68500 1.14550
vt 1.68900 1.15800
vt 1.59700 1.16850
vt 1.68150 1.13450
vt 0.11850 3.21600
vt 1.78400 1.11250
vt 1.78100 1.10100
vt 0.12700 3.31500
vt 4.87800 3.22200
vt 4.87000 3.32150
vt 1.67850 1.12550
vt 1.77800 1.09250
vt 4.86150 3.40650
vt 1.59350 1.16050
vt 0.23150 3.45050
vt 0.28400 3.44500
vt 0.29300 3.50050
vt 0.24000 3.50700
vt 0.30200 3.54950
vt 0.24900 3.55600
vt 0.25800 3.60050
vt 0.31100 3.59350
vt 0.32000 3.63550
vt 0.26700 3.64250
vt 0.19800 3.10150
vt 0.25100 3.10400
vt 0.25800 3.21350
vt 0.20550 3.21250
vt 0.26600 3.30450
vt 0.21400 3.30600
vt 0.22250 3.38450
vt 0.27500 3.38100
vt 0.19200 2.97100
vt 0.24600 2.97450
vt 0.18550 2.74500
vt 0.24050 2.74800
vt 0.18150 2.50050
vt 0.23750 2.50250
vt 0.36600 1.77900
vt 0.41650 1.77650
vt 0.45000 1.89550
vt 0.39950 1.89850
vt 0.31850 1.60200
vt 0.36950 1.60300
vt 0.39050 1.68050
vt 0.33950 1.68150
vt 0.30150 1.53600
vt 0.35300 1.53950
vt 0.28800 1.48100
vt 0.34000 1.48750
vt 0.32950 3.67650
vt 0.27650 3.68450
vt 0.27650 1.43450
vt 0.32950 1.44350
vt 1.36250 1.29450
vt 1.31750 1.33650
vt 1.41000 1.25500
vt 4.67400 3.66950
vt 4.68350 3.62600
vt 4.69250 3.57900
vt 4.64850 3.63750
vt 4.65800 3.59000
vt 4.64850 1.29450
vt 4.68350 1.30500
vt 4.67400 1.34650
vt 4.63900 1.33650
vt 4.70150 3.52750
vt 4.71050 3.46950
vt 4.66700 3.53750
vt 4.67550 3.47850
vt 1.52150 1.18250
vt 1.46250 1.21800
vt 4.68400 3.41050
vt 4.62450 3.50350
vt 4.69150 3.33050
vt 4.71850 3.40250
vt 4.72650 3.32350
vt 4.73350 3.22950
vt 4.73950 3.11800
vt 4.69800 3.23600
vt 4.70350 3.12350
vt 4.74700 2.75650
vt 4.74800 2.50850
vt 4.70950 2.76000
vt 4.70950 2.51050
vt 4.70700 2.99050
vt 4.74350 2.98600
vt 4.60050 1.65400
vt 4.62200 1.57200
vt 4.56500 1.64650
vt 4.58700 1.56400
vt 4.57350 1.75300
vt 4.53800 1.74650
vt 4.50400 1.86850
vt 4.53950 1.87400
vt 4.66400 1.39200
vt 4.70900 1.34500
vt 4.62900 1.38250
vt 4.65300 1.44300
vt 4.61750 1.43400
vt 1.27450 1.38250
vt 4.57650 1.35650
vt 4.56500 1.41000
vt 4.60400 1.49350
vt 4.63900 1.50250
vt 3.36450 3.13650
vt 3.35300 3.01800
vt 2.50000 3.06200
vt 2.50000 3.22400
vt 2.50000 2.80950
vt 2.50000 2.55000
vt 2.50000 1.13450
vt 2.50000 1.27050
vt 2.50000 1.42950
vt 2.50000 1.61200
vt 2.50000 0.76600
vt 2.50000 0.84300
vt 2.50000 0.92650
vt 2.50000 1.02200
vt 2.50000 4.14250
vt 2.50000 4.22900
vt 2.50000 4.04350
vt 2.50000 3.81000
vt 2.50000 3.93250
vt 2.50000 3.67600
vt 2.50000 3.53300
vt 2.50000 3.38200
vt 2.50000 2.72050
vt 2.50000 2.54500
vt 2.50000 2.97800
vt 2.50000 3.22750
vt 2.50000 2.27900
vt 2.50000 1.10900
vt 2.50000 1.41400
vt 2.50000 1.59850
vt 2.50000 0.79000
vt 2.50000 0.70450
vt 2.50000 0.88300
vt 2.50000 0.98800
vt 2.50000 3.95300
vt 2.50000 3.82700
vt 2.50000 4.06700
vt 2.50000 4.25800
vt 2.50000 4.16850
vt 2.50000 3.38800
vt 2.50000 3.54300
vt 2.50000 3.69000
vt 0.28800 3.72650
vt 0.32250 3.44900
vt 0.33150 3.50500
vt 0.34050 3.55450
vt 0.34950 3.59950
vt 0.35850 3.64150
vt 0.29050 3.10850
vt 0.29700 3.21750
vt 0.30500 3.30850
vt 0.31350 3.38450
vt 0.28550 2.97800
vt 0.28100 2.75100
vt 0.27900 2.50400
vt 0.45500 1.77100
vt 0.48800 1.89050
vt 0.40750 1.59800
vt 0.42850 1.67500
vt 0.39150 1.53550
vt 0.37850 1.48400
vt 0.36800 3.68250
vt 0.36800 1.44050
vt 0.39000 3.53200
vt 0.38100 3.47300
vt 0.39900 3.58450
vt 0.41800 1.37600
vt 0.35850 1.40250
vt 0.34950 1.36600
vt 0.40850 1.33750
vt 3.59950 1.36600
vt 3.55450 1.33050
vt 0.43850 1.46050
vt 0.42750 1.41600
vt 3.56300 1.09900
vt 3.48250 1.06350
vt 3.89750 1.36900
vt 3.93950 1.42950
vt 1.14950 1.92900
vt 1.18400 2.13100
vt 0.98500 2.15300
vt 0.94500 1.95800
vt 1.63100 2.09250
vt 1.40400 2.11050
vt 1.37550 1.90100
vt 1.60950 1.87700
vt 1.85150 2.07700
vt 1.83650 1.85650
vt 2.04150 1.84050
vt 2.05350 2.06500
vt 2.38050 1.81650
vt 2.38100 2.04700
vt 2.22550 2.05350
vt 2.22300 1.82500
vt 1.94600 3.92400
vt 1.78100 3.92550
vt 1.76950 3.74150
vt 1.94000 3.74000
vt 2.10600 3.74050
vt 2.10700 3.92450
vt 2.24750 3.74200
vt 2.25000 3.92650
vt 2.38450 3.74200
vt 2.38500 3.92650
vt 0.37200 2.04800
vt 0.39100 2.04750
vt 0.44350 2.22600
vt 0.42350 2.22650
vt 0.96300 3.91550
vt 1.04200 4.14350
vt 1.03000 4.15000
vt 0.94800 3.92150
vt 2.22950 5.36350
vt 2.38200 5.37350
vt 2.38200 5.39950
vt 2.22850 5.38900
vt 2.04700 5.33700
vt 2.04400 5.36100
vt 1.64050 5.28950
vt 1.64800 5.26850
vt 1.84150 5.30550
vt 1.83600 5.32850
vt 0.81250 2.17750
vt 0.76550 1.99000
vt 0.58850 2.02600
vt 0.64450 2.01450
vt 0.69550 2.19650
vt 0.63700 2.20650
vt 2.10250 4.20150
vt 2.09550 4.31000
vt 1.92600 4.30850
vt 1.93850 4.20100
vt 2.08600 4.41700
vt 1.90900 4.41400
vt 1.73950 4.40900
vt 1.76100 4.30800
vt 1.77650 4.20350
vt 1.71550 4.50400
vt 1.72750 4.45550
vt 1.90000 4.46350
vt 1.89050 4.51300
vt 2.08100 4.46750
vt 2.07600 4.51800
vt 2.38500 4.20350
vt 2.38450 4.31250
vt 2.24650 4.31250
vt 2.24850 4.20350
vt 2.38450 4.42050
vt 2.24350 4.42050
vt 2.24200 4.47150
vt 2.24050 4.52250
vt 2.38400 4.47150
vt 2.38400 4.52250
vt 2.38500 4.07000
vt 2.25000 4.07000
vt 2.10700 4.06800
vt 1.94650 4.06750
vt 1.78450 4.07050
vt 1.37050 3.96450
vt 1.27200 4.00400
vt 1.21800 3.80350
vt 1.32600 3.77350
vt 1.14500 3.83350
vt 1.20550 4.04350
vt 1.17450 4.06150
vt 1.10850 3.84950
vt 1.42600 4.24000
vt 1.34850 4.26900
vt 1.31500 4.15500
vt 1.40450 4.11500
vt 1.25400 4.19400
vt 1.22600 4.21150
vt 1.29800 4.29150
vt 1.27250 4.31650
vt 1.43250 4.32050
vt 1.37750 4.33000
vt 1.42900 4.36800
vt 1.39950 4.35150
vt 1.33500 4.35150
vt 1.31050 4.37450
vt 1.35700 4.41550
vt 1.38050 4.38050
vt 1.41350 4.44500
vt 1.42250 4.40800
vt 1.51000 4.09200
vt 1.51900 4.22250
vt 1.63350 4.21000
vt 1.63600 4.07750
vt 1.62450 3.93100
vt 1.48750 3.94350
vt 1.49000 5.24950
vt 1.49900 5.23000
vt 1.40400 5.19100
vt 1.39450 5.20900
vt 1.33350 5.15000
vt 1.32400 5.16700
vt 1.51500 4.31350
vt 1.50200 4.39450
vt 1.49400 4.42750
vt 1.48350 4.46950
vt 1.57650 4.49000
vt 1.58900 4.44400
vt 1.62050 4.30950
vt 1.60000 4.40300
vt 1.45500 3.75600
vt 1.60400 3.74600
vt 1.10600 4.29450
vt 1.09600 4.30050
vt 1.10600 4.92650
vt 1.16550 5.00550
vt 1.15600 5.01900
vt 1.09600 4.93850
vt 1.21500 5.05750
vt 1.20550 5.07200
vt 1.26250 5.12100
vt 1.27150 5.10550
vt 4.03550 2.14400
vt 3.83600 2.12250
vt 3.87150 1.91950
vt 4.07750 1.94850
vt 3.64150 1.89100
vt 3.61300 2.10100
vt 3.38150 2.08250
vt 3.40350 1.86650
vt 3.15800 2.06650
vt 3.17300 1.84550
vt 2.95300 2.05400
vt 2.96500 1.82950
vt 2.77800 2.04250
vt 2.78050 1.81350
vt 2.61950 2.03600
vt 2.62000 1.80450
vt 3.24300 3.72900
vt 3.23150 3.91250
vt 3.06300 3.91050
vt 3.06900 3.72700
vt 2.89900 3.91050
vt 2.90000 3.72650
vt 2.75300 3.91200
vt 2.75550 3.72800
vt 2.61550 3.91200
vt 2.61600 3.72800
vt 4.56800 2.21200
vt 4.53350 2.20750
vt 4.58500 2.02850
vt 4.62050 2.03250
vt 4.48300 2.20350
vt 4.53200 2.02450
vt 3.94000 4.11150
vt 3.90500 4.08650
vt 3.97950 3.86750
vt 4.01800 3.88800
vt 3.96250 4.12950
vt 4.04400 3.90300
vt 2.76950 5.35350
vt 2.76600 5.28850
vt 2.93950 5.26750
vt 2.94900 5.32950
vt 2.61750 5.36300
vt 2.61700 5.29650
vt 2.61800 5.40550
vt 2.77150 5.39450
vt 2.95550 5.36950
vt 3.15050 5.30050
vt 3.34100 5.26550
vt 3.35650 5.29950
vt 3.16150 5.33750
vt 3.13400 5.24300
vt 3.31750 5.21300
vt 4.41050 2.00800
vt 4.35400 2.18850
vt 4.19250 2.16450
vt 4.23500 1.97450
vt 3.25850 4.35250
vt 3.28150 4.45950
vt 3.10750 4.46750
vt 3.08950 4.35500
vt 3.23450 4.18750
vt 3.24700 4.28700
vt 3.08050 4.28750
vt 3.06950 4.18500
vt 2.91450 4.35700
vt 2.90950 4.28850
vt 2.90350 4.18500
vt 2.92450 4.47100
vt 2.76100 4.47500
vt 2.75750 4.35950
vt 2.75600 4.29000
vt 2.75450 4.18700
vt 2.61600 4.35950
vt 2.61600 4.29000
vt 2.61550 4.18650
vt 2.61650 4.47500
vt 2.75300 4.05550
vt 2.89950 4.05400
vt 2.61550 4.05550
vt 3.06300 4.05400
vt 3.22800 4.05700
vt 3.79000 3.78500
vt 3.73300 3.98050
vt 3.64850 3.95100
vt 3.69350 3.76100
vt 3.82450 4.03150
vt 3.88650 3.82250
vt 3.77150 4.17850
vt 3.68900 4.12850
vt 3.61300 4.09950
vt 3.65500 4.24100
vt 3.58900 4.22100
vt 3.72400 4.28100
vt 3.59000 4.40300
vt 3.57900 4.33900
vt 3.61200 4.32200
vt 3.64450 4.37600
vt 3.68800 4.33750
vt 3.63600 4.30450
vt 3.58000 4.29650
vt 3.39150 3.91850
vt 3.38000 4.06400
vt 3.50750 4.07850
vt 3.53100 3.93100
vt 3.49600 4.20550
vt 3.38000 4.19400
vt 3.58350 5.19300
vt 3.55600 5.14950
vt 3.62750 5.11600
vt 3.65500 5.15550
vt 3.46150 5.18200
vt 3.48850 5.22950
vt 3.50650 5.26000
vt 3.60200 5.22000
vt 3.67300 5.17950
vt 3.40000 4.34850
vt 3.42150 4.44600
vt 3.50200 4.34400
vt 3.51750 4.42650
vt 3.49700 4.29150
vt 3.38950 4.28850
vt 3.41200 3.73450
vt 3.56450 3.74500
vt 3.81950 4.35450
vt 3.79050 4.33100
vt 3.84650 4.23350
vt 3.87750 4.25850
vt 3.83750 4.37250
vt 3.89750 4.27700
vt 3.68850 5.07950
vt 3.71600 5.11550
vt 3.73400 5.13700
vt 3.78950 4.42900
vt 3.77150 4.41100
vt 3.77150 5.07250
vt 3.78950 5.09150
vt 3.74350 5.04000
vt 3.79050 4.99500
vt 3.81950 5.02500
vt 0.93000 2.22650
vt 0.91800 2.22400
vt 0.97100 2.04550
vt 0.98350 2.04800
vt 0.90800 2.22050
vt 0.96050 2.04150
vt 4.63550 2.03700
vt 4.58350 2.21650
vt 4.59050 2.22050
vt 4.64250 2.04150
vt 0.16200 4.15000
vt 0.14850 4.15150
vt 0.27800 3.92200
vt 0.29100 3.92150
vt 0.13900 4.14750
vt 0.26800 3.91900
vt 0.13350 4.14000
vt 0.26200 3.91250
vt 4.05600 3.91250
vt 3.97250 4.14000
vt 2.38200 5.41700
vt 2.22800 5.40550
vt 2.77200 4.65650
vt 2.61800 4.65850
vt 2.61850 4.65350
vt 2.77250 4.65250
vt 2.04150 5.37950
vt 2.22750 5.41050
vt 2.04100 5.38700
vt 2.95800 4.63650
vt 2.77200 4.64300
vt 2.77150 4.62900
vt 2.95550 4.62200
vt 2.95900 4.64850
vt 2.61800 4.64400
vt 2.61800 4.62950
vt 1.83250 5.34600
vt 1.83200 5.35350
vt 1.63450 5.31350
vt 1.63550 5.30600
vt 3.35650 4.60200
vt 3.36250 4.61550
vt 3.16600 4.62900
vt 3.16150 4.61500
vt 3.36550 4.62650
vt 3.16800 4.64050
vt 1.48400 5.26500
vt 1.38850 5.22350
vt 1.48250 5.27200
vt 1.38700 5.23000
vt 1.31750 5.18050
vt 1.31600 5.18750
vt 3.68050 4.53350
vt 3.61000 4.56800
vt 3.60200 4.55500
vt 3.67300 4.52100
vt 3.61300 4.57850
vt 3.68400 4.54350
vt 3.50650 4.58250
vt 3.51400 4.59600
vt 3.51750 4.60650
vt -0.01900 4.39850
vt -0.03200 4.39800
vt 0.04800 4.30100
vt 0.06150 4.30050
vt -0.04100 4.39250
vt 0.03850 4.29650
vt 3.90600 4.28800
vt 0.03400 4.28800
vt -0.04450 4.38350
vt 3.84550 4.38350
vt 1.25600 5.13450
vt -0.14200 4.50000
vt -0.13450 4.50600
vt -0.18050 4.54950
vt -0.18750 4.54350
vt 1.20000 5.08550
vt 1.15050 5.03200
vt -0.08550 4.45550
vt -0.09350 4.44950
vt 3.79700 4.44050
vt 3.74150 4.49000
vt 3.73400 4.47800
vt 3.80050 4.44950
vt 3.74500 4.50000
vt 3.85000 4.39250
vt 0.44050 2.04550
vt 0.49100 2.04150
vt 0.54000 2.21950
vt 0.49100 2.22350
vt 1.03650 3.88250
vt 1.10800 4.10300
vt 1.07400 4.12400
vt 0.99850 3.90000
vt 2.23300 5.30000
vt 2.23600 5.24100
vt 2.38350 5.24900
vt 2.38300 5.30900
vt 2.05550 5.27700
vt 2.06400 5.22100
vt 1.85600 5.24900
vt 1.86950 5.19600
vt 1.66750 5.21600
vt 1.68700 5.16650
vt 1.16450 4.25400
vt 1.13400 4.27550
vt 1.21850 4.35650
vt 1.19100 4.37650
vt 1.21850 4.94500
vt 1.26550 4.99100
vt 1.23950 5.02300
vt 1.19100 4.97400
vt 1.29600 5.06750
vt 1.32150 5.03200
vt 1.35850 5.10900
vt 1.38300 5.06950
vt 1.52200 5.18150
vt 1.54500 5.13550
vt 1.42900 5.14600
vt 1.45300 5.10350
vt 4.44800 2.20100
vt 4.49800 2.02200
vt 4.41200 2.19700
vt 4.46300 2.01700
vt 3.92450 3.84050
vt 3.85600 4.05250
vt 3.88050 4.06950
vt 3.95150 3.85350
vt 2.76400 5.25100
vt 2.93400 5.23200
vt 2.93400 4.54600
vt 2.76400 4.55000
vt 2.76250 4.52250
vt 2.92950 4.51800
vt 2.61650 4.52250
vt 2.61700 5.25800
vt 2.61700 4.55000
vt 3.29350 4.50400
vt 3.30400 4.53050
vt 3.12400 4.54100
vt 3.11650 4.51350
vt 3.12400 5.20950
vt 3.30400 5.18200
vt 3.80100 4.19950
vt 3.74950 4.30000
vt 3.77000 4.31550
vt 3.82400 4.21650
vt 3.65750 4.39850
vt 3.59950 4.43350
vt 3.61100 5.09150
vt 3.67100 5.05700
vt 3.67100 4.41700
vt 3.61100 4.45550
vt 3.74350 4.38750
vt 3.72450 4.37150
vt 3.70700 4.35550
vt 3.72450 5.01950
vt 3.53950 5.12300
vt 3.53950 4.48700
vt 3.52800 4.46300
vt 3.43400 4.48750
vt 3.44550 5.15300
vt 3.44550 4.51300
vt 2.50000 1.81750
vt 2.50000 2.04750
vt 2.50000 3.74150
vt 2.50000 3.92600
vt 2.50000 5.37200
vt 2.50000 5.39800
vt 2.50000 4.20300
vt 2.50000 4.31200
vt 2.50000 4.42000
vt 2.50000 4.47100
vt 2.50000 4.52150
vt 2.50000 4.06950
vt 2.50000 2.03700
vt 2.50000 1.80600
vt 2.50000 3.91150
vt 2.50000 3.72750
vt 2.50000 5.36200
vt 2.50000 5.29550
vt 2.50000 5.40450
vt 2.50000 4.28950
vt 2.50000 4.18600
vt 2.50000 4.35900
vt 2.50000 4.47400
vt 2.50000 4.05500
vt 2.50000 5.41850
vt 2.50000 4.64300
vt 2.50000 4.62800
vt 2.50000 5.24800
vt 2.50000 5.30800
vt 2.50000 5.25750
vt 2.50000 4.54950
vt 1.13400 4.89800
vt 0.52850 2.03700
vt 0.57950 2.21500
vt 1.06800 3.86800
vt 1.13550 4.08600
vt 2.23800 5.20650
vt 2.38350 5.21350
vt 2.06900 5.18800
vt 1.87900 5.16500
vt 1.69950 5.13700
vt 1.18950 4.23700
vt 1.24100 4.34000
vt 1.26550 4.41500
vt 1.28550 4.39800
vt 1.32150 4.46250
vt 1.33850 4.44350
vt 1.33850 5.01050
vt 1.39850 5.04500
vt 1.55950 5.10750
vt 1.46800 5.07700
vt 2.38350 4.57300
vt 2.23800 4.57250
vt 2.06900 4.56800
vt 1.87900 4.56300
vt 1.69950 4.55250
vt 1.39850 4.48050
vt 1.55950 4.53600
vt 1.46800 4.51100
vt 2.50000 4.57200
vt 1.03000 2.37250
vt 1.22150 2.35500
vt 1.25750 2.57850
vt 1.07350 2.59200
vt 1.11800 2.81200
vt 1.29350 2.80100
vt 1.32900 3.01600
vt 1.16200 3.02600
vt 1.69350 2.78550
vt 1.48950 2.79250
vt 1.46150 2.56700
vt 1.67350 2.55750
vt 1.51550 3.00850
vt 1.71200 3.00350
vt 1.65250 2.32600
vt 1.43300 2.33950
vt 1.86500 2.31450
vt 1.88000 2.55000
vt 1.89300 2.78050
vt 1.90500 3.00050
vt 2.06450 2.30550
vt 2.07350 2.54350
vt 2.08200 2.77650
vt 2.08900 2.99800
vt 2.22750 2.29750
vt 2.38150 2.29250
vt 2.38200 2.53500
vt 2.23150 2.53800
vt 2.23550 2.77350
vt 2.23850 2.99700
vt 2.38250 2.77150
vt 2.38300 2.99550
vt 1.93200 3.56850
vt 2.10400 3.56800
vt 2.09950 3.39050
vt 1.92400 3.39100
vt 1.75650 3.57000
vt 1.74300 3.39300
vt 2.24450 3.56950
vt 2.38400 3.56900
vt 2.38400 3.39050
vt 2.24250 3.39100
vt 2.24100 3.20150
vt 2.38350 3.20050
vt 2.09450 3.20150
vt 1.91500 3.20250
vt 1.72800 3.20500
vt 0.48500 2.43550
vt 0.50600 2.43500
vt 0.56850 2.64750
vt 0.54750 2.64800
vt 0.61350 2.86800
vt 0.63400 2.86650
vt 0.70050 3.08600
vt 0.68050 3.08750
vt 0.74700 3.30050
vt 0.76650 3.29800
vt 0.83200 3.50500
vt 0.81350 3.50900
vt 0.88050 3.71550
vt 0.89800 3.71050
vt 0.96950 2.82600
vt 0.91700 2.60750
vt 1.02150 3.03950
vt 0.86600 2.39200
vt 0.69400 2.41600
vt 0.75400 2.40750
vt 0.81000 2.62100
vt 0.75200 2.62800
vt 0.81300 2.84500
vt 0.86800 2.83800
vt 0.92600 3.05250
vt 0.87450 3.05950
vt 1.28650 3.59750
vt 1.42550 3.58300
vt 1.39400 3.40450
vt 1.24600 3.41600
vt 1.20450 3.22650
vt 1.36200 3.21600
vt 1.58400 3.57400
vt 1.56250 3.39700
vt 1.53950 3.20950
vt 1.07250 3.24200
vt 1.12250 3.43500
vt 0.93400 3.26500
vt 0.98300 3.25650
vt 1.03850 3.45300
vt 0.99300 3.46350
vt 1.05050 3.65750
vt 1.09350 3.64400
vt 1.17150 3.62100
vt 3.31900 2.77550
vt 3.52700 2.78300
vt 3.50100 2.99900
vt 3.30050 2.99300
vt 3.55500 2.55800
vt 3.33900 2.54750
vt 3.72600 2.79250
vt 3.76200 2.57000
vt 3.69050 3.00700
vt 3.79850 2.34650
vt 3.58350 2.33050
vt 3.36000 2.31600
vt 3.90050 2.80300
vt 3.94550 2.58300
vt 3.85650 3.01650
vt 3.98900 2.36350
vt 3.11600 2.77000
vt 2.92450 2.76550
vt 2.93250 2.53300
vt 3.12900 2.53950
vt 2.91700 2.98650
vt 3.10400 2.98900
vt 3.14400 2.30450
vt 2.94200 2.29500
vt 2.76800 2.76250
vt 2.77150 2.52750
vt 2.76450 2.98550
vt 2.77600 2.28650
vt 2.61950 2.28200
vt 2.61850 2.52400
vt 2.61800 2.76050
vt 2.61750 2.98400
vt 3.07700 3.55550
vt 3.25600 3.55800
vt 3.26950 3.38150
vt 3.08500 3.37850
vt 2.90200 3.55500
vt 2.90650 3.37800
vt 2.75850 3.55600
vt 2.76000 3.37850
vt 2.61650 3.55600
vt 2.61650 3.37800
vt 2.91100 3.18950
vt 2.76200 3.18950
vt 2.61700 3.18850
vt 3.09350 3.19100
vt 3.28400 3.19400
vt 4.34500 2.84850
vt 4.29900 2.84250
vt 4.36350 2.62500
vt 4.41000 2.63000
vt 4.23400 3.05950
vt 4.27900 3.06700
vt 4.47200 2.41700
vt 4.42450 2.41300
vt 4.37800 2.85450
vt 4.44350 2.63500
vt 4.31050 3.07400
vt 4.50600 2.42200
vt 4.08250 3.68600
vt 4.04350 3.67000
vt 4.10650 3.47050
vt 4.14850 3.48300
vt 4.21350 3.27750
vt 4.17000 3.26750
vt 4.11050 3.69850
vt 4.17800 3.49350
vt 4.24450 3.28600
vt 4.14400 2.38000
vt 4.29050 2.39850
vt 4.23300 2.61100
vt 4.09300 2.59600
vt 4.04100 2.81450
vt 3.98850 3.02750
vt 4.17300 2.82800
vt 4.11250 3.04200
vt 3.47650 3.19900
vt 3.45400 3.38600
vt 3.65750 3.20650
vt 3.62500 3.39400
vt 3.43250 3.56300
vt 3.59400 3.57200
vt 3.73150 3.58550
vt 3.77250 3.40550
vt 3.81400 3.21650
vt 3.93900 3.63300
vt 3.83900 3.60550
vt 3.88850 3.42100
vt 3.99600 3.44200
vt 4.05350 3.24600
vt 3.93800 3.22900
vt 0.74050 2.86800
vt 0.72850 2.86650
vt 0.79850 2.64650
vt 0.81050 2.64800
vt 0.65150 3.08650
vt 0.66300 3.08750
vt 0.87200 2.43550
vt 0.86050 2.43350
vt 0.85000 2.43000
vt 0.78850 2.64300
vt 0.71850 2.86350
vt 0.64100 3.08350
vt 4.52200 2.42600
vt 4.45950 2.63900
vt 0.84350 2.42600
vt 0.90100 2.21650
vt 0.78150 2.63900
vt 4.39300 2.85900
vt 4.32550 3.07900
vt 0.71150 2.85900
vt 0.63400 3.07900
vt 0.39000 3.71550
vt 0.37750 3.71550
vt 0.47600 3.50850
vt 0.48800 3.50900
vt 0.57900 3.30050
vt 0.56700 3.30000
vt 0.55700 3.29650
vt 0.46550 3.50550
vt 0.36750 3.71250
vt 4.25900 3.29200
vt 4.19200 3.50050
vt 0.55000 3.29200
vt 0.45900 3.50050
vt 4.12400 3.70650
vt 0.36100 3.70650
vt 0.67700 2.86250
vt 0.72300 2.85700
vt 0.78750 3.07350
vt 0.74250 3.08050
vt 0.65900 2.63950
vt 0.61250 2.64400
vt 0.55100 2.43200
vt 0.59850 2.42800
vt 0.93500 3.69800
vt 0.97450 3.68450
vt 0.91250 3.48450
vt 0.87100 3.49550
vt 0.80700 3.29050
vt 0.85050 3.28150
vt 4.35250 2.40600
vt 4.38850 2.41000
vt 4.32800 2.62150
vt 4.29250 2.61800
vt 4.22950 2.83450
vt 4.16650 3.04950
vt 4.26450 2.83850
vt 4.20000 3.05400
vt 4.10450 3.25450
vt 4.13700 3.26100
vt 4.07450 3.46150
vt 4.04350 3.45350
vt 3.98350 3.64800
vt 4.01300 3.65850
vt 2.50000 2.29300
vt 2.50000 2.53550
vt 2.50000 2.77150
vt 2.50000 2.99550
vt 2.50000 3.56850
vt 2.50000 3.20050
vt 2.50000 3.39000
vt 2.50000 2.28250
vt 2.50000 2.76050
vt 2.50000 2.52450
vt 2.50000 3.55550
vt 2.50000 3.37750
vt 2.50000 3.18850
vt 2.50000 2.98400
vt 0.76250 2.85200
vt 0.82600 3.06750
vt 0.69950 2.63500
vt 0.63950 2.42350
vt 1.00900 3.67200
vt 0.94850 3.47500
vt 0.88800 3.27400
vt 3.51650 1.61000
vt 3.64650 1.61700
vt 3.74500 1.59200
vt 3.73500 1.10300
vt 3.33500 1.25400
vt 3.42050 1.55050
vt 3.35400 1.46700
vt 3.32150 1.35750
vt 3.09500 2.82150
vt 2.96100 2.85250
vt 3.29450 2.92150
vt 3.20600 2.85000
vt 3.32200 3.24500
vt 3.25450 3.32450
vt 3.15800 3.37500
vt 2.50000 5.21350
vt 2.50000 -0.42250
vt 2.50000 0.68600
vt 2.50000 4.66000
vt 2.50000 4.65200
vt 2.63600 1.74950
vt 2.85800 1.74950
vt 2.85800 2.01550
vt 2.63600 2.01550
vt 2.85550 2.28500
vt 2.63550 2.28500
vt 3.08400 1.74900
vt 3.08350 2.01500
vt 3.08550 2.28450
vt 3.32950 1.74850
vt 3.32900 2.01400
vt 3.32800 2.28350
vt 3.57850 2.28150
vt 3.57800 2.01200
vt 3.57750 1.74700
vt 4.04650 1.74200
vt 4.25150 1.74250
vt 4.26100 2.00100
vt 4.05300 2.00450
vt 4.27150 2.26650
vt 4.06100 2.27300
vt 3.82050 1.74450
vt 3.82350 2.00900
vt 3.82750 2.27800
vt 3.08300 1.05200
vt 3.08400 1.25300
vt 2.86000 1.25150
vt 2.86450 1.04850
vt 2.86950 0.87100
vt 3.08150 0.87750
vt 2.63650 1.25100
vt 2.63800 1.04700
vt 2.63900 0.86750
vt 4.55500 1.17050
vt 4.59200 1.33850
vt 4.52550 1.32750
vt 4.49350 1.16100
vt 4.44700 1.01800
vt 4.50400 1.02300
vt 4.40450 1.30550
vt 4.22750 1.28050
vt 4.20800 1.11000
vt 4.37950 1.13900
vt 4.17700 0.97000
vt 4.34150 0.99950
vt 4.85900 1.74350
vt 4.88650 1.74150
vt 4.89450 1.98800
vt 4.86800 1.98900
vt 4.89900 2.24250
vt 4.87500 2.24300
vt 4.81000 1.11500
vt 4.84750 1.30050
vt 4.81600 1.30700
vt 4.77400 1.12550
vt 4.71900 0.96100
vt 4.75900 0.94500
vt 4.43500 1.74750
vt 4.44600 1.99900
vt 4.45950 2.25900
vt 4.56450 1.75350
vt 4.63450 1.75650
vt 4.64650 1.99800
vt 4.57600 1.99850
vt 4.65500 2.24950
vt 4.59000 2.25300
vt 3.57650 1.49050
vt 3.57300 1.25800
vt 3.80800 1.26050
vt 3.81650 1.48950
vt 4.03850 1.49050
vt 4.02550 1.26650
vt 4.24100 1.49700
vt 2.85850 1.49000
vt 2.63600 1.49000
vt 3.08450 1.49000
vt 4.61750 1.53550
vt 4.54850 1.52750
vt 4.42200 1.51250
vt 4.87200 1.51100
vt 4.84300 1.51450
vt 3.32800 1.05800
vt 3.32950 1.25500
vt 3.32550 0.88800
vt 3.56500 1.06500
vt 3.55450 0.90150
vt 3.33000 1.49050
vt 3.79000 1.07350
vt 3.76800 0.91700
vt 4.00350 1.08700
vt 3.97400 0.93850
vt 1.91150 2.01000
vt 1.91150 1.77450
vt 2.13950 1.77500
vt 2.13950 2.01050
vt 2.14150 2.27950
vt 1.90900 2.27950
vt 2.36400 2.27900
vt 2.36350 2.01000
vt 2.36350 1.77500
vt 1.66400 2.27950
vt 1.66350 2.00950
vt 1.66300 1.77450
vt 1.41400 1.73350
vt 1.41200 2.00850
vt 1.41000 2.27850
vt 0.72500 2.00050
vt 0.73650 1.74100
vt 0.93950 1.74000
vt 0.93100 2.00300
vt 0.92150 2.27200
vt 0.71150 2.26700
vt 1.16650 1.73850
vt 1.16300 2.00650
vt 1.15750 2.27600
vt 2.13900 1.23600
vt 2.13350 1.02850
vt 2.36200 1.02700
vt 2.36350 1.23550
vt 1.92550 1.23750
vt 1.92400 1.03250
vt 0.81700 1.09250
vt 0.77500 1.27250
vt 0.61250 1.29600
vt 0.66200 1.11950
vt 0.72200 0.97150
vt 0.86800 0.94350
vt 0.45000 1.33100
vt 0.50200 1.15950
vt 0.56600 1.01100
vt 0.11500 1.99550
vt 0.12300 1.75500
vt 0.16900 1.75800
vt 0.15850 1.99800
vt 0.15100 2.24750
vt 0.10850 2.24600
vt 0.21250 2.24900
vt 0.21950 1.99950
vt 0.23250 1.76000
vt 0.28400 1.34550
vt 0.21350 1.33800
vt 0.25500 1.15800
vt 0.32750 1.17200
vt 0.30950 0.99150
vt 0.38450 1.01550
vt 0.16300 1.32800
vt 0.20150 1.14250
vt 0.25400 0.96900
vt 0.56450 1.74650
vt 0.55050 2.00000
vt 0.54050 2.26100
vt 0.37900 2.00050
vt 0.39350 1.75600
vt 0.35950 2.25400
vt 0.75100 1.49350
vt 0.96550 1.26050
vt 0.94900 1.48750
vt 1.12250 1.43350
vt 1.18000 1.52950
vt 1.91000 1.47800
vt 2.13950 1.47750
vt 2.36350 1.47750
vt 0.58250 1.50850
vt 0.41550 1.53150
vt 0.18600 1.53850
vt 0.25300 1.54200
vt 0.13800 1.53250
vt 1.15200 1.21000
vt 1.12250 1.32050
vt 0.99650 1.07400
vt 1.03400 0.91900
vt 1.98800 0.96100
vt 1.74150 0.94050
vt 1.74300 0.92500
vt 1.98900 0.94650
vt 4.91400 2.24300
vt 4.90900 1.98900
vt 1.74650 0.91250
vt 1.99100 0.93400
vt 2.24350 0.95500
vt 2.24300 0.96700
vt 0.10200 1.75050
vt 0.09500 1.99350
vt 0.09000 2.24450
vt 2.24450 0.94600
vt 1.99350 0.92550
vt 1.75050 0.90450
vt 1.30250 0.88250
vt 1.30050 0.90050
vt 1.11500 0.88700
vt 1.11450 0.86800
vt 4.77850 0.94050
vt 4.82850 1.11450
vt 1.12000 0.85450
vt 1.30900 0.86950
vt 0.94050 0.85550
vt 0.94400 0.84200
vt 0.13950 1.31850
vt 0.17650 1.13000
vt 0.22650 0.95400
vt 0.13100 1.30900
vt 0.16700 1.12000
vt 0.21700 0.94400
vt 1.51100 0.91900
vt 1.51300 0.90250
vt 1.51850 0.89000
vt 0.11600 1.52550
vt 0.10800 1.51850
vt 0.09450 1.74650
vt 4.71500 1.14450
vt 4.75600 1.32150
vt 4.69400 1.33650
vt 4.65300 1.16350
vt 4.59900 1.00850
vt 4.66100 0.98500
vt 4.74450 1.75450
vt 4.80300 1.74850
vt 4.81350 1.99150
vt 4.75650 1.99500
vt 4.81950 2.24400
vt 4.76350 2.24550
vt 4.78450 1.52400
vt 4.72400 1.53450
vt 0.37950 1.34450
vt 0.43300 1.17450
vt 0.49800 1.02500
vt 0.33400 1.34800
vt 0.38250 1.17800
vt 0.44300 1.02600
vt 0.27800 1.76050
vt 0.26400 2.00000
vt 0.25400 2.25000
vt 0.32100 1.76000
vt 0.30600 2.00050
vt 0.29450 2.25150
vt 0.34400 1.54050
vt 0.30050 1.54300
vt 4.64500 1.34250
vt 4.60350 1.17200
vt 4.54950 1.02100
vt 4.71900 2.24700
vt 4.70900 1.99700
vt 4.69600 1.75750
vt 4.67550 1.53850
vt 2.63950 0.70350
vt 2.63950 0.55100
vt 2.87050 0.55800
vt 2.87050 0.70850
vt 3.08050 0.71850
vt 3.07850 0.57250
vt 4.43700 0.88900
vt 4.38150 0.88850
vt 4.30250 0.77050
vt 4.35550 0.76500
vt 4.28350 0.87450
vt 4.21300 0.76150
vt 3.54200 -0.21800
vt 3.52700 -0.16000
vt 3.31150 -0.22350
vt 3.32050 -0.28300
vt 3.07600 -0.27350
vt 3.08050 -0.33350
vt 2.86950 -0.30600
vt 2.87100 -0.36600
vt 2.63950 -0.32300
vt 2.63950 -0.38300
vt 4.65200 0.80400
vt 4.56850 0.65150
vt 4.61100 0.62300
vt 4.69450 0.78200
vt 2.63950 0.40800
vt 2.63950 0.28950
vt 2.86850 0.30050
vt 2.86950 0.41700
vt 2.63900 0.15800
vt 2.86700 0.17100
vt 3.06750 0.19700
vt 3.07250 0.32250
vt 3.07550 0.43550
vt 2.86450 0.00950
vt 3.06250 0.03950
vt 3.06450 0.11150
vt 2.86550 0.08300
vt 2.63900 0.06850
vt 2.63900 -0.00600
vt 3.28300 0.08000
vt 3.47800 0.13100
vt 3.48150 0.19800
vt 3.28600 0.14950
vt 3.49000 0.27900
vt 3.29250 0.23300
vt 3.50550 0.39550
vt 3.30250 0.35500
vt 3.51850 0.49850
vt 3.53200 0.62300
vt 3.31650 0.59500
vt 3.30950 0.46350
vt 3.32150 0.73500
vt 3.54350 0.75600
vt 4.23750 0.17200
vt 4.20100 0.21850
vt 4.05400 0.10350
vt 4.08600 0.05400
vt 3.89700 0.00450
vt 3.92350 -0.04800
vt 3.74250 -0.13850
vt 3.72200 -0.08350
vt 4.46250 0.50100
vt 4.35700 0.37200
vt 4.39700 0.33150
vt 4.50450 0.46600
vt 3.65900 0.33450
vt 3.67950 0.44350
vt 3.80250 0.39500
vt 3.83150 0.49550
vt 3.86200 0.58350
vt 3.89950 0.69100
vt 3.72200 0.65500
vt 3.69900 0.53900
vt 3.93800 0.80800
vt 3.74500 0.77900
vt 3.96650 0.54600
vt 4.01450 0.62900
vt 4.07200 0.73100
vt 3.92150 0.45550
vt 3.99850 0.50150
vt 4.06600 0.57700
vt 4.13550 0.65850
vt 4.12900 0.84400
vt 3.64850 0.19250
vt 3.65000 0.25700
vt 3.79650 0.26300
vt 3.79350 0.32300
vt 3.92550 0.34100
vt 4.04400 0.43000
vt 4.02150 0.46950
vt 3.91550 0.39300
vt 4.26100 0.64700
vt 4.21450 0.66150
vt 4.13250 0.57200
vt 4.17100 0.54800
vt 2.36000 0.69900
vt 2.36050 0.83750
vt 2.12800 0.84050
vt 2.12750 0.70350
vt 2.12800 0.55550
vt 2.36000 0.54900
vt 1.91500 0.84750
vt 1.91650 0.71350
vt 1.91800 0.57000
vt 0.78450 0.84600
vt 0.84800 0.73850
vt 0.97000 0.70950
vt 0.91950 0.81650
vt 1.07200 0.78800
vt 1.10900 0.67650
vt 0.63600 0.87950
vt 0.71300 0.76200
vt 1.92600 -0.23050
vt 1.93250 -0.12850
vt 1.70650 -0.07850
vt 1.69250 -0.18000
vt 1.50350 -0.01500
vt 1.48050 -0.11550
vt 1.92000 -0.31350
vt 1.68100 -0.26200
vt 1.46100 -0.19650
vt 2.13100 -0.26400
vt 2.13350 -0.16100
vt 2.36050 -0.28050
vt 2.36100 -0.17700
vt 2.12900 -0.34800
vt 2.36050 -0.36450
vt 0.37700 0.83300
vt 0.46150 0.68150
vt 0.53900 0.72950
vt 0.45400 0.86900
vt 0.32000 0.80200
vt 0.40350 0.64100
vt 1.92050 0.44100
vt 1.92350 0.33850
vt 2.12950 0.31650
vt 2.12850 0.42250
vt 2.36050 0.41400
vt 2.36050 0.30650
vt 2.36050 0.18750
vt 2.13100 0.19950
vt 1.92750 0.22450
vt 1.93300 0.11150
vt 2.13300 0.08350
vt 2.36100 0.07000
vt 1.69100 0.37000
vt 1.70050 0.26000
vt 1.67850 0.59150
vt 1.68500 0.46850
vt 1.47500 0.50250
vt 1.48600 0.41050
vt 1.46200 0.61750
vt 1.50100 0.30550
vt 1.71000 0.15000
vt 1.51400 0.19900
vt 1.67000 0.85150
vt 1.67350 0.72850
vt 1.44950 0.74400
vt 1.43800 0.86350
vt 1.16400 0.14100
vt 1.11950 0.04850
vt 1.29000 -0.03900
vt 1.32350 0.05800
vt 1.02150 0.23450
vt 0.96700 0.14600
vt 0.88800 0.34100
vt 0.82400 0.25800
vt 1.08400 -0.02600
vt 0.92350 0.07500
vt 0.77400 0.19250
vt 1.26250 -0.11700
vt 0.67150 0.40800
vt 0.74300 0.47950
vt 0.64200 0.59450
vt 0.56700 0.53350
vt 0.61650 0.35000
vt 0.51000 0.48400
vt 1.19650 0.41700
vt 1.17100 0.50500
vt 1.05650 0.55000
vt 1.08950 0.47100
vt 1.14300 0.58000
vt 1.01800 0.61900
vt 0.91200 0.64750
vt 0.96600 0.57700
vt 1.01800 0.50600
vt 1.27200 0.64550
vt 1.29450 0.54050
vt 1.31300 0.45650
vt 1.33300 0.35950
vt 1.22450 0.89700
vt 1.24900 0.76250
vt 1.34650 0.25700
vt 1.20550 0.32200
vt 1.08750 0.39050
vt 0.98450 0.46500
vt 0.87750 0.56650
vt 0.79850 0.65450
vt 1.62250 1.16150
vt 1.52150 1.08900
vt 1.40700 1.06200
vt 3.08050 0.74350
vt 3.08300 0.71100
vt 3.32550 0.71900
vt 3.32050 0.75100
vt 3.54950 0.72850
vt 3.54200 0.75950
vt 3.55150 0.71100
vt 3.32650 0.70150
vt 3.08350 0.69300
vt 1.45150 -0.23800
vt 1.67550 -0.30500
vt 1.91750 -0.35650
vt 1.91650 -0.37150
vt 1.67350 -0.32000
vt 1.44850 -0.25350
vt 2.87100 0.73400
vt 2.87150 0.70150
vt 2.63950 0.73050
vt 2.63950 0.69800
vt 2.87150 0.68750
vt 2.63950 0.68400
vt 2.12800 -0.39150
vt 2.36000 -0.40850
vt 2.12850 -0.40100
vt 2.36050 -0.41850
vt 0.77350 0.84200
vt 0.61050 0.82750
vt 0.60950 0.81350
vt 0.77450 0.82850
vt 4.63150 0.61050
vt 4.71450 0.77350
vt 0.29100 0.78400
vt 0.37450 0.61900
vt 0.28100 0.77450
vt 0.36400 0.60950
vt 3.93700 -0.07350
vt 4.10200 0.02950
vt 4.25550 0.15000
vt 4.25950 0.76400
vt 4.25550 0.77950
vt 4.10200 0.76850
vt 4.10550 0.75250
vt 3.93700 0.75550
vt 3.94000 0.73950
vt 3.54950 -0.24700
vt 3.75350 -0.16650
vt 3.75600 0.72450
vt 3.75350 0.74150
vt 1.24850 -0.15750
vt 1.06600 -0.06450
vt 1.06000 -0.07900
vt 1.24400 -0.17250
vt 0.74950 0.15850
vt 0.90200 0.03850
vt 0.89450 0.02500
vt 0.74050 0.14600
vt 4.41650 0.31250
vt 4.52450 0.45000
vt 4.42100 0.78200
vt 4.41650 0.79700
vt 0.44750 0.79700
vt 0.45000 0.81200
vt 0.31250 0.79700
vt 0.30900 0.78200
vt 0.48150 0.45800
vt 0.58900 0.32050
vt 0.57900 0.30900
vt 0.47100 0.44750
vt 4.53150 0.86500
vt 4.44750 0.72900
vt 4.51000 0.69000
vt 4.59400 0.83450
vt 3.06500 -0.10700
vt 2.86550 -0.13900
vt 2.86750 -0.22700
vt 3.07050 -0.19450
vt 2.63900 -0.15500
vt 2.63900 -0.24350
vt 4.34550 0.59650
vt 4.24550 0.48300
vt 4.30250 0.42700
vt 4.40550 0.54850
vt 0.59850 0.75650
vt 0.51450 0.88700
vt 0.57050 0.89050
vt 0.65250 0.76700
vt 1.93550 -0.03900
vt 1.71350 0.00900
vt 1.51600 0.06900
vt 1.51850 0.13950
vt 1.71400 0.08600
vt 1.93550 0.04300
vt 2.13400 0.01300
vt 2.13450 -0.07100
vt 2.36100 -0.08650
vt 2.36100 -0.00150
vt 1.34250 0.13800
vt 1.19050 0.21500
vt 1.34950 0.20250
vt 1.20400 0.27300
vt 0.96200 0.43650
vt 1.07750 0.34950
vt 0.93150 0.39800
vt 1.05650 0.30050
vt 0.79500 0.52550
vt 0.69850 0.63150
vt 0.74700 0.65000
vt 0.83700 0.55200
vt 3.50800 -0.08400
vt 3.30000 -0.14550
vt 3.48950 -0.00050
vt 3.28850 -0.06000
vt 4.15200 0.28100
vt 4.01150 0.17050
vt 4.10200 0.34600
vt 3.96850 0.24100
vt 3.82700 0.14900
vt 3.86150 0.07450
vt 3.69450 -0.01050
vt 3.66800 0.06900
vt 4.39900 0.75250
vt 4.48150 0.88250
vt 3.48000 0.06850
vt 3.28300 0.01350
vt 3.06250 -0.03050
vt 2.86450 -0.06150
vt 2.63900 -0.07750
vt 4.06800 0.39250
vt 3.94150 0.29450
vt 3.80600 0.20900
vt 3.65350 0.13400
vt 4.20400 0.52100
vt 4.30000 0.62750
vt 2.63550 2.80950
vt 2.85500 2.81100
vt 2.85600 3.06450
vt 2.63550 3.06150
vt 2.85550 3.22700
vt 2.63550 3.22350
vt 2.63500 2.55000
vt 2.85350 2.55050
vt 3.08850 2.55050
vt 3.08950 2.81350
vt 3.09050 3.06900
vt 3.08950 3.23350
vt 3.57950 2.54950
vt 3.32700 2.55050
vt 4.28150 2.53200
vt 4.06900 2.54000
vt 3.83150 2.54600
vt 4.28850 3.03900
vt 4.28750 3.18850
vt 4.07350 3.21050
vt 4.07400 3.05450
vt 4.07250 2.80200
vt 4.28650 2.79100
vt 3.83300 3.22750
vt 3.57850 3.23600
vt 3.57950 3.07250
vt 3.83400 3.06650
vt 3.58000 2.81500
vt 3.83350 2.81050
vt 4.01650 1.07700
vt 4.22650 1.17150
vt 4.21400 1.22550
vt 4.00350 1.13850
vt 4.20050 1.28450
vt 3.98950 1.20450
vt 4.18450 1.35150
vt 4.16600 1.43250
vt 3.95450 1.36750
vt 3.97300 1.27900
vt 3.71850 1.30500
vt 3.46950 1.25200
vt 3.48500 1.14950
vt 3.73650 1.20900
vt 3.49950 1.06200
vt 3.75200 1.12700
vt 3.51250 0.98400
vt 3.52450 0.91000
vt 3.77850 0.98550
vt 3.76600 1.05450
vt 4.14400 1.53100
vt 3.93300 1.47500
vt 4.11850 1.64950
vt 3.90850 1.60250
vt 4.08900 1.79100
vt 3.88100 1.75350
vt 3.41200 1.68600
vt 3.43250 1.51950
vt 3.67550 1.55800
vt 3.65100 1.71750
vt 3.45150 1.37500
vt 3.69800 1.42100
vt 3.24900 1.01050
vt 3.26000 0.92900
vt 3.27100 0.85250
vt 3.22400 1.20950
vt 3.23700 1.10200
vt 3.01850 0.97300
vt 3.00950 1.06700
vt 3.00000 1.17750
vt 3.03650 0.81250
vt 3.02700 0.89000
vt 3.21000 1.33750
vt 2.99000 1.30900
vt 3.19500 1.48750
vt 2.97950 1.46350
vt 3.17950 1.66050
vt 2.96900 1.64050
vt 2.62300 1.13300
vt 2.79750 1.14850
vt 2.79200 1.28300
vt 2.62250 1.26900
vt 2.78700 1.44050
vt 2.62150 1.42800
vt 2.78200 1.62100
vt 2.62050 1.61050
vt 2.62750 0.76550
vt 2.81800 0.78150
vt 2.81250 0.85900
vt 2.62600 0.84250
vt 2.80700 0.94250
vt 2.62500 0.92550
vt 2.80200 1.03700
vt 2.62400 1.02050
vt 2.63000 4.04250
vt 2.83050 4.04050
vt 2.82450 4.13700
vt 2.62900 4.14100
vt 2.81800 4.22150
vt 2.62750 4.22750
vt 2.63300 3.80850
vt 2.84250 3.81100
vt 2.83700 3.93200
vt 2.63150 3.93100
vt 3.07150 3.81200
vt 3.06350 3.92900
vt 3.05500 4.03400
vt 3.04550 4.12650
vt 3.03650 4.20700
vt 3.07800 3.68250
vt 2.84750 3.67900
vt 2.85100 3.53650
vt 3.08350 3.54150
vt 2.63450 3.53200
vt 2.63400 3.67500
vt 2.85400 3.38500
vt 2.63550 3.38100
vt 3.08750 3.39150
vt 3.29100 4.01650
vt 3.28150 4.10450
vt 3.28150 0.77450
vt 3.04550 0.73500
vt 3.30800 3.80450
vt 3.30000 3.91700
vt 3.54500 3.98400
vt 3.55400 3.89050
vt 3.56150 3.78400
vt 3.53550 0.83450
vt 3.53550 4.06600
vt 1.52700 1.23050
vt 1.46800 1.26500
vt 1.43550 1.22500
vt 1.49850 1.18900
vt 1.41550 1.30050
vt 1.38000 1.26250
vt 1.36800 1.33750
vt 1.32400 1.37600
vt 1.28350 1.34300
vt 1.32950 1.30200
vt 1.19550 1.27100
vt 1.08600 1.17150
vt 1.14350 1.11800
vt 1.24700 1.22500
vt 1.20700 1.06550
vt 1.30300 1.18050
vt 4.25900 3.72150
vt 4.26750 3.64000
vt 4.44700 3.56300
vt 4.43800 3.63400
vt 1.27850 1.01700
vt 1.36600 1.13800
vt 4.23850 1.11800
vt 4.02800 1.01450
vt 4.03850 3.87000
vt 4.24900 3.79300
vt 4.23850 3.85650
vt 4.02800 3.94000
vt 3.79000 0.91550
vt 3.80000 3.93600
vt 3.79000 4.01200
vt 3.81650 3.75000
vt 3.80900 3.84900
vt 4.05550 3.69950
vt 4.04800 3.79000
vt 4.64950 3.12050
vt 4.64350 3.23200
vt 4.58800 3.24800
vt 4.59300 3.13250
vt 4.63600 3.32600
vt 4.58150 3.34650
vt 1.59450 1.19700
vt 1.57000 1.15500
vt 4.62800 3.40550
vt 4.57350 3.43000
vt 4.27450 3.54750
vt 4.45500 3.48250
vt 4.28050 3.44200
vt 4.46200 3.38950
vt 4.28500 3.32300
vt 4.47150 3.15850
vt 4.46750 3.28250
vt 4.06250 3.59700
vt 4.06750 3.48150
vt 3.56750 3.66500
vt 3.82250 3.63850
vt 3.57250 3.53300
vt 3.82700 3.51350
vt 3.57600 3.39000
vt 3.83050 3.37650
vt 4.07100 3.35300
vt 4.88300 2.96800
vt 4.87600 3.09950
vt 4.85550 3.10000
vt 4.86200 2.96850
vt 4.89100 2.74200
vt 4.87000 2.74300
vt 4.89700 2.49850
vt 4.87550 2.49900
vt 4.75300 1.59600
vt 4.73100 1.67900
vt 4.71150 1.68000
vt 4.73300 1.59850
vt 4.70400 1.77850
vt 4.68450 1.77950
vt 4.67000 1.90000
vt 4.65100 1.90000
vt 4.80700 3.66050
vt 4.79700 3.70450
vt 4.77650 3.69750
vt 4.78650 3.65450
vt 4.78500 3.74850
vt 4.76500 3.74100
vt 4.77050 1.52550
vt 4.75050 1.52950
vt 4.78500 1.46550
vt 4.76500 1.47100
vt 4.81650 3.61750
vt 4.79600 3.61150
vt 4.82500 3.57200
vt 4.80450 3.56650
vt 4.84200 3.46350
vt 4.83350 3.52200
vt 4.81300 3.51700
vt 4.82150 3.45900
vt 4.85100 3.39400
vt 4.83050 3.39050
vt 4.85950 3.31100
vt 4.83900 3.30900
vt 4.86800 3.21350
vt 4.84750 3.21300
vt 4.65700 2.50850
vt 4.59800 2.51250
vt 4.47000 2.52150
vt 4.65350 2.98750
vt 4.59650 2.99700
vt 4.65650 2.75750
vt 4.59900 2.76350
vt 4.47350 3.01650
vt 4.47300 2.77650
vt 1.03400 1.22550
vt 1.14750 1.31750
vt 4.38350 1.36900
vt 4.39600 1.31750
vt 1.28100 1.41600
vt 1.23900 1.38500
vt 1.24000 1.46050
vt 1.19650 1.43200
vt 4.54850 1.51350
vt 4.53150 1.57750
vt 4.47450 1.55400
vt 4.49150 1.48700
vt 1.19950 1.51350
vt 1.15550 1.48700
vt 4.35050 1.50200
vt 4.36850 1.42950
vt 4.30300 1.70000
vt 4.27150 1.83150
vt 4.32900 1.59100
vt 4.51050 1.65700
vt 4.45350 1.63600
vt 4.48450 1.75550
vt 4.42700 1.73800
vt 4.45150 1.87700
vt 4.39500 1.86300
vt 3.32000 3.54200
vt 3.31500 3.67900
vt 3.32650 3.23700
vt 3.32400 3.39400
vt 3.32750 2.81550
vt 3.32750 3.07250
vt 1.90400 2.72450
vt 1.90500 2.54700
vt 2.14300 2.54600
vt 2.14200 2.72200
vt 2.36350 2.97750
vt 2.15950 2.96300
vt 2.36400 2.72050
vt 2.36400 2.54500
vt 2.19000 3.17850
vt 2.19850 3.06750
vt 2.36350 3.22650
vt 1.66400 2.54800
vt 1.40800 2.54750
vt 1.15200 2.54500
vt 0.91200 2.54000
vt 0.69850 2.53350
vt 1.40650 2.81500
vt 1.14900 2.81200
vt 0.90650 2.80450
vt 1.40400 3.07100
vt 1.40650 3.24100
vt 1.14800 3.23350
vt 1.14750 3.07050
vt 0.90400 3.21700
vt 0.90400 3.05900
vt 0.68850 3.19650
vt 0.68850 3.04450
vt 0.69150 2.79450
vt 1.50000 1.11850
vt 1.51650 1.22900
vt 1.26300 1.28300
vt 1.24450 1.17900
vt 1.02300 1.34600
vt 1.00350 1.25000
vt 0.98700 1.16650
vt 1.22800 1.08800
vt 1.48550 1.02200
vt 0.80950 1.41050
vt 0.79050 1.32250
vt 0.77400 1.24600
vt 0.75950 1.17900
vt 0.74650 1.11700
vt 0.95900 1.02200
vt 0.97200 1.09150
vt 1.20050 0.92900
vt 1.45950 0.85200
vt 1.47200 0.93450
vt 1.21350 1.00650
vt 1.09750 1.74300
vt 1.07000 1.59000
vt 1.30650 1.54500
vt 1.33150 1.70650
vt 1.55450 1.50550
vt 1.57500 1.67450
vt 0.88850 1.78000
vt 0.85800 1.63650
vt 0.83200 1.51400
vt 1.04500 1.45850
vt 1.53450 1.35750
vt 1.28400 1.40450
vt 1.99250 1.15300
vt 1.76550 1.18550
vt 1.75250 1.07000
vt 1.98300 1.03450
vt 1.74000 0.96950
vt 1.97400 0.93100
vt 1.71750 0.79300
vt 1.72850 0.87850
vt 1.96450 0.83850
vt 1.95550 0.75250
vt 1.79550 1.47300
vt 1.81100 1.64800
vt 1.78000 1.31950
vt 2.01350 1.44850
vt 2.00300 1.29050
vt 2.02400 1.62750
vt 2.20900 1.42500
vt 2.21450 1.60800
vt 2.19900 1.12350
vt 2.20400 1.26350
vt 2.37800 1.41200
vt 2.37700 1.24900
vt 2.37600 1.10750
vt 2.37900 1.59700
vt 2.19400 1.00350
vt 2.18850 0.89950
vt 2.17750 0.72050
vt 2.18350 0.80650
vt 2.37400 0.88200
vt 2.37300 0.78900
vt 2.37150 0.70350
vt 2.37500 0.98650
vt 1.92750 3.95050
vt 1.91950 3.83050
vt 2.15300 3.82900
vt 2.15850 3.95250
vt 2.16450 4.06450
vt 1.93650 4.05850
vt 2.36900 4.06550
vt 2.36750 3.95150
vt 2.36650 3.82550
vt 2.37150 4.25700
vt 2.17750 4.25100
vt 2.17100 4.16400
vt 2.37050 4.16750
vt 1.95550 4.23750
vt 1.94600 4.15400
vt 2.36450 3.54200
vt 2.14400 3.54650
vt 2.14200 3.39250
vt 2.36400 3.38700
vt 2.14800 3.69250
vt 2.36550 3.68850
vt 1.91300 3.69700
vt 1.90800 3.55250
vt 1.90400 3.39850
vt 1.95700 3.38300
vt 2.05950 3.34700
vt 2.13550 3.27850
vt 1.42200 3.80350
vt 1.67950 3.82300
vt 1.68750 3.93900
vt 1.42950 3.91250
vt 1.69650 4.04200
vt 1.43850 4.00950
vt 1.70650 0.70900
vt 1.94600 0.66800
vt 1.70650 4.13250
vt 1.44850 4.09450
vt 1.44850 0.77000
vt 3.88400 1.05750
vt 3.94300 1.11700
vt 3.84800 1.20300
vt 3.79450 1.15050
vt 3.73550 1.10100
vt 3.81850 1.00100
vt 3.71750 1.30900
vt 3.67100 1.26500
vt 3.62100 1.22350
vt 3.56550 1.18450
vt 3.50350 1.14750
vt 3.59450 1.01350
vt 3.66950 1.05550
vt 0.54700 3.59450
vt 0.70600 3.66000
vt 0.71400 3.74450
vt 0.55550 3.66950
vt 3.74450 0.94900
vt 1.16250 3.76950
vt 1.17000 3.87150
vt 1.17850 3.96100
vt 0.93650 3.89500
vt 0.92700 3.81300
vt 0.91950 3.71950
vt 1.18900 0.85250
vt 0.94700 0.95350
vt 0.93650 0.88900
vt 1.17850 0.78000
vt 1.18900 4.04000
vt 0.73500 1.05750
vt 0.72400 1.00100
vt 0.72400 3.81850
vt 0.69900 3.56450
vt 0.53950 3.50950
vt 0.53350 3.41200
vt 0.69400 3.45600
vt 3.43200 1.11250
vt 3.50950 0.97550
vt 0.36750 3.43200
vt 0.36050 3.34850
vt 0.35450 3.25050
vt 0.34950 3.13500
vt 0.52650 3.17200
vt 0.52950 3.30000
vt 0.69050 3.33350
vt 1.40800 3.39800
vt 1.14950 3.38550
vt 1.41150 3.54500
vt 1.15250 3.52600
vt 0.90850 3.49450
vt 0.90550 3.36250
vt 1.41600 3.68050
vt 1.15650 3.65400
vt 0.91300 3.61350
vt 0.15450 2.75050
vt 0.15000 2.50450
vt 0.21300 2.50700
vt 0.21500 2.75400
vt 0.22450 3.11550
vt 0.16750 3.11150
vt 0.16100 2.97850
vt 0.22000 2.98300
vt 0.12950 3.10850
vt 0.12250 2.97500
vt 0.11450 2.74750
vt 0.10850 2.50250
vt 0.37300 1.88000
vt 0.33900 1.75750
vt 0.39300 1.75500
vt 0.42700 1.87650
vt 0.33750 1.88400
vt 0.30350 1.76100
vt 0.27600 1.66000
vt 0.25350 1.57500
vt 0.28950 1.57300
vt 0.31150 1.65700
vt 0.36550 1.65550
vt 0.34400 1.57300
vt 0.27150 1.50100
vt 0.32650 1.50250
vt 0.25700 1.43950
vt 0.31250 1.44250
vt 0.23550 1.50250
vt 0.22050 1.44000
vt 0.20800 1.38600
vt 0.19750 1.33950
vt 0.23450 1.34000
vt 0.24500 1.38650
vt 0.30100 1.39050
vt 0.24500 3.72550
vt 0.23450 3.68050
vt 0.29100 3.67250
vt 0.30100 3.71600
vt 0.27250 3.58150
vt 0.21600 3.58950
vt 0.20750 3.53750
vt 0.26350 3.53000
vt 0.19900 3.47750
vt 0.25500 3.47150
vt 0.22500 3.63600
vt 0.28150 3.62850
vt 0.19750 3.68400
vt 0.18800 3.63950
vt 0.17900 3.59250
vt 0.17050 3.54050
vt 0.16200 3.48050
vt 0.23850 3.32300
vt 0.18200 3.32400
vt 0.17450 3.22650
vt 0.23100 3.22800
vt 0.19050 3.40700
vt 0.24650 3.40350
vt 0.15350 3.40850
vt 0.14550 3.32400
vt 0.13700 3.22400
vt 0.53300 2.52550
vt 0.34700 2.51400
vt 0.52750 2.78300
vt 0.52550 3.02650
vt 0.34700 2.99900
vt 0.34550 2.76550
vt 0.64650 1.47000
vt 0.46650 1.54400
vt 0.44900 1.47200
vt 0.62800 1.38850
vt 3.84750 1.47200
vt 3.80550 1.41000
vt 3.94550 1.31900
vt 3.98950 1.38850
vt 3.89800 1.25850
vt 3.76200 1.35650
vt 0.58700 1.20300
vt 0.59900 1.25850
vt 0.61250 1.31900
vt 0.66900 1.56500
vt 0.48850 1.62950
vt 0.69600 1.67900
vt 0.51550 1.73200
vt 0.72750 1.81400
vt 0.54900 1.85650
vt 1.66400 3.40150
vt 1.66750 3.55300
vt 1.67250 3.69400
vt 1.66300 2.72650
vt 4.88950 3.10100
vt 4.89650 2.96850
vt 4.90550 2.74250
vt 2.74250 1.01850
vt 2.74350 1.00650
vt 2.97000 1.04250
vt 2.96850 1.05400
vt 3.10300 1.07000
vt 3.10100 1.08150
vt 4.91200 2.49900
vt 2.49900 0.98900
vt 0.09200 2.50150
vt 0.09800 2.74550
vt 2.50150 0.96800
vt 2.74550 0.99750
vt 0.11400 3.10600
vt 0.10700 2.97250
vt 3.10600 1.06150
vt 2.97250 1.03350
vt 3.96850 1.90000
vt 3.92350 1.77850
vt 3.93550 1.77500
vt 3.98100 1.89700
vt 3.94550 1.77050
vt 3.99100 1.89300
vt 3.88000 1.67900
vt 3.83700 1.59600
vt 3.84800 1.59050
vt 3.89150 1.67450
vt 3.85700 1.58500
vt 3.90100 1.66900
vt 0.23850 1.57950
vt 0.26100 1.66400
vt 0.28850 1.76550
vt 3.95200 1.76550
vt 3.90750 1.66400
vt 3.86350 1.57950
vt 0.31550 1.89300
vt 0.28150 1.77050
vt 0.32250 1.88800
vt 3.79300 1.52550
vt 3.80350 1.51900
vt 3.74850 1.46550
vt 3.75850 1.45750
vt 3.76700 1.45000
vt 3.81200 1.51250
vt 3.70450 1.41400
vt 3.66050 1.36950
vt 3.66900 1.35900
vt 3.71350 1.40500
vt 3.67650 1.35050
vt 3.72150 1.39650
vt 0.18250 1.34350
vt 0.19300 1.39000
vt 0.20550 1.44400
vt 3.77250 1.44400
vt 3.72700 1.39000
vt 3.68150 1.34350
vt 0.22050 1.50650
vt 3.81850 1.50650
vt 3.61750 1.32950
vt 3.62550 1.31900
vt 3.57200 1.29350
vt 3.57950 1.28200
vt 3.58600 1.27200
vt 3.63200 1.30900
vt 3.52200 1.25950
vt 3.46350 1.22600
vt 3.46950 1.21400
vt 3.52850 1.24750
vt 3.47500 1.20350
vt 3.53450 1.23750
vt 0.14700 3.47850
vt 0.15550 3.53900
vt 0.16400 3.59050
vt 3.59050 1.26450
vt 3.53900 1.22950
vt 3.47850 1.19500
vt 0.18800 1.29750
vt 0.17250 1.30200
vt 3.63750 1.30200
vt 0.17250 3.63750
vt 3.39400 1.19200
vt 3.39850 1.17950
vt 3.31100 1.15800
vt 3.31500 1.14550
vt 3.31850 1.13450
vt 3.40300 1.16850
vt 4.88150 3.21600
vt 3.21900 1.10100
vt 3.21600 1.11250
vt 4.87300 3.31500
vt 0.12200 3.22200
vt 0.13000 3.32150
vt 3.32150 1.12550
vt 3.22200 1.09250
vt 0.13850 3.40650
vt 3.40650 1.16050
vt 4.76850 3.45050
vt 4.76000 3.50700
vt 4.70700 3.50050
vt 4.71600 3.44500
vt 4.75100 3.55600
vt 4.69800 3.54950
vt 4.74200 3.60050
vt 4.73300 3.64250
vt 4.68000 3.63550
vt 4.68900 3.59350
vt 4.80200 3.10150
vt 4.79450 3.21250
vt 4.74200 3.21350
vt 4.74900 3.10400
vt 4.78600 3.30600
vt 4.73400 3.30450
vt 4.77750 3.38450
vt 4.72500 3.38100
vt 4.80800 2.97100
vt 4.75400 2.97450
vt 4.81450 2.74500
vt 4.75950 2.74800
vt 4.81850 2.50050
vt 4.76250 2.50250
vt 4.63400 1.77900
vt 4.60050 1.89850
vt 4.55000 1.89550
vt 4.58350 1.77650
vt 4.68150 1.60200
vt 4.66050 1.68150
vt 4.60950 1.68050
vt 4.63050 1.60300
vt 4.69850 1.53600
vt 4.64700 1.53950
vt 4.71200 1.48100
vt 4.66000 1.48750
vt 4.72350 3.68450
vt 4.67050 3.67650
vt 4.72350 1.43450
vt 4.67050 1.44350
vt 3.68250 1.33650
vt 3.63750 1.29450
vt 3.59000 1.25500
vt 0.32600 3.66950
vt 0.31650 3.62600
vt 0.30750 3.57900
vt 0.34200 3.59000
vt 0.35150 3.63750
vt 0.35150 1.29450
vt 0.36100 1.33650
vt 0.32600 1.34650
vt 0.31650 1.30500
vt 0.28950 3.46950
vt 0.29850 3.52750
vt 0.32450 3.47850
vt 0.33300 3.53750
vt 3.47850 1.18250
vt 3.53750 1.21800
vt 0.37550 3.50350
vt 0.31600 3.41050
vt 0.30850 3.33050
vt 0.28150 3.40250
vt 0.27350 3.32350
vt 0.26050 3.11800
vt 0.26650 3.22950
vt 0.29650 3.12350
vt 0.30200 3.23600
vt 0.25200 2.50850
vt 0.25300 2.75650
vt 0.29050 2.51050
vt 0.29050 2.76000
vt 0.29300 2.99050
vt 0.25650 2.98600
vt 0.37800 1.57200
vt 0.39950 1.65400
vt 0.41300 1.56400
vt 0.43500 1.64650
vt 0.46200 1.74650
vt 0.42650 1.75300
vt 0.49600 1.86850
vt 0.46050 1.87400
vt 0.29100 1.34500
vt 0.33600 1.39200
vt 0.37100 1.38250
vt 0.38250 1.43400
vt 0.34700 1.44300
vt 3.72550 1.38250
vt 0.42350 1.35650
vt 0.43500 1.41000
vt 0.39600 1.49350
vt 0.36100 1.50250
vt 1.63550 3.13650
vt 1.64700 3.01800
vt 4.71200 3.72650
vt 4.66850 3.50500
vt 4.67750 3.44900
vt 4.65950 3.55450
vt 4.64150 3.64150
vt 4.65050 3.59950
vt 4.70300 3.21750
vt 4.70950 3.10850
vt 4.69500 3.30850
vt 4.68650 3.38450
vt 4.71450 2.97800
vt 4.71900 2.75100
vt 4.72100 2.50400
vt 4.51200 1.89050
vt 4.54500 1.77100
vt 4.57150 1.67500
vt 4.59250 1.59800
vt 4.60850 1.53550
vt 4.62150 1.48400
vt 4.63200 3.68250
vt 4.63200 1.44050
vt 4.61000 3.53200
vt 4.61900 3.47300
vt 4.60100 3.58450
vt 4.58200 1.37600
vt 4.59150 1.33750
vt 4.65050 1.36600
vt 4.64150 1.40250
vt 1.44550 1.33050
vt 1.40050 1.36600
vt 4.56150 1.46050
vt 4.57250 1.41600
vt 1.43700 1.09900
vt 1.51750 1.06350
vt 1.10250 1.36900
vt 1.06050 1.42950
vt 3.85050 1.92900
vt 4.05500 1.95800
vt 4.01500 2.15300
vt 3.81600 2.13100
vt 3.36900 2.09250
vt 3.39050 1.87700
vt 3.62450 1.90100
vt 3.59600 2.11050
vt 3.14850 2.07700
vt 3.16350 1.85650
vt 2.95850 1.84050
vt 2.94650 2.06500
vt 2.61950 1.81650
vt 2.77700 1.82500
vt 2.77450 2.05350
vt 2.61900 2.04700
vt 3.05400 3.92400
vt 3.06000 3.74000
vt 3.23050 3.74150
vt 3.21900 3.92550
vt 2.89400 3.74050
vt 2.89300 3.92450
vt 2.75250 3.74200
vt 2.75000 3.92650
vt 2.61550 3.74200
vt 2.61500 3.92650
vt 4.62800 2.04800
vt 4.57650 2.22650
vt 4.55650 2.22600
vt 4.60900 2.04750
vt 4.03700 3.91550
vt 4.05200 3.92150
vt 3.97000 4.15000
vt 3.95800 4.14350
vt 2.77050 5.36350
vt 2.77150 5.38900
vt 2.61800 5.39950
vt 2.61800 5.37350
vt 2.95300 5.33700
vt 2.95600 5.36100
vt 3.35950 5.28950
vt 3.16400 5.32850
vt 3.15850 5.30550
vt 3.35200 5.26850
vt 4.23450 1.99000
vt 4.18750 2.17750
vt 4.41150 2.02600
vt 4.36300 2.20650
vt 4.30450 2.19650
vt 4.35550 2.01450
vt 2.89750 4.20150
vt 3.06150 4.20100
vt 3.07400 4.30850
vt 2.90450 4.31000
vt 3.09100 4.41400
vt 2.91400 4.41700
vt 3.26050 4.40900
vt 3.23900 4.30800
vt 3.22350 4.20350
vt 3.28450 4.50400
vt 3.10950 4.51300
vt 3.10000 4.46350
vt 3.27250 4.45550
vt 2.92400 4.51800
vt 2.91900 4.46750
vt 2.61500 4.20350
vt 2.75150 4.20350
vt 2.75350 4.31250
vt 2.61550 4.31250
vt 2.75650 4.42050
vt 2.61550 4.42050
vt 2.75950 4.52250
vt 2.75800 4.47150
vt 2.61600 4.52250
vt 2.61600 4.47150
vt 2.75000 4.07000
vt 2.61500 4.07000
vt 2.89300 4.06800
vt 3.05350 4.06750
vt 3.21550 4.07050
vt 3.62950 3.96450
vt 3.67400 3.77350
vt 3.78200 3.80350
vt 3.72800 4.00400
vt 3.85500 3.83350
vt 3.89150 3.84950
vt 3.82550 4.06150
vt 3.79450 4.04350
vt 3.57400 4.24000
vt 3.59550 4.11500
vt 3.68500 4.15500
vt 3.65150 4.26900
vt 3.77400 4.21150
vt 3.74600 4.19400
vt 3.72750 4.31650
vt 3.70200 4.29150
vt 3.56750 4.32050
vt 3.62250 4.33000
vt 3.60050 4.35150
vt 3.57100 4.36800
vt 3.68950 4.37450
vt 3.66500 4.35150
vt 3.64300 4.41550
vt 3.61950 4.38050
vt 3.58650 4.44500
vt 3.57750 4.40800
vt 3.49000 4.09200
vt 3.48100 4.22250
vt 3.36400 4.07750
vt 3.36650 4.21000
vt 3.37550 3.93100
vt 3.51250 3.94350
vt 3.51000 5.24950
vt 3.50100 5.23000
vt 3.59600 5.19100
vt 3.60550 5.20900
vt 3.66650 5.15000
vt 3.67600 5.16700
vt 3.48500 4.31350
vt 3.49800 4.39450
vt 3.51650 4.46950
vt 3.50600 4.42750
vt 3.42350 4.49000
vt 3.41100 4.44400
vt 3.37950 4.30950
vt 3.40000 4.40300
vt 3.54500 3.75600
vt 3.39600 3.74600
vt 3.90400 4.30050
vt 3.89400 4.29450
vt 3.89400 4.92650
vt 3.90400 4.93850
vt 3.84400 5.01900
vt 3.83450 5.00550
vt 3.79450 5.07200
vt 3.78500 5.05750
vt 3.73750 5.12100
vt 3.72850 5.10550
vt 0.96450 2.14400
vt 0.92250 1.94850
vt 1.12850 1.91950
vt 1.16400 2.12250
vt 1.35850 1.89100
vt 1.59650 1.86650
vt 1.61850 2.08250
vt 1.38700 2.10100
vt 1.82700 1.84550
vt 1.84200 2.06650
vt 2.03500 1.82950
vt 2.04700 2.05400
vt 2.21950 1.81350
vt 2.22200 2.04250
vt 2.38000 1.80450
vt 2.38050 2.03600
vt 1.75700 3.72900
vt 1.93100 3.72700
vt 1.93700 3.91050
vt 1.76850 3.91250
vt 2.10000 3.72650
vt 2.10100 3.91050
vt 2.24450 3.72800
vt 2.24700 3.91200
vt 2.38400 3.72800
vt 2.38450 3.91200
vt 0.43200 2.21200
vt 0.37950 2.03250
vt 0.41500 2.02850
vt 0.46650 2.20750
vt 0.46800 2.02450
vt 0.51700 2.20350
vt 1.06000 4.11150
vt 0.98200 3.88800
vt 1.02050 3.86750
vt 1.09500 4.08650
vt 1.03750 4.12950
vt 0.95600 3.90300
vt 2.23050 5.35350
vt 2.05100 5.32950
vt 2.06050 5.26750
vt 2.23400 5.28850
vt 2.38250 5.36300
vt 2.38300 5.29650
vt 2.38200 5.40550
vt 2.22850 5.39450
vt 2.04450 5.36950
vt 1.84950 5.30050
vt 1.83850 5.33750
vt 1.64350 5.29950
vt 1.65900 5.26550
vt 1.86600 5.24300
vt 1.68250 5.21300
vt 0.58950 2.00800
vt 0.76500 1.97450
vt 0.80750 2.16450
vt 0.64600 2.18850
vt 1.74150 4.35250
vt 1.91050 4.35500
vt 1.89250 4.46750
vt 1.71850 4.45950
vt 1.76550 4.18750
vt 1.93050 4.18500
vt 1.91950 4.28750
vt 1.75300 4.28700
vt 2.08550 4.35700
vt 2.09050 4.28850
vt 2.09650 4.18500
vt 2.07550 4.47100
vt 2.23900 4.47500
vt 2.24250 4.35950
vt 2.24550 4.18700
vt 2.24400 4.29000
vt 2.38400 4.35950
vt 2.38400 4.29000
vt 2.38450 4.18650
vt 2.38350 4.47500
vt 2.10050 4.05400
vt 2.24700 4.05550
vt 2.38450 4.05550
vt 1.93700 4.05400
vt 1.77200 4.05700
vt 1.21000 3.78500
vt 1.30650 3.76100
vt 1.35150 3.95100
vt 1.26700 3.98050
vt 1.17550 4.03150
vt 1.11350 3.82250
vt 1.22850 4.17850
vt 1.31100 4.12850
vt 1.38700 4.09950
vt 1.41100 4.22100
vt 1.34500 4.24100
vt 1.27600 4.28100
vt 1.41000 4.40300
vt 1.35550 4.37600
vt 1.38800 4.32200
vt 1.42100 4.33900
vt 1.36400 4.30450
vt 1.31200 4.33750
vt 1.42000 4.29650
vt 1.60850 3.91850
vt 1.62000 4.06400
vt 1.49250 4.07850
vt 1.46900 3.93100
vt 1.50400 4.20550
vt 1.62000 4.19400
vt 1.41650 5.19300
vt 1.34500 5.15550
vt 1.37250 5.11600
vt 1.44400 5.14950
vt 1.51150 5.22950
vt 1.53850 5.18200
vt 1.49350 5.26000
vt 1.39800 5.22000
vt 1.32700 5.17950
vt 1.57850 4.44600
vt 1.60000 4.34850
vt 1.48250 4.42650
vt 1.49800 4.34400
vt 1.50300 4.29150
vt 1.61050 4.28850
vt 1.43550 3.74500
vt 1.58800 3.73450
vt 1.18050 4.35450
vt 1.12250 4.25850
vt 1.15350 4.23350
vt 1.20950 4.33100
vt 1.16250 4.37250
vt 1.10250 4.27700
vt 1.28400 5.11550
vt 1.31150 5.07950
vt 1.26600 5.13700
vt 1.21050 4.42900
vt 1.22850 4.41100
vt 1.21050 5.09150
vt 1.22850 5.07250
vt 1.25650 5.04000
vt 1.18050 5.02500
vt 1.20950 4.99500
vt 4.07000 2.22650
vt 4.01650 2.04800
vt 4.02900 2.04550
vt 4.08200 2.22400
vt 4.03950 2.04150
vt 4.09200 2.22050
vt 0.36450 2.03700
vt 0.41650 2.21650
vt 0.40950 2.22050
vt 0.35750 2.04150
vt 4.83800 4.15000
vt 4.70900 3.92150
vt 4.72200 3.92200
vt 4.85150 4.15150
vt 4.73200 3.91900
vt 4.86100 4.14750
vt 4.73800 3.91250
vt 4.86650 4.14000
vt 0.94400 3.91250
vt 1.02750 4.14000
vt 2.77200 5.40550
vt 2.61800 5.41700
vt 2.22800 4.65650
vt 2.22750 4.65250
vt 2.38150 4.65350
vt 2.38200 4.65850
vt 2.95850 5.37950
vt 2.95900 5.38700
vt 2.77250 5.41050
vt 2.04200 4.63650
vt 2.04450 4.62200
vt 2.22850 4.62900
vt 2.22800 4.64300
vt 2.04100 4.64850
vt 2.38200 4.64400
vt 2.38200 4.62950
vt 3.16750 5.34600
vt 3.16800 5.35350
vt 3.36550 5.31350
vt 3.36450 5.30600
vt 1.64350 4.60200
vt 1.83850 4.61500
vt 1.83400 4.62900
vt 1.63750 4.61550
vt 1.83200 4.64050
vt 1.63450 4.62650
vt 3.51600 5.26500
vt 3.61150 5.22350
vt 3.61300 5.23000
vt 3.51750 5.27200
vt 3.68250 5.18050
vt 3.68400 5.18750
vt 1.31950 4.53350
vt 1.32700 4.52100
vt 1.39800 4.55500
vt 1.39000 4.56800
vt 1.38700 4.57850
vt 1.31600 4.54350
vt 1.49350 4.58250
vt 1.48600 4.59600
vt 1.48250 4.60650
vt 5.01900 4.39850
vt 4.93850 4.30050
vt 4.95200 4.30100
vt 5.03200 4.39800
vt 4.96150 4.29650
vt 5.04100 4.39250
vt 1.09400 4.28800
vt 4.96600 4.28800
vt 5.04450 4.38350
vt 1.15450 4.38350
vt 3.74400 5.13450
vt 5.14200 4.50000
vt 5.18750 4.54350
vt 5.18050 4.54950
vt 5.13450 4.50600
vt 3.84950 5.03200
vt 3.80000 5.08550
vt 5.09350 4.44950
vt 5.08550 4.45550
vt 1.20300 4.44050
vt 1.26600 4.47800
vt 1.25850 4.49000
vt 1.25500 4.50000
vt 1.19950 4.44950
vt 1.15000 4.39250
vt 4.55950 2.04550
vt 4.50900 2.22350
vt 4.46000 2.21950
vt 4.50900 2.04150
vt 3.96350 3.88250
vt 4.00150 3.90000
vt 3.92600 4.12400
vt 3.89200 4.10300
vt 2.76700 5.30000
vt 2.61700 5.30900
vt 2.61650 5.24900
vt 2.76400 5.24100
vt 2.94450 5.27700
vt 2.93600 5.22100
vt 3.14400 5.24900
vt 3.13050 5.19600
vt 3.33250 5.21600
vt 3.31300 5.16650
vt 3.86600 4.27550
vt 3.83550 4.25400
vt 3.80900 4.37650
vt 3.78150 4.35650
vt 3.78150 4.94500
vt 3.80900 4.97400
vt 3.76050 5.02300
vt 3.73450 4.99100
vt 3.70400 5.06750
vt 3.67850 5.03200
vt 3.64150 5.10900
vt 3.61700 5.06950
vt 3.47800 5.18150
vt 3.45500 5.13550
vt 3.57100 5.14600
vt 3.54700 5.10350
vt 0.50200 2.02200
vt 0.55200 2.20100
vt 0.53700 2.01700
vt 0.58800 2.19700
vt 1.07550 3.84050
vt 1.14400 4.05250
vt 1.04850 3.85350
vt 1.11950 4.06950
vt 2.06600 5.23200
vt 2.23600 5.25100
vt 2.06600 4.54600
vt 2.07050 4.51800
vt 2.23750 4.52250
vt 2.23600 4.55000
vt 2.38350 4.52250
vt 2.38300 5.25800
vt 2.38300 4.55000
vt 1.70650 4.50400
vt 1.88350 4.51350
vt 1.87600 4.54100
vt 1.69600 4.53050
vt 1.87600 5.20950
vt 1.69600 5.18200
vt 1.19900 4.19950
vt 1.25050 4.30000
vt 1.17600 4.21650
vt 1.23000 4.31550
vt 1.40050 4.43350
vt 1.34250 4.39850
vt 1.38900 5.09150
vt 1.32900 5.05700
vt 1.38900 4.45550
vt 1.32900 4.41700
vt 1.25650 4.38750
vt 1.27550 4.37150
vt 1.29300 4.35550
vt 1.27550 5.01950
vt 1.46050 5.12300
vt 1.47200 4.46300
vt 1.46050 4.48700
vt 1.56600 4.48750
vt 1.55450 5.15300
vt 1.55450 4.51300
vt 3.86600 4.89800
vt 4.42050 2.21500
vt 4.47150 2.03700
vt 3.86450 4.08600
vt 3.93250 3.86800
vt 2.61650 5.21350
vt 2.76200 5.20650
vt 2.93100 5.18800
vt 3.12100 5.16500
vt 3.30050 5.13700
vt 3.81050 4.23700
vt 3.75900 4.34000
vt 3.73450 4.41500
vt 3.71450 4.39800
vt 3.67850 4.46250
vt 3.66150 4.44350
vt 3.60150 5.04500
vt 3.66150 5.01050
vt 3.44050 5.10750
vt 3.53200 5.07700
vt 2.76200 4.57250
vt 2.61650 4.57300
vt 2.93100 4.56800
vt 3.12100 4.56300
vt 3.30050 4.55250
vt 3.60150 4.48050
vt 3.44050 4.53600
vt 3.53200 4.51100
vt 3.97000 2.37250
vt 3.92650 2.59200
vt 3.74250 2.57850
vt 3.77850 2.35500
vt 3.88200 2.81200
vt 3.83800 3.02600
vt 3.67100 3.01600
vt 3.70650 2.80100
vt 3.30650 2.78550
vt 3.32650 2.55750
vt 3.53850 2.56700
vt 3.51050 2.79250
vt 3.48450 3.00850
vt 3.28800 3.00350
vt 3.34750 2.32600
vt 3.56700 2.33950
vt 3.13500 2.31450
vt 3.12000 2.55000
vt 3.10700 2.78050
vt 3.09500 3.00050
vt 2.92650 2.54350
vt 2.93550 2.30550
vt 2.91100 2.99800
vt 2.91800 2.77650
vt 2.77250 2.29750
vt 2.76850 2.53800
vt 2.61800 2.53500
vt 2.61850 2.29250
vt 2.76150 2.99700
vt 2.76450 2.77350
vt 2.61700 2.99550
vt 2.61750 2.77150
vt 3.06800 3.56850
vt 2.89600 3.56800
vt 2.90050 3.39050
vt 3.07600 3.39100
vt 3.25700 3.39300
vt 3.24350 3.57000
vt 2.75550 3.56950
vt 2.61600 3.56900
vt 2.61600 3.39050
vt 2.75750 3.39100
vt 2.75900 3.20150
vt 2.61650 3.20050
vt 2.90550 3.20150
vt 3.08500 3.20250
vt 3.27200 3.20500
vt 4.51500 2.43550
vt 4.45250 2.64800
vt 4.43150 2.64750
vt 4.49400 2.43500
vt 4.38650 2.86800
vt 4.31950 3.08750
vt 4.29950 3.08600
vt 4.36600 2.86650
vt 4.25300 3.30050
vt 4.18650 3.50900
vt 4.16800 3.50500
vt 4.23350 3.29800
vt 4.11950 3.71550
vt 4.10200 3.71050
vt 4.08300 2.60750
vt 4.03050 2.82600
vt 3.97850 3.03950
vt 4.13400 2.39200
vt 4.30600 2.41600
vt 4.24800 2.62800
vt 4.19000 2.62100
vt 4.24600 2.40750
vt 4.18700 2.84500
vt 4.12550 3.05950
vt 4.07400 3.05250
vt 4.13200 2.83800
vt 3.71350 3.59750
vt 3.57450 3.58300
vt 3.60600 3.40450
vt 3.75400 3.41600
vt 3.79550 3.22650
vt 3.63800 3.21600
vt 3.43750 3.39700
vt 3.41600 3.57400
vt 3.46050 3.20950
vt 3.92750 3.24200
vt 3.87750 3.43500
vt 4.06600 3.26500
vt 4.00700 3.46350
vt 3.96150 3.45300
vt 4.01700 3.25650
vt 3.94950 3.65750
vt 3.90650 3.64400
vt 3.82850 3.62100
vt 1.68100 2.77550
vt 1.69950 2.99300
vt 1.49900 2.99900
vt 1.47300 2.78300
vt 1.44500 2.55800
vt 1.66100 2.54750
vt 1.27400 2.79250
vt 1.23800 2.57000
vt 1.30950 3.00700
vt 1.20150 2.34650
vt 1.41650 2.33050
vt 1.64000 2.31600
vt 1.09950 2.80300
vt 1.05450 2.58300
vt 1.14350 3.01650
vt 1.01100 2.36350
vt 1.88400 2.77000
vt 1.87100 2.53950
vt 2.06750 2.53300
vt 2.07550 2.76550
vt 2.08300 2.98650
vt 1.89600 2.98900
vt 1.85600 2.30450
vt 2.05800 2.29500
vt 2.22850 2.52750
vt 2.23200 2.76250
vt 2.23550 2.98550
vt 2.22400 2.28650
vt 2.38050 2.28200
vt 2.38150 2.52400
vt 2.38200 2.76050
vt 2.38250 2.98400
vt 1.92300 3.55550
vt 1.74400 3.55800
vt 1.73050 3.38150
vt 1.91500 3.37850
vt 2.09350 3.37800
vt 2.09800 3.55500
vt 2.24000 3.37850
vt 2.24150 3.55600
vt 2.38350 3.37800
vt 2.38350 3.55600
vt 2.08900 3.18950
vt 2.23800 3.18950
vt 2.38300 3.18850
vt 1.90650 3.19100
vt 1.71600 3.19400
vt 0.65500 2.84850
vt 0.59000 2.63000
vt 0.63650 2.62500
vt 0.70100 2.84250
vt 0.76600 3.05950
vt 0.72100 3.06700
vt 0.52800 2.41700
vt 0.57550 2.41300
vt 0.62200 2.85450
vt 0.55650 2.63500
vt 0.68950 3.07400
vt 0.49400 2.42200
vt 0.91750 3.68600
vt 0.85150 3.48300
vt 0.89350 3.47050
vt 0.95650 3.67000
vt 0.78650 3.27750
vt 0.83000 3.26750
vt 0.88950 3.69850
vt 0.82200 3.49350
vt 0.75550 3.28600
vt 0.85600 2.38000
vt 0.90700 2.59600
vt 0.76700 2.61100
vt 0.70950 2.39850
vt 1.01150 3.02750
vt 0.95900 2.81450
vt 0.82700 2.82800
vt 0.88750 3.04200
vt 1.54600 3.38600
vt 1.52350 3.19900
vt 1.34250 3.20650
vt 1.37500 3.39400
vt 1.56750 3.56300
vt 1.40600 3.57200
vt 1.26850 3.58550
vt 1.22750 3.40550
vt 1.18600 3.21650
vt 1.06100 3.63300
vt 1.00400 3.44200
vt 1.11150 3.42100
vt 1.16100 3.60550
vt 0.94650 3.24600
vt 1.06200 3.22900
vt 4.25950 2.86800
vt 4.18950 2.64800
vt 4.20150 2.64650
vt 4.27150 2.86650
vt 4.34850 3.08650
vt 4.33700 3.08750
vt 4.12800 2.43550
vt 4.13950 2.43350
vt 4.15000 2.43000
vt 4.21150 2.64300
vt 4.28150 2.86350
vt 4.35900 3.08350
vt 0.54050 2.63900
vt 0.47800 2.42600
vt 4.09900 2.21650
vt 4.15650 2.42600
vt 4.21850 2.63900
vt 0.67450 3.07900
vt 0.60700 2.85900
vt 4.28850 2.85900
vt 4.36600 3.07900
vt 4.61000 3.71550
vt 4.51200 3.50900
vt 4.52400 3.50850
vt 4.62250 3.71550
vt 4.42100 3.30050
vt 4.43300 3.30000
vt 4.44300 3.29650
vt 4.53450 3.50550
vt 4.63250 3.71250
vt 0.80800 3.50050
vt 0.74100 3.29200
vt 4.45000 3.29200
vt 4.54100 3.50050
vt 0.87600 3.70650
vt 4.63900 3.70650
vt 4.32300 2.86250
vt 4.25750 3.08050
vt 4.21250 3.07350
vt 4.27700 2.85700
vt 4.34100 2.63950
vt 4.38750 2.64400
vt 4.44900 2.43200
vt 4.40150 2.42800
vt 4.06500 3.69800
vt 4.02550 3.68450
vt 4.08750 3.48450
vt 4.12900 3.49550
vt 4.19300 3.29050
vt 4.14950 3.28150
vt 0.64750 2.40600
vt 0.70750 2.61800
vt 0.67200 2.62150
vt 0.61150 2.41000
vt 0.83350 3.04950
vt 0.77050 2.83450
vt 0.73550 2.83850
vt 0.80000 3.05400
vt 0.89550 3.25450
vt 0.95650 3.45350
vt 0.92550 3.46150
vt 0.86300 3.26100
vt 1.01650 3.64800
vt 0.98700 3.65850
vt 4.17400 3.06750
vt 4.23750 2.85200
vt 4.30050 2.63500
vt 4.36050 2.42350
vt 3.99100 3.67200
vt 4.05150 3.47500
vt 4.11200 3.27400
vt 1.25500 1.59200
vt 1.35350 1.61700
vt 1.48350 1.61000
vt 1.26500 1.10300
vt 1.66500 1.25400
vt 1.57950 1.55050
vt 1.64600 1.46700
vt 1.67850 1.35750
vt 1.90500 2.82150
vt 2.03900 2.85250
vt 1.70550 2.92150
vt 1.79400 2.85000
vt 1.67800 3.24500
vt 1.74550 3.32450
vt 1.84200 3.37500
# 4304 texture verticies
vn 0.01730 0.17010 0.98528
vn 0.01960 0.16010 0.98691
vn 0.05360 0.15650 0.98622
vn 0.04750 0.16619 0.98495
vn 0.02160 0.14230 0.98959
vn 0.05960 0.13950 0.98843
vn 0.08930 0.14960 0.98471
vn 0.07960 0.15950 0.98398
vn 0.09860 0.13320 0.98617
vn 0.13730 0.13900 0.98073
vn 0.12170 0.14710 0.98161
vn 0.15020 0.12460 0.98077
vn 0.21400 0.11000 0.97062
vn 0.19439 0.12159 0.97336
vn 0.17150 0.12510 0.97721
vn 0.29099 0.07380 0.95387
vn 0.31681 0.06980 0.94592
vn 0.36481 0.04640 0.92993
vn 0.33779 0.05590 0.93956
vn 0.34650 0.06330 0.93591
vn 0.39522 0.03950 0.91774
vn 0.25781 0.09670 0.96134
vn 0.23140 0.09620 0.96809
vn 0.28471 0.08940 0.95444
vn 0.05070 0.20741 0.97694
vn 0.03250 0.21260 0.97660
vn 0.03590 0.19651 0.97984
vn 0.05860 0.19060 0.97992
vn 0.03020 0.22429 0.97405
vn 0.04460 0.22021 0.97443
vn 0.01170 0.21461 0.97663
vn 0.01310 0.19979 0.97975
vn 0.01130 0.22519 0.97425
vn 0.18831 0.03900 0.98134
vn 0.28471 0.08730 0.95463
vn 0.30720 0.05220 0.95021
vn 0.24140 0.02550 0.97009
vn 0.25371 0.11410 0.96053
vn 0.12150 0.03190 0.99208
vn 0.30571 0.07010 0.94954
vn 0.29030 0.10090 0.95160
vn 0.27870 0.12810 0.95180
vn 0.29880 0.09470 0.94960
vn 0.27750 0.14710 0.94940
vn 0.26031 0.17230 0.95003
vn -0.48682 -0.09490 0.86833
vn -0.45540 -0.07880 0.88679
vn -0.60370 -0.07990 0.79320
vn -0.62319 -0.09820 0.77588
vn -0.42010 -0.07210 0.90461
vn -0.58101 -0.06960 0.81091
vn -0.61881 -0.20760 0.75761
vn -0.50122 -0.18491 0.84533
vn -0.51822 -0.14980 0.84203
vn -0.63862 -0.16361 0.75193
vn -0.47189 -0.22530 0.85238
vn -0.58589 -0.25720 0.76849
vn 0.39719 0.02180 0.91748
vn 0.36651 0.03350 0.92981
vn 0.42869 0.01090 0.90338
vn 0.37149 0.01050 0.92838
vn 0.40230 0.00250 0.91550
vn 0.33409 -0.01150 0.94247
vn 0.30339 -0.00440 0.95286
vn 0.43542 -0.01150 0.90015
vn 0.37239 -0.02690 0.92768
vn 0.14260 0.13590 0.98041
vn 0.20470 0.10560 0.97311
vn 0.18039 0.13370 0.97447
vn 0.11630 0.15571 0.98093
vn 0.27219 0.08630 0.95837
vn 0.25511 0.11350 0.96023
vn 0.31702 0.07240 0.94565
vn 0.04130 0.18100 0.98262
vn 0.01500 0.18470 0.98268
vn 0.06890 0.17430 0.98228
vn 0.27519 0.00730 0.96136
vn 0.33741 0.02550 0.94101
vn 0.33380 0.05050 0.94129
vn -0.63697 -0.12759 0.76026
vn -0.51090 -0.12020 0.85120
vn 0.07050 0.19480 0.97831
vn 0.08340 0.17670 0.98072
vn 0.06290 0.21161 0.97533
vn 0.10130 0.18140 0.97818
vn 0.09610 0.20529 0.97397
vn 0.10210 0.16070 0.98171
vn 0.16130 0.17380 0.97148
vn 0.14970 0.21220 0.96569
vn 0.23390 0.15270 0.96019
vn 0.21429 0.19429 0.95725
vn -0.09300 -0.15720 -0.98318
vn -0.05250 -0.16300 -0.98523
vn -0.04780 -0.17431 -0.98353
vn -0.08650 -0.16910 -0.98180
vn -0.05770 -0.14489 -0.98776
vn -0.10040 -0.13890 -0.98520
vn -0.02020 -0.14831 -0.98874
vn -0.01830 -0.16640 -0.98589
vn -0.01640 -0.17759 -0.98397
vn -0.14330 -0.14900 -0.97840
vn -0.15440 -0.13230 -0.97911
vn -0.12940 -0.13670 -0.98212
vn -0.18181 -0.10670 -0.97753
vn -0.19660 -0.13300 -0.97142
vn -0.21611 -0.11940 -0.96904
vn -0.35681 -0.04860 -0.93291
vn -0.30739 -0.07560 -0.94858
vn -0.27521 -0.07420 -0.95852
vn -0.32612 -0.05450 -0.94376
vn -0.34211 -0.06900 -0.93712
vn -0.39151 -0.04160 -0.91923
vn -0.22350 -0.08130 -0.97131
vn -0.25291 -0.10810 -0.96143
vn -0.28281 -0.09820 -0.95414
vn -0.03750 -0.22021 -0.97473
vn -0.01330 -0.22341 -0.97463
vn -0.01150 -0.24290 -0.96998
vn -0.03200 -0.23949 -0.97037
vn -0.05990 -0.23091 -0.97113
vn -0.05850 -0.21290 -0.97532
vn -0.26749 -0.15279 -0.95137
vn -0.28851 -0.13200 -0.94833
vn -0.31441 -0.09180 -0.94484
vn -0.28660 -0.11020 -0.95169
vn -0.26191 -0.15201 -0.95305
vn -0.24449 -0.17439 -0.95384
vn -0.29191 -0.09500 -0.95172
vn -0.31110 -0.05630 -0.94871
vn -0.27069 -0.12779 -0.95415
vn -0.01980 0.07770 -0.99678
vn 0.15319 0.07210 -0.98556
vn 0.20430 0.08290 -0.97539
vn 0.03960 0.08730 -0.99539
vn 0.10200 0.07190 -0.99218
vn -0.09140 0.07720 -0.99282
vn 0.11550 0.06290 -0.99131
vn 0.15690 0.05950 -0.98582
vn 0.20540 0.06850 -0.97628
vn 0.28301 0.10330 -0.95354
vn 0.28831 0.12670 -0.94912
vn 0.29849 0.13240 -0.94518
vn 0.28759 0.11309 -0.95105
vn 0.27901 0.15540 -0.94763
vn 0.29379 0.16060 -0.94228
vn 0.18871 0.11100 -0.97574
vn 0.15500 0.10230 -0.98260
vn 0.20400 0.13380 -0.96979
vn -0.36560 -0.03290 -0.93019
vn -0.39708 -0.02440 -0.91746
vn -0.43170 -0.01510 -0.90189
vn -0.39140 0.00430 -0.92021
vn -0.36010 -0.00620 -0.93289
vn -0.42368 0.02150 -0.90556
vn -0.30371 -0.07220 -0.95003
vn -0.27490 -0.08410 -0.95779
vn -0.23451 -0.12270 -0.96434
vn -0.25509 -0.07400 -0.96408
vn -0.19050 -0.15610 -0.96920
vn -0.04280 -0.19730 -0.97941
vn -0.06240 -0.19140 -0.97953
vn -0.01450 -0.19981 -0.97973
vn -0.33801 -0.05330 -0.93963
vn -0.33309 -0.02430 -0.94258
vn 0.25321 0.09800 -0.96243
vn 0.25181 0.08390 -0.96413
vn 0.10170 0.09740 -0.99003
vn -0.09840 -0.14961 -0.98384
vn -0.20881 -0.16841 -0.96335
vn -0.24029 -0.17889 -0.95407
vn -0.18950 -0.19150 -0.96302
vn -0.86004 -0.06370 0.50623
vn -0.86425 -0.08539 0.49577
vn -0.85712 -0.04770 0.51291
vn -0.97511 -0.00390 -0.22170
vn -0.96890 -0.01940 -0.24670
vn -0.97936 0.01190 -0.20179
vn -0.43140 0.06370 -0.89991
vn -0.48110 0.06170 -0.87449
vn -0.53690 0.06670 -0.84100
vn -0.86773 -0.17631 0.46472
vn -0.85414 -0.24291 0.45982
vn -0.82349 -0.31389 0.47259
vn -0.89624 -0.17931 -0.40572
vn -0.92997 -0.10970 -0.35089
vn -0.86486 -0.24889 -0.43598
vn -0.21111 0.02480 -0.97715
vn -0.28909 0.04240 -0.95636
vn -0.15450 0.02390 -0.98770
vn -0.86726 -0.12319 0.48238
vn -0.95619 -0.05310 -0.28790
vn -0.36768 0.05930 -0.92806
vn -0.44498 -0.17509 0.87826
vn -0.33720 -0.14750 0.92981
vn -0.32278 -0.11089 0.93995
vn -0.45723 -0.13881 0.87845
vn -0.33692 -0.18511 0.92316
vn -0.41962 -0.21301 0.88235
vn -0.24700 -0.06270 0.96699
vn -0.20131 -0.05410 0.97803
vn -0.37461 -0.06870 0.92463
vn -0.41260 -0.08320 0.90710
vn -0.16290 -0.05860 0.98490
vn -0.33670 -0.06590 0.93930
vn -0.44389 -0.10780 0.88957
vn -0.29049 -0.08190 0.95337
vn -0.15630 -0.03130 -0.98721
vn -0.17189 -0.01130 -0.98505
vn -0.13670 -0.04180 -0.98973
vn 0.10730 0.06130 -0.99233
vn 0.12040 0.07320 -0.99002
vn 0.12641 0.09160 -0.98774
vn -0.01980 0.04400 -0.99884
vn 0.02670 0.04550 -0.99861
vn -0.05940 0.05460 -0.99674
vn -0.26930 0.02250 -0.96279
vn -0.23240 0.01560 -0.97250
vn -0.30529 0.03870 -0.95147
vn -0.19909 0.00530 -0.97997
vn 0.07220 0.05170 -0.99605
vn 0.00000 0.17010 0.98543
vn 0.00000 0.16020 0.98708
vn 0.00000 0.14250 0.98979
vn 0.00000 0.21500 0.97661
vn 0.00000 0.20000 0.97980
vn 0.00000 0.18480 0.98278
vn 0.00000 -0.16651 -0.98604
vn 0.00000 -0.17770 -0.98409
vn -0.00000 -0.22350 -0.97470
vn 0.00000 -0.24310 -0.97000
vn -0.00000 -0.19990 -0.97982
vn -0.08210 -0.06380 0.99458
vn -0.02620 -0.04290 0.99874
vn -0.13280 -0.09670 0.98641
vn 0.10270 -0.03380 0.99414
vn 0.14140 -0.04770 0.98880
vn 0.06020 -0.03140 0.99769
vn 0.01950 -0.03400 0.99923
vn 0.01100 0.23001 0.97313
vn 0.02900 0.22940 0.97290
vn 0.02850 0.22931 0.97294
vn 0.01070 0.22951 0.97325
vn 0.04180 0.22750 0.97288
vn 0.04110 0.22920 0.97251
vn 0.06470 0.01040 0.99785
vn 0.20590 0.11830 0.97140
vn 0.15730 0.10480 0.98198
vn 0.02500 -0.01210 0.99961
vn 0.25120 0.18240 0.95059
vn 0.21510 0.18450 0.95901
vn -0.18500 -0.64219 0.74389
vn -0.14160 -0.66058 0.73728
vn -0.12540 -0.58788 0.79917
vn -0.16129 -0.56828 0.80687
vn -0.09420 -0.67369 0.73299
vn -0.08370 -0.60319 0.79319
vn -0.05750 -0.69404 0.71764
vn -0.04950 -0.61611 0.78611
vn -0.02140 -0.69530 0.71840
vn -0.01800 -0.61877 0.78536
vn -0.43869 -0.27040 0.85699
vn -0.54659 -0.31180 0.77719
vn -0.50060 -0.36880 0.78319
vn -0.40291 -0.31721 0.85851
vn 0.01070 0.22441 0.97444
vn 0.02840 0.22461 0.97404
vn 0.02790 0.20810 0.97771
vn 0.01050 0.20730 0.97822
vn 0.02590 0.16729 0.98557
vn 0.00980 0.16621 0.98604
vn 0.04090 0.21129 0.97657
vn 0.03760 0.17439 0.98396
vn 0.04140 0.22589 0.97327
vn 0.00510 -0.07800 0.99694
vn 0.01920 0.07830 0.99674
vn 0.02700 0.09220 0.99537
vn 0.00500 -0.05890 0.99825
vn 0.00710 0.07850 0.99689
vn 0.00150 -0.07560 0.99714
vn -0.00360 -0.06230 0.99805
vn 0.03050 0.09070 0.99541
vn 0.04720 0.08820 0.99498
vn -0.00080 -0.06570 0.99784
vn 0.04900 0.17520 0.98331
vn 0.07530 0.17330 0.98199
vn 0.05710 0.21420 0.97512
vn 0.09230 0.21411 0.97244
vn 0.10070 0.22980 0.96801
vn 0.05940 0.22870 0.97168
vn 0.05970 0.22959 0.97146
vn 0.10331 0.23101 0.96745
vn 0.06000 0.22401 0.97274
vn 0.09900 0.22321 0.96973
vn -0.37959 -0.50219 0.77699
vn -0.33109 -0.54839 0.76788
vn -0.28151 -0.47272 0.83504
vn -0.31688 -0.42948 0.84566
vn -0.27700 -0.59040 0.75809
vn -0.23660 -0.51549 0.82358
vn -0.19510 -0.54651 0.81441
vn -0.22760 -0.62069 0.75029
vn -0.37321 -0.35551 0.85693
vn -0.46001 -0.41431 0.78532
vn -0.42178 -0.45568 0.78387
vn -0.34501 -0.38981 0.85382
vn 0.13260 0.20439 0.96987
vn 0.10961 0.16581 0.98005
vn 0.16771 0.21081 0.96303
vn 0.13220 0.15700 0.97871
vn 0.17891 0.23921 0.95434
vn 0.14000 0.22381 0.96453
vn 0.14399 0.23789 0.96056
vn 0.18491 0.24061 0.95285
vn 0.19801 0.22711 0.95353
vn 0.14590 0.23789 0.96027
vn 0.20170 0.22780 0.95259
vn 0.16930 0.18849 0.96737
vn 0.22521 0.23021 0.94672
vn 0.13261 0.13491 0.98194
vn 0.13861 0.13681 0.98085
vn 0.12320 0.12130 0.98494
vn 0.17570 0.16340 0.97079
vn 0.24361 0.21110 0.94662
vn 0.07300 0.08560 0.99365
vn 0.00920 -0.06710 0.99770
vn 0.08740 0.08030 0.99293
vn 0.00630 -0.06900 0.99760
vn -0.01620 -0.07210 0.99727
vn 0.08460 0.07020 0.99394
vn 0.07160 0.05630 0.99584
vn -0.03780 -0.07820 0.99622
vn -0.00120 -0.03240 0.99947
vn 0.12120 0.08750 0.98876
vn 0.09440 0.07350 0.99282
vn -0.01870 -0.05320 0.99841
vn -0.00910 -0.23511 -0.97193
vn -0.02370 -0.23281 -0.97223
vn -0.02690 -0.24369 -0.96948
vn -0.01030 -0.24631 -0.96914
vn -0.02100 -0.21469 -0.97646
vn -0.00810 -0.21540 -0.97649
vn -0.03880 -0.23581 -0.97103
vn -0.03280 -0.22791 -0.97313
vn -0.02740 -0.21290 -0.97669
vn -0.24340 -0.16310 -0.95611
vn -0.21840 -0.18260 -0.95862
vn -0.19159 -0.19129 -0.96265
vn -0.22571 -0.17171 -0.95894
vn -0.17111 -0.20481 -0.96373
vn -0.15400 -0.20860 -0.96580
vn -0.24449 -0.14619 -0.95857
vn -0.21609 -0.14219 -0.96596
vn 0.06190 0.47772 -0.87633
vn 0.09530 0.46138 -0.88207
vn 0.08930 0.40641 -0.90932
vn 0.05520 0.41839 -0.90659
vn 0.11870 0.44081 -0.88972
vn 0.11090 0.39070 -0.91381
vn 0.05170 0.44361 -0.89473
vn 0.07990 0.42810 -0.90019
vn 0.09720 0.40469 -0.90927
vn 0.02890 0.42789 -0.90337
vn 0.03320 0.48280 -0.87510
vn 0.01070 0.42938 -0.90306
vn 0.01130 0.48721 -0.87321
vn 0.02160 0.40920 -0.91219
vn 0.00640 0.41431 -0.91011
vn 0.27971 0.19421 -0.94024
vn 0.26371 0.18740 -0.94622
vn 0.24410 0.21850 -0.94481
vn 0.26070 0.22960 -0.93772
vn 0.20700 0.16570 -0.96421
vn 0.20289 0.20149 -0.95825
vn -0.02480 -0.19390 -0.98071
vn -0.01990 -0.19210 -0.98117
vn -0.01890 -0.15900 -0.98710
vn -0.02290 -0.16520 -0.98599
vn -0.00760 -0.19111 -0.98154
vn -0.00720 -0.15630 -0.98768
vn -0.00720 -0.10830 -0.99409
vn -0.01850 -0.11270 -0.99346
vn -0.02290 -0.12381 -0.99204
vn -0.01680 -0.04280 -0.99894
vn -0.02140 -0.06100 -0.99791
vn -0.00660 -0.04050 -0.99916
vn -0.02810 -0.13830 -0.98999
vn -0.02970 -0.17270 -0.98453
vn -0.03310 -0.19370 -0.98050
vn -0.03770 -0.20641 -0.97774
vn -0.06480 -0.19151 -0.97935
vn -0.06000 -0.17781 -0.98223
vn -0.06890 -0.19871 -0.97763
vn -0.05350 -0.15309 -0.98676
vn -0.02380 -0.07470 -0.99692
vn -0.04440 -0.09230 -0.99474
vn -0.04560 -0.21650 -0.97522
vn -0.05210 -0.20331 -0.97773
vn -0.07340 -0.20329 -0.97636
vn -0.08010 -0.19601 -0.97733
vn 0.15200 0.35279 -0.92327
vn 0.12640 0.37420 -0.91869
vn 0.13661 0.41902 -0.89764
vn 0.16270 0.39100 -0.90590
vn 0.19511 0.35591 -0.91393
vn 0.18420 0.32700 -0.92690
vn 0.22101 0.32471 -0.91963
vn 0.21150 0.29901 -0.93052
vn 0.13350 0.35860 -0.92390
vn 0.16379 0.32689 -0.93076
vn 0.18351 0.29612 -0.93736
vn 0.11030 0.38331 -0.91701
vn 0.23050 0.28851 -0.92932
vn 0.21510 0.26120 -0.94101
vn 0.22659 0.24199 -0.94345
vn 0.24520 0.26050 -0.93382
vn 0.19080 0.26451 -0.94532
vn 0.19930 0.23520 -0.95129
vn -0.12860 -0.17130 -0.97679
vn -0.14200 -0.18551 -0.97233
vn -0.13950 -0.18029 -0.97367
vn -0.13480 -0.18530 -0.97339
vn -0.14460 -0.20500 -0.96802
vn -0.16491 -0.19351 -0.96714
vn -0.19510 -0.16670 -0.96651
vn -0.16041 -0.16401 -0.97333
vn -0.15021 -0.19541 -0.96915
vn -0.10680 -0.19371 -0.97523
vn -0.10950 -0.20260 -0.97312
vn -0.10210 -0.17870 -0.97859
vn -0.09290 -0.16220 -0.98238
vn -0.11340 -0.20400 -0.97238
vn -0.12110 -0.17710 -0.97671
vn -0.08040 -0.10960 -0.99072
vn -0.11560 -0.12370 -0.98556
vn -0.12760 -0.13660 -0.98237
vn -0.14230 -0.15680 -0.97732
vn -0.16960 -0.14290 -0.97510
vn -0.19230 -0.13140 -0.97250
vn -0.07790 -0.21879 -0.97266
vn -0.07180 -0.23649 -0.96898
vn -0.11450 -0.14220 -0.98319
vn -0.18800 -0.82230 0.53710
vn -0.12611 -0.83175 0.54063
vn -0.24971 -0.80503 0.53812
vn -0.30489 -0.80898 -0.50259
vn -0.22841 -0.82972 -0.50931
vn -0.16100 -0.84291 -0.51340
vn 0.00100 0.15040 -0.98862
vn -0.00830 0.13031 -0.99144
vn 0.00320 0.16639 -0.98605
vn -0.07630 -0.84012 0.53701
vn -0.04480 -0.83698 0.54539
vn -0.10041 -0.85665 -0.50603
vn -0.04490 -0.87335 -0.48503
vn -0.00670 0.12450 -0.99220
vn -0.00560 0.10670 -0.99428
vn -0.77773 -0.39021 0.49282
vn -0.83123 -0.32531 -0.45081
vn -0.78725 -0.41337 -0.45757
vn -0.71605 -0.46943 0.51663
vn -0.11480 0.03350 -0.99282
vn -0.08200 0.04630 -0.99556
vn -0.45402 -0.70493 0.54492
vn -0.38082 -0.74963 0.54132
vn -0.52831 -0.64961 0.54671
vn -0.60492 -0.63122 -0.48542
vn -0.52591 -0.69591 -0.48901
vn -0.45700 -0.74040 -0.49290
vn -0.31279 -0.78188 0.53928
vn -0.38501 -0.77791 -0.49661
vn -0.01860 0.12100 -0.99248
vn -0.01560 0.11350 -0.99342
vn -0.00620 0.09990 -0.99498
vn -0.01340 0.08850 -0.99599
vn -0.59829 -0.58739 0.54499
vn -0.65640 -0.53090 0.53600
vn -0.68558 -0.55349 -0.47289
vn -0.73948 -0.48439 -0.46749
vn -0.05220 0.06470 -0.99654
vn -0.03490 0.07790 -0.99635
vn -0.32330 -0.22110 0.92010
vn -0.39111 -0.25290 0.88492
vn -0.36119 -0.29419 0.88487
vn -0.30449 -0.25709 0.91716
vn -0.06150 -0.45000 0.89091
vn -0.07839 -0.55336 0.82924
vn -0.04550 -0.56371 0.82472
vn -0.03520 -0.46167 0.88635
vn -0.01650 -0.56691 0.82361
vn -0.01320 -0.46271 0.88641
vn -0.29110 -0.28930 0.91190
vn -0.33699 -0.32839 0.88238
vn -0.31440 -0.35850 0.87900
vn -0.27779 -0.31829 0.90638
vn 0.13730 0.12030 -0.98320
vn 0.14331 0.15191 -0.97795
vn -0.09660 -0.02950 -0.99489
vn -0.05720 -0.00250 -0.99836
vn 0.05350 0.26251 -0.96344
vn 0.02790 0.26410 -0.96409
vn 0.06710 0.25910 -0.96352
vn 0.00570 0.07170 -0.99741
vn 0.00150 0.06570 -0.99784
vn -0.00390 0.07540 -0.99715
vn -0.00570 0.09460 -0.99550
vn 0.01280 0.27751 -0.96064
vn -0.00180 0.09330 -0.99564
vn 0.00510 0.27610 -0.96111
vn 0.07360 0.25419 -0.96435
vn 0.09210 0.24910 -0.96409
vn -0.01370 0.05850 -0.99819
vn -0.02220 0.05550 -0.99821
vn -0.00190 0.05970 -0.99821
vn 0.00290 0.02960 -0.99956
vn 0.12840 0.24739 -0.96037
vn 0.14890 0.21590 -0.96500
vn 0.14200 0.18350 -0.97271
vn 0.14080 0.17300 -0.97481
vn -0.03760 0.01550 -0.99917
vn -0.02120 0.01570 -0.99965
vn 0.00000 0.23021 0.97314
vn 0.00000 0.22539 0.97427
vn 0.00000 -0.65790 0.75310
vn 0.00000 -0.61602 0.78773
vn 0.00000 0.22449 0.97448
vn 0.00000 0.22960 0.97329
vn 0.00000 0.16860 0.98568
vn 0.00000 0.20801 0.97813
vn 0.00000 -0.06570 0.99784
vn 0.00000 0.08460 0.99641
vn 0.00000 -0.23571 -0.97182
vn 0.00000 -0.21609 -0.97637
vn -0.00000 -0.24679 -0.96907
vn 0.00000 0.42601 -0.90472
vn 0.00000 0.48931 -0.87211
vn 0.00000 0.41281 -0.91082
vn 0.00000 -0.19181 -0.98143
vn 0.00000 -0.15710 -0.98758
vn 0.00000 -0.10940 -0.99400
vn 0.00000 -0.04470 -0.99900
vn 0.00000 -0.82918 0.55899
vn 0.00000 0.01070 -0.99994
vn 0.00000 0.26889 -0.96317
vn 0.00000 0.08520 -0.99636
vn -0.11840 -0.53970 0.83349
vn -0.15100 -0.52241 0.83922
vn -0.09741 -0.44473 0.89035
vn -0.12530 -0.43720 0.89059
vn -0.26399 -0.43239 0.86218
vn -0.29380 -0.39289 0.87139
vn -0.23431 -0.37881 0.89532
vn -0.26409 -0.34869 0.89926
vn -0.22101 -0.47331 0.85272
vn -0.18890 -0.40760 0.89341
vn -0.18130 -0.50279 0.84518
vn -0.15071 -0.42652 0.89184
vn -0.15760 -0.13030 0.97887
vn -0.16709 -0.16009 0.97286
vn -0.05240 -0.26720 0.96221
vn -0.06760 -0.26951 0.96062
vn -0.02840 -0.26440 0.96400
vn -0.01550 -0.28121 0.95952
vn -0.00630 -0.27911 0.96024
vn -0.14570 -0.25570 0.95571
vn -0.17441 -0.24131 0.95465
vn -0.10500 -0.26510 0.95849
vn -0.07910 -0.26900 0.95989
vn -0.17459 -0.18789 0.96655
vn -0.17660 -0.21510 0.96049
vn 0.00000 -0.56429 0.82558
vn 0.00000 -0.45679 0.88958
vn 0.00000 -0.26901 0.96314
vn 0.02380 0.07710 0.99674
vn 0.02490 0.03730 0.99899
vn 0.07000 0.03500 0.99693
vn 0.06760 0.07490 0.99490
vn 0.02550 -0.00670 0.99965
vn 0.07090 -0.00930 0.99744
vn 0.02290 0.11070 0.99359
vn 0.06390 0.10850 0.99204
vn 0.11120 0.07130 0.99124
vn 0.10580 0.10360 0.98898
vn 0.11440 0.03200 0.99292
vn 0.11580 -0.01300 0.99319
vn 0.22940 0.08380 0.96972
vn 0.16071 0.09690 0.98223
vn 0.37211 0.03970 0.92734
vn 0.42758 0.01390 0.90387
vn 0.30601 0.06470 0.94983
vn 0.49822 -0.06590 0.86454
vn 0.43112 -0.03430 0.90164
vn 0.45090 -0.07970 0.88901
vn 0.52091 -0.11220 0.84621
vn 0.40131 0.00510 0.91593
vn 0.46308 -0.02470 0.88597
vn 0.36879 -0.05010 0.92816
vn 0.35309 -0.00490 0.93558
vn 0.26121 0.01620 0.96515
vn 0.27110 -0.02920 0.96211
vn 0.32928 0.03300 0.94365
vn 0.24559 0.05380 0.96788
vn 0.48171 -0.68142 0.55102
vn 0.47079 -0.72599 0.50129
vn 0.56878 -0.67588 0.46869
vn 0.57740 -0.63460 0.51370
vn 0.45620 -0.77959 0.42910
vn 0.55659 -0.72739 0.40139
vn 0.54071 -0.77731 0.32160
vn 0.43850 -0.82979 0.34520
vn 0.41990 -0.86860 0.26310
vn 0.52240 -0.81761 0.24210
vn 0.34231 -0.89914 0.27271
vn 0.35770 -0.86319 0.35630
vn 0.28630 -0.88340 0.37100
vn 0.27609 -0.91816 0.28419
vn 0.37281 -0.81483 0.44392
vn 0.29592 -0.83526 0.46343
vn 0.30279 -0.78068 0.54668
vn 0.38531 -0.76142 0.52132
vn 0.39400 -0.71559 0.57679
vn 0.30570 -0.73280 0.60790
vn 0.40360 -0.89380 0.19550
vn 0.50508 -0.84496 0.17589
vn 0.39100 -0.90850 0.14750
vn 0.49043 -0.86186 0.12911
vn 0.38149 -0.91697 0.11680
vn 0.47832 -0.87254 0.09940
vn 0.25521 -0.95795 0.13111
vn 0.31272 -0.94155 0.12531
vn 0.31979 -0.93447 0.15650
vn 0.26070 -0.95139 0.16400
vn 0.26749 -0.93945 0.21419
vn 0.32949 -0.92168 0.20480
vn 0.23340 -0.78401 0.57520
vn 0.23211 -0.84233 0.48642
vn 0.23030 -0.73191 0.64131
vn 0.22761 -0.89293 0.38841
vn 0.22170 -0.92879 0.29700
vn 0.17641 -0.84164 0.51042
vn 0.17410 -0.89672 0.40691
vn 0.17010 -0.93533 0.31021
vn 0.16861 -0.71902 0.67422
vn 0.17490 -0.77740 0.60420
vn 0.16599 -0.95845 0.23199
vn 0.21620 -0.95049 0.22320
vn 0.16210 -0.97122 0.17450
vn 0.21149 -0.96255 0.16959
vn 0.20680 -0.96920 0.13370
vn 0.15791 -0.97814 0.13531
vn 0.04710 -0.94192 0.33251
vn 0.04590 -0.96795 0.24691
vn 0.11380 -0.96376 0.24129
vn 0.11720 -0.93873 0.32411
vn 0.04480 -0.98206 0.18319
vn 0.11060 -0.97748 0.17970
vn 0.10760 -0.98468 0.13720
vn 0.04380 -0.98934 0.13891
vn 0.04380 -0.69060 0.72190
vn 0.04720 -0.75982 0.64842
vn 0.12040 -0.76662 0.63071
vn 0.11420 -0.70178 0.70318
vn 0.04860 -0.83448 0.54889
vn 0.12220 -0.83680 0.53370
vn 0.12060 -0.89683 0.42561
vn 0.04830 -0.89798 0.43739
vn 0.03460 -0.54033 0.84074
vn 0.03920 -0.62258 0.78157
vn 0.10430 -0.63699 0.76379
vn 0.09380 -0.55599 0.82588
vn 0.02840 -0.32781 0.94432
vn 0.03080 -0.44232 0.89633
vn 0.08460 -0.45689 0.88549
vn 0.07810 -0.33931 0.93743
vn 0.13590 -0.48121 0.86601
vn 0.12759 -0.35908 0.92454
vn 0.14660 -0.58111 0.80051
vn 0.15810 -0.65960 0.73480
vn 0.12240 -0.23739 0.96367
vn 0.07480 -0.22391 0.97174
vn 0.07300 -0.13170 0.98860
vn 0.11910 -0.14050 0.98289
vn 0.02640 -0.12650 0.99161
vn 0.02720 -0.21610 0.97599
vn 0.02600 -0.05760 0.99800
vn 0.07190 -0.06110 0.99554
vn 0.11720 -0.06680 0.99086
vn 0.22381 -0.67762 0.70053
vn 0.21641 -0.60212 0.76852
vn 0.20900 -0.50259 0.83888
vn 0.20230 -0.37739 0.90369
vn 0.30638 -0.61026 0.73055
vn 0.30581 -0.51322 0.80193
vn 0.30349 -0.38978 0.86946
vn 0.30619 -0.68248 0.66368
vn 0.62791 -0.43450 0.64571
vn 0.67961 -0.40671 0.61051
vn 0.68711 -0.45801 0.56401
vn 0.63661 -0.48311 0.60111
vn 0.69030 -0.50350 0.51960
vn 0.64119 -0.52669 0.55809
vn 0.64259 -0.56209 0.52069
vn 0.69029 -0.54050 0.48100
vn 0.68818 -0.56708 0.45258
vn 0.64169 -0.58719 0.49339
vn 0.66061 -0.58691 0.46811
vn 0.66380 -0.55440 0.50200
vn 0.58407 -0.59467 0.55247
vn 0.66508 -0.50969 0.54579
vn 0.58951 -0.53901 0.60161
vn 0.59192 -0.46882 0.65562
vn 0.66313 -0.45502 0.59432
vn 0.65631 -0.39210 0.64461
vn 0.58870 -0.38680 0.70980
vn 0.49079 -0.63629 0.59519
vn 0.49960 -0.57240 0.65020
vn 0.40070 -0.66779 0.62729
vn 0.40750 -0.59890 0.68940
vn 0.41280 -0.50710 0.75660
vn 0.41418 -0.39198 0.82146
vn 0.50609 -0.48939 0.71019
vn 0.50720 -0.38870 0.76920
vn 0.54081 -0.20290 0.81631
vn 0.59780 -0.17990 0.78120
vn 0.62308 -0.23229 0.74687
vn 0.56760 -0.25840 0.78170
vn 0.64611 -0.29021 0.70592
vn 0.59198 -0.31889 0.74018
vn 0.61271 -0.37971 0.69311
vn 0.66550 -0.35010 0.65920
vn 0.64279 -0.32479 0.69378
vn 0.57789 -0.30299 0.75779
vn 0.62411 -0.25941 0.73702
vn 0.56173 -0.22781 0.79534
vn 0.54234 -0.16421 0.82396
vn 0.60219 -0.20000 0.77289
vn 0.57818 -0.14859 0.80227
vn 0.49980 -0.28730 0.81710
vn 0.48650 -0.20200 0.85001
vn 0.40849 -0.27489 0.87038
vn 0.29781 -0.26391 0.91742
vn 0.39751 -0.17921 0.89993
vn 0.28971 -0.16241 0.94323
vn 0.28061 -0.08520 0.95603
vn 0.38381 -0.10510 0.91741
vn 0.46959 -0.13320 0.87278
vn -0.57002 -0.12260 0.81243
vn -0.39240 -0.14920 0.90761
vn -0.39349 -0.19149 0.89917
vn -0.57303 -0.15661 0.80444
vn -0.56348 -0.09570 0.82057
vn -0.38959 -0.11430 0.91387
vn -0.56412 -0.07450 0.82233
vn -0.39548 -0.08480 0.91455
vn -0.54970 -0.65640 0.51670
vn -0.35559 -0.76847 0.53198
vn -0.36360 -0.79891 0.47910
vn -0.55582 -0.68222 0.47502
vn -0.37301 -0.82032 0.43351
vn -0.56261 -0.70122 0.43791
vn -0.38231 -0.83412 0.39761
vn -0.56998 -0.71298 0.40839
vn -0.57252 -0.50022 0.64962
vn -0.39350 -0.58870 0.70610
vn -0.37878 -0.63107 0.67696
vn -0.56331 -0.53831 0.62682
vn -0.36491 -0.68003 0.63593
vn -0.55460 -0.58080 0.59590
vn -0.54990 -0.62140 0.55810
vn -0.35690 -0.72731 0.58621
vn -0.57990 -0.46000 0.67240
vn -0.40422 -0.54583 0.73394
vn -0.58299 -0.41230 0.70009
vn -0.40921 -0.49341 0.76752
vn -0.57778 -0.31969 0.75098
vn -0.40240 -0.38750 0.82941
vn -0.40800 -0.43830 0.80090
vn -0.58168 -0.36349 0.72768
vn -0.57467 -0.27818 0.76966
vn -0.39660 -0.33850 0.85330
vn -0.57311 -0.23581 0.78482
vn -0.39321 -0.28760 0.87331
vn -0.39270 -0.23780 0.88839
vn -0.57318 -0.19469 0.79597
vn 0.48249 -0.04610 0.87469
vn 0.42330 -0.06300 0.90380
vn 0.46979 -0.01870 0.88258
vn 0.51270 -0.15150 0.84510
vn 0.57081 -0.13130 0.81052
vn 0.46879 -0.10630 0.87689
vn 0.52770 -0.08850 0.84481
vn 0.55257 -0.10150 0.82726
vn 0.51201 -0.05960 0.85691
vn 0.65540 -0.62230 0.42800
vn 0.64712 -0.66872 0.36611
vn 0.68437 -0.59778 0.41748
vn 0.64002 -0.61722 0.45762
vn 0.67780 -0.64120 0.35980
vn 0.63540 -0.66140 0.39850
vn 0.62602 -0.70812 0.32661
vn 0.66699 -0.68649 0.28959
vn 0.65222 -0.72592 0.21831
vn 0.61159 -0.74949 0.25340
vn 0.61852 -0.75492 0.21801
vn 0.63459 -0.71549 0.29219
vn 0.57130 -0.81650 0.08340
vn 0.58570 -0.80281 0.11160
vn 0.60147 -0.78356 0.15579
vn 0.63550 -0.75580 0.15780
vn 0.59388 -0.78158 0.19089
vn 0.61920 -0.77690 0.11410
vn 0.57589 -0.80449 0.14540
vn 0.60392 -0.79242 0.08570
vn 0.55828 -0.82156 0.11559
vn 0.19620 -0.25100 0.94790
vn 0.19090 -0.14980 0.97011
vn 0.18629 -0.07310 0.97977
vn 0.18210 -0.01760 0.98312
vn 0.17010 0.06620 0.98320
vn 0.17780 0.02780 0.98367
vn -0.11060 -0.07270 -0.99120
vn -0.06700 -0.07270 -0.99510
vn -0.06320 -0.11410 -0.99146
vn -0.10690 -0.10860 -0.98832
vn -0.03740 -0.04640 -0.99822
vn -0.02320 -0.08670 -0.99596
vn -0.09870 -0.02610 -0.99478
vn -0.02210 -0.11780 -0.99279
vn 1.00000 0.00000 0.00000
vn -0.07280 -0.01480 -0.99724
vn -0.04270 0.00580 -0.99907
vn -0.16281 -0.10330 -0.98124
vn -0.23080 -0.08810 -0.96900
vn -0.30562 -0.06900 -0.94965
vn -0.37090 -0.04230 -0.92771
vn -0.42612 -0.01470 -0.90455
vn -0.32960 -0.03400 -0.94351
vn -0.24480 -0.05370 -0.96809
vn -0.40131 -0.00550 -0.91593
vn -0.26210 -0.01710 -0.96489
vn -0.35359 0.00660 -0.93538
vn -0.36938 0.05320 -0.92775
vn -0.26751 0.03190 -0.96303
vn -0.43162 0.03580 -0.90134
vn -0.45128 0.08240 -0.88857
vn -0.49772 0.06710 -0.86474
vn -0.52001 0.11400 -0.84652
vn -0.46253 0.02490 -0.88625
vn -0.28520 0.88901 -0.35821
vn -0.35601 0.86973 -0.34181
vn -0.34221 0.90113 -0.26621
vn -0.27690 0.91938 -0.27940
vn -0.43611 0.83732 -0.32971
vn -0.41882 0.87124 -0.25601
vn -0.36978 0.82797 -0.42158
vn -0.45271 0.79422 -0.40531
vn -0.29330 0.84740 -0.44260
vn -0.53508 0.78697 -0.30719
vn -0.51801 0.82212 -0.23620
vn -0.55003 0.74444 -0.37852
vn -0.56219 0.69849 -0.44279
vn -0.46690 0.74610 -0.47470
vn -0.47813 0.70025 -0.53014
vn -0.57120 0.65611 -0.49320
vn -0.39071 0.73262 -0.55732
vn -0.38168 0.77976 -0.49628
vn -0.29952 0.79815 -0.52273
vn -0.30271 0.74921 -0.58911
vn -0.38240 0.91610 -0.12050
vn -0.31551 0.94013 -0.12890
vn -0.32200 0.93340 -0.15840
vn -0.39161 0.90792 -0.14940
vn -0.26031 0.95604 -0.13501
vn -0.26479 0.94976 -0.16689
vn -0.47559 0.87348 -0.10410
vn -0.48748 0.86307 -0.13220
vn -0.50161 0.84702 -0.17590
vn -0.40359 0.89407 -0.19429
vn -0.33071 0.92144 -0.20391
vn -0.27009 0.93857 -0.21479
vn -0.17040 0.93521 -0.31040
vn -0.17250 0.90102 -0.39801
vn -0.22640 0.89778 -0.37779
vn -0.22260 0.92930 -0.29470
vn -0.17330 0.85318 -0.49199
vn -0.22931 0.85394 -0.46712
vn -0.23000 0.80150 -0.55200
vn -0.22721 0.74882 -0.62261
vn -0.17130 0.79552 -0.58121
vn -0.16529 0.73727 -0.65507
vn -0.21289 0.96717 -0.13880
vn -0.21631 0.96062 -0.17440
vn -0.21919 0.94908 -0.22629
vn -0.16599 0.96926 -0.18159
vn -0.16819 0.95667 -0.23769
vn -0.16300 0.97640 -0.14170
vn -0.11010 0.98334 -0.14461
vn -0.11240 0.97568 -0.18820
vn -0.11439 0.96186 -0.24849
vn -0.11660 0.93832 -0.32551
vn -0.04490 0.98029 -0.19240
vn -0.04560 0.96592 -0.25480
vn -0.04630 0.94133 -0.33431
vn -0.04430 0.98816 -0.14689
vn -0.11859 0.90096 -0.41738
vn -0.11921 0.84854 -0.51553
vn -0.11709 0.78536 -0.60787
vn -0.11120 0.72103 -0.68393
vn -0.04690 0.84651 -0.53031
vn -0.04550 0.77930 -0.62500
vn -0.04240 0.71071 -0.70221
vn -0.04700 0.90203 -0.42911
vn -0.13550 0.48970 -0.86130
vn -0.08400 0.46600 -0.88079
vn -0.07820 0.34620 -0.93490
vn -0.12799 0.36578 -0.92186
vn -0.09240 0.56813 -0.81774
vn -0.14529 0.59237 -0.79246
vn -0.03390 0.55307 -0.83245
vn -0.03040 0.45172 -0.89164
vn -0.02820 0.33479 -0.94187
vn -0.03810 0.63887 -0.76837
vn -0.10211 0.65254 -0.75084
vn -0.15569 0.67407 -0.72207
vn -0.02650 0.13100 -0.99103
vn -0.02930 0.06120 -0.99770
vn -0.07420 0.04350 -0.99629
vn -0.07360 0.13150 -0.98858
vn -0.02710 0.22159 -0.97476
vn -0.07520 0.22941 -0.97042
vn -0.12319 0.24309 -0.96215
vn -0.12000 0.14530 -0.98208
vn -0.12790 -0.05000 -0.99053
vn -0.33439 -0.93416 -0.12460
vn -0.30380 0.39520 -0.86690
vn -0.30531 0.51972 -0.79792
vn -0.20879 0.50998 -0.83446
vn -0.20280 0.38350 -0.90100
vn -0.30490 0.61910 -0.72370
vn -0.21520 0.61201 -0.76101
vn -0.22150 0.69049 -0.68859
vn -0.30391 0.69453 -0.65213
vn -0.57843 0.61093 -0.54053
vn -0.66352 0.56931 -0.48541
vn -0.65960 0.60740 -0.44270
vn -0.66568 0.51849 -0.53669
vn -0.58452 0.55042 -0.59613
vn -0.67359 0.59379 -0.44009
vn -0.67587 0.56187 -0.47698
vn -0.67619 0.52019 -0.52169
vn -0.67342 0.47072 -0.57002
vn -0.66450 0.45670 -0.59150
vn -0.65823 0.38832 -0.64493
vn -0.66590 0.41790 -0.61800
vn -0.58771 0.47561 -0.65451
vn -0.58562 0.39051 -0.71032
vn -0.41358 0.39698 -0.81936
vn -0.41149 0.51338 -0.75307
vn -0.40551 0.60782 -0.68272
vn -0.50420 0.49590 -0.70701
vn -0.49712 0.58223 -0.64333
vn -0.50621 0.39330 -0.76751
vn -0.39810 0.68011 -0.61561
vn -0.48780 0.65020 -0.58250
vn -0.57557 0.30569 -0.75847
vn -0.64530 0.31930 -0.69400
vn -0.62733 0.25351 -0.73633
vn -0.55990 0.23030 -0.79591
vn -0.65201 0.36201 -0.66621
vn -0.63313 0.30241 -0.71253
vn -0.61038 0.24439 -0.75347
vn -0.60611 0.19420 -0.77131
vn -0.58280 0.14320 -0.79990
vn -0.58498 0.19169 -0.78807
vn -0.54100 0.16640 -0.82440
vn -0.38432 0.10891 -0.91675
vn -0.28159 0.08930 -0.95537
vn -0.39790 0.18350 -0.89889
vn -0.29070 0.16710 -0.94211
vn -0.46978 0.13649 -0.87217
vn -0.48641 0.20550 -0.84922
vn -0.29850 0.26900 -0.91571
vn -0.40849 0.27960 -0.86888
vn -0.49939 0.29119 -0.81598
vn 0.05600 0.13511 -0.98925
vn 0.07600 0.13320 -0.98817
vn 0.09020 0.09090 -0.99177
vn 0.06890 0.09590 -0.99300
vn 0.06740 0.23110 -0.97059
vn 0.07070 0.17900 -0.98131
vn 0.05290 0.17920 -0.98239
vn 0.05140 0.23090 -0.97162
vn -0.16649 0.18539 -0.96846
vn -0.17050 0.23870 -0.95601
vn -0.15870 0.14050 -0.97728
vn -0.14180 0.10140 -0.98469
vn 0.21250 0.90230 -0.37510
vn 0.21670 0.90121 -0.37531
vn 0.20550 0.88799 -0.41140
vn 0.20180 0.88781 -0.41360
vn -0.00990 0.94462 -0.32801
vn -0.02060 0.92864 -0.37042
vn -0.03600 0.90536 -0.42313
vn 0.18670 0.86728 -0.46149
vn 0.16881 0.83965 -0.51623
vn -0.05470 0.87419 -0.48249
vn 0.18971 0.86863 -0.45771
vn 0.17240 0.84158 -0.51189
vn 0.15520 0.80762 -0.56891
vn 0.15240 0.80498 -0.57339
vn 0.14191 0.76734 -0.62534
vn 0.13770 0.76502 -0.62911
vn -0.07280 0.83623 -0.54352
vn -0.08830 0.79321 -0.60251
vn -0.09870 0.74871 -0.65551
vn 0.12720 0.72210 -0.68000
vn 0.12070 0.68237 -0.72097
vn -0.10490 0.70839 -0.69799
vn 0.13140 0.72389 -0.67729
vn 0.12470 0.68351 -0.71921
vn 0.11270 0.58573 -0.80264
vn 0.10150 0.52661 -0.84402
vn 0.09500 0.52098 -0.84827
vn 0.10740 0.58232 -0.80583
vn 0.08770 0.46941 -0.87862
vn 0.07980 0.46290 -0.88281
vn 0.11991 0.64003 -0.75894
vn 0.11550 0.63850 -0.76090
vn -0.11060 0.66358 -0.73988
vn -0.11950 0.60450 -0.78759
vn -0.13240 0.53890 -0.83190
vn -0.14751 0.47682 -0.86654
vn 0.06660 0.34881 -0.93482
vn 0.06470 0.28759 -0.95557
vn 0.05050 0.28651 -0.95674
vn 0.05440 0.34581 -0.93673
vn 0.07470 0.41119 -0.90848
vn 0.06470 0.40591 -0.91162
vn -0.16170 0.41721 -0.89431
vn -0.17080 0.35589 -0.91879
vn -0.17320 0.29580 -0.93941
vn -0.47448 0.01420 -0.88015
vn -0.46779 0.05730 -0.88198
vn -0.51740 0.05450 -0.85400
vn -0.55783 0.09631 -0.82435
vn -0.55781 0.14270 -0.81761
vn -0.51419 0.09960 -0.85188
vn -0.61761 0.75862 -0.20750
vn -0.63273 0.72484 -0.27251
vn -0.65223 0.70183 -0.28641
vn -0.63799 0.73659 -0.22450
vn -0.64501 0.68541 -0.33790
vn -0.66288 0.66368 -0.34659
vn -0.66974 0.62584 -0.39972
vn -0.65380 0.64410 -0.39710
vn -0.62151 0.76471 -0.17010
vn -0.60151 0.78441 -0.15130
vn -0.60482 0.78583 -0.12910
vn -0.58650 0.80240 -0.11030
vn -0.57272 0.81543 -0.08400
vn -0.58859 0.80198 -0.10190
vn -0.19889 0.02630 -0.97967
vn -0.19201 0.15461 -0.96914
vn -0.19721 0.25641 -0.94624
vn -0.17230 -0.06620 -0.98282
vn -0.86469 -0.06490 0.49809
vn -0.86251 -0.05150 0.50341
vn -0.85689 -0.04300 0.51370
vn -0.98101 0.07800 -0.17760
vn -0.98177 0.05740 -0.18119
vn -0.98037 0.10010 -0.16989
vn -0.85450 -0.03870 0.51800
vn -0.98131 0.03620 -0.18900
vn -0.57443 0.09301 -0.81325
vn -0.58909 0.12970 -0.79759
vn -0.59767 0.17069 -0.78336
vn -0.60233 0.21891 -0.76764
vn -0.86370 -0.34820 0.36440
vn -0.86126 -0.34208 0.37578
vn -0.92401 0.35790 0.13460
vn -0.92857 0.35369 0.11250
vn -0.85869 -0.33309 0.38949
vn -0.85651 -0.32120 0.40400
vn -0.93559 0.34240 0.08620
vn -0.94364 0.32608 0.05670
vn -0.50900 0.79750 -0.32390
vn -0.49118 0.82936 -0.26629
vn -0.47578 0.85286 -0.21509
vn -0.46681 0.86731 -0.17280
vn -0.85510 -0.30630 0.41830
vn -0.85511 -0.28770 0.43130
vn -0.95160 0.30610 0.02740
vn -0.95852 0.28501 0.00140
vn -0.85592 -0.26741 0.44261
vn -0.85687 -0.24739 0.45229
vn -0.96391 0.26550 -0.01950
vn -0.96749 0.25070 -0.03340
vn -0.56412 0.63892 -0.52302
vn -0.55580 0.67489 -0.48540
vn -0.54367 0.71657 -0.43698
vn -0.52760 0.75870 -0.38210
vn -0.85856 -0.22319 0.46158
vn -0.85899 -0.19600 0.47299
vn -0.96962 0.23950 -0.04980
vn -0.97263 0.22191 -0.06890
vn -0.85861 -0.16920 0.48390
vn -0.85837 -0.14579 0.49188
vn -0.97579 0.20060 -0.08720
vn -0.97821 0.18010 -0.10330
vn -0.59891 0.43090 -0.67501
vn -0.58940 0.48760 -0.64410
vn -0.57931 0.54711 -0.60421
vn -0.57058 0.59988 -0.56088
vn -0.85988 -0.12330 0.49539
vn -0.86200 -0.10170 0.49660
vn -0.97936 0.16159 -0.12140
vn -0.97999 0.14180 -0.13970
vn -0.86404 -0.08190 0.49672
vn -0.98020 0.12120 -0.15660
vn -0.60651 0.26950 -0.74801
vn -0.60778 0.32269 -0.72558
vn -0.60511 0.37721 -0.70111
vn -0.30631 -0.42051 0.85402
vn -0.06940 -0.47411 0.87772
vn -0.06970 -0.53027 0.84496
vn -0.31140 -0.47280 0.82431
vn -0.06660 -0.58441 0.80872
vn -0.31189 -0.52668 0.79078
vn -0.30571 -0.57641 0.75782
vn -0.05880 -0.63103 0.77353
vn -0.04690 -0.66588 0.74458
vn -0.29369 -0.61608 0.73088
vn -0.30101 -0.20631 0.93104
vn -0.09300 -0.22741 0.96935
vn -0.08240 -0.28490 0.95501
vn -0.29841 -0.25651 0.91932
vn -0.07410 -0.34849 0.93438
vn -0.29779 -0.31128 0.90246
vn -0.30070 -0.36740 0.88011
vn -0.07000 -0.41379 0.90768
vn -0.30210 -0.16040 0.93969
vn -0.10280 -0.17500 0.97919
vn -0.30270 -0.12080 0.94540
vn -0.11590 -0.12870 0.98489
vn -0.31190 -0.08520 0.94629
vn -0.13560 -0.08640 0.98699
vn -0.27590 -0.86340 0.42240
vn -0.04920 -0.92319 0.38119
vn -0.06400 -0.93733 0.34251
vn -0.28650 -0.87741 0.38480
vn -0.25471 -0.80772 0.53171
vn -0.02010 -0.86336 0.50418
vn -0.03310 -0.89968 0.43529
vn -0.26361 -0.84132 0.47191
vn -0.25370 -0.76271 0.59491
vn -0.01450 -0.81454 0.57993
vn -0.26250 -0.71031 0.65311
vn -0.01970 -0.75849 0.65139
vn -0.03250 -0.70468 0.70878
vn -0.27760 -0.65789 0.70009
vn -0.54248 0.61657 -0.57058
vn -0.54029 0.65189 -0.53209
vn -0.54320 0.57060 -0.61591
vn -0.17151 0.71303 -0.67983
vn -0.17490 0.67029 -0.72119
vn -0.17890 0.61631 -0.76691
vn -0.18400 0.55580 -0.81070
vn -0.18870 0.49541 -0.84792
vn -0.54154 0.51734 -0.66265
vn -0.53591 0.46221 -0.70651
vn -0.52429 0.40349 -0.74988
vn -0.50691 0.33951 -0.79232
vn -0.18989 0.43218 -0.88157
vn -0.18530 0.36420 -0.91270
vn -0.17440 0.29800 -0.93850
vn -0.15980 0.23770 -0.95810
vn -0.48458 0.27689 -0.82977
vn -0.45921 0.21971 -0.86073
vn -0.12110 0.13320 -0.98366
vn -0.09290 0.08810 -0.99177
vn -0.39139 0.11990 -0.91238
vn -0.34819 0.07560 -0.93437
vn -0.43270 0.16660 -0.88601
vn -0.14440 0.18220 -0.97260
vn -0.10659 0.91244 -0.39508
vn -0.12671 0.88214 -0.45362
vn -0.48419 0.83819 -0.25100
vn -0.50369 0.80719 -0.30780
vn -0.08680 0.93399 -0.34660
vn -0.46370 0.86150 -0.20690
vn -0.44369 0.87859 -0.17670
vn -0.06950 0.94797 -0.31069
vn -0.16590 0.75399 -0.63559
vn -0.53671 0.68711 -0.48971
vn -0.15659 0.79987 -0.57938
vn -0.52990 0.72830 -0.43450
vn -0.51959 0.76928 -0.37179
vn -0.14480 0.84378 -0.51679
vn -0.14580 -0.01940 -0.98912
vn -0.18031 -0.05740 -0.98193
vn 0.00000 0.03710 0.99931
vn 0.00000 -0.00700 0.99998
vn 0.00000 0.07690 0.99704
vn 0.00000 0.11060 0.99387
vn 0.00000 -0.94381 0.33050
vn 0.00000 -0.96942 0.24541
vn 0.00000 -0.98324 0.18229
vn 0.00000 -0.99036 0.13849
vn 0.00000 -0.69159 0.72229
vn 0.00000 -0.76139 0.64829
vn 0.00000 -0.83668 0.54769
vn 0.00000 -0.90019 0.43550
vn 0.00000 -0.62373 0.78164
vn 0.00000 -0.54180 0.84051
vn 0.00000 -0.32970 0.94409
vn 0.00000 -0.44409 0.89598
vn 0.00000 -0.21749 0.97606
vn 0.00000 -0.12741 0.99185
vn 0.00000 -0.05820 0.99830
vn -0.00000 -0.08630 -0.99627
vn -0.00000 -0.11750 -0.99307
vn -0.00000 -0.04670 -0.99891
vn 0.00000 0.00360 -0.99999
vn -0.00000 -0.14840 -0.98893
vn 0.00000 0.96736 -0.25339
vn 0.00000 0.94310 -0.33250
vn 0.00000 0.98149 -0.19150
vn 0.00000 0.98921 -0.14650
vn 0.00000 0.78102 -0.62451
vn 0.00000 0.71209 -0.70209
vn 0.00000 0.84862 -0.52901
vn 0.00000 0.90411 -0.42730
vn 0.00000 0.45380 -0.89110
vn 0.00000 0.33691 -0.94154
vn 0.00000 0.55479 -0.83199
vn 0.00000 0.64031 -0.76811
vn 0.00000 0.06190 -0.99808
vn 0.00000 0.13201 -0.99125
vn 0.00000 0.22319 -0.97477
vn 0.35502 -0.49163 0.79515
vn 0.36281 -0.54591 0.75522
vn 0.36929 -0.59558 0.71338
vn 0.37501 -0.63571 0.67471
vn 0.38019 -0.66349 0.64439
vn 0.27979 -0.23370 0.93118
vn 0.30380 -0.29500 0.90591
vn 0.32530 -0.36240 0.87341
vn 0.34271 -0.43062 0.83493
vn 0.25580 -0.17750 0.95030
vn 0.22039 -0.12800 0.96698
vn 0.18210 -0.08260 0.97980
vn 0.33628 -0.90456 0.26209
vn 0.31641 -0.92113 0.22671
vn 0.37380 -0.84429 0.38400
vn 0.35608 -0.87995 0.31448
vn 0.38599 -0.79768 0.46339
vn 0.38979 -0.74518 0.54108
vn 0.38631 -0.69622 0.60502
vn 0.37420 -0.92200 0.09940
vn 0.36932 -0.92484 0.09100
vn 0.45719 -0.88648 0.07170
vn 0.46778 -0.88016 0.08060
vn 0.24490 -0.96408 0.10280
vn 0.30260 -0.94798 0.09880
vn 0.30712 -0.94556 0.10771
vn 0.25001 -0.96163 0.11300
vn 0.19449 -0.97575 0.10040
vn 0.20129 -0.97297 0.11320
vn 0.15289 -0.98186 0.11210
vn 0.14540 -0.98467 0.09640
vn 0.04280 -0.99289 0.11110
vn 0.04140 -0.99501 0.09080
vn 0.09910 -0.99079 0.09230
vn 0.10410 -0.98837 0.11090
vn 0.13230 -0.95387 0.26949
vn 0.18811 -0.94413 0.27061
vn 0.19909 -0.93717 0.28649
vn 0.13451 -0.94804 0.28831
vn 0.08850 -0.95292 0.29001
vn 0.09140 -0.95734 0.27411
vn 0.05880 -0.95470 0.29170
vn 0.06230 -0.95841 0.27850
vn 0.02560 -0.95571 0.29320
vn 0.02720 -0.95923 0.28131
vn -0.57440 -0.72050 0.38850
vn -0.38799 -0.84277 0.37309
vn -0.38558 -0.85086 0.35688
vn -0.57392 -0.72733 0.37631
vn -0.34630 -0.77820 0.52390
vn -0.32510 -0.74569 0.58160
vn -0.55261 -0.59371 0.58491
vn -0.56162 -0.63842 0.52632
vn 0.01590 -0.31511 0.94892
vn 0.00790 -0.32179 0.94678
vn -0.00270 -0.08760 0.99615
vn -0.00940 -0.06140 0.99807
vn 0.02170 -0.35190 0.93579
vn -0.00310 -0.16980 0.98547
vn -0.05900 -0.17191 0.98334
vn -0.01040 -0.36268 0.93185
vn 0.01220 -0.35411 0.93512
vn -0.02350 -0.16719 0.98564
vn 0.54000 -0.83941 0.06160
vn 0.55807 -0.82706 0.06730
vn 0.54099 -0.83488 0.10150
vn 0.58936 -0.80475 0.07090
vn 0.56923 -0.81955 0.06570
vn 0.51721 -0.85031 0.09730
vn 0.09940 -0.95392 0.28311
vn 0.09800 -0.94803 0.30271
vn 0.12650 -0.94268 0.30879
vn 0.13120 -0.94990 0.28370
vn 0.09370 -0.93808 0.33349
vn 0.11860 -0.93230 0.34170
vn 0.14661 -0.92244 0.35722
vn 0.15910 -0.93318 0.32229
vn 0.16831 -0.94143 0.29221
vn 0.12270 -0.88231 0.45440
vn 0.13979 -0.91565 0.37688
vn 0.11451 -0.92535 0.36142
vn 0.10380 -0.89000 0.44400
vn 0.09130 -0.93097 0.35349
vn 0.08520 -0.89384 0.44022
vn 0.02950 -0.95771 0.28620
vn 0.02910 -0.95321 0.30090
vn 0.06870 -0.95096 0.30159
vn 0.06900 -0.95592 0.28541
vn 0.02820 -0.94363 0.32981
vn 0.06640 -0.94129 0.33100
vn 0.06480 -0.93277 0.35459
vn 0.06040 -0.88843 0.45502
vn 0.02770 -0.93548 0.35229
vn 0.02530 -0.89215 0.45103
vn 0.02880 -0.96041 0.27710
vn 0.06650 -0.95923 0.27471
vn 0.09640 -0.95811 0.26970
vn 0.13250 -0.95499 0.26540
vn 0.17781 -0.94653 0.26921
vn 0.35641 -0.88603 0.29651
vn 0.37971 -0.86913 0.31691
vn 0.42682 -0.86134 0.27551
vn 0.39461 -0.87803 0.27081
vn 0.43153 -0.85387 0.29102
vn 0.38770 -0.85719 0.33900
vn 0.31370 -0.86920 0.38220
vn 0.35411 -0.87443 0.33161
vn 0.28040 -0.89840 0.33800
vn 0.27391 -0.88852 0.36811
vn 0.32189 -0.88258 0.34269
vn 0.31260 -0.89680 0.31310
vn 0.32520 -0.87039 0.36969
vn 0.24809 -0.87248 0.42099
vn 0.26351 -0.87694 0.40192
vn 0.17780 -0.86819 0.46329
vn 0.26441 -0.88952 0.37261
vn 0.24769 -0.88246 0.39988
vn 0.24551 -0.87883 0.40912
vn 0.24670 -0.87560 0.41530
vn 0.23530 -0.87510 0.42290
vn 0.14429 -0.85246 0.50248
vn 0.15231 -0.83653 0.52632
vn 0.23230 -0.87149 0.43190
vn 0.17140 -0.83710 0.51950
vn 0.22989 -0.86995 0.43628
vn 0.28310 -0.91221 0.29620
vn 0.25981 -0.90993 0.32331
vn 0.21600 -0.92671 0.30750
vn 0.23370 -0.93088 0.28079
vn 0.25619 -0.92627 0.27639
vn 0.31520 -0.90519 0.28510
vn -0.13611 -0.19581 0.97115
vn -0.06180 -0.38758 0.91976
vn -0.13330 -0.42711 0.89432
vn -0.24029 -0.24429 0.93946
vn -0.20310 -0.46610 0.86110
vn -0.33680 -0.29120 0.89541
vn 0.24619 -0.90005 0.35958
vn 0.22450 -0.88669 0.40420
vn 0.21420 -0.87939 0.42520
vn 0.17059 -0.85077 0.49708
vn 0.14800 -0.86761 0.47471
vn 0.17669 -0.89906 0.40058
vn 0.20330 -0.91748 0.34189
vn 0.18650 -0.90582 0.38041
vn 0.34301 -0.89814 0.27511
vn 0.27559 -0.91886 0.28239
vn -0.32720 -0.67880 0.65740
vn -0.54948 -0.50858 0.66288
vn -0.33821 -0.58742 0.73522
vn -0.53850 -0.40410 0.73940
vn -0.30930 -0.52879 0.79039
vn -0.48767 -0.34528 0.80185
vn -0.41840 -0.31930 0.85029
vn -0.26239 -0.49578 0.82786
vn -0.45532 0.88684 -0.07870
vn -0.36969 0.92409 -0.09690
vn -0.37521 0.92102 -0.10460
vn -0.46541 0.88081 -0.08700
vn -0.31020 0.94399 -0.11250
vn -0.30540 0.94652 -0.10410
vn -0.25000 0.96229 -0.10720
vn -0.25551 0.95965 -0.11741
vn -0.20071 0.97414 -0.10380
vn -0.20800 0.97102 -0.11770
vn -0.15061 0.98363 -0.09890
vn -0.15850 0.98043 -0.11680
vn -0.10180 0.99032 -0.09440
vn -0.10690 0.98749 -0.11590
vn -0.04210 0.99477 -0.09310
vn -0.04340 0.99224 -0.11650
vn -0.20050 0.93680 -0.28670
vn -0.18950 0.94389 -0.27050
vn -0.13350 0.95379 -0.26920
vn -0.13580 0.94783 -0.28841
vn -0.09230 0.95735 -0.27379
vn -0.08930 0.95282 -0.29011
vn -0.06260 0.95846 -0.27829
vn -0.05920 0.95461 -0.29190
vn -0.02720 0.95932 -0.28101
vn -0.02560 0.95565 -0.29339
vn -0.00230 0.96198 -0.27310
vn 0.20650 0.92268 -0.32559
vn 0.21620 0.91272 -0.34671
vn -0.00690 0.95553 -0.29481
vn 0.20230 0.92209 -0.32990
vn 0.22040 0.91038 -0.35019
vn 0.08470 0.83610 -0.54200
vn 0.13060 0.82919 -0.54349
vn 0.14650 0.85629 -0.49529
vn 0.12160 0.86149 -0.49300
vn -0.19220 0.86750 -0.45880
vn -0.12330 0.89528 -0.42809
vn -0.03270 0.48469 -0.87408
vn -0.02820 0.46779 -0.88339
vn -0.03570 0.47522 -0.87914
vn -0.03920 0.47890 -0.87700
vn -0.01470 0.47668 -0.87896
vn -0.01230 0.46390 -0.88580
vn -0.02300 0.62892 -0.77713
vn -0.05120 0.64107 -0.76577
vn -0.06130 0.61412 -0.78683
vn -0.03840 0.48929 -0.87128
vn -0.02760 0.50889 -0.86039
vn -0.07290 0.64343 -0.76203
vn -0.07000 0.62582 -0.77682
vn -0.03260 0.48520 -0.87380
vn -0.01780 0.50559 -0.86259
vn -0.57258 0.81497 -0.08930
vn -0.55651 0.82672 -0.08260
vn -0.54368 0.83697 -0.06230
vn -0.55967 0.82585 -0.06890
vn -0.15170 0.93361 -0.32460
vn -0.13090 0.91180 -0.38920
vn -0.11090 0.92127 -0.37279
vn -0.12340 0.94338 -0.30789
vn -0.16930 0.94480 -0.28050
vn -0.15999 0.94037 -0.30019
vn -0.12840 0.94941 -0.28660
vn -0.13250 0.95322 -0.27170
vn -0.09730 0.94931 -0.29890
vn -0.09969 0.95455 -0.28089
vn -0.10050 0.95723 -0.27131
vn -0.09020 0.92702 -0.36401
vn -0.06400 0.92722 -0.36901
vn -0.06830 0.95249 -0.29680
vn -0.06950 0.95748 -0.27999
vn -0.06960 0.95935 -0.27351
vn -0.02870 0.95507 -0.29499
vn -0.02940 0.95976 -0.27929
vn -0.02960 0.96110 -0.27460
vn -0.02690 0.93039 -0.36559
vn -0.06690 0.96028 -0.27089
vn -0.09730 0.95908 -0.26589
vn -0.02880 0.96147 -0.27339
vn -0.13380 0.95591 -0.26140
vn -0.17910 0.94733 -0.26551
vn -0.43750 0.85829 -0.26820
vn -0.39149 0.86728 -0.30749
vn -0.36071 0.88483 -0.29491
vn -0.39770 0.87701 -0.26960
vn -0.35710 0.86319 -0.35690
vn -0.40879 0.86128 -0.30179
vn -0.29208 0.87125 -0.39448
vn -0.33458 0.88225 -0.33118
vn -0.31819 0.89588 -0.31009
vn -0.28330 0.89079 -0.35530
vn -0.28461 0.89953 -0.33141
vn -0.22190 0.87360 -0.43310
vn -0.19131 0.86194 -0.46952
vn -0.24369 0.88537 -0.39589
vn -0.22170 0.87020 -0.44000
vn -0.18310 0.85631 -0.48291
vn -0.17840 0.86418 -0.47049
vn -0.25199 0.88707 -0.38679
vn -0.26581 0.89524 -0.35762
vn -0.25770 0.92579 -0.27660
vn -0.23520 0.93140 -0.27780
vn -0.28550 0.91220 -0.29390
vn -0.31741 0.90442 -0.28511
vn -0.25990 0.91281 -0.31500
vn -0.21610 0.93010 -0.29700
vn 0.03200 0.58952 -0.80712
vn 0.05530 0.58659 -0.80799
vn 0.09320 0.62447 -0.77547
vn 0.06800 0.63210 -0.77190
vn 0.01490 0.54228 -0.84007
vn -0.00200 0.54502 -0.83842
vn -0.07440 0.67101 -0.73771
vn -0.07560 0.70132 -0.70882
vn -0.07260 0.73599 -0.67309
vn -0.19009 0.91776 -0.34868
vn -0.15750 0.89628 -0.41459
vn -0.22840 0.89940 -0.37270
vn -0.18270 0.87821 -0.44200
vn -0.24299 0.90808 -0.34109
vn -0.20209 0.92534 -0.32078
vn -0.27689 0.91838 -0.28269
vn -0.34438 0.89756 -0.27529
vn 0.11170 0.73281 -0.67121
vn 0.17651 0.72455 -0.66624
vn 0.14630 0.78672 -0.59972
vn 0.08220 0.79242 -0.60441
vn -0.16261 0.80805 -0.56623
vn -0.20710 0.83621 -0.50780
vn 0.13120 0.65049 -0.74809
vn 0.10080 0.66369 -0.74119
vn -0.07810 0.76717 -0.63667
vn -0.11359 0.78995 -0.60256
vn 0.11590 0.69247 -0.71207
vn 0.16360 0.67909 -0.71559
vn -0.86110 -0.36310 0.35590
vn -0.86447 -0.35319 0.35769
vn -0.92264 0.34552 0.17131
vn -0.92181 0.35590 0.15360
vn -0.46598 0.87387 -0.13860
vn -0.46299 0.87878 -0.11570
vn -0.85772 -0.19980 0.47371
vn -0.86099 -0.26110 0.43649
vn -0.92058 0.35849 0.15500
vn -0.92905 0.33992 0.14601
vn -0.61320 0.75820 -0.22160
vn -0.56829 0.79309 -0.21920
vn -0.02970 0.46730 0.88360
vn -0.05450 0.41471 0.90832
vn -0.03930 0.97567 0.21569
vn -0.09900 0.96011 0.26150
vn -0.07380 0.34589 0.93537
vn -0.14381 0.95254 0.26831
vn -0.10410 0.85350 -0.51060
vn -0.07740 0.86429 -0.49700
vn -0.03400 0.87423 -0.48432
vn -0.11420 0.34759 0.93067
vn -0.18670 0.94282 0.27611
vn -0.24921 0.92633 0.28251
vn -0.17490 0.34110 0.92361
vn -0.15661 0.86784 -0.47152
vn -0.12860 0.86070 -0.49260
vn -0.29832 0.30902 0.90306
vn -0.45330 0.23510 0.85980
vn -0.37069 0.88469 0.28270
vn -0.52140 0.81030 0.26750
vn -0.57850 0.15510 0.80080
vn -0.63927 0.72487 0.25669
vn -0.33871 0.85842 -0.38521
vn -0.27669 0.86276 -0.42318
vn -0.20819 0.87008 -0.44679
vn -0.80025 -0.00530 0.59964
vn -0.83757 -0.10930 0.53528
vn -0.84780 0.48710 0.20970
vn -0.89558 0.40529 0.18350
vn -0.61529 0.75289 -0.23360
vn -0.56268 0.78417 -0.26169
vn -0.66851 0.10250 0.73661
vn -0.71880 0.64860 0.25030
vn -0.73943 0.06130 0.67043
vn -0.78542 0.57112 0.23861
vn -0.48469 0.82549 -0.28920
vn -0.40250 0.85180 -0.33530
vn -0.29170 -0.88601 0.36040
vn -0.07450 -0.94452 0.31991
vn -0.06910 -0.95058 0.30269
vn -0.28439 -0.89518 0.34319
vn -0.09180 -0.87130 0.48210
vn -0.09290 -0.84251 0.53061
vn -0.22851 -0.79472 0.56232
vn -0.24430 -0.82439 0.51059
vn 0.02360 -0.40410 0.91441
vn 0.03110 -0.50919 0.86009
vn 0.01280 -0.50911 0.86061
vn 0.01030 -0.40261 0.91532
vn 0.02920 -0.41360 0.90999
vn 0.04190 -0.52659 0.84909
vn 0.02310 -0.41859 0.90788
vn 0.04050 -0.53450 0.84420
vn 0.00440 -0.43049 0.90258
vn 0.02880 -0.54769 0.83619
vn -0.12700 -0.80182 0.58391
vn -0.24320 -0.74009 0.62699
vn -0.16890 -0.73848 0.65278
vn -0.26680 -0.66010 0.70220
vn -0.16001 -0.68283 0.71284
vn -0.24380 -0.60081 0.76131
vn -0.20289 -0.56298 0.80118
vn -0.12720 -0.64588 0.75277
vn -0.15480 -0.53180 0.83260
vn -0.08760 -0.62161 0.77841
vn -0.03910 -0.45688 0.88867
vn -0.00210 -0.56831 0.82281
vn -0.09841 -0.49493 0.86335
vn -0.04500 -0.59590 0.80180
vn -0.06200 0.96021 -0.27230
vn -0.05730 0.95540 -0.28970
vn -0.41012 0.89924 -0.15221
vn -0.42462 0.89074 -0.16211
vn -0.25810 0.89050 -0.37470
vn -0.21930 0.87662 -0.42831
vn -0.00840 0.86342 -0.50441
vn -0.01500 0.88970 -0.45630
vn -0.03970 0.61989 -0.78369
vn -0.05510 0.64169 -0.76498
vn -0.05540 0.82888 -0.55668
vn -0.07840 0.84241 -0.53311
vn -0.02290 0.83372 -0.55171
vn -0.01560 0.62226 -0.78265
vn -0.09931 0.83375 -0.54313
vn -0.04930 0.65490 -0.75410
vn -0.05650 0.64591 -0.76132
vn -0.09110 0.83922 -0.53611
vn -0.15720 0.86709 -0.47270
vn -0.08520 0.84616 -0.52608
vn 0.08140 0.78343 -0.61612
vn 0.03120 0.83200 -0.55390
vn -0.06470 0.80038 -0.59599
vn -0.09200 0.80458 -0.58668
vn 0.02690 0.70430 -0.70940
vn 0.05950 0.71608 -0.69548
vn 0.08520 0.74061 -0.66651
vn -0.05230 0.81748 -0.57358
vn -0.00160 0.68923 -0.72454
vn -0.10490 0.81450 -0.57060
vn -0.10480 0.82429 -0.55639
vn -0.02870 0.66937 -0.74237
vn 0.00000 -0.99383 0.11090
vn 0.00000 -0.99589 0.09060
vn 0.00000 -0.95593 0.29361
vn 0.00000 -0.95953 0.28161
vn 0.00000 -0.33602 0.94185
vn 0.00000 -0.13840 0.99038
vn 0.00000 -0.95817 0.28619
vn 0.00000 -0.95375 0.30061
vn 0.00000 -0.94422 0.32931
vn 0.00000 -0.93646 0.35078
vn 0.00000 -0.89562 0.44481
vn 0.00000 -0.96081 0.27720
vn 0.00000 0.99568 -0.09280
vn 0.00000 0.99321 -0.11630
vn 0.00000 0.95959 -0.28140
vn 0.00000 0.95587 -0.29379
vn 0.00000 0.47141 -0.88192
vn 0.00000 0.46508 -0.88527
vn 0.00000 0.61321 -0.78992
vn 0.00000 0.96029 -0.27900
vn 0.00000 0.96156 -0.27459
vn 0.00000 0.95568 -0.29440
vn 0.00000 0.93213 -0.36211
vn 0.00000 0.96187 -0.27349
vn 0.00000 0.52901 0.84862
vn 0.00000 0.84923 -0.52802
vn 0.00000 -0.51500 0.85719
vn 0.00000 -0.40558 0.91406
vn 0.00000 0.84038 -0.54199
vn 0.00000 0.63138 -0.77547
vn 0.29670 -0.93150 0.21040
vn 0.28380 -0.93790 0.19950
vn 0.14590 -0.89759 0.41599
vn 0.11640 -0.87592 0.46821
vn 0.04730 -0.72008 0.69228
vn 0.01880 -0.72348 0.69008
vn 0.06670 -0.73876 0.67066
vn 0.07440 -0.74151 0.66681
vn 0.07730 -0.74371 0.66401
vn 0.05990 -0.85484 0.51542
vn -0.00410 -0.81870 0.57420
vn -0.02290 -0.77717 0.62888
vn -0.00130 -0.75030 0.66110
vn 0.03400 -0.74462 0.66662
vn 0.07240 -0.74279 0.66559
vn 0.05920 -0.74369 0.66589
vn 0.00000 -0.73137 0.68198
vn 0.44790 -0.89041 0.08100
vn 0.36479 -0.92596 0.09760
vn 0.35959 -0.92539 0.11980
vn 0.43991 -0.89201 0.10390
vn 0.43200 -0.89231 0.13100
vn 0.35521 -0.92293 0.14840
vn 0.35220 -0.91780 0.18330
vn 0.42489 -0.89028 0.16390
vn 0.22090 -0.96119 0.16530
vn 0.28650 -0.94459 0.16020
vn 0.29141 -0.94783 0.12920
vn 0.22889 -0.96445 0.13209
vn 0.28291 -0.93842 0.19830
vn 0.21399 -0.95476 0.20649
vn 0.23731 -0.96543 0.10780
vn 0.29710 -0.94900 0.10550
vn 0.18439 -0.97736 0.10380
vn 0.17381 -0.97633 0.12870
vn 0.16330 -0.97299 0.16320
vn 0.15370 -0.96621 0.20690
vn 0.13480 -0.98603 0.09780
vn 0.12480 -0.98459 0.12250
vn 0.11450 -0.98083 0.15770
vn 0.10620 -0.97342 0.20290
vn 0.09130 -0.99151 0.09260
vn 0.03880 -0.99520 0.08980
vn 0.03610 -0.99276 0.11459
vn 0.08410 -0.98949 0.11760
vn 0.07680 -0.98508 0.15400
vn 0.07080 -0.97719 0.20020
vn 0.03320 -0.98799 0.15090
vn 0.02960 -0.97981 0.19770
vn 0.13800 -0.94532 0.29551
vn 0.09060 -0.95088 0.29599
vn 0.09360 -0.95487 0.28189
vn 0.14141 -0.94893 0.28201
vn 0.20279 -0.93477 0.29169
vn 0.20609 -0.93825 0.27788
vn 0.05960 -0.95339 0.29580
vn 0.02550 -0.95485 0.29599
vn 0.02610 -0.95953 0.28041
vn 0.06150 -0.95773 0.28101
vn 0.06530 -0.96691 0.24660
vn 0.02750 -0.96913 0.24501
vn 0.09870 -0.96351 0.24880
vn 0.14641 -0.95695 0.25061
vn 0.20931 -0.94593 0.24781
vn -0.56929 -0.73138 0.37549
vn -0.37790 -0.85521 0.35470
vn -0.37010 -0.85209 0.37010
vn -0.56439 -0.72779 0.38959
vn -0.56012 -0.71943 0.41072
vn -0.36338 -0.84466 0.39308
vn -0.35881 -0.83302 0.42111
vn -0.55730 -0.70669 0.43590
vn -0.55749 -0.68949 0.46239
vn -0.35712 -0.81773 0.45142
vn -0.35579 -0.80237 0.47918
vn -0.55910 -0.67150 0.48630
vn -0.56582 -0.65683 0.49842
vn -0.35670 -0.79261 0.49450
vn 0.49920 -0.85851 0.11730
vn 0.51213 -0.85415 0.09031
vn 0.48590 -0.86101 0.15020
vn 0.52380 -0.84900 0.06950
vn 0.49260 -0.86409 0.10340
vn 0.55030 -0.83191 0.07140
vn 0.53582 -0.83934 0.09170
vn 0.47342 -0.87194 0.12491
vn 0.45400 -0.87750 0.15450
vn 0.51991 -0.84581 0.11960
vn 0.50340 -0.85040 0.15300
vn 0.43411 -0.88072 0.18940
vn 0.40409 -0.87918 0.25249
vn 0.34680 -0.89931 0.26640
vn 0.35070 -0.90259 0.24970
vn 0.41380 -0.88039 0.23170
vn 0.41960 -0.88560 0.19910
vn 0.35142 -0.91015 0.21941
vn 0.27789 -0.91838 0.28169
vn 0.28069 -0.92206 0.26649
vn 0.28150 -0.92989 0.23680
vn 0.47400 -0.86059 0.18630
vn 0.46120 -0.85900 0.22230
vn 0.41468 -0.88086 0.22829
vn 0.48802 -0.85194 0.18981
vn 0.47150 -0.85180 0.22830
vn 0.39461 -0.87853 0.26921
vn 0.37059 -0.87966 0.29809
vn 0.44952 -0.85553 0.25691
vn 0.44372 -0.86134 0.24741
vn -0.22311 0.96026 -0.16771
vn -0.28779 0.94365 -0.16339
vn -0.28389 0.93768 -0.20040
vn -0.21571 0.95402 -0.20811
vn -0.29311 0.94673 -0.13340
vn -0.23189 0.96327 -0.13540
vn -0.35459 0.92257 -0.15209
vn -0.35899 0.92499 -0.12460
vn -0.35178 0.91746 -0.18579
vn -0.36440 0.92550 -0.10330
vn -0.29931 0.94774 -0.11050
vn -0.24130 0.96400 -0.11170
vn -0.43129 0.89218 -0.13420
vn -0.43889 0.89198 -0.10840
vn -0.42472 0.89003 -0.16571
vn -0.44680 0.89040 -0.08690
vn -0.16570 0.97232 -0.16470
vn -0.11630 0.98052 -0.15830
vn -0.12760 0.98411 -0.12350
vn -0.17730 0.97542 -0.13080
vn -0.10740 0.97323 -0.20321
vn -0.15529 0.96577 -0.20779
vn -0.18919 0.97616 -0.10640
vn -0.13860 0.98537 -0.09920
vn -0.07770 0.98500 -0.15410
vn -0.08560 0.98931 -0.11810
vn -0.07130 0.97716 -0.20019
vn -0.09340 0.99125 -0.09330
vn -0.03940 0.99513 -0.09030
vn -0.03650 0.99272 -0.11480
vn -0.03340 0.98800 -0.15080
vn -0.02960 0.97986 -0.19749
vn -0.13920 0.94509 -0.29570
vn -0.20420 0.93440 -0.29190
vn -0.20751 0.93784 -0.27821
vn -0.14260 0.94870 -0.28220
vn -0.09140 0.95074 -0.29621
vn -0.09430 0.95474 -0.28211
vn -0.05990 0.95331 -0.29600
vn -0.06180 0.95769 -0.28110
vn -0.02550 0.95479 -0.29620
vn -0.02610 0.95950 -0.28050
vn -0.09960 0.96337 -0.24899
vn -0.06560 0.96689 -0.24660
vn -0.02750 0.96913 -0.24501
vn -0.14780 0.95661 -0.25110
vn -0.21080 0.94539 -0.24860
vn 0.16350 0.91918 -0.35829
vn 0.16269 0.91917 -0.35869
vn 0.17070 0.92601 -0.33670
vn 0.17540 0.92539 -0.33600
vn 0.15809 0.90856 -0.38668
vn 0.15509 0.90904 -0.38677
vn 0.18969 0.92786 -0.32109
vn 0.18061 0.92904 -0.32291
vn -0.04280 0.95110 -0.30590
vn -0.02680 0.95830 -0.28450
vn -0.05490 0.94093 -0.33411
vn -0.00730 0.96267 -0.27059
vn 0.13921 0.87465 -0.46433
vn 0.15409 0.87127 -0.46598
vn 0.15680 0.87961 -0.44911
vn 0.14580 0.88207 -0.44799
vn 0.15090 0.89559 -0.41850
vn 0.15809 0.89436 -0.41848
vn -0.08160 0.90901 -0.40871
vn -0.07030 0.91625 -0.39438
vn -0.06200 0.92859 -0.36590
vn -0.52892 0.84574 -0.07050
vn -0.54050 0.83711 -0.08430
vn -0.52488 0.84496 -0.10270
vn -0.51738 0.85087 -0.09130
vn -0.50500 0.85520 -0.11670
vn -0.49252 0.85764 -0.14791
vn -0.50842 0.85133 -0.12940
vn -0.49108 0.85597 -0.16169
vn -0.28250 0.92930 -0.23790
vn -0.28179 0.92158 -0.26699
vn -0.35129 0.90988 -0.22070
vn -0.35090 0.90231 -0.25040
vn -0.27911 0.91792 -0.28201
vn -0.34740 0.89899 -0.26670
vn -0.40642 0.87844 -0.25131
vn -0.41522 0.87985 -0.23121
vn -0.42013 0.88526 -0.19951
vn -0.43410 0.86110 -0.26470
vn -0.45281 0.85822 -0.24171
vn -0.46938 0.85587 -0.21719
vn -0.45659 0.85758 -0.23680
vn -0.47450 0.85770 -0.19800
vn -0.48141 0.85732 -0.18231
vn -0.85100 -0.36270 0.37980
vn -0.85339 -0.37029 0.36689
vn -0.84969 -0.35030 0.39410
vn -0.85608 -0.37259 0.35819
vn -0.92691 0.32890 0.18070
vn -0.93076 0.31769 0.18099
vn -0.93288 0.31249 0.17910
vn -0.93410 0.31190 0.17370
vn -0.46951 0.87612 -0.10940
vn -0.48958 0.86407 -0.11700
vn -0.50518 0.85287 -0.13190
vn -0.51679 0.84218 -0.15380
vn -0.85989 -0.28900 0.42080
vn -0.85290 -0.31160 0.41890
vn -0.85045 -0.33242 0.40772
vn -0.93388 0.31739 0.16470
vn -0.93277 0.32529 0.15530
vn -0.93042 0.33581 0.14680
vn -0.52303 0.83305 -0.18021
vn -0.52911 0.82381 -0.20340
vn -0.53610 0.81671 -0.21350
vn -0.25938 -0.88925 0.37678
vn -0.07010 -0.93897 0.33679
vn -0.07520 -0.92713 0.36711
vn -0.25560 -0.87781 0.40511
vn -0.06660 -0.94775 0.31198
vn -0.26539 -0.89688 0.35379
vn -0.27269 -0.90037 0.33909
vn -0.06320 -0.95294 0.29651
vn -0.25310 -0.83899 0.48170
vn -0.09340 -0.88675 0.45272
vn -0.08830 -0.89652 0.43411
vn -0.25329 -0.84798 0.46559
vn -0.25471 -0.86304 0.43622
vn -0.08270 -0.91226 0.40118
vn -0.39501 0.90603 -0.15190
vn -0.06650 0.96198 -0.26489
vn -0.06110 0.95808 -0.27990
vn -0.37710 0.91019 -0.17130
vn -0.35940 0.91170 -0.19910
vn -0.34068 0.91095 -0.23259
vn -0.05570 0.95091 -0.30440
vn -0.04770 0.94105 -0.33488
vn -0.32070 0.90761 -0.27090
vn -0.03580 0.92827 -0.37019
vn -0.02550 0.91373 -0.40551
vn -0.30069 0.90156 -0.31109
vn -0.27930 0.89860 -0.33840
vn -0.01740 0.90447 -0.42619
vn 0.00000 -0.99594 0.09000
vn 0.00000 -0.99338 0.11490
vn 0.00000 -0.98858 0.15070
vn 0.00000 -0.98032 0.19740
vn 0.00000 -0.95512 0.29621
vn 0.00000 -0.96952 0.24501
vn 0.00000 -0.95991 0.28030
vn 0.00000 0.99590 -0.09050
vn 0.00000 0.98859 -0.15060
vn 0.00000 0.99335 -0.11509
vn 0.00000 0.95503 -0.29651
vn 0.00000 0.95986 -0.28049
vn 0.00000 0.96955 -0.24491
vn 0.00000 0.98036 -0.19719
vn 0.23140 -0.94119 0.24620
vn 0.21310 -0.93581 0.28080
vn 0.24911 -0.94383 0.21711
vn 0.26822 -0.94285 0.19771
vn 0.15840 -0.90999 0.38319
vn 0.17580 -0.91671 0.35880
vn 0.19371 -0.92754 0.31961
vn -0.09320 -0.07220 -0.99303
vn -0.12399 -0.19539 -0.97286
vn -0.11650 -0.21150 -0.97041
vn -0.13090 -0.18860 -0.97329
vn -0.10809 -0.19589 -0.97465
vn -0.10170 0.00040 -0.99481
vn -0.14310 -0.03780 -0.98899
vn -0.12540 0.02520 -0.99179
vn -0.15189 0.05350 -0.98695
vn 0.00000 -0.90529 -0.42480
vn 0.00000 0.99753 0.07020
vn -0.01730 0.17010 0.98528
vn -0.04750 0.16619 0.98495
vn -0.05360 0.15650 0.98622
vn -0.01960 0.16010 0.98691
vn -0.05960 0.13950 0.98843
vn -0.02160 0.14230 0.98959
vn -0.07960 0.15950 0.98398
vn -0.08930 0.14960 0.98471
vn -0.09860 0.13320 0.98617
vn -0.12170 0.14710 0.98161
vn -0.13730 0.13900 0.98073
vn -0.15020 0.12460 0.98077
vn -0.21400 0.11000 0.97062
vn -0.19439 0.12159 0.97336
vn -0.17150 0.12510 0.97721
vn -0.29099 0.07380 0.95387
vn -0.33779 0.05590 0.93956
vn -0.36481 0.04640 0.92993
vn -0.31681 0.06980 0.94592
vn -0.39522 0.03950 0.91774
vn -0.34650 0.06330 0.93591
vn -0.23140 0.09620 0.96809
vn -0.25781 0.09670 0.96134
vn -0.28471 0.08940 0.95444
vn -0.05070 0.20741 0.97694
vn -0.05860 0.19060 0.97992
vn -0.03590 0.19651 0.97984
vn -0.03250 0.21260 0.97660
vn -0.03020 0.22429 0.97405
vn -0.04460 0.22021 0.97443
vn -0.01310 0.19979 0.97975
vn -0.01170 0.21461 0.97663
vn -0.01130 0.22519 0.97425
vn -0.18831 0.03900 0.98134
vn -0.24140 0.02550 0.97009
vn -0.30720 0.05220 0.95021
vn -0.28471 0.08730 0.95463
vn -0.25371 0.11410 0.96053
vn -0.12150 0.03190 0.99208
vn -0.30571 0.07010 0.94954
vn -0.29880 0.09470 0.94960
vn -0.27870 0.12810 0.95180
vn -0.29030 0.10090 0.95160
vn -0.26031 0.17230 0.95003
vn -0.27750 0.14710 0.94940
vn 0.48682 -0.09490 0.86833
vn 0.62319 -0.09820 0.77588
vn 0.60370 -0.07990 0.79320
vn 0.45540 -0.07880 0.88679
vn 0.58101 -0.06960 0.81091
vn 0.42010 -0.07210 0.90461
vn 0.61881 -0.20760 0.75761
vn 0.63862 -0.16361 0.75193
vn 0.51822 -0.14980 0.84203
vn 0.50122 -0.18491 0.84533
vn 0.47189 -0.22530 0.85238
vn 0.58589 -0.25720 0.76849
vn -0.36651 0.03350 0.92981
vn -0.39719 0.02180 0.91748
vn -0.42869 0.01090 0.90338
vn -0.37149 0.01050 0.92838
vn -0.30339 -0.00440 0.95286
vn -0.33409 -0.01150 0.94247
vn -0.40230 0.00250 0.91550
vn -0.37239 -0.02690 0.92768
vn -0.43542 -0.01150 0.90015
vn -0.14260 0.13590 0.98041
vn -0.11630 0.15571 0.98093
vn -0.18039 0.13370 0.97447
vn -0.20470 0.10560 0.97311
vn -0.27219 0.08630 0.95837
vn -0.25511 0.11350 0.96023
vn -0.31702 0.07240 0.94565
vn -0.04130 0.18100 0.98262
vn -0.01500 0.18470 0.98268
vn -0.06890 0.17430 0.98228
vn -0.27519 0.00730 0.96136
vn -0.33741 0.02550 0.94101
vn -0.33380 0.05050 0.94129
vn 0.63697 -0.12759 0.76026
vn 0.51090 -0.12020 0.85120
vn -0.07050 0.19480 0.97831
vn -0.08340 0.17670 0.98072
vn -0.06290 0.21161 0.97533
vn -0.10130 0.18140 0.97818
vn -0.09610 0.20529 0.97397
vn -0.10210 0.16070 0.98171
vn -0.16130 0.17380 0.97148
vn -0.14970 0.21220 0.96569
vn -0.23390 0.15270 0.96019
vn -0.21429 0.19429 0.95725
vn 0.09300 -0.15720 -0.98318
vn 0.08650 -0.16910 -0.98180
vn 0.04780 -0.17431 -0.98353
vn 0.05250 -0.16300 -0.98523
vn 0.05770 -0.14489 -0.98776
vn 0.10040 -0.13890 -0.98520
vn 0.02020 -0.14831 -0.98874
vn 0.01830 -0.16640 -0.98589
vn 0.01640 -0.17759 -0.98397
vn 0.15440 -0.13230 -0.97911
vn 0.14330 -0.14900 -0.97840
vn 0.12940 -0.13670 -0.98212
vn 0.18181 -0.10670 -0.97753
vn 0.19660 -0.13300 -0.97142
vn 0.21611 -0.11940 -0.96904
vn 0.35681 -0.04860 -0.93291
vn 0.32612 -0.05450 -0.94376
vn 0.27521 -0.07420 -0.95852
vn 0.30739 -0.07560 -0.94858
vn 0.34211 -0.06900 -0.93712
vn 0.39151 -0.04160 -0.91923
vn 0.22350 -0.08130 -0.97131
vn 0.25291 -0.10810 -0.96143
vn 0.28281 -0.09820 -0.95414
vn 0.03750 -0.22021 -0.97473
vn 0.03200 -0.23949 -0.97037
vn 0.01150 -0.24290 -0.96998
vn 0.01330 -0.22341 -0.97463
vn 0.05850 -0.21290 -0.97532
vn 0.05990 -0.23091 -0.97113
vn 0.26749 -0.15279 -0.95137
vn 0.28660 -0.11020 -0.95169
vn 0.31438 -0.09179 -0.94485
vn 0.28851 -0.13200 -0.94833
vn 0.26191 -0.15201 -0.95305
vn 0.24449 -0.17439 -0.95384
vn 0.31110 -0.05630 -0.94871
vn 0.29191 -0.09500 -0.95172
vn 0.27069 -0.12779 -0.95415
vn 0.01980 0.07770 -0.99678
vn -0.03960 0.08730 -0.99539
vn -0.20430 0.08290 -0.97539
vn -0.15319 0.07210 -0.98556
vn -0.10200 0.07190 -0.99218
vn 0.09140 0.07720 -0.99282
vn -0.11550 0.06290 -0.99131
vn -0.15690 0.05950 -0.98582
vn -0.20540 0.06850 -0.97628
vn -0.28298 0.10329 -0.95355
vn -0.28759 0.11309 -0.95105
vn -0.29849 0.13240 -0.94518
vn -0.28821 0.12671 -0.94915
vn -0.29370 0.16060 -0.94231
vn -0.27901 0.15540 -0.94763
vn -0.15500 0.10230 -0.98260
vn -0.18871 0.11100 -0.97574
vn -0.20400 0.13380 -0.96979
vn 0.36560 -0.03290 -0.93019
vn 0.39708 -0.02440 -0.91746
vn 0.43170 -0.01510 -0.90189
vn 0.39140 0.00430 -0.92021
vn 0.36010 -0.00620 -0.93289
vn 0.42368 0.02150 -0.90556
vn 0.30371 -0.07220 -0.95003
vn 0.23451 -0.12270 -0.96434
vn 0.27490 -0.08410 -0.95779
vn 0.19050 -0.15610 -0.96920
vn 0.25509 -0.07400 -0.96408
vn 0.06240 -0.19140 -0.97953
vn 0.04280 -0.19730 -0.97941
vn 0.01450 -0.19981 -0.97973
vn 0.33801 -0.05330 -0.93963
vn 0.33309 -0.02430 -0.94258
vn -0.25321 0.09800 -0.96243
vn -0.25181 0.08390 -0.96413
vn -0.10170 0.09740 -0.99003
vn 0.09840 -0.14961 -0.98384
vn 0.24029 -0.17889 -0.95407
vn 0.20881 -0.16841 -0.96335
vn 0.18950 -0.19150 -0.96302
vn 0.86425 -0.08539 0.49577
vn 0.86004 -0.06370 0.50623
vn 0.85712 -0.04770 0.51291
vn 0.96890 -0.01940 -0.24670
vn 0.97511 -0.00390 -0.22170
vn 0.97936 0.01190 -0.20179
vn 0.43140 0.06370 -0.89991
vn 0.48110 0.06170 -0.87449
vn 0.53690 0.06670 -0.84100
vn 0.86773 -0.17631 0.46472
vn 0.85414 -0.24291 0.45982
vn 0.82349 -0.31389 0.47259
vn 0.89626 -0.17929 -0.40568
vn 0.92997 -0.10970 -0.35089
vn 0.86486 -0.24889 -0.43598
vn 0.28909 0.04240 -0.95636
vn 0.21121 0.02480 -0.97713
vn 0.15450 0.02390 -0.98770
vn 0.86726 -0.12319 0.48238
vn 0.95619 -0.05310 -0.28790
vn 0.36768 0.05930 -0.92806
vn 0.44498 -0.17509 0.87826
vn 0.45723 -0.13881 0.87845
vn 0.32278 -0.11089 0.93995
vn 0.33720 -0.14750 0.92981
vn 0.33692 -0.18511 0.92316
vn 0.41962 -0.21301 0.88235
vn 0.24700 -0.06270 0.96699
vn 0.41260 -0.08320 0.90710
vn 0.37461 -0.06870 0.92463
vn 0.20131 -0.05410 0.97803
vn 0.33670 -0.06590 0.93930
vn 0.16290 -0.05860 0.98490
vn 0.44389 -0.10780 0.88957
vn 0.29049 -0.08190 0.95337
vn 0.17189 -0.01130 -0.98505
vn 0.15630 -0.03130 -0.98721
vn 0.13670 -0.04180 -0.98973
vn -0.10730 0.06130 -0.99233
vn -0.12040 0.07320 -0.99002
vn -0.12641 0.09160 -0.98774
vn -0.02670 0.04550 -0.99861
vn 0.01980 0.04400 -0.99884
vn 0.05940 0.05460 -0.99674
vn 0.23240 0.01560 -0.97250
vn 0.26930 0.02250 -0.96279
vn 0.30529 0.03870 -0.95147
vn 0.19909 0.00530 -0.97997
vn -0.07220 0.05170 -0.99605
vn 0.02620 -0.04290 0.99874
vn 0.08210 -0.06380 0.99458
vn 0.13280 -0.09670 0.98641
vn -0.14140 -0.04770 0.98880
vn -0.10270 -0.03380 0.99414
vn -0.06020 -0.03140 0.99769
vn -0.01950 -0.03400 0.99923
vn -0.01100 0.23001 0.97313
vn -0.01070 0.22951 0.97325
vn -0.02850 0.22931 0.97294
vn -0.02900 0.22940 0.97290
vn -0.04180 0.22750 0.97288
vn -0.04110 0.22920 0.97251
vn -0.06470 0.01040 0.99785
vn -0.20590 0.11830 0.97140
vn -0.15730 0.10480 0.98198
vn -0.02500 -0.01210 0.99961
vn -0.25120 0.18240 0.95059
vn -0.21510 0.18450 0.95901
vn 0.18500 -0.64219 0.74389
vn 0.16129 -0.56828 0.80687
vn 0.12540 -0.58788 0.79917
vn 0.14160 -0.66058 0.73728
vn 0.08370 -0.60319 0.79319
vn 0.09420 -0.67369 0.73299
vn 0.04950 -0.61611 0.78611
vn 0.05750 -0.69404 0.71764
vn 0.01800 -0.61877 0.78536
vn 0.02140 -0.69530 0.71840
vn 0.43869 -0.27040 0.85699
vn 0.40291 -0.31721 0.85851
vn 0.50060 -0.36880 0.78319
vn 0.54659 -0.31180 0.77719
vn -0.01070 0.22441 0.97444
vn -0.01050 0.20730 0.97822
vn -0.02790 0.20810 0.97771
vn -0.02840 0.22461 0.97404
vn -0.00980 0.16621 0.98604
vn -0.02590 0.16729 0.98557
vn -0.03760 0.17439 0.98396
vn -0.04090 0.21129 0.97657
vn -0.04140 0.22589 0.97327
vn -0.00510 -0.07800 0.99694
vn -0.00500 -0.05890 0.99825
vn -0.02700 0.09220 0.99537
vn -0.01920 0.07830 0.99674
vn -0.00710 0.07850 0.99689
vn -0.00150 -0.07560 0.99714
vn 0.00360 -0.06230 0.99805
vn 0.00080 -0.06570 0.99784
vn -0.04720 0.08820 0.99498
vn -0.03050 0.09070 0.99541
vn -0.07530 0.17330 0.98199
vn -0.04900 0.17520 0.98331
vn -0.09230 0.21411 0.97244
vn -0.05710 0.21420 0.97512
vn -0.10070 0.22980 0.96801
vn -0.10331 0.23101 0.96745
vn -0.05970 0.22959 0.97146
vn -0.05940 0.22870 0.97168
vn -0.06000 0.22401 0.97274
vn -0.09900 0.22321 0.96973
vn 0.37959 -0.50219 0.77699
vn 0.31688 -0.42948 0.84566
vn 0.28151 -0.47272 0.83504
vn 0.33109 -0.54839 0.76788
vn 0.23661 -0.51542 0.82363
vn 0.27700 -0.59040 0.75809
vn 0.22760 -0.62069 0.75029
vn 0.19510 -0.54651 0.81441
vn 0.37321 -0.35551 0.85693
vn 0.34501 -0.38981 0.85382
vn 0.42178 -0.45568 0.78387
vn 0.46001 -0.41431 0.78532
vn -0.10961 0.16581 0.98005
vn -0.13260 0.20439 0.96987
vn -0.13220 0.15700 0.97871
vn -0.16771 0.21081 0.96303
vn -0.17891 0.23921 0.95434
vn -0.18491 0.24061 0.95285
vn -0.14399 0.23789 0.96056
vn -0.14000 0.22381 0.96453
vn -0.19801 0.22711 0.95353
vn -0.14590 0.23789 0.96027
vn -0.16930 0.18849 0.96737
vn -0.20170 0.22780 0.95259
vn -0.22521 0.23021 0.94672
vn -0.13261 0.13491 0.98194
vn -0.12320 0.12130 0.98494
vn -0.13861 0.13691 0.98084
vn -0.17570 0.16340 0.97079
vn -0.24361 0.21110 0.94662
vn -0.00920 -0.06710 0.99770
vn -0.07300 0.08560 0.99365
vn -0.00630 -0.06900 0.99760
vn -0.08740 0.08030 0.99293
vn 0.01620 -0.07210 0.99727
vn 0.03780 -0.07820 0.99622
vn -0.07170 0.05630 0.99584
vn -0.08460 0.07020 0.99394
vn 0.00120 -0.03240 0.99947
vn -0.12120 0.08750 0.98876
vn -0.09440 0.07350 0.99282
vn 0.01870 -0.05320 0.99841
vn 0.00910 -0.23511 -0.97193
vn 0.01030 -0.24631 -0.96914
vn 0.02690 -0.24369 -0.96948
vn 0.02370 -0.23281 -0.97223
vn 0.02100 -0.21469 -0.97646
vn 0.00810 -0.21540 -0.97649
vn 0.03880 -0.23581 -0.97103
vn 0.03280 -0.22791 -0.97313
vn 0.02740 -0.21290 -0.97669
vn 0.24340 -0.16310 -0.95611
vn 0.22571 -0.17171 -0.95894
vn 0.19159 -0.19129 -0.96265
vn 0.21840 -0.18260 -0.95862
vn 0.17111 -0.20481 -0.96373
vn 0.15400 -0.20860 -0.96580
vn 0.24449 -0.14619 -0.95857
vn 0.21609 -0.14219 -0.96596
vn -0.06190 0.47772 -0.87633
vn -0.05520 0.41839 -0.90659
vn -0.08930 0.40641 -0.90932
vn -0.09530 0.46138 -0.88207
vn -0.11090 0.39070 -0.91381
vn -0.11870 0.44081 -0.88972
vn -0.05170 0.44361 -0.89473
vn -0.07990 0.42810 -0.90019
vn -0.09720 0.40469 -0.90927
vn -0.03320 0.48280 -0.87510
vn -0.02890 0.42789 -0.90337
vn -0.01130 0.48721 -0.87321
vn -0.01070 0.42938 -0.90306
vn -0.02160 0.40920 -0.91219
vn -0.00640 0.41431 -0.91011
vn -0.27971 0.19421 -0.94024
vn -0.26070 0.22960 -0.93772
vn -0.24410 0.21850 -0.94481
vn -0.26371 0.18740 -0.94622
vn -0.20700 0.16570 -0.96421
vn -0.20289 0.20149 -0.95825
vn 0.02480 -0.19390 -0.98071
vn 0.02290 -0.16520 -0.98599
vn 0.01890 -0.15900 -0.98710
vn 0.01990 -0.19210 -0.98117
vn 0.00760 -0.19111 -0.98154
vn 0.00720 -0.15630 -0.98768
vn 0.00720 -0.10830 -0.99409
vn 0.01850 -0.11270 -0.99346
vn 0.02290 -0.12381 -0.99204
vn 0.02140 -0.06100 -0.99791
vn 0.01680 -0.04280 -0.99894
vn 0.00660 -0.04050 -0.99916
vn 0.02970 -0.17270 -0.98453
vn 0.02810 -0.13830 -0.98999
vn 0.03770 -0.20641 -0.97774
vn 0.03310 -0.19370 -0.98050
vn 0.06480 -0.19151 -0.97935
vn 0.06000 -0.17781 -0.98223
vn 0.06890 -0.19871 -0.97763
vn 0.05350 -0.15309 -0.98676
vn 0.02380 -0.07470 -0.99692
vn 0.04440 -0.09230 -0.99474
vn 0.05210 -0.20331 -0.97773
vn 0.04560 -0.21650 -0.97522
vn 0.07340 -0.20329 -0.97636
vn 0.08010 -0.19601 -0.97733
vn -0.15200 0.35279 -0.92327
vn -0.16270 0.39100 -0.90590
vn -0.13661 0.41902 -0.89764
vn -0.12640 0.37420 -0.91869
vn -0.18420 0.32700 -0.92690
vn -0.19511 0.35591 -0.91393
vn -0.21150 0.29901 -0.93052
vn -0.22101 0.32471 -0.91963
vn -0.13350 0.35860 -0.92390
vn -0.16379 0.32689 -0.93076
vn -0.18351 0.29612 -0.93736
vn -0.11030 0.38331 -0.91701
vn -0.23050 0.28851 -0.92932
vn -0.21510 0.26120 -0.94101
vn -0.22659 0.24199 -0.94345
vn -0.24520 0.26050 -0.93382
vn -0.19080 0.26451 -0.94532
vn -0.19930 0.23520 -0.95129
vn 0.12860 -0.17130 -0.97679
vn 0.13480 -0.18530 -0.97339
vn 0.13950 -0.18029 -0.97367
vn 0.14200 -0.18551 -0.97233
vn 0.14460 -0.20500 -0.96802
vn 0.16491 -0.19351 -0.96714
vn 0.19510 -0.16670 -0.96651
vn 0.16040 -0.16410 -0.97331
vn 0.15021 -0.19541 -0.96915
vn 0.10950 -0.20260 -0.97312
vn 0.10680 -0.19371 -0.97523
vn 0.10210 -0.17870 -0.97859
vn 0.09290 -0.16220 -0.98238
vn 0.12110 -0.17710 -0.97671
vn 0.11340 -0.20400 -0.97238
vn 0.08040 -0.10960 -0.99072
vn 0.11560 -0.12370 -0.98556
vn 0.12760 -0.13660 -0.98237
vn 0.14230 -0.15680 -0.97732
vn 0.16960 -0.14290 -0.97510
vn 0.19230 -0.13150 -0.97249
vn 0.07180 -0.23649 -0.96898
vn 0.07790 -0.21879 -0.97266
vn 0.11450 -0.14220 -0.98319
vn 0.12610 -0.83178 0.54059
vn 0.18790 -0.82232 0.53711
vn 0.24971 -0.80503 0.53812
vn 0.30489 -0.80898 -0.50259
vn 0.22839 -0.82975 -0.50927
vn 0.16100 -0.84291 -0.51340
vn 0.00830 0.13021 -0.99145
vn -0.00100 0.15040 -0.98862
vn -0.00320 0.16639 -0.98605
vn 0.07630 -0.84012 0.53701
vn 0.04480 -0.83698 0.54539
vn 0.10040 -0.85668 -0.50599
vn 0.04490 -0.87335 -0.48503
vn 0.00670 0.12450 -0.99220
vn 0.00560 0.10670 -0.99428
vn 0.77773 -0.39021 0.49282
vn 0.71605 -0.46943 0.51663
vn 0.78725 -0.41337 -0.45757
vn 0.83123 -0.32531 -0.45081
vn 0.11480 0.03350 -0.99282
vn 0.08200 0.04630 -0.99556
vn 0.38082 -0.74963 0.54132
vn 0.45402 -0.70493 0.54492
vn 0.52831 -0.64961 0.54671
vn 0.60492 -0.63122 -0.48542
vn 0.52591 -0.69591 -0.48901
vn 0.45700 -0.74040 -0.49290
vn 0.31279 -0.78188 0.53928
vn 0.38499 -0.77787 -0.49668
vn 0.01860 0.12110 -0.99247
vn 0.01560 0.11350 -0.99342
vn 0.01340 0.08850 -0.99599
vn 0.00620 0.09990 -0.99498
vn 0.59829 -0.58739 0.54499
vn 0.65640 -0.53090 0.53600
vn 0.68558 -0.55349 -0.47289
vn 0.73948 -0.48439 -0.46749
vn 0.05220 0.06480 -0.99653
vn 0.03490 0.07790 -0.99635
vn 0.32330 -0.22110 0.92010
vn 0.30449 -0.25709 0.91716
vn 0.36119 -0.29419 0.88487
vn 0.39111 -0.25290 0.88492
vn 0.06150 -0.45000 0.89091
vn 0.03520 -0.46167 0.88635
vn 0.04550 -0.56371 0.82472
vn 0.07839 -0.55336 0.82924
vn 0.01320 -0.46271 0.88641
vn 0.01650 -0.56691 0.82361
vn 0.29110 -0.28930 0.91190
vn 0.27779 -0.31829 0.90638
vn 0.31440 -0.35850 0.87900
vn 0.33699 -0.32839 0.88238
vn -0.14331 0.15191 -0.97795
vn -0.13730 0.12030 -0.98320
vn 0.09660 -0.02950 -0.99489
vn 0.05720 -0.00250 -0.99836
vn -0.02790 0.26410 -0.96409
vn -0.05350 0.26249 -0.96345
vn -0.06710 0.25910 -0.96352
vn -0.00150 0.06570 -0.99784
vn -0.00570 0.07170 -0.99741
vn 0.00390 0.07540 -0.99715
vn 0.00570 0.09460 -0.99550
vn -0.01280 0.27751 -0.96064
vn -0.00510 0.27610 -0.96111
vn 0.00180 0.09330 -0.99564
vn -0.07360 0.25419 -0.96435
vn -0.09210 0.24910 -0.96409
vn 0.01370 0.05850 -0.99819
vn 0.02220 0.05550 -0.99821
vn -0.00290 0.02960 -0.99956
vn 0.00190 0.05970 -0.99821
vn -0.14890 0.21590 -0.96500
vn -0.12840 0.24739 -0.96037
vn -0.14200 0.18350 -0.97271
vn -0.14080 0.17300 -0.97481
vn 0.03760 0.01550 -0.99917
vn 0.02120 0.01570 -0.99965
vn 0.15100 -0.52241 0.83922
vn 0.11840 -0.53970 0.83349
vn 0.12530 -0.43720 0.89059
vn 0.09741 -0.44473 0.89035
vn 0.29380 -0.39289 0.87139
vn 0.26399 -0.43239 0.86218
vn 0.26409 -0.34869 0.89926
vn 0.23431 -0.37881 0.89532
vn 0.18890 -0.40760 0.89341
vn 0.22101 -0.47331 0.85272
vn 0.18130 -0.50279 0.84518
vn 0.15071 -0.42652 0.89184
vn 0.16709 -0.16009 0.97286
vn 0.15760 -0.13030 0.97887
vn 0.06760 -0.26951 0.96062
vn 0.05240 -0.26720 0.96221
vn 0.02840 -0.26440 0.96400
vn 0.01550 -0.28121 0.95952
vn 0.00630 -0.27911 0.96024
vn 0.17441 -0.24131 0.95465
vn 0.14570 -0.25570 0.95571
vn 0.10500 -0.26510 0.95849
vn 0.07910 -0.26900 0.95989
vn 0.17660 -0.21510 0.96049
vn 0.17461 -0.18791 0.96654
vn -0.02380 0.07710 0.99674
vn -0.06760 0.07490 0.99490
vn -0.07000 0.03500 0.99693
vn -0.02490 0.03730 0.99899
vn -0.07090 -0.00930 0.99744
vn -0.02550 -0.00670 0.99965
vn -0.02290 0.11070 0.99359
vn -0.06390 0.10850 0.99204
vn -0.10580 0.10360 0.98898
vn -0.11120 0.07130 0.99124
vn -0.11440 0.03200 0.99292
vn -0.11580 -0.01300 0.99319
vn -0.22940 0.08380 0.96972
vn -0.16071 0.09690 0.98223
vn -0.42758 0.01390 0.90387
vn -0.37211 0.03970 0.92734
vn -0.30601 0.06470 0.94983
vn -0.49822 -0.06590 0.86454
vn -0.52091 -0.11220 0.84621
vn -0.45090 -0.07970 0.88901
vn -0.43112 -0.03430 0.90164
vn -0.40131 0.00510 0.91593
vn -0.46308 -0.02470 0.88597
vn -0.36879 -0.05010 0.92816
vn -0.27110 -0.02920 0.96211
vn -0.26121 0.01620 0.96515
vn -0.35309 -0.00490 0.93558
vn -0.24559 0.05380 0.96788
vn -0.32928 0.03300 0.94365
vn -0.48171 -0.68142 0.55102
vn -0.57740 -0.63460 0.51370
vn -0.56878 -0.67588 0.46869
vn -0.47079 -0.72599 0.50129
vn -0.55659 -0.72739 0.40139
vn -0.45620 -0.77959 0.42910
vn -0.54071 -0.77731 0.32160
vn -0.52240 -0.81761 0.24210
vn -0.41990 -0.86860 0.26310
vn -0.43850 -0.82979 0.34520
vn -0.34231 -0.89914 0.27271
vn -0.27609 -0.91816 0.28419
vn -0.28630 -0.88340 0.37100
vn -0.35770 -0.86319 0.35630
vn -0.29592 -0.83526 0.46343
vn -0.37281 -0.81483 0.44392
vn -0.30279 -0.78068 0.54668
vn -0.30570 -0.73280 0.60790
vn -0.39400 -0.71559 0.57679
vn -0.38531 -0.76142 0.52132
vn -0.50508 -0.84496 0.17589
vn -0.40360 -0.89380 0.19550
vn -0.49043 -0.86186 0.12911
vn -0.39100 -0.90850 0.14750
vn -0.47832 -0.87254 0.09940
vn -0.38149 -0.91697 0.11680
vn -0.25521 -0.95795 0.13111
vn -0.26070 -0.95139 0.16400
vn -0.31979 -0.93447 0.15650
vn -0.31272 -0.94155 0.12531
vn -0.26749 -0.93945 0.21419
vn -0.32949 -0.92168 0.20480
vn -0.23211 -0.84233 0.48642
vn -0.23340 -0.78401 0.57520
vn -0.23030 -0.73191 0.64131
vn -0.22170 -0.92879 0.29700
vn -0.22761 -0.89293 0.38841
vn -0.17641 -0.84164 0.51042
vn -0.17410 -0.89672 0.40691
vn -0.17010 -0.93533 0.31021
vn -0.16861 -0.71902 0.67422
vn -0.17490 -0.77740 0.60420
vn -0.21620 -0.95049 0.22320
vn -0.16599 -0.95845 0.23199
vn -0.21149 -0.96255 0.16959
vn -0.16210 -0.97122 0.17450
vn -0.20680 -0.96920 0.13370
vn -0.15791 -0.97814 0.13531
vn -0.04710 -0.94192 0.33251
vn -0.11720 -0.93873 0.32411
vn -0.11380 -0.96376 0.24129
vn -0.04590 -0.96795 0.24691
vn -0.11060 -0.97748 0.17970
vn -0.04480 -0.98206 0.18319
vn -0.10760 -0.98468 0.13720
vn -0.04380 -0.98934 0.13891
vn -0.04380 -0.69060 0.72190
vn -0.11420 -0.70178 0.70318
vn -0.12040 -0.76662 0.63071
vn -0.04720 -0.75982 0.64842
vn -0.12220 -0.83680 0.53370
vn -0.04860 -0.83448 0.54889
vn -0.12060 -0.89683 0.42561
vn -0.04830 -0.89796 0.43743
vn -0.03460 -0.54033 0.84074
vn -0.09380 -0.55599 0.82588
vn -0.10430 -0.63699 0.76379
vn -0.03920 -0.62258 0.78157
vn -0.02840 -0.32781 0.94432
vn -0.07810 -0.33931 0.93743
vn -0.08460 -0.45689 0.88549
vn -0.03080 -0.44232 0.89633
vn -0.12759 -0.35908 0.92454
vn -0.13590 -0.48121 0.86601
vn -0.14660 -0.58111 0.80051
vn -0.15810 -0.65960 0.73480
vn -0.12240 -0.23739 0.96367
vn -0.07480 -0.22391 0.97174
vn -0.07300 -0.13170 0.98860
vn -0.11910 -0.14050 0.98289
vn -0.02640 -0.12650 0.99161
vn -0.02720 -0.21610 0.97599
vn -0.07190 -0.06110 0.99554
vn -0.02600 -0.05760 0.99800
vn -0.11720 -0.06680 0.99086
vn -0.21641 -0.60212 0.76852
vn -0.22381 -0.67762 0.70053
vn -0.20230 -0.37739 0.90369
vn -0.20900 -0.50259 0.83888
vn -0.30638 -0.61026 0.73055
vn -0.30581 -0.51322 0.80193
vn -0.30349 -0.38978 0.86946
vn -0.30619 -0.68248 0.66368
vn -0.62791 -0.43450 0.64571
vn -0.63661 -0.48311 0.60111
vn -0.68711 -0.45801 0.56401
vn -0.67961 -0.40671 0.61051
vn -0.64119 -0.52669 0.55809
vn -0.69030 -0.50350 0.51960
vn -0.64259 -0.56209 0.52069
vn -0.64169 -0.58719 0.49339
vn -0.68818 -0.56708 0.45258
vn -0.69029 -0.54050 0.48100
vn -0.66061 -0.58691 0.46811
vn -0.58407 -0.59467 0.55247
vn -0.66380 -0.55440 0.50200
vn -0.58951 -0.53901 0.60161
vn -0.66508 -0.50969 0.54579
vn -0.59192 -0.46882 0.65562
vn -0.58870 -0.38680 0.70980
vn -0.65631 -0.39210 0.64461
vn -0.66313 -0.45502 0.59432
vn -0.49079 -0.63629 0.59519
vn -0.49960 -0.57240 0.65020
vn -0.40070 -0.66779 0.62729
vn -0.40750 -0.59890 0.68940
vn -0.41418 -0.39198 0.82146
vn -0.41280 -0.50710 0.75660
vn -0.50720 -0.38870 0.76920
vn -0.50609 -0.48939 0.71019
vn -0.54081 -0.20290 0.81631
vn -0.56760 -0.25840 0.78170
vn -0.62308 -0.23229 0.74687
vn -0.59780 -0.17990 0.78120
vn -0.59198 -0.31889 0.74018
vn -0.64611 -0.29021 0.70592
vn -0.61271 -0.37971 0.69311
vn -0.66550 -0.35010 0.65920
vn -0.57789 -0.30299 0.75779
vn -0.64279 -0.32479 0.69378
vn -0.56173 -0.22781 0.79534
vn -0.62411 -0.25941 0.73702
vn -0.54234 -0.16421 0.82396
vn -0.57818 -0.14859 0.80227
vn -0.60219 -0.20000 0.77289
vn -0.49980 -0.28730 0.81710
vn -0.48650 -0.20200 0.85001
vn -0.29781 -0.26391 0.91742
vn -0.40849 -0.27489 0.87038
vn -0.28971 -0.16241 0.94323
vn -0.39751 -0.17921 0.89993
vn -0.28061 -0.08520 0.95603
vn -0.38381 -0.10510 0.91741
vn -0.46959 -0.13320 0.87278
vn 0.57002 -0.12260 0.81243
vn 0.57303 -0.15661 0.80444
vn 0.39349 -0.19149 0.89917
vn 0.39240 -0.14920 0.90761
vn 0.56348 -0.09570 0.82057
vn 0.38959 -0.11430 0.91387
vn 0.56412 -0.07450 0.82233
vn 0.39548 -0.08480 0.91455
vn 0.54970 -0.65640 0.51670
vn 0.55582 -0.68222 0.47502
vn 0.36360 -0.79891 0.47910
vn 0.35559 -0.76847 0.53198
vn 0.56261 -0.70122 0.43791
vn 0.37310 -0.82029 0.43350
vn 0.57002 -0.71293 0.40842
vn 0.38231 -0.83412 0.39761
vn 0.57252 -0.50022 0.64962
vn 0.56331 -0.53831 0.62682
vn 0.37878 -0.63107 0.67696
vn 0.39350 -0.58870 0.70610
vn 0.55460 -0.58080 0.59590
vn 0.36491 -0.68003 0.63593
vn 0.54990 -0.62140 0.55810
vn 0.35690 -0.72731 0.58621
vn 0.57990 -0.46000 0.67240
vn 0.40422 -0.54583 0.73394
vn 0.58299 -0.41230 0.70009
vn 0.40921 -0.49341 0.76752
vn 0.57778 -0.31969 0.75098
vn 0.58168 -0.36349 0.72768
vn 0.40800 -0.43830 0.80090
vn 0.40240 -0.38750 0.82941
vn 0.57460 -0.27820 0.76970
vn 0.39660 -0.33850 0.85330
vn 0.57311 -0.23581 0.78482
vn 0.39321 -0.28760 0.87331
vn 0.57318 -0.19469 0.79597
vn 0.39270 -0.23780 0.88839
vn -0.42330 -0.06300 0.90380
vn -0.48249 -0.04610 0.87469
vn -0.46979 -0.01870 0.88258
vn -0.51270 -0.15150 0.84510
vn -0.57081 -0.13130 0.81052
vn -0.46879 -0.10630 0.87689
vn -0.52770 -0.08850 0.84481
vn -0.55257 -0.10150 0.82726
vn -0.51201 -0.05960 0.85691
vn -0.65540 -0.62230 0.42800
vn -0.64712 -0.66872 0.36611
vn -0.64002 -0.61722 0.45762
vn -0.68437 -0.59778 0.41748
vn -0.63540 -0.66140 0.39850
vn -0.67780 -0.64120 0.35980
vn -0.62602 -0.70812 0.32661
vn -0.61159 -0.74949 0.25340
vn -0.65222 -0.72592 0.21831
vn -0.66699 -0.68649 0.28959
vn -0.61852 -0.75492 0.21801
vn -0.63459 -0.71549 0.29219
vn -0.58570 -0.80281 0.11160
vn -0.57130 -0.81650 0.08340
vn -0.60147 -0.78356 0.15579
vn -0.59388 -0.78158 0.19089
vn -0.63550 -0.75580 0.15780
vn -0.57589 -0.80449 0.14540
vn -0.61920 -0.77690 0.11410
vn -0.55828 -0.82156 0.11559
vn -0.60392 -0.79242 0.08570
vn -0.19090 -0.14980 0.97011
vn -0.19620 -0.25091 0.94792
vn -0.18210 -0.01760 0.98312
vn -0.18629 -0.07310 0.97977
vn -0.17010 0.06620 0.98320
vn -0.17780 0.02780 0.98367
vn 0.11060 -0.07270 -0.99120
vn 0.10690 -0.10860 -0.98832
vn 0.06320 -0.11410 -0.99146
vn 0.06700 -0.07270 -0.99510
vn 0.03740 -0.04640 -0.99822
vn 0.09870 -0.02610 -0.99478
vn 0.02320 -0.08670 -0.99596
vn 0.02210 -0.11780 -0.99279
vn 0.07280 -0.01480 -0.99724
vn 0.04270 0.00580 -0.99907
vn 0.16281 -0.10330 -0.98124
vn 0.23080 -0.08810 -0.96900
vn 0.30562 -0.06900 -0.94965
vn 0.37090 -0.04230 -0.92771
vn 0.42612 -0.01470 -0.90455
vn 0.24480 -0.05370 -0.96809
vn 0.32960 -0.03400 -0.94351
vn 0.40131 -0.00550 -0.91593
vn 0.26210 -0.01710 -0.96489
vn 0.26751 0.03190 -0.96303
vn 0.36938 0.05320 -0.92775
vn 0.35359 0.00660 -0.93538
vn 0.45128 0.08240 -0.88857
vn 0.43162 0.03580 -0.90134
vn 0.52001 0.11400 -0.84652
vn 0.49772 0.06710 -0.86474
vn 0.46253 0.02490 -0.88625
vn 0.28520 0.88901 -0.35821
vn 0.27690 0.91938 -0.27940
vn 0.34221 0.90113 -0.26621
vn 0.35601 0.86973 -0.34181
vn 0.41882 0.87124 -0.25601
vn 0.43611 0.83732 -0.32971
vn 0.45271 0.79422 -0.40531
vn 0.36978 0.82797 -0.42158
vn 0.29330 0.84740 -0.44260
vn 0.51801 0.82212 -0.23620
vn 0.53508 0.78697 -0.30719
vn 0.55003 0.74444 -0.37852
vn 0.56219 0.69849 -0.44279
vn 0.57120 0.65611 -0.49320
vn 0.47813 0.70025 -0.53014
vn 0.46690 0.74610 -0.47470
vn 0.39071 0.73262 -0.55732
vn 0.30271 0.74921 -0.58911
vn 0.29952 0.79815 -0.52273
vn 0.38168 0.77976 -0.49628
vn 0.38240 0.91610 -0.12050
vn 0.39161 0.90792 -0.14940
vn 0.32200 0.93340 -0.15840
vn 0.31551 0.94013 -0.12890
vn 0.26479 0.94976 -0.16689
vn 0.26031 0.95604 -0.13501
vn 0.47559 0.87348 -0.10410
vn 0.48748 0.86307 -0.13220
vn 0.50161 0.84702 -0.17590
vn 0.40359 0.89407 -0.19429
vn 0.27009 0.93857 -0.21479
vn 0.33071 0.92144 -0.20391
vn 0.17040 0.93521 -0.31040
vn 0.22260 0.92930 -0.29470
vn 0.22640 0.89778 -0.37779
vn 0.17250 0.90102 -0.39801
vn 0.22931 0.85394 -0.46712
vn 0.17330 0.85318 -0.49199
vn 0.22721 0.74882 -0.62261
vn 0.23000 0.80150 -0.55200
vn 0.17130 0.79552 -0.58121
vn 0.16529 0.73727 -0.65507
vn 0.21631 0.96062 -0.17440
vn 0.21290 0.96718 -0.13870
vn 0.21919 0.94908 -0.22629
vn 0.16599 0.96926 -0.18159
vn 0.16819 0.95667 -0.23769
vn 0.16300 0.97640 -0.14170
vn 0.11240 0.97568 -0.18820
vn 0.11010 0.98334 -0.14461
vn 0.11660 0.93832 -0.32551
vn 0.11439 0.96186 -0.24849
vn 0.04490 0.98029 -0.19240
vn 0.04560 0.96592 -0.25480
vn 0.04630 0.94133 -0.33431
vn 0.04430 0.98816 -0.14689
vn 0.11859 0.90096 -0.41738
vn 0.11920 0.84857 -0.51548
vn 0.11120 0.72103 -0.68393
vn 0.11709 0.78536 -0.60787
vn 0.04690 0.84651 -0.53031
vn 0.04550 0.77930 -0.62500
vn 0.04240 0.71071 -0.70221
vn 0.04700 0.90203 -0.42911
vn 0.13550 0.48970 -0.86130
vn 0.12799 0.36578 -0.92186
vn 0.07820 0.34620 -0.93490
vn 0.08400 0.46600 -0.88079
vn 0.09240 0.56813 -0.81774
vn 0.14529 0.59237 -0.79246
vn 0.03390 0.55307 -0.83245
vn 0.03040 0.45172 -0.89164
vn 0.02820 0.33479 -0.94187
vn 0.10211 0.65254 -0.75084
vn 0.03810 0.63887 -0.76837
vn 0.15569 0.67407 -0.72207
vn 0.02650 0.13100 -0.99103
vn 0.07360 0.13150 -0.98858
vn 0.07420 0.04350 -0.99629
vn 0.02930 0.06120 -0.99770
vn 0.07520 0.22941 -0.97042
vn 0.02710 0.22159 -0.97476
vn 0.12319 0.24309 -0.96215
vn 0.12000 0.14530 -0.98208
vn 0.12790 -0.05000 -0.99053
vn 0.33439 -0.93416 -0.12460
vn 0.30380 0.39520 -0.86690
vn 0.20280 0.38350 -0.90100
vn 0.20879 0.50998 -0.83446
vn 0.30531 0.51972 -0.79792
vn 0.21520 0.61201 -0.76101
vn 0.30490 0.61910 -0.72370
vn 0.22150 0.69049 -0.68859
vn 0.30391 0.69453 -0.65213
vn 0.57843 0.61093 -0.54053
vn 0.65960 0.60740 -0.44270
vn 0.66352 0.56931 -0.48541
vn 0.66568 0.51849 -0.53669
vn 0.58452 0.55042 -0.59613
vn 0.67359 0.59379 -0.44009
vn 0.67587 0.56187 -0.47698
vn 0.67619 0.52019 -0.52169
vn 0.67342 0.47072 -0.57002
vn 0.66590 0.41790 -0.61800
vn 0.65823 0.38832 -0.64493
vn 0.66450 0.45670 -0.59150
vn 0.58562 0.39051 -0.71032
vn 0.58771 0.47561 -0.65451
vn 0.41358 0.39698 -0.81936
vn 0.41149 0.51338 -0.75307
vn 0.40551 0.60782 -0.68272
vn 0.49712 0.58223 -0.64333
vn 0.50420 0.49590 -0.70701
vn 0.50621 0.39330 -0.76751
vn 0.39810 0.68011 -0.61561
vn 0.48780 0.65020 -0.58250
vn 0.57557 0.30569 -0.75847
vn 0.64530 0.31930 -0.69400
vn 0.62733 0.25351 -0.73633
vn 0.55990 0.23030 -0.79591
vn 0.65201 0.36201 -0.66621
vn 0.63313 0.30241 -0.71253
vn 0.61038 0.24439 -0.75347
vn 0.58498 0.19169 -0.78807
vn 0.58280 0.14320 -0.79990
vn 0.60611 0.19420 -0.77131
vn 0.54100 0.16640 -0.82440
vn 0.28159 0.08930 -0.95537
vn 0.38432 0.10891 -0.91675
vn 0.29070 0.16710 -0.94211
vn 0.39790 0.18350 -0.89889
vn 0.48641 0.20550 -0.84922
vn 0.46978 0.13649 -0.87217
vn 0.29850 0.26900 -0.91571
vn 0.40849 0.27960 -0.86888
vn 0.49939 0.29119 -0.81598
vn -0.05600 0.13511 -0.98925
vn -0.06890 0.09590 -0.99300
vn -0.09020 0.09090 -0.99177
vn -0.07600 0.13320 -0.98817
vn -0.06740 0.23110 -0.97059
vn -0.05140 0.23090 -0.97162
vn -0.05290 0.17920 -0.98239
vn -0.07070 0.17900 -0.98131
vn 0.17050 0.23870 -0.95601
vn 0.16649 0.18539 -0.96846
vn 0.15870 0.14050 -0.97728
vn 0.14180 0.10140 -0.98469
vn -0.21250 0.90230 -0.37510
vn -0.20180 0.88781 -0.41360
vn -0.20550 0.88799 -0.41140
vn -0.21670 0.90121 -0.37531
vn 0.00990 0.94462 -0.32801
vn 0.02060 0.92864 -0.37042
vn 0.03600 0.90536 -0.42313
vn 0.05470 0.87419 -0.48249
vn -0.16881 0.83965 -0.51623
vn -0.18670 0.86728 -0.46149
vn -0.18971 0.86863 -0.45771
vn -0.17240 0.84158 -0.51189
vn -0.15240 0.80498 -0.57339
vn -0.15520 0.80762 -0.56891
vn -0.13770 0.76502 -0.62911
vn -0.14191 0.76734 -0.62534
vn 0.07280 0.83623 -0.54352
vn 0.08830 0.79321 -0.60251
vn 0.09870 0.74871 -0.65551
vn 0.10490 0.70839 -0.69799
vn -0.12070 0.68237 -0.72097
vn -0.12720 0.72210 -0.68000
vn -0.13140 0.72389 -0.67729
vn -0.12470 0.68351 -0.71921
vn -0.11270 0.58573 -0.80264
vn -0.10740 0.58232 -0.80583
vn -0.09500 0.52098 -0.84827
vn -0.10150 0.52661 -0.84402
vn -0.07970 0.46291 -0.88282
vn -0.08770 0.46941 -0.87862
vn -0.11550 0.63850 -0.76090
vn -0.11991 0.64003 -0.75894
vn 0.11060 0.66358 -0.73988
vn 0.11950 0.60450 -0.78759
vn 0.13240 0.53890 -0.83190
vn 0.14751 0.47682 -0.86654
vn -0.06660 0.34881 -0.93482
vn -0.05440 0.34581 -0.93673
vn -0.05050 0.28651 -0.95674
vn -0.06470 0.28759 -0.95557
vn -0.06470 0.40591 -0.91162
vn -0.07470 0.41119 -0.90848
vn 0.16170 0.41721 -0.89431
vn 0.17080 0.35589 -0.91879
vn 0.17320 0.29580 -0.93941
vn 0.47448 0.01420 -0.88015
vn 0.46779 0.05730 -0.88198
vn 0.51740 0.05450 -0.85400
vn 0.55783 0.09631 -0.82435
vn 0.55781 0.14270 -0.81761
vn 0.51419 0.09960 -0.85188
vn 0.61761 0.75862 -0.20750
vn 0.63799 0.73659 -0.22450
vn 0.65223 0.70183 -0.28641
vn 0.63273 0.72484 -0.27251
vn 0.66288 0.66368 -0.34659
vn 0.64501 0.68541 -0.33790
vn 0.65380 0.64410 -0.39710
vn 0.66971 0.62581 -0.39981
vn 0.60151 0.78441 -0.15130
vn 0.62151 0.76471 -0.17010
vn 0.58650 0.80240 -0.11030
vn 0.60482 0.78583 -0.12910
vn 0.57272 0.81543 -0.08400
vn 0.58859 0.80198 -0.10190
vn 0.19889 0.02630 -0.97967
vn 0.19201 0.15461 -0.96914
vn 0.19721 0.25641 -0.94624
vn 0.17230 -0.06620 -0.98282
vn 0.86469 -0.06490 0.49809
vn 0.86251 -0.05150 0.50341
vn 0.85689 -0.04300 0.51370
vn 0.98177 0.05740 -0.18119
vn 0.98101 0.07800 -0.17760
vn 0.98037 0.10010 -0.16989
vn 0.85450 -0.03870 0.51800
vn 0.98131 0.03620 -0.18900
vn 0.57443 0.09301 -0.81325
vn 0.58909 0.12970 -0.79759
vn 0.60233 0.21891 -0.76764
vn 0.59767 0.17069 -0.78336
vn 0.86126 -0.34208 0.37578
vn 0.86370 -0.34820 0.36440
vn 0.92857 0.35369 0.11250
vn 0.92401 0.35790 0.13460
vn 0.85651 -0.32120 0.40400
vn 0.85869 -0.33309 0.38949
vn 0.94364 0.32608 0.05670
vn 0.93556 0.34249 0.08620
vn 0.50900 0.79750 -0.32390
vn 0.49118 0.82936 -0.26629
vn 0.47578 0.85286 -0.21509
vn 0.46681 0.86731 -0.17280
vn 0.85510 -0.30630 0.41830
vn 0.85511 -0.28770 0.43130
vn 0.95852 0.28501 0.00140
vn 0.95160 0.30610 0.02740
vn 0.85687 -0.24739 0.45229
vn 0.85592 -0.26741 0.44261
vn 0.96749 0.25070 -0.03340
vn 0.96394 0.26541 -0.01950
vn 0.56412 0.63892 -0.52302
vn 0.55580 0.67489 -0.48540
vn 0.54367 0.71657 -0.43698
vn 0.52760 0.75870 -0.38210
vn 0.85856 -0.22319 0.46158
vn 0.85901 -0.19590 0.47300
vn 0.97263 0.22191 -0.06890
vn 0.96962 0.23950 -0.04980
vn 0.85837 -0.14579 0.49188
vn 0.85861 -0.16920 0.48390
vn 0.97821 0.18010 -0.10330
vn 0.97579 0.20060 -0.08720
vn 0.59891 0.43090 -0.67501
vn 0.58946 0.48757 -0.64406
vn 0.57931 0.54711 -0.60421
vn 0.57058 0.59988 -0.56088
vn 0.85988 -0.12330 0.49539
vn 0.86200 -0.10170 0.49660
vn 0.97999 0.14180 -0.13970
vn 0.97936 0.16159 -0.12140
vn 0.86404 -0.08190 0.49672
vn 0.98020 0.12120 -0.15660
vn 0.60651 0.26950 -0.74801
vn 0.60778 0.32269 -0.72558
vn 0.60511 0.37721 -0.70111
vn 0.30631 -0.42051 0.85402
vn 0.31140 -0.47280 0.82431
vn 0.06970 -0.53027 0.84496
vn 0.06940 -0.47411 0.87772
vn 0.31189 -0.52668 0.79078
vn 0.06660 -0.58441 0.80872
vn 0.30571 -0.57641 0.75782
vn 0.29369 -0.61608 0.73088
vn 0.04690 -0.66588 0.74458
vn 0.05880 -0.63103 0.77353
vn 0.30101 -0.20631 0.93104
vn 0.29841 -0.25651 0.91932
vn 0.08240 -0.28490 0.95501
vn 0.09300 -0.22741 0.96935
vn 0.29779 -0.31128 0.90246
vn 0.07410 -0.34849 0.93438
vn 0.30070 -0.36740 0.88011
vn 0.07000 -0.41379 0.90768
vn 0.30210 -0.16040 0.93969
vn 0.10280 -0.17500 0.97919
vn 0.30270 -0.12080 0.94540
vn 0.11590 -0.12870 0.98489
vn 0.31190 -0.08520 0.94629
vn 0.13560 -0.08640 0.98699
vn 0.27590 -0.86340 0.42240
vn 0.28650 -0.87741 0.38480
vn 0.06400 -0.93733 0.34251
vn 0.04920 -0.92319 0.38119
vn 0.25471 -0.80772 0.53171
vn 0.26361 -0.84132 0.47191
vn 0.03310 -0.89968 0.43529
vn 0.02010 -0.86336 0.50418
vn 0.25370 -0.76271 0.59491
vn 0.01450 -0.81454 0.57993
vn 0.26250 -0.71031 0.65311
vn 0.01970 -0.75849 0.65139
vn 0.27760 -0.65789 0.70009
vn 0.03250 -0.70468 0.70878
vn 0.54029 0.65189 -0.53209
vn 0.54248 0.61657 -0.57058
vn 0.54320 0.57060 -0.61591
vn 0.17151 0.71303 -0.67983
vn 0.17490 0.67029 -0.72119
vn 0.17890 0.61631 -0.76691
vn 0.18870 0.49541 -0.84792
vn 0.18400 0.55580 -0.81070
vn 0.53591 0.46221 -0.70651
vn 0.54154 0.51734 -0.66265
vn 0.52429 0.40349 -0.74988
vn 0.50691 0.33951 -0.79232
vn 0.18989 0.43218 -0.88157
vn 0.18530 0.36420 -0.91270
vn 0.15980 0.23770 -0.95810
vn 0.17440 0.29800 -0.93850
vn 0.45921 0.21971 -0.86073
vn 0.48458 0.27689 -0.82977
vn 0.09290 0.08810 -0.99177
vn 0.12110 0.13320 -0.98366
vn 0.34819 0.07560 -0.93437
vn 0.39139 0.11990 -0.91238
vn 0.43270 0.16660 -0.88601
vn 0.14440 0.18220 -0.97260
vn 0.12671 0.88214 -0.45362
vn 0.10659 0.91244 -0.39508
vn 0.50369 0.80719 -0.30780
vn 0.48419 0.83819 -0.25100
vn 0.46370 0.86150 -0.20690
vn 0.08680 0.93399 -0.34660
vn 0.44369 0.87859 -0.17670
vn 0.06950 0.94797 -0.31069
vn 0.16590 0.75399 -0.63559
vn 0.53671 0.68711 -0.48971
vn 0.52990 0.72830 -0.43450
vn 0.15659 0.79987 -0.57938
vn 0.51959 0.76928 -0.37179
vn 0.14480 0.84378 -0.51679
vn 0.14580 -0.01940 -0.98912
vn 0.18031 -0.05740 -0.98193
vn -0.36281 -0.54591 0.75522
vn -0.35502 -0.49163 0.79515
vn -0.36929 -0.59558 0.71338
vn -0.38019 -0.66349 0.64439
vn -0.37501 -0.63571 0.67471
vn -0.30380 -0.29500 0.90591
vn -0.27979 -0.23370 0.93118
vn -0.32530 -0.36240 0.87341
vn -0.34271 -0.43062 0.83493
vn -0.25580 -0.17750 0.95030
vn -0.22039 -0.12800 0.96698
vn -0.18210 -0.08260 0.97980
vn -0.31641 -0.92113 0.22671
vn -0.33628 -0.90456 0.26209
vn -0.35608 -0.87995 0.31448
vn -0.37380 -0.84429 0.38400
vn -0.38599 -0.79768 0.46339
vn -0.38979 -0.74518 0.54108
vn -0.38631 -0.69622 0.60502
vn -0.37420 -0.92200 0.09940
vn -0.46778 -0.88016 0.08060
vn -0.45719 -0.88648 0.07170
vn -0.36932 -0.92484 0.09100
vn -0.24490 -0.96408 0.10280
vn -0.25001 -0.96163 0.11300
vn -0.30712 -0.94556 0.10771
vn -0.30260 -0.94798 0.09880
vn -0.19449 -0.97575 0.10040
vn -0.20129 -0.97297 0.11320
vn -0.15289 -0.98186 0.11210
vn -0.14540 -0.98467 0.09640
vn -0.04280 -0.99289 0.11110
vn -0.10410 -0.98837 0.11090
vn -0.09910 -0.99079 0.09230
vn -0.04140 -0.99501 0.09080
vn -0.13230 -0.95387 0.26949
vn -0.13451 -0.94804 0.28831
vn -0.19909 -0.93717 0.28649
vn -0.18811 -0.94413 0.27061
vn -0.08850 -0.95292 0.29001
vn -0.09140 -0.95734 0.27411
vn -0.05880 -0.95470 0.29170
vn -0.06230 -0.95841 0.27850
vn -0.02560 -0.95571 0.29320
vn -0.02720 -0.95923 0.28131
vn 0.57440 -0.72050 0.38850
vn 0.57392 -0.72733 0.37631
vn 0.38558 -0.85086 0.35688
vn 0.38799 -0.84277 0.37309
vn 0.34630 -0.77820 0.52390
vn 0.56162 -0.63842 0.52632
vn 0.55261 -0.59371 0.58491
vn 0.32510 -0.74569 0.58160
vn -0.01590 -0.31511 0.94892
vn 0.00940 -0.06140 0.99807
vn 0.00270 -0.08760 0.99615
vn -0.00790 -0.32179 0.94678
vn -0.02170 -0.35190 0.93579
vn 0.00300 -0.16980 0.98547
vn 0.05900 -0.17191 0.98334
vn 0.02350 -0.16719 0.98564
vn -0.01220 -0.35411 0.93512
vn 0.01040 -0.36268 0.93185
vn -0.55807 -0.82706 0.06730
vn -0.54000 -0.83941 0.06160
vn -0.54099 -0.83488 0.10150
vn -0.51721 -0.85031 0.09730
vn -0.56923 -0.81955 0.06570
vn -0.58936 -0.80475 0.07090
vn -0.09940 -0.95392 0.28311
vn -0.13120 -0.94990 0.28370
vn -0.12650 -0.94268 0.30879
vn -0.09800 -0.94803 0.30271
vn -0.11860 -0.93230 0.34170
vn -0.09370 -0.93808 0.33349
vn -0.14661 -0.92244 0.35722
vn -0.15910 -0.93318 0.32229
vn -0.16831 -0.94143 0.29221
vn -0.12270 -0.88231 0.45440
vn -0.10380 -0.89000 0.44400
vn -0.11450 -0.92536 0.36138
vn -0.13979 -0.91565 0.37688
vn -0.08520 -0.89384 0.44022
vn -0.09130 -0.93097 0.35349
vn -0.02950 -0.95771 0.28620
vn -0.06900 -0.95592 0.28541
vn -0.06870 -0.95096 0.30159
vn -0.02910 -0.95321 0.30090
vn -0.06640 -0.94129 0.33100
vn -0.02820 -0.94363 0.32981
vn -0.06040 -0.88843 0.45502
vn -0.06480 -0.93277 0.35459
vn -0.02530 -0.89215 0.45103
vn -0.02770 -0.93548 0.35229
vn -0.06650 -0.95923 0.27471
vn -0.02880 -0.96041 0.27710
vn -0.09640 -0.95811 0.26970
vn -0.13250 -0.95499 0.26540
vn -0.17781 -0.94653 0.26921
vn -0.35641 -0.88603 0.29651
vn -0.39461 -0.87803 0.27081
vn -0.42682 -0.86134 0.27551
vn -0.37971 -0.86913 0.31691
vn -0.43153 -0.85387 0.29102
vn -0.35411 -0.87443 0.33161
vn -0.31370 -0.86920 0.38220
vn -0.38770 -0.85719 0.33900
vn -0.28040 -0.89840 0.33800
vn -0.31260 -0.89680 0.31310
vn -0.32189 -0.88258 0.34269
vn -0.27391 -0.88852 0.36811
vn -0.24809 -0.87248 0.42099
vn -0.32520 -0.87039 0.36969
vn -0.17780 -0.86819 0.46329
vn -0.26351 -0.87694 0.40192
vn -0.26441 -0.88952 0.37261
vn -0.24769 -0.88246 0.39988
vn -0.24670 -0.87560 0.41530
vn -0.24551 -0.87883 0.40912
vn -0.14429 -0.85246 0.50248
vn -0.23530 -0.87510 0.42290
vn -0.15231 -0.83653 0.52632
vn -0.23230 -0.87149 0.43190
vn -0.17140 -0.83710 0.51950
vn -0.22989 -0.86995 0.43628
vn -0.28310 -0.91221 0.29620
vn -0.25981 -0.90993 0.32331
vn -0.23370 -0.93088 0.28079
vn -0.21600 -0.92671 0.30750
vn -0.25619 -0.92627 0.27639
vn -0.31520 -0.90519 0.28510
vn 0.13611 -0.19581 0.97115
vn 0.06180 -0.38758 0.91976
vn 0.13330 -0.42711 0.89432
vn 0.24029 -0.24429 0.93946
vn 0.20300 -0.46611 0.86112
vn 0.33680 -0.29120 0.89541
vn -0.24619 -0.90005 0.35958
vn -0.22450 -0.88669 0.40420
vn -0.17059 -0.85077 0.49708
vn -0.21420 -0.87939 0.42520
vn -0.14800 -0.86761 0.47471
vn -0.17669 -0.89906 0.40058
vn -0.20330 -0.91748 0.34189
vn -0.18650 -0.90582 0.38041
vn -0.34301 -0.89814 0.27511
vn -0.27559 -0.91886 0.28239
vn 0.54948 -0.50858 0.66288
vn 0.32720 -0.67880 0.65740
vn 0.53850 -0.40410 0.73940
vn 0.33821 -0.58742 0.73522
vn 0.48767 -0.34528 0.80185
vn 0.30930 -0.52879 0.79039
vn 0.41840 -0.31930 0.85029
vn 0.26239 -0.49578 0.82786
vn 0.45532 0.88684 -0.07870
vn 0.46541 0.88081 -0.08700
vn 0.37521 0.92102 -0.10460
vn 0.36969 0.92409 -0.09690
vn 0.31020 0.94399 -0.11250
vn 0.25551 0.95965 -0.11741
vn 0.25000 0.96229 -0.10720
vn 0.30540 0.94652 -0.10410
vn 0.20800 0.97102 -0.11770
vn 0.20071 0.97414 -0.10380
vn 0.15850 0.98043 -0.11680
vn 0.15061 0.98363 -0.09890
vn 0.10690 0.98749 -0.11590
vn 0.10180 0.99032 -0.09440
vn 0.04340 0.99224 -0.11650
vn 0.04210 0.99477 -0.09310
vn 0.20050 0.93680 -0.28670
vn 0.13580 0.94783 -0.28841
vn 0.13350 0.95379 -0.26920
vn 0.18950 0.94389 -0.27050
vn 0.08930 0.95282 -0.29011
vn 0.09230 0.95735 -0.27379
vn 0.05920 0.95461 -0.29190
vn 0.06260 0.95846 -0.27829
vn 0.02560 0.95565 -0.29339
vn 0.02720 0.95932 -0.28101
vn 0.00230 0.96198 -0.27310
vn 0.00690 0.95553 -0.29481
vn -0.21620 0.91272 -0.34671
vn -0.20650 0.92268 -0.32559
vn -0.22040 0.91038 -0.35019
vn -0.20230 0.92209 -0.32990
vn -0.08470 0.83610 -0.54200
vn -0.12160 0.86149 -0.49300
vn -0.14650 0.85629 -0.49529
vn -0.13060 0.82919 -0.54349
vn 0.19220 0.86750 -0.45880
vn 0.12330 0.89528 -0.42809
vn 0.03270 0.48469 -0.87408
vn 0.03920 0.47890 -0.87700
vn 0.03580 0.47522 -0.87914
vn 0.02820 0.46779 -0.88339
vn 0.01470 0.47668 -0.87896
vn 0.01230 0.46390 -0.88580
vn 0.02300 0.62892 -0.77713
vn 0.05120 0.64112 -0.76573
vn 0.06130 0.61407 -0.78687
vn 0.03840 0.48929 -0.87128
vn 0.07000 0.62582 -0.77682
vn 0.07290 0.64348 -0.76198
vn 0.02760 0.50889 -0.86039
vn 0.03260 0.48520 -0.87380
vn 0.01780 0.50559 -0.86259
vn 0.57258 0.81497 -0.08930
vn 0.55967 0.82585 -0.06890
vn 0.54368 0.83697 -0.06230
vn 0.55651 0.82672 -0.08260
vn 0.15170 0.93361 -0.32460
vn 0.12340 0.94338 -0.30789
vn 0.11090 0.92127 -0.37279
vn 0.13090 0.91180 -0.38920
vn 0.16930 0.94480 -0.28050
vn 0.13250 0.95322 -0.27170
vn 0.12840 0.94941 -0.28660
vn 0.15999 0.94037 -0.30019
vn 0.09730 0.94931 -0.29890
vn 0.09969 0.95455 -0.28089
vn 0.10050 0.95723 -0.27131
vn 0.09020 0.92702 -0.36401
vn 0.06400 0.92722 -0.36901
vn 0.06830 0.95249 -0.29680
vn 0.06960 0.95935 -0.27351
vn 0.06950 0.95748 -0.27999
vn 0.02870 0.95507 -0.29499
vn 0.02940 0.95976 -0.27929
vn 0.02960 0.96110 -0.27460
vn 0.02690 0.93039 -0.36559
vn 0.09730 0.95908 -0.26589
vn 0.06690 0.96028 -0.27089
vn 0.02880 0.96147 -0.27339
vn 0.13380 0.95591 -0.26140
vn 0.17910 0.94733 -0.26551
vn 0.43750 0.85829 -0.26820
vn 0.39770 0.87701 -0.26960
vn 0.36071 0.88483 -0.29491
vn 0.39149 0.86728 -0.30749
vn 0.35710 0.86319 -0.35690
vn 0.40879 0.86128 -0.30179
vn 0.29208 0.87125 -0.39448
vn 0.33458 0.88225 -0.33118
vn 0.31819 0.89588 -0.31009
vn 0.28461 0.89953 -0.33141
vn 0.28330 0.89079 -0.35530
vn 0.22190 0.87360 -0.43310
vn 0.19131 0.86194 -0.46952
vn 0.18310 0.85631 -0.48291
vn 0.22169 0.87016 -0.44008
vn 0.24369 0.88537 -0.39589
vn 0.25199 0.88707 -0.38679
vn 0.17840 0.86418 -0.47049
vn 0.26581 0.89524 -0.35762
vn 0.25770 0.92579 -0.27660
vn 0.23520 0.93140 -0.27780
vn 0.28550 0.91220 -0.29390
vn 0.31741 0.90442 -0.28511
vn 0.25990 0.91281 -0.31500
vn 0.21610 0.93010 -0.29700
vn -0.03200 0.58952 -0.80712
vn -0.06800 0.63210 -0.77190
vn -0.09320 0.62447 -0.77547
vn -0.05530 0.58659 -0.80799
vn 0.00200 0.54502 -0.83842
vn -0.01490 0.54228 -0.84007
vn 0.07440 0.67101 -0.73771
vn 0.07560 0.70132 -0.70882
vn 0.07260 0.73599 -0.67309
vn 0.15750 0.89628 -0.41459
vn 0.19009 0.91776 -0.34868
vn 0.18270 0.87821 -0.44200
vn 0.22840 0.89940 -0.37270
vn 0.24299 0.90808 -0.34109
vn 0.20209 0.92534 -0.32078
vn 0.34438 0.89756 -0.27529
vn 0.27689 0.91838 -0.28269
vn -0.11170 0.73281 -0.67121
vn -0.08220 0.79242 -0.60441
vn -0.14630 0.78672 -0.59972
vn -0.17650 0.72450 -0.66630
vn 0.16261 0.80805 -0.56623
vn 0.20720 0.83619 -0.50779
vn -0.10080 0.66369 -0.74119
vn -0.13120 0.65049 -0.74809
vn 0.07810 0.76717 -0.63667
vn 0.11360 0.79000 -0.60250
vn -0.11590 0.69247 -0.71207
vn -0.16360 0.67909 -0.71559
vn 0.86447 -0.35319 0.35769
vn 0.86110 -0.36310 0.35590
vn 0.92181 0.35590 0.15360
vn 0.92264 0.34552 0.17131
vn 0.46598 0.87387 -0.13860
vn 0.46299 0.87878 -0.11570
vn 0.86101 -0.26100 0.43651
vn 0.85772 -0.19980 0.47371
vn 0.92907 0.33989 0.14599
vn 0.92058 0.35849 0.15500
vn 0.56829 0.79309 -0.21920
vn 0.61320 0.75820 -0.22160
vn 0.05450 0.41459 0.90838
vn 0.02970 0.46730 0.88360
vn 0.09900 0.96009 0.26160
vn 0.03930 0.97567 0.21569
vn 0.07380 0.34589 0.93537
vn 0.14381 0.95254 0.26831
vn 0.10410 0.85350 -0.51060
vn 0.07740 0.86429 -0.49700
vn 0.03400 0.87423 -0.48432
vn 0.11420 0.34759 0.93067
vn 0.18670 0.94282 0.27611
vn 0.24921 0.92633 0.28251
vn 0.17490 0.34110 0.92361
vn 0.12860 0.86070 -0.49260
vn 0.15661 0.86784 -0.47152
vn 0.29832 0.30902 0.90306
vn 0.45330 0.23510 0.85980
vn 0.52140 0.81030 0.26750
vn 0.37069 0.88469 0.28270
vn 0.57850 0.15510 0.80080
vn 0.63932 0.72482 0.25671
vn 0.33871 0.85842 -0.38521
vn 0.27669 0.86276 -0.42318
vn 0.20819 0.87008 -0.44679
vn 0.83757 -0.10930 0.53528
vn 0.80020 -0.00530 0.59970
vn 0.89558 0.40529 0.18350
vn 0.84780 0.48710 0.20970
vn 0.61529 0.75289 -0.23360
vn 0.56268 0.78417 -0.26169
vn 0.66856 0.10249 0.73656
vn 0.71880 0.64860 0.25030
vn 0.73948 0.06140 0.67038
vn 0.78542 0.57112 0.23861
vn 0.48471 0.82552 -0.28911
vn 0.40250 0.85180 -0.33530
vn 0.29170 -0.88601 0.36040
vn 0.28439 -0.89518 0.34319
vn 0.06910 -0.95058 0.30269
vn 0.07450 -0.94452 0.31991
vn 0.09180 -0.87130 0.48210
vn 0.24430 -0.82439 0.51059
vn 0.22851 -0.79472 0.56232
vn 0.09290 -0.84251 0.53061
vn -0.02360 -0.40410 0.91441
vn -0.01030 -0.40261 0.91532
vn -0.01280 -0.50911 0.86061
vn -0.03110 -0.50919 0.86009
vn -0.02920 -0.41360 0.90999
vn -0.04190 -0.52659 0.84909
vn -0.02310 -0.41859 0.90788
vn -0.04050 -0.53450 0.84420
vn -0.00440 -0.43049 0.90258
vn -0.02880 -0.54769 0.83619
vn 0.24320 -0.74009 0.62699
vn 0.12700 -0.80182 0.58391
vn 0.26680 -0.66010 0.70220
vn 0.16890 -0.73848 0.65278
vn 0.24380 -0.60081 0.76131
vn 0.16001 -0.68283 0.71284
vn 0.20289 -0.56298 0.80118
vn 0.12720 -0.64592 0.75273
vn 0.15480 -0.53180 0.83260
vn 0.08760 -0.62161 0.77841
vn 0.03910 -0.45688 0.88867
vn 0.00210 -0.56831 0.82281
vn 0.09841 -0.49493 0.86335
vn 0.04500 -0.59590 0.80180
vn 0.05730 0.95540 -0.28970
vn 0.06190 0.96022 -0.27231
vn 0.42462 0.89074 -0.16211
vn 0.41012 0.89924 -0.15221
vn 0.25810 0.89050 -0.37470
vn 0.21930 0.87662 -0.42831
vn 0.01500 0.88970 -0.45630
vn 0.00840 0.86342 -0.50441
vn 0.05510 0.64169 -0.76498
vn 0.03970 0.61989 -0.78369
vn 0.07840 0.84241 -0.53311
vn 0.05540 0.82888 -0.55668
vn 0.02290 0.83372 -0.55171
vn 0.01560 0.62226 -0.78265
vn 0.09931 0.83375 -0.54313
vn 0.09110 0.83922 -0.53611
vn 0.05650 0.64591 -0.76132
vn 0.04930 0.65490 -0.75410
vn 0.15720 0.86709 -0.47270
vn 0.08520 0.84616 -0.52608
vn -0.03120 0.83200 -0.55390
vn -0.08140 0.78343 -0.61612
vn 0.09200 0.80458 -0.58668
vn 0.06470 0.80038 -0.59599
vn -0.02700 0.70429 -0.70939
vn -0.05950 0.71608 -0.69548
vn -0.08520 0.74061 -0.66651
vn 0.05230 0.81748 -0.57358
vn 0.00160 0.68923 -0.72454
vn 0.10490 0.81450 -0.57060
vn 0.10480 0.82429 -0.55639
vn 0.02870 0.66942 -0.74233
vn -0.28380 -0.93790 0.19950
vn -0.29670 -0.93150 0.21040
vn -0.11640 -0.87592 0.46821
vn -0.14590 -0.89759 0.41599
vn -0.01880 -0.72348 0.69008
vn -0.04730 -0.72008 0.69228
vn -0.06670 -0.73876 0.67066
vn -0.07440 -0.74151 0.66681
vn -0.07730 -0.74371 0.66401
vn -0.05990 -0.85484 0.51542
vn 0.00410 -0.81870 0.57420
vn 0.02290 -0.77717 0.62888
vn 0.00130 -0.75030 0.66110
vn -0.03400 -0.74462 0.66662
vn -0.07240 -0.74279 0.66559
vn -0.05920 -0.74369 0.66589
vn -0.44790 -0.89041 0.08100
vn -0.43991 -0.89201 0.10390
vn -0.35959 -0.92539 0.11980
vn -0.36479 -0.92596 0.09760
vn -0.43200 -0.89231 0.13100
vn -0.42489 -0.89028 0.16390
vn -0.35220 -0.91780 0.18330
vn -0.35521 -0.92293 0.14840
vn -0.22090 -0.96119 0.16530
vn -0.22889 -0.96445 0.13209
vn -0.29141 -0.94783 0.12920
vn -0.28650 -0.94459 0.16020
vn -0.28291 -0.93842 0.19830
vn -0.21399 -0.95476 0.20649
vn -0.23731 -0.96543 0.10780
vn -0.29710 -0.94900 0.10550
vn -0.18439 -0.97736 0.10380
vn -0.17381 -0.97633 0.12870
vn -0.16330 -0.97299 0.16320
vn -0.15370 -0.96621 0.20690
vn -0.12480 -0.98459 0.12250
vn -0.13480 -0.98603 0.09780
vn -0.10620 -0.97342 0.20290
vn -0.11450 -0.98083 0.15770
vn -0.09130 -0.99151 0.09260
vn -0.08410 -0.98949 0.11760
vn -0.03610 -0.99276 0.11459
vn -0.03880 -0.99520 0.08980
vn -0.07080 -0.97719 0.20020
vn -0.07680 -0.98508 0.15400
vn -0.02960 -0.97981 0.19770
vn -0.03320 -0.98799 0.15090
vn -0.13800 -0.94532 0.29551
vn -0.09060 -0.95088 0.29599
vn -0.09360 -0.95487 0.28189
vn -0.14141 -0.94893 0.28201
vn -0.20609 -0.93825 0.27788
vn -0.20279 -0.93477 0.29169
vn -0.05960 -0.95339 0.29580
vn -0.02550 -0.95485 0.29599
vn -0.02610 -0.95953 0.28041
vn -0.06150 -0.95773 0.28101
vn -0.06530 -0.96691 0.24660
vn -0.02750 -0.96913 0.24501
vn -0.09870 -0.96351 0.24880
vn -0.14641 -0.95695 0.25061
vn -0.20931 -0.94593 0.24781
vn 0.56929 -0.73138 0.37549
vn 0.56439 -0.72779 0.38959
vn 0.37010 -0.85209 0.37010
vn 0.37790 -0.85521 0.35470
vn 0.56012 -0.71943 0.41072
vn 0.55730 -0.70669 0.43590
vn 0.35881 -0.83302 0.42111
vn 0.36338 -0.84466 0.39308
vn 0.55749 -0.68949 0.46239
vn 0.55910 -0.67150 0.48630
vn 0.35579 -0.80237 0.47918
vn 0.35712 -0.81773 0.45142
vn 0.56582 -0.65683 0.49842
vn 0.35670 -0.79261 0.49450
vn -0.51213 -0.85415 0.09031
vn -0.49920 -0.85851 0.11730
vn -0.48590 -0.86101 0.15020
vn -0.52380 -0.84900 0.06950
vn -0.49260 -0.86409 0.10340
vn -0.47342 -0.87194 0.12491
vn -0.53582 -0.83934 0.09170
vn -0.55030 -0.83191 0.07140
vn -0.45400 -0.87750 0.15450
vn -0.43411 -0.88072 0.18940
vn -0.50340 -0.85040 0.15300
vn -0.51991 -0.84581 0.11960
vn -0.40409 -0.87918 0.25249
vn -0.34680 -0.89931 0.26640
vn -0.35070 -0.90259 0.24970
vn -0.41380 -0.88039 0.23170
vn -0.41960 -0.88560 0.19910
vn -0.35142 -0.91015 0.21941
vn -0.28069 -0.92206 0.26649
vn -0.27789 -0.91838 0.28169
vn -0.28150 -0.92989 0.23680
vn -0.47400 -0.86059 0.18630
vn -0.46120 -0.85900 0.22230
vn -0.41468 -0.88086 0.22829
vn -0.39461 -0.87853 0.26921
vn -0.47150 -0.85180 0.22830
vn -0.48802 -0.85194 0.18981
vn -0.37059 -0.87966 0.29809
vn -0.44952 -0.85553 0.25691
vn -0.44372 -0.86134 0.24741
vn 0.22311 0.96026 -0.16771
vn 0.21571 0.95402 -0.20811
vn 0.28389 0.93768 -0.20040
vn 0.28779 0.94365 -0.16339
vn 0.29311 0.94673 -0.13340
vn 0.23189 0.96327 -0.13540
vn 0.35459 0.92257 -0.15209
vn 0.35899 0.92499 -0.12460
vn 0.35178 0.91746 -0.18579
vn 0.36440 0.92550 -0.10330
vn 0.29931 0.94774 -0.11050
vn 0.24130 0.96400 -0.11170
vn 0.43129 0.89218 -0.13420
vn 0.43889 0.89198 -0.10840
vn 0.42472 0.89003 -0.16571
vn 0.44680 0.89040 -0.08690
vn 0.16570 0.97232 -0.16470
vn 0.17730 0.97542 -0.13080
vn 0.12760 0.98411 -0.12350
vn 0.11630 0.98052 -0.15830
vn 0.10740 0.97323 -0.20321
vn 0.15529 0.96577 -0.20779
vn 0.18919 0.97616 -0.10640
vn 0.13860 0.98537 -0.09920
vn 0.08560 0.98931 -0.11810
vn 0.07770 0.98500 -0.15410
vn 0.07130 0.97716 -0.20019
vn 0.09340 0.99125 -0.09330
vn 0.03940 0.99513 -0.09030
vn 0.03650 0.99272 -0.11480
vn 0.03340 0.98800 -0.15080
vn 0.02960 0.97986 -0.19749
vn 0.13920 0.94509 -0.29570
vn 0.20420 0.93440 -0.29190
vn 0.20751 0.93784 -0.27821
vn 0.14260 0.94870 -0.28220
vn 0.09430 0.95474 -0.28211
vn 0.09140 0.95074 -0.29621
vn 0.06180 0.95769 -0.28110
vn 0.05990 0.95331 -0.29600
vn 0.02610 0.95950 -0.28050
vn 0.02550 0.95479 -0.29620
vn 0.09960 0.96337 -0.24899
vn 0.06560 0.96689 -0.24660
vn 0.02750 0.96913 -0.24501
vn 0.14780 0.95661 -0.25110
vn 0.21080 0.94539 -0.24860
vn -0.16350 0.91918 -0.35829
vn -0.17540 0.92539 -0.33600
vn -0.17070 0.92601 -0.33670
vn -0.16269 0.91917 -0.35869
vn -0.15809 0.90856 -0.38668
vn -0.15509 0.90904 -0.38677
vn -0.18969 0.92786 -0.32109
vn -0.18061 0.92904 -0.32291
vn 0.04280 0.95110 -0.30590
vn 0.02680 0.95830 -0.28450
vn 0.05490 0.94093 -0.33411
vn 0.00730 0.96267 -0.27059
vn -0.13921 0.87465 -0.46433
vn -0.14580 0.88207 -0.44799
vn -0.15680 0.87961 -0.44911
vn -0.15409 0.87127 -0.46598
vn -0.15090 0.89559 -0.41850
vn -0.15809 0.89436 -0.41848
vn 0.08160 0.90901 -0.40871
vn 0.07030 0.91625 -0.39438
vn 0.06200 0.92859 -0.36590
vn 0.52892 0.84574 -0.07050
vn 0.51738 0.85087 -0.09130
vn 0.52488 0.84496 -0.10270
vn 0.54050 0.83711 -0.08430
vn 0.49252 0.85764 -0.14791
vn 0.50500 0.85520 -0.11670
vn 0.50842 0.85133 -0.12940
vn 0.49108 0.85597 -0.16169
vn 0.28179 0.92158 -0.26699
vn 0.28250 0.92930 -0.23790
vn 0.35129 0.90988 -0.22070
vn 0.35090 0.90231 -0.25040
vn 0.27911 0.91792 -0.28201
vn 0.34740 0.89899 -0.26670
vn 0.40642 0.87844 -0.25131
vn 0.41522 0.87985 -0.23121
vn 0.42013 0.88526 -0.19951
vn 0.43410 0.86110 -0.26470
vn 0.45659 0.85758 -0.23680
vn 0.46938 0.85587 -0.21719
vn 0.45281 0.85822 -0.24171
vn 0.47450 0.85770 -0.19800
vn 0.48141 0.85732 -0.18231
vn 0.85339 -0.37029 0.36689
vn 0.85100 -0.36270 0.37980
vn 0.84969 -0.35030 0.39410
vn 0.85608 -0.37259 0.35819
vn 0.92691 0.32890 0.18070
vn 0.93076 0.31769 0.18099
vn 0.93288 0.31249 0.17910
vn 0.93410 0.31190 0.17370
vn 0.48958 0.86407 -0.11700
vn 0.46951 0.87612 -0.10940
vn 0.51679 0.84218 -0.15380
vn 0.50518 0.85287 -0.13190
vn 0.85290 -0.31160 0.41890
vn 0.85989 -0.28900 0.42080
vn 0.85045 -0.33242 0.40772
vn 0.93388 0.31739 0.16470
vn 0.93277 0.32529 0.15530
vn 0.93042 0.33581 0.14680
vn 0.52911 0.82381 -0.20340
vn 0.52303 0.83305 -0.18021
vn 0.53610 0.81671 -0.21350
vn 0.25938 -0.88925 0.37678
vn 0.25560 -0.87781 0.40511
vn 0.07520 -0.92713 0.36711
vn 0.07010 -0.93897 0.33679
vn 0.06660 -0.94775 0.31198
vn 0.26539 -0.89688 0.35379
vn 0.27269 -0.90037 0.33909
vn 0.06320 -0.95294 0.29651
vn 0.25310 -0.83899 0.48170
vn 0.09340 -0.88675 0.45272
vn 0.08830 -0.89652 0.43411
vn 0.25329 -0.84798 0.46559
vn 0.25471 -0.86304 0.43622
vn 0.08270 -0.91226 0.40118
vn 0.39501 0.90603 -0.15190
vn 0.37710 0.91019 -0.17130
vn 0.06110 0.95808 -0.27990
vn 0.06650 0.96198 -0.26489
vn 0.34068 0.91095 -0.23259
vn 0.35940 0.91170 -0.19910
vn 0.05570 0.95091 -0.30440
vn 0.04770 0.94105 -0.33488
vn 0.32070 0.90761 -0.27090
vn 0.30069 0.90156 -0.31109
vn 0.02550 0.91373 -0.40551
vn 0.03580 0.92827 -0.37019
vn 0.27939 0.89857 -0.33839
vn 0.01740 0.90447 -0.42619
vn -0.21310 -0.93581 0.28080
vn -0.23140 -0.94119 0.24620
vn -0.24911 -0.94383 0.21711
vn -0.26822 -0.94285 0.19771
vn -0.15840 -0.90999 0.38319
vn -0.17580 -0.91671 0.35880
vn -0.19371 -0.92754 0.31961
vn 0.09320 -0.07220 -0.99303
vn 0.12390 -0.19539 -0.97287
vn 0.11650 -0.21150 -0.97041
vn 0.13090 -0.18860 -0.97329
vn 0.10809 -0.19589 -0.97465
vn 0.10170 0.00040 -0.99481
vn 0.14310 -0.03780 -0.98899
vn 0.12540 0.02520 -0.99179
vn 0.15189 0.05350 -0.98695
# 3777 normals
f  1450/1791/1197 1451/1792/1198 1452/1793/1199 1453/1794/1200
f  1452/1793/1199 1451/1792/1198 1454/1795/1201 1455/1796/1202
f  1453/1794/1200 1452/1793/1199 1456/1797/1203 1457/1798/1204
f  1456/1797/1203 1452/1793/1199 1455/1796/1202 1458/1799/1205
f  1457/1798/1204 1456/1797/1203 1459/1800/1206 1460/1801/1207
f  1459/1800/1206 1456/1797/1203 1458/1799/1205 1461/1802/1208
f  1462/1803/1209 1463/1804/1210 1459/1800/1206 1461/1802/1208
f  1459/1800/1206 1463/1804/1210 1464/1805/1211 1460/1801/1207
f  1465/1806/1212 1466/1807/1213 1467/1808/1214 1468/1809/1215
f  1467/1808/1214 1466/1807/1213 1469/1810/1216 1470/1811/1217
f  1463/1804/1210 1471/1812/1218 1472/1813/1219 1464/1805/1211
f  1473/1814/1220 1471/1812/1218 1463/1804/1210 1462/1803/1209
f  1472/1813/1219 1471/1812/1218 1466/1807/1213 1465/1806/1212
f  1466/1807/1213 1471/1812/1218 1473/1814/1220 1469/1810/1216
f  1474/1815/1221 1475/1816/1222 1476/1817/1223 1477/1818/1224
f  1478/1819/1225 1475/1816/1222 1474/1815/1221 1479/1820/1226
f  1475/1816/1222 1480/1821/1227 1481/1822/1228 1476/1817/1223
f  1482/1823/1229 1480/1821/1227 1475/1816/1222 1478/1819/1225
f  1483/1824/1230 1484/1825/1231 1485/1826/1232 1486/1827/1233
f  1487/1828/1234 1484/1825/1231 1483/1824/1230 1488/1829/1235
f  1489/1830/1236 1490/1831/1237 1491/1832/1238 1492/1833/1239
f  1491/1832/1238 1490/1831/1237 1493/1834/1240 1494/1835/1241
f  1495/1836/1242 1496/1837/1243 1497/1838/1244 1498/1839/1245
f  1497/1838/1244 1496/1837/1243 1499/1840/1246 1500/1841/1247
f  1501/1842/1248 1502/1843/1249 1503/1844/1250 1504/1845/1251
f  1505/1846/1252 1502/1843/1249 1501/1842/1248 1506/1847/1253
f  1467/1808/1214 1507/1848/1254 1508/1849/1255 1468/1809/1215
f  1509/1850/1256 1507/1848/1254 1467/1808/1214 1470/1811/1217
f  1510/1851/1257 1511/1852/1258 1512/1853/1259 1513/1854/1260
f  1512/1853/1259 1511/1852/1258 1514/1855/1261 1515/1856/1262
f  1516/1857/1263 1517/1858/1264 1518/1859/1265 1519/1860/1266
f  1472/1813/1219 1517/1858/1264 1516/1857/1263 1464/1805/1211
f  1520/1861/1267 1517/1858/1264 1472/1813/1219 1465/1806/1212
f  1518/1859/1265 1517/1858/1264 1520/1861/1267 1521/1862/1268
f  1522/1863/1269 1520/1861/1267 1465/1806/1212 1468/1809/1215
f  1521/1862/1268 1520/1861/1267 1522/1863/1269 1492/1833/1239
f  1523/1864/1270 1524/1865/1271 1450/1791/1197 1453/1794/1200
f  1481/1822/1228 1524/1865/1271 1523/1864/1270 1476/1817/1223
f  1525/1866/1272 1523/1864/1270 1453/1794/1200 1457/1798/1204
f  1476/1817/1223 1523/1864/1270 1525/1866/1272 1477/1818/1224
f  1526/1867/1273 1527/1868/1274 1510/1851/1257 1513/1854/1260
f  1485/1826/1232 1527/1868/1274 1526/1867/1273 1486/1827/1233
f  1522/1863/1269 1528/1869/1275 1489/1830/1236 1492/1833/1239
f  1508/1849/1255 1528/1869/1275 1522/1863/1269 1468/1809/1215
f  1529/1870/1276 1530/1871/1277 1495/1836/1242 1498/1839/1245
f  1503/1844/1250 1530/1871/1277 1529/1870/1276 1504/1845/1251
f  1531/1872/1278 1474/1815/1221 1477/1818/1224 1532/1873/1279
f  1479/1820/1226 1474/1815/1221 1531/1872/1278 1533/1874/1280
f  1519/1860/1266 1534/1875/1281 1531/1872/1278 1532/1873/1279
f  1531/1872/1278 1534/1875/1281 1535/1876/1282 1533/1874/1280
f  1536/1877/1283 1516/1857/1263 1519/1860/1266 1532/1873/1279
f  1464/1805/1211 1516/1857/1263 1536/1877/1283 1460/1801/1207
f  1536/1877/1283 1525/1866/1272 1457/1798/1204 1460/1801/1207
f  1477/1818/1224 1525/1866/1272 1536/1877/1283 1532/1873/1279
f  1518/1859/1265 1537/1878/1284 1534/1875/1281 1519/1860/1266
f  1534/1875/1281 1537/1878/1284 1538/1879/1285 1535/1876/1282
f  1539/1880/1286 1537/1878/1284 1518/1859/1265 1521/1862/1268
f  1538/1879/1285 1537/1878/1284 1539/1880/1286 1540/1881/1287
f  1491/1832/1238 1539/1880/1286 1521/1862/1268 1492/1833/1239
f  1540/1881/1287 1539/1880/1286 1491/1832/1238 1494/1835/1241
f  1541/1882/1288 1542/1883/1289 1543/1884/1290 1544/1885/1291
f  1545/1886/1292 1542/1883/1289 1541/1882/1288 1546/1887/1293
f  1547/1888/1294 1548/1889/1295 1542/1883/1289 1545/1886/1292
f  1542/1883/1289 1548/1889/1295 1549/1890/1296 1543/1884/1290
f  1546/1887/1293 1541/1882/1288 1550/1891/1297 1551/1892/1298
f  1550/1891/1297 1541/1882/1288 1544/1885/1291 1552/1893/1299
f  1553/1894/1300 1554/1895/1301 1550/1891/1297 1552/1893/1299
f  1550/1891/1297 1554/1895/1301 1555/1896/1302 1551/1892/1298
f  1556/1897/1303 1557/1898/1304 1558/1899/1305 1559/1900/1306
f  1560/1901/1307 1557/1898/1304 1556/1897/1303 1561/1902/1308
f  1562/1903/1309 1563/1904/1310 1554/1895/1301 1553/1894/1300
f  1554/1895/1301 1563/1904/1310 1564/1905/1311 1555/1896/1302
f  1564/1905/1311 1563/1904/1310 1557/1898/1304 1560/1901/1307
f  1557/1898/1304 1563/1904/1310 1562/1903/1309 1558/1899/1305
f  1565/1906/1312 1566/1907/1313 1567/1908/1314 1568/1909/1315
f  1565/1906/1312 1568/1909/1315 1569/1910/1316 1570/1911/1317
f  1571/1912/1318 1572/1913/1319 1573/1914/1320 1574/1915/1321
f  1575/1916/1322 1572/1913/1319 1571/1912/1318 1576/1917/1323
f  1573/1914/1320 1572/1913/1319 1577/1918/1324 1578/1919/1325
f  1577/1918/1324 1572/1913/1319 1575/1916/1322 1579/1920/1326
f  1580/1921/1327 1581/1922/1328 1582/1923/1329 1583/1924/1330
f  1584/1925/1331 1581/1922/1328 1580/1921/1327 1585/1926/1332
f  1586/1927/1333 1587/1928/1334 1581/1922/1328 1584/1925/1331
f  1581/1922/1328 1587/1928/1334 1588/1929/1335 1582/1923/1329
f  1589/1930/1336 1590/1931/1337 1591/1932/1338 1592/1933/1339
f  1591/1932/1338 1590/1931/1337 1593/1934/1340 1594/1935/1341
f  1592/1933/1339 1591/1932/1338 1595/1936/1342 1596/1937/1343
f  1595/1936/1342 1591/1932/1338 1594/1935/1341 1597/1938/1344
f  1598/1939/1345 1599/1940/1346 1556/1897/1303 1559/1900/1306
f  1556/1897/1303 1599/1940/1346 1600/1941/1347 1561/1902/1308
f  1601/1942/1348 1599/1940/1346 1598/1939/1345 1602/1943/1349
f  1600/1941/1347 1599/1940/1346 1601/1942/1348 1603/1944/1350
f  1604/1945/1351 1605/1946/1352 1606/1947/1353 1574/1915/1321
f  1558/1899/1305 1605/1946/1352 1604/1945/1351 1559/1900/1306
f  1562/1903/1309 1607/1948/1354 1608/1949/1355 1605/1946/1352 1558/1899/1305
f  1544/1885/1291 1543/1884/1290 1609/1950/1356 1610/1951/1357
f  1610/1951/1357 1609/1950/1356 1565/1906/1312 1570/1911/1317
f  1609/1950/1356 1611/1952/1358 1566/1907/1313 1565/1906/1312
f  1543/1884/1290 1549/1890/1296 1611/1952/1358 1609/1950/1356
f  1604/1945/1351 1612/1953/1359 1598/1939/1345 1559/1900/1306
f  1573/1914/1320 1612/1953/1359 1604/1945/1351 1574/1915/1321
f  1613/1954/1360 1612/1953/1359 1573/1914/1320 1578/1919/1325
f  1598/1939/1345 1612/1953/1359 1613/1954/1360 1602/1943/1349
f  1614/1955/1361 1615/1956/1362 1589/1930/1336 1592/1933/1339
f  1588/1929/1335 1615/1956/1362 1614/1955/1361 1582/1923/1329
f  1616/1957/1363 1614/1955/1361 1592/1933/1339 1596/1937/1343
f  1582/1923/1329 1614/1955/1361 1616/1957/1363 1583/1924/1330
f  1617/1958/1364 1618/1959/1365 1606/1947/1353 1619/1960/1366
f  1606/1947/1353 1618/1959/1365 1571/1912/1318 1574/1915/1321
f  1571/1912/1318 1618/1959/1365 1620/1961/1367 1576/1917/1323
f  1497/1962/1244 1621/1963/1368 1622/1964/1369 1498/1965/1245
f  1623/1966/1370 1621/1967/1368 1497/1838/1244 1500/1841/1247
f  1622/1964/1369 1621/1963/1368 1624/1968/1371 1625/1969/1372
f  1624/1968/1371 1621/1963/1368 1623/1970/1370 1626/1971/1373
f  1627/1972/1374 1628/1973/1375 1580/1921/1327 1583/1924/1330
f  1580/1921/1327 1628/1973/1375 1629/1974/1376 1585/1926/1332
f  1629/1975/1376 1628/1976/1375 1624/1968/1371 1626/1971/1373
f  1624/1968/1371 1628/1976/1375 1627/1977/1374 1625/1969/1372
f  1630/1978/1377 1631/1979/1378 1501/1980/1248 1504/1981/1251
f  1501/1842/1248 1631/1982/1378 1632/1983/1379 1506/1847/1253
f  1633/1984/1380 1631/1979/1378 1630/1978/1377 1634/1985/1381
f  1632/1986/1379 1631/1979/1378 1633/1984/1380 1635/1987/1382
f  1595/1936/1342 1636/1988/1383 1637/1989/1384 1596/1937/1343
f  1638/1990/1385 1636/1988/1383 1595/1936/1342 1597/1938/1344
f  1637/1989/1384 1636/1988/1383 1633/1991/1380 1634/1992/1381
f  1633/1991/1380 1636/1988/1383 1638/1990/1385 1635/1993/1382
f  1529/1994/1276 1639/1995/1386 1630/1978/1377 1504/1981/1251
f  1622/1964/1369 1639/1995/1386 1529/1994/1276 1498/1965/1245
f  1640/1996/1387 1639/1995/1386 1622/1964/1369 1625/1969/1372
f  1630/1978/1377 1639/1995/1386 1640/1996/1387 1634/1985/1381
f  1616/1957/1363 1641/1997/1388 1627/1972/1374 1583/1924/1330
f  1637/1989/1384 1641/1997/1388 1616/1957/1363 1596/1937/1343
f  1640/1998/1387 1641/1997/1388 1637/1989/1384 1634/1992/1381
f  1627/1972/1374 1641/1997/1388 1640/1998/1387 1625/1999/1372
f  1642/2000/1389 1643/2001/1390 1644/2002/1391 1645/2003/1392
f  1646/2004/1393 1643/2001/1390 1642/2000/1389 1647/2005/1394
f  1648/2006/1395 1649/2007/1396 1650/2008/1397 1651/2009/1398
f  1650/2008/1397 1649/2007/1396 1652/2010/1399 1653/2011/1400
f  1654/2012/1401 1655/2013/1402 1648/2006/1395 1651/2009/1398
f  1644/2002/1391 1655/2013/1402 1654/2012/1401 1645/2003/1392
f  1577/1918/1324 1656/2014/1403 1657/2015/1404 1578/1919/1325
f  1658/2016/1405 1656/2014/1403 1577/1918/1324 1579/1920/1326
f  1659/2017/1406 1660/2018/1407 1590/1931/1337 1589/1930/1336
f  1590/1931/1337 1660/2018/1407 1661/2019/1408 1593/1934/1340
f  1656/2014/1403 1660/2018/1407 1659/2017/1406 1657/2015/1404
f  1661/2019/1408 1660/2018/1407 1656/2014/1403 1658/2016/1405
f  1587/1928/1334 1662/2020/1409 1663/2021/1410 1588/1929/1335
f  1664/2022/1411 1662/2020/1409 1587/1928/1334 1586/1927/1333
f  1663/2021/1410 1662/2020/1409 1665/2023/1412 1666/2024/1413
f  1665/2023/1412 1662/2020/1409 1664/2022/1411 1667/2025/1414
f  1666/2024/1413 1665/2023/1412 1601/1942/1348 1602/1943/1349
f  1601/1942/1348 1665/2023/1412 1667/2025/1414 1603/1944/1350
f  1613/1954/1360 1668/2026/1415 1666/2024/1413 1602/1943/1349
f  1657/2015/1404 1668/2026/1415 1613/1954/1360 1578/1919/1325
f  1615/1956/1362 1669/2027/1416 1659/2017/1406 1589/1930/1336
f  1663/2021/1410 1669/2027/1416 1615/1956/1362 1588/1929/1335
f  1668/2026/1415 1669/2027/1416 1663/2021/1410 1666/2024/1413
f  1659/2017/1406 1669/2027/1416 1668/2026/1415 1657/2015/1404
f  1450/1791/1197 1670/2028/1417 1671/2029/1418 1451/1792/1198
f  1454/1795/1201 1451/1792/1198 1671/2029/1418 1672/2030/1419
f  1481/1822/1228 1480/1821/1227 1673/2031/1420 1674/2032/1421
f  1450/1791/1197 1524/1865/1271 1675/2033/1422 1670/2028/1417
f  1549/1890/1296 1548/1889/1295 1676/2034/1423 1677/2035/1424
f  1566/1907/1313 1678/2036/1425 1679/2037/1426 1567/1908/1314
f  1611/1952/1358 1680/2038/1427 1678/2036/1425 1566/1907/1313
f  1611/1952/1358 1549/1890/1296 1677/2035/1424 1680/2038/1427
f  1496/1837/1243 1650/2008/1397 1653/2011/1400 1499/1840/1246
f  1651/2009/1398 1650/2008/1397 1496/1837/1243 1495/1836/1242
f  1502/1843/1249 1642/2000/1389 1645/2003/1392 1503/1844/1250
f  1647/2005/1394 1642/2000/1389 1502/1843/1249 1505/1846/1252
f  1530/1871/1277 1654/2012/1401 1651/2009/1398 1495/1836/1242
f  1645/2003/1392 1654/2012/1401 1530/1871/1277 1503/1844/1250
f  1643/2001/1390 1681/2039/1428 1682/2040/1429 1644/2002/1391
f  1683/2041/1430 1681/2039/1428 1643/2001/1390 1646/2004/1393
f  1649/2007/1396 1684/2042/1431 1685/2043/1432 1652/2010/1399
f  1686/2044/1433 1684/2042/1431 1649/2007/1396 1648/2006/1395
f  1655/2013/1402 1687/2045/1434 1686/2044/1433 1648/2006/1395
f  1682/2040/1429 1687/2045/1434 1655/2013/1402 1644/2002/1391
f  1483/1824/1230 1681/2039/1428 1683/2041/1430 1488/1829/1235
f  1682/2040/1429 1681/2039/1428 1483/1824/1230 1486/1827/1233
f  1512/1853/1259 1684/2042/1431 1686/2044/1433 1513/1854/1260
f  1685/2043/1432 1684/2042/1431 1512/1853/1259 1515/1856/1262
f  1526/1867/1273 1687/2045/1434 1682/2040/1429 1486/1827/1233
f  1686/2044/1433 1687/2045/1434 1526/1867/1273 1513/1854/1260
f  1484/1825/1231 1490/1831/1237 1489/1830/1236 1485/1826/1232
f  1493/1834/1240 1490/1831/1237 1484/1825/1231 1487/1828/1234
f  1511/1852/1258 1507/1848/1254 1509/1850/1256 1514/1855/1261
f  1508/1849/1255 1507/1848/1254 1511/1852/1258 1510/1851/1257
f  1527/1868/1274 1528/1869/1275 1508/1849/1255 1510/1851/1257
f  1489/1830/1236 1528/1869/1275 1527/1868/1274 1485/1826/1232
f  1688/2046/1435 1689/2047/1436 1690/2048/1437 1691/2049/1438
f  1478/1819/1225 1689/2047/1436 1688/2046/1435 1482/1823/1229
f  1692/2050/1439 1689/2047/1436 1478/1819/1225 1479/1820/1226
f  1690/2048/1437 1689/2047/1436 1692/2050/1439 1693/2051/1440
f  1694/2052/1441 1695/2053/1442 1487/1828/1234 1488/1829/1235
f  1696/2054/1443 1695/2053/1442 1694/2052/1441 1697/2055/1444
f  1698/2056/1445 1695/2053/1442 1696/2054/1443 1699/2057/1446
f  1487/1828/1234 1695/2053/1442 1698/2056/1445 1493/1834/1240
f  1700/2058/1447 1701/2059/1448 1702/2060/1449 1703/2061/1450
f  1702/2060/1449 1701/2059/1448 1704/2062/1451 1705/2063/1452
f  1704/2062/1451 1706/2064/1453 1707/2065/1454 1705/2063/1452
f  1707/2065/1454 1706/2064/1453 1708/2066/1455 1709/2067/1456
f  1710/2068/1457 1711/2069/1458 1712/2070/1459 1713/2071/1460
f  1506/1847/1253 1711/2069/1458 1710/2068/1457 1505/1846/1252
f  1714/2072/1461 1715/2073/1462 1716/2074/1463 1717/2075/1464
f  1690/2048/1437 1715/2073/1462 1714/2072/1461 1691/2049/1438
f  1717/2075/1464 1716/2074/1463 1718/2076/1465 1719/2077/1466
f  1718/2076/1465 1716/2074/1463 1720/2078/1467 1721/2079/1468
f  1722/2080/1469 1715/2073/1462 1690/2048/1437 1693/2051/1440
f  1716/2074/1463 1715/2073/1462 1722/2080/1469 1720/2078/1467
f  1723/2081/1470 1724/2082/1471 1725/2083/1472 1726/2084/1473
f  1725/2083/1472 1724/2082/1471 1718/2076/1465 1721/2079/1468
f  1718/2076/1465 1724/2082/1471 1727/2085/1474 1719/2077/1466
f  1727/2085/1474 1724/2082/1471 1723/2081/1470 1728/2086/1475
f  1729/2087/1476 1730/2088/1477 1731/2089/1478 1732/2090/1479
f  1731/2089/1478 1730/2088/1477 1733/2091/1480 1734/2092/1481
f  1733/2091/1480 1730/2088/1477 1725/2083/1472 1721/2079/1468
f  1725/2083/1472 1730/2088/1477 1729/2087/1476 1726/2084/1473
f  1734/2092/1481 1733/2091/1480 1735/2093/1482 1736/2094/1483
f  1737/2095/1484 1738/2096/1485 1739/2097/1486 1740/2098/1487
f  1735/2093/1482 1738/2096/1485 1737/2095/1484 1736/2094/1483
f  1722/2080/1469 1738/2096/1485 1735/2093/1482 1720/2078/1467
f  1739/2097/1486 1738/2096/1485 1722/2080/1469 1693/2051/1440
f  1721/2079/1468 1720/2078/1467 1735/2093/1482 1733/2091/1480
f  1692/2050/1439 1741/2099/1488 1739/2097/1486 1693/2051/1440
f  1533/1874/1280 1741/2099/1488 1692/2050/1439 1479/1820/1226
f  1742/2100/1489 1741/2099/1488 1533/1874/1280 1535/1876/1282
f  1739/2097/1486 1741/2099/1488 1742/2100/1489 1740/2098/1487
f  1743/2101/1490 1744/2102/1491 1745/2103/1492 1746/2104/1493
f  1745/2103/1492 1744/2102/1491 1747/2105/1494 1748/2106/1495
f  1703/2061/1450 1749/2107/1496 1750/2108/1497 1700/2058/1447
f  1750/2108/1497 1749/2107/1496 1748/2106/1495 1747/2105/1494
f  1751/2109/1498 1752/2110/1499 1753/2111/1500 1754/2112/1501
f  1712/2070/1459 1752/2110/1499 1751/2109/1498 1713/2071/1460
f  1754/2112/1501 1753/2111/1500 1743/2101/1490 1746/2104/1493
f  1736/2094/1483 1755/2113/1502 1756/2114/1503 1734/2092/1481
f  1756/2114/1503 1755/2113/1502 1757/2115/1504 1758/2116/1505
f  1759/2117/1506 1760/2118/1507 1761/2119/1508 1762/2120/1509
f  1755/2113/1502 1760/2118/1507 1759/2117/1506 1757/2115/1504
f  1737/2095/1484 1760/2118/1507 1755/2113/1502 1736/2094/1483
f  1761/2119/1508 1760/2118/1507 1737/2095/1484 1740/2098/1487
f  1763/2121/1510 1764/2122/1511 1538/1879/1285 1540/1881/1287
f  1761/2119/1508 1764/2122/1511 1763/2121/1510 1762/2120/1509
f  1742/2100/1489 1764/2122/1511 1761/2119/1508 1740/2098/1487
f  1538/1879/1285 1764/2122/1511 1742/2100/1489 1535/1876/1282
f  1759/2117/1506 1765/2123/1512 1766/2124/1513 1757/2115/1504
f  1767/2125/1514 1765/2123/1512 1759/2117/1506 1762/2120/1509
f  1757/2115/1504 1766/2124/1513 1768/2126/1515 1758/2116/1505
f  1768/2126/1515 1766/2124/1513 1769/2127/1516 1770/2128/1517
f  1771/2129/1518 1765/2123/1512 1767/2125/1514 1699/2057/1446
f  1766/2124/1513 1765/2123/1512 1771/2129/1518 1769/2127/1516
f  1763/2121/1510 1772/2130/1519 1767/2125/1514 1762/2120/1509
f  1494/1835/1241 1772/2130/1519 1763/2121/1510 1540/1881/1287
f  1698/2056/1445 1772/2130/1519 1494/1835/1241 1493/1834/1240
f  1767/2125/1514 1772/2130/1519 1698/2056/1445 1699/2057/1446
f  1732/2090/1479 1731/2089/1478 1773/2131/1520 1774/2132/1521
f  1774/2132/1521 1773/2131/1520 1775/2133/1522 1776/2134/1523
f  1775/2133/1522 1773/2131/1520 1756/2114/1503 1758/2116/1505
f  1734/2092/1481 1756/2114/1503 1773/2131/1520 1731/2089/1478
f  1777/2135/1524 1778/2136/1525 1779/2137/1526 1780/2138/1527
f  1779/2137/1526 1778/2136/1525 1768/2126/1515 1770/2128/1517
f  1768/2126/1515 1778/2136/1525 1775/2133/1522 1758/2116/1505
f  1775/2133/1522 1778/2136/1525 1777/2135/1524 1776/2134/1523
f  1781/2139/1528 1782/2140/1529 1696/2054/1443 1697/2055/1444
f  1783/2141/1530 1782/2140/1529 1781/2139/1528 1784/2142/1531
f  1771/2129/1518 1782/2140/1529 1783/2141/1530 1769/2127/1516
f  1696/2054/1443 1782/2140/1529 1771/2129/1518 1699/2057/1446
f  1769/2127/1516 1783/2141/1530 1779/2137/1526 1770/2128/1517
f  1779/2137/1526 1783/2141/1530 1784/2142/1531 1780/2138/1527
f  1785/2143/1532 1786/2144/1533 1787/2145/1534 1788/2146/1535
f  1789/2147/1536 1786/2144/1533 1785/2143/1532 1790/2148/1537
f  1788/2146/1535 1787/2145/1534 1568/1909/1315 1567/1908/1314
f  1568/1909/1315 1787/2145/1534 1791/2149/1538 1569/1910/1316
f  1792/2150/1539 1786/2144/1533 1789/2147/1536 1793/2151/1540
f  1787/2145/1534 1786/2144/1533 1792/2150/1539 1791/2149/1538
f  1794/2152/1541 1795/2153/1542 1796/2154/1543 1797/2155/1544
f  1576/1917/1323 1795/2153/1542 1794/2152/1541 1575/1916/1322
f  1798/2156/1545 1795/2153/1542 1576/1917/1323 1620/1961/1367
f  1796/2154/1543 1795/2153/1542 1798/2156/1545 1799/2157/1546
f  1800/2158/1547 1794/2152/1541 1797/2155/1544 1801/2159/1548
f  1575/1916/1322 1794/2152/1541 1800/2158/1547 1579/1920/1326
f  1802/2160/1549 1803/2161/1550 1804/2162/1551 1805/2163/1552
f  1804/2162/1551 1803/2161/1550 1806/2164/1553 1807/2165/1554
f  1808/2166/1555 1809/2167/1556 1803/2161/1550 1802/2160/1549
f  1803/2161/1550 1809/2167/1556 1810/2168/1557 1806/2164/1553
f  1805/2163/1552 1811/2169/1558 1812/2170/1559 1802/2160/1549
f  1812/2170/1559 1811/2169/1558 1813/2171/1560 1814/2172/1561
f  1802/2160/1549 1812/2170/1559 1815/2173/1562 1808/2166/1555
f  1815/2173/1562 1812/2170/1559 1814/2172/1561 1816/2174/1563
f  1817/2175/1564 1818/2176/1565 1819/2177/1566 1820/2178/1567
f  1593/1934/1340 1818/2176/1565 1817/2175/1564 1594/1935/1341
f  1821/2179/1568 1817/2175/1564 1820/2178/1567 1822/2180/1569
f  1594/1935/1341 1817/2175/1564 1821/2179/1568 1597/1938/1344
f  1823/2181/1570 1824/2182/1571 1825/2183/1572 1826/2184/1573
f  1789/2147/1536 1824/2182/1571 1823/2181/1570 1793/2151/1540
f  1827/2185/1574 1824/2182/1571 1789/2147/1536 1790/2148/1537
f  1825/2183/1572 1824/2182/1571 1827/2185/1574 1828/2186/1575
f  1829/2187/1576 1830/2188/1577 1825/2183/1572 1828/2186/1575
f  1831/2189/1578 1826/2184/1573 1825/2183/1572 1830/2188/1577
f  1831/2189/1578 1830/2188/1577 1832/2190/1579 1833/2191/1580
f  1832/2190/1579 1830/2188/1577 1829/2187/1576 1834/2192/1581
f  1831/2189/1578 1835/2193/1582 1836/2194/1583 1826/2184/1573
f  1823/2181/1570 1837/2195/1584 1838/2196/1585 1793/2151/1540
f  1836/2194/1583 1837/2195/1584 1823/2181/1570 1826/2184/1573
f  1839/2197/1586 1837/2195/1584 1836/2194/1583 1840/2198/1587
f  1838/2196/1585 1837/2195/1584 1839/2197/1586 1841/2199/1588
f  1842/2200/1589 1840/2198/1587 1836/2194/1583 1835/2193/1582
f  1833/2191/1580 1843/2201/1590 1835/2193/1582 1831/2189/1578
f  1835/2193/1582 1843/2201/1590 1844/2202/1591 1842/2200/1589
f  1792/2150/1539 1845/2203/1592 1846/2204/1593 1791/2149/1538
f  1838/2196/1585 1845/2203/1592 1792/2150/1539 1793/2151/1540
f  1847/2205/1594 1845/2203/1592 1838/2196/1585 1841/2199/1588
f  1846/2204/1593 1845/2203/1592 1847/2205/1594 1848/2206/1595
f  1849/2207/1596 1850/2208/1597 1851/2209/1598 1852/2210/1599
f  1851/2209/1598 1850/2208/1597 1807/2165/1554 1806/2164/1553
f  1852/2210/1599 1853/2211/1600 1854/2212/1601 1849/2207/1596
f  1854/2212/1601 1853/2211/1600 1855/2213/1602 1856/2214/1603
f  1857/2215/1604 1858/2216/1605 1853/2211/1600 1852/2210/1599
f  1853/2211/1600 1858/2216/1605 1859/2217/1606 1855/2213/1602
f  1810/2168/1557 1860/2218/1607 1851/2209/1598 1806/2164/1553
f  1851/2209/1598 1860/2218/1607 1857/2215/1604 1852/2210/1599
f  1861/2219/1608 1862/2220/1609 1856/2214/1603 1855/2213/1602
f  1863/2221/1610 1864/2222/1611 1820/2178/1567 1819/2177/1566
f  1861/2219/1608 1864/2222/1611 1863/2221/1610 1862/2220/1609
f  1865/2223/1612 1861/2219/1608 1855/2213/1602 1859/2217/1606
f  1864/2222/1611 1866/2224/1613 1822/2180/1569 1820/2178/1567
f  1865/2223/1612 1866/2224/1613 1864/2222/1611 1861/2219/1608
f  1867/2225/1614 1868/2226/1615 1869/2227/1616 1870/2228/1617
f  1871/2229/1618 1872/2230/1619 1796/2154/1543 1799/2157/1546
f  1869/2227/1616 1872/2230/1619 1871/2229/1618 1870/2228/1617
f  1873/2231/1620 1872/2230/1619 1869/2227/1616 1874/2232/1621
f  1796/2154/1543 1872/2230/1619 1873/2231/1620 1797/2155/1544
f  1875/2233/1622 1874/2232/1621 1869/2227/1616 1868/2226/1615
f  1839/2197/1586 1876/2234/1623 1877/2235/1624 1841/2199/1588
f  1878/2236/1625 1876/2234/1623 1839/2197/1586 1840/2198/1587
f  1871/2229/1618 1876/2234/1623 1878/2236/1625 1870/2228/1617
f  1877/2235/1624 1876/2234/1623 1871/2229/1618 1799/2157/1546
f  1870/2228/1617 1878/2236/1625 1879/2237/1626 1867/2225/1614
f  1879/2237/1626 1878/2236/1625 1840/2198/1587 1842/2200/1589
f  1847/2205/1594 1880/2238/1627 1881/2239/1628 1848/2206/1595
f  1877/2235/1624 1880/2238/1627 1847/2205/1594 1841/2199/1588
f  1798/2156/1545 1880/2238/1627 1877/2235/1624 1799/2157/1546
f  1881/2239/1628 1880/2238/1627 1798/2156/1545 1620/1961/1367
f  1844/2202/1591 1882/2240/1629 1879/2237/1626 1842/2200/1589
f  1879/2237/1626 1882/2240/1629 1883/2241/1630 1867/2225/1614
f  1883/2241/1630 1884/2242/1631 1868/2226/1615 1867/2225/1614
f  1868/2226/1615 1884/2242/1631 1885/2243/1632 1875/2233/1622
f  1886/2244/1633 1874/2232/1621 1875/2233/1622 1885/2243/1632
f  1873/2231/1620 1887/2245/1634 1801/2159/1548 1797/2155/1544
f  1886/2244/1633 1887/2245/1634 1873/2231/1620 1874/2232/1621
f  1791/2149/1538 1846/2204/1593 1888/2246/1635 1889/2247/1636 1569/1910/1316
f  1890/2248/1637 1888/2246/1635 1846/2204/1593 1848/2206/1595
f  1704/2249/1451 1701/2250/1448 1891/2251/1638 1892/2252/1639
f  1891/2251/1638 1701/2250/1448 1700/2253/1447 1893/2254/1640
f  1894/2255/1641 1895/2256/1642 1891/2251/1638 1893/2254/1640
f  1891/2251/1638 1895/2256/1642 1896/2257/1643 1892/2252/1639
f  1810/2168/1557 1809/2167/1556 1897/2258/1644 1898/2259/1645
f  1897/2258/1644 1809/2167/1556 1808/2166/1555 1899/2260/1646
f  1896/2261/1643 1895/2262/1642 1897/2258/1644 1899/2260/1646
f  1897/2258/1644 1895/2262/1642 1894/2263/1641 1898/2259/1645
f  1892/2252/1639 1900/2264/1647 1706/2265/1453 1704/2249/1451
f  1706/2265/1453 1900/2264/1647 1901/2266/1648 1708/2267/1455
f  1896/2257/1643 1902/2268/1649 1900/2264/1647 1892/2252/1639
f  1900/2264/1647 1902/2268/1649 1903/2269/1650 1901/2266/1648
f  1808/2166/1555 1815/2173/1562 1904/2270/1651 1899/2260/1646
f  1904/2270/1651 1815/2173/1562 1816/2174/1563 1905/2271/1652
f  1899/2260/1646 1904/2270/1651 1902/2272/1649 1896/2261/1643
f  1902/2272/1649 1904/2270/1651 1905/2271/1652 1903/2273/1650
f  1906/2274/1653 1907/2275/1654 1908/2276/1655 1909/2277/1656
f  1635/1987/1382 1907/2275/1654 1906/2274/1653 1632/1986/1379
f  1711/2069/1458 1906/2278/1653 1909/2279/1656 1712/2070/1459
f  1632/1983/1379 1906/2278/1653 1711/2069/1458 1506/1847/1253
f  1821/2179/1568 1910/2280/1657 1638/1990/1385 1597/1938/1344
f  1911/2281/1658 1910/2280/1657 1821/2179/1568 1822/2180/1569
f  1907/2282/1654 1910/2280/1657 1911/2281/1658 1908/2283/1655
f  1638/1990/1385 1910/2280/1657 1907/2282/1654 1635/1993/1382
f  1747/2105/1494 1744/2102/1491 1912/2284/1659 1913/2285/1660
f  1912/2284/1659 1744/2102/1491 1743/2101/1490 1914/2286/1661
f  1915/2287/1662 1916/2288/1663 1912/2289/1659 1914/2290/1661
f  1912/2289/1659 1916/2288/1663 1917/2291/1664 1913/2292/1660
f  1700/2058/1447 1750/2108/1497 1918/2293/1665 1893/2294/1640
f  1918/2293/1665 1750/2108/1497 1747/2105/1494 1913/2285/1660
f  1893/2254/1640 1918/2295/1665 1919/2296/1666 1894/2255/1641
f  1919/2296/1666 1918/2295/1665 1913/2292/1660 1917/2291/1664
f  1898/2259/1645 1920/2297/1667 1860/2218/1607 1810/2168/1557
f  1860/2218/1607 1920/2297/1667 1921/2298/1668 1857/2215/1604
f  1921/2298/1668 1920/2297/1667 1919/2299/1666 1917/2300/1664
f  1919/2299/1666 1920/2297/1667 1898/2259/1645 1894/2263/1641
f  1859/2217/1606 1858/2216/1605 1922/2301/1669 1923/2302/1670
f  1922/2301/1669 1858/2216/1605 1857/2215/1604 1921/2298/1668
f  1917/2300/1664 1916/2303/1663 1922/2301/1669 1921/2298/1668
f  1922/2301/1669 1916/2303/1663 1915/2304/1662 1923/2302/1670
f  1753/2111/1500 1924/2305/1671 1914/2286/1661 1743/2101/1490
f  1925/2306/1672 1752/2110/1499 1712/2070/1459 1909/2279/1656
f  1753/2111/1500 1752/2110/1499 1925/2306/1672 1924/2305/1671
f  1914/2290/1661 1924/2307/1671 1926/2308/1673 1915/2287/1662
f  1927/2309/1674 1925/2310/1672 1909/2277/1656 1908/2276/1655
f  1924/2311/1671 1925/2310/1672 1927/2309/1674 1926/2312/1673
f  1866/2224/1613 1928/2313/1675 1911/2281/1658 1822/2180/1569
f  1929/2314/1676 1928/2313/1675 1866/2224/1613 1865/2223/1612
f  1929/2314/1676 1865/2223/1612 1859/2217/1606 1923/2302/1670
f  1926/2315/1673 1929/2314/1676 1923/2302/1670 1915/2304/1662
f  1928/2313/1675 1927/2316/1674 1908/2283/1655 1911/2281/1658
f  1926/2315/1673 1927/2316/1674 1928/2313/1675 1929/2314/1676
f  1930/2317/1677 1931/2318/1678 1932/2319/1679 1933/2320/1680
f  1647/2005/1394 1931/2318/1678 1930/2317/1677 1646/2004/1393
f  1710/2068/1457 1931/2318/1678 1647/2005/1394 1505/1846/1252
f  1932/2319/1679 1931/2318/1678 1710/2068/1457 1713/2071/1460
f  1934/2321/1681 1935/2322/1682 1936/2323/1683 1937/2324/1684
f  1937/2324/1684 1936/2323/1683 1938/2325/1685 1939/2326/1686
f  1938/2325/1685 1936/2323/1683 1707/2065/1454 1709/2067/1456
f  1705/2063/1452 1707/2065/1454 1936/2323/1683 1935/2322/1682
f  1940/2327/1687 1941/2328/1688 1942/2329/1689 1943/2330/1690
f  1932/2319/1679 1941/2328/1688 1940/2327/1687 1933/2320/1680
f  1751/2109/1498 1941/2328/1688 1932/2319/1679 1713/2071/1460
f  1942/2329/1689 1941/2328/1688 1751/2109/1498 1754/2112/1501
f  1818/2176/1565 1944/2331/1691 1945/2332/1692 1819/2177/1566
f  1661/2019/1408 1944/2331/1691 1818/2176/1565 1593/1934/1340
f  1800/2158/1547 1946/2333/1693 1658/2016/1405 1579/1920/1326
f  1947/2334/1694 1946/2333/1693 1800/2158/1547 1801/2159/1548
f  1944/2331/1691 1946/2333/1693 1947/2334/1694 1945/2332/1692
f  1658/2016/1405 1946/2333/1693 1944/2331/1691 1661/2019/1408
f  1805/2163/1552 1804/2162/1551 1948/2335/1695 1949/2336/1696
f  1807/2165/1554 1950/2337/1697 1948/2335/1695 1804/2162/1551
f  1844/2202/1591 1843/2201/1590 1951/2338/1698 1952/2339/1699
f  1952/2339/1699 1951/2338/1698 1948/2335/1695 1950/2337/1697
f  1948/2335/1695 1951/2338/1698 1953/2340/1700 1949/2336/1696
f  1833/2191/1580 1953/2340/1700 1951/2338/1698 1843/2201/1590
f  1833/2191/1580 1832/2190/1579 1954/2341/1701 1953/2340/1700
f  1953/2340/1700 1954/2341/1701 1955/2342/1702 1949/2336/1696
f  1955/2342/1702 1954/2341/1701 1956/2343/1703 1957/2344/1704
f  1834/2192/1581 1956/2343/1703 1954/2341/1701 1832/2190/1579
f  1949/2336/1696 1955/2342/1702 1811/2169/1558 1805/2163/1552
f  1811/2169/1558 1955/2342/1702 1957/2344/1704 1813/2171/1560
f  1807/2165/1554 1850/2208/1597 1958/2345/1705 1950/2337/1697
f  1849/2207/1596 1959/2346/1706 1958/2345/1705 1850/2208/1597
f  1952/2339/1699 1960/2347/1707 1882/2240/1629 1844/2202/1591
f  1882/2240/1629 1960/2347/1707 1961/2348/1708 1883/2241/1630
f  1961/2348/1708 1960/2347/1707 1958/2345/1705 1959/2346/1706
f  1958/2345/1705 1960/2347/1707 1952/2339/1699 1950/2337/1697
f  1885/2243/1632 1884/2242/1631 1962/2349/1709 1963/2350/1710
f  1963/2350/1710 1962/2349/1709 1964/2351/1711 1965/2352/1712
f  1964/2351/1711 1962/2349/1709 1961/2348/1708 1959/2346/1706
f  1883/2241/1630 1961/2348/1708 1962/2349/1709 1884/2242/1631
f  1849/2207/1596 1854/2212/1601 1964/2351/1711 1959/2346/1706
f  1856/2214/1603 1965/2352/1712 1964/2351/1711 1854/2212/1601
f  1862/2220/1609 1966/2353/1713 1965/2352/1712 1856/2214/1603
f  1863/2221/1610 1967/2354/1714 1966/2353/1713 1862/2220/1609
f  1945/2332/1692 1967/2354/1714 1863/2221/1610 1819/2177/1566
f  1887/2245/1634 1968/2355/1715 1947/2334/1694 1801/2159/1548
f  1969/2356/1716 1968/2355/1715 1887/2245/1634 1886/2244/1633
f  1967/2354/1714 1968/2355/1715 1969/2356/1716 1966/2353/1713
f  1947/2334/1694 1968/2355/1715 1967/2354/1714 1945/2332/1692
f  1966/2353/1713 1969/2356/1716 1963/2350/1710 1965/2352/1712
f  1963/2350/1710 1969/2356/1716 1886/2244/1633 1885/2243/1632
f  1482/1823/1229 1688/2046/1435 1970/2357/1717 1971/2358/1718
f  1708/2066/1455 1972/2359/1719 1973/2360/1720 1709/2067/1456
f  1714/2072/1461 1974/2361/1721 1975/2362/1722 1691/2049/1438
f  1719/2077/1466 1976/2363/1723 1977/2364/1724 1717/2075/1464
f  1728/2086/1475 1978/2365/1725 1979/2366/1726 1727/2085/1474
f  1727/2085/1474 1979/2366/1726 1976/2363/1723 1719/2077/1466
f  1790/2148/1537 1785/2143/1532 1980/2367/1727 1981/2368/1728
f  1567/1908/1314 1679/2037/1426 1982/2369/1729 1788/2146/1535
f  1983/2370/1730 1984/2371/1731 1814/2172/1561 1813/2171/1560
f  1984/2371/1731 1985/2372/1732 1816/2174/1563 1814/2172/1561
f  1828/2186/1575 1827/2185/1574 1986/2373/1733 1987/2374/1734
f  1829/2187/1576 1828/2186/1575 1987/2374/1734 1988/2375/1735
f  1988/2375/1735 1989/2376/1736 1834/2192/1581 1829/2187/1576
f  1901/2266/1648 1990/2367/1737 1972/2377/1719 1708/2267/1455
f  1985/2372/1732 1991/2378/1738 1905/2271/1652 1816/2174/1563
f  1813/2171/1560 1957/2344/1704 1992/2379/1739 1983/2370/1730
f  1989/2376/1736 1993/2380/1740 1956/2343/1703 1834/2192/1581
f  1957/2344/1704 1956/2343/1703 1993/2380/1740 1992/2379/1739
f  1702/2060/1449 1994/2381/1741 1995/2382/1742 1703/2061/1450
f  1995/2382/1742 1994/2381/1741 1996/2383/1743 1997/2384/1744
f  1996/2383/1743 1994/2381/1741 1935/2322/1682 1934/2321/1681
f  1935/2322/1682 1994/2381/1741 1702/2060/1449 1705/2063/1452
f  1745/2103/1492 1998/2385/1745 1999/2386/1746 1746/2104/1493
f  1999/2386/1746 1998/2385/1745 2000/2387/1747 2001/2388/1748
f  2000/2387/1747 1998/2385/1745 2002/2389/1749 2003/2390/1750
f  2002/2389/1749 1998/2385/1745 1745/2103/1492 1748/2106/1495
f  1749/2107/1496 2004/2391/1751 2002/2389/1749 1748/2106/1495
f  2002/2389/1749 2004/2391/1751 2005/2392/1752 2003/2390/1750
f  2005/2392/1752 2004/2391/1751 1995/2382/1742 1997/2384/1744
f  1995/2382/1742 2004/2391/1751 1749/2107/1496 1703/2061/1450
f  1943/2330/1690 1942/2329/1689 1999/2386/1746 2001/2388/1748
f  1999/2386/1746 1942/2329/1689 1754/2112/1501 1746/2104/1493
f  1694/2052/1441 2006/2393/1753 2007/2394/1754 1697/2055/1444
f  1683/2041/1430 2006/2393/1753 1694/2052/1441 1488/1829/1235
f  1930/2317/1677 2006/2393/1753 1683/2041/1430 1646/2004/1393
f  2007/2394/1754 2006/2393/1753 1930/2317/1677 1933/2320/1680
f  1996/2383/1743 2008/2395/1755 2009/2396/1756 1997/2384/1744
f  2009/2396/1756 2008/2395/1755 1729/2087/1476 1732/2090/1479
f  1729/2087/1476 2008/2395/1755 2010/2397/1757 1726/2084/1473
f  2010/2397/1757 2008/2395/1755 1996/2383/1743 1934/2321/1681
f  1937/2324/1684 2011/2398/1758 2010/2397/1757 1934/2321/1681
f  2010/2397/1757 2011/2398/1758 1723/2081/1470 1726/2084/1473
f  1723/2081/1470 2011/2398/1758 2012/2399/1759 1728/2086/1475
f  2012/2399/1759 2011/2398/1758 1937/2324/1684 1939/2326/1686
f  2000/2387/1747 2013/2400/1760 2014/2401/1761 2001/2388/1748
f  2014/2401/1761 2013/2400/1760 1777/2135/1524 1780/2138/1527
f  1777/2135/1524 2013/2400/1760 2015/2402/1762 1776/2134/1523
f  2015/2402/1762 2013/2400/1760 2000/2387/1747 2003/2390/1750
f  2005/2392/1752 2016/2403/1763 2015/2402/1762 2003/2390/1750
f  2015/2402/1762 2016/2403/1763 1774/2132/1521 1776/2134/1523
f  1774/2132/1521 2016/2403/1763 2009/2396/1756 1732/2090/1479
f  2009/2396/1756 2016/2403/1763 2005/2392/1752 1997/2384/1744
f  1781/2139/1528 2017/2404/1764 2018/2405/1765 1784/2142/1531
f  2007/2394/1754 2017/2404/1764 1781/2139/1528 1697/2055/1444
f  1940/2327/1687 2017/2404/1764 2007/2394/1754 1933/2320/1680
f  2018/2405/1765 2017/2404/1764 1940/2327/1687 1943/2330/1690
f  1784/2142/1531 2018/2405/1765 2014/2401/1761 1780/2138/1527
f  2014/2401/1761 2018/2405/1765 1943/2330/1690 2001/2388/1748
f  1709/2067/1456 1973/2360/1720 2019/2406/1766 1938/2325/1685
f  1938/2325/1685 2019/2406/1766 2020/2407/1767 1939/2326/1686
f  1939/2326/1686 2020/2407/1767 2021/2408/1768 2012/2399/1759
f  2012/2399/1759 2021/2408/1768 1978/2365/1725 1728/2086/1475
f  2022/2409/1769 2023/2410/1770 2024/2411/1771 2025/2412/1772
f  2024/2411/1771 2023/2410/1770 2026/2413/1773 2027/2414/1774
f  2028/2415/1775 2022/2409/1769 2025/2412/1772 2029/2416/1776
f  2029/2416/1776 2025/2412/1772 2030/2417/1777 2031/2418/1778
f  2032/2419/1779 2024/2411/1771 2027/2414/1774 2033/2420/1780
f  2025/2412/1772 2024/2411/1771 2032/2419/1779 2030/2417/1777
f  1458/1799/1205 1455/1796/1202 2029/2416/1776 2031/2418/1778
f  1455/1796/1202 1454/1795/1201 2028/2415/1775 2029/2416/1776
f  2034/2421/1781 1462/1803/1209 1461/1802/1208 2035/2422/1782
f  1461/1802/1208 1458/1799/1205 2031/2418/1778 2035/2422/1782
f  1470/1811/1217 1469/1810/1216 2036/2423/1783 2037/2424/1784
f  2038/2425/1785 1473/1814/1220 1462/1803/1209 2034/2421/1781
f  1469/1810/1216 1473/1814/1220 2038/2425/1785 2036/2423/1783
f  2039/2426/1786 2040/2427/1787 2041/2428/1788 2042/2429/1789
f  2043/2430/1790 2040/2427/1787 2039/2426/1786 2044/2431/1791
f  2045/2432/1792 2046/2433/1793 2047/2434/1794 2048/2435/1795
f  2047/2434/1794 2046/2433/1793 2049/2436/1796 2050/2437/1797
f  2049/2436/1796 2046/2433/1793 2040/2427/1787 2043/2430/1790
f  2040/2427/1787 2046/2433/1793 2045/2432/1792 2041/2428/1788
f  2050/2437/1797 2049/2436/1796 2038/2425/1785 2034/2421/1781
f  2038/2425/1785 2049/2436/1796 2043/2430/1790 2036/2423/1783
f  2036/2423/1783 2043/2430/1790 2044/2431/1791 2037/2424/1784
f  2051/2438/1798 2052/2439/1799 2053/2440/1800 2054/2441/1801
f  2053/2440/1800 2052/2439/1799 2055/2442/1802 2056/2443/1803
f  2057/2444/1804 2058/2445/1805 2059/2446/1806 2060/2447/1807
f  2055/2442/1802 2058/2445/1805 2057/2444/1804 2056/2443/1803
f  2061/2448/1808 2062/2449/1809 2063/2450/1810 2064/2451/1811
f  2063/2450/1810 2062/2449/1809 2065/2452/1812 2066/2453/1813
f  2065/2452/1812 2062/2449/1809 2058/2445/1805 2055/2442/1802
f  2058/2445/1805 2062/2449/1809 2061/2448/1808 2059/2446/1806
f  2067/2454/1814 2068/2455/1815 2069/2456/1816 2070/2457/1817
f  2069/2456/1816 2068/2455/1815 2052/2439/1799 2051/2438/1798
f  2052/2439/1799 2068/2455/1815 2065/2452/1812 2055/2442/1802
f  2065/2452/1812 2068/2455/1815 2067/2454/1814 2066/2453/1813
f  2059/2446/1806 2071/2458/1818 2072/2459/1819 2060/2447/1807
f  2072/2459/1819 2071/2458/1818 2073/2460/1820 2074/2461/1821
f  2073/2460/1820 2075/2462/1822 2076/2463/1823 2074/2461/1821
f  2077/2464/1824 2078/2465/1825 2079/2466/1826 2080/2467/1827
f  2079/2466/1826 2078/2465/1825 2075/2462/1822 2073/2460/1820
f  2081/2468/1828 2082/2469/1829 2061/2448/1808 2064/2451/1811
f  2061/2448/1808 2082/2469/1829 2071/2458/1818 2059/2446/1806
f  2071/2458/1818 2082/2469/1829 2079/2466/1826 2073/2460/1820
f  2079/2466/1826 2082/2469/1829 2081/2468/1828 2080/2467/1827
f  2066/2453/1813 2067/2454/1814 2083/2470/1830 2084/2471/1831
f  2083/2470/1830 2067/2454/1814 2070/2457/1817 2085/2472/1832
f  2064/2451/1811 2063/2450/1810 2086/2473/1833 2087/2474/1834
f  2086/2473/1833 2063/2450/1810 2066/2453/1813 2084/2471/1831
f  2088/2475/1835 2089/2476/1836 2086/2473/1833 2084/2471/1831
f  2086/2473/1833 2089/2476/1836 2090/2477/1837 2087/2474/1834
f  2091/2478/1838 2092/2479/1839 2083/2470/1830 2085/2472/1832
f  2083/2470/1830 2092/2479/1839 2088/2475/1835 2084/2471/1831
f  2090/2477/1837 2093/2480/1840 2094/2481/1841 2087/2474/1834
f  2094/2481/1841 2093/2480/1840 2095/2482/1842 2096/2483/1843
f  2080/2467/1827 2081/2468/1828 2094/2481/1841 2096/2483/1843
f  2094/2481/1841 2081/2468/1828 2064/2451/1811 2087/2474/1834
f  2097/2484/1844 2077/2464/1824 2080/2467/1827 2096/2483/1843
f  2095/2482/1842 2098/2485/1845 2097/2484/1844 2096/2483/1843
f  2099/2486/1846 2100/2487/1847 2101/2488/1848 2102/2489/1849
f  2101/2488/1848 2100/2487/1847 2103/2490/1850 2104/2491/1851
f  2102/2489/1849 2101/2488/1848 2093/2480/1840 2090/2477/1837
f  2093/2480/1840 2101/2488/1848 2104/2491/1851 2095/2482/1842
f  2104/2491/1851 2105/2492/1852 2098/2485/1845 2095/2482/1842
f  2103/2490/1850 2106/2493/1853 2105/2492/1852 2104/2491/1851
f  2107/2494/1854 2108/2495/1855 2109/2496/1856 2110/2497/1857
f  2109/2496/1856 2108/2495/1855 2111/2498/1858 2112/2499/1859
f  2110/2497/1857 2109/2496/1856 2092/2479/1839 2091/2478/1838
f  2092/2479/1839 2109/2496/1856 2112/2499/1859 2088/2475/1835
f  2089/2476/1836 2113/2500/1860 2102/2489/1849 2090/2477/1837
f  2112/2499/1859 2113/2500/1860 2089/2476/1836 2088/2475/1835
f  2111/2498/1858 2114/2501/1861 2113/2500/1860 2112/2499/1859
f  2113/2500/1860 2114/2501/1861 2099/2486/1846 2102/2489/1849
f  2115/2502/1862 2116/2503/1863 2117/2504/1864 2118/2505/1865
f  2117/2504/1864 2116/2503/1863 2107/2506/1854 2110/2507/1857
f  2119/2508/1866 2120/2509/1867 2121/2510/1868 2122/2511/1869
f  2121/2510/1868 2120/2509/1867 2115/2502/1862 2118/2505/1865
f  2122/2511/1869 2121/2510/1868 2123/2512/1870 2124/2513/1871
f  2123/2512/1870 2121/2510/1868 2118/2505/1865 2125/2514/1872
f  2126/2515/1873 2117/2504/1864 2110/2507/1857 2091/2516/1838
f  2118/2505/1865 2117/2504/1864 2126/2515/1873 2125/2514/1872
f  2127/2517/1874 2128/2518/1875 2122/2511/1869 2124/2513/1871
f  2129/2519/1876 2128/2518/1875 2127/2517/1874 2130/2520/1877
f  2131/2521/1878 2132/2522/1879 2128/2518/1875 2129/2519/1876
f  2128/2518/1875 2132/2522/1879 2119/2508/1866 2122/2511/1869
f  2026/2413/1773 2133/2523/1880 2134/2524/1881 2027/2414/1774
f  2134/2524/1881 2133/2523/1880 2131/2521/1878 2129/2519/1876
f  2027/2414/1774 2134/2524/1881 2135/2525/1882 2033/2420/1780
f  2135/2525/1882 2134/2524/1881 2129/2519/1876 2130/2520/1877
f  2125/2514/1872 2126/2515/1873 2136/2526/1883 2137/2527/1884
f  2136/2528/1883 2126/2529/1873 2091/2478/1838 2085/2472/1832
f  2124/2513/1871 2123/2512/1870 2138/2530/1885 2139/2531/1886
f  2138/2530/1885 2123/2512/1870 2125/2514/1872 2137/2527/1884
f  2140/2532/1887 2141/2533/1888 2138/2530/1885 2137/2527/1884
f  2138/2530/1885 2141/2533/1888 2142/2534/1889 2139/2531/1886
f  2070/2457/1817 2143/2535/1890 2136/2528/1883 2085/2472/1832
f  2136/2526/1883 2143/2536/1890 2140/2532/1887 2137/2527/1884
f  2144/2537/1891 2145/2538/1892 2146/2539/1893 2147/2540/1894
f  2147/2540/1894 2146/2539/1893 2148/2541/1895 2149/2542/1896
f  2150/2543/1897 2151/2544/1898 2152/2545/1899 2153/2546/1900
f  2149/2542/1896 2148/2541/1895 2151/2544/1898 2150/2543/1897
f  2154/2547/1901 2155/2548/1902 2156/2549/1903 2054/2550/1801
f  2156/2549/1903 2155/2548/1902 2157/2551/1904 2158/2552/1905
f  2159/2553/1906 2160/2554/1907 2161/2555/1908 2162/2556/1909
f  2157/2551/1904 2160/2557/1907 2159/2558/1906 2158/2552/1905
f  2156/2559/1903 2163/2560/1910 2051/2438/1798 2054/2441/1801
f  2164/2561/1911 2163/2562/1910 2156/2563/1903 2158/2564/1905
f  2069/2456/1816 2165/2565/1912 2143/2535/1890 2070/2457/1817
f  2143/2536/1890 2165/2566/1912 2166/2567/1913 2140/2532/1887
f  2166/2567/1913 2165/2566/1912 2163/2562/1910 2164/2561/1911
f  2163/2560/1910 2165/2565/1912 2069/2456/1816 2051/2438/1798
f  2141/2533/1888 2167/2568/1914 2168/2569/1915 2142/2534/1889
f  2168/2569/1915 2167/2568/1914 2169/2570/1916 2170/2571/1917
f  2169/2570/1916 2167/2568/1914 2166/2567/1913 2164/2561/1911
f  2166/2567/1913 2167/2568/1914 2141/2533/1888 2140/2532/1887
f  2170/2571/1917 2169/2570/1916 2159/2553/1906 2162/2556/1909
f  2159/2553/1906 2169/2570/1916 2164/2561/1911 2158/2564/1905
f  2171/2572/1918 2172/2573/1919 2173/2574/1920 2174/2575/1921
f  2174/2575/1921 2173/2574/1920 2175/2576/1922 2176/2577/1923
f  2177/2578/1924 2178/2579/1925 2145/2538/1892 2144/2537/1891
f  2176/2577/1923 2175/2576/1922 2178/2580/1925 2177/2581/1924
f  2161/2555/1908 2179/2582/1926 2180/2583/1927 2162/2556/1909
f  2180/2583/1927 2179/2582/1926 2181/2584/1928 2182/2585/1929
f  2183/2586/1930 2184/2587/1931 2185/2588/1932 2042/2429/1789
f  2181/2584/1928 2184/2587/1931 2183/2586/1930 2182/2585/1929
f  2180/2583/1927 2186/2589/1933 2170/2571/1917 2162/2556/1909
f  2187/2590/1934 2186/2589/1933 2180/2583/1927 2182/2585/1929
f  2168/2569/1915 2188/2591/1935 2189/2592/1936 2142/2534/1889
f  2189/2592/1936 2188/2591/1935 2190/2593/1937 2191/2594/1938
f  2190/2593/1937 2188/2591/1935 2186/2589/1933 2187/2590/1934
f  2186/2589/1933 2188/2591/1935 2168/2569/1915 2170/2571/1917
f  2192/2595/1939 2193/2596/1940 2045/2432/1792 2048/2435/1795
f  2045/2432/1792 2193/2596/1940 2194/2597/1941 2041/2428/1788
f  2194/2597/1941 2193/2596/1940 2190/2593/1937 2187/2590/1934
f  2190/2593/1937 2193/2596/1940 2192/2595/1939 2191/2594/1938
f  2041/2428/1788 2194/2597/1941 2183/2586/1930 2042/2429/1789
f  2183/2586/1930 2194/2597/1941 2187/2590/1934 2182/2585/1929
f  2195/2598/1942 2196/2599/1943 2197/2600/1944 2198/2601/1945
f  2199/2602/1946 2200/2603/1947 2196/2599/1943 2195/2598/1942
f  2201/2604/1948 2202/2605/1949 2200/2603/1947 2199/2602/1946
f  1500/1841/1247 1499/1840/1246 2202/2605/1949 2201/2604/1948
f  2203/2606/1950 2204/2607/1951 2205/2608/1952 2206/2609/1953
f  2206/2609/1953 2205/2608/1952 2207/2610/1954 2208/2611/1955
f  2208/2611/1955 2207/2610/1954 2209/2612/1956 2210/2613/1957
f  2211/2614/1958 2212/2615/1959 2213/2616/1960 2214/2617/1961
f  2214/2617/1961 2213/2616/1960 2215/2618/1962 2216/2619/1963
f  2217/2620/1964 2218/2621/1965 2204/2607/1951 2203/2606/1950
f  2216/2622/1963 2215/2623/1962 2218/2621/1965 2217/2620/1964
f  2219/2624/1966 2220/2625/1967 2212/2615/1959 2211/2614/1958
f  2221/2626/1968 2222/2627/1969 2220/2625/1967 2219/2624/1966
f  2223/2628/1970 2224/2629/1971 2225/2630/1972 2226/2631/1973
f  2226/2631/1973 2225/2630/1972 2222/2627/1969 2221/2626/1968
f  2227/2632/1974 2228/2633/1975 2224/2629/1971 2223/2628/1970
f  2229/2634/1976 2230/2635/1977 2228/2633/1975 2227/2632/1974
f  2198/2601/1945 2197/2600/1944 2231/2636/1978 2232/2637/1979
f  2232/2637/1979 2231/2636/1978 2230/2635/1977 2229/2634/1976
f  1515/1856/1262 1514/1855/1261 2233/2638/1980 2234/2639/1981
f  2235/2640/1982 1509/1850/1256 1470/1811/1217 2037/2424/1784
f  2236/2641/1983 2237/2642/1984 2172/2573/1919 2171/2572/1918
f  2238/2643/1985 2239/2644/1986 2237/2642/1984 2236/2641/1983
f  2185/2588/1932 2240/2645/1987 2039/2426/1786 2042/2429/1789
f  2039/2426/1786 2240/2645/1987 2241/2646/1988 2044/2431/1791
f  2044/2431/1791 2241/2646/1988 2235/2640/1982 2037/2424/1784
f  2234/2639/1981 2233/2638/1980 2239/2644/1986 2238/2643/1985
f  2053/2647/1800 2242/2648/1989 2154/2547/1901 2054/2550/1801
f  2243/2649/1990 2242/2650/1989 2053/2440/1800 2056/2443/1803
f  2153/2546/1900 2152/2545/1899 2244/2651/1991 2245/2652/1992
f  2245/2652/1992 2244/2651/1991 2246/2653/1993 2247/2654/1994
f  2248/2655/1995 2249/2656/1996 2250/2657/1997 2251/2658/1998
f  2247/2654/1994 2246/2653/1993 2249/2659/1996 2248/2660/1995
f  2252/2661/1999 2253/2662/2000 2057/2444/1804 2060/2447/1807
f  2057/2444/1804 2253/2662/2000 2243/2649/1990 2056/2443/1803
f  2076/2463/1823 2254/2663/2001 2255/2664/2002 2074/2461/1821
f  2072/2459/1819 2256/2665/2003 2252/2661/1999 2060/2447/1807
f  2255/2664/2002 2256/2665/2003 2072/2459/1819 2074/2461/1821
f  2251/2658/1998 2250/2657/1997 2257/2666/2004 2258/2667/2005
f  2258/2667/2005 2257/2666/2004 2259/2668/2006 2260/2669/2007
f  2260/2669/2007 2259/2668/2006 2261/2670/2008 2262/2671/2009
f  2130/2520/1877 2127/2517/1874 2263/2672/2010 2264/2673/2011
f  2263/2672/2010 2127/2517/1874 2124/2513/1871 2139/2531/1886
f  2033/2420/1780 2135/2525/1882 2265/2674/2012 2266/2675/2013
f  2265/2674/2012 2135/2525/1882 2130/2520/1877 2264/2673/2011
f  2191/2594/1938 2192/2595/1939 2265/2674/2012 2264/2673/2011
f  2265/2674/2012 2192/2595/1939 2048/2435/1795 2266/2675/2013
f  2142/2534/1889 2189/2592/1936 2263/2672/2010 2139/2531/1886
f  2263/2672/2010 2189/2592/1936 2191/2594/1938 2264/2673/2011
f  2031/2418/1778 2030/2417/1777 2267/2676/2014 2035/2422/1782
f  2267/2676/2014 2050/2437/1797 2034/2421/1781 2035/2422/1782
f  2048/2435/1795 2047/2434/1794 2268/2677/2015 2266/2675/2013
f  2268/2677/2015 2047/2434/1794 2050/2437/1797 2267/2676/2014
f  2030/2417/1777 2032/2419/1779 2268/2677/2015 2267/2676/2014
f  2268/2677/2015 2032/2419/1779 2033/2420/1780 2266/2675/2013
f  2269/2678/2016 2270/2679/2017 2271/2680/2018 2272/2681/2019
f  2273/2682/2020 2274/2683/2021 2270/2679/2017 2275/2684/2022
f  2270/2679/2017 2274/2683/2021 2276/2685/2023 2271/2680/2018
f  2275/2684/2022 2277/2686/2024 2278/2687/2025 2279/2688/2026 2273/2682/2020
f  2271/2680/2018 1545/1886/1292 1546/1887/1293 2272/2681/2019
f  2276/2685/2023 1547/1888/1294 1545/1886/1292 2271/2680/2018
f  2272/2681/2019 1546/1887/1293 1551/1892/1298 2280/2689/2027
f  1551/1892/1298 1555/1896/1302 2281/2690/2028 2280/2689/2027
f  1555/1896/1302 1564/1905/1311 2282/2691/2029 2281/2690/2028
f  2282/2691/2029 1564/1905/1311 1560/1901/1307 2283/2692/2030
f  2283/2692/2030 1560/1901/1307 1561/1902/1308 2284/2693/2031
f  2282/2691/2029 2285/2694/2032 2286/2695/2033 2281/2690/2028
f  2287/2696/2034 2285/2694/2032 2282/2691/2029 2283/2692/2030
f  2288/2697/2035 2289/2698/2036 2290/2699/2037 2291/2700/2038
f  2290/2699/2037 2289/2698/2036 2292/2701/2039 2293/2702/2040
f  2292/2701/2039 2289/2698/2036 2285/2694/2032 2287/2696/2034
f  2285/2694/2032 2289/2698/2036 2288/2697/2035 2286/2695/2033
f  2293/2702/2040 2292/2701/2039 2294/2703/2041 2295/2704/2042
f  2294/2703/2041 2292/2701/2039 2287/2696/2034 2296/2705/2043
f  2296/2705/2043 2287/2696/2034 2283/2692/2030 2284/2693/2031
f  2297/2706/2044 2298/2707/2045 2299/2708/2046 2300/2709/2047
f  2299/2708/2046 2298/2707/2045 2301/2710/2048 2302/2711/2049
f  2301/2710/2048 2298/2707/2045 2303/2712/2050 2304/2713/2051
f  2303/2712/2050 2298/2707/2045 2297/2706/2044 2305/2714/2052
f  2302/2711/2049 2301/2710/2048 2306/2715/2053 2307/2716/2054
f  2306/2715/2053 2301/2710/2048 2304/2713/2051 2308/2717/2055
f  2309/2718/2056 2310/2719/2057 2311/2720/2058 2312/2721/2059
f  2304/2713/2051 2310/2719/2057 2309/2718/2056 2308/2717/2055
f  2313/2722/2060 2314/2723/2061 2315/2724/2062 2316/2725/2063
f  2315/2724/2062 2314/2723/2061 2303/2712/2050 2305/2714/2052
f  2303/2712/2050 2314/2723/2061 2310/2719/2057 2304/2713/2051
f  2310/2719/2057 2314/2723/2061 2313/2722/2060 2311/2720/2058
f  2317/2726/2064 2318/2727/2065 2319/2728/2066 2320/2729/2067
f  2319/2728/2066 2318/2727/2065 2321/2730/2068 2322/2731/2069
f  2323/2732/2070 2317/2726/2064 2320/2729/2067 2324/2733/2071
f  2325/2734/2072 2326/2735/2073 2302/2711/2049 2307/2716/2054
f  2320/2729/2067 2326/2735/2073 2325/2734/2072 2324/2733/2071
f  2299/2708/2046 2327/2736/2074 2328/2737/2075 2300/2709/2047
f  2328/2737/2075 2327/2736/2074 2319/2728/2066 2322/2731/2069
f  2319/2728/2066 2327/2736/2074 2326/2735/2073 2320/2729/2067
f  2326/2735/2073 2327/2736/2074 2299/2708/2046 2302/2711/2049
f  2329/2738/2076 2330/2739/2077 2331/2740/2078 2332/2741/2079
f  2331/2740/2078 2330/2739/2077 2333/2742/2080 2334/2743/2081
f  2305/2714/2052 2297/2706/2044 2331/2740/2078 2334/2743/2081
f  2331/2740/2078 2297/2706/2044 2300/2709/2047 2332/2741/2079
f  2316/2725/2063 2315/2724/2062 2335/2744/2082 2336/2745/2083
f  2335/2744/2082 2315/2724/2062 2305/2714/2052 2334/2743/2081
f  2333/2742/2080 2337/2746/2084 2335/2744/2082 2334/2743/2081
f  2335/2744/2082 2337/2746/2084 2338/2747/2085 2336/2745/2083
f  2322/2731/2069 2321/2730/2068 2339/2748/2086 2340/2749/2087
f  2300/2709/2047 2328/2737/2075 2341/2750/2088 2332/2741/2079
f  2341/2750/2088 2328/2737/2075 2322/2731/2069 2340/2749/2087
f  2342/2751/2089 2343/2752/2090 2341/2750/2088 2340/2749/2087
f  2341/2750/2088 2343/2752/2090 2329/2738/2076 2332/2741/2079
f  2339/2748/2086 2344/2753/2091 2342/2751/2089 2340/2749/2087
f  2344/2753/2091 2345/2754/2092 2346/2755/2093 2342/2751/2089
f  2343/2752/2090 2347/2756/2094 2348/2757/2095 2329/2738/2076
f  2346/2755/2093 2347/2756/2094 2343/2752/2090 2342/2751/2089
f  2349/2758/2096 2350/2759/2097 2347/2756/2094 2346/2755/2093
f  2347/2756/2094 2350/2759/2097 2351/2760/2098 2348/2757/2095
f  2345/2754/2092 2352/2761/2099 2349/2758/2096 2346/2755/2093
f  2348/2757/2095 2353/2762/2100 2330/2739/2077 2329/2738/2076
f  2330/2739/2077 2353/2762/2100 2354/2763/2101 2333/2742/2080
f  2337/2746/2084 2355/2764/2102 2356/2765/2103 2338/2747/2085
f  2354/2763/2101 2355/2764/2102 2337/2746/2084 2333/2742/2080
f  2357/2766/2104 2358/2767/2105 2355/2764/2102 2354/2763/2101
f  2355/2764/2102 2358/2767/2105 2359/2768/2106 2356/2765/2103
f  2351/2760/2098 2360/2769/2107 2353/2762/2100 2348/2757/2095
f  2353/2762/2100 2360/2769/2107 2357/2766/2104 2354/2763/2101
f  2361/2770/2108 2362/2771/2109 2363/2772/2110 2364/2773/2111
f  2365/2774/2112 2362/2771/2109 2361/2770/2108 2366/2775/2113
f  2367/2776/2114 2368/2777/2115 2362/2771/2109 2365/2774/2112
f  2362/2771/2109 2368/2777/2115 2369/2778/2116 2363/2772/2110
f  2359/2779/2106 2370/2780/2117 2371/2781/2118 2356/2782/2103
f  2371/2781/2118 2370/2780/2117 2367/2776/2114 2365/2774/2112
f  2356/2782/2103 2371/2781/2118 2372/2783/2119 2338/2784/2085
f  2372/2783/2119 2371/2781/2118 2365/2774/2112 2366/2775/2113
f  2373/2785/2120 2374/2786/2121 2375/2787/2122 2376/2788/2123
f  2375/2787/2122 2374/2786/2121 2279/2688/2026 2278/2687/2025
f  2369/2778/2116 2377/2789/2124 2378/2790/2125 2363/2772/2110
f  2378/2790/2125 2377/2789/2124 2373/2785/2120 2376/2788/2123
f  2363/2772/2110 2378/2790/2125 2379/2791/2126 2364/2773/2111
f  2379/2791/2126 2378/2790/2125 2376/2788/2123 2380/2792/2127
f  2381/2793/2128 2375/2787/2122 2278/2687/2025 2382/2794/2024 2383/2795/2024 2384/2796/2129
f  2376/2788/2123 2375/2787/2122 2381/2793/2128 2380/2792/2127
f  2385/2797/2130 2386/2798/2131 2387/2799/2132 2388/2800/2133
f  2387/2799/2132 2386/2798/2131 2389/2801/2134 2390/2802/2135
f  2366/2775/2113 2361/2770/2108 2387/2799/2132 2390/2802/2135
f  2387/2799/2132 2361/2770/2108 2364/2773/2111 2388/2800/2133
f  2338/2747/2085 2372/2803/2119 2391/2804/2136 2336/2745/2083
f  2391/2805/2136 2372/2783/2119 2366/2775/2113 2390/2802/2135
f  2389/2801/2134 2392/2806/2137 2391/2805/2136 2390/2802/2135
f  2391/2804/2136 2392/2807/2137 2316/2725/2063 2336/2745/2083
f  2393/2808/2138 2394/2809/2139 2395/2810/2140 2312/2811/2059
f  2396/2812/2141 2394/2809/2139 2393/2808/2138 2397/2813/2142
f  2398/2814/2143 2395/2810/2140 2394/2809/2139 2399/2815/2144
f  2400/2816/2145 2399/2815/2144 2394/2809/2139 2396/2812/2141
f  2401/2817/2146 2402/2818/2147 2403/2819/2148 2404/2820/2149
f  2396/2812/2141 2402/2818/2147 2401/2817/2146 2400/2816/2145
f  2403/2821/2148 2402/2822/2147 2405/2823/2150 2406/2824/2151
f  2405/2825/2150 2402/2818/2147 2396/2812/2141 2397/2813/2142
f  2407/2826/2152 2408/2827/2153 2386/2798/2131 2385/2797/2130
f  2386/2798/2131 2408/2827/2153 2409/2828/2154 2389/2801/2134
f  2409/2828/2154 2408/2827/2153 2410/2829/2155 2411/2830/2156
f  2410/2829/2155 2408/2827/2153 2407/2826/2152 2412/2831/2157
f  2392/2807/2137 2413/2832/2158 2313/2722/2060 2316/2725/2063
f  2313/2722/2060 2413/2832/2158 2414/2833/2159 2311/2720/2058
f  2414/2833/2159 2413/2832/2158 2409/2834/2154 2411/2835/2156
f  2409/2828/2154 2413/2836/2158 2392/2806/2137 2389/2801/2134
f  2311/2720/2058 2414/2833/2159 2393/2837/2138 2312/2721/2059
f  2393/2837/2138 2414/2833/2159 2411/2835/2156 2397/2838/2142
f  2405/2823/2150 2410/2829/2155 2412/2831/2157 2406/2824/2151
f  2411/2830/2156 2410/2829/2155 2405/2823/2150 2397/2839/2142
f  2415/2840/2160 2416/2841/2161 2403/2821/2148 2406/2824/2151
f  2417/2842/2162 2416/2841/2161 2415/2840/2160 2418/2843/2163
f  2403/2819/2148 2416/2844/2161 2419/2845/2164 2404/2820/2149
f  2419/2846/2164 2416/2841/2161 2417/2842/2162 2420/2847/2165
f  2421/2848/2166 2422/2849/2167 2423/2850/2168 2424/2851/2169
f  2417/2842/2162 2422/2849/2167 2421/2848/2166 2420/2847/2165
f  2423/2850/2168 2422/2849/2167 2425/2852/2170 2295/2704/2042
f  2425/2852/2170 2422/2849/2167 2417/2842/2162 2418/2843/2163
f  2290/2699/2037 2426/2853/2171 2427/2854/2172 2291/2700/2038
f  2427/2854/2172 2426/2853/2171 2428/2855/2173 2429/2856/2174
f  2428/2855/2173 2426/2853/2171 2430/2857/2175 2431/2858/2176
f  2430/2857/2175 2426/2853/2171 2290/2699/2037 2293/2702/2040
f  2432/2859/2177 2433/2860/2178 2407/2826/2152 2385/2797/2130
f  2407/2826/2152 2433/2860/2178 2434/2861/2179 2412/2831/2157
f  2434/2861/2179 2433/2860/2178 2428/2855/2173 2431/2858/2176
f  2428/2855/2173 2433/2860/2178 2432/2859/2177 2429/2856/2174
f  2412/2831/2157 2434/2861/2179 2415/2840/2160 2406/2824/2151
f  2415/2840/2160 2434/2861/2179 2431/2858/2176 2418/2843/2163
f  2425/2852/2170 2430/2857/2175 2293/2702/2040 2295/2704/2042
f  2431/2858/2176 2430/2857/2175 2425/2852/2170 2418/2843/2163
f  2435/2862/2180 2436/2863/2181 2437/2864/2182 2438/2865/2183
f  2439/2866/2184 2440/2867/2185 2441/2868/2186 2442/2869/2187
f  2441/2868/2186 2440/2867/2185 2436/2863/2181 2435/2862/2180
f  2442/2869/2187 2441/2868/2186 2443/2870/2188 2444/2871/2189
f  2443/2870/2188 2441/2868/2186 2435/2862/2180 2445/2872/2190
f  2445/2872/2190 2435/2862/2180 2438/2865/2183 2446/2873/2191
f  2437/2864/2182 1586/1927/1333 1584/1925/1331 2438/2865/2183
f  2438/2865/2183 1584/1925/1331 1585/1926/1332 2446/2873/2191
f  2447/2874/2192 2448/2875/2193 2449/2876/2194 2450/2877/2195
f  2451/2878/2196 2447/2874/2192 2450/2877/2195 2452/2879/2197
f  2453/2880/2198 2454/2881/2199 2455/2882/2200 2456/2883/2201
f  2450/2877/2195 2454/2881/2199 2453/2880/2198 2452/2879/2197
f  2449/2876/2194 2457/2884/2202 2454/2881/2199 2450/2877/2195
f  2454/2881/2199 2457/2884/2202 2458/2885/2203 2455/2882/2200
f  2458/2885/2203 2459/2886/2204 2460/2887/2205 2455/2882/2200
f  2460/2887/2205 2459/2886/2204 2461/2888/2206 2462/2889/2207
f  2455/2882/2200 2460/2887/2205 2463/2890/2208 2456/2883/2201
f  2463/2890/2208 2460/2887/2205 2462/2889/2207 2464/2891/2209
f  2465/2892/2210 2466/2893/2211 2467/2894/2212 2468/2895/2213
f  2462/2889/2207 2466/2893/2211 2465/2892/2210 2464/2891/2209
f  2461/2888/2206 2469/2896/2214 2466/2893/2211 2462/2889/2207
f  2466/2897/2211 2469/2898/2214 2470/2899/2215 2467/2900/2212
f  2471/2901/2216 2472/2902/2217 2473/2903/2218 2474/2904/2219
f  2473/2903/2218 2472/2902/2217 2475/2905/2220 2476/2906/2221
f  2470/2899/2215 2477/2907/2222 2478/2908/2223 2467/2900/2212
f  2478/2908/2223 2477/2907/2222 2471/2901/2216 2474/2904/2219
f  2467/2900/2212 2478/2908/2223 2479/2909/2224 2468/2910/2213
f  2479/2909/2224 2478/2908/2223 2474/2904/2219 2480/2911/2225
f  2481/2912/2226 2473/2903/2218 2476/2906/2221 2482/2913/2227
f  2474/2904/2219 2473/2903/2218 2481/2912/2226 2480/2911/2225
f  2483/2914/2228 2484/2915/2229 2485/2916/2230 2486/2917/2231
f  2485/2916/2230 2484/2915/2229 2439/2866/2184 2442/2869/2187
f  2475/2905/2220 2487/2918/2232 2488/2919/2233 2476/2906/2221
f  2488/2919/2233 2487/2918/2232 2483/2914/2228 2486/2917/2231
f  2476/2906/2221 2488/2919/2233 2489/2920/2234 2482/2913/2227
f  2489/2920/2234 2488/2919/2233 2486/2917/2231 2490/2921/2235
f  2491/2922/2236 2485/2916/2230 2442/2869/2187 2444/2871/2189
f  2486/2917/2231 2485/2916/2230 2491/2922/2236 2490/2921/2235
f  1561/1902/1308 1600/1941/1347 2492/2923/2237 2284/2693/2031
f  2493/2924/2238 2492/2923/2237 1600/1941/1347 1603/1944/1350
f  2492/2923/2237 2494/2925/2239 2296/2705/2043 2284/2693/2031
f  2294/2703/2041 2495/2926/2240 2423/2850/2168 2295/2704/2042
f  2494/2925/2239 2495/2926/2240 2294/2703/2041 2296/2705/2043
f  2423/2850/2168 2495/2926/2240 2496/2927/2241 2424/2851/2169
f  2496/2927/2241 2495/2926/2240 2494/2925/2239 2497/2928/2242
f  2493/2924/2238 2497/2928/2242 2494/2925/2239 2492/2923/2237
f  2498/2929/2243 2499/2930/2244 2500/2931/2245 2501/2932/2246
f  2500/2933/2245 2499/2934/2244 2502/2935/2247 2503/2936/2248
f  2398/2814/2143 2504/2937/2249 2505/2938/2250 2395/2810/2140
f  2505/2938/2250 2504/2937/2249 2503/2936/2248 2502/2935/2247
f  2395/2939/2140 2505/2940/2250 2309/2718/2056 2312/2721/2059
f  2309/2718/2056 2505/2940/2250 2502/2941/2247 2308/2717/2055
f  2306/2715/2053 2499/2930/2244 2498/2929/2243 2307/2716/2054
f  2502/2941/2247 2499/2930/2244 2306/2715/2053 2308/2717/2055
f  2501/2932/2246 2506/2942/2251 2507/2943/2252 2498/2929/2243
f  2507/2943/2252 2506/2942/2251 2508/2944/2253 2509/2945/2254
f  2498/2929/2243 2507/2943/2252 2325/2734/2072 2307/2716/2054
f  2325/2734/2072 2507/2943/2252 2509/2945/2254 2324/2733/2071
f  2509/2945/2254 2510/2946/2255 2323/2732/2070 2324/2733/2071
f  2511/2947/2256 2510/2946/2255 2509/2945/2254 2508/2944/2253
f  2512/2948/2257 2427/2854/2172 2429/2856/2174 2513/2949/2258
f  2380/2792/2127 2381/2793/2128 2512/2948/2257 2513/2949/2258
f  2364/2773/2111 2379/2791/2126 2514/2950/2259 2388/2800/2133
f  2514/2950/2259 2379/2791/2126 2380/2792/2127 2513/2949/2258
f  2429/2856/2174 2432/2859/2177 2514/2950/2259 2513/2949/2258
f  2514/2950/2259 2432/2859/2177 2385/2797/2130 2388/2800/2133
f  2281/2690/2028 2286/2695/2033 2515/2951/2260 2280/2689/2027
f  2515/2951/2260 2269/2678/2016 2272/2681/2019 2280/2689/2027
f  2516/2952/2261 2517/2953/2262 2195/2598/1942 2198/2601/1945
f  2195/2598/1942 2517/2953/2262 2518/2954/2263 2199/2602/1946
f  2518/2955/2263 2517/2956/2262 2519/2957/2264 2520/2958/2265
f  2519/2957/2264 2517/2956/2262 2516/2959/2261 2521/2960/2266
f  2199/2602/1946 2518/2954/2263 2522/2961/2267 2201/2604/1948
f  2522/2962/2267 2518/2955/2263 2520/2958/2265 2523/2963/2268
f  2524/2964/2269 2525/2965/2270 2445/2872/2190 2446/2873/2191
f  2520/2958/2265 2525/2966/2270 2524/2967/2269 2523/2963/2268
f  2443/2870/2188 2526/2968/2271 2527/2969/2272 2444/2871/2189
f  2527/2970/2272 2526/2971/2271 2519/2957/2264 2521/2960/2266
f  2519/2957/2264 2526/2971/2271 2525/2966/2270 2520/2958/2265
f  2525/2965/2270 2526/2968/2271 2443/2870/2188 2445/2872/2190
f  2522/2961/2267 1623/1966/1370 1500/1841/1247 2201/2604/1948
f  1626/1971/1373 1623/1970/1370 2522/2962/2267 2523/2963/2268
f  1585/1926/1332 1629/1974/1376 2524/2964/2269 2446/2873/2191
f  2524/2967/2269 1629/1975/1376 1626/1971/1373 2523/2963/2268
f  2210/2972/1957 2528/2973/2273 2529/2974/2274 2208/2975/1955
f  2529/2974/2274 2528/2973/2273 2530/2976/2275 2531/2977/2276
f  2206/2978/1953 2532/2979/2277 2533/2980/2278 2203/2981/1950
f  2533/2980/2278 2532/2979/2277 2534/2982/2279 2535/2983/2280
f  2534/2982/2279 2532/2979/2277 2529/2974/2274 2531/2977/2276
f  2529/2974/2274 2532/2979/2277 2206/2978/1953 2208/2975/1955
f  2536/2984/2281 2537/2985/2282 2453/2880/2198 2456/2883/2201
f  2453/2880/2198 2537/2985/2282 2538/2986/2283 2452/2879/2197
f  2538/2987/2283 2537/2988/2282 2534/2982/2279 2531/2977/2276
f  2534/2982/2279 2537/2988/2282 2536/2989/2281 2535/2983/2280
f  2530/2990/2275 2539/2991/2284 2538/2986/2283 2531/2992/2276
f  2538/2986/2283 2539/2991/2284 2451/2878/2196 2452/2879/2197
f  2533/2980/2278 2540/2993/2285 2217/2994/1964 2203/2981/1950
f  2217/2994/1964 2540/2993/2285 2541/2995/2286 2216/2996/1963
f  2541/2995/2286 2540/2993/2285 2542/2997/2287 2543/2998/2288
f  2542/2997/2287 2540/2993/2285 2533/2980/2278 2535/2983/2280
f  2214/2999/1961 2544/3000/2289 2545/3001/2290 2211/3002/1958
f  2545/3001/2290 2544/3000/2289 2546/3003/2291 2547/3004/2292
f  2546/3003/2291 2544/3000/2289 2541/2995/2286 2543/2998/2288
f  2541/2995/2286 2544/3000/2289 2214/2999/1961 2216/2996/1963
f  2548/3005/2293 2549/3006/2294 2465/2892/2210 2468/2895/2213
f  2465/2892/2210 2549/3006/2294 2550/3007/2295 2464/2891/2209
f  2550/3008/2295 2549/3009/2294 2546/3003/2291 2543/2998/2288
f  2546/3003/2291 2549/3009/2294 2548/3010/2293 2547/3004/2292
f  2463/2890/2208 2551/3011/2296 2536/2984/2281 2456/2883/2201
f  2536/2989/2281 2551/3012/2296 2542/2997/2287 2535/2983/2280
f  2542/2997/2287 2551/3012/2296 2550/3008/2295 2543/2998/2288
f  2550/3007/2295 2551/3011/2296 2463/2890/2208 2464/2891/2209
f  2545/3001/2290 2552/3013/2297 2219/3014/1966 2211/3002/1958
f  2219/3014/1966 2552/3013/2297 2553/3015/2298 2221/3016/1968
f  2553/3015/2298 2552/3013/2297 2554/3017/2299 2555/3018/2300
f  2554/3017/2299 2552/3013/2297 2545/3001/2290 2547/3004/2292
f  2226/3019/1973 2556/3020/2301 2557/3021/2302 2223/3022/1970
f  2557/3021/2302 2556/3020/2301 2558/3023/2303 2559/3024/2304
f  2558/3023/2303 2556/3020/2301 2553/3015/2298 2555/3018/2300
f  2553/3015/2298 2556/3020/2301 2226/3019/1973 2221/3016/1968
f  2560/3025/2305 2561/3026/2306 2481/2912/2226 2482/2913/2227
f  2481/2912/2226 2561/3026/2306 2562/3027/2307 2480/2911/2225
f  2562/3028/2307 2561/3029/2306 2558/3023/2303 2555/3018/2300
f  2558/3023/2303 2561/3029/2306 2560/3030/2305 2559/3024/2304
f  2479/3031/2224 2563/3032/2308 2548/3005/2293 2468/2895/2213
f  2548/3010/2293 2563/3033/2308 2554/3017/2299 2547/3004/2292
f  2554/3017/2299 2563/3033/2308 2562/3028/2307 2555/3018/2300
f  2562/3027/2307 2563/3034/2308 2479/2909/2224 2480/2911/2225
f  2557/3021/2302 2564/3035/2309 2227/3036/1974 2223/3022/1970
f  2227/3036/1974 2564/3035/2309 2565/3037/2310 2229/3038/1976
f  2565/3037/2310 2564/3035/2309 2566/3039/2311 2567/3040/2312
f  2566/3039/2311 2564/3035/2309 2557/3021/2302 2559/3024/2304
f  2232/2637/1979 2568/3041/2313 2516/2952/2261 2198/2601/1945
f  2516/2959/2261 2568/3042/2313 2569/3043/2314 2521/2960/2266
f  2569/3043/2314 2568/3042/2313 2565/3037/2310 2567/3040/2312
f  2565/3044/2310 2568/3041/2313 2232/2637/1979 2229/2634/1976
f  2527/2969/2272 2570/3045/2315 2491/2922/2236 2444/2871/2189
f  2491/2922/2236 2570/3045/2315 2571/3046/2316 2490/2921/2235
f  2571/3047/2316 2570/3048/2315 2569/3043/2314 2567/3040/2312
f  2569/3043/2314 2570/3048/2315 2527/2970/2272 2521/2960/2266
f  2489/2920/2234 2572/3049/2317 2560/3025/2305 2482/2913/2227
f  2560/3030/2305 2572/3050/2317 2566/3039/2311 2559/3024/2304
f  2566/3039/2311 2572/3050/2317 2571/3047/2316 2567/3040/2312
f  2571/3046/2316 2572/3049/2317 2489/2920/2234 2490/2921/2235
f  2573/3051/2318 2574/3052/2319 2575/3053/2320 2576/3054/2321
f  2576/3054/2321 2575/3053/2320 2577/3055/2322 2578/3056/2323
f  2579/3057/2324 2580/3058/2325 2581/3059/2326 2582/3060/2327
f  2578/3056/2323 2577/3055/2322 2580/3058/2325 2579/3057/2324
f  2583/3061/2328 2584/3062/2329 2585/3063/2330 2586/3064/2331
f  2586/3064/2331 2585/3063/2330 2587/3065/2332 2588/3066/2333
f  2589/3067/2334 2590/3068/2335 2574/3052/2319 2573/3051/2318
f  2588/3066/2333 2587/3065/2332 2590/3068/2335 2589/3067/2334
f  2591/3069/2336 2592/3070/2337 2584/3062/2329 2583/3061/2328
f  2593/3071/2338 2594/3072/2339 2592/3070/2337 2591/3069/2336
f  2595/3073/2340 2596/3074/2341 2594/3072/2339 2593/3071/2338
f  1653/2011/1400 1652/2010/1399 2596/3074/2341 2595/3073/2340
f  2597/3075/2342 2598/3076/2343 2599/3077/2344 2600/3078/2345
f  2601/3079/2346 2602/3080/2347 2603/3081/2348 2604/3082/2349
f  2604/3082/2349 2603/3081/2348 2598/3076/2343 2597/3075/2342
f  2605/3083/2350 2606/3084/2351 2602/3080/2347 2601/3079/2346
f  2607/3085/2352 2608/3086/2353 2606/3084/2351 2605/3083/2350
f  2582/3060/2327 2581/3059/2326 2609/3087/2354 2610/3088/2355
f  2610/3089/2355 2609/3090/2354 2608/3086/2353 2607/3085/2352
f  2399/2815/2144 2611/3091/2356 2612/3092/2357 2398/2814/2143
f  2613/3093/2358 2611/3091/2356 2399/2815/2144 2400/2816/2145
f  2614/3094/2359 2615/3095/2360 2477/2907/2222 2470/2899/2215
f  2477/2907/2222 2615/3095/2360 2616/3096/2361 2471/2901/2216
f  2616/3096/2361 2615/3095/2360 2611/3097/2356 2613/3098/2358
f  2611/3099/2356 2615/3100/2360 2614/3101/2359 2612/3102/2357
f  2472/2902/2217 2617/3103/2362 2618/3104/2363 2475/2905/2220
f  2618/3104/2363 2617/3103/2362 2619/3105/2364 2620/3106/2365
f  2619/3105/2364 2617/3103/2362 2616/3096/2361 2613/3098/2358
f  2616/3096/2361 2617/3103/2362 2472/2902/2217 2471/2901/2216
f  2620/3107/2365 2619/3108/2364 2401/2817/2146 2404/2820/2149
f  2401/2817/2146 2619/3108/2364 2613/3093/2358 2400/2816/2145
f  2419/2846/2164 2621/3109/2366 2620/3106/2365 2404/3110/2149
f  2622/3111/2367 2621/3109/2366 2419/2846/2164 2420/2847/2165
f  2618/3104/2363 2623/3112/2368 2487/2918/2232 2475/2905/2220
f  2487/2918/2232 2623/3112/2368 2624/3113/2369 2483/2914/2228
f  2624/3113/2369 2623/3112/2368 2621/3109/2366 2622/3111/2367
f  2621/3109/2366 2623/3112/2368 2618/3104/2363 2620/3106/2365
f  2484/2915/2229 2625/3114/2370 2626/3115/2371 2439/2866/2184
f  2626/3115/2371 2625/3114/2370 2627/3116/2372 2628/3117/2373
f  2627/3116/2372 2625/3114/2370 2624/3113/2369 2622/3111/2367
f  2624/3113/2369 2625/3114/2370 2484/2915/2229 2483/2914/2228
f  2628/3117/2373 2627/3116/2372 2421/2848/2166 2424/2851/2169
f  2421/2848/2166 2627/3116/2372 2622/3111/2367 2420/2847/2165
f  2436/2863/2181 2629/3118/2374 2630/3119/2375 2437/2864/2182
f  2630/3119/2375 2629/3118/2374 2631/3120/2376 2632/3121/2377
f  2632/3121/2377 2631/3120/2376 2497/2928/2242 2493/2924/2238
f  2496/2927/2241 2633/3122/2378 2628/3117/2373 2424/2851/2169
f  2631/3120/2376 2633/3122/2378 2496/2927/2241 2497/2928/2242
f  2626/3115/2371 2634/3123/2379 2440/2867/2185 2439/2866/2184
f  2440/2867/2185 2634/3123/2379 2629/3118/2374 2436/2863/2181
f  2629/3118/2374 2634/3123/2379 2633/3122/2378 2631/3120/2376
f  2633/3122/2378 2634/3123/2379 2626/3115/2371 2628/3117/2373
f  1603/1944/1350 1667/2025/1414 2632/3121/2377 2493/2924/2238
f  2630/3119/2375 1664/2022/1411 1586/1927/1333 2437/2864/2182
f  1667/2025/1414 1664/2022/1411 2630/3119/2375 2632/3121/2377
f  2457/2884/2202 2635/3124/2380 2636/3125/2381 2458/2885/2203
f  2636/3125/2381 2635/3124/2380 2637/3126/2382 2638/3127/2383
f  2637/3126/2382 2635/3124/2380 2639/3128/2384 2640/3129/2385
f  2639/3128/2384 2635/3124/2380 2457/2884/2202 2449/2876/2194
f  2638/3127/2383 2637/3126/2382 2506/2942/2251 2501/2932/2246
f  2506/2942/2251 2637/3126/2382 2640/3129/2385 2508/2944/2253
f  2640/3129/2385 2641/3130/2386 2511/2947/2256 2508/2944/2253
f  2448/2875/2193 2642/3131/2387 2639/3128/2384 2449/2876/2194
f  2639/3128/2384 2642/3131/2387 2641/3130/2386 2640/3129/2385
f  2469/2896/2214 2643/3132/2388 2614/3101/2359 2470/3133/2215
f  2614/3101/2359 2643/3132/2388 2644/3134/2389 2612/3102/2357
f  2644/3134/2389 2643/3132/2388 2645/3135/2390 2646/3136/2391
f  2645/3135/2390 2643/3132/2388 2469/2896/2214 2461/2888/2206
f  2612/3092/2357 2644/3137/2389 2504/2937/2249 2398/2814/2143
f  2504/3138/2249 2644/3134/2389 2646/3136/2391 2503/3139/2248
f  2500/2931/2245 2647/3140/2392 2638/3127/2383 2501/2932/2246
f  2646/3136/2391 2647/3140/2392 2500/2931/2245 2503/3139/2248
f  2636/3125/2381 2648/3141/2393 2459/2886/2204 2458/2885/2203
f  2459/2886/2204 2648/3141/2393 2645/3135/2390 2461/2888/2206
f  2645/3135/2390 2648/3141/2393 2647/3140/2392 2646/3136/2391
f  2647/3140/2392 2648/3141/2393 2636/3125/2381 2638/3127/2383
f  2649/3142/2394 2650/3143/2395 2286/2695/2033 2288/2697/2035
f  2026/2413/1773 2023/2410/1770 2651/3144/2396 2652/3145/2397
f  2022/2409/1769 2653/3146/2398 2651/3144/2396 2023/2410/1770
f  2028/2415/1775 2654/3147/2399 2653/3146/2398 2022/2409/1769
f  2028/2415/1775 1454/1795/1201 1672/2030/1419 2654/3147/2399
f  2099/2486/1846 2655/3148/2400 2656/3149/2401 2100/2487/1847
f  2100/2487/1847 2656/3149/2401 2657/3150/2402 2103/2490/1850
f  2103/2490/1850 2657/3150/2402 2658/3151/2403 2106/2493/1853
f  2107/2494/1854 2659/3152/2404 2660/3153/2405 2108/2495/1855
f  2108/2495/1855 2660/3153/2405 2661/3154/2406 2111/2498/1858
f  2114/2501/1861 2662/3155/2407 2655/3148/2400 2099/2486/1846
f  2111/2498/1858 2661/3154/2406 2662/3155/2407 2114/2501/1861
f  2116/2503/1863 2663/3156/2408 2659/3157/2404 2107/2506/1854
f  2115/2502/1862 2664/3158/2409 2663/3156/2408 2116/2503/1863
f  2119/2508/1866 2665/3159/2410 2666/3160/2411 2120/2509/1867
f  2120/2509/1867 2666/3160/2411 2664/3158/2409 2115/2502/1862
f  2132/2522/1879 2667/3161/2412 2665/3159/2410 2119/2508/1866
f  2131/2521/1878 2668/3162/2413 2667/3161/2412 2132/2522/1879
f  2026/2413/1773 2652/3145/2397 2669/3163/2414 2133/2523/1880
f  2133/2523/1880 2669/3163/2414 2668/3162/2413 2131/2521/1878
f  2276/2685/2023 2274/2683/2021 2670/3164/2415 2671/3165/2416
f  2273/2682/2020 2672/3166/2417 2670/3164/2415 2274/2683/2021
f  2279/2688/2026 2673/3167/2418 2672/3166/2417 2273/2682/2020
f  2276/2685/2023 2671/3165/2416 2674/3168/2419 1547/1888/1294
f  2351/2760/2098 2350/2759/2097 2675/2032/2420 2676/3169/2421
f  2677/3170/2422 2675/2032/2420 2350/2759/2097 2349/2758/2096
f  2349/2758/2096 2352/2761/2099 2678/3171/2423 2677/3170/2422
f  2359/2768/2106 2358/2767/2105 2679/3172/2424 2680/3173/2425
f  2681/3174/2426 2679/3172/2424 2358/2767/2105 2357/2766/2104
f  2676/3169/2421 2682/3175/2427 2360/2769/2107 2351/2760/2098
f  2357/2766/2104 2360/2769/2107 2682/3175/2427 2681/3174/2426
f  2369/2778/2116 2368/2777/2115 2683/3176/2428 2684/3177/2429
f  2685/3178/2430 2683/3176/2428 2368/2777/2115 2367/2776/2114
f  2680/3179/2425 2686/3180/2431 2370/2780/2117 2359/2779/2106
f  2367/2776/2114 2370/2780/2117 2686/3180/2431 2685/3178/2430
f  2279/2688/2026 2374/2786/2121 2687/3181/2432 2673/3167/2418
f  2688/3182/2433 2687/3181/2432 2374/2786/2121 2373/2785/2120
f  2684/3177/2429 2689/3183/2434 2377/2789/2124 2369/2778/2116
f  2373/2785/2120 2377/2789/2124 2689/3183/2434 2688/3182/2433
f  2196/2599/1943 2591/3069/2336 2583/3061/2328 2197/2600/1944
f  2200/2603/1947 2593/3071/2338 2591/3069/2336 2196/2599/1943
f  2202/2605/1949 2595/3073/2340 2593/3071/2338 2200/2603/1947
f  1499/1840/1246 1653/2011/1400 2595/3073/2340 2202/2605/1949
f  2204/2607/1951 2601/3079/2346 2604/3082/2349 2205/2608/1952
f  2205/2608/1952 2604/3082/2349 2597/3075/2342 2207/2610/1954
f  2207/2610/1954 2597/3075/2342 2600/3078/2345 2209/2612/1956
f  2212/2615/1959 2582/3060/2327 2610/3088/2355 2213/2616/1960
f  2213/2616/1960 2610/3088/2355 2607/3184/2352 2215/2618/1962
f  2218/2621/1965 2605/3083/2350 2601/3079/2346 2204/2607/1951
f  2215/2623/1962 2607/3085/2352 2605/3083/2350 2218/2621/1965
f  2220/2625/1967 2579/3057/2324 2582/3060/2327 2212/2615/1959
f  2222/2627/1969 2578/3056/2323 2579/3057/2324 2220/2625/1967
f  2224/2629/1971 2573/3051/2318 2576/3054/2321 2225/2630/1972
f  2225/2630/1972 2576/3054/2321 2578/3056/2323 2222/2627/1969
f  2228/2633/1975 2589/3067/2334 2573/3051/2318 2224/2629/1971
f  2230/2635/1977 2588/3066/2333 2589/3067/2334 2228/2633/1975
f  2197/2600/1944 2583/3061/2328 2586/3064/2331 2231/2636/1978
f  2231/2636/1978 2586/3064/2331 2588/3066/2333 2230/2635/1977
f  2574/3052/2319 2690/3185/2435 2691/3186/2436 2575/3053/2320
f  2575/3053/2320 2691/3186/2436 2692/3187/2437 2577/3055/2322
f  2580/3058/2325 2693/3188/2438 2694/3189/2439 2581/3059/2326
f  2577/3055/2322 2692/3187/2437 2693/3188/2438 2580/3058/2325
f  2584/3062/2329 2695/3190/2440 2696/3191/2441 2585/3063/2330
f  2585/3063/2330 2696/3191/2441 2697/3192/2442 2587/3065/2332
f  2590/3068/2335 2698/3193/2443 2690/3185/2435 2574/3052/2319
f  2587/3065/2332 2697/3192/2442 2698/3193/2443 2590/3068/2335
f  2592/3070/2337 2699/3194/2444 2695/3190/2440 2584/3062/2329
f  2594/3072/2339 2700/3195/2445 2699/3194/2444 2592/3070/2337
f  2596/3074/2341 2701/3196/2446 2700/3195/2445 2594/3072/2339
f  1652/2010/1399 1685/2043/1432 2701/3196/2446 2596/3074/2341
f  2598/3076/2343 2702/3197/2447 2703/3198/2448 2599/3077/2344
f  2602/3080/2347 2704/3199/2449 2705/3200/2450 2603/3081/2348
f  2603/3081/2348 2705/3200/2450 2702/3197/2447 2598/3076/2343
f  2606/3084/2351 2706/3201/2451 2704/3199/2449 2602/3080/2347
f  2608/3086/2353 2707/3202/2452 2706/3201/2451 2606/3084/2351
f  2581/3059/2326 2694/3189/2439 2708/3203/2453 2609/3087/2354
f  2609/3090/2354 2708/3204/2453 2707/3202/2452 2608/3086/2353
f  2147/3205/1894 2691/3186/2436 2690/3185/2435 2144/3206/1891
f  2149/3207/1896 2692/3187/2437 2691/3186/2436 2147/3205/1894
f  2153/3208/1900 2694/3209/2439 2693/3210/2438 2150/3211/1897
f  2150/2543/1897 2693/3212/2438 2692/3213/2437 2149/2542/1896
f  2174/2575/1921 2696/3191/2441 2695/3190/2440 2171/2572/1918
f  2176/2577/1923 2697/3192/2442 2696/3191/2441 2174/2575/1921
f  2144/3206/1891 2690/3185/2435 2698/3193/2443 2177/2581/1924
f  2177/2581/1924 2698/3193/2443 2697/3192/2442 2176/2577/1923
f  2171/2572/1918 2695/3190/2440 2699/3194/2444 2236/2641/1983
f  2236/2641/1983 2699/3194/2444 2700/3195/2445 2238/2643/1985
f  2238/2643/1985 2700/3195/2445 2701/3196/2446 2234/2639/1981
f  2234/2639/1981 2701/3196/2446 1685/2043/1432 1515/1856/1262
f  2262/2671/2009 2703/3198/2448 2702/3197/2447 2260/2669/2007
f  2258/2667/2005 2705/3200/2450 2704/3199/2449 2251/2658/1998
f  2260/2669/2007 2702/3197/2447 2705/3200/2450 2258/2667/2005
f  2251/2658/1998 2704/3199/2449 2706/3201/2451 2248/2655/1995
f  2248/2655/1995 2706/3201/2451 2707/3202/2452 2247/3214/1994
f  2245/3215/1992 2708/3204/2453 2694/3209/2439 2153/3208/1900
f  2247/3214/1994 2707/3202/2452 2708/3204/2453 2245/3215/1992
f  2145/2538/1892 2161/3216/1908 2160/2557/1907 2146/2539/1893
f  2146/2539/1893 2160/2557/1907 2157/2551/1904 2148/2541/1895
f  2151/2544/1898 2155/2548/1902 2154/2547/1901 2152/2545/1899
f  2148/2541/1895 2157/2551/1904 2155/2548/1902 2151/2544/1898
f  2172/2573/1919 2185/2588/1932 2184/2587/1931 2173/2574/1920
f  2173/2574/1920 2184/2587/1931 2181/2584/1928 2175/2576/1922
f  2178/2579/1925 2179/3217/1926 2161/3216/1908 2145/2538/1892
f  2175/2576/1922 2181/2584/1928 2179/2582/1926 2178/2580/1925
f  1514/1855/1261 1509/1850/1256 2235/2640/1982 2233/2638/1980
f  2237/2642/1984 2240/2645/1987 2185/2588/1932 2172/2573/1919
f  2239/2644/1986 2241/2646/1988 2240/2645/1987 2237/2642/1984
f  2233/2638/1980 2235/2640/1982 2241/2646/1988 2239/2644/1986
f  2152/2545/1899 2154/2547/1901 2242/2648/1989 2244/2651/1991
f  2244/2651/1991 2242/2648/1989 2243/3218/1990 2246/2653/1993
f  2249/2656/1996 2253/2662/2000 2252/2661/1999 2250/2657/1997
f  2246/2653/1993 2243/3218/1990 2253/3219/2000 2249/2659/1996
f  2250/2657/1997 2252/2661/1999 2256/2665/2003 2257/2666/2004
f  2257/2666/2004 2256/2665/2003 2255/2664/2002 2259/2668/2006
f  2259/2668/2006 2255/2664/2002 2254/2663/2001 2261/2670/2008
f  2709/3220/2454 2710/3221/2455 2711/3222/2456 2712/3223/2457
f  2713/3224/2458 2714/3225/2459 2715/3226/2460 2716/3227/2461
f  2715/3226/2460 2714/3225/2459 2710/3221/2455 2709/3220/2454
f  2717/3228/2462 2713/3224/2458 2716/3227/2461 2718/3229/2463
f  2719/3230/2464 2720/3231/2465 2717/3228/2462 2718/3229/2463
f  2721/3232/2466 2722/3233/2467 2723/3234/2468 2724/3235/2469
f  2724/3235/2469 2723/3234/2468 2720/3231/2465 2719/3230/2464
f  2076/2463/1823 2075/2462/1822 2709/3220/2454 2712/3223/2457
f  2715/3226/2460 2078/2465/1825 2077/2464/1824 2716/3227/2461
f  2075/2462/1822 2078/2465/1825 2715/3226/2460 2709/3220/2454
f  2716/3227/2461 2077/2464/1824 2097/2484/1844 2718/3229/2463
f  2097/2484/1844 2098/2485/1845 2719/3230/2464 2718/3229/2463
f  2098/2485/1845 2105/2492/1852 2724/3235/2469 2719/3230/2464
f  2105/2492/1852 2106/2493/1853 2721/3232/2466 2724/3235/2469
f  2725/3236/2470 2726/3237/2471 2727/3238/2472 2728/3239/2473
f  2729/3240/2474 2730/3241/2475 2725/3236/2470 2728/3239/2473
f  2731/3242/2476 2732/3243/2477 2730/3241/2475 2729/3240/2474
f  2733/3244/2478 2734/3245/2479 2732/3243/2477 2731/3242/2476
f  2735/3246/2480 2736/3247/2481 2737/3248/2482 2738/3249/2483
f  2210/2613/1957 2209/2612/1956 2736/3247/2481 2735/3246/2480
f  2739/3250/2484 2740/3251/2485 2741/3252/2486 2742/3253/2487
f  2743/3254/2488 2744/3255/2489 2745/3256/2490 2746/3257/2491
f  2747/3258/2492 2743/3254/2488 2746/3257/2491 2748/3259/2493
f  2749/3260/2494 2750/3261/2495 2751/3262/2496 2752/3263/2497
f  2752/3263/2497 2751/3262/2496 2747/3258/2492 2748/3259/2493
f  2711/3222/2456 2753/3264/2498 2754/3265/2499 2712/3223/2457
f  2755/3266/2500 2756/3267/2501 2757/3268/2502 2758/3269/2503
f  2754/3265/2499 2254/2663/2001 2076/2463/1823 2712/3223/2457
f  2262/2671/2009 2261/2670/2008 2756/3267/2501 2755/3266/2500
f  2759/3270/2504 2760/3271/2505 2761/3272/2506 2762/3273/2507
f  2761/3272/2506 2760/3271/2505 2763/3274/2508 2764/3275/2509
f  2765/3276/2510 2766/3277/2511 2761/3272/2506 2764/3275/2509
f  2761/3272/2506 2766/3277/2511 2767/3278/2512 2762/3273/2507
f  2768/3279/2513 2769/3280/2514 2770/3281/2515 2771/3282/2516
f  2771/3282/2516 2770/3281/2515 2772/3283/2517 2773/3284/2518
f  2774/3285/2519 2775/3286/2520 2776/3287/2521 2777/3288/2522
f  2776/3287/2521 2775/3286/2520 2778/3289/2523 2779/3290/2524
f  2777/3288/2522 2776/3287/2521 2760/3271/2505 2759/3270/2504
f  2760/3271/2505 2776/3287/2521 2779/3290/2524 2763/3274/2508
f  2773/3284/2518 2772/3283/2517 2780/3291/2525 2781/3292/2526
f  2781/3292/2526 2780/3291/2525 2782/3293/2527 2783/3294/2528
f  2734/3245/2479 2784/3295/2529 2785/3296/2530 2732/3243/2477
f  2732/3243/2477 2785/3296/2530 2786/3297/2531 2730/3241/2475
f  2785/3296/2530 2777/3288/2522 2759/3270/2504 2786/3297/2531
f  2784/3295/2529 2774/3285/2519 2777/3288/2522 2785/3296/2530
f  2787/3298/2532 2788/3299/2533 2726/3237/2471 2725/3236/2470
f  2762/3273/2507 2767/3278/2512 2788/3299/2533 2787/3298/2532
f  2786/3297/2531 2759/3270/2504 2762/3273/2507 2787/3298/2532
f  2730/3241/2475 2786/3297/2531 2787/3298/2532 2725/3236/2470
f  2789/3300/2534 2790/3301/2535 2791/3302/2536 2792/3303/2537
f  2793/3304/2538 2794/3305/2539 2795/3306/2540 2796/3307/2541
f  2797/3308/2542 2798/3309/2543 2799/3310/2544 2800/3311/2545
f  2800/3311/2545 2799/3310/2544 2790/3301/2535 2789/3300/2534
f  2794/3305/2539 2801/3312/2546 2802/3313/2547 2795/3306/2540
f  2801/3312/2546 2803/3314/2548 2804/3315/2549 2802/3313/2547
f  2805/3316/2550 2806/3317/2551 2798/3309/2543 2797/3308/2542
f  2806/3317/2551 2805/3316/2550 2807/3318/2552 2808/3319/2553
f  2803/3314/2548 2809/3320/2554 2810/3321/2555 2804/3315/2549
f  2811/3322/2556 2810/3321/2555 2809/3320/2554 2812/3323/2557
f  2813/3324/2558 2811/3322/2556 2812/3323/2557 2814/3325/2559
f  2815/3326/2560 2816/3327/2561 2797/3308/2542 2800/3311/2545
f  2767/3278/2512 2817/3328/2562 2818/3329/2563 2788/3299/2533
f  2818/3329/2563 2817/3328/2562 2816/3327/2561 2815/3326/2560
f  2788/3299/2533 2818/3329/2563 2819/3330/2564 2726/3237/2471
f  2819/3330/2564 2818/3329/2563 2815/3326/2560 2820/3331/2565
f  2820/3331/2565 2815/3326/2560 2800/3311/2545 2789/3300/2534
f  2821/3332/2566 2822/3333/2567 2750/3261/2495 2749/3260/2494
f  2823/3334/2568 2822/3333/2567 2821/3332/2566 2824/3335/2569
f  2825/3336/2570 2823/3334/2568 2824/3335/2569 2826/3337/2571
f  2816/3327/2561 2827/3338/2572 2805/3316/2550 2797/3308/2542
f  2805/3316/2550 2827/3338/2572 2828/3339/2573 2807/3318/2552
f  2814/3325/2559 2829/3340/2574 2830/3341/2575 2813/3324/2558
f  2831/3342/2576 2832/3343/2577 2769/3280/2514 2768/3279/2513
f  2829/3340/2574 2832/3343/2577 2831/3342/2576 2830/3341/2575
f  2766/3277/2511 2833/3344/2578 2817/3328/2562 2767/3278/2512
f  2817/3328/2562 2833/3344/2578 2827/3338/2572 2816/3327/2561
f  2827/3338/2572 2833/3344/2578 2834/3345/2579 2828/3339/2573
f  2834/3345/2579 2833/3344/2578 2766/3277/2511 2765/3276/2510
f  2835/3346/2580 2820/3331/2565 2789/3300/2534 2792/3303/2537
f  2726/3237/2471 2819/3330/2564 2836/3347/2581 2727/3238/2472
f  2836/3347/2581 2819/3330/2564 2820/3331/2565 2835/3346/2580
f  2740/3251/2485 2837/3348/2582 2838/3349/2583 2741/3252/2486
f  2837/3350/2582 2839/3351/2584 2840/3352/2585 2838/3353/2583
f  2839/3351/2584 2841/3354/2586 2842/3355/2587 2840/3352/2585
f  2843/3356/2588 2842/3355/2587 2841/3354/2586 2844/3357/2589
f  2826/3337/2571 2843/3356/2588 2844/3357/2589 2825/3336/2570
f  2845/3358/2590 2846/3359/2591 2847/3360/2592 2848/3361/2593
f  2849/3362/2594 2850/3363/2595 2851/3364/2596 2852/3365/2597
f  2846/3359/2591 2850/3363/2595 2849/3362/2594 2847/3360/2592
f  2852/3365/2597 2851/3364/2596 2853/3366/2598 2854/3367/2599
f  2853/3366/2598 2855/3368/2600 2856/3369/2601 2854/3367/2599
f  2855/3368/2600 2857/3370/2602 2858/3371/2603 2856/3369/2601
f  2857/3370/2602 2859/3372/2604 2860/3373/2605 2858/3371/2603
f  2321/2730/2068 2318/2727/2065 2849/3362/2594 2852/3365/2597
f  2849/3362/2594 2318/2727/2065 2317/2726/2064 2847/3360/2592
f  2847/3360/2592 2317/2726/2064 2323/2732/2070 2848/3361/2593
f  2339/2748/2086 2321/2730/2068 2852/3365/2597 2854/3367/2599
f  2856/3369/2601 2344/2753/2091 2339/2748/2086 2854/3367/2599
f  2858/3371/2603 2345/2754/2092 2344/2753/2091 2856/3369/2601
f  2860/3373/2605 2352/2761/2099 2345/2754/2092 2858/3371/2603
f  2861/3374/2606 2862/3375/2607 2863/3376/2608 2864/3377/2609
f  2863/3376/2608 2865/3378/2610 2866/3379/2611 2864/3377/2609
f  2865/3378/2610 2867/3380/2612 2868/3381/2613 2866/3379/2611
f  2867/3380/2612 2869/3382/2614 2870/3383/2615 2868/3381/2613
f  2871/3384/2616 2872/3385/2617 2873/3386/2618 2874/3387/2619
f  2872/3385/2617 2875/3388/2620 2876/3389/2621 2873/3386/2618
f  2876/3389/2621 2448/2875/2193 2447/2874/2192 2873/3386/2618
f  2873/3386/2618 2447/2874/2192 2451/2878/2196 2874/3387/2619
f  2877/3390/2622 2878/3391/2623 2879/3392/2624 2880/3393/2625
f  2881/3394/2626 2877/3390/2622 2880/3393/2625 2882/3395/2627
f  2883/3396/2628 2884/3397/2629 2885/3398/2630 2886/3399/2631
f  2887/3400/2632 2888/3401/2633 2884/3397/2629 2883/3396/2628
f  2889/3402/2634 2887/3400/2632 2883/3396/2628 2890/3403/2635
f  2890/3403/2635 2883/3396/2628 2886/3399/2631 2891/3404/2636
f  2892/3405/2637 2893/3406/2638 2894/3407/2639 2895/3408/2640
f  2896/3409/2641 2897/3410/2642 2893/3406/2638 2892/3405/2637
f  2886/3399/2631 2885/3398/2630 2896/3409/2641 2892/3405/2637
f  2891/3404/2636 2886/3399/2631 2892/3405/2637 2895/3408/2640
f  2898/3411/2643 2899/3412/2644 2900/3413/2645 2901/3414/2646
f  2901/3414/2646 2900/3413/2645 2845/3358/2590 2848/3361/2593
f  2323/2732/2070 2510/2946/2255 2901/3414/2646 2848/3361/2593
f  2901/3414/2646 2510/2946/2255 2511/2947/2256 2898/3411/2643
f  2902/3415/2647 2903/3416/2648 2904/3417/2649 2905/3418/2650
f  2906/3419/2651 2907/3420/2652 2908/3421/2653 2909/3422/2654
f  2908/3421/2653 2907/3420/2652 2902/3415/2647 2905/3418/2650
f  2910/3423/2655 2911/3424/2656 2908/3421/2653 2905/3418/2650
f  2908/3421/2653 2911/3424/2656 2912/3425/2657 2909/3422/2654
f  2913/3426/2658 2910/3423/2655 2905/3418/2650 2904/3417/2649
f  2914/3427/2659 2915/3428/2660 2910/3423/2655 2913/3426/2658
f  2911/3424/2656 2916/3429/2661 2917/3430/2662 2912/3425/2657
f  2915/3428/2660 2916/3429/2661 2911/3424/2656 2910/3423/2655
f  2918/3431/2663 2919/3432/2664 2916/3429/2661 2915/3428/2660
f  2916/3429/2661 2919/3432/2664 2920/3433/2665 2917/3430/2662
f  2914/3427/2659 2921/3434/2666 2918/3431/2663 2915/3428/2660
f  2912/3425/2657 2917/3430/2662 2922/3435/2667 2923/3436/2668
f  2923/3436/2668 2922/3435/2667 2867/3380/2612 2865/3378/2610
f  2922/3435/2667 2924/3437/2669 2869/3382/2614 2867/3380/2612
f  2917/3430/2662 2920/3433/2665 2924/3437/2669 2922/3435/2667
f  2909/3422/2654 2912/3425/2657 2923/3436/2668 2925/3438/2670
f  2926/3439/2671 2906/3419/2651 2909/3422/2654 2925/3438/2670
f  2862/3375/2607 2926/3439/2671 2925/3438/2670 2863/3376/2608
f  2925/3438/2670 2923/3436/2668 2865/3378/2610 2863/3376/2608
f  2927/3440/2672 2928/3441/2673 2929/3442/2674 2930/3443/2675
f  2931/3444/2676 2928/3441/2673 2927/3440/2672 2932/3445/2677
f  2933/3446/2678 2934/3447/2679 2928/3441/2673 2931/3444/2676
f  2928/3441/2673 2934/3447/2679 2935/3448/2680 2929/3442/2674
f  2934/3447/2679 2936/3449/2681 2937/3450/2682 2935/3448/2680
f  2938/3451/2683 2936/3449/2681 2934/3447/2679 2933/3446/2678
f  2939/3452/2684 2940/3453/2685 2941/3454/2686 2942/3455/2687
f  2938/3451/2683 2943/3456/2688 2944/3457/2689 2936/3449/2681
f  2944/3457/2689 2943/3456/2688 2942/3455/2687 2941/3454/2686
f  2936/3449/2681 2944/3457/2689 2945/3458/2690 2937/3450/2682
f  2945/3458/2690 2944/3457/2689 2941/3454/2686 2940/3453/2685
f  2946/3459/2691 2947/3460/2692 2926/3439/2671 2862/3375/2607
f  2948/3461/2693 2947/3460/2692 2946/3459/2691 2949/3462/2694
f  2950/3463/2695 2951/3464/2696 2947/3460/2692 2948/3461/2693
f  2947/3460/2692 2951/3464/2696 2906/3419/2651 2926/3439/2671
f  2937/3450/2682 2950/3463/2695 2948/3461/2693 2935/3448/2680
f  2935/3448/2680 2948/3461/2693 2949/3462/2694 2929/3442/2674
f  2952/3465/2697 2953/3466/2698 2954/3467/2699 2955/3468/2700
f  2897/3410/2642 2956/3469/2701 2957/3470/2702 2893/3406/2638
f  2957/3470/2702 2956/3469/2701 2953/3466/2698 2952/3465/2697
f  2893/3406/2638 2957/3470/2702 2958/3471/2703 2894/3407/2639
f  2958/3471/2703 2957/3470/2702 2952/3465/2697 2959/3472/2704
f  2959/3472/2704 2952/3465/2697 2955/3468/2700 2960/3473/2705
f  2902/3415/2647 2961/3474/2706 2962/3475/2707 2903/3416/2648
f  2962/3475/2707 2961/3474/2706 2963/3476/2708 2964/3477/2709
f  2964/3477/2709 2963/3476/2708 2940/3453/2685 2939/3452/2684
f  2945/3458/2690 2965/3478/2710 2950/3463/2695 2937/3450/2682
f  2963/3476/2708 2965/3478/2710 2945/3458/2690 2940/3453/2685
f  2951/3464/2696 2966/3479/2711 2907/3420/2652 2906/3419/2651
f  2907/3420/2652 2966/3479/2711 2961/3474/2706 2902/3415/2647
f  2961/3474/2706 2966/3479/2711 2965/3478/2710 2963/3476/2708
f  2965/3478/2710 2966/3479/2711 2951/3464/2696 2950/3463/2695
f  2949/3462/2694 2946/3459/2691 2967/3480/2712 2968/3481/2713
f  2967/3480/2712 2946/3459/2691 2862/3375/2607 2861/3374/2606
f  2929/3442/2674 2949/3462/2694 2968/3481/2713 2930/3443/2675
f  2969/3482/2714 2970/3483/2715 2971/3484/2716 2972/3485/2717
f  2973/3486/2718 2969/3482/2714 2972/3485/2717 2974/3487/2719
f  2974/3487/2719 2972/3485/2717 2877/3390/2622 2881/3394/2626
f  2972/3485/2717 2971/3484/2716 2878/3391/2623 2877/3390/2622
f  2954/3467/2699 2975/3488/2720 2976/3489/2721 2955/3468/2700
f  2955/3468/2700 2976/3489/2721 2977/3490/2722 2960/3473/2705
f  2978/3491/2723 2979/3492/2724 2969/3482/2714 2973/3486/2718
f  2976/3489/2721 2979/3493/2724 2978/3494/2723 2977/3490/2722
f  2975/3488/2720 2980/3495/2725 2979/3493/2724 2976/3489/2721
f  2979/3493/2724 2980/3495/2725 2970/3496/2715 2969/3497/2714
f  2738/3498/2483 2981/3499/2726 2982/3500/2727 2735/3501/2480
f  2982/3500/2727 2981/3499/2726 2983/3502/2728 2984/3503/2729
f  2985/3504/2730 2986/3505/2731 2871/3384/2616 2874/3387/2619
f  2983/3506/2728 2986/3505/2731 2985/3504/2730 2984/3507/2729
f  2982/3500/2727 2528/2973/2273 2210/2972/1957 2735/3501/2480
f  2530/2976/2275 2528/2973/2273 2982/3500/2727 2984/3503/2729
f  2451/2878/2196 2539/2991/2284 2985/3504/2730 2874/3387/2619
f  2985/3504/2730 2539/2991/2284 2530/2990/2275 2984/3507/2729
f  2741/3508/2486 2987/3509/2732 2988/3510/2733 2742/3511/2487
f  2988/3510/2733 2987/3509/2732 2989/3512/2734 2990/3513/2735
f  2989/3512/2734 2991/3514/2736 2992/3515/2737 2990/3513/2735
f  2992/3516/2737 2991/3517/2736 2881/3394/2626 2882/3395/2627
f  2745/3256/2490 2993/3518/2738 2994/3519/2739 2746/3257/2491
f  2994/3520/2739 2993/3521/2738 2995/3522/2740 2996/3523/2741
f  2746/3257/2491 2994/3519/2739 2997/3524/2742 2748/3259/2493
f  2997/3524/2742 2994/3519/2739 2996/3525/2741 2998/3526/2743
f  2999/3527/2744 3000/3528/2745 2890/3529/2635 2891/3530/2636
f  2996/3523/2741 3000/3528/2745 2999/3527/2744 2998/3531/2743
f  2995/3522/2740 3001/3532/2746 3000/3528/2745 2996/3523/2741
f  3000/3528/2745 3001/3532/2746 2889/3533/2634 2890/3529/2635
f  2748/3259/2493 2997/3524/2742 3002/3534/2747 2752/3263/2497
f  3002/3534/2747 2997/3524/2742 2998/3526/2743 3003/3535/2748
f  3004/3536/2749 3005/3537/2750 3002/3534/2747 3003/3535/2748
f  3002/3534/2747 3005/3537/2750 2749/3260/2494 2752/3263/2497
f  2894/3538/2639 3006/3539/2751 3007/3540/2752 2895/3541/2640
f  3007/3540/2752 3006/3539/2751 3004/3542/2749 3003/3543/2748
f  2998/3531/2743 2999/3527/2744 3007/3540/2752 3003/3543/2748
f  3007/3540/2752 2999/3527/2744 2891/3530/2636 2895/3541/2640
f  3005/3537/2750 3008/3544/2753 2821/3332/2566 2749/3260/2494
f  2821/3332/2566 3008/3544/2753 3009/3545/2754 2824/3335/2569
f  3009/3545/2754 3008/3544/2753 3010/3546/2755 3011/3547/2756
f  3010/3546/2755 3008/3544/2753 3005/3537/2750 3004/3536/2749
f  2824/3335/2569 3009/3545/2754 3012/3548/2757 2826/3337/2571
f  3012/3548/2757 3009/3545/2754 3011/3547/2756 3013/3549/2758
f  3014/3550/2759 3015/3551/2760 2959/3552/2704 2960/3553/2705
f  3011/3554/2756 3015/3551/2760 3014/3550/2759 3013/3555/2758
f  2958/3556/2703 3016/3557/2761 3006/3539/2751 2894/3538/2639
f  3006/3539/2751 3016/3557/2761 3010/3558/2755 3004/3542/2749
f  3010/3558/2755 3016/3557/2761 3015/3551/2760 3011/3554/2756
f  3015/3551/2760 3016/3557/2761 2958/3556/2703 2959/3552/2704
f  2840/3559/2585 3017/3560/2762 3018/3561/2763 2838/3562/2583
f  3018/3561/2763 3017/3560/2762 3019/3563/2764 3020/3564/2765
f  2838/3562/2583 3018/3561/2763 2987/3509/2732 2741/3508/2486
f  2987/3509/2732 3018/3561/2763 3020/3564/2765 2989/3512/2734
f  2991/3517/2736 3021/3565/2766 2974/3487/2719 2881/3394/2626
f  3020/3564/2765 3021/3566/2766 2991/3514/2736 2989/3512/2734
f  3019/3563/2764 3022/3567/2767 3021/3566/2766 3020/3564/2765
f  3021/3565/2766 3022/3568/2767 2973/3486/2718 2974/3487/2719
f  3012/3548/2757 3023/3569/2768 2843/3356/2588 2826/3337/2571
f  3024/3570/2769 3023/3571/2768 3012/3572/2757 3013/3573/2758
f  2842/3355/2587 3025/3574/2770 3017/3575/2762 2840/3352/2585
f  3017/3560/2762 3025/3576/2770 3026/3577/2771 3019/3563/2764
f  3026/3577/2771 3025/3576/2770 3023/3571/2768 3024/3570/2769
f  3023/3569/2768 3025/3574/2770 2842/3355/2587 2843/3356/2588
f  3022/3568/2767 3027/3578/2772 2978/3491/2723 2973/3486/2718
f  2978/3491/2723 3027/3578/2772 3028/3579/2773 2977/3580/2722
f  3028/3579/2773 3027/3578/2772 3026/3581/2771 3024/3582/2769
f  3026/3581/2771 3027/3578/2772 3022/3568/2767 3019/3583/2764
f  2977/3580/2722 3028/3579/2773 3014/3550/2759 2960/3553/2705
f  3014/3550/2759 3028/3579/2773 3024/3582/2769 3013/3555/2758
f  3029/3584/2774 3030/3585/2775 3031/3586/2776 3032/3587/2777
f  2600/3078/2345 2599/3077/2344 3030/3585/2775 3029/3584/2774
f  3033/3588/2778 3034/3589/2779 3035/3590/2780 3036/3591/2781
f  3037/3592/2782 3038/3593/2783 3039/3594/2784 3040/3595/2785
f  3041/3596/2786 3042/3597/2787 3038/3593/2783 3037/3592/2782
f  3043/3598/2788 3044/3599/2789 3042/3597/2787 3041/3596/2786
f  3045/3600/2790 3046/3601/2791 3044/3599/2789 3043/3598/2788
f  3034/3589/2779 3047/3602/2792 3048/3603/2793 3035/3590/2780
f  3047/3602/2792 3049/3604/2794 3050/3605/2795 3048/3603/2793
f  3049/3606/2794 3051/3607/2796 3052/3608/2797 3050/3609/2795
f  3053/3610/2798 3052/3608/2797 3051/3607/2796 3054/3611/2799
f  3055/3612/2800 3053/3610/2798 3054/3611/2799 3056/3613/2801
f  3057/3614/2802 3058/3615/2803 3046/3601/2791 3045/3600/2790
f  3059/3616/2804 3060/3617/2805 3058/3615/2803 3057/3614/2802
f  3056/3613/2801 3060/3617/2805 3059/3616/2804 3055/3612/2800
f  2875/3388/2620 3061/3618/2806 3062/3619/2807 2876/3389/2621
f  3062/3619/2807 3061/3618/2806 3063/3620/2808 3064/3621/2809
f  3064/3621/2809 3063/3620/2808 2899/3412/2644 2898/3411/2643
f  2511/2947/2256 2641/3130/2386 3064/3621/2809 2898/3411/2643
f  3062/3619/2807 2642/3131/2387 2448/2875/2193 2876/3389/2621
f  2641/3130/2386 2642/3131/2387 3062/3619/2807 3064/3621/2809
f  3065/3622/2810 3066/3623/2811 2931/3444/2676 2932/3445/2677
f  2878/3391/2623 3067/3624/2812 3068/3625/2813 2879/3392/2624
f  3068/3625/2813 3067/3624/2812 3066/3623/2811 3065/3622/2810
f  2884/3397/2629 3069/3626/2814 3070/3627/2815 2885/3398/2630
f  3070/3628/2815 3069/3629/2814 3071/3630/2816 3072/3631/2817
f  3072/3631/2817 3071/3630/2816 2914/3427/2659 2913/3426/2658
f  3071/3630/2816 3073/3632/2818 2921/3434/2666 2914/3427/2659
f  2888/3401/2633 3074/3633/2819 3069/3626/2814 2884/3397/2629
f  3069/3629/2814 3074/3634/2819 3073/3632/2818 3071/3630/2816
f  3075/3635/2820 3076/3636/2821 3077/3637/2822 3078/3638/2823
f  3077/3639/2822 3076/3640/2821 2897/3410/2642 2896/3409/2641
f  2903/3416/2648 3075/3635/2820 3078/3638/2823 2904/3417/2649
f  3078/3638/2823 3072/3631/2817 2913/3426/2658 2904/3417/2649
f  2885/3398/2630 3070/3627/2815 3077/3639/2822 2896/3409/2641
f  3077/3637/2822 3070/3628/2815 3072/3631/2817 3078/3638/2823
f  3079/3641/2824 3080/3642/2825 2938/3451/2683 2933/3446/2678
f  2970/3483/2715 3081/3643/2826 3082/3644/2827 2971/3484/2716
f  3082/3644/2827 3081/3643/2826 3080/3642/2825 3079/3641/2824
f  2971/3484/2716 3082/3644/2827 3067/3624/2812 2878/3391/2623
f  3067/3624/2812 3082/3644/2827 3079/3641/2824 3066/3623/2811
f  3066/3623/2811 3079/3641/2824 2933/3446/2678 2931/3444/2676
f  2942/3455/2687 3083/3645/2828 3084/3646/2829 2939/3452/2684
f  3085/3647/2830 3086/3648/2831 2975/3488/2720 2954/3467/2699
f  3083/3645/2828 3086/3649/2831 3085/3650/2830 3084/3646/2829
f  2980/3651/2725 3087/3652/2832 3081/3643/2826 2970/3483/2715
f  3081/3643/2826 3087/3652/2832 3088/3653/2833 3080/3642/2825
f  3088/3653/2833 3087/3652/2832 3086/3649/2831 3083/3645/2828
f  3086/3648/2831 3087/3654/2832 2980/3495/2725 2975/3488/2720
f  3080/3642/2825 3088/3653/2833 2943/3456/2688 2938/3451/2683
f  2943/3456/2688 3088/3653/2833 3083/3645/2828 2942/3455/2687
f  2953/3466/2698 3089/3655/2834 3085/3647/2830 2954/3467/2699
f  3085/3650/2830 3089/3656/2834 3090/3657/2835 3084/3646/2829
f  3084/3646/2829 3090/3657/2835 2964/3477/2709 2939/3452/2684
f  2962/3475/2707 3091/3658/2836 3075/3635/2820 2903/3416/2648
f  3090/3657/2835 3091/3658/2836 2962/3475/2707 2964/3477/2709
f  3076/3640/2821 3092/3659/2837 2956/3469/2701 2897/3410/2642
f  2956/3469/2701 3092/3659/2837 3089/3655/2834 2953/3466/2698
f  3089/3656/2834 3092/3660/2837 3091/3658/2836 3090/3657/2835
f  3091/3658/2836 3092/3660/2837 3076/3636/2821 3075/3635/2820
f  2721/3232/2466 3093/3661/2838 3094/3662/2839 2722/3233/2467
f  2106/2493/1853 2658/3151/2403 3093/3661/2838 2721/3232/2466
f  2733/3244/2478 3095/3663/2840 3096/3664/2841 2734/3245/2479
f  2745/3256/2490 2744/3255/2489 3097/3665/2842 3098/3666/2843
f  2774/3285/2519 3099/3667/2844 3100/3668/2845 2775/3286/2520
f  2778/3289/2523 2775/3286/2520 3100/3668/2845 3101/3669/2846
f  2783/3294/2528 2782/3293/2527 3102/3670/2847 3103/3671/2848
f  2734/3245/2479 3096/3664/2841 3104/3672/2849 2784/3295/2529
f  2784/3295/2529 3104/3672/2849 3099/3667/2844 2774/3285/2519
f  2860/3373/2605 2859/3372/2604 3105/3673/2850 3106/3674/2851
f  3106/3674/2851 2678/3171/2423 2352/2761/2099 2860/3373/2605
f  2870/3383/2615 2869/3382/2614 3107/3675/2852 3108/3676/2853
f  2887/3400/2632 3109/3677/2854 3110/3678/2855 2888/3401/2633
f  2889/3402/2634 3111/3679/2856 3109/3677/2854 2887/3400/2632
f  2920/3433/2665 2919/3432/2664 3112/3680/2857 3113/3681/2858
f  2918/3431/2663 3114/3682/2859 3112/3680/2857 2919/3432/2664
f  2921/3434/2666 3115/3683/2860 3114/3682/2859 2918/3431/2663
f  2869/3382/2614 2924/3437/2669 3116/3684/2861 3107/3675/2852
f  2924/3437/2669 2920/3433/2665 3113/3681/2858 3116/3684/2861
f  2745/3256/2490 3098/3666/2843 3117/3685/2862 2993/3518/2738
f  2889/3533/2634 3001/3532/2746 3118/3686/2863 3111/3687/2856
f  3040/3595/2785 3039/3594/2784 3119/3688/2864 3120/3689/2865
f  2921/3434/2666 3073/3632/2818 3121/3671/2866 3115/3683/2860
f  2888/3401/2633 3110/3678/2855 3122/3690/2867 3074/3633/2819
f  3074/3634/2819 3122/3691/2867 3121/3671/2866 3073/3632/2818
f  2736/3247/2481 3029/3584/2774 3032/3587/2777 2737/3248/2482
f  2209/2612/1956 2600/3078/2345 3029/3584/2774 2736/3247/2481
f  2740/3251/2485 2739/3250/2484 3036/3591/2781 3035/3590/2780
f  2744/3255/2489 2743/3254/2488 3037/3592/2782 3040/3595/2785
f  2743/3254/2488 2747/3258/2492 3041/3596/2786 3037/3592/2782
f  2750/3261/2495 3045/3600/2790 3043/3598/2788 2751/3262/2496
f  2751/3262/2496 3043/3598/2788 3041/3596/2786 2747/3258/2492
f  2822/3333/2567 3057/3614/2802 3045/3600/2790 2750/3261/2495
f  2822/3333/2567 2823/3334/2568 3059/3616/2804 3057/3614/2802
f  2823/3334/2568 2825/3336/2570 3055/3612/2800 3059/3616/2804
f  2837/3348/2582 2740/3251/2485 3035/3590/2780 3048/3603/2793
f  2839/3351/2584 2837/3350/2582 3048/3692/2793 3050/3609/2795
f  2841/3354/2586 2839/3351/2584 3050/3609/2795 3052/3608/2797
f  2844/3357/2589 2841/3354/2586 3052/3608/2797 3053/3610/2798
f  2825/3336/2570 2844/3357/2589 3053/3610/2798 3055/3612/2800
f  3030/3585/2775 3123/3693/2868 3124/3694/2869 3031/3586/2776
f  2599/3077/2344 2703/3198/2448 3123/3693/2868 3030/3585/2775
f  3034/3589/2779 3033/3588/2778 3125/3695/2870 3126/3696/2871
f  3039/3594/2784 3038/3593/2783 3127/3697/2872 3128/3698/2873
f  3038/3593/2783 3042/3597/2787 3129/3699/2874 3127/3697/2872
f  3044/3599/2789 3130/3700/2875 3129/3699/2874 3042/3597/2787
f  3046/3601/2791 3131/3701/2876 3130/3700/2875 3044/3599/2789
f  3047/3602/2792 3034/3589/2779 3126/3696/2871 3132/3702/2877
f  3049/3604/2794 3047/3602/2792 3132/3702/2877 3133/3703/2878
f  3051/3704/2796 3049/3604/2794 3133/3703/2878 3134/3705/2879
f  3054/3706/2799 3051/3704/2796 3134/3705/2879 3135/3707/2880
f  3056/3613/2801 3054/3611/2799 3135/3708/2880 3136/3709/2881
f  3058/3615/2803 3137/3710/2882 3131/3701/2876 3046/3601/2791
f  3058/3615/2803 3060/3617/2805 3138/3711/2883 3137/3710/2882
f  3060/3617/2805 3056/3613/2801 3136/3709/2881 3138/3711/2883
f  2758/3269/2503 3124/3694/2869 3123/3693/2868 2755/3266/2500
f  2755/3266/2500 3123/3693/2868 2703/3198/2448 2262/2671/2009
f  2796/3307/2541 2795/3306/2540 3126/3696/2871 3125/3695/2870
f  2781/3292/2526 2783/3294/2528 3128/3712/2873 3127/3713/2872
f  2773/3284/2518 2781/3292/2526 3127/3713/2872 3129/3714/2874
f  2773/3284/2518 3129/3714/2874 3130/3715/2875 2771/3282/2516
f  2771/3282/2516 3130/3715/2875 3131/3716/2876 2768/3279/2513
f  2795/3306/2540 2802/3313/2547 3132/3702/2877 3126/3696/2871
f  2802/3313/2547 2804/3315/2549 3133/3703/2878 3132/3702/2877
f  2804/3315/2549 2810/3321/2555 3134/3705/2879 3133/3703/2878
f  2810/3321/2555 2811/3322/2556 3135/3707/2880 3134/3705/2879
f  2811/3322/2556 2813/3324/2558 3136/3717/2881 3135/3707/2880
f  2768/3279/2513 3131/3716/2876 3137/3718/2882 2831/3342/2576
f  2830/3341/2575 2831/3342/2576 3137/3718/2882 3138/3719/2883
f  2813/3324/2558 2830/3341/2575 3138/3719/2883 3136/3717/2881
f  3103/3671/2848 3139/3720/2884 3128/3712/2873 2783/3294/2528
f  2756/3267/2501 2754/3265/2499 2753/3264/2498 2757/3268/2502
f  2261/2670/2008 2254/2663/2001 2754/3265/2499 2756/3267/2501
f  2769/3280/2514 2765/3276/2510 2764/3275/2509 2770/3281/2515
f  2770/3281/2515 2764/3275/2509 2763/3274/2508 2772/3283/2517
f  2772/3283/2517 2763/3274/2508 2779/3290/2524 2780/3291/2525
f  2782/3293/2527 2780/3291/2525 2779/3290/2524 2778/3289/2523
f  2794/3305/2539 2793/3304/2538 2791/3302/2536 2790/3301/2535
f  2801/3312/2546 2794/3305/2539 2790/3301/2535 2799/3310/2544
f  2803/3314/2548 2801/3312/2546 2799/3310/2544 2798/3309/2543
f  2809/3320/2554 2803/3314/2548 2798/3309/2543 2806/3317/2551
f  2812/3323/2557 2809/3320/2554 2806/3317/2551 2808/3319/2553
f  2814/3325/2559 2812/3323/2557 2808/3319/2553 2807/3318/2552
f  2829/3340/2574 2814/3325/2559 2807/3318/2552 2828/3339/2573
f  2832/3343/2577 2834/3345/2579 2765/3276/2510 2769/3280/2514
f  2829/3340/2574 2828/3339/2573 2834/3345/2579 2832/3343/2577
f  3140/3721/2885 3141/3722/2886 3142/3723/2887 3143/3724/2888
f  2710/3221/2455 3141/3722/2886 3140/3721/2885 2711/3222/2456
f  3144/3725/2889 3145/3726/2890 3146/3727/2891 3147/3728/2892
f  3142/3723/2887 3145/3726/2890 3144/3725/2889 3143/3724/2888
f  3148/3729/2893 3149/3730/2894 3150/3731/2895 3151/3732/2896
f  3152/3733/2897 3149/3730/2894 3148/3729/2893 3153/3734/2898
f  3154/3735/2899 3155/3736/2900 2714/3225/2459 2713/3224/2458
f  3150/3731/2895 3155/3736/2900 3154/3735/2899 3151/3732/2896
f  3141/3722/2886 3155/3736/2900 3150/3731/2895 3142/3723/2887
f  2714/3225/2459 3155/3736/2900 3141/3722/2886 2710/3221/2455
f  3145/3726/2890 3149/3730/2894 3152/3733/2897 3146/3727/2891
f  3150/3731/2895 3149/3730/2894 3145/3726/2890 3142/3723/2887
f  3156/3737/2901 3154/3735/2899 2713/3224/2458 2717/3228/2462
f  3151/3732/2896 3154/3735/2899 3156/3737/2901 3157/3738/2902
f  3158/3739/2903 3148/3729/2893 3151/3732/2896 3157/3738/2902
f  3153/3734/2898 3148/3729/2893 3158/3739/2903 3159/3740/2904
f  3156/3737/2901 3160/3741/2905 3161/3742/2906 3157/3738/2902
f  2720/3231/2465 3160/3741/2905 3156/3737/2901 2717/3228/2462
f  3158/3739/2903 3162/3743/2907 3163/3744/2908 3159/3740/2904
f  3161/3742/2906 3162/3743/2907 3158/3739/2903 3157/3738/2902
f  3164/3745/2909 3165/3746/2910 3166/3747/2911 3167/3748/2912
f  2722/3233/2467 3165/3746/2910 3164/3745/2909 2723/3234/2468
f  3160/3741/2905 3164/3745/2909 3167/3748/2912 3161/3742/2906
f  2723/3234/2468 3164/3745/2909 3160/3741/2905 2720/3231/2465
f  3162/3743/2907 3168/3749/2913 3169/3750/2914 3163/3744/2908
f  3167/3748/2912 3168/3749/2913 3162/3743/2907 3161/3742/2906
f  3168/3749/2913 3170/3751/2915 3171/3752/2916 3169/3750/2914
f  3166/3747/2911 3170/3751/2915 3168/3749/2913 3167/3748/2912
f  3172/3753/2917 3173/3754/2918 2729/3240/2474 2728/3239/2473
f  3174/3755/2919 3173/3754/2918 3172/3753/2917 3175/3756/2920
f  3172/3753/2917 3176/3757/2921 3177/3758/2922 3175/3756/2920
f  2727/3238/2472 3176/3757/2921 3172/3753/2917 2728/3239/2473
f  3178/3759/2923 3179/3760/2924 2733/3244/2478 2731/3242/2476
f  3180/3761/2925 3179/3760/2924 3178/3759/2923 3181/3762/2926
f  3173/3754/2918 3178/3759/2923 2731/3242/2476 2729/3240/2474
f  3181/3762/2926 3178/3759/2923 3173/3754/2918 3174/3755/2919
f  3182/3763/2927 3183/3764/2928 3180/3761/2925 3181/3762/2926
f  3171/3752/2916 3183/3764/2928 3182/3763/2927 3169/3750/2914
f  3184/3765/2929 3182/3763/2927 3181/3762/2926 3174/3755/2919
f  3169/3750/2914 3182/3763/2927 3184/3765/2929 3163/3744/2908
f  3185/3766/2930 3186/3767/2931 3153/3734/2898 3159/3740/2904
f  3177/3758/2922 3186/3767/2931 3185/3766/2930 3175/3756/2920
f  3185/3766/2930 3184/3765/2929 3174/3755/2919 3175/3756/2920
f  3163/3744/2908 3184/3765/2929 3185/3766/2930 3159/3740/2904
f  3187/3768/2932 3188/3769/2933 3189/3770/2934 3190/3771/2935
f  2737/3248/2482 3188/3769/2933 3187/3768/2932 2738/3249/2483
f  3191/3772/2936 3192/3773/2937 3193/3774/2938 3194/3775/2939
f  3189/3770/2934 3192/3773/2937 3191/3772/2936 3190/3771/2935
f  3195/3776/2940 3196/3777/2941 3197/3778/2942 3198/3779/2943
f  3193/3774/2938 3196/3777/2941 3195/3776/2940 3194/3775/2939
f  3199/3780/2944 3200/3781/2945 2739/3250/2484 2742/3253/2487
f  3197/3778/2942 3200/3781/2945 3199/3780/2944 3198/3779/2943
f  3144/3725/2889 3201/3782/2946 3202/3783/2947 3143/3724/2888
f  3203/3784/2948 3201/3782/2946 3144/3725/2889 3147/3728/2892
f  3140/3721/2885 3204/3785/2949 2753/3264/2498 2711/3222/2456
f  3202/3783/2947 3204/3785/2949 3140/3721/2885 3143/3724/2888
f  3205/3786/2950 3206/3787/2951 3207/3788/2952 3208/3789/2953
f  2757/3268/2502 3206/3787/2951 3205/3786/2950 2758/3269/2503
f  3209/3790/2954 3210/3791/2955 3211/3792/2956 3212/3793/2957
f  3207/3788/2952 3210/3791/2955 3209/3790/2954 3208/3789/2953
f  3213/3794/2958 3214/3795/2959 2835/3346/2580 2792/3303/2537
f  3215/3796/2960 3214/3795/2959 3213/3794/2958 3216/3797/2961
f  3217/3798/2962 3218/3799/2963 3215/3796/2960 3216/3797/2961
f  3146/3727/2891 3218/3799/2963 3217/3798/2962 3147/3728/2892
f  3176/3757/2921 3219/3800/2964 3220/3801/2965 3177/3758/2922
f  2836/3347/2581 3219/3800/2964 3176/3757/2921 2727/3238/2472
f  3186/3767/2931 3221/3802/2966 3152/3733/2897 3153/3734/2898
f  3220/3801/2965 3221/3802/2966 3186/3767/2931 3177/3758/2922
f  3218/3799/2963 3221/3802/2966 3220/3801/2965 3215/3796/2960
f  3152/3733/2897 3221/3802/2966 3218/3799/2963 3146/3727/2891
f  3214/3795/2959 3219/3800/2964 2836/3347/2581 2835/3346/2580
f  3220/3801/2965 3219/3800/2964 3214/3795/2959 3215/3796/2960
f  3217/3798/2962 3222/3803/2967 3203/3784/2948 3147/3728/2892
f  3223/3804/2968 3222/3803/2967 3217/3798/2962 3216/3797/2961
f  3224/3805/2969 3225/3806/2970 3226/3807/2971 3227/3808/2972
f  3211/3792/2956 3225/3806/2970 3224/3805/2969 3212/3793/2957
f  3228/3809/2973 3229/3810/2974 2793/3304/2538 2796/3307/2541
f  3226/3807/2971 3229/3810/2974 3228/3809/2973 3227/3808/2972
f  3213/3794/2958 3230/3811/2975 3223/3804/2968 3216/3797/2961
f  2791/3302/2536 3230/3811/2975 3213/3794/2958 2792/3303/2537
f  3231/3812/2976 3232/3813/2977 3233/3814/2978 3234/3815/2979
f  3235/3816/2980 3232/3813/2977 3231/3812/2976 3236/3817/2981
f  3237/3818/2982 3232/3813/2977 3235/3816/2980 3238/3819/2983
f  3233/3814/2978 3232/3813/2977 3237/3818/2982 3239/3820/2984
f  3240/3821/2985 3241/3822/2986 2850/3363/2595 2846/3359/2591
f  3235/3816/2980 3241/3822/2986 3240/3821/2985 3238/3819/2983
f  3242/3823/2987 3241/3822/2986 3235/3816/2980 3236/3817/2981
f  2850/3363/2595 3241/3822/2986 3242/3823/2987 2851/3364/2596
f  3243/3824/2988 3237/3818/2982 3238/3819/2983 3244/3825/2989
f  3239/3820/2984 3237/3818/2982 3243/3824/2988 3245/3826/2990
f  3246/3827/2991 3240/3821/2985 2846/3359/2591 2845/3358/2590
f  3238/3819/2983 3240/3821/2985 3246/3827/2991 3244/3825/2989
f  3247/3828/2992 3248/3829/2993 3249/3830/2994 3250/3831/2995
f  3251/3832/2996 3248/3829/2993 3247/3828/2992 3252/3833/2997
f  3253/3834/2998 3254/3835/2999 2855/3368/2600 2853/3366/2598
f  3249/3830/2994 3254/3835/2999 3253/3834/2998 3250/3831/2995
f  3253/3834/2998 3242/3823/2987 3236/3817/2981 3250/3831/2995
f  2851/3364/2596 3242/3823/2987 3253/3834/2998 2853/3366/2598
f  3247/3828/2992 3231/3812/2976 3234/3815/2979 3252/3833/2997
f  3236/3817/2981 3231/3812/2976 3247/3828/2992 3250/3831/2995
f  3248/3829/2993 3255/3836/3000 3256/3837/3001 3249/3830/2994
f  3257/3838/3002 3255/3836/3000 3248/3829/2993 3251/3832/2996
f  3254/3835/2999 3258/3839/3003 2857/3370/2602 2855/3368/2600
f  3256/3837/3001 3258/3839/3003 3254/3835/2999 3249/3830/2994
f  3258/3839/3003 3259/3840/3004 2859/3372/2604 2857/3370/2602
f  3260/3841/3005 3259/3840/3004 3258/3839/3003 3256/3837/3001
f  3255/3836/3000 3261/3842/3006 3260/3841/3005 3256/3837/3001
f  3262/3843/3007 3261/3842/3006 3255/3836/3000 3257/3838/3002
f  3263/3844/3008 3264/3845/3009 2861/3374/2606 2864/3377/2609
f  3265/3846/3010 3264/3845/3009 3263/3844/3008 3266/3847/3011
f  3263/3844/3008 3267/3848/3012 3268/3849/3013 3266/3847/3011
f  2866/3379/2611 3267/3848/3012 3263/3844/3008 2864/3377/2609
f  3267/3848/3012 3269/3850/3014 3270/3851/3015 3268/3849/3013
f  2868/3381/2613 3269/3850/3014 3267/3848/3012 2866/3379/2611
f  3269/3850/3014 3271/3852/3016 3272/3853/3017 3270/3851/3015
f  2870/3383/2615 3271/3852/3016 3269/3850/3014 2868/3381/2613
f  3273/3854/3018 3274/3855/3019 3257/3838/3002 3251/3832/2996
f  3270/3851/3015 3274/3855/3019 3273/3854/3018 3268/3849/3013
f  3274/3855/3019 3275/3856/3020 3262/3843/3007 3257/3838/3002
f  3272/3853/3017 3275/3856/3020 3274/3855/3019 3270/3851/3015
f  3276/3857/3021 3273/3854/3018 3251/3832/2996 3252/3833/2997
f  3268/3849/3013 3273/3854/3018 3276/3857/3021 3266/3847/3011
f  3276/3857/3021 3277/3858/3022 3265/3846/3010 3266/3847/3011
f  3234/3815/2979 3277/3858/3022 3276/3857/3021 3252/3833/2997
f  3278/3859/3023 3279/3860/3024 3280/3861/3025 3281/3862/3026
f  3282/3863/3027 3279/3860/3024 3278/3859/3023 3283/3864/3028
f  3284/3865/3029 3285/3866/3030 2875/3388/2620 2872/3385/2617
f  3280/3861/3025 3285/3866/3030 3284/3865/3029 3281/3862/3026
f  3286/3867/3031 3278/3859/3023 3281/3862/3026 3287/3868/3032
f  3283/3864/3028 3278/3859/3023 3286/3867/3031 3288/3869/3033
f  3289/3870/3034 3284/3865/3029 2872/3385/2617 2871/3384/2616
f  3281/3862/3026 3284/3865/3029 3289/3870/3034 3287/3868/3032
f  3290/3871/3035 3291/3872/3036 3292/3873/3037 3293/3874/3038
f  2879/3392/2624 3291/3872/3036 3290/3871/3035 2880/3393/2625
f  3294/3875/3039 3295/3876/3040 3282/3863/3027 3283/3864/3028
f  3292/3873/3037 3295/3876/3040 3294/3875/3039 3293/3874/3038
f  3296/3877/3041 3290/3871/3035 3293/3874/3038 3297/3878/3042
f  2880/3393/2625 3290/3871/3035 3296/3877/3041 2882/3395/2627
f  3298/3879/3043 3294/3875/3039 3283/3864/3028 3288/3869/3033
f  3293/3874/3038 3294/3875/3039 3298/3879/3043 3297/3878/3042
f  3299/3880/3044 3300/3881/3045 3301/3882/3046 3302/3883/3047
f  2899/3412/2644 3300/3881/3045 3299/3880/3044 2900/3413/2645
f  3246/3827/2991 3299/3880/3044 3302/3883/3047 3244/3825/2989
f  2900/3413/2645 3299/3880/3044 3246/3827/2991 2845/3358/2590
f  3243/3824/2988 3303/3884/3048 3304/3885/3049 3245/3826/2990
f  3302/3883/3047 3303/3884/3048 3243/3824/2988 3244/3825/2989
f  3305/3886/3050 3303/3884/3048 3302/3883/3047 3301/3882/3046
f  3304/3885/3049 3303/3884/3048 3305/3886/3050 3306/3887/3051
f  3277/3858/3022 3307/3888/3052 3308/3889/3053 3265/3846/3010
f  3233/3814/2978 3307/3888/3052 3277/3858/3022 3234/3815/2979
f  3309/3890/3054 3307/3888/3052 3233/3814/2978 3239/3820/2984
f  3308/3889/3053 3307/3888/3052 3309/3890/3054 3310/3891/3055
f  3264/3845/3009 3311/3892/3056 2967/3480/2712 2861/3374/2606
f  3308/3889/3053 3311/3892/3056 3264/3845/3009 3265/3846/3010
f  3312/3893/3057 3311/3892/3056 3308/3889/3053 3310/3891/3055
f  2967/3480/2712 3311/3892/3056 3312/3893/3057 2968/3481/2713
f  3313/3894/3058 3312/3893/3057 3310/3891/3055 3314/3895/3059
f  2968/3481/2713 3312/3893/3057 3313/3894/3058 2930/3443/2675
f  3315/3896/3060 3309/3890/3054 3239/3820/2984 3245/3826/2990
f  3310/3891/3055 3309/3890/3054 3315/3896/3060 3314/3895/3059
f  3316/3897/3061 3317/3898/3062 3318/3899/3063 3319/3900/3064
f  2927/3440/2672 3317/3898/3062 3316/3897/3061 2932/3445/2677
f  3320/3901/3065 3321/3902/3066 3304/3885/3049 3306/3887/3051
f  3318/3899/3063 3321/3902/3066 3320/3901/3065 3319/3900/3064
f  3315/3896/3060 3321/3902/3066 3318/3899/3063 3314/3895/3059
f  3304/3885/3049 3321/3902/3066 3315/3896/3060 3245/3826/2990
f  3313/3894/3058 3317/3898/3062 2927/3440/2672 2930/3443/2675
f  3318/3899/3063 3317/3898/3062 3313/3894/3058 3314/3895/3059
f  3191/3903/2936 3322/3904/3067 3323/3905/3068 3190/3906/2935
f  3324/3907/3069 3322/3904/3067 3191/3903/2936 3194/3908/2939
f  3187/3909/2932 3325/3910/3070 2981/3499/2726 2738/3498/2483
f  3323/3905/3068 3325/3910/3070 3187/3909/2932 3190/3906/2935
f  3326/3911/3071 3325/3910/3070 3323/3905/3068 3327/3912/3072
f  2981/3499/2726 3325/3910/3070 3326/3911/3071 2983/3502/2728
f  3328/3913/3073 3322/3904/3067 3324/3907/3069 3329/3914/3074
f  3323/3905/3068 3322/3904/3067 3328/3913/3073 3327/3912/3072
f  3289/3870/3034 3330/3915/3075 3331/3916/3076 3287/3868/3032
f  2986/3505/2731 3330/3915/3075 3289/3870/3034 2871/3384/2616
f  3326/3911/3071 3330/3917/3075 2986/3918/2731 2983/3502/2728
f  3331/3919/3076 3330/3917/3075 3326/3911/3071 3327/3912/3072
f  3286/3867/3031 3332/3920/3077 3333/3921/3078 3288/3869/3033
f  3331/3916/3076 3332/3920/3077 3286/3867/3031 3287/3868/3032
f  3328/3913/3073 3332/3922/3077 3331/3919/3076 3327/3912/3072
f  3333/3923/3078 3332/3922/3077 3328/3913/3073 3329/3914/3074
f  3199/3924/2944 3334/3925/3079 3335/3926/3080 3198/3927/2943
f  2988/3510/2733 3334/3925/3079 3199/3924/2944 2742/3511/2487
f  3195/3928/2940 3336/3929/3081 3324/3907/3069 3194/3908/2939
f  3335/3926/3080 3336/3929/3081 3195/3928/2940 3198/3927/2943
f  3337/3930/3082 3336/3929/3081 3335/3926/3080 3338/3931/3083
f  3324/3907/3069 3336/3929/3081 3337/3930/3082 3329/3914/3074
f  3339/3932/3084 3334/3925/3079 2988/3510/2733 2990/3513/2735
f  3335/3926/3080 3334/3925/3079 3339/3932/3084 3338/3931/3083
f  3298/3879/3043 3340/3933/3085 3341/3934/3086 3297/3878/3042
f  3333/3921/3078 3340/3933/3085 3298/3879/3043 3288/3869/3033
f  3337/3930/3082 3340/3935/3085 3333/3923/3078 3329/3914/3074
f  3341/3936/3086 3340/3935/3085 3337/3930/3082 3338/3931/3083
f  3296/3877/3041 3342/3937/3087 2992/3516/2737 2882/3395/2627
f  3341/3934/3086 3342/3937/3087 3296/3877/3041 3297/3878/3042
f  3339/3932/3084 3342/3938/3087 3341/3936/3086 3338/3931/3083
f  2992/3515/2737 3342/3938/3087 3339/3932/3084 2990/3513/2735
f  3343/3939/3088 3344/3940/3089 3345/3941/3090 3346/3942/3091
f  3347/3943/3092 3344/3940/3089 3343/3939/3088 3348/3944/3093
f  3349/3945/3094 3350/3946/3095 3347/3943/3092 3348/3944/3093
f  3031/3586/2776 3350/3946/3095 3349/3945/3094 3032/3587/2777
f  3351/3947/3096 3352/3948/3097 3033/3588/2778 3036/3591/2781
f  3353/3949/3098 3352/3948/3097 3351/3947/3096 3354/3950/3099
f  3355/3951/3100 3356/3952/3101 3353/3949/3098 3354/3950/3099
f  3345/3941/3090 3356/3952/3101 3355/3951/3100 3346/3942/3091
f  3357/3953/3102 3358/3954/3103 3359/3955/3104 3360/3956/3105
f  3061/3618/2806 3358/3954/3103 3357/3953/3102 3063/3620/2808
f  3285/3866/3030 3358/3954/3103 3061/3618/2806 2875/3388/2620
f  3359/3955/3104 3358/3954/3103 3285/3866/3030 3280/3861/3025
f  3300/3881/3045 3357/3953/3102 3360/3956/3105 3301/3882/3046
f  3063/3620/2808 3357/3953/3102 3300/3881/3045 2899/3412/2644
f  3305/3886/3050 3361/3957/3106 3362/3958/3107 3306/3887/3051
f  3360/3956/3105 3361/3957/3106 3305/3886/3050 3301/3882/3046
f  3279/3860/3024 3363/3959/3108 3359/3955/3104 3280/3861/3025
f  3364/3960/3109 3363/3959/3108 3279/3860/3024 3282/3863/3027
f  3361/3957/3106 3363/3959/3108 3364/3960/3109 3362/3958/3107
f  3359/3955/3104 3363/3959/3108 3361/3957/3106 3360/3956/3105
f  3365/3961/3110 3366/3962/3111 3367/3963/3112 3368/3964/3113
f  3364/3960/3109 3366/3962/3111 3365/3961/3110 3362/3958/3107
f  3295/3876/3040 3366/3962/3111 3364/3960/3109 3282/3863/3027
f  3367/3963/3112 3366/3962/3111 3295/3876/3040 3292/3873/3037
f  3320/3901/3065 3365/3961/3110 3368/3964/3113 3319/3900/3064
f  3362/3958/3107 3365/3961/3110 3320/3901/3065 3306/3887/3051
f  3316/3897/3061 3369/3965/3114 3065/3622/2810 2932/3445/2677
f  3368/3964/3113 3369/3965/3114 3316/3897/3061 3319/3900/3064
f  3291/3872/3036 3370/3966/3115 3367/3963/3112 3292/3873/3037
f  3068/3625/2813 3370/3966/3115 3291/3872/3036 2879/3392/2624
f  3369/3965/3114 3370/3966/3115 3068/3625/2813 3065/3622/2810
f  3367/3963/3112 3370/3966/3115 3369/3965/3114 3368/3964/3113
f  3166/3747/2911 3165/3746/2910 3371/3967/3116 3372/3968/3117
f  3171/3752/2916 3170/3751/2915 3373/3969/3118 3374/3970/3119
f  2733/3244/2478 3179/3760/2924 3375/3971/3120 3095/3663/2840
f  3180/3761/2925 3183/3764/2928 3376/3972/3121 3377/3973/3122
f  2859/3372/2604 3259/3840/3004 3378/3974/3123 3105/3673/2850
f  3260/3841/3005 3261/3842/3006 3379/3975/3124 3380/3976/3125
f  3272/3853/3017 3271/3852/3016 3381/3977/3126 3382/3978/3127
f  3262/3843/3007 3275/3856/3020 3383/3979/3128 3384/3980/3129
f  3188/3769/2933 3349/3945/3094 3348/3944/3093 3189/3770/2934
f  3032/3587/2777 3349/3945/3094 3188/3769/2933 2737/3248/2482
f  3192/3773/2937 3343/3939/3088 3346/3942/3091 3193/3774/2938
f  3348/3944/3093 3343/3939/3088 3192/3773/2937 3189/3770/2934
f  3196/3777/2941 3355/3951/3100 3354/3950/3099 3197/3778/2942
f  3346/3942/3091 3355/3951/3100 3196/3777/2941 3193/3774/2938
f  3200/3781/2945 3351/3947/3096 3036/3591/2781 2739/3250/2484
f  3354/3950/3099 3351/3947/3096 3200/3781/2945 3197/3778/2942
f  3344/3940/3089 3385/3981/3130 3386/3982/3131 3345/3941/3090
f  3387/3983/3132 3385/3981/3130 3344/3940/3089 3347/3943/3092
f  3350/3946/3095 3388/3984/3133 3387/3983/3132 3347/3943/3092
f  3124/3694/2869 3388/3984/3133 3350/3946/3095 3031/3586/2776
f  3352/3948/3097 3389/3985/3134 3125/3695/2870 3033/3588/2778
f  3390/3986/3135 3389/3985/3134 3352/3948/3097 3353/3949/3098
f  3356/3952/3101 3391/3987/3136 3390/3986/3135 3353/3949/3098
f  3386/3982/3131 3391/3987/3136 3356/3952/3101 3345/3941/3090
f  3209/3790/2954 3385/3981/3130 3387/3983/3132 3208/3789/2953
f  3386/3982/3131 3385/3981/3130 3209/3790/2954 3212/3793/2957
f  3205/3786/2950 3388/3984/3133 3124/3694/2869 2758/3269/2503
f  3387/3983/3132 3388/3984/3133 3205/3786/2950 3208/3789/2953
f  3228/3809/2973 3389/3985/3134 3390/3986/3135 3227/3808/2972
f  3125/3695/2870 3389/3985/3134 3228/3809/2973 2796/3307/2541
f  3224/3805/2969 3391/3987/3136 3386/3982/3131 3212/3793/2957
f  3390/3986/3135 3391/3987/3136 3224/3805/2969 3227/3808/2972
f  3206/3787/2951 3204/3785/2949 3202/3783/2947 3207/3788/2952
f  2753/3264/2498 3204/3785/2949 3206/3787/2951 2757/3268/2502
f  3210/3791/2955 3201/3782/2946 3203/3784/2948 3211/3792/2956
f  3202/3783/2947 3201/3782/2946 3210/3791/2955 3207/3788/2952
f  3225/3806/2970 3222/3803/2967 3223/3804/2968 3226/3807/2971
f  3203/3784/2948 3222/3803/2967 3225/3806/2970 3211/3792/2956
f  3229/3810/2974 3230/3811/2975 2791/3302/2536 2793/3304/2538
f  3223/3804/2968 3230/3811/2975 3229/3810/2974 3226/3807/2971
f  1562/1903/1309 1553/1894/1300 3392/3988/3137 3393/3989/2024 3394/3990/2024 1607/1948/1354
f  1620/1961/1367 1618/1959/1365 1617/1958/1364 3395/3991/3138 1881/2239/1628
f  1881/2239/1628 3395/3991/3138 1890/2248/1637 1848/2206/1595
f  3396/3992/3139 1570/1911/1317 1569/1910/1316 1889/2247/1636
f  3397/3993/3140 1552/1893/1299 1544/1885/1291 1610/1951/1357 3398/3994/3141
f  1610/1951/1357 1570/1911/1317 3396/3992/3139 3399/3995/2024 3398/3994/3141
f  3392/3988/3137 1553/1894/1300 1552/1893/1299 3397/3993/3140
f  1605/1946/1352 1608/1949/1355 1619/1960/1366 1606/1947/1353
f  3400/3996/3142 3401/3997/2024 2275/2684/2022 2270/2679/2017 2269/2678/2016
f  2286/2695/2033 2650/3143/2395 3402/3998/3143 2515/2951/2260
f  2269/2678/2016 2515/2951/2260 3402/3998/3143 3403/3999/2024 3400/3996/3142
f  2291/2700/2038 3404/4000/3144 2649/3142/2394 2288/2697/2035
f  2291/2700/2038 2427/2854/2172 2512/2948/2257 3405/4001/3145 3404/4000/3144
f  2384/2796/2129 3406/4002/2024 3405/4001/3145 2512/2948/2257 2381/2793/2128
f  1971/2358/1718 1673/2031/1420 1480/1821/1227 1482/1823/1229
f  1674/2032/1421 1675/2033/1422 1524/1865/1271 1481/1822/1228
f  2674/3168/2419 1676/2034/1423 1548/1889/1295 1547/1888/1294
f  1975/2362/1722 1970/2357/1717 1688/2046/1435 1691/2049/1438
f  1974/2361/1721 1714/2072/1461 1717/2075/1464 1977/2364/1724
f  1982/2369/1729 1980/2367/1727 1785/2143/1532 1788/2146/1535
f  1981/2368/1728 1986/2373/1733 1827/2185/1574 1790/2148/1537
f  3120/3689/2865 3097/3665/2842 2744/3255/2489 3040/3595/2785
f  3139/4003/2884 3119/3688/2864 3039/3594/2784 3128/3698/2873
f  3101/3669/2846 3102/3670/2847 2782/3293/2527 2778/3289/2523
f  3371/3967/3116 3165/3746/2910 2722/3233/2467 3094/3662/2839
f  3372/3968/3117 3373/3969/3118 3170/3751/2915 3166/3747/2911
f  3377/3973/3122 3375/3971/3120 3179/3760/2924 3180/3761/2925
f  3374/3970/3119 3376/3972/3121 3183/3764/2928 3171/3752/2916
f  3380/3976/3125 3378/3974/3123 3259/3840/3004 3260/3841/3005
f  3384/3980/3129 3379/3975/3124 3261/3842/3006 3262/3843/3007
f  3108/3676/2853 3381/3977/3126 3271/3852/3016 2870/3383/2615
f  3382/3978/3127 3383/3979/3128 3275/3856/3020 3272/3853/3017
f  1905/2271/1652 1991/2378/1738 3407/4004/3146 1903/2273/1650
f  1903/2269/1650 3407/4005/3146 1990/2367/1737 1901/2266/1648
f  2993/3521/2738 3117/4006/2862 3408/4007/3147 2995/3522/2740
f  2995/3522/2740 3408/4007/3147 3118/3686/2863 3001/3532/2746
f  3409/4008/3148 3410/4009/3149 3411/4010/3150 3412/4011/3151
f  3411/4010/3150 3413/4012/3152 3414/4013/3153 3412/4011/3151
f  3410/4009/3149 3415/4014/3154 3416/4015/3155 3411/4010/3150
f  3416/4015/3155 3417/4016/3156 3413/4012/3152 3411/4010/3150
f  3415/4014/3154 3418/4017/3157 3419/4018/3158 3416/4015/3155
f  3419/4018/3158 3420/4019/3159 3417/4016/3156 3416/4015/3155
f  3421/4020/3160 3420/4019/3159 3419/4018/3158 3422/4021/3161
f  3419/4018/3158 3418/4017/3157 3423/4022/3162 3422/4021/3161
f  3424/4023/3163 3425/4024/3164 3426/4025/3165 3427/4026/3166
f  3426/4025/3165 3428/4027/3167 3429/4028/3168 3427/4026/3166
f  3422/4021/3161 3423/4022/3162 3430/4029/3169 3431/4030/3170
f  3432/4031/3171 3421/4020/3160 3422/4021/3161 3431/4030/3170
f  3430/4029/3169 3424/4023/3163 3427/4026/3166 3431/4030/3170
f  3427/4026/3166 3429/4028/3168 3432/4031/3171 3431/4030/3170
f  3433/4032/3172 3434/4033/3173 3435/4034/3174 3436/4035/3175
f  3437/4036/3176 3438/4037/3177 3433/4032/3172 3436/4035/3175
f  3436/4035/3175 3435/4034/3174 3439/4038/3178 3440/4039/3179
f  3441/4040/3180 3437/4036/3176 3436/4035/3175 3440/4039/3179
f  3442/4041/3181 3443/4042/3182 3444/4043/3183 3445/4044/3184
f  3446/4045/3185 3447/4046/3186 3442/4041/3181 3445/4044/3184
f  3448/4047/3187 3449/4048/3188 3450/4049/3189 3451/4050/3190
f  3450/4049/3189 3452/4051/3191 3453/4052/3192 3451/4050/3190
f  3454/4053/3193 3455/4054/3194 3456/4055/3195 3457/4056/3196
f  3456/4055/3195 3458/4057/3197 3459/4058/3198 3457/4056/3196
f  3460/4059/3199 3461/4060/3200 3462/4061/3201 3463/4062/3202
f  3464/4063/3203 3465/4064/3204 3460/4059/3199 3463/4062/3202
f  3426/4025/3165 3425/4024/3164 3466/4065/3205 3467/4066/3206
f  3468/4067/3207 3428/4027/3167 3426/4025/3165 3467/4066/3206
f  3469/4068/3208 3470/4069/3209 3471/4070/3210 3472/4071/3211
f  3471/4070/3210 3473/4072/3212 3474/4073/3213 3472/4071/3211
f  3475/4074/3214 3476/4075/3215 3477/4076/3216 3478/4077/3217
f  3430/4029/3169 3423/4022/3162 3475/4074/3214 3478/4077/3217
f  3479/4078/3218 3424/4023/3163 3430/4029/3169 3478/4077/3217
f  3477/4076/3216 3480/4079/3219 3479/4078/3218 3478/4077/3217
f  3481/4080/3220 3425/4024/3164 3424/4023/3163 3479/4078/3218
f  3480/4079/3219 3449/4048/3188 3481/4080/3220 3479/4078/3218
f  3482/4081/3221 3410/4009/3149 3409/4008/3148 3483/4082/3222
f  3439/4038/3178 3435/4034/3174 3482/4081/3221 3483/4082/3222
f  3484/4083/3223 3415/4014/3154 3410/4009/3149 3482/4081/3221
f  3435/4034/3174 3434/4033/3173 3484/4083/3223 3482/4081/3221
f  3485/4084/3224 3470/4069/3209 3469/4068/3208 3486/4085/3225
f  3444/4043/3183 3443/4042/3182 3485/4084/3224 3486/4085/3225
f  3481/4080/3220 3449/4048/3188 3448/4047/3187 3487/4086/3226
f  3466/4065/3205 3425/4024/3164 3481/4080/3220 3487/4086/3226
f  3488/4087/3227 3455/4054/3194 3454/4053/3193 3489/4088/3228
f  3462/4061/3201 3461/4060/3200 3488/4087/3227 3489/4088/3228
f  3490/4089/3229 3491/4090/3230 3434/4033/3173 3433/4032/3172
f  3438/4037/3177 3492/4091/3231 3490/4089/3229 3433/4032/3172
f  3476/4075/3215 3491/4090/3230 3490/4089/3229 3493/4092/3232
f  3490/4089/3229 3492/4091/3231 3494/4093/3233 3493/4092/3232
f  3495/4094/3234 3491/4090/3230 3476/4075/3215 3475/4074/3214
f  3423/4022/3162 3418/4017/3157 3495/4094/3234 3475/4074/3214
f  3495/4094/3234 3418/4017/3157 3415/4014/3154 3484/4083/3223
f  3434/4033/3173 3491/4090/3230 3495/4094/3234 3484/4083/3223
f  3477/4076/3216 3476/4075/3215 3493/4092/3232 3496/4095/3235
f  3493/4092/3232 3494/4093/3233 3497/4096/3236 3496/4095/3235
f  3498/4097/3237 3480/4079/3219 3477/4076/3216 3496/4095/3235
f  3497/4096/3236 3499/4098/3238 3498/4097/3237 3496/4095/3235
f  3450/4049/3189 3449/4048/3188 3480/4079/3219 3498/4097/3237
f  3499/4098/3238 3452/4051/3191 3450/4049/3189 3498/4097/3237
f  3500/4099/3239 3501/4100/3240 3502/4101/3241 3503/4102/3242
f  3504/4103/3243 3505/4104/3244 3500/4099/3239 3503/4102/3242
f  3506/4105/3245 3504/4103/3243 3503/4102/3242 3507/4106/3246
f  3503/4102/3242 3502/4101/3241 3508/4107/3247 3507/4106/3246
f  3505/4104/3244 3509/4108/3248 3510/4109/3249 3500/4099/3239
f  3510/4109/3249 3511/4110/3250 3501/4100/3240 3500/4099/3239
f  3512/4111/3251 3511/4110/3250 3510/4109/3249 3513/4112/3252
f  3510/4109/3249 3509/4108/3248 3514/4113/3253 3513/4112/3252
f  3515/4114/3254 3516/4115/3255 3517/4116/3256 3518/4117/3257
f  3519/4118/3258 3520/4119/3259 3515/4114/3254 3518/4117/3257
f  3521/4120/3260 3512/4111/3251 3513/4112/3252 3522/4121/3261
f  3513/4112/3252 3514/4113/3253 3523/4122/3262 3522/4121/3261
f  3523/4122/3262 3519/4118/3258 3518/4117/3257 3522/4121/3261
f  3518/4117/3257 3517/4116/3256 3521/4120/3260 3522/4121/3261
f  3524/4123/3263 3525/4124/3264 3526/4125/3265 3527/4126/3266
f  3524/4123/3263 3528/4127/3267 3529/4128/3268 3525/4124/3264
f  3530/4129/3269 3531/4130/3270 3532/4131/3271 3533/4132/3272
f  3534/4133/3273 3535/4134/3274 3530/4129/3269 3533/4132/3272
f  3532/4131/3271 3536/4135/3275 3537/4136/3276 3533/4132/3272
f  3537/4136/3276 3538/4137/3277 3534/4133/3273 3533/4132/3272
f  3539/4138/3278 3540/4139/3279 3541/4140/3280 3542/4141/3281
f  3543/4142/3282 3544/4143/3283 3539/4138/3278 3542/4141/3281
f  3545/4144/3284 3543/4142/3282 3542/4141/3281 3546/4145/3285
f  3542/4141/3281 3541/4140/3280 3547/4146/3286 3546/4145/3285
f  3548/4147/3287 3549/4148/3288 3550/4149/3289 3551/4150/3290
f  3550/4149/3289 3552/4151/3291 3553/4152/3292 3551/4150/3290
f  3549/4148/3288 3554/4153/3293 3555/4154/3294 3550/4149/3289
f  3555/4154/3294 3556/4155/3295 3552/4151/3291 3550/4149/3289
f  3557/4156/3296 3516/4115/3255 3515/4114/3254 3558/4157/3297
f  3515/4114/3254 3520/4119/3259 3559/4158/3298 3558/4157/3297
f  3560/4159/3299 3561/4160/3300 3557/4156/3296 3558/4157/3297
f  3559/4158/3298 3562/4161/3301 3560/4159/3299 3558/4157/3297
f  3563/4162/3302 3531/4130/3270 3564/4163/3303 3565/4164/3304
f  3517/4116/3256 3516/4115/3255 3563/4162/3302 3565/4164/3304
f  3566/4165/3305 3567/4166/3306 3521/4120/3260 3517/4116/3256 3565/4164/3304
f  3501/4100/3240 3568/4167/3307 3569/4168/3308 3502/4101/3241
f  3568/4167/3307 3528/4127/3267 3524/4123/3263 3569/4168/3308
f  3569/4168/3308 3524/4123/3263 3527/4126/3266 3570/4169/3309
f  3502/4101/3241 3569/4168/3308 3570/4169/3309 3508/4107/3247
f  3563/4162/3302 3516/4115/3255 3557/4156/3296 3571/4170/3310
f  3532/4131/3271 3531/4130/3270 3563/4162/3302 3571/4170/3310
f  3572/4171/3311 3536/4135/3275 3532/4131/3271 3571/4170/3310
f  3557/4156/3296 3561/4160/3300 3572/4171/3311 3571/4170/3310
f  3573/4172/3312 3549/4148/3288 3548/4147/3287 3574/4173/3313
f  3547/4146/3286 3541/4140/3280 3573/4172/3312 3574/4173/3313
f  3575/4174/3314 3554/4153/3293 3549/4148/3288 3573/4172/3312
f  3541/4140/3280 3540/4139/3279 3575/4174/3314 3573/4172/3312
f  3576/4175/3315 3577/4176/3316 3564/4163/3303 3578/4177/3317
f  3564/4163/3303 3531/4130/3270 3530/4129/3269 3578/4177/3317
f  3530/4129/3269 3535/4134/3274 3579/4178/3318 3578/4177/3317
f  3456/4179/3195 3455/4180/3194 3580/4181/3319 3581/4182/3320
f  3582/4183/3321 3458/4057/3197 3456/4055/3195 3581/4184/3320
f  3580/4181/3319 3583/4185/3322 3584/4186/3323 3581/4182/3320
f  3584/4186/3323 3585/4187/3324 3582/4188/3321 3581/4182/3320
f  3586/4189/3325 3540/4139/3279 3539/4138/3278 3587/4190/3326
f  3539/4138/3278 3544/4143/3283 3588/4191/3327 3587/4190/3326
f  3588/4192/3327 3585/4187/3324 3584/4186/3323 3587/4193/3326
f  3584/4186/3323 3583/4185/3322 3586/4194/3325 3587/4193/3326
f  3589/4195/3328 3461/4196/3200 3460/4197/3199 3590/4198/3329
f  3460/4059/3199 3465/4064/3204 3591/4199/3330 3590/4200/3329
f  3592/4201/3331 3593/4202/3332 3589/4195/3328 3590/4198/3329
f  3591/4203/3330 3594/4204/3333 3592/4201/3331 3590/4198/3329
f  3555/4154/3294 3554/4153/3293 3595/4205/3334 3596/4206/3335
f  3597/4207/3336 3556/4155/3295 3555/4154/3294 3596/4206/3335
f  3595/4205/3334 3593/4208/3332 3592/4209/3331 3596/4206/3335
f  3592/4209/3331 3594/4210/3333 3597/4207/3336 3596/4206/3335
f  3488/4211/3227 3461/4196/3200 3589/4195/3328 3598/4212/3337
f  3580/4181/3319 3455/4180/3194 3488/4211/3227 3598/4212/3337
f  3599/4213/3338 3583/4185/3322 3580/4181/3319 3598/4212/3337
f  3589/4195/3328 3593/4202/3332 3599/4213/3338 3598/4212/3337
f  3575/4174/3314 3540/4139/3279 3586/4189/3325 3600/4214/3339
f  3595/4205/3334 3554/4153/3293 3575/4174/3314 3600/4214/3339
f  3599/4215/3338 3593/4208/3332 3595/4205/3334 3600/4214/3339
f  3586/4189/3325 3583/4216/3322 3599/4215/3338 3600/4214/3339
f  3601/4217/3340 3602/4218/3341 3603/4219/3342 3604/4220/3343
f  3605/4221/3344 3606/4222/3345 3601/4217/3340 3604/4220/3343
f  3607/4223/3346 3608/4224/3347 3609/4225/3348 3610/4226/3349
f  3609/4225/3348 3611/4227/3350 3612/4228/3351 3610/4226/3349
f  3613/4229/3352 3608/4224/3347 3607/4223/3346 3614/4230/3353
f  3603/4219/3342 3602/4218/3341 3613/4229/3352 3614/4230/3353
f  3537/4136/3276 3536/4135/3275 3615/4231/3354 3616/4232/3355
f  3617/4233/3356 3538/4137/3277 3537/4136/3276 3616/4232/3355
f  3618/4234/3357 3548/4147/3287 3551/4150/3290 3619/4235/3358
f  3551/4150/3290 3553/4152/3292 3620/4236/3359 3619/4235/3358
f  3616/4232/3355 3615/4231/3354 3618/4234/3357 3619/4235/3358
f  3620/4236/3359 3617/4233/3356 3616/4232/3355 3619/4235/3358
f  3546/4145/3285 3547/4146/3286 3621/4237/3360 3622/4238/3361
f  3623/4239/3362 3545/4144/3284 3546/4145/3285 3622/4238/3361
f  3621/4237/3360 3624/4240/3363 3625/4241/3364 3622/4238/3361
f  3625/4241/3364 3626/4242/3365 3623/4239/3362 3622/4238/3361
f  3624/4240/3363 3561/4160/3300 3560/4159/3299 3625/4241/3364
f  3560/4159/3299 3562/4161/3301 3626/4242/3365 3625/4241/3364
f  3572/4171/3311 3561/4160/3300 3624/4240/3363 3627/4243/3366
f  3615/4231/3354 3536/4135/3275 3572/4171/3311 3627/4243/3366
f  3574/4173/3313 3548/4147/3287 3618/4234/3357 3628/4244/3367
f  3621/4237/3360 3547/4146/3286 3574/4173/3313 3628/4244/3367
f  3627/4243/3366 3624/4240/3363 3621/4237/3360 3628/4244/3367
f  3618/4234/3357 3615/4231/3354 3627/4243/3366 3628/4244/3367
f  3409/4008/3148 3412/4011/3151 1671/2029/1418 1670/2028/1417
f  3414/4013/3153 1672/2030/1419 1671/2029/1418 3412/4011/3151
f  3439/4038/3178 1674/2032/1421 1673/2031/1420 3440/4039/3179
f  3409/4008/3148 1670/2028/1417 1675/2033/1422 3483/4082/3222
f  3508/4107/3247 1677/2035/1424 1676/2034/1423 3507/4106/3246
f  3527/4126/3266 3526/4125/3265 1679/2037/1426 1678/2036/1425
f  3570/4169/3309 3527/4126/3266 1678/2036/1425 1680/2038/1427
f  3570/4169/3309 1680/2038/1427 1677/2035/1424 3508/4107/3247
f  3457/4056/3196 3459/4058/3198 3611/4227/3350 3609/4225/3348
f  3608/4224/3347 3454/4053/3193 3457/4056/3196 3609/4225/3348
f  3463/4062/3202 3462/4061/3201 3602/4218/3341 3601/4217/3340
f  3606/4222/3345 3464/4063/3203 3463/4062/3202 3601/4217/3340
f  3489/4088/3228 3454/4053/3193 3608/4224/3347 3613/4229/3352
f  3602/4218/3341 3462/4061/3201 3489/4088/3228 3613/4229/3352
f  3604/4220/3343 3603/4219/3342 3629/4245/3368 3630/4246/3369
f  3631/4247/3370 3605/4221/3344 3604/4220/3343 3630/4246/3369
f  3610/4226/3349 3612/4228/3351 3632/4248/3371 3633/4249/3372
f  3634/4250/3373 3607/4223/3346 3610/4226/3349 3633/4249/3372
f  3614/4230/3353 3607/4223/3346 3634/4250/3373 3635/4251/3374
f  3629/4245/3368 3603/4219/3342 3614/4230/3353 3635/4251/3374
f  3442/4041/3181 3447/4046/3186 3631/4247/3370 3630/4246/3369
f  3629/4245/3368 3443/4042/3182 3442/4041/3181 3630/4246/3369
f  3471/4070/3210 3470/4069/3209 3634/4250/3373 3633/4249/3372
f  3632/4248/3371 3473/4072/3212 3471/4070/3210 3633/4249/3372
f  3485/4084/3224 3443/4042/3182 3629/4245/3368 3635/4251/3374
f  3634/4250/3373 3470/4069/3209 3485/4084/3224 3635/4251/3374
f  3445/4044/3184 3444/4043/3183 3448/4047/3187 3451/4050/3190
f  3453/4052/3192 3446/4045/3185 3445/4044/3184 3451/4050/3190
f  3472/4071/3211 3474/4073/3213 3468/4067/3207 3467/4066/3206
f  3466/4065/3205 3469/4068/3208 3472/4071/3211 3467/4066/3206
f  3486/4085/3225 3469/4068/3208 3466/4065/3205 3487/4086/3226
f  3448/4047/3187 3444/4043/3183 3486/4085/3225 3487/4086/3226
f  3636/4252/3375 3637/4253/3376 3638/4254/3377 3639/4255/3378
f  3437/4036/3176 3441/4040/3180 3636/4252/3375 3639/4255/3378
f  3640/4256/3379 3438/4037/3177 3437/4036/3176 3639/4255/3378
f  3638/4254/3377 3641/4257/3380 3640/4256/3379 3639/4255/3378
f  3642/4258/3381 3447/4046/3186 3446/4045/3185 3643/4259/3382
f  3644/4260/3383 3645/4261/3384 3642/4258/3381 3643/4259/3382
f  3646/4262/3385 3647/4263/3386 3644/4260/3383 3643/4259/3382
f  3446/4045/3185 3453/4052/3192 3646/4262/3385 3643/4259/3382
f  3648/4264/3387 3649/4265/3388 3650/4266/3389 3651/4267/3390
f  3650/4266/3389 3652/4268/3391 3653/4269/3392 3651/4267/3390
f  3653/4269/3392 3652/4268/3391 3654/4270/3393 3655/4271/3394
f  3654/4270/3393 3656/4272/3395 3657/4273/3396 3655/4271/3394
f  3658/4274/3397 3659/4275/3398 3660/4276/3399 3661/4277/3400
f  3465/4064/3204 3464/4063/3203 3658/4274/3397 3661/4277/3400
f  3662/4278/3401 3663/4279/3402 3664/4280/3403 3665/4281/3404
f  3638/4254/3377 3637/4253/3376 3662/4278/3401 3665/4281/3404
f  3663/4279/3402 3666/4282/3405 3667/4283/3406 3664/4280/3403
f  3667/4283/3406 3668/4284/3407 3669/4285/3408 3664/4280/3403
f  3670/4286/3409 3641/4257/3380 3638/4254/3377 3665/4281/3404
f  3664/4280/3403 3669/4285/3408 3670/4286/3409 3665/4281/3404
f  3671/4287/3410 3672/4288/3411 3673/4289/3412 3674/4290/3413
f  3673/4289/3412 3668/4284/3407 3667/4283/3406 3674/4290/3413
f  3667/4283/3406 3666/4282/3405 3675/4291/3414 3674/4290/3413
f  3675/4291/3414 3676/4292/3415 3671/4287/3410 3674/4290/3413
f  3677/4293/3416 3678/4294/3417 3679/4295/3418 3680/4296/3419
f  3679/4295/3418 3681/4297/3420 3682/4298/3421 3680/4296/3419
f  3682/4298/3421 3668/4284/3407 3673/4289/3412 3680/4296/3419
f  3673/4289/3412 3672/4288/3411 3677/4293/3416 3680/4296/3419
f  3681/4297/3420 3683/4299/3422 3684/4300/3423 3682/4298/3421
f  3685/4301/3424 3686/4302/3425 3687/4303/3426 3688/4304/3427
f  3684/4300/3423 3683/4299/3422 3685/4301/3424 3688/4304/3427
f  3670/4286/3409 3669/4285/3408 3684/4300/3423 3688/4304/3427
f  3687/4303/3426 3641/4257/3380 3670/4286/3409 3688/4304/3427
f  3668/4284/3407 3682/4298/3421 3684/4300/3423 3669/4285/3408
f  3640/4256/3379 3641/4257/3380 3687/4303/3426 3689/4305/3428
f  3492/4091/3231 3438/4037/3177 3640/4256/3379 3689/4305/3428
f  3690/4306/3429 3494/4093/3233 3492/4091/3231 3689/4305/3428
f  3687/4303/3426 3686/4302/3425 3690/4306/3429 3689/4305/3428
f  3691/4307/3430 3692/4308/3431 3693/4309/3432 3694/4310/3433
f  3693/4309/3432 3695/4311/3434 3696/4312/3435 3694/4310/3433
f  3649/4265/3388 3648/4264/3387 3697/4313/3436 3698/4314/3437
f  3697/4313/3436 3696/4312/3435 3695/4311/3434 3698/4314/3437
f  3699/4315/3438 3700/4316/3439 3701/4317/3440 3702/4318/3441
f  3660/4276/3399 3659/4275/3398 3699/4315/3438 3702/4318/3441
f  3700/4316/3439 3692/4308/3431 3691/4307/3430 3701/4317/3440
f  3683/4299/3422 3681/4297/3420 3703/4319/3442 3704/4320/3443
f  3703/4319/3442 3705/4321/3444 3706/4322/3445 3704/4320/3443
f  3707/4323/3446 3708/4324/3447 3709/4325/3448 3710/4326/3449
f  3704/4320/3443 3706/4322/3445 3707/4323/3446 3710/4326/3449
f  3685/4301/3424 3683/4299/3422 3704/4320/3443 3710/4326/3449
f  3709/4325/3448 3686/4302/3425 3685/4301/3424 3710/4326/3449
f  3711/4327/3450 3499/4098/3238 3497/4096/3236 3712/4328/3451
f  3709/4325/3448 3708/4324/3447 3711/4327/3450 3712/4328/3451
f  3690/4306/3429 3686/4302/3425 3709/4325/3448 3712/4328/3451
f  3497/4096/3236 3494/4093/3233 3690/4306/3429 3712/4328/3451
f  3707/4323/3446 3706/4322/3445 3713/4329/3452 3714/4330/3453
f  3715/4331/3454 3708/4324/3447 3707/4323/3446 3714/4330/3453
f  3706/4322/3445 3705/4321/3444 3716/4332/3455 3713/4329/3452
f  3716/4332/3455 3717/4333/3456 3718/4334/3457 3713/4329/3452
f  3719/4335/3458 3647/4263/3386 3715/4331/3454 3714/4330/3453
f  3713/4329/3452 3718/4334/3457 3719/4335/3458 3714/4330/3453
f  3711/4327/3450 3708/4324/3447 3715/4331/3454 3720/4336/3459
f  3452/4051/3191 3499/4098/3238 3711/4327/3450 3720/4336/3459
f  3646/4262/3385 3453/4052/3192 3452/4051/3191 3720/4336/3459
f  3715/4331/3454 3647/4263/3386 3646/4262/3385 3720/4336/3459
f  3678/4294/3417 3721/4337/3460 3722/4338/3461 3679/4295/3418
f  3721/4337/3460 3723/4339/3462 3724/4340/3463 3722/4338/3461
f  3724/4340/3463 3705/4321/3444 3703/4319/3442 3722/4338/3461
f  3681/4297/3420 3679/4295/3418 3722/4338/3461 3703/4319/3442
f  3725/4341/3464 3726/4342/3465 3727/4343/3466 3728/4344/3467
f  3727/4343/3466 3717/4333/3456 3716/4332/3455 3728/4344/3467
f  3716/4332/3455 3705/4321/3444 3724/4340/3463 3728/4344/3467
f  3724/4340/3463 3723/4339/3462 3725/4341/3464 3728/4344/3467
f  3729/4345/3468 3645/4261/3384 3644/4260/3383 3730/4346/3469
f  3731/4347/3470 3732/4348/3471 3729/4345/3468 3730/4346/3469
f  3719/4335/3458 3718/4334/3457 3731/4347/3470 3730/4346/3469
f  3644/4260/3383 3647/4263/3386 3719/4335/3458 3730/4346/3469
f  3718/4334/3457 3717/4333/3456 3727/4343/3466 3731/4347/3470
f  3727/4343/3466 3726/4342/3465 3732/4348/3471 3731/4347/3470
f  3733/4349/3472 3734/4350/3473 3735/4351/3474 3736/4352/3475
f  3737/4353/3476 3738/4354/3477 3733/4349/3472 3736/4352/3475
f  3734/4350/3473 3526/4125/3265 3525/4124/3264 3735/4351/3474
f  3525/4124/3264 3529/4128/3268 3739/4355/3478 3735/4351/3474
f  3740/4356/3479 3741/4357/3480 3737/4353/3476 3736/4352/3475
f  3735/4351/3474 3739/4355/3478 3740/4356/3479 3736/4352/3475
f  3742/4358/3481 3743/4359/3482 3744/4360/3483 3745/4361/3484
f  3535/4134/3274 3534/4133/3273 3742/4358/3481 3745/4361/3484
f  3746/4362/3485 3579/4178/3318 3535/4134/3274 3745/4361/3484
f  3744/4360/3483 3747/4363/3486 3746/4362/3485 3745/4361/3484
f  3748/4364/3487 3749/4365/3488 3743/4359/3482 3742/4358/3481
f  3534/4133/3273 3538/4137/3277 3748/4364/3487 3742/4358/3481
f  3750/4366/3489 3751/4367/3490 3752/4368/3491 3753/4369/3492
f  3752/4368/3491 3754/4370/3493 3755/4371/3494 3753/4369/3492
f  3756/4372/3495 3750/4366/3489 3753/4369/3492 3757/4373/3496
f  3753/4369/3492 3755/4371/3494 3758/4374/3497 3757/4373/3496
f  3751/4367/3490 3750/4366/3489 3759/4375/3498 3760/4376/3499
f  3759/4375/3498 3761/4377/3500 3762/4378/3501 3760/4376/3499
f  3750/4366/3489 3756/4372/3495 3763/4379/3502 3759/4375/3498
f  3763/4379/3502 3764/4380/3503 3761/4377/3500 3759/4375/3498
f  3765/4381/3504 3766/4382/3505 3767/4383/3506 3768/4384/3507
f  3553/4152/3292 3552/4151/3291 3765/4381/3504 3768/4384/3507
f  3769/4385/3508 3770/4386/3509 3766/4382/3505 3765/4381/3504
f  3552/4151/3291 3556/4155/3295 3769/4385/3508 3765/4381/3504
f  3771/4387/3510 3772/4388/3511 3773/4389/3512 3774/4390/3513
f  3737/4353/3476 3741/4357/3480 3771/4387/3510 3774/4390/3513
f  3775/4391/3514 3738/4354/3477 3737/4353/3476 3774/4390/3513
f  3773/4389/3512 3776/4392/3515 3775/4391/3514 3774/4390/3513
f  3777/4393/3516 3776/4392/3515 3773/4389/3512 3778/4394/3517
f  3779/4395/3518 3778/4394/3517 3773/4389/3512 3772/4388/3511
f  3779/4395/3518 3780/4396/3519 3781/4397/3520 3778/4394/3517
f  3781/4397/3520 3782/4398/3521 3777/4393/3516 3778/4394/3517
f  3779/4395/3518 3772/4388/3511 3783/4399/3522 3784/4400/3523
f  3771/4387/3510 3741/4357/3480 3785/4401/3524 3786/4402/3525
f  3783/4399/3522 3772/4388/3511 3771/4387/3510 3786/4402/3525
f  3787/4403/3526 3788/4404/3527 3783/4399/3522 3786/4402/3525
f  3785/4401/3524 3789/4405/3528 3787/4403/3526 3786/4402/3525
f  3790/4406/3529 3784/4400/3523 3783/4399/3522 3788/4404/3527
f  3780/4396/3519 3779/4395/3518 3784/4400/3523 3791/4407/3530
f  3784/4400/3523 3790/4406/3529 3792/4408/3531 3791/4407/3530
f  3740/4356/3479 3739/4355/3478 3793/4409/3532 3794/4410/3533
f  3785/4401/3524 3741/4357/3480 3740/4356/3479 3794/4410/3533
f  3795/4411/3534 3789/4405/3528 3785/4401/3524 3794/4410/3533
f  3793/4409/3532 3796/4412/3535 3795/4411/3534 3794/4410/3533
f  3797/4413/3536 3798/4414/3537 3799/4415/3538 3800/4416/3539
f  3799/4415/3538 3755/4371/3494 3754/4370/3493 3800/4416/3539
f  3798/4414/3537 3797/4413/3536 3801/4417/3540 3802/4418/3541
f  3801/4417/3540 3803/4419/3542 3804/4420/3543 3802/4418/3541
f  3805/4421/3544 3798/4414/3537 3802/4418/3541 3806/4422/3545
f  3802/4418/3541 3804/4420/3543 3807/4423/3546 3806/4422/3545
f  3758/4374/3497 3755/4371/3494 3799/4415/3538 3808/4424/3547
f  3799/4415/3538 3798/4414/3537 3805/4421/3544 3808/4424/3547
f  3809/4425/3548 3804/4420/3543 3803/4419/3542 3810/4426/3549
f  3811/4427/3550 3767/4383/3506 3766/4382/3505 3812/4428/3551
f  3809/4425/3548 3810/4426/3549 3811/4427/3550 3812/4428/3551
f  3813/4429/3552 3807/4423/3546 3804/4420/3543 3809/4425/3548
f  3812/4428/3551 3766/4382/3505 3770/4386/3509 3814/4430/3553
f  3813/4429/3552 3809/4425/3548 3812/4428/3551 3814/4430/3553
f  3815/4431/3554 3816/4432/3555 3817/4433/3556 3818/4434/3557
f  3819/4435/3558 3747/4363/3486 3744/4360/3483 3820/4436/3559
f  3817/4433/3556 3816/4432/3555 3819/4435/3558 3820/4436/3559
f  3821/4437/3560 3822/4438/3561 3817/4433/3556 3820/4436/3559
f  3744/4360/3483 3743/4359/3482 3821/4437/3560 3820/4436/3559
f  3823/4439/3562 3818/4434/3557 3817/4433/3556 3822/4438/3561
f  3787/4403/3526 3789/4405/3528 3824/4440/3563 3825/4441/3564
f  3826/4442/3565 3788/4404/3527 3787/4403/3526 3825/4441/3564
f  3819/4435/3558 3816/4432/3555 3826/4442/3565 3825/4441/3564
f  3824/4440/3563 3747/4363/3486 3819/4435/3558 3825/4441/3564
f  3816/4432/3555 3815/4431/3554 3827/4443/3566 3826/4442/3565
f  3827/4443/3566 3790/4406/3529 3788/4404/3527 3826/4442/3565
f  3795/4411/3534 3796/4412/3535 3828/4444/3567 3829/4445/3568
f  3824/4440/3563 3789/4405/3528 3795/4411/3534 3829/4445/3568
f  3746/4362/3485 3747/4363/3486 3824/4440/3563 3829/4445/3568
f  3828/4444/3567 3579/4178/3318 3746/4362/3485 3829/4445/3568
f  3792/4408/3531 3790/4406/3529 3827/4443/3566 3830/4446/3569
f  3827/4443/3566 3815/4431/3554 3831/4447/3570 3830/4446/3569
f  3831/4447/3570 3815/4431/3554 3818/4434/3557 3832/4448/3571
f  3818/4434/3557 3823/4439/3562 3833/4449/3572 3832/4448/3571
f  3834/4450/3573 3833/4449/3572 3823/4439/3562 3822/4438/3561
f  3821/4437/3560 3743/4359/3482 3749/4365/3488 3835/4451/3574
f  3834/4450/3573 3822/4438/3561 3821/4437/3560 3835/4451/3574
f  3739/4355/3478 3529/4128/3268 3836/4452/3575 3837/4453/3576 3793/4409/3532
f  3838/4454/3577 3796/4412/3535 3793/4409/3532 3837/4453/3576
f  3653/4455/3392 3839/4456/3578 3840/4457/3579 3651/4458/3390
f  3840/4457/3579 3841/4459/3580 3648/4460/3387 3651/4458/3390
f  3842/4461/3581 3841/4459/3580 3840/4457/3579 3843/4462/3582
f  3840/4457/3579 3839/4456/3578 3844/4463/3583 3843/4462/3582
f  3758/4374/3497 3845/4464/3584 3846/4465/3585 3757/4373/3496
f  3846/4465/3585 3847/4466/3586 3756/4372/3495 3757/4373/3496
f  3844/4467/3583 3847/4466/3586 3846/4465/3585 3843/4468/3582
f  3846/4465/3585 3845/4464/3584 3842/4469/3581 3843/4468/3582
f  3839/4456/3578 3653/4455/3392 3655/4470/3394 3848/4471/3587
f  3655/4470/3394 3657/4472/3396 3849/4473/3588 3848/4471/3587
f  3844/4463/3583 3839/4456/3578 3848/4471/3587 3850/4474/3589
f  3848/4471/3587 3849/4473/3588 3851/4475/3590 3850/4474/3589
f  3756/4372/3495 3847/4466/3586 3852/4476/3591 3763/4379/3502
f  3852/4476/3591 3853/4477/3592 3764/4380/3503 3763/4379/3502
f  3847/4466/3586 3844/4467/3583 3850/4478/3589 3852/4476/3591
f  3850/4478/3589 3851/4479/3590 3853/4477/3592 3852/4476/3591
f  3854/4480/3593 3855/4481/3594 3856/4482/3595 3857/4483/3596
f  3594/4204/3333 3591/4203/3330 3854/4480/3593 3857/4483/3596
f  3661/4277/3400 3660/4276/3399 3855/4484/3594 3854/4485/3593
f  3591/4199/3330 3465/4064/3204 3661/4277/3400 3854/4485/3593
f  3769/4385/3508 3556/4155/3295 3597/4207/3336 3858/4486/3597
f  3859/4487/3598 3770/4386/3509 3769/4385/3508 3858/4486/3597
f  3857/4488/3596 3856/4489/3595 3859/4487/3598 3858/4486/3597
f  3597/4207/3336 3594/4210/3333 3857/4488/3596 3858/4486/3597
f  3696/4312/3435 3860/4490/3599 3861/4491/3600 3694/4310/3433
f  3861/4491/3600 3862/4492/3601 3691/4307/3430 3694/4310/3433
f  3863/4493/3602 3862/4494/3601 3861/4495/3600 3864/4496/3603
f  3861/4495/3600 3860/4497/3599 3865/4498/3604 3864/4496/3603
f  3648/4264/3387 3841/4499/3580 3866/4500/3605 3697/4313/3436
f  3866/4500/3605 3860/4490/3599 3696/4312/3435 3697/4313/3436
f  3841/4459/3580 3842/4461/3581 3867/4501/3606 3866/4502/3605
f  3867/4501/3606 3865/4498/3604 3860/4497/3599 3866/4502/3605
f  3845/4464/3584 3758/4374/3497 3808/4424/3547 3868/4503/3607
f  3808/4424/3547 3805/4421/3544 3869/4504/3608 3868/4503/3607
f  3869/4504/3608 3865/4505/3604 3867/4506/3606 3868/4503/3607
f  3867/4506/3606 3842/4469/3581 3845/4464/3584 3868/4503/3607
f  3807/4423/3546 3870/4507/3609 3871/4508/3610 3806/4422/3545
f  3871/4508/3610 3869/4504/3608 3805/4421/3544 3806/4422/3545
f  3865/4505/3604 3869/4504/3608 3871/4508/3610 3864/4509/3603
f  3871/4508/3610 3870/4507/3609 3863/4510/3602 3864/4509/3603
f  3701/4317/3440 3691/4307/3430 3862/4492/3601 3872/4511/3611
f  3873/4512/3612 3855/4484/3594 3660/4276/3399 3702/4318/3441
f  3701/4317/3440 3872/4511/3611 3873/4512/3612 3702/4318/3441
f  3862/4494/3601 3863/4493/3602 3874/4513/3613 3872/4514/3611
f  3875/4515/3614 3856/4482/3595 3855/4481/3594 3873/4516/3612
f  3872/4517/3611 3874/4518/3613 3875/4515/3614 3873/4516/3612
f  3814/4430/3553 3770/4386/3509 3859/4487/3598 3876/4519/3615
f  3877/4520/3616 3813/4429/3552 3814/4430/3553 3876/4519/3615
f  3877/4520/3616 3870/4507/3609 3807/4423/3546 3813/4429/3552
f  3874/4521/3613 3863/4510/3602 3870/4507/3609 3877/4520/3616
f  3876/4519/3615 3859/4487/3598 3856/4489/3595 3875/4522/3614
f  3874/4521/3613 3877/4520/3616 3876/4519/3615 3875/4522/3614
f  3878/4523/3617 3879/4524/3618 3880/4525/3619 3881/4526/3620
f  3606/4222/3345 3605/4221/3344 3878/4523/3617 3881/4526/3620
f  3658/4274/3397 3464/4063/3203 3606/4222/3345 3881/4526/3620
f  3880/4525/3619 3659/4275/3398 3658/4274/3397 3881/4526/3620
f  3882/4527/3621 3883/4528/3622 3884/4529/3623 3885/4530/3624
f  3883/4528/3622 3886/4531/3625 3887/4532/3626 3884/4529/3623
f  3887/4532/3626 3656/4272/3395 3654/4270/3393 3884/4529/3623
f  3652/4268/3391 3885/4530/3624 3884/4529/3623 3654/4270/3393
f  3888/4533/3627 3889/4534/3628 3890/4535/3629 3891/4536/3630
f  3880/4525/3619 3879/4524/3618 3888/4533/3627 3891/4536/3630
f  3699/4315/3438 3659/4275/3398 3880/4525/3619 3891/4536/3630
f  3890/4535/3629 3700/4316/3439 3699/4315/3438 3891/4536/3630
f  3768/4384/3507 3767/4383/3506 3892/4537/3631 3893/4538/3632
f  3620/4236/3359 3553/4152/3292 3768/4384/3507 3893/4538/3632
f  3748/4364/3487 3538/4137/3277 3617/4233/3356 3894/4539/3633
f  3895/4540/3634 3749/4365/3488 3748/4364/3487 3894/4539/3633
f  3893/4538/3632 3892/4537/3631 3895/4540/3634 3894/4539/3633
f  3617/4233/3356 3620/4236/3359 3893/4538/3632 3894/4539/3633
f  3751/4367/3490 3896/4541/3635 3897/4542/3636 3752/4368/3491
f  3754/4370/3493 3752/4368/3491 3897/4542/3636 3898/4543/3637
f  3792/4408/3531 3899/4544/3638 3900/4545/3639 3791/4407/3530
f  3899/4544/3638 3898/4543/3637 3897/4542/3636 3900/4545/3639
f  3897/4542/3636 3896/4541/3635 3901/4546/3640 3900/4545/3639
f  3780/4396/3519 3791/4407/3530 3900/4545/3639 3901/4546/3640
f  3780/4396/3519 3901/4546/3640 3902/4547/3641 3781/4397/3520
f  3901/4546/3640 3896/4541/3635 3903/4548/3642 3902/4547/3641
f  3903/4548/3642 3904/4549/3643 3905/4550/3644 3902/4547/3641
f  3782/4398/3521 3781/4397/3520 3902/4547/3641 3905/4550/3644
f  3896/4541/3635 3751/4367/3490 3760/4376/3499 3903/4548/3642
f  3760/4376/3499 3762/4378/3501 3904/4549/3643 3903/4548/3642
f  3754/4370/3493 3898/4543/3637 3906/4551/3645 3800/4416/3539
f  3797/4413/3536 3800/4416/3539 3906/4551/3645 3907/4552/3646
f  3899/4544/3638 3792/4408/3531 3830/4446/3569 3908/4553/3647
f  3830/4446/3569 3831/4447/3570 3909/4554/3648 3908/4553/3647
f  3909/4554/3648 3907/4552/3646 3906/4551/3645 3908/4553/3647
f  3906/4551/3645 3898/4543/3637 3899/4544/3638 3908/4553/3647
f  3833/4449/3572 3910/4555/3649 3911/4556/3650 3832/4448/3571
f  3910/4555/3649 3912/4557/3651 3913/4558/3652 3911/4556/3650
f  3913/4558/3652 3907/4552/3646 3909/4554/3648 3911/4556/3650
f  3831/4447/3570 3832/4448/3571 3911/4556/3650 3909/4554/3648
f  3797/4413/3536 3907/4552/3646 3913/4558/3652 3801/4417/3540
f  3803/4419/3542 3801/4417/3540 3913/4558/3652 3912/4557/3651
f  3810/4426/3549 3803/4419/3542 3912/4557/3651 3914/4559/3653
f  3811/4427/3550 3810/4426/3549 3914/4559/3653 3915/4560/3654
f  3892/4537/3631 3767/4383/3506 3811/4427/3550 3915/4560/3654
f  3835/4451/3574 3749/4365/3488 3895/4540/3634 3916/4561/3655
f  3917/4562/3656 3834/4450/3573 3835/4451/3574 3916/4561/3655
f  3915/4560/3654 3914/4559/3653 3917/4562/3656 3916/4561/3655
f  3895/4540/3634 3892/4537/3631 3915/4560/3654 3916/4561/3655
f  3914/4559/3653 3912/4557/3651 3910/4555/3649 3917/4562/3656
f  3910/4555/3649 3833/4449/3572 3834/4450/3573 3917/4562/3656
f  3441/4040/3180 1971/2358/1718 1970/2357/1717 3636/4252/3375
f  3657/4273/3396 3656/4272/3395 1973/2360/1720 1972/2359/1719
f  3662/4278/3401 3637/4253/3376 1975/2362/1722 1974/2361/1721
f  3666/4282/3405 3663/4279/3402 1977/2364/1724 1976/2363/1723
f  3676/4292/3415 3675/4291/3414 1979/2366/1726 1978/2365/1725
f  3675/4291/3414 3666/4282/3405 1976/2363/1723 1979/2366/1726
f  3738/4354/3477 1981/2368/1728 1980/2367/1727 3733/4349/3472
f  3526/4125/3265 3734/4350/3473 1982/2369/1729 1679/2037/1426
f  1983/2370/1730 3762/4378/3501 3761/4377/3500 1984/2371/1731
f  1984/2371/1731 3761/4377/3500 3764/4380/3503 1985/2372/1732
f  3776/4392/3515 1987/2374/1734 1986/2373/1733 3775/4391/3514
f  3777/4393/3516 1988/2375/1735 1987/2374/1734 3776/4392/3515
f  1988/2375/1735 3777/4393/3516 3782/4398/3521 1989/2376/1736
f  3849/4473/3588 3657/4472/3396 1972/2377/1719 1990/2367/1737
f  1985/2372/1732 3764/4380/3503 3853/4477/3592 1991/2378/1738
f  3762/4378/3501 1983/2370/1730 1992/2379/1739 3904/4549/3643
f  1989/2376/1736 3782/4398/3521 3905/4550/3644 1993/2380/1740
f  3904/4549/3643 1992/2379/1739 1993/2380/1740 3905/4550/3644
f  3650/4266/3389 3649/4265/3388 3918/4563/3657 3919/4564/3658
f  3918/4563/3657 3920/4565/3659 3921/4566/3660 3919/4564/3658
f  3921/4566/3660 3882/4527/3621 3885/4530/3624 3919/4564/3658
f  3885/4530/3624 3652/4268/3391 3650/4266/3389 3919/4564/3658
f  3693/4309/3432 3692/4308/3431 3922/4567/3661 3923/4568/3662
f  3922/4567/3661 3924/4569/3663 3925/4570/3664 3923/4568/3662
f  3925/4570/3664 3926/4571/3665 3927/4572/3666 3923/4568/3662
f  3927/4572/3666 3695/4311/3434 3693/4309/3432 3923/4568/3662
f  3698/4314/3437 3695/4311/3434 3927/4572/3666 3928/4573/3667
f  3927/4572/3666 3926/4571/3665 3929/4574/3668 3928/4573/3667
f  3929/4574/3668 3920/4565/3659 3918/4563/3657 3928/4573/3667
f  3918/4563/3657 3649/4265/3388 3698/4314/3437 3928/4573/3667
f  3889/4534/3628 3924/4569/3663 3922/4567/3661 3890/4535/3629
f  3922/4567/3661 3692/4308/3431 3700/4316/3439 3890/4535/3629
f  3642/4258/3381 3645/4261/3384 3930/4575/3669 3931/4576/3670
f  3631/4247/3370 3447/4046/3186 3642/4258/3381 3931/4576/3670
f  3878/4523/3617 3605/4221/3344 3631/4247/3370 3931/4576/3670
f  3930/4575/3669 3879/4524/3618 3878/4523/3617 3931/4576/3670
f  3921/4566/3660 3920/4565/3659 3932/4577/3671 3933/4578/3672
f  3932/4577/3671 3678/4294/3417 3677/4293/3416 3933/4578/3672
f  3677/4293/3416 3672/4288/3411 3934/4579/3673 3933/4578/3672
f  3934/4579/3673 3882/4527/3621 3921/4566/3660 3933/4578/3672
f  3883/4528/3622 3882/4527/3621 3934/4579/3673 3935/4580/3674
f  3934/4579/3673 3672/4288/3411 3671/4287/3410 3935/4580/3674
f  3671/4287/3410 3676/4292/3415 3936/4581/3675 3935/4580/3674
f  3936/4581/3675 3886/4531/3625 3883/4528/3622 3935/4580/3674
f  3925/4570/3664 3924/4569/3663 3937/4582/3676 3938/4583/3677
f  3937/4582/3676 3726/4342/3465 3725/4341/3464 3938/4583/3677
f  3725/4341/3464 3723/4339/3462 3939/4584/3678 3938/4583/3677
f  3939/4584/3678 3926/4571/3665 3925/4570/3664 3938/4583/3677
f  3929/4574/3668 3926/4571/3665 3939/4584/3678 3940/4585/3679
f  3939/4584/3678 3723/4339/3462 3721/4337/3460 3940/4585/3679
f  3721/4337/3460 3678/4294/3417 3932/4577/3671 3940/4585/3679
f  3932/4577/3671 3920/4565/3659 3929/4574/3668 3940/4585/3679
f  3729/4345/3468 3732/4348/3471 3941/4586/3680 3942/4587/3681
f  3930/4575/3669 3645/4261/3384 3729/4345/3468 3942/4587/3681
f  3888/4533/3627 3879/4524/3618 3930/4575/3669 3942/4587/3681
f  3941/4586/3680 3889/4534/3628 3888/4533/3627 3942/4587/3681
f  3732/4348/3471 3726/4342/3465 3937/4582/3676 3941/4586/3680
f  3937/4582/3676 3924/4569/3663 3889/4534/3628 3941/4586/3680
f  3656/4272/3395 3887/4532/3626 2019/2406/1766 1973/2360/1720
f  3887/4532/3626 3886/4531/3625 2020/2407/1767 2019/2406/1766
f  3886/4531/3625 3936/4581/3675 2021/2408/1768 2020/2407/1767
f  3936/4581/3675 3676/4292/3415 1978/2365/1725 2021/2408/1768
f  3943/4588/3682 3944/4589/3683 3945/4590/3684 3946/4591/3685
f  3945/4590/3684 3947/4592/3686 3948/4593/3687 3946/4591/3685
f  3949/4594/3688 3950/4595/3689 3944/4589/3683 3943/4588/3682
f  3950/4595/3689 3951/4596/3690 3952/4597/3691 3944/4589/3683
f  3953/4598/3692 3954/4599/3693 3947/4592/3686 3945/4590/3684
f  3944/4589/3683 3952/4597/3691 3953/4598/3692 3945/4590/3684
f  3417/4016/3156 3951/4596/3690 3950/4595/3689 3413/4012/3152
f  3413/4012/3152 3950/4595/3689 3949/4594/3688 3414/4013/3153
f  3955/4600/3694 3956/4601/3695 3420/4019/3159 3421/4020/3160
f  3420/4019/3159 3956/4601/3695 3951/4596/3690 3417/4016/3156
f  3428/4027/3167 3957/4602/3696 3958/4603/3697 3429/4028/3168
f  3959/4604/3698 3955/4600/3694 3421/4020/3160 3432/4031/3171
f  3429/4028/3168 3958/4603/3697 3959/4604/3698 3432/4031/3171
f  3960/4605/3699 3961/4606/3700 3962/4607/3701 3963/4608/3702
f  3964/4609/3703 3965/4610/3704 3960/4605/3699 3963/4608/3702
f  3966/4611/3705 3967/4612/3706 3968/4613/3707 3969/4614/3708
f  3968/4613/3707 3970/4615/3709 3971/4616/3710 3969/4614/3708
f  3971/4616/3710 3964/4609/3703 3963/4608/3702 3969/4614/3708
f  3963/4608/3702 3962/4607/3701 3966/4611/3705 3969/4614/3708
f  3970/4615/3709 3955/4600/3694 3959/4604/3698 3971/4616/3710
f  3959/4604/3698 3958/4603/3697 3964/4609/3703 3971/4616/3710
f  3958/4603/3697 3957/4602/3696 3965/4610/3704 3964/4609/3703
f  3972/4617/3711 3973/4618/3712 3974/4619/3713 3975/4620/3714
f  3974/4619/3713 3976/4621/3715 3977/4622/3716 3975/4620/3714
f  3978/4623/3717 3979/4624/3718 3980/4625/3719 3981/4626/3720
f  3977/4622/3716 3976/4621/3715 3978/4623/3717 3981/4626/3720
f  3982/4627/3721 3983/4628/3722 3984/4629/3723 3985/4630/3724
f  3984/4629/3723 3986/4631/3725 3987/4632/3726 3985/4630/3724
f  3987/4632/3726 3977/4622/3716 3981/4626/3720 3985/4630/3724
f  3981/4626/3720 3980/4625/3719 3982/4627/3721 3985/4630/3724
f  3988/4633/3727 3989/4634/3728 3990/4635/3729 3991/4636/3730
f  3990/4635/3729 3972/4617/3711 3975/4620/3714 3991/4636/3730
f  3975/4620/3714 3977/4622/3716 3987/4632/3726 3991/4636/3730
f  3987/4632/3726 3986/4631/3725 3988/4633/3727 3991/4636/3730
f  3980/4625/3719 3979/4624/3718 3992/4637/3731 3993/4638/3732
f  3992/4637/3731 3994/4639/3733 3995/4640/3734 3993/4638/3732
f  3995/4640/3734 3994/4639/3733 3996/4641/3735 3997/4642/3736
f  3998/4643/3737 3999/4644/3738 4000/4645/3739 4001/4646/3740
f  4000/4645/3739 3995/4640/3734 3997/4642/3736 4001/4646/3740
f  4002/4647/3741 3983/4628/3722 3982/4627/3721 4003/4648/3742
f  3982/4627/3721 3980/4625/3719 3993/4638/3732 4003/4648/3742
f  3993/4638/3732 3995/4640/3734 4000/4645/3739 4003/4648/3742
f  4000/4645/3739 3999/4644/3738 4002/4647/3741 4003/4648/3742
f  3986/4631/3725 4004/4649/3743 4005/4650/3744 3988/4633/3727
f  4005/4650/3744 4006/4651/3745 3989/4634/3728 3988/4633/3727
f  3983/4628/3722 4007/4652/3746 4008/4653/3747 3984/4629/3723
f  4008/4653/3747 4004/4649/3743 3986/4631/3725 3984/4629/3723
f  4009/4654/3748 4004/4649/3743 4008/4653/3747 4010/4655/3749
f  4008/4653/3747 4007/4652/3746 4011/4656/3750 4010/4655/3749
f  4012/4657/3751 4006/4651/3745 4005/4650/3744 4013/4658/3752
f  4005/4650/3744 4004/4649/3743 4009/4654/3748 4013/4658/3752
f  4011/4656/3750 4007/4652/3746 4014/4659/3753 4015/4660/3754
f  4014/4659/3753 4016/4661/3755 4017/4662/3756 4015/4660/3754
f  3999/4644/3738 4016/4661/3755 4014/4659/3753 4002/4647/3741
f  4014/4659/3753 4007/4652/3746 3983/4628/3722 4002/4647/3741
f  4018/4663/3757 4016/4661/3755 3999/4644/3738 3998/4643/3737
f  4017/4662/3756 4016/4661/3755 4018/4663/3757 4019/4664/3758
f  4020/4665/3759 4021/4666/3760 4022/4667/3761 4023/4668/3762
f  4022/4667/3761 4024/4669/3763 4025/4670/3764 4023/4668/3762
f  4021/4666/3760 4011/4656/3750 4015/4660/3754 4022/4667/3761
f  4015/4660/3754 4017/4662/3756 4024/4669/3763 4022/4667/3761
f  4024/4669/3763 4017/4662/3756 4019/4664/3758 4026/4671/3765
f  4025/4670/3764 4024/4669/3763 4026/4671/3765 4027/4672/3766
f  4028/4673/3767 4029/4674/3768 4030/4675/3769 4031/4676/3770
f  4030/4675/3769 4032/4677/3771 4033/4678/3772 4031/4676/3770
f  4029/4674/3768 4012/4657/3751 4013/4658/3752 4030/4675/3769
f  4013/4658/3752 4009/4654/3748 4032/4677/3771 4030/4675/3769
f  4010/4655/3749 4011/4656/3750 4021/4666/3760 4034/4679/3773
f  4032/4677/3771 4009/4654/3748 4010/4655/3749 4034/4679/3773
f  4033/4678/3772 4032/4677/3771 4034/4679/3773 4035/4680/3774
f  4034/4679/3773 4021/4666/3760 4020/4665/3759 4035/4680/3774
f  4036/4681/3775 4037/4682/3776 4038/4683/3777 4039/4684/3778
f  4038/4683/3777 4029/4685/3768 4028/4686/3767 4039/4684/3778
f  4040/4687/3779 4041/4688/3780 4042/4689/3781 4043/4690/3782
f  4042/4689/3781 4037/4682/3776 4036/4681/3775 4043/4690/3782
f  4041/4688/3780 4044/4691/3783 4045/4692/3784 4042/4689/3781
f  4045/4692/3784 4046/4693/3785 4037/4682/3776 4042/4689/3781
f  4047/4694/3786 4012/4695/3751 4029/4685/3768 4038/4683/3777
f  4037/4682/3776 4046/4693/3785 4047/4694/3786 4038/4683/3777
f  4048/4696/3787 4044/4691/3783 4041/4688/3780 4049/4697/3788
f  4050/4698/3789 4051/4699/3790 4048/4696/3787 4049/4697/3788
f  4052/4700/3791 4050/4698/3789 4049/4697/3788 4053/4701/3792
f  4049/4697/3788 4041/4688/3780 4040/4687/3779 4053/4701/3792
f  3948/4593/3687 3947/4592/3686 4054/4702/3793 4055/4703/3794
f  4054/4702/3793 4050/4698/3789 4052/4700/3791 4055/4703/3794
f  3947/4592/3686 3954/4599/3693 4056/4704/3795 4054/4702/3793
f  4056/4704/3795 4051/4699/3790 4050/4698/3789 4054/4702/3793
f  4046/4693/3785 4057/4705/3796 4058/4706/3797 4047/4694/3786
f  4058/4707/3797 4006/4651/3745 4012/4657/3751 4047/4708/3786
f  4044/4691/3783 4059/4709/3798 4060/4710/3799 4045/4692/3784
f  4060/4710/3799 4057/4705/3796 4046/4693/3785 4045/4692/3784
f  4061/4711/3800 4057/4705/3796 4060/4710/3799 4062/4712/3801
f  4060/4710/3799 4059/4709/3798 4063/4713/3802 4062/4712/3801
f  3989/4634/3728 4006/4651/3745 4058/4707/3797 4064/4714/3803
f  4058/4706/3797 4057/4705/3796 4061/4711/3800 4064/4715/3803
f  4065/4716/3804 4066/4717/3805 4067/4718/3806 4068/4719/3807
f  4066/4717/3805 4069/4720/3808 4070/4721/3809 4067/4718/3806
f  4071/4722/3810 4072/4723/3811 4073/4724/3812 4074/4725/3813
f  4069/4720/3808 4071/4722/3810 4074/4725/3813 4070/4721/3809
f  4075/4726/3814 3973/4727/3712 4076/4728/3815 4077/4729/3816
f  4076/4728/3815 4078/4730/3817 4079/4731/3818 4077/4729/3816
f  4080/4732/3819 4081/4733/3820 4082/4734/3821 4083/4735/3822
f  4079/4731/3818 4078/4730/3817 4080/4736/3819 4083/4737/3822
f  4076/4738/3815 3973/4618/3712 3972/4617/3711 4084/4739/3823
f  4085/4740/3824 4078/4741/3817 4076/4742/3815 4084/4743/3823
f  3990/4635/3729 3989/4634/3728 4064/4714/3803 4086/4744/3825
f  4064/4715/3803 4061/4711/3800 4087/4745/3826 4086/4746/3825
f  4087/4745/3826 4085/4740/3824 4084/4743/3823 4086/4746/3825
f  4084/4739/3823 3972/4617/3711 3990/4635/3729 4086/4744/3825
f  4062/4712/3801 4063/4713/3802 4088/4747/3827 4089/4748/3828
f  4088/4747/3827 4090/4749/3829 4091/4750/3830 4089/4748/3828
f  4091/4750/3830 4085/4740/3824 4087/4745/3826 4089/4748/3828
f  4087/4745/3826 4061/4711/3800 4062/4712/3801 4089/4748/3828
f  4090/4749/3829 4081/4733/3820 4080/4732/3819 4091/4750/3830
f  4080/4732/3819 4078/4741/3817 4085/4740/3824 4091/4750/3830
f  4092/4751/3831 4093/4752/3832 4094/4753/3833 4095/4754/3834
f  4093/4752/3832 4096/4755/3835 4097/4756/3836 4094/4753/3833
f  4098/4757/3837 4065/4716/3804 4068/4719/3807 4099/4758/3838
f  4096/4755/3835 4098/4759/3837 4099/4760/3838 4097/4756/3836
f  4082/4734/3821 4081/4733/3820 4100/4761/3839 4101/4762/3840
f  4100/4761/3839 4102/4763/3841 4103/4764/3842 4101/4762/3840
f  4104/4765/3843 3961/4606/3700 4105/4766/3844 4106/4767/3845
f  4103/4764/3842 4102/4763/3841 4104/4765/3843 4106/4767/3845
f  4100/4761/3839 4081/4733/3820 4090/4749/3829 4107/4768/3846
f  4108/4769/3847 4102/4763/3841 4100/4761/3839 4107/4768/3846
f  4088/4747/3827 4063/4713/3802 4109/4770/3848 4110/4771/3849
f  4109/4770/3848 4111/4772/3850 4112/4773/3851 4110/4771/3849
f  4112/4773/3851 4108/4769/3847 4107/4768/3846 4110/4771/3849
f  4107/4768/3846 4090/4749/3829 4088/4747/3827 4110/4771/3849
f  4113/4774/3852 3967/4612/3706 3966/4611/3705 4114/4775/3853
f  3966/4611/3705 3962/4607/3701 4115/4776/3854 4114/4775/3853
f  4115/4776/3854 4108/4769/3847 4112/4773/3851 4114/4775/3853
f  4112/4773/3851 4111/4772/3850 4113/4774/3852 4114/4775/3853
f  3962/4607/3701 3961/4606/3700 4104/4765/3843 4115/4776/3854
f  4104/4765/3843 4102/4763/3841 4108/4769/3847 4115/4776/3854
f  4116/4777/3855 4117/4778/3856 4118/4779/3857 4119/4780/3858
f  4120/4781/3859 4116/4777/3855 4119/4780/3858 4121/4782/3860
f  4122/4783/3861 4120/4781/3859 4121/4782/3860 4123/4784/3862
f  3458/4057/3197 4122/4783/3861 4123/4784/3862 3459/4058/3198
f  4124/4785/3863 4125/4786/3864 4126/4787/3865 4127/4788/3866
f  4125/4786/3864 4128/4789/3867 4129/4790/3868 4126/4787/3865
f  4128/4789/3867 4130/4791/3869 4131/4792/3870 4129/4790/3868
f  4132/4793/3871 4133/4794/3872 4134/4795/3873 4135/4796/3874
f  4133/4794/3872 4136/4797/3875 4137/4798/3876 4134/4795/3873
f  4138/4799/3877 4124/4785/3863 4127/4788/3866 4139/4800/3878
f  4136/4801/3875 4138/4799/3877 4139/4800/3878 4137/4802/3876
f  4140/4803/3879 4132/4793/3871 4135/4796/3874 4141/4804/3880
f  4142/4805/3881 4140/4803/3879 4141/4804/3880 4143/4806/3882
f  4144/4807/3883 4145/4808/3884 4146/4809/3885 4147/4810/3886
f  4145/4808/3884 4142/4805/3881 4143/4806/3882 4146/4809/3885
f  4148/4811/3887 4144/4807/3883 4147/4810/3886 4149/4812/3888
f  4150/4813/3889 4148/4811/3887 4149/4812/3888 4151/4814/3890
f  4117/4778/3856 4152/4815/3891 4153/4816/3892 4118/4779/3857
f  4152/4815/3891 4150/4813/3889 4151/4814/3890 4153/4816/3892
f  3473/4072/3212 4154/4817/3893 4155/4818/3894 3474/4073/3213
f  4156/4819/3895 3957/4602/3696 3428/4027/3167 3468/4067/3207
f  4157/4820/3896 4092/4751/3831 4095/4754/3834 4158/4821/3897
f  4159/4822/3898 4157/4820/3896 4158/4821/3897 4160/4823/3899
f  4105/4766/3844 3961/4606/3700 3960/4605/3699 4161/4824/3900
f  3960/4605/3699 3965/4610/3704 4162/4825/3901 4161/4824/3900
f  3965/4610/3704 3957/4602/3696 4156/4819/3895 4162/4825/3901
f  4154/4817/3893 4159/4822/3898 4160/4823/3899 4155/4818/3894
f  3974/4826/3713 3973/4727/3712 4075/4726/3814 4163/4827/3902
f  4164/4828/3903 3976/4621/3715 3974/4619/3713 4163/4829/3902
f  4072/4723/3811 4165/4830/3904 4166/4831/3905 4073/4724/3812
f  4165/4830/3904 4167/4832/3906 4168/4833/3907 4166/4831/3905
f  4169/4834/3908 4170/4835/3909 4171/4836/3910 4172/4837/3911
f  4167/4832/3906 4169/4838/3908 4172/4839/3911 4168/4833/3907
f  4173/4840/3912 3979/4624/3718 3978/4623/3717 4174/4841/3913
f  3978/4623/3717 3976/4621/3715 4164/4828/3903 4174/4841/3913
f  3996/4641/3735 3994/4639/3733 4175/4842/3914 4176/4843/3915
f  3992/4637/3731 3979/4624/3718 4173/4840/3912 4177/4844/3916
f  4175/4842/3914 3994/4639/3733 3992/4637/3731 4177/4844/3916
f  4170/4835/3909 4178/4845/3917 4179/4846/3918 4171/4836/3910
f  4178/4845/3917 4180/4847/3919 4181/4848/3920 4179/4846/3918
f  4180/4847/3919 4182/4849/3921 4183/4850/3922 4181/4848/3920
f  4051/4699/3790 4184/4851/3923 4185/4852/3924 4048/4696/3787
f  4185/4852/3924 4059/4709/3798 4044/4691/3783 4048/4696/3787
f  3954/4599/3693 4186/4853/3925 4187/4854/3926 4056/4704/3795
f  4187/4854/3926 4184/4851/3923 4051/4699/3790 4056/4704/3795
f  4111/4772/3850 4184/4851/3923 4187/4854/3926 4113/4774/3852
f  4187/4854/3926 4186/4853/3925 3967/4612/3706 4113/4774/3852
f  4063/4713/3802 4059/4709/3798 4185/4852/3924 4109/4770/3848
f  4185/4852/3924 4184/4851/3923 4111/4772/3850 4109/4770/3848
f  3951/4596/3690 3956/4601/3695 4188/4855/3927 3952/4597/3691
f  4188/4855/3927 3956/4601/3695 3955/4600/3694 3970/4615/3709
f  3967/4612/3706 4186/4853/3925 4189/4856/3928 3968/4613/3707
f  4189/4856/3928 4188/4855/3927 3970/4615/3709 3968/4613/3707
f  3952/4597/3691 4188/4855/3927 4189/4856/3928 3953/4598/3692
f  4189/4856/3928 4186/4853/3925 3954/4599/3693 3953/4598/3692
f  4190/4857/3929 4191/4858/3930 4192/4859/3931 4193/4860/3932
f  4194/4861/3933 4195/4862/3934 4193/4860/3932 4196/4863/3935
f  4193/4860/3932 4192/4859/3931 4197/4864/3936 4196/4863/3935
f  4198/4865/3937 4199/4866/2024 4195/4862/3934 4194/4861/3933 4200/4867/3938
f  4192/4859/3931 4191/4858/3930 3505/4104/3244 3504/4103/3243
f  4197/4864/3936 4192/4859/3931 3504/4103/3243 3506/4105/3245
f  4191/4858/3930 4201/4868/3939 3509/4108/3248 3505/4104/3244
f  3509/4108/3248 4201/4868/3939 4202/4869/3940 3514/4113/3253
f  3514/4113/3253 4202/4869/3940 4203/4870/3941 3523/4122/3262
f  4203/4870/3941 4204/4871/3942 3519/4118/3258 3523/4122/3262
f  4204/4871/3942 4205/4872/3943 3520/4119/3259 3519/4118/3258
f  4203/4870/3941 4202/4869/3940 4206/4873/3944 4207/4874/3945
f  4208/4875/3946 4204/4871/3942 4203/4870/3941 4207/4874/3945
f  4209/4876/3947 4210/4877/3948 4211/4878/3949 4212/4879/3950
f  4211/4878/3949 4213/4880/3951 4214/4881/3952 4212/4879/3950
f  4214/4881/3952 4208/4875/3946 4207/4874/3945 4212/4879/3950
f  4207/4874/3945 4206/4873/3944 4209/4876/3947 4212/4879/3950
f  4213/4880/3951 4215/4882/3953 4216/4883/3954 4214/4881/3952
f  4216/4883/3954 4217/4884/3955 4208/4875/3946 4214/4881/3952
f  4217/4884/3955 4205/4872/3943 4204/4871/3942 4208/4875/3946
f  4218/4885/3956 4219/4886/3957 4220/4887/3958 4221/4888/3959
f  4220/4887/3958 4222/4889/3960 4223/4890/3961 4221/4888/3959
f  4223/4890/3961 4224/4891/3962 4225/4892/3963 4221/4888/3959
f  4225/4892/3963 4226/4893/3964 4218/4885/3956 4221/4888/3959
f  4222/4889/3960 4227/4894/3965 4228/4895/3966 4223/4890/3961
f  4228/4895/3966 4229/4896/3967 4224/4891/3962 4223/4890/3961
f  4230/4897/3968 4231/4898/3969 4232/4899/3970 4233/4900/3971
f  4224/4891/3962 4229/4896/3967 4230/4897/3968 4233/4900/3971
f  4234/4901/3972 4235/4902/3973 4236/4903/3974 4237/4904/3975
f  4236/4903/3974 4226/4893/3964 4225/4892/3963 4237/4904/3975
f  4225/4892/3963 4224/4891/3962 4233/4900/3971 4237/4904/3975
f  4233/4900/3971 4232/4899/3970 4234/4901/3972 4237/4904/3975
f  4238/4905/3976 4239/4906/3977 4240/4907/3978 4241/4908/3979
f  4240/4907/3978 4242/4909/3980 4243/4910/3981 4241/4908/3979
f  4244/4911/3982 4245/4912/3983 4239/4906/3977 4238/4905/3976
f  4246/4913/3984 4227/4894/3965 4222/4889/3960 4247/4914/3985
f  4239/4906/3977 4245/4912/3983 4246/4913/3984 4247/4914/3985
f  4220/4887/3958 4219/4886/3957 4248/4915/3986 4249/4916/3987
f  4248/4915/3986 4242/4909/3980 4240/4907/3978 4249/4916/3987
f  4240/4907/3978 4239/4906/3977 4247/4914/3985 4249/4916/3987
f  4247/4914/3985 4222/4889/3960 4220/4887/3958 4249/4916/3987
f  4250/4917/3988 4251/4918/3989 4252/4919/3990 4253/4920/3991
f  4252/4919/3990 4254/4921/3992 4255/4922/3993 4253/4920/3991
f  4226/4893/3964 4254/4921/3992 4252/4919/3990 4218/4885/3956
f  4252/4919/3990 4251/4918/3989 4219/4886/3957 4218/4885/3956
f  4235/4902/3973 4256/4923/3994 4257/4924/3995 4236/4903/3974
f  4257/4924/3995 4254/4921/3992 4226/4893/3964 4236/4903/3974
f  4255/4922/3993 4254/4921/3992 4257/4924/3995 4258/4925/3996
f  4257/4924/3995 4256/4923/3994 4259/4926/3997 4258/4925/3996
f  4242/4909/3980 4260/4927/3998 4261/4928/3999 4243/4910/3981
f  4219/4886/3957 4251/4918/3989 4262/4929/4000 4248/4915/3986
f  4262/4929/4000 4260/4927/3998 4242/4909/3980 4248/4915/3986
f  4263/4930/4001 4260/4927/3998 4262/4929/4000 4264/4931/4002
f  4262/4929/4000 4251/4918/3989 4250/4917/3988 4264/4931/4002
f  4261/4928/3999 4260/4927/3998 4263/4930/4001 4265/4932/4003
f  4265/4932/4003 4263/4930/4001 4266/4933/4004 4267/4934/4005
f  4264/4931/4002 4250/4917/3988 4268/4935/4006 4269/4936/4007
f  4266/4933/4004 4263/4930/4001 4264/4931/4002 4269/4936/4007
f  4270/4937/4008 4266/4933/4004 4269/4936/4007 4271/4938/4009
f  4269/4936/4007 4268/4935/4006 4272/4939/4010 4271/4938/4009
f  4267/4934/4005 4266/4933/4004 4270/4937/4008 4273/4940/4011
f  4268/4935/4006 4250/4917/3988 4253/4920/3991 4274/4941/4012
f  4253/4920/3991 4255/4922/3993 4275/4942/4013 4274/4941/4012
f  4258/4925/3996 4259/4926/3997 4276/4943/4014 4277/4944/4015
f  4275/4942/4013 4255/4922/3993 4258/4925/3996 4277/4944/4015
f  4278/4945/4016 4275/4942/4013 4277/4944/4015 4279/4946/4017
f  4277/4944/4015 4276/4943/4014 4280/4947/4018 4279/4946/4017
f  4272/4939/4010 4268/4935/4006 4274/4941/4012 4281/4948/4019
f  4274/4941/4012 4275/4942/4013 4278/4945/4016 4281/4948/4019
f  4282/4949/4020 4283/4950/4021 4284/4951/4022 4285/4952/4023
f  4286/4953/4024 4287/4954/4025 4282/4949/4020 4285/4952/4023
f  4288/4955/4026 4286/4953/4024 4285/4952/4023 4289/4956/4027
f  4285/4952/4023 4284/4951/4022 4290/4957/4028 4289/4956/4027
f  4280/4958/4018 4276/4959/4014 4291/4960/4029 4292/4961/4030
f  4291/4960/4029 4286/4953/4024 4288/4955/4026 4292/4961/4030
f  4276/4959/4014 4259/4962/3997 4293/4963/4031 4291/4960/4029
f  4293/4963/4031 4287/4954/4025 4286/4953/4024 4291/4960/4029
f  4294/4964/4032 4295/4965/4033 4296/4966/4034 4297/4967/4035
f  4296/4966/4034 4198/4865/3937 4200/4867/3938 4297/4967/4035
f  4290/4957/4028 4284/4951/4022 4298/4968/4036 4299/4969/4037
f  4298/4968/4036 4295/4965/4033 4294/4964/4032 4299/4969/4037
f  4284/4951/4022 4283/4950/4021 4300/4970/4038 4298/4968/4036
f  4300/4970/4038 4301/4971/4039 4295/4965/4033 4298/4968/4036
f  4198/4865/3937 4296/4966/4034 4302/4972/4040 4303/4973/4041 4304/4974/2024 4305/4975/2024
f  4295/4965/4033 4301/4971/4039 4302/4972/4040 4296/4966/4034
f  4306/4976/4042 4307/4977/4043 4308/4978/4044 4309/4979/4045
f  4308/4978/4044 4310/4980/4046 4311/4981/4047 4309/4979/4045
f  4287/4954/4025 4310/4980/4046 4308/4978/4044 4282/4949/4020
f  4308/4978/4044 4307/4977/4043 4283/4950/4021 4282/4949/4020
f  4259/4926/3997 4256/4923/3994 4312/4982/4048 4293/4983/4031
f  4312/4984/4048 4310/4980/4046 4287/4954/4025 4293/4963/4031
f  4311/4981/4047 4310/4980/4046 4312/4984/4048 4313/4985/4049
f  4312/4982/4048 4256/4923/3994 4235/4902/3973 4313/4986/4049
f  4314/4987/4050 4231/4988/3969 4315/4989/4051 4316/4990/4052
f  4317/4991/4053 4318/4992/4054 4314/4987/4050 4316/4990/4052
f  4319/4993/4055 4320/4994/4056 4316/4990/4052 4315/4989/4051
f  4321/4995/4057 4317/4991/4053 4316/4990/4052 4320/4994/4056
f  4322/4996/4058 4323/4997/4059 4324/4998/4060 4325/4999/4061
f  4317/4991/4053 4321/4995/4057 4322/4996/4058 4325/4999/4061
f  4324/5000/4060 4326/5001/4062 4327/5002/4063 4325/5003/4061
f  4327/5004/4063 4318/4992/4054 4317/4991/4053 4325/4999/4061
f  4328/5005/4064 4306/4976/4042 4309/4979/4045 4329/5006/4065
f  4309/4979/4045 4311/4981/4047 4330/5007/4066 4329/5006/4065
f  4330/5007/4066 4331/5008/4067 4332/5009/4068 4329/5006/4065
f  4332/5009/4068 4333/5010/4069 4328/5005/4064 4329/5006/4065
f  4313/4986/4049 4235/4902/3973 4234/4901/3972 4334/5011/4070
f  4234/4901/3972 4232/4899/3970 4335/5012/4071 4334/5011/4070
f  4335/5012/4071 4331/5013/4067 4330/5014/4066 4334/5011/4070
f  4330/5007/4066 4311/4981/4047 4313/4985/4049 4334/5015/4070
f  4232/4899/3970 4231/4898/3969 4314/5016/4050 4335/5012/4071
f  4314/5016/4050 4318/5017/4054 4331/5013/4067 4335/5012/4071
f  4327/5002/4063 4326/5001/4062 4333/5010/4069 4332/5009/4068
f  4331/5008/4067 4318/5018/4054 4327/5002/4063 4332/5009/4068
f  4336/5019/4072 4326/5001/4062 4324/5000/4060 4337/5020/4073
f  4338/5021/4074 4339/5022/4075 4336/5019/4072 4337/5020/4073
f  4324/4998/4060 4323/4997/4059 4340/5023/4076 4337/5024/4073
f  4340/5025/4076 4341/5026/4077 4338/5021/4074 4337/5020/4073
f  4342/5027/4078 4343/5028/4079 4344/5029/4080 4345/5030/4081
f  4338/5021/4074 4341/5026/4077 4342/5027/4078 4345/5030/4081
f  4344/5029/4080 4215/4882/3953 4346/5031/4082 4345/5030/4081
f  4346/5031/4082 4339/5022/4075 4338/5021/4074 4345/5030/4081
f  4211/4878/3949 4210/4877/3948 4347/5032/4083 4348/5033/4084
f  4347/5032/4083 4349/5034/4085 4350/5035/4086 4348/5033/4084
f  4350/5035/4086 4351/5036/4087 4352/5037/4088 4348/5033/4084
f  4352/5037/4088 4213/4880/3951 4211/4878/3949 4348/5033/4084
f  4353/5038/4089 4306/4976/4042 4328/5005/4064 4354/5039/4090
f  4328/5005/4064 4333/5010/4069 4355/5040/4091 4354/5039/4090
f  4355/5040/4091 4351/5036/4087 4350/5035/4086 4354/5039/4090
f  4350/5035/4086 4349/5034/4085 4353/5038/4089 4354/5039/4090
f  4333/5010/4069 4326/5001/4062 4336/5019/4072 4355/5040/4091
f  4336/5019/4072 4339/5022/4075 4351/5036/4087 4355/5040/4091
f  4346/5031/4082 4215/4882/3953 4213/4880/3951 4352/5037/4088
f  4351/5036/4087 4339/5022/4075 4346/5031/4082 4352/5037/4088
f  4356/5041/4092 4357/5042/4093 4358/5043/4094 4359/5044/4095
f  4360/5045/4096 4361/5046/4097 4362/5047/4098 4363/5048/4099
f  4362/5047/4098 4356/5041/4092 4359/5044/4095 4363/5048/4099
f  4361/5046/4097 4364/5049/4100 4365/5050/4101 4362/5047/4098
f  4365/5050/4101 4366/5051/4102 4356/5041/4092 4362/5047/4098
f  4366/5051/4102 4367/5052/4103 4357/5042/4093 4356/5041/4092
f  4358/5043/4094 4357/5042/4093 3543/4142/3282 3545/4144/3284
f  4357/5042/4093 4367/5052/4103 3544/4143/3283 3543/4142/3282
f  4368/5053/4104 4369/5054/4105 4370/5055/4106 4371/5056/4107
f  4372/5057/4108 4373/5058/4109 4369/5054/4105 4368/5053/4104
f  4374/5059/4110 4375/5060/4111 4376/5061/4112 4377/5062/4113
f  4369/5054/4105 4373/5058/4109 4374/5059/4110 4377/5062/4113
f  4370/5055/4106 4369/5054/4105 4377/5062/4113 4378/5063/4114
f  4377/5062/4113 4376/5061/4112 4379/5064/4115 4378/5063/4114
f  4379/5064/4115 4376/5061/4112 4380/5065/4116 4381/5066/4117
f  4380/5065/4116 4382/5067/4118 4383/5068/4119 4381/5066/4117
f  4376/5061/4112 4375/5060/4111 4384/5069/4120 4380/5065/4116
f  4384/5069/4120 4385/5070/4121 4382/5067/4118 4380/5065/4116
f  4386/5071/4122 4387/5072/4123 4388/5073/4124 4389/5074/4125
f  4382/5067/4118 4385/5070/4121 4386/5071/4122 4389/5074/4125
f  4383/5068/4119 4382/5067/4118 4389/5074/4125 4390/5075/4126
f  4389/5076/4125 4388/5077/4124 4391/5078/4127 4390/5079/4126
f  4392/5080/4128 4393/5081/4129 4394/5082/4130 4395/5083/4131
f  4394/5082/4130 4396/5084/4132 4397/5085/4133 4395/5083/4131
f  4391/5078/4127 4388/5077/4124 4398/5086/4134 4399/5087/4135
f  4398/5086/4134 4393/5081/4129 4392/5080/4128 4399/5087/4135
f  4388/5077/4124 4387/5088/4123 4400/5089/4136 4398/5086/4134
f  4400/5089/4136 4401/5090/4137 4393/5081/4129 4398/5086/4134
f  4402/5091/4138 4403/5092/4139 4396/5084/4132 4394/5082/4130
f  4393/5081/4129 4401/5090/4137 4402/5091/4138 4394/5082/4130
f  4404/5093/4140 4405/5094/4141 4406/5095/4142 4407/5096/4143
f  4406/5095/4142 4361/5046/4097 4360/5045/4096 4407/5096/4143
f  4397/5085/4133 4396/5084/4132 4408/5097/4144 4409/5098/4145
f  4408/5097/4144 4405/5094/4141 4404/5093/4140 4409/5098/4145
f  4396/5084/4132 4403/5092/4139 4410/5099/4146 4408/5097/4144
f  4410/5099/4146 4411/5100/4147 4405/5094/4141 4408/5097/4144
f  4412/5101/4148 4364/5049/4100 4361/5046/4097 4406/5095/4142
f  4405/5094/4141 4411/5100/4147 4412/5101/4148 4406/5095/4142
f  3520/4119/3259 4205/4872/3943 4413/5102/4149 3559/4158/3298
f  4414/5103/4150 3562/4161/3301 3559/4158/3298 4413/5102/4149
f  4413/5102/4149 4205/4872/3943 4217/4884/3955 4415/5104/4151
f  4216/4883/3954 4215/4882/3953 4344/5029/4080 4416/5105/4152
f  4415/5104/4151 4217/4884/3955 4216/4883/3954 4416/5105/4152
f  4344/5029/4080 4343/5028/4079 4417/5106/4153 4416/5105/4152
f  4417/5106/4153 4418/5107/4154 4415/5104/4151 4416/5105/4152
f  4414/5103/4150 4413/5102/4149 4415/5104/4151 4418/5107/4154
f  4419/5108/4155 4420/5109/4156 4421/5110/4157 4422/5111/4158
f  4421/5112/4157 4423/5113/4159 4424/5114/4160 4422/5115/4158
f  4319/4993/4055 4315/4989/4051 4425/5116/4161 4426/5117/4162
f  4425/5116/4161 4424/5114/4160 4423/5113/4159 4426/5117/4162
f  4315/5118/4051 4231/4898/3969 4230/4897/3968 4425/5119/4161
f  4230/4897/3968 4229/4896/3967 4424/5120/4160 4425/5119/4161
f  4228/4895/3966 4227/4894/3965 4419/5108/4155 4422/5111/4158
f  4424/5120/4160 4229/4896/3967 4228/4895/3966 4422/5111/4158
f  4420/5109/4156 4419/5108/4155 4427/5121/4163 4428/5122/4164
f  4427/5121/4163 4429/5123/4165 4430/5124/4166 4428/5122/4164
f  4419/5108/4155 4227/4894/3965 4246/4913/3984 4427/5121/4163
f  4246/4913/3984 4245/4912/3983 4429/5123/4165 4427/5121/4163
f  4429/5123/4165 4245/4912/3983 4244/4911/3982 4431/5125/4167
f  4432/5126/4168 4430/5124/4166 4429/5123/4165 4431/5125/4167
f  4433/5127/4169 4434/5128/4170 4349/5034/4085 4347/5032/4083
f  4301/4971/4039 4434/5128/4170 4433/5127/4169 4302/4972/4040
f  4283/4950/4021 4307/4977/4043 4435/5129/4171 4300/4970/4038
f  4435/5129/4171 4434/5128/4170 4301/4971/4039 4300/4970/4038
f  4349/5034/4085 4434/5128/4170 4435/5129/4171 4353/5038/4089
f  4435/5129/4171 4307/4977/4043 4306/4976/4042 4353/5038/4089
f  4202/4869/3940 4201/4868/3939 4436/5130/4172 4206/4873/3944
f  4436/5130/4172 4201/4868/3939 4191/4858/3930 4190/4857/3929
f  4437/5131/4173 4117/4778/3856 4116/4777/3855 4438/5132/4174
f  4116/4777/3855 4120/4781/3859 4439/5133/4175 4438/5132/4174
f  4439/5134/4175 4440/5135/4176 4441/5136/4177 4438/5137/4174
f  4441/5136/4177 4442/5138/4178 4437/5139/4173 4438/5137/4174
f  4120/4781/3859 4122/4783/3861 4443/5140/4179 4439/5133/4175
f  4443/5141/4179 4444/2963/4180 4440/5135/4176 4439/5134/4175
f  4445/5142/4181 4367/5052/4103 4366/5051/4102 4446/5143/4182
f  4440/5135/4176 4444/2963/4180 4445/5144/4181 4446/5145/4182
f  4365/5050/4101 4364/5049/4100 4447/5146/4183 4448/5147/4184
f  4447/5148/4183 4442/5138/4178 4441/5136/4177 4448/5149/4184
f  4441/5136/4177 4440/5135/4176 4446/5145/4182 4448/5149/4184
f  4446/5143/4182 4366/5051/4102 4365/5050/4101 4448/5147/4184
f  4443/5140/4179 4122/4783/3861 3458/4057/3197 3582/4183/3321
f  3585/4187/3324 4444/2963/4180 4443/5141/4179 3582/4188/3321
f  3544/4143/3283 4367/5052/4103 4445/5142/4181 3588/4191/3327
f  4445/5144/4181 4444/2963/4180 3585/4187/3324 3588/4192/3327
f  4130/5150/3869 4128/5151/3867 4449/5152/4185 4450/5153/4186
f  4449/5152/4185 4451/5154/4187 4452/5155/4188 4450/5153/4186
f  4125/5156/3864 4124/5157/3863 4453/5158/4189 4454/5159/4190
f  4453/5158/4189 4455/5160/4191 4456/5161/4192 4454/5159/4190
f  4456/5161/4192 4451/5154/4187 4449/5152/4185 4454/5159/4190
f  4449/5152/4185 4128/5151/3867 4125/5156/3864 4454/5159/4190
f  4457/5162/4193 4375/5060/4111 4374/5059/4110 4458/5163/4194
f  4374/5059/4110 4373/5058/4109 4459/5164/4195 4458/5163/4194
f  4459/5165/4195 4451/5154/4187 4456/5161/4192 4458/5166/4194
f  4456/5161/4192 4455/5160/4191 4457/5167/4193 4458/5166/4194
f  4452/5168/4188 4451/5169/4187 4459/5164/4195 4460/5170/4196
f  4459/5164/4195 4373/5058/4109 4372/5057/4108 4460/5170/4196
f  4453/5158/4189 4124/5157/3863 4138/5171/3877 4461/5172/4197
f  4138/5171/3877 4136/5173/3875 4462/5174/4198 4461/5172/4197
f  4462/5174/4198 4463/5175/4199 4464/5176/4200 4461/5172/4197
f  4464/5176/4200 4455/5160/4191 4453/5158/4189 4461/5172/4197
f  4133/5177/3872 4132/5178/3871 4465/5179/4201 4466/5180/4202
f  4465/5179/4201 4467/5181/4203 4468/5182/4204 4466/5180/4202
f  4468/5182/4204 4463/5175/4199 4462/5174/4198 4466/5180/4202
f  4462/5174/4198 4136/5173/3875 4133/5177/3872 4466/5180/4202
f  4469/5183/4205 4387/5072/4123 4386/5071/4122 4470/5184/4206
f  4386/5071/4122 4385/5070/4121 4471/5185/4207 4470/5184/4206
f  4471/5186/4207 4463/5175/4199 4468/5182/4204 4470/5187/4206
f  4468/5182/4204 4467/5181/4203 4469/5188/4205 4470/5187/4206
f  4384/5069/4120 4375/5060/4111 4457/5162/4193 4472/5189/4208
f  4457/5167/4193 4455/5160/4191 4464/5176/4200 4472/5190/4208
f  4464/5176/4200 4463/5175/4199 4471/5186/4207 4472/5190/4208
f  4471/5185/4207 4385/5070/4121 4384/5069/4120 4472/5189/4208
f  4465/5179/4201 4132/5178/3871 4140/5191/3879 4473/5192/4209
f  4140/5191/3879 4142/5193/3881 4474/5194/4210 4473/5192/4209
f  4474/5194/4210 4475/5195/4211 4476/5196/4212 4473/5192/4209
f  4476/5196/4212 4467/5181/4203 4465/5179/4201 4473/5192/4209
f  4145/5197/3884 4144/5198/3883 4477/5199/4213 4478/5200/4214
f  4477/5199/4213 4479/5201/4215 4480/5202/4216 4478/5200/4214
f  4480/5202/4216 4475/5195/4211 4474/5194/4210 4478/5200/4214
f  4474/5194/4210 4142/5193/3881 4145/5197/3884 4478/5200/4214
f  4481/5203/4217 4403/5092/4139 4402/5091/4138 4482/5204/4218
f  4402/5091/4138 4401/5090/4137 4483/5205/4219 4482/5204/4218
f  4483/5206/4219 4475/5195/4211 4480/5202/4216 4482/5207/4218
f  4480/5202/4216 4479/5201/4215 4481/5208/4217 4482/5207/4218
f  4400/5209/4136 4387/5072/4123 4469/5183/4205 4484/5210/4220
f  4469/5188/4205 4467/5181/4203 4476/5196/4212 4484/5211/4220
f  4476/5196/4212 4475/5195/4211 4483/5206/4219 4484/5211/4220
f  4483/5205/4219 4401/5090/4137 4400/5089/4136 4484/5212/4220
f  4477/5199/4213 4144/5198/3883 4148/5213/3887 4485/5214/4221
f  4148/5213/3887 4150/5215/3889 4486/5216/4222 4485/5214/4221
f  4486/5216/4222 4487/5217/4223 4488/5218/4224 4485/5214/4221
f  4488/5218/4224 4479/5201/4215 4477/5199/4213 4485/5214/4221
f  4152/4815/3891 4117/4778/3856 4437/5131/4173 4489/5219/4225
f  4437/5139/4173 4442/5138/4178 4490/5220/4226 4489/5221/4225
f  4490/5220/4226 4487/5217/4223 4486/5216/4222 4489/5221/4225
f  4486/5222/4222 4150/4813/3889 4152/4815/3891 4489/5219/4225
f  4447/5146/4183 4364/5049/4100 4412/5101/4148 4491/5223/4227
f  4412/5101/4148 4411/5100/4147 4492/5224/4228 4491/5223/4227
f  4492/5225/4228 4487/5217/4223 4490/5220/4226 4491/5226/4227
f  4490/5220/4226 4442/5138/4178 4447/5148/4183 4491/5226/4227
f  4410/5099/4146 4403/5092/4139 4481/5203/4217 4493/5227/4229
f  4481/5208/4217 4479/5201/4215 4488/5218/4224 4493/5228/4229
f  4488/5218/4224 4487/5217/4223 4492/5225/4228 4493/5228/4229
f  4492/5224/4228 4411/5100/4147 4410/5099/4146 4493/5227/4229
f  4494/5229/4230 4495/5230/4231 4496/5231/4232 4497/5232/4233
f  4495/5230/4231 4498/5233/4234 4499/5234/4235 4496/5231/4232
f  4500/5235/4236 4501/5236/4237 4502/5237/4238 4503/5238/4239
f  4498/5233/4234 4500/5235/4236 4503/5238/4239 4499/5234/4235
f  4504/5239/4240 4505/5240/4241 4506/5241/4242 4507/5242/4243
f  4505/5240/4241 4508/5243/4244 4509/5244/4245 4506/5241/4242
f  4510/5245/4246 4494/5229/4230 4497/5232/4233 4511/5246/4247
f  4508/5243/4244 4510/5245/4246 4511/5246/4247 4509/5244/4245
f  4512/5247/4248 4504/5239/4240 4507/5242/4243 4513/5248/4249
f  4514/5249/4250 4512/5247/4248 4513/5248/4249 4515/5250/4251
f  4516/5251/4252 4514/5249/4250 4515/5250/4251 4517/5252/4253
f  3611/4227/3350 4516/5251/4252 4517/5252/4253 3612/4228/3351
f  4518/5253/4254 4519/5254/4255 4520/5255/4256 4521/5256/4257
f  4522/5257/4258 4523/5258/4259 4524/5259/4260 4525/5260/4261
f  4523/5258/4259 4518/5253/4254 4521/5256/4257 4524/5259/4260
f  4526/5261/4262 4522/5257/4258 4525/5260/4261 4527/5262/4263
f  4528/5263/4264 4526/5261/4262 4527/5262/4263 4529/5264/4265
f  4501/5236/4237 4530/5265/4266 4531/5266/4267 4502/5237/4238
f  4530/5267/4266 4528/5263/4264 4529/5264/4265 4531/5268/4267
f  4320/4994/4056 4319/4993/4055 4532/5269/4268 4533/5270/4269
f  4534/5271/4270 4321/4995/4057 4320/4994/4056 4533/5270/4269
f  4535/5272/4271 4391/5078/4127 4399/5087/4135 4536/5273/4272
f  4399/5087/4135 4392/5080/4128 4537/5274/4273 4536/5273/4272
f  4537/5274/4273 4534/5275/4270 4533/5276/4269 4536/5273/4272
f  4533/5277/4269 4532/5278/4268 4535/5279/4271 4536/5280/4272
f  4395/5083/4131 4397/5085/4133 4538/5281/4274 4539/5282/4275
f  4538/5281/4274 4540/5283/4276 4541/5284/4277 4539/5282/4275
f  4541/5284/4277 4534/5275/4270 4537/5274/4273 4539/5282/4275
f  4537/5274/4273 4392/5080/4128 4395/5083/4131 4539/5282/4275
f  4540/5285/4276 4323/4997/4059 4322/4996/4058 4541/5286/4277
f  4322/4996/4058 4321/4995/4057 4534/5271/4270 4541/5286/4277
f  4340/5025/4076 4323/5287/4059 4540/5283/4276 4542/5288/4278
f  4543/5289/4279 4341/5026/4077 4340/5025/4076 4542/5288/4278
f  4538/5281/4274 4397/5085/4133 4409/5098/4145 4544/5290/4280
f  4409/5098/4145 4404/5093/4140 4545/5291/4281 4544/5290/4280
f  4545/5291/4281 4543/5289/4279 4542/5288/4278 4544/5290/4280
f  4542/5288/4278 4540/5283/4276 4538/5281/4274 4544/5290/4280
f  4407/5096/4143 4360/5045/4096 4546/5292/4282 4547/5293/4283
f  4546/5292/4282 4548/5294/4284 4549/5295/4285 4547/5293/4283
f  4549/5295/4285 4543/5289/4279 4545/5291/4281 4547/5293/4283
f  4545/5291/4281 4404/5093/4140 4407/5096/4143 4547/5293/4283
f  4548/5294/4284 4343/5028/4079 4342/5027/4078 4549/5295/4285
f  4342/5027/4078 4341/5026/4077 4543/5289/4279 4549/5295/4285
f  4359/5044/4095 4358/5043/4094 4550/5296/4286 4551/5297/4287
f  4550/5296/4286 4552/5298/4288 4553/5299/4289 4551/5297/4287
f  4552/5298/4288 4414/5103/4150 4418/5107/4154 4553/5299/4289
f  4417/5106/4153 4343/5028/4079 4548/5294/4284 4554/5300/4290
f  4553/5299/4289 4418/5107/4154 4417/5106/4153 4554/5300/4290
f  4546/5292/4282 4360/5045/4096 4363/5048/4099 4555/5301/4291
f  4363/5048/4099 4359/5044/4095 4551/5297/4287 4555/5301/4291
f  4551/5297/4287 4553/5299/4289 4554/5300/4290 4555/5301/4291
f  4554/5300/4290 4548/5294/4284 4546/5292/4282 4555/5301/4291
f  3562/4161/3301 4414/5103/4150 4552/5298/4288 3626/4242/3365
f  4550/5296/4286 4358/5043/4094 3545/4144/3284 3623/4239/3362
f  3626/4242/3365 4552/5298/4288 4550/5296/4286 3623/4239/3362
f  4378/5063/4114 4379/5064/4115 4556/5302/4292 4557/5303/4293
f  4556/5302/4292 4558/5304/4294 4559/5305/4295 4557/5303/4293
f  4559/5305/4295 4560/5306/4296 4561/5307/4297 4557/5303/4293
f  4561/5307/4297 4370/5055/4106 4378/5063/4114 4557/5303/4293
f  4558/5304/4294 4420/5109/4156 4428/5122/4164 4559/5305/4295
f  4428/5122/4164 4430/5124/4166 4560/5306/4296 4559/5305/4295
f  4560/5306/4296 4430/5124/4166 4432/5126/4168 4562/5308/4298
f  4371/5056/4107 4370/5055/4106 4561/5307/4297 4563/5309/4299
f  4561/5307/4297 4560/5306/4296 4562/5308/4298 4563/5309/4299
f  4390/5075/4126 4391/5310/4127 4535/5279/4271 4564/5311/4300
f  4535/5279/4271 4532/5278/4268 4565/5312/4301 4564/5311/4300
f  4565/5312/4301 4566/5313/4302 4567/5314/4303 4564/5311/4300
f  4567/5314/4303 4383/5068/4119 4390/5075/4126 4564/5311/4300
f  4532/5269/4268 4319/4993/4055 4426/5117/4162 4565/5315/4301
f  4426/5316/4162 4423/5317/4159 4566/5313/4302 4565/5312/4301
f  4421/5110/4157 4420/5109/4156 4558/5304/4294 4568/5318/4304
f  4566/5313/4302 4423/5317/4159 4421/5110/4157 4568/5318/4304
f  4556/5302/4292 4379/5064/4115 4381/5066/4117 4569/5319/4305
f  4381/5066/4117 4383/5068/4119 4567/5314/4303 4569/5319/4305
f  4567/5314/4303 4566/5313/4302 4568/5318/4304 4569/5319/4305
f  4568/5318/4304 4558/5304/4294 4556/5302/4292 4569/5319/4305
f  4570/5320/4306 4209/4876/3947 4206/4873/3944 4571/5321/4307
f  3948/4593/3687 2652/3145/2397 2651/3144/2396 3946/4591/3685
f  3943/4588/3682 3946/4591/3685 2651/3144/2396 2653/3146/2398
f  3949/4594/3688 3943/4588/3682 2653/3146/2398 2654/3147/2399
f  3949/4594/3688 2654/3147/2399 1672/2030/1419 3414/4013/3153
f  4020/4665/3759 4023/4668/3762 2656/3149/2401 2655/3148/2400
f  4023/4668/3762 4025/4670/3764 2657/3150/2402 2656/3149/2401
f  4025/4670/3764 4027/4672/3766 2658/3151/2403 2657/3150/2402
f  4028/4673/3767 4031/4676/3770 2660/3153/2405 2659/3152/2404
f  4031/4676/3770 4033/4678/3772 2661/3154/2406 2660/3153/2405
f  4035/4680/3774 4020/4665/3759 2655/3148/2400 2662/3155/2407
f  4033/4678/3772 4035/4680/3774 2662/3155/2407 2661/3154/2406
f  4039/4684/3778 4028/4686/3767 2659/3157/2404 2663/3156/2408
f  4036/4681/3775 4039/4684/3778 2663/3156/2408 2664/3158/2409
f  4040/4687/3779 4043/4690/3782 2666/3160/2411 2665/3159/2410
f  4043/4690/3782 4036/4681/3775 2664/3158/2409 2666/3160/2411
f  4053/4701/3792 4040/4687/3779 2665/3159/2410 2667/3161/2412
f  4052/4700/3791 4053/4701/3792 2667/3161/2412 2668/3162/2413
f  3948/4593/3687 4055/4703/3794 2669/3163/2414 2652/3145/2397
f  4055/4703/3794 4052/4700/3791 2668/3162/2413 2669/3163/2414
f  4197/4864/3936 2671/3165/2416 2670/3164/2415 4196/4863/3935
f  4194/4861/3933 4196/4863/3935 2670/3164/2415 2672/3166/2417
f  4200/4867/3938 4194/4861/3933 2672/3166/2417 2673/3167/2418
f  4197/4864/3936 3506/4105/3245 2674/3168/2419 2671/3165/2416
f  4272/4939/4010 2676/3169/2421 2675/2032/2420 4271/4938/4009
f  2677/3170/2422 4270/4937/4008 4271/4938/4009 2675/2032/2420
f  4270/4937/4008 2677/3170/2422 2678/3171/2423 4273/4940/4011
f  4280/4947/4018 2680/3173/2425 2679/3172/2424 4279/4946/4017
f  2681/3174/2426 4278/4945/4016 4279/4946/4017 2679/3172/2424
f  2676/3169/2421 4272/4939/4010 4281/4948/4019 2682/3175/2427
f  4278/4945/4016 2681/3174/2426 2682/3175/2427 4281/4948/4019
f  4290/4957/4028 2684/3177/2429 2683/3176/2428 4289/4956/4027
f  2685/3178/2430 4288/4955/4026 4289/4956/4027 2683/3176/2428
f  2680/3179/2425 4280/4958/4018 4292/4961/4030 2686/3180/2431
f  4288/4955/4026 2685/3178/2430 2686/3180/2431 4292/4961/4030
f  4200/4867/3938 2673/3167/2418 2687/3181/2432 4297/4967/4035
f  2688/3182/2433 4294/4964/4032 4297/4967/4035 2687/3181/2432
f  2684/3177/2429 4290/4957/4028 4299/4969/4037 2689/3183/2434
f  4294/4964/4032 2688/3182/2433 2689/3183/2434 4299/4969/4037
f  4119/4780/3858 4118/4779/3857 4504/5239/4240 4512/5247/4248
f  4121/4782/3860 4119/4780/3858 4512/5247/4248 4514/5249/4250
f  4123/4784/3862 4121/4782/3860 4514/5249/4250 4516/5251/4252
f  3459/4058/3198 4123/4784/3862 4516/5251/4252 3611/4227/3350
f  4127/4788/3866 4126/4787/3865 4523/5258/4259 4522/5257/4258
f  4126/4787/3865 4129/4790/3868 4518/5253/4254 4523/5258/4259
f  4129/4790/3868 4131/4792/3870 4519/5254/4255 4518/5253/4254
f  4135/4796/3874 4134/4795/3873 4530/5265/4266 4501/5236/4237
f  4134/4795/3873 4137/4798/3876 4528/5322/4264 4530/5265/4266
f  4139/4800/3878 4127/4788/3866 4522/5257/4258 4526/5261/4262
f  4137/4802/3876 4139/4800/3878 4526/5261/4262 4528/5263/4264
f  4141/4804/3880 4135/4796/3874 4501/5236/4237 4500/5235/4236
f  4143/4806/3882 4141/4804/3880 4500/5235/4236 4498/5233/4234
f  4147/4810/3886 4146/4809/3885 4495/5230/4231 4494/5229/4230
f  4146/4809/3885 4143/4806/3882 4498/5233/4234 4495/5230/4231
f  4149/4812/3888 4147/4810/3886 4494/5229/4230 4510/5245/4246
f  4151/4814/3890 4149/4812/3888 4510/5245/4246 4508/5243/4244
f  4118/4779/3857 4153/4816/3892 4505/5240/4241 4504/5239/4240
f  4153/4816/3892 4151/4814/3890 4508/5243/4244 4505/5240/4241
f  4497/5232/4233 4496/5231/4232 4572/5323/4308 4573/5324/4309
f  4496/5231/4232 4499/5234/4235 4574/5325/4310 4572/5323/4308
f  4503/5238/4239 4502/5237/4238 4575/5326/4311 4576/5327/4312
f  4499/5234/4235 4503/5238/4239 4576/5327/4312 4574/5325/4310
f  4507/5242/4243 4506/5241/4242 4577/5328/4313 4578/5329/4314
f  4506/5241/4242 4509/5244/4245 4579/5330/4315 4577/5328/4313
f  4511/5246/4247 4497/5232/4233 4573/5324/4309 4580/5331/4316
f  4509/5244/4245 4511/5246/4247 4580/5331/4316 4579/5330/4315
f  4513/5248/4249 4507/5242/4243 4578/5329/4314 4581/5332/4317
f  4515/5250/4251 4513/5248/4249 4581/5332/4317 4582/5333/4318
f  4517/5252/4253 4515/5250/4251 4582/5333/4318 4583/5334/4319
f  3612/4228/3351 4517/5252/4253 4583/5334/4319 3632/4248/3371
f  4521/5256/4257 4520/5255/4256 4584/5335/4320 4585/5336/4321
f  4525/5260/4261 4524/5259/4260 4586/5337/4322 4587/5338/4323
f  4524/5259/4260 4521/5256/4257 4585/5336/4321 4586/5337/4322
f  4527/5262/4263 4525/5260/4261 4587/5338/4323 4588/5339/4324
f  4529/5264/4265 4527/5262/4263 4588/5339/4324 4589/5340/4325
f  4502/5237/4238 4531/5266/4267 4590/5341/4326 4575/5326/4311
f  4531/5268/4267 4529/5264/4265 4589/5340/4325 4590/5342/4326
f  4066/5343/3805 4065/5344/3804 4573/5324/4309 4572/5323/4308
f  4069/5345/3808 4066/5343/3805 4572/5323/4308 4574/5325/4310
f  4072/5346/3811 4071/5347/3810 4576/5348/4312 4575/5349/4311
f  4071/4722/3810 4069/4720/3808 4574/5350/4310 4576/5351/4312
f  4093/4752/3832 4092/4751/3831 4578/5329/4314 4577/5328/4313
f  4096/4755/3835 4093/4752/3832 4577/5328/4313 4579/5330/4315
f  4065/5344/3804 4098/4759/3837 4580/5331/4316 4573/5324/4309
f  4098/4759/3837 4096/4755/3835 4579/5330/4315 4580/5331/4316
f  4092/4751/3831 4157/4820/3896 4581/5332/4317 4578/5329/4314
f  4157/4820/3896 4159/4822/3898 4582/5333/4318 4581/5332/4317
f  4159/4822/3898 4154/4817/3893 4583/5334/4319 4582/5333/4318
f  4154/4817/3893 3473/4072/3212 3632/4248/3371 4583/5334/4319
f  4182/4849/3921 4180/4847/3919 4585/5336/4321 4584/5335/4320
f  4178/4845/3917 4170/4835/3909 4587/5338/4323 4586/5337/4322
f  4180/4847/3919 4178/4845/3917 4586/5337/4322 4585/5336/4321
f  4170/4835/3909 4169/4834/3908 4588/5339/4324 4587/5338/4323
f  4169/4834/3908 4167/5352/3906 4589/5340/4325 4588/5339/4324
f  4165/5353/3904 4072/5346/3811 4575/5349/4311 4590/5342/4326
f  4167/5352/3906 4165/5353/3904 4590/5342/4326 4589/5340/4325
f  4068/4719/3807 4067/4718/3806 4083/4737/3822 4082/5354/3821
f  4067/4718/3806 4070/4721/3809 4079/4731/3818 4083/4737/3822
f  4074/4725/3813 4073/4724/3812 4075/4726/3814 4077/4729/3816
f  4070/4721/3809 4074/4725/3813 4077/4729/3816 4079/4731/3818
f  4095/4754/3834 4094/4753/3833 4106/4767/3845 4105/4766/3844
f  4094/4753/3833 4097/4756/3836 4103/4764/3842 4106/4767/3845
f  4099/4758/3838 4068/4719/3807 4082/5354/3821 4101/5355/3840
f  4097/4756/3836 4099/4760/3838 4101/4762/3840 4103/4764/3842
f  3474/4073/3213 4155/4818/3894 4156/4819/3895 3468/4067/3207
f  4158/4821/3897 4095/4754/3834 4105/4766/3844 4161/4824/3900
f  4160/4823/3899 4158/4821/3897 4161/4824/3900 4162/4825/3901
f  4155/4818/3894 4160/4823/3899 4162/4825/3901 4156/4819/3895
f  4073/4724/3812 4166/4831/3905 4163/4827/3902 4075/4726/3814
f  4166/4831/3905 4168/4833/3907 4164/5356/3903 4163/4827/3902
f  4172/4837/3911 4171/4836/3910 4173/4840/3912 4174/4841/3913
f  4168/4833/3907 4172/4839/3911 4174/5357/3913 4164/5356/3903
f  4171/4836/3910 4179/4846/3918 4177/4844/3916 4173/4840/3912
f  4179/4846/3918 4181/4848/3920 4175/4842/3914 4177/4844/3916
f  4181/4848/3920 4183/4850/3922 4176/4843/3915 4175/4842/3914
f  4591/5358/4327 4592/5359/4328 4593/5360/4329 4594/5361/4330
f  4595/5362/4331 4596/5363/4332 4597/5364/4333 4598/5365/4334
f  4597/5364/4333 4591/5358/4327 4594/5361/4330 4598/5365/4334
f  4599/5366/4335 4600/5367/4336 4596/5363/4332 4595/5362/4331
f  4601/5368/4337 4600/5367/4336 4599/5366/4335 4602/5369/4338
f  4603/5370/4339 4604/5371/4340 4605/5372/4341 4606/5373/4342
f  4604/5371/4340 4601/5368/4337 4602/5369/4338 4605/5372/4341
f  3996/4641/3735 4592/5359/4328 4591/5358/4327 3997/4642/3736
f  4597/5364/4333 4596/5363/4332 3998/4643/3737 4001/4646/3740
f  3997/4642/3736 4591/5358/4327 4597/5364/4333 4001/4646/3740
f  4596/5363/4332 4600/5367/4336 4018/4663/3757 3998/4643/3737
f  4018/4663/3757 4600/5367/4336 4601/5368/4337 4019/4664/3758
f  4019/4664/3758 4601/5368/4337 4604/5371/4340 4026/4671/3765
f  4026/4671/3765 4604/5371/4340 4603/5370/4339 4027/4672/3766
f  4607/5374/4343 4608/5375/4344 4609/5376/4345 4610/5377/4346
f  4611/5378/4347 4608/5375/4344 4607/5374/4343 4612/5379/4348
f  4613/5380/4349 4611/5378/4347 4612/5379/4348 4614/5381/4350
f  4615/5382/4351 4613/5380/4349 4614/5381/4350 4616/5383/4352
f  4617/5384/4353 4618/5385/4354 4619/5386/4355 4620/5387/4356
f  4130/4791/3869 4617/5384/4353 4620/5387/4356 4131/4792/3870
f  4621/5388/4357 4622/5389/4358 4623/5390/4359 4624/5391/4360
f  4625/5392/4361 4626/5393/4362 4627/5394/4363 4628/5395/4364
f  4629/5396/4365 4630/5397/4366 4626/5393/4362 4625/5392/4361
f  4631/5398/4367 4632/5399/4368 4633/5400/4369 4634/5401/4370
f  4632/5399/4368 4630/5397/4366 4629/5396/4365 4633/5400/4369
f  4593/5360/4329 4592/5359/4328 4635/5402/4371 4636/5403/4372
f  4637/5404/4373 4638/5405/4374 4639/5406/4375 4640/5407/4376
f  4635/5402/4371 4592/5359/4328 3996/4641/3735 4176/4843/3915
f  4182/4849/3921 4637/5404/4373 4640/5407/4376 4183/4850/3922
f  4641/5408/4377 4642/5409/4378 4643/5410/4379 4644/5411/4380
f  4643/5410/4379 4645/5412/4381 4646/5413/4382 4644/5411/4380
f  4647/5414/4383 4645/5412/4381 4643/5410/4379 4648/5415/4384
f  4643/5410/4379 4642/5409/4378 4649/5416/4385 4648/5415/4384
f  4650/5417/4386 4651/5418/4387 4652/5419/4388 4653/5420/4389
f  4651/5418/4387 4654/5421/4390 4655/5422/4391 4652/5419/4388
f  4656/5423/4392 4657/5424/4393 4658/5425/4394 4659/5426/4395
f  4658/5425/4394 4660/5427/4396 4661/5428/4397 4659/5426/4395
f  4657/5424/4393 4641/5408/4377 4644/5411/4380 4658/5425/4394
f  4644/5411/4380 4646/5413/4382 4660/5427/4396 4658/5425/4394
f  4654/5421/4390 4662/5429/4398 4663/5430/4399 4655/5422/4391
f  4662/5429/4398 4664/5431/4400 4665/5432/4401 4663/5430/4399
f  4616/5383/4352 4614/5381/4350 4666/5433/4402 4667/5434/4403
f  4614/5381/4350 4612/5379/4348 4668/5435/4404 4666/5433/4402
f  4666/5433/4402 4668/5435/4404 4641/5408/4377 4657/5424/4393
f  4667/5434/4403 4666/5433/4402 4657/5424/4393 4656/5423/4392
f  4669/5436/4405 4607/5374/4343 4610/5377/4346 4670/5437/4406
f  4642/5409/4378 4669/5436/4405 4670/5437/4406 4649/5416/4385
f  4668/5435/4404 4669/5436/4405 4642/5409/4378 4641/5408/4377
f  4612/5379/4348 4607/5374/4343 4669/5436/4405 4668/5435/4404
f  4671/5438/4407 4672/5439/4408 4673/5440/4409 4674/5441/4410
f  4675/5442/4411 4676/5443/4412 4677/5444/4413 4678/5445/4414
f  4679/5446/4415 4680/5447/4416 4681/5448/4417 4682/5449/4418
f  4680/5447/4416 4671/5438/4407 4674/5441/4410 4681/5448/4417
f  4678/5445/4414 4677/5444/4413 4683/5450/4419 4684/5451/4420
f  4684/5451/4420 4683/5450/4419 4685/5452/4421 4686/5453/4422
f  4687/5454/4423 4679/5446/4415 4682/5449/4418 4688/5455/4424
f  4688/5455/4424 4689/5456/4425 4690/5457/4426 4687/5454/4423
f  4686/5453/4422 4685/5452/4421 4691/5458/4427 4692/5459/4428
f  4693/5460/4429 4694/5461/4430 4692/5459/4428 4691/5458/4427
f  4695/5462/4431 4696/5463/4432 4694/5461/4430 4693/5460/4429
f  4697/5464/4433 4680/5447/4416 4679/5446/4415 4698/5465/4434
f  4649/5416/4385 4670/5437/4406 4699/5466/4435 4700/5467/4436
f  4699/5466/4435 4697/5464/4433 4698/5465/4434 4700/5467/4436
f  4670/5437/4406 4610/5377/4346 4701/5468/4437 4699/5466/4435
f  4701/5468/4437 4702/5469/4438 4697/5464/4433 4699/5466/4435
f  4702/5469/4438 4671/5438/4407 4680/5447/4416 4697/5464/4433
f  4703/5470/4439 4631/5398/4367 4634/5401/4370 4704/5471/4440
f  4705/5472/4441 4706/5473/4442 4703/5470/4439 4704/5471/4440
f  4707/5474/4443 4708/5475/4444 4706/5473/4442 4705/5472/4441
f  4698/5465/4434 4679/5446/4415 4687/5454/4423 4709/5476/4445
f  4687/5454/4423 4690/5457/4426 4710/5477/4446 4709/5476/4445
f  4696/5463/4432 4695/5462/4431 4711/5478/4447 4712/5479/4448
f  4713/5480/4449 4650/5417/4386 4653/5420/4389 4714/5481/4450
f  4712/5479/4448 4711/5478/4447 4713/5480/4449 4714/5481/4450
f  4648/5415/4384 4649/5416/4385 4700/5467/4436 4715/5482/4451
f  4700/5467/4436 4698/5465/4434 4709/5476/4445 4715/5482/4451
f  4709/5476/4445 4710/5477/4446 4716/5483/4452 4715/5482/4451
f  4716/5483/4452 4647/5414/4383 4648/5415/4384 4715/5482/4451
f  4717/5484/4453 4672/5439/4408 4671/5438/4407 4702/5469/4438
f  4610/5377/4346 4609/5376/4345 4718/5485/4454 4701/5468/4437
f  4718/5485/4454 4717/5484/4453 4702/5469/4438 4701/5468/4437
f  4624/5391/4360 4623/5390/4359 4719/5486/4455 4720/5487/4456
f  4720/5488/4456 4719/5489/4455 4721/5490/4457 4722/5491/4458
f  4722/5491/4458 4721/5490/4457 4723/5492/4459 4724/5493/4460
f  4725/5494/4461 4726/5495/4462 4724/5493/4460 4723/5492/4459
f  4708/5475/4444 4707/5474/4443 4726/5495/4462 4725/5494/4461
f  4727/5496/4463 4728/5497/4464 4729/5498/4465 4730/5499/4466
f  4731/5500/4467 4732/5501/4468 4733/5502/4469 4734/5503/4470
f  4730/5499/4466 4729/5498/4465 4731/5500/4467 4734/5503/4470
f  4732/5501/4468 4735/5504/4471 4736/5505/4472 4733/5502/4469
f  4736/5505/4472 4735/5504/4471 4737/5506/4473 4738/5507/4474
f  4738/5507/4474 4737/5506/4473 4739/5508/4475 4740/5509/4476
f  4740/5509/4476 4739/5508/4475 4741/5510/4477 4742/5511/4478
f  4243/4910/3981 4732/5501/4468 4731/5500/4467 4241/4908/3979
f  4731/5500/4467 4729/5498/4465 4238/4905/3976 4241/4908/3979
f  4729/5498/4465 4728/5497/4464 4244/4911/3982 4238/4905/3976
f  4261/4928/3999 4735/5504/4471 4732/5501/4468 4243/4910/3981
f  4737/5506/4473 4735/5504/4471 4261/4928/3999 4265/4932/4003
f  4739/5508/4475 4737/5506/4473 4265/4932/4003 4267/4934/4005
f  4741/5510/4477 4739/5508/4475 4267/4934/4005 4273/4940/4011
f  4743/5512/4479 4744/5513/4480 4745/5514/4481 4746/5515/4482
f  4745/5514/4481 4744/5513/4480 4747/5516/4483 4748/5517/4484
f  4748/5517/4484 4747/5516/4483 4749/5518/4485 4750/5519/4486
f  4750/5519/4486 4749/5518/4485 4751/5520/4487 4752/5521/4488
f  4753/5522/4489 4754/5523/4490 4755/5524/4491 4756/5525/4492
f  4756/5525/4492 4755/5524/4491 4757/5526/4493 4758/5527/4494
f  4757/5526/4493 4755/5524/4491 4368/5053/4104 4371/5056/4107
f  4755/5524/4491 4754/5523/4490 4372/5057/4108 4368/5053/4104
f  4759/5528/4495 4760/5529/4496 4761/5530/4497 4762/5531/4498
f  4763/5532/4499 4764/5533/4500 4760/5529/4496 4759/5528/4495
f  4765/5534/4501 4766/5535/4502 4767/5536/4503 4768/5537/4504
f  4769/5538/4505 4765/5534/4501 4768/5537/4504 4770/5539/4506
f  4771/5540/4507 4772/5541/4508 4765/5534/4501 4769/5538/4505
f  4772/5541/4508 4773/5542/4509 4766/5535/4502 4765/5534/4501
f  4774/5543/4510 4775/5544/4511 4776/5545/4512 4777/5546/4513
f  4778/5547/4514 4774/5543/4510 4777/5546/4513 4779/5548/4515
f  4766/5535/4502 4774/5543/4510 4778/5547/4514 4767/5536/4503
f  4773/5542/4509 4775/5544/4511 4774/5543/4510 4766/5535/4502
f  4780/5549/4516 4781/5550/4517 4782/5551/4518 4783/5552/4519
f  4781/5550/4517 4728/5497/4464 4727/5496/4463 4782/5551/4518
f  4244/4911/3982 4728/5497/4464 4781/5550/4517 4431/5125/4167
f  4781/5550/4517 4780/5549/4516 4432/5126/4168 4431/5125/4167
f  4784/5553/4520 4785/5554/4521 4786/5555/4522 4787/5556/4523
f  4788/5557/4524 4789/5558/4525 4790/5559/4526 4791/5560/4527
f  4790/5559/4526 4785/5554/4521 4784/5553/4520 4791/5560/4527
f  4792/5561/4528 4785/5554/4521 4790/5559/4526 4793/5562/4529
f  4790/5559/4526 4789/5558/4525 4794/5563/4530 4793/5562/4529
f  4795/5564/4531 4786/5555/4522 4785/5554/4521 4792/5561/4528
f  4796/5565/4532 4795/5564/4531 4792/5561/4528 4797/5566/4533
f  4793/5562/4529 4794/5563/4530 4798/5567/4534 4799/5568/4535
f  4797/5566/4533 4792/5561/4528 4793/5562/4529 4799/5568/4535
f  4800/5569/4536 4797/5566/4533 4799/5568/4535 4801/5570/4537
f  4799/5568/4535 4798/5567/4534 4802/5571/4538 4801/5570/4537
f  4796/5565/4532 4797/5566/4533 4800/5569/4536 4803/5572/4539
f  4794/5563/4530 4804/5573/4540 4805/5574/4541 4798/5567/4534
f  4804/5573/4540 4748/5517/4484 4750/5519/4486 4805/5574/4541
f  4805/5574/4541 4750/5519/4486 4752/5521/4488 4806/5575/4542
f  4798/5567/4534 4805/5574/4541 4806/5575/4542 4802/5571/4538
f  4789/5558/4525 4807/5576/4543 4804/5573/4540 4794/5563/4530
f  4808/5577/4544 4807/5576/4543 4789/5558/4525 4788/5557/4524
f  4746/5515/4482 4745/5514/4481 4807/5576/4543 4808/5577/4544
f  4807/5576/4543 4745/5514/4481 4748/5517/4484 4804/5573/4540
f  4809/5578/4545 4810/5579/4546 4811/5580/4547 4812/5581/4548
f  4813/5582/4549 4814/5583/4550 4809/5578/4545 4812/5581/4548
f  4815/5584/4551 4813/5582/4549 4812/5581/4548 4816/5585/4552
f  4812/5581/4548 4811/5580/4547 4817/5586/4553 4816/5585/4552
f  4816/5585/4552 4817/5586/4553 4818/5587/4554 4819/5588/4555
f  4820/5589/4556 4815/5584/4551 4816/5585/4552 4819/5588/4555
f  4821/5590/4557 4822/5591/4558 4823/5592/4559 4824/5593/4560
f  4820/5589/4556 4819/5588/4555 4825/5594/4561 4826/5595/4562
f  4825/5594/4561 4823/5592/4559 4822/5591/4558 4826/5595/4562
f  4819/5588/4555 4818/5587/4554 4827/5596/4563 4825/5594/4561
f  4827/5596/4563 4824/5593/4560 4823/5592/4559 4825/5594/4561
f  4828/5597/4564 4746/5515/4482 4808/5577/4544 4829/5598/4565
f  4830/5599/4566 4831/5600/4567 4828/5597/4564 4829/5598/4565
f  4832/5601/4568 4830/5599/4566 4829/5598/4565 4833/5602/4569
f  4829/5598/4565 4808/5577/4544 4788/5557/4524 4833/5602/4569
f  4818/5587/4554 4817/5586/4553 4830/5599/4566 4832/5601/4568
f  4817/5586/4553 4811/5580/4547 4831/5600/4567 4830/5599/4566
f  4834/5603/4570 4835/5604/4571 4836/5605/4572 4837/5606/4573
f  4779/5548/4515 4777/5546/4513 4838/5607/4574 4839/5608/4575
f  4838/5607/4574 4834/5603/4570 4837/5606/4573 4839/5608/4575
f  4777/5546/4513 4776/5545/4512 4840/5609/4576 4838/5607/4574
f  4840/5609/4576 4841/5610/4577 4834/5603/4570 4838/5607/4574
f  4841/5610/4577 4842/5611/4578 4835/5604/4571 4834/5603/4570
f  4784/5553/4520 4787/5556/4523 4843/5612/4579 4844/5613/4580
f  4843/5612/4579 4845/5614/4581 4846/5615/4582 4844/5613/4580
f  4845/5614/4581 4821/5590/4557 4824/5593/4560 4846/5615/4582
f  4827/5596/4563 4818/5587/4554 4832/5601/4568 4847/5616/4583
f  4846/5615/4582 4824/5593/4560 4827/5596/4563 4847/5616/4583
f  4833/5602/4569 4788/5557/4524 4791/5560/4527 4848/5617/4584
f  4791/5560/4527 4784/5553/4520 4844/5613/4580 4848/5617/4584
f  4844/5613/4580 4846/5615/4582 4847/5616/4583 4848/5617/4584
f  4847/5616/4583 4832/5601/4568 4833/5602/4569 4848/5617/4584
f  4831/5600/4567 4849/5618/4585 4850/5619/4586 4828/5597/4564
f  4850/5619/4586 4743/5512/4479 4746/5515/4482 4828/5597/4564
f  4811/5580/4547 4810/5579/4546 4849/5618/4585 4831/5600/4567
f  4851/5620/4587 4852/5621/4588 4853/5622/4589 4854/5623/4590
f  4855/5624/4591 4856/5625/4592 4852/5621/4588 4851/5620/4587
f  4856/5625/4592 4763/5532/4499 4759/5528/4495 4852/5621/4588
f  4852/5621/4588 4759/5528/4495 4762/5531/4498 4853/5622/4589
f  4836/5605/4572 4835/5604/4571 4857/5626/4593 4858/5627/4594
f  4835/5604/4571 4842/5611/4578 4859/5628/4595 4857/5626/4593
f  4860/5629/4596 4855/5624/4591 4851/5620/4587 4861/5630/4597
f  4857/5626/4593 4859/5628/4595 4860/5631/4596 4861/5632/4597
f  4858/5627/4594 4857/5626/4593 4861/5632/4597 4862/5633/4598
f  4861/5632/4597 4851/5634/4587 4854/5635/4590 4862/5633/4598
f  4618/5636/4354 4617/5637/4353 4863/5638/4599 4864/5639/4600
f  4863/5638/4599 4865/5640/4601 4866/5641/4602 4864/5639/4600
f  4867/5642/4603 4754/5523/4490 4753/5522/4489 4868/5643/4604
f  4866/5644/4602 4865/5645/4601 4867/5642/4603 4868/5643/4604
f  4863/5638/4599 4617/5637/4353 4130/5150/3869 4450/5153/4186
f  4452/5155/4188 4865/5640/4601 4863/5638/4599 4450/5153/4186
f  4372/5057/4108 4754/5523/4490 4867/5642/4603 4460/5170/4196
f  4867/5642/4603 4865/5645/4601 4452/5168/4188 4460/5170/4196
f  4623/5646/4359 4622/5647/4358 4869/5648/4605 4870/5649/4606
f  4869/5648/4605 4871/5650/4607 4872/5651/4608 4870/5649/4606
f  4872/5651/4608 4871/5650/4607 4873/5652/4609 4874/5653/4610
f  4873/5654/4609 4764/5533/4500 4763/5532/4499 4874/5655/4610
f  4627/5394/4363 4626/5393/4362 4875/5656/4611 4876/5657/4612
f  4875/5658/4611 4877/5659/4613 4878/5660/4614 4876/5661/4612
f  4626/5393/4362 4630/5397/4366 4879/5662/4615 4875/5656/4611
f  4879/5662/4615 4880/5663/4616 4877/5664/4613 4875/5656/4611
f  4881/5665/4617 4773/5666/4509 4772/5667/4508 4882/5668/4618
f  4877/5659/4613 4880/5669/4616 4881/5665/4617 4882/5668/4618
f  4878/5660/4614 4877/5659/4613 4882/5668/4618 4883/5670/4619
f  4882/5668/4618 4772/5667/4508 4771/5671/4507 4883/5670/4619
f  4630/5397/4366 4632/5399/4368 4884/5672/4620 4879/5662/4615
f  4884/5672/4620 4885/5673/4621 4880/5663/4616 4879/5662/4615
f  4886/5674/4622 4885/5673/4621 4884/5672/4620 4887/5675/4623
f  4884/5672/4620 4632/5399/4368 4631/5398/4367 4887/5675/4623
f  4776/5676/4512 4775/5677/4511 4888/5678/4624 4889/5679/4625
f  4888/5678/4624 4885/5680/4621 4886/5681/4622 4889/5679/4625
f  4880/5669/4616 4885/5680/4621 4888/5678/4624 4881/5665/4617
f  4888/5678/4624 4775/5677/4511 4773/5666/4509 4881/5665/4617
f  4887/5675/4623 4631/5398/4367 4703/5470/4439 4890/5682/4626
f  4703/5470/4439 4706/5473/4442 4891/5683/4627 4890/5682/4626
f  4891/5683/4627 4892/5684/4628 4893/5685/4629 4890/5682/4626
f  4893/5685/4629 4886/5674/4622 4887/5675/4623 4890/5682/4626
f  4706/5473/4442 4708/5475/4444 4894/5686/4630 4891/5683/4627
f  4894/5686/4630 4895/5687/4631 4892/5684/4628 4891/5683/4627
f  4896/5688/4632 4842/5689/4578 4841/5690/4577 4897/5691/4633
f  4892/5692/4628 4895/5693/4631 4896/5688/4632 4897/5691/4633
f  4840/5694/4576 4776/5676/4512 4889/5679/4625 4898/5695/4634
f  4889/5679/4625 4886/5681/4622 4893/5696/4629 4898/5695/4634
f  4893/5696/4629 4892/5692/4628 4897/5691/4633 4898/5695/4634
f  4897/5691/4633 4841/5690/4577 4840/5694/4576 4898/5695/4634
f  4721/5697/4457 4719/5698/4455 4899/5699/4635 4900/5700/4636
f  4899/5699/4635 4901/5701/4637 4902/5702/4638 4900/5700/4636
f  4719/5698/4455 4623/5646/4359 4870/5649/4606 4899/5699/4635
f  4870/5649/4606 4872/5651/4608 4901/5701/4637 4899/5699/4635
f  4874/5655/4610 4763/5532/4499 4856/5625/4592 4903/5703/4639
f  4901/5701/4637 4872/5651/4608 4874/5653/4610 4903/5704/4639
f  4902/5702/4638 4901/5701/4637 4903/5704/4639 4904/5705/4640
f  4903/5703/4639 4856/5625/4592 4855/5624/4591 4904/5706/4640
f  4894/5686/4630 4708/5475/4444 4725/5494/4461 4905/5707/4641
f  4906/5708/4642 4895/5709/4631 4894/5710/4630 4905/5711/4641
f  4723/5492/4459 4721/5490/4457 4900/5712/4636 4907/5713/4643
f  4900/5700/4636 4902/5702/4638 4908/5714/4644 4907/5715/4643
f  4908/5714/4644 4906/5708/4642 4905/5711/4641 4907/5715/4643
f  4905/5707/4641 4725/5494/4461 4723/5492/4459 4907/5713/4643
f  4904/5706/4640 4855/5624/4591 4860/5629/4596 4909/5716/4645
f  4860/5629/4596 4859/5717/4595 4910/5718/4646 4909/5716/4645
f  4910/5718/4646 4906/5719/4642 4908/5720/4644 4909/5716/4645
f  4908/5720/4644 4902/5721/4638 4904/5706/4640 4909/5716/4645
f  4859/5717/4595 4842/5689/4578 4896/5688/4632 4910/5718/4646
f  4896/5688/4632 4895/5693/4631 4906/5719/4642 4910/5718/4646
f  4911/5722/4647 4912/5723/4648 4913/5724/4649 4914/5725/4650
f  4519/5254/4255 4911/5722/4647 4914/5725/4650 4520/5255/4256
f  4915/5726/4651 4916/5727/4652 4917/5728/4653 4918/5729/4654
f  4919/5730/4655 4920/5731/4656 4921/5732/4657 4922/5733/4658
f  4923/5734/4659 4919/5730/4655 4922/5733/4658 4924/5735/4660
f  4925/5736/4661 4923/5734/4659 4924/5735/4660 4926/5737/4662
f  4927/5738/4663 4925/5736/4661 4926/5737/4662 4928/5739/4664
f  4918/5729/4654 4917/5728/4653 4929/5740/4665 4930/5741/4666
f  4930/5741/4666 4929/5740/4665 4931/5742/4667 4932/5743/4668
f  4932/5744/4668 4931/5745/4667 4933/5746/4669 4934/5747/4670
f  4935/5748/4671 4936/5749/4672 4934/5747/4670 4933/5746/4669
f  4937/5750/4673 4938/5751/4674 4936/5749/4672 4935/5748/4671
f  4939/5752/4675 4927/5738/4663 4928/5739/4664 4940/5753/4676
f  4941/5754/4677 4939/5752/4675 4940/5753/4676 4942/5755/4678
f  4938/5751/4674 4937/5750/4673 4941/5754/4677 4942/5755/4678
f  4758/5527/4494 4757/5526/4493 4943/5756/4679 4944/5757/4680
f  4943/5756/4679 4945/5758/4681 4946/5759/4682 4944/5757/4680
f  4945/5758/4681 4780/5549/4516 4783/5552/4519 4946/5759/4682
f  4432/5126/4168 4780/5549/4516 4945/5758/4681 4562/5308/4298
f  4943/5756/4679 4757/5526/4493 4371/5056/4107 4563/5309/4299
f  4562/5308/4298 4945/5758/4681 4943/5756/4679 4563/5309/4299
f  4947/5760/4683 4814/5583/4550 4813/5582/4549 4948/5761/4684
f  4762/5531/4498 4761/5530/4497 4949/5762/4685 4950/5763/4686
f  4949/5762/4685 4947/5760/4683 4948/5761/4684 4950/5763/4686
f  4768/5537/4504 4767/5536/4503 4951/5764/4687 4952/5765/4688
f  4951/5766/4687 4953/5767/4689 4954/5768/4690 4952/5769/4688
f  4953/5767/4689 4795/5564/4531 4796/5565/4532 4954/5768/4690
f  4954/5768/4690 4796/5565/4532 4803/5572/4539 4955/5770/4691
f  4770/5539/4506 4768/5537/4504 4952/5765/4688 4956/5771/4692
f  4952/5769/4688 4954/5768/4690 4955/5770/4691 4956/5772/4692
f  4957/5773/4693 4958/5774/4694 4959/5775/4695 4960/5776/4696
f  4959/5777/4695 4778/5547/4514 4779/5548/4515 4960/5778/4696
f  4787/5556/4523 4786/5555/4522 4958/5774/4694 4957/5773/4693
f  4958/5774/4694 4786/5555/4522 4795/5564/4531 4953/5767/4689
f  4767/5536/4503 4778/5547/4514 4959/5777/4695 4951/5764/4687
f  4959/5775/4695 4958/5774/4694 4953/5767/4689 4951/5766/4687
f  4961/5779/4697 4815/5584/4551 4820/5589/4556 4962/5780/4698
f  4854/5623/4590 4853/5622/4589 4963/5781/4699 4964/5782/4700
f  4963/5781/4699 4961/5779/4697 4962/5780/4698 4964/5782/4700
f  4853/5622/4589 4762/5531/4498 4950/5763/4686 4963/5781/4699
f  4950/5763/4686 4948/5761/4684 4961/5779/4697 4963/5781/4699
f  4948/5761/4684 4813/5582/4549 4815/5584/4551 4961/5779/4697
f  4822/5591/4558 4821/5590/4557 4965/5783/4701 4966/5784/4702
f  4967/5785/4703 4836/5605/4572 4858/5627/4594 4968/5786/4704
f  4966/5784/4702 4965/5783/4701 4967/5787/4703 4968/5788/4704
f  4862/5789/4598 4854/5623/4590 4964/5782/4700 4969/5790/4705
f  4964/5782/4700 4962/5780/4698 4970/5791/4706 4969/5790/4705
f  4970/5791/4706 4966/5784/4702 4968/5788/4704 4969/5790/4705
f  4968/5786/4704 4858/5627/4594 4862/5633/4598 4969/5792/4705
f  4962/5780/4698 4820/5589/4556 4826/5595/4562 4970/5791/4706
f  4826/5595/4562 4822/5591/4558 4966/5784/4702 4970/5791/4706
f  4837/5606/4573 4836/5605/4572 4967/5785/4703 4971/5793/4707
f  4967/5787/4703 4965/5783/4701 4972/5794/4708 4971/5795/4707
f  4965/5783/4701 4821/5590/4557 4845/5614/4581 4972/5794/4708
f  4843/5612/4579 4787/5556/4523 4957/5773/4693 4973/5796/4709
f  4972/5794/4708 4845/5614/4581 4843/5612/4579 4973/5796/4709
f  4960/5778/4696 4779/5548/4515 4839/5608/4575 4974/5797/4710
f  4839/5608/4575 4837/5606/4573 4971/5793/4707 4974/5797/4710
f  4971/5795/4707 4972/5794/4708 4973/5796/4709 4974/5798/4710
f  4973/5796/4709 4957/5773/4693 4960/5776/4696 4974/5798/4710
f  4603/5370/4339 4606/5373/4342 3094/3662/2839 3093/3661/2838
f  4027/4672/3766 4603/5370/4339 3093/3661/2838 2658/3151/2403
f  4615/5382/4351 4616/5383/4352 3096/3664/2841 3095/3663/2840
f  4627/5394/4363 3098/3666/2843 3097/3665/2842 4628/5395/4364
f  4656/5423/4392 4659/5426/4395 3100/3668/2845 3099/3667/2844
f  4661/5428/4397 3101/3669/2846 3100/3668/2845 4659/5426/4395
f  4664/5431/4400 3103/3671/2848 3102/3670/2847 4665/5432/4401
f  4616/5383/4352 4667/5434/4403 3104/3672/2849 3096/3664/2841
f  4667/5434/4403 4656/5423/4392 3099/3667/2844 3104/3672/2849
f  4741/5510/4477 3106/3674/2851 3105/3673/2850 4742/5511/4478
f  3106/3674/2851 4741/5510/4477 4273/4940/4011 2678/3171/2423
f  4751/5520/4487 3108/3676/2853 3107/3675/2852 4752/5521/4488
f  4769/5538/4505 4770/5539/4506 3110/3678/2855 3109/3677/2854
f  4771/5540/4507 4769/5538/4505 3109/3677/2854 3111/3679/2856
f  4802/5571/4538 3113/3681/2858 3112/3680/2857 4801/5570/4537
f  4800/5569/4536 4801/5570/4537 3112/3680/2857 3114/3682/2859
f  4803/5572/4539 4800/5569/4536 3114/3682/2859 3115/3683/2860
f  4752/5521/4488 3107/3675/2852 3116/3684/2861 4806/5575/4542
f  4806/5575/4542 3116/3684/2861 3113/3681/2858 4802/5571/4538
f  4627/5394/4363 4876/5657/4612 3117/3685/2862 3098/3666/2843
f  4771/5671/4507 3111/3687/2856 3118/3686/2863 4883/5670/4619
f  4920/5731/4656 3120/3689/2865 3119/3688/2864 4921/5732/4657
f  4803/5572/4539 3115/3683/2860 3121/3671/2866 4955/5770/4691
f  4770/5539/4506 4956/5771/4692 3122/3690/2867 3110/3678/2855
f  4956/5772/4692 4955/5770/4691 3121/3671/2866 3122/3691/2867
f  4620/5387/4356 4619/5386/4355 4912/5723/4648 4911/5722/4647
f  4131/4792/3870 4620/5387/4356 4911/5722/4647 4519/5254/4255
f  4624/5391/4360 4917/5728/4653 4916/5727/4652 4621/5388/4357
f  4628/5395/4364 4920/5731/4656 4919/5730/4655 4625/5392/4361
f  4625/5392/4361 4919/5730/4655 4923/5734/4659 4629/5396/4365
f  4634/5401/4370 4633/5400/4369 4925/5736/4661 4927/5738/4663
f  4633/5400/4369 4629/5396/4365 4923/5734/4659 4925/5736/4661
f  4704/5471/4440 4634/5401/4370 4927/5738/4663 4939/5752/4675
f  4704/5471/4440 4939/5752/4675 4941/5754/4677 4705/5472/4441
f  4705/5472/4441 4941/5754/4677 4937/5750/4673 4707/5474/4443
f  4720/5487/4456 4929/5740/4665 4917/5728/4653 4624/5391/4360
f  4722/5491/4458 4931/5745/4667 4929/5799/4665 4720/5488/4456
f  4724/5493/4460 4933/5746/4669 4931/5745/4667 4722/5491/4458
f  4726/5495/4462 4935/5748/4671 4933/5746/4669 4724/5493/4460
f  4707/5474/4443 4937/5750/4673 4935/5748/4671 4726/5495/4462
f  4914/5725/4650 4913/5724/4649 4975/5800/4711 4976/5801/4712
f  4520/5255/4256 4914/5725/4650 4976/5801/4712 4584/5335/4320
f  4918/5729/4654 4977/5802/4713 4978/5803/4714 4915/5726/4651
f  4921/5732/4657 4979/5804/4715 4980/5805/4716 4922/5733/4658
f  4922/5733/4658 4980/5805/4716 4981/5806/4717 4924/5735/4660
f  4926/5737/4662 4924/5735/4660 4981/5806/4717 4982/5807/4718
f  4928/5739/4664 4926/5737/4662 4982/5807/4718 4983/5808/4719
f  4930/5741/4666 4984/5809/4720 4977/5802/4713 4918/5729/4654
f  4932/5743/4668 4985/5810/4721 4984/5809/4720 4930/5741/4666
f  4934/5811/4670 4986/5812/4722 4985/5810/4721 4932/5743/4668
f  4936/5813/4672 4987/5814/4723 4986/5812/4722 4934/5811/4670
f  4938/5751/4674 4988/5815/4724 4987/5816/4723 4936/5749/4672
f  4940/5753/4676 4928/5739/4664 4983/5808/4719 4989/5817/4725
f  4940/5753/4676 4989/5817/4725 4990/5818/4726 4942/5755/4678
f  4942/5755/4678 4990/5818/4726 4988/5815/4724 4938/5751/4674
f  4638/5405/4374 4637/5404/4373 4976/5801/4712 4975/5800/4711
f  4637/5404/4373 4182/4849/3921 4584/5335/4320 4976/5801/4712
f  4676/5443/4412 4978/5803/4714 4977/5802/4713 4677/5444/4413
f  4662/5429/4398 4980/5819/4716 4979/5820/4715 4664/5431/4400
f  4654/5421/4390 4981/5821/4717 4980/5819/4716 4662/5429/4398
f  4654/5421/4390 4651/5418/4387 4982/5822/4718 4981/5821/4717
f  4651/5418/4387 4650/5417/4386 4983/5823/4719 4982/5822/4718
f  4677/5444/4413 4977/5802/4713 4984/5809/4720 4683/5450/4419
f  4683/5450/4419 4984/5809/4720 4985/5810/4721 4685/5452/4421
f  4685/5452/4421 4985/5810/4721 4986/5812/4722 4691/5458/4427
f  4691/5458/4427 4986/5812/4722 4987/5814/4723 4693/5460/4429
f  4693/5460/4429 4987/5814/4723 4988/5824/4724 4695/5462/4431
f  4650/5417/4386 4713/5480/4449 4989/5825/4725 4983/5823/4719
f  4711/5478/4447 4990/5826/4726 4989/5825/4725 4713/5480/4449
f  4695/5462/4431 4988/5824/4724 4990/5826/4726 4711/5478/4447
f  3103/3671/2848 4664/5431/4400 4979/5820/4715 3139/3720/2884
f  4640/5407/4376 4639/5406/4375 4636/5403/4372 4635/5402/4371
f  4183/4850/3922 4640/5407/4376 4635/5402/4371 4176/4843/3915
f  4653/5420/4389 4652/5419/4388 4645/5412/4381 4647/5414/4383
f  4652/5419/4388 4655/5422/4391 4646/5413/4382 4645/5412/4381
f  4655/5422/4391 4663/5430/4399 4660/5427/4396 4646/5413/4382
f  4665/5432/4401 4661/5428/4397 4660/5427/4396 4663/5430/4399
f  4678/5445/4414 4674/5441/4410 4673/5440/4409 4675/5442/4411
f  4684/5451/4420 4681/5448/4417 4674/5441/4410 4678/5445/4414
f  4686/5453/4422 4682/5449/4418 4681/5448/4417 4684/5451/4420
f  4692/5459/4428 4688/5455/4424 4682/5449/4418 4686/5453/4422
f  4694/5461/4430 4689/5456/4425 4688/5455/4424 4692/5459/4428
f  4696/5463/4432 4690/5457/4426 4689/5456/4425 4694/5461/4430
f  4712/5479/4448 4710/5477/4446 4690/5457/4426 4696/5463/4432
f  4714/5481/4450 4653/5420/4389 4647/5414/4383 4716/5483/4452
f  4712/5479/4448 4714/5481/4450 4716/5483/4452 4710/5477/4446
f  4991/5827/4727 4992/5828/4728 4993/5829/4729 4994/5830/4730
f  4594/5361/4330 4593/5360/4329 4991/5827/4727 4994/5830/4730
f  4995/5831/4731 4996/5832/4732 4997/5833/4733 4998/5834/4734
f  4993/5829/4729 4992/5828/4728 4995/5831/4731 4998/5834/4734
f  4999/5835/4735 5000/5836/4736 5001/5837/4737 5002/5838/4738
f  5003/5839/4739 5004/5840/4740 4999/5835/4735 5002/5838/4738
f  5005/5841/4741 4595/5362/4331 4598/5365/4334 5006/5842/4742
f  5001/5837/4737 5000/5836/4736 5005/5841/4741 5006/5842/4742
f  4994/5830/4730 4993/5829/4729 5001/5837/4737 5006/5842/4742
f  4598/5365/4334 4594/5361/4330 4994/5830/4730 5006/5842/4742
f  4998/5834/4734 4997/5833/4733 5003/5839/4739 5002/5838/4738
f  5001/5837/4737 4993/5829/4729 4998/5834/4734 5002/5838/4738
f  5007/5843/4743 4599/5366/4335 4595/5362/4331 5005/5841/4741
f  5000/5836/4736 5008/5844/4744 5007/5843/4743 5005/5841/4741
f  5009/5845/4745 5008/5844/4744 5000/5836/4736 4999/5835/4735
f  5004/5840/4740 5010/5846/4746 5009/5845/4745 4999/5835/4735
f  5007/5843/4743 5008/5844/4744 5011/5847/4747 5012/5848/4748
f  4602/5369/4338 4599/5366/4335 5007/5843/4743 5012/5848/4748
f  5009/5845/4745 5010/5846/4746 5013/5849/4749 5014/5850/4750
f  5011/5847/4747 5008/5844/4744 5009/5845/4745 5014/5850/4750
f  5015/5851/4751 5016/5852/4752 5017/5853/4753 5018/5854/4754
f  4606/5373/4342 4605/5372/4341 5015/5851/4751 5018/5854/4754
f  5012/5848/4748 5011/5847/4747 5016/5852/4752 5015/5851/4751
f  4605/5372/4341 4602/5369/4338 5012/5848/4748 5015/5851/4751
f  5014/5850/4750 5013/5849/4749 5019/5855/4755 5020/5856/4756
f  5016/5852/4752 5011/5847/4747 5014/5850/4750 5020/5856/4756
f  5020/5856/4756 5019/5855/4755 5021/5857/4757 5022/5858/4758
f  5017/5853/4753 5016/5852/4752 5020/5856/4756 5022/5858/4758
f  5023/5859/4759 4608/5375/4344 4611/5378/4347 5024/5860/4760
f  5025/5861/4761 5026/5862/4762 5023/5859/4759 5024/5860/4760
f  5023/5859/4759 5026/5862/4762 5027/5863/4763 5028/5864/4764
f  4609/5376/4345 4608/5375/4344 5023/5859/4759 5028/5864/4764
f  5029/5865/4765 4613/5380/4349 4615/5382/4351 5030/5866/4766
f  5031/5867/4767 5032/5868/4768 5029/5865/4765 5030/5866/4766
f  5024/5860/4760 4611/5378/4347 4613/5380/4349 5029/5865/4765
f  5032/5868/4768 5025/5861/4761 5024/5860/4760 5029/5865/4765
f  5033/5869/4769 5032/5868/4768 5031/5867/4767 5034/5870/4770
f  5021/5857/4757 5019/5855/4755 5033/5869/4769 5034/5870/4770
f  5035/5871/4771 5025/5861/4761 5032/5868/4768 5033/5869/4769
f  5019/5855/4755 5013/5849/4749 5035/5871/4771 5033/5869/4769
f  5036/5872/4772 5010/5846/4746 5004/5840/4740 5037/5873/4773
f  5027/5863/4763 5026/5862/4762 5036/5872/4772 5037/5873/4773
f  5036/5872/4772 5026/5862/4762 5025/5861/4761 5035/5871/4771
f  5013/5849/4749 5010/5846/4746 5036/5872/4772 5035/5871/4771
f  5038/5874/4774 5039/5875/4775 5040/5876/4776 5041/5877/4777
f  4619/5386/4355 4618/5385/4354 5038/5874/4774 5041/5877/4777
f  5042/5878/4778 5043/5879/4779 5044/5880/4780 5045/5881/4781
f  5040/5876/4776 5039/5875/4775 5042/5878/4778 5045/5881/4781
f  5046/5882/4782 5047/5883/4783 5048/5884/4784 5049/5885/4785
f  5044/5880/4780 5043/5879/4779 5046/5882/4782 5049/5885/4785
f  5050/5886/4786 4622/5389/4358 4621/5388/4357 5051/5887/4787
f  5048/5884/4784 5047/5883/4783 5050/5886/4786 5051/5887/4787
f  4995/5831/4731 4992/5828/4728 5052/5888/4788 5053/5889/4789
f  5054/5890/4790 4996/5832/4732 4995/5831/4731 5053/5889/4789
f  4991/5827/4727 4593/5360/4329 4636/5403/4372 5055/5891/4791
f  5052/5888/4788 4992/5828/4728 4991/5827/4727 5055/5891/4791
f  5056/5892/4792 5057/5893/4793 5058/5894/4794 5059/5895/4795
f  4639/5406/4375 4638/5405/4374 5056/5892/4792 5059/5895/4795
f  5060/5896/4796 5061/5897/4797 5062/5898/4798 5063/5899/4799
f  5058/5894/4794 5057/5893/4793 5060/5896/4796 5063/5899/4799
f  5064/5900/4800 4672/5439/4408 4717/5484/4453 5065/5901/4801
f  5066/5902/4802 5067/5903/4803 5064/5900/4800 5065/5901/4801
f  5068/5904/4804 5067/5903/4803 5066/5902/4802 5069/5905/4805
f  4997/5833/4733 4996/5832/4732 5068/5904/4804 5069/5905/4805
f  5028/5864/4764 5027/5863/4763 5070/5906/4806 5071/5907/4807
f  4718/5485/4454 4609/5376/4345 5028/5864/4764 5071/5907/4807
f  5037/5873/4773 5004/5840/4740 5003/5839/4739 5072/5908/4808
f  5070/5906/4806 5027/5863/4763 5037/5873/4773 5072/5908/4808
f  5069/5905/4805 5066/5902/4802 5070/5906/4806 5072/5908/4808
f  5003/5839/4739 4997/5833/4733 5069/5905/4805 5072/5908/4808
f  5065/5901/4801 4717/5484/4453 4718/5485/4454 5071/5907/4807
f  5070/5906/4806 5066/5902/4802 5065/5901/4801 5071/5907/4807
f  5068/5904/4804 4996/5832/4732 5054/5890/4790 5073/5909/4809
f  5074/5910/4810 5067/5903/4803 5068/5904/4804 5073/5909/4809
f  5075/5911/4811 5076/5912/4812 5077/5913/4813 5078/5914/4814
f  5062/5898/4798 5061/5897/4797 5075/5911/4811 5078/5914/4814
f  5079/5915/4815 4676/5443/4412 4675/5442/4411 5080/5916/4816
f  5077/5913/4813 5076/5912/4812 5079/5915/4815 5080/5916/4816
f  5064/5900/4800 5067/5903/4803 5074/5910/4810 5081/5917/4817
f  4673/5440/4409 4672/5439/4408 5064/5900/4800 5081/5917/4817
f  5082/5918/4818 5083/5919/4819 5084/5920/4820 5085/5921/4821
f  5086/5922/4822 5087/5923/4823 5082/5918/4818 5085/5921/4821
f  5088/5924/4824 5089/5925/4825 5086/5922/4822 5085/5921/4821
f  5084/5920/4820 5090/5926/4826 5088/5924/4824 5085/5921/4821
f  5091/5927/4827 4730/5499/4466 4734/5503/4470 5092/5928/4828
f  5086/5922/4822 5089/5925/4825 5091/5927/4827 5092/5928/4828
f  5093/5929/4829 5087/5923/4823 5086/5922/4822 5092/5928/4828
f  4734/5503/4470 4733/5502/4469 5093/5929/4829 5092/5928/4828
f  5094/5930/4830 5095/5931/4831 5089/5925/4825 5088/5924/4824
f  5090/5926/4826 5096/5932/4832 5094/5930/4830 5088/5924/4824
f  5097/5933/4833 4727/5496/4463 4730/5499/4466 5091/5927/4827
f  5089/5925/4825 5095/5931/4831 5097/5933/4833 5091/5927/4827
f  5098/5934/4834 5099/5935/4835 5100/5936/4836 5101/5937/4837
f  5102/5938/4838 5103/5939/4839 5098/5934/4834 5101/5937/4837
f  5104/5940/4840 4736/5505/4472 4738/5507/4474 5105/5941/4841
f  5100/5936/4836 5099/5935/4835 5104/5940/4840 5105/5941/4841
f  5104/5940/4840 5099/5935/4835 5087/5923/4823 5093/5929/4829
f  4733/5502/4469 4736/5505/4472 5104/5940/4840 5093/5929/4829
f  5098/5934/4834 5103/5939/4839 5083/5919/4819 5082/5918/4818
f  5087/5923/4823 5099/5935/4835 5098/5934/4834 5082/5918/4818
f  5101/5937/4837 5100/5936/4836 5106/5942/4842 5107/5943/4843
f  5108/5944/4844 5102/5938/4838 5101/5937/4837 5107/5943/4843
f  5105/5941/4841 4738/5507/4474 4740/5509/4476 5109/5945/4845
f  5106/5942/4842 5100/5936/4836 5105/5941/4841 5109/5945/4845
f  5109/5945/4845 4740/5509/4476 4742/5511/4478 5110/5946/4846
f  5111/5947/4847 5106/5942/4842 5109/5945/4845 5110/5946/4846
f  5107/5943/4843 5106/5942/4842 5111/5947/4847 5112/5948/4848
f  5113/5949/4849 5108/5944/4844 5107/5943/4843 5112/5948/4848
f  5114/5950/4850 4744/5513/4480 4743/5512/4479 5115/5951/4851
f  5116/5952/4852 5117/5953/4853 5114/5950/4850 5115/5951/4851
f  5114/5950/4850 5117/5953/4853 5118/5954/4854 5119/5955/4855
f  4747/5516/4483 4744/5513/4480 5114/5950/4850 5119/5955/4855
f  5119/5955/4855 5118/5954/4854 5120/5956/4856 5121/5957/4857
f  4749/5518/4485 4747/5516/4483 5119/5955/4855 5121/5957/4857
f  5121/5957/4857 5120/5956/4856 5122/5958/4858 5123/5959/4859
f  4751/5520/4487 4749/5518/4485 5121/5957/4857 5123/5959/4859
f  5124/5960/4860 5102/5938/4838 5108/5944/4844 5125/5961/4861
f  5120/5956/4856 5118/5954/4854 5124/5960/4860 5125/5961/4861
f  5125/5961/4861 5108/5944/4844 5113/5949/4849 5126/5962/4862
f  5122/5958/4858 5120/5956/4856 5125/5961/4861 5126/5962/4862
f  5127/5963/4863 5103/5939/4839 5102/5938/4838 5124/5960/4860
f  5118/5954/4854 5117/5953/4853 5127/5963/4863 5124/5960/4860
f  5127/5963/4863 5117/5953/4853 5116/5952/4852 5128/5964/4864
f  5083/5919/4819 5103/5939/4839 5127/5963/4863 5128/5964/4864
f  5129/5965/4865 5130/5966/4866 5131/5967/4867 5132/5968/4868
f  5133/5969/4869 5134/5970/4870 5129/5965/4865 5132/5968/4868
f  5135/5971/4871 4756/5525/4492 4758/5527/4494 5136/5972/4872
f  5131/5967/4867 5130/5966/4866 5135/5971/4871 5136/5972/4872
f  5137/5973/4873 5138/5974/4874 5130/5966/4866 5129/5965/4865
f  5134/5970/4870 5139/5975/4875 5137/5973/4873 5129/5965/4865
f  5140/5976/4876 4753/5522/4489 4756/5525/4492 5135/5971/4871
f  5130/5966/4866 5138/5974/4874 5140/5976/4876 5135/5971/4871
f  5141/5977/4877 5142/5978/4878 5143/5979/4879 5144/5980/4880
f  4761/5530/4497 4760/5529/4496 5141/5977/4877 5144/5980/4880
f  5145/5981/4881 5134/5970/4870 5133/5969/4869 5146/5982/4882
f  5143/5979/4879 5142/5978/4878 5145/5981/4881 5146/5982/4882
f  5147/5983/4883 5148/5984/4884 5142/5978/4878 5141/5977/4877
f  4760/5529/4496 4764/5533/4500 5147/5983/4883 5141/5977/4877
f  5149/5985/4885 5139/5975/4875 5134/5970/4870 5145/5981/4881
f  5142/5978/4878 5148/5984/4884 5149/5985/4885 5145/5981/4881
f  5150/5986/4886 5151/5987/4887 5152/5988/4888 5153/5989/4889
f  4783/5552/4519 4782/5551/4518 5150/5986/4886 5153/5989/4889
f  5097/5933/4833 5095/5931/4831 5151/5987/4887 5150/5986/4886
f  4782/5551/4518 4727/5496/4463 5097/5933/4833 5150/5986/4886
f  5094/5930/4830 5096/5932/4832 5154/5990/4890 5155/5991/4891
f  5151/5987/4887 5095/5931/4831 5094/5930/4830 5155/5991/4891
f  5156/5992/4892 5152/5988/4888 5151/5987/4887 5155/5991/4891
f  5154/5990/4890 5157/5993/4893 5156/5992/4892 5155/5991/4891
f  5128/5964/4864 5116/5952/4852 5158/5994/4894 5159/5995/4895
f  5084/5920/4820 5083/5919/4819 5128/5964/4864 5159/5995/4895
f  5160/5996/4896 5090/5926/4826 5084/5920/4820 5159/5995/4895
f  5158/5994/4894 5161/5997/4897 5160/5996/4896 5159/5995/4895
f  5115/5951/4851 4743/5512/4479 4850/5619/4586 5162/5998/4898
f  5158/5994/4894 5116/5952/4852 5115/5951/4851 5162/5998/4898
f  5163/5999/4899 5161/5997/4897 5158/5994/4894 5162/5998/4898
f  4850/5619/4586 4849/5618/4585 5163/5999/4899 5162/5998/4898
f  5164/6000/4900 5165/6001/4901 5161/5997/4897 5163/5999/4899
f  4849/5618/4585 4810/5579/4546 5164/6000/4900 5163/5999/4899
f  5166/6002/4902 5096/5932/4832 5090/5926/4826 5160/5996/4896
f  5161/5997/4897 5165/6001/4901 5166/6002/4902 5160/5996/4896
f  5167/6003/4903 5168/6004/4904 5169/6005/4905 5170/6006/4906
f  4809/5578/4545 4814/5583/4550 5167/6003/4903 5170/6006/4906
f  5171/6007/4907 5157/5993/4893 5154/5990/4890 5172/6008/4908
f  5169/6005/4905 5168/6004/4904 5171/6007/4907 5172/6008/4908
f  5166/6002/4902 5165/6001/4901 5169/6005/4905 5172/6008/4908
f  5154/5990/4890 5096/5932/4832 5166/6002/4902 5172/6008/4908
f  5164/6000/4900 4810/5579/4546 4809/5578/4545 5170/6006/4906
f  5169/6005/4905 5165/6001/4901 5164/6000/4900 5170/6006/4906
f  5042/6009/4778 5039/6010/4775 5173/6011/4909 5174/6012/4910
f  5175/6013/4911 5043/6014/4779 5042/6009/4778 5174/6012/4910
f  5038/6015/4774 4618/5636/4354 4864/5639/4600 5176/6016/4912
f  5173/6011/4909 5039/6010/4775 5038/6015/4774 5176/6016/4912
f  5177/6017/4913 5178/6018/4914 5173/6011/4909 5176/6016/4912
f  4864/5639/4600 4866/5641/4602 5177/6017/4913 5176/6016/4912
f  5179/6019/4915 5180/6020/4916 5175/6013/4911 5174/6012/4910
f  5173/6011/4909 5178/6018/4914 5179/6019/4915 5174/6012/4910
f  5140/5976/4876 5138/5974/4874 5181/6021/4917 5182/6022/4918
f  4868/5643/4604 4753/5522/4489 5140/5976/4876 5182/6022/4918
f  5177/6017/4913 4866/5641/4602 4868/6023/4604 5182/6024/4918
f  5181/6025/4917 5178/6018/4914 5177/6017/4913 5182/6024/4918
f  5137/5973/4873 5139/5975/4875 5183/6026/4919 5184/6027/4920
f  5181/6021/4917 5138/5974/4874 5137/5973/4873 5184/6027/4920
f  5179/6019/4915 5178/6018/4914 5181/6025/4917 5184/6028/4920
f  5183/6029/4919 5180/6020/4916 5179/6019/4915 5184/6028/4920
f  5050/6030/4786 5047/6031/4783 5185/6032/4921 5186/6033/4922
f  4869/5648/4605 4622/5647/4358 5050/6030/4786 5186/6033/4922
f  5046/6034/4782 5043/6014/4779 5175/6013/4911 5187/6035/4923
f  5185/6032/4921 5047/6031/4783 5046/6034/4782 5187/6035/4923
f  5188/6036/4924 5189/6037/4925 5185/6032/4921 5187/6035/4923
f  5175/6013/4911 5180/6020/4916 5188/6036/4924 5187/6035/4923
f  5190/6038/4926 4871/5650/4607 4869/5648/4605 5186/6033/4922
f  5185/6032/4921 5189/6037/4925 5190/6038/4926 5186/6033/4922
f  5149/5985/4885 5148/5984/4884 5191/6039/4927 5192/6040/4928
f  5183/6026/4919 5139/5975/4875 5149/5985/4885 5192/6040/4928
f  5188/6036/4924 5180/6020/4916 5183/6029/4919 5192/6041/4928
f  5191/6042/4927 5189/6037/4925 5188/6036/4924 5192/6041/4928
f  5147/5983/4883 4764/5533/4500 4873/5654/4609 5193/6043/4929
f  5191/6039/4927 5148/5984/4884 5147/5983/4883 5193/6043/4929
f  5190/6038/4926 5189/6037/4925 5191/6042/4927 5193/6044/4929
f  4873/5652/4609 4871/5650/4607 5190/6038/4926 5193/6044/4929
f  5194/6045/4930 5195/6046/4931 5196/6047/4932 5197/6048/4933
f  5198/6049/4934 5199/6050/4935 5194/6045/4930 5197/6048/4933
f  5200/6051/4936 5199/6050/4935 5198/6049/4934 5201/6052/4937
f  4913/5724/4649 4912/5723/4648 5200/6051/4936 5201/6052/4937
f  5202/6053/4938 4916/5727/4652 4915/5726/4651 5203/6054/4939
f  5204/6055/4940 5205/6056/4941 5202/6053/4938 5203/6054/4939
f  5206/6057/4942 5205/6056/4941 5204/6055/4940 5207/6058/4943
f  5196/6047/4932 5195/6046/4931 5206/6057/4942 5207/6058/4943
f  5208/6059/4944 5209/6060/4945 5210/6061/4946 5211/6062/4947
f  4944/5757/4680 4946/5759/4682 5208/6059/4944 5211/6062/4947
f  5136/5972/4872 4758/5527/4494 4944/5757/4680 5211/6062/4947
f  5210/6061/4946 5131/5967/4867 5136/5972/4872 5211/6062/4947
f  5153/5989/4889 5152/5988/4888 5209/6060/4945 5208/6059/4944
f  4946/5759/4682 4783/5552/4519 5153/5989/4889 5208/6059/4944
f  5156/5992/4892 5157/5993/4893 5212/6063/4948 5213/6064/4949
f  5209/6060/4945 5152/5988/4888 5156/5992/4892 5213/6064/4949
f  5132/5968/4868 5131/5967/4867 5210/6061/4946 5214/6065/4950
f  5215/6066/4951 5133/5969/4869 5132/5968/4868 5214/6065/4950
f  5213/6064/4949 5212/6063/4948 5215/6066/4951 5214/6065/4950
f  5210/6061/4946 5209/6060/4945 5213/6064/4949 5214/6065/4950
f  5216/6067/4952 5217/6068/4953 5218/6069/4954 5219/6070/4955
f  5215/6066/4951 5212/6063/4948 5216/6067/4952 5219/6070/4955
f  5146/5982/4882 5133/5969/4869 5215/6066/4951 5219/6070/4955
f  5218/6069/4954 5143/5979/4879 5146/5982/4882 5219/6070/4955
f  5171/6007/4907 5168/6004/4904 5217/6068/4953 5216/6067/4952
f  5212/6063/4948 5157/5993/4893 5171/6007/4907 5216/6067/4952
f  5167/6003/4903 4814/5583/4550 4947/5760/4683 5220/6071/4956
f  5217/6068/4953 5168/6004/4904 5167/6003/4903 5220/6071/4956
f  5144/5980/4880 5143/5979/4879 5218/6069/4954 5221/6072/4957
f  4949/5762/4685 4761/5530/4497 5144/5980/4880 5221/6072/4957
f  5220/6071/4956 4947/5760/4683 4949/5762/4685 5221/6072/4957
f  5218/6069/4954 5217/6068/4953 5220/6071/4956 5221/6072/4957
f  5017/5853/4753 3372/3968/3117 3371/3967/3116 5018/5854/4754
f  5021/5857/4757 3374/3970/3119 3373/3969/3118 5022/5858/4758
f  4615/5382/4351 3095/3663/2840 3375/3971/3120 5030/5866/4766
f  5031/5867/4767 3377/3973/3122 3376/3972/3121 5034/5870/4770
f  4742/5511/4478 3105/3673/2850 3378/3974/3123 5110/5946/4846
f  5111/5947/4847 3380/3976/3125 3379/3975/3124 5112/5948/4848
f  5122/5958/4858 3382/3978/3127 3381/3977/3126 5123/5959/4859
f  5113/5949/4849 3384/3980/3129 3383/3979/3128 5126/5962/4862
f  5041/5877/4777 5040/5876/4776 5199/6050/4935 5200/6051/4936
f  4912/5723/4648 4619/5386/4355 5041/5877/4777 5200/6051/4936
f  5045/5881/4781 5044/5880/4780 5195/6046/4931 5194/6045/4930
f  5199/6050/4935 5040/5876/4776 5045/5881/4781 5194/6045/4930
f  5049/5885/4785 5048/5884/4784 5205/6056/4941 5206/6057/4942
f  5195/6046/4931 5044/5880/4780 5049/5885/4785 5206/6057/4942
f  5051/5887/4787 4621/5388/4357 4916/5727/4652 5202/6053/4938
f  5205/6056/4941 5048/5884/4784 5051/5887/4787 5202/6053/4938
f  5197/6048/4933 5196/6047/4932 5222/6073/4958 5223/6074/4959
f  5224/6075/4960 5198/6049/4934 5197/6048/4933 5223/6074/4959
f  5201/6052/4937 5198/6049/4934 5224/6075/4960 5225/6076/4961
f  4975/5800/4711 4913/5724/4649 5201/6052/4937 5225/6076/4961
f  5203/6054/4939 4915/5726/4651 4978/5803/4714 5226/6077/4962
f  5227/6078/4963 5204/6055/4940 5203/6054/4939 5226/6077/4962
f  5207/6058/4943 5204/6055/4940 5227/6078/4963 5228/6079/4964
f  5222/6073/4958 5196/6047/4932 5207/6058/4943 5228/6079/4964
f  5060/5896/4796 5057/5893/4793 5224/6075/4960 5223/6074/4959
f  5222/6073/4958 5061/5897/4797 5060/5896/4796 5223/6074/4959
f  5056/5892/4792 4638/5405/4374 4975/5800/4711 5225/6076/4961
f  5224/6075/4960 5057/5893/4793 5056/5892/4792 5225/6076/4961
f  5079/5915/4815 5076/5912/4812 5227/6078/4963 5226/6077/4962
f  4978/5803/4714 4676/5443/4412 5079/5915/4815 5226/6077/4962
f  5075/5911/4811 5061/5897/4797 5222/6073/4958 5228/6079/4964
f  5227/6078/4963 5076/5912/4812 5075/5911/4811 5228/6079/4964
f  5059/5895/4795 5058/5894/4794 5052/5888/4788 5055/5891/4791
f  4636/5403/4372 4639/5406/4375 5059/5895/4795 5055/5891/4791
f  5063/5899/4799 5062/5898/4798 5054/5890/4790 5053/5889/4789
f  5052/5888/4788 5058/5894/4794 5063/5899/4799 5053/5889/4789
f  5078/5914/4814 5077/5913/4813 5074/5910/4810 5073/5909/4809
f  5054/5890/4790 5062/5898/4798 5078/5914/4814 5073/5909/4809
f  5080/5916/4816 4675/5442/4411 4673/5440/4409 5081/5917/4817
f  5074/5910/4810 5077/5913/4813 5080/5916/4816 5081/5917/4817
f  3521/4120/3260 3567/4166/3306 5229/6080/2024 5230/6081/2024 5231/6082/4965 3512/4111/3251
f  3576/4175/3315 3578/4177/3317 3579/4178/3318 3828/4444/3567 5232/6083/4966
f  3828/4444/3567 3796/4412/3535 3838/4454/3577 5232/6083/4966
f  5233/6084/4967 3836/4452/3575 3529/4128/3268 3528/4127/3267
f  5234/6085/4968 5235/6086/4969 3568/4167/3307 3501/4100/3240 3511/4110/3250
f  3568/4167/3307 5235/6086/4969 5236/6087/2024 5233/6084/4967 3528/4127/3267
f  5231/6082/4965 5234/6085/4968 3511/4110/3250 3512/4111/3251
f  3565/4164/3304 3564/4163/3303 3577/4176/3316 3566/4165/3305
f  5237/6088/4970 4190/4857/3929 4193/4860/3932 4195/4862/3934 5238/6089/2024
f  4206/4873/3944 4436/5130/4172 5239/6090/4971 4571/5321/4307
f  5239/6090/4971 4436/5130/4172 4190/4857/3929 5237/6088/4970 5240/6091/2024
f  4210/4877/3948 4209/4876/3947 4570/5320/4306 5241/6092/4972
f  4433/5127/4169 4347/5032/4083 4210/4877/3948 5241/6092/4972 5242/6093/4973
f  4303/4973/4041 4302/4972/4040 4433/5127/4169 5242/6093/4973 5243/6094/2024
f  1971/2358/1718 3441/4040/3180 3440/4039/3179 1673/2031/1420
f  1674/2032/1421 3439/4038/3178 3483/4082/3222 1675/2033/1422
f  2674/3168/2419 3506/4105/3245 3507/4106/3246 1676/2034/1423
f  1975/2362/1722 3637/4253/3376 3636/4252/3375 1970/2357/1717
f  1974/2361/1721 1977/2364/1724 3663/4279/3402 3662/4278/3401
f  1982/2369/1729 3734/4350/3473 3733/4349/3472 1980/2367/1727
f  1981/2368/1728 3738/4354/3477 3775/4391/3514 1986/2373/1733
f  3120/3689/2865 4920/5731/4656 4628/5395/4364 3097/3665/2842
f  3139/4003/2884 4979/5804/4715 4921/5732/4657 3119/3688/2864
f  3101/3669/2846 4661/5428/4397 4665/5432/4401 3102/3670/2847
f  3371/3967/3116 3094/3662/2839 4606/5373/4342 5018/5854/4754
f  3372/3968/3117 5017/5853/4753 5022/5858/4758 3373/3969/3118
f  3377/3973/3122 5031/5867/4767 5030/5866/4766 3375/3971/3120
f  3374/3970/3119 5021/5857/4757 5034/5870/4770 3376/3972/3121
f  3380/3976/3125 5111/5947/4847 5110/5946/4846 3378/3974/3123
f  3384/3980/3129 5113/5949/4849 5112/5948/4848 3379/3975/3124
f  3108/3676/2853 4751/5520/4487 5123/5959/4859 3381/3977/3126
f  3382/3978/3127 5122/5958/4858 5126/5962/4862 3383/3979/3128
f  3853/4477/3592 3851/4479/3590 3407/4004/3146 1991/2378/1738
f  3851/4475/3590 3849/4473/3588 1990/2367/1737 3407/4005/3146
f  4876/5661/4612 4878/5660/4614 3408/4007/3147 3117/4006/2862
f  4878/5660/4614 4883/5670/4619 3118/3686/2863 3408/4007/3147
f  3395/3991/3138 1888/2246/1635 1890/2248/1637
f  1888/2246/1635 3395/3991/3138 1889/2247/1636
f  1617/1958/1364 1889/2247/1636 3395/3991/3138
f  1889/2247/1636 1617/1958/1364 3396/3992/3139
f  1619/1960/1366 3396/3992/3139 1617/1958/1364
f  3396/3992/3139 1619/1960/1366 3399/3995/2024
f  1608/1949/1355 3399/3995/2024 1619/1960/1366
f  3399/3995/2024 1608/1949/1355 3398/3994/3141
f  1607/1948/1354 3398/3994/3141 1608/1949/1355
f  3398/3994/3141 1607/1948/1354 3397/3993/3140
f  3394/3990/2024 3397/3993/3140 1607/1948/1354
f  3397/3993/3140 3394/3990/2024 3392/3988/3137
f  3393/3989/2024 3392/3988/3137 3394/3990/2024
f  3400/3996/3142 3403/3999/2024 3401/3997/2024
f  3402/3998/3143 3401/3997/2024 3403/3999/2024
f  3401/3997/2024 3402/3998/3143 2275/2684/2022
f  2650/3143/2395 2275/2684/2022 3402/3998/3143
f  2275/2684/2022 2650/3143/2395 2277/2686/2024
f  2649/3142/2394 2277/2686/2024 2650/3143/2395
f  2277/2686/2024 2649/3142/2394 2278/2687/2025
f  3404/4000/3144 2278/2687/2025 2649/3142/2394
f  2278/2687/2025 3404/4000/3144 2382/2794/2024
f  3405/4001/3145 2382/2794/2024 3404/4000/3144
f  2382/2794/2024 3405/4001/3145 2383/2795/2024
f  3406/4002/2024 2383/2795/2024 3405/4001/3145
f  2384/2796/2129 2383/2795/2024 3406/4002/2024
f  3838/4454/3577 3837/4453/3576 5232/6083/4966
f  3836/4452/3575 5232/6083/4966 3837/4453/3576
f  5232/6083/4966 3836/4452/3575 3576/4175/3315
f  5233/6084/4967 3576/4175/3315 3836/4452/3575
f  3576/4175/3315 5233/6084/4967 3577/4176/3316
f  5236/6087/2024 3577/4176/3316 5233/6084/4967
f  3577/4176/3316 5236/6087/2024 3566/4165/3305
f  5235/6086/4969 3566/4165/3305 5236/6087/2024
f  3566/4165/3305 5235/6086/4969 3567/4166/3306
f  5234/6085/4968 3567/4166/3306 5235/6086/4969
f  3567/4166/3306 5234/6085/4968 5229/6080/2024
f  5231/6082/4965 5229/6080/2024 5234/6085/4968
f  5230/6081/2024 5229/6080/2024 5231/6082/4965
f  5238/6089/2024 5240/6091/2024 5237/6088/4970
f  5240/6091/2024 5238/6089/2024 5239/6090/4971
f  4195/4862/3934 5239/6090/4971 5238/6089/2024
f  5239/6090/4971 4195/4862/3934 4571/5321/4307
f  4199/4866/2024 4571/5321/4307 4195/4862/3934
f  4571/5321/4307 4199/4866/2024 4570/5320/4306
f  4198/4865/3937 4570/5320/4306 4199/4866/2024
f  4570/5320/4306 4198/4865/3937 5241/6092/4972
f  4305/4975/2024 5241/6092/4972 4198/4865/3937
f  5241/6092/4972 4305/4975/2024 5242/6093/4973
f  4304/4974/2024 5242/6093/4973 4305/4975/2024
f  5242/6093/4973 4304/4974/2024 5243/6094/2024
f  4303/4973/4041 5243/6094/2024 4304/4974/2024
# object Shape003
g Shape0031
v 0.02285 -0.02177 0.00031
v 0.02211 -0.02251 0.00031
v 0.02127 -0.02256 0.00008
v 0.02122 -0.02251 0.00031
v 0.01897 -0.02026 0.00031
v 0.01902 -0.02031 0.00008
v 0.01897 -0.01937 0.00031
v 0.01971 -0.01863 0.00031
v 0.02061 -0.01863 0.00031
v 0.02285 -0.02087 0.00031
v 0.01175 -0.01304 0.04262
v 0.01263 -0.01303 0.04276
v 0.01337 -0.01229 0.04276
v 0.01338 -0.01140 0.04262
v 0.00920 -0.00722 0.04130
v 0.00757 -0.00886 0.04130
v -0.01364 -0.01229 0.04247
v -0.01521 -0.01386 0.03549
v -0.01446 -0.01460 0.03549
v -0.01289 -0.01303 0.04247
v -0.01201 -0.01303 0.04235
v -0.00877 -0.00979 0.04165
v -0.01040 -0.00816 0.04165
v -0.01364 -0.01140 0.04235
v -0.01929 -0.02031 0.00008
v -0.02153 -0.02256 0.00008
v -0.02243 -0.02256 0.00008
v -0.02317 -0.02182 0.00008
v -0.02317 -0.02092 0.00008
v -0.02092 -0.01868 0.00008
v 0.02211 0.02346 0.00031
v 0.02285 0.02272 0.00031
v 0.02290 0.02188 0.00008
v 0.02285 0.02183 0.00031
v 0.02061 0.01958 0.00031
v 0.02066 0.01963 0.00008
v 0.01976 0.01963 0.00008
v 0.01971 0.01958 0.00031
v 0.01897 0.02032 0.00031
v 0.01902 0.02037 0.00008
v 0.01902 0.02127 0.00008
v 0.01897 0.02122 0.00031
v 0.02122 0.02346 0.00031
v 0.02127 0.02351 0.00008
v 0.01341 0.01238 0.04171
v 0.01337 0.01324 0.04197
v 0.01263 0.01398 0.04197
v 0.01177 0.01402 0.04171
v 0.00857 0.01081 0.03971
v 0.01020 0.00918 0.03971
v -0.02312 0.02272 0.00031
v -0.02238 0.02346 0.00031
v -0.02153 0.02351 0.00008
v -0.02148 0.02346 0.00031
v -0.01924 0.02122 0.00031
v -0.01929 0.02127 0.00008
v -0.01924 0.02032 0.00031
v -0.01998 0.01958 0.00031
v -0.02092 0.01963 0.00008
v -0.02087 0.01958 0.00031
v -0.02312 0.02183 0.00031
v -0.02317 0.02188 0.00008
v -0.01204 0.01402 0.04171
v -0.01289 0.01398 0.04197
v -0.01364 0.01324 0.04197
v -0.01367 0.01238 0.04171
v -0.01040 0.00911 0.03966
v -0.00877 0.01075 0.03966
v 0.01494 -0.01386 0.03549
v 0.01420 -0.01460 0.03549
v -0.01521 0.01481 0.03549
v -0.01446 0.01555 0.03549
v -0.01532 -0.01397 0.03497
v -0.01458 -0.01471 0.03497
v -0.01357 -0.01460 0.03549
v -0.01369 -0.01471 0.03497
v -0.01144 -0.01247 0.03497
v -0.01132 -0.01235 0.03549
v -0.01132 -0.01146 0.03549
v -0.01144 -0.01157 0.03497
v -0.01218 -0.01083 0.03497
v -0.01206 -0.01071 0.03549
v -0.01296 -0.01071 0.03549
v -0.01307 -0.01083 0.03497
v -0.01532 -0.01308 0.03497
v -0.01521 -0.01296 0.03549
v 0.01420 0.01555 0.03549
v 0.01494 0.01481 0.03549
v 0.00020 -0.00083 0.03612
v 0.00658 0.00555 0.03587
v 0.00521 0.00419 0.03932
v 0.00422 0.00319 0.03934
v 0.00322 0.00219 0.03929
v 0.00222 0.00120 0.03917
v 0.00122 0.00020 0.03911
v 0.00022 -0.00080 0.03931
v -0.00101 0.00034 0.03549
v 0.00502 0.00637 0.03549
v 0.00577 0.00564 0.03549
v -0.00026 -0.00039 0.03549
v -0.00141 0.00083 0.03931
v -0.00041 0.00183 0.03931
v 0.00059 0.00283 0.03914
v 0.00158 0.00383 0.03918
v 0.00258 0.00483 0.03929
v 0.00358 0.00582 0.03930
v 0.00493 0.00718 0.03587
v -0.00146 0.00079 0.03612
v 0.01180 -0.01071 0.03549
v 0.01106 -0.01146 0.03549
v 0.00518 -0.00557 0.03549
v 0.00590 -0.00481 0.03549
v 0.01106 -0.01235 0.03549
v 0.01331 -0.01460 0.03549
v 0.00499 -0.00628 0.03601
v 0.00039 0.00159 0.03612
v -0.00557 0.00755 0.03589
v -0.00377 0.00575 0.03908
v -0.00277 0.00475 0.03905
v -0.00177 0.00375 0.03935
v -0.00077 0.00275 0.03936
v 0.00022 0.00176 0.03931
v -0.00777 -0.00879 0.04132
v -0.00940 -0.00716 0.04132
v -0.00677 -0.00779 0.04105
v -0.00840 -0.00616 0.04105
v -0.00577 -0.00680 0.04039
v -0.00740 -0.00516 0.04058
v -0.00477 -0.00580 0.04008
v -0.00641 -0.00416 0.04019
v -0.00377 -0.00480 0.03995
v -0.00541 -0.00316 0.03968
v -0.00277 -0.00380 0.03971
v -0.00441 -0.00216 0.03945
v -0.00177 -0.00280 0.03948
v -0.00341 -0.00116 0.03928
v -0.00077 -0.00180 0.03936
v -0.00241 -0.00017 0.03917
v 0.00821 -0.00623 0.04054
v 0.00657 -0.00786 0.04109
v 0.00721 -0.00523 0.04043
v 0.00557 -0.00686 0.04043
v 0.00621 -0.00423 0.04004
v 0.00458 -0.00587 0.04010
v 0.00521 -0.00323 0.03996
v 0.00358 -0.00487 0.03989
v 0.00422 -0.00224 0.03973
v 0.00258 -0.00387 0.03973
v 0.00322 -0.00124 0.03929
v 0.00158 -0.00287 0.03955
v 0.00222 -0.00024 0.03917
v 0.00059 -0.00188 0.03937
v 0.00122 0.00076 0.03911
v -0.00041 -0.00088 0.03931
v -0.00141 0.00012 0.03931
v -0.00241 0.00112 0.03917
v -0.00341 0.00212 0.03928
v -0.00441 0.00312 0.03918
v -0.00541 0.00412 0.03910
v -0.00562 -0.00664 0.03599
v -0.00579 -0.00592 0.03549
v -0.00654 -0.00519 0.03549
v -0.00727 -0.00502 0.03599
v -0.00717 0.00588 0.03589
v -0.00118 -0.00011 0.03612
v 0.00659 -0.00461 0.03601
v -0.00071 0.00031 0.03549
v -0.00639 0.00599 0.03549
v -0.00566 0.00675 0.03549
v 0.00000 0.00109 0.03549
v -0.01132 0.01330 0.03549
v -0.01357 0.01555 0.03549
v -0.01521 0.01392 0.03549
v -0.01296 0.01167 0.03549
v -0.01206 0.01167 0.03549
v -0.01132 0.01241 0.03549
v 0.01494 -0.01296 0.03549
v 0.01269 -0.01071 0.03549
v 0.01269 0.01167 0.03549
v 0.01494 0.01392 0.03549
v 0.01106 0.01241 0.03549
v 0.01180 0.01167 0.03549
v 0.01331 0.01555 0.03549
v 0.01106 0.01330 0.03549
v -0.02238 -0.02251 0.00031
v -0.01924 -0.02026 0.00031
v -0.01998 -0.01863 0.00031
v 0.01432 -0.01471 0.03497
v 0.01118 -0.01247 0.03497
v 0.01198 -0.01057 0.03549
v 0.01192 -0.01083 0.03497
v -0.01458 0.01567 0.03497
v -0.01144 0.01342 0.03497
v -0.01218 0.01178 0.03497
v 0.01506 0.01493 0.03497
v 0.01281 0.01178 0.03497
v 0.01118 0.01253 0.03497
v -0.02148 -0.02251 0.00031
v -0.01924 -0.01937 0.00031
v -0.02087 -0.01863 0.00031
v 0.01342 -0.01471 0.03497
v 0.01118 -0.01157 0.03497
v 0.01281 -0.01083 0.03497
v -0.01369 0.01567 0.03497
v -0.01144 0.01253 0.03497
v -0.01308 0.01178 0.03497
v 0.01506 0.01403 0.03497
v 0.01192 0.01178 0.03497
v 0.01118 0.01342 0.03497
v -0.01118 -0.01163 0.03549
v -0.00564 -0.00609 0.03551
v 0.00607 -0.00466 0.03551
v 0.02044 -0.01935 0.01104
v 0.01970 -0.02009 0.01104
v 0.01880 -0.02009 0.01104
v 0.01656 -0.01785 0.01104
v 0.01656 -0.01695 0.01104
v 0.01730 -0.01621 0.01104
v 0.01819 -0.01621 0.01104
v 0.02044 -0.01846 0.01104
v 0.01970 0.02105 0.01104
v 0.02044 0.02031 0.01104
v 0.02044 0.01941 0.01104
v 0.01819 0.01717 0.01104
v 0.01730 0.01717 0.01104
v 0.01656 0.01791 0.01104
v 0.01656 0.01880 0.01104
v 0.01880 0.02105 0.01104
v -0.02070 0.02031 0.01104
v -0.01996 0.02105 0.01104
v -0.01907 0.02105 0.01104
v -0.01682 0.01880 0.01104
v -0.01682 0.01791 0.01104
v -0.01756 0.01717 0.01104
v -0.01846 0.01717 0.01104
v -0.02070 0.01941 0.01104
v -0.02312 -0.02177 0.00031
v -0.02312 -0.02087 0.00031
v -0.01996 -0.02010 0.01104
v -0.01682 -0.01785 0.01104
v -0.01756 -0.01621 0.01104
v -0.01907 -0.02010 0.01104
v -0.01682 -0.01695 0.01104
v -0.01846 -0.01621 0.01104
v -0.02070 -0.01935 0.01104
v -0.02070 -0.01846 0.01104
v 0.01778 -0.01669 0.02287
v 0.01704 -0.01743 0.02287
v 0.01614 -0.01743 0.02287
v 0.01390 -0.01519 0.02287
v 0.01390 -0.01429 0.02287
v 0.01464 -0.01355 0.02287
v 0.01553 -0.01355 0.02287
v 0.01778 -0.01580 0.02287
v 0.01704 0.01839 0.02287
v 0.01778 0.01765 0.02287
v 0.01778 0.01675 0.02287
v 0.01553 0.01451 0.02287
v 0.01464 0.01451 0.02287
v 0.01390 0.01525 0.02287
v 0.01390 0.01614 0.02287
v 0.01614 0.01839 0.02287
v -0.01804 0.01765 0.02287
v -0.01730 0.01839 0.02287
v -0.01641 0.01839 0.02287
v -0.01416 0.01614 0.02287
v -0.01416 0.01525 0.02287
v -0.01490 0.01451 0.02287
v -0.01580 0.01451 0.02287
v -0.01804 0.01675 0.02287
v -0.01730 -0.01743 0.02287
v -0.01416 -0.01519 0.02287
v -0.01490 -0.01355 0.02287
v -0.01641 -0.01743 0.02287
v -0.01416 -0.01429 0.02287
v -0.01580 -0.01355 0.02287
v -0.01804 -0.01669 0.02287
v -0.01804 -0.01580 0.02287
v 0.01506 -0.01397 0.03497
v 0.01506 -0.01308 0.03497
v 0.01432 0.01567 0.03497
v 0.01342 0.01567 0.03497
v -0.01532 0.01493 0.03497
v -0.01532 0.01403 0.03497
# 284 verticies
vt 3.01050 -0.19900
vt 3.01400 -0.16500
vt 2.15500 -0.01150
vt 2.15150 -0.04550
vt 3.87200 4.96650
vt 4.04100 4.14800
vt 4.12050 4.14800
vt 3.95200 4.96650
vt 2.25300 -0.19300
vt 2.25750 -0.15950
vt 1.40100 -0.00600
vt 1.39650 -0.04000
vt 1.96100 -0.01200
vt 1.96200 0.02200
vt 1.65900 0.01850
vt 1.65800 -0.01550
vt 2.94000 -0.04800
vt 2.93600 -0.01400
vt 2.07950 -0.16700
vt 2.08400 -0.20100
vt 2.37700 -0.19800
vt 2.38000 -0.16400
vt 1.52000 -0.01050
vt 1.51700 -0.04450
vt 2.81650 -0.04450
vt 2.81400 -0.01050
vt 1.95400 -0.16400
vt 1.95700 -0.19800
vt 0.95900 4.14800
vt 1.12800 5.00000
vt 1.04800 5.00000
vt 0.87950 4.14800
vt 1.12800 4.90700
vt 1.04800 4.90700
vt 2.16300 6.99750
vt 2.15900 6.86250
vt 2.34750 6.86350
vt 2.35150 6.99850
vt 2.18250 7.04050
vt 2.17750 6.90550
vt 2.73000 7.11300
vt 2.73450 7.24800
vt 1.90400 7.28850
vt 1.90750 7.15350
vt 2.09600 7.15250
vt 2.09250 7.28750
vt 1.86350 7.24550
vt 1.86800 7.11050
vt 2.42050 6.90350
vt 2.41550 7.03850
vt 3.95200 4.90700
vt 3.87200 4.90700
vt 1.90650 2.45150
vt 1.85500 1.51800
vt 2.63300 0.98800
vt 2.55250 1.71750
vt 2.55800 1.86350
vt 2.54700 2.00950
vt 2.52350 2.15600
vt 2.51100 2.30200
vt 2.55050 2.44800
vt 2.52300 2.62900
vt 1.52200 1.74550
vt 1.64400 1.63650
vt 2.64400 2.51850
vt 2.44950 2.68700
vt 2.44900 2.54100
vt 2.48250 2.39500
vt 2.47400 2.24900
vt 2.45150 2.10300
vt 2.45100 1.95700
vt 2.36700 1.22750
vt 3.14500 1.75950
vt 3.09350 2.69400
vt 4.35600 0.75400
vt 4.47900 0.86250
vt 3.50300 1.72350
vt 3.37750 1.61750
vt 1.77850 0.86250
vt 1.77850 0.53400
vt 3.22150 0.76200
vt 2.95350 1.37300
vt 1.88400 1.75000
vt 3.09400 2.42300
vt 3.13950 3.29550
vt 2.37750 3.76350
vt 2.49500 3.03250
vt 2.50050 2.88600
vt 2.43950 2.74000
vt 2.43800 2.59400
vt 2.44950 2.44800
vt 2.56200 2.59400
vt 2.58500 2.74000
vt 2.63300 2.88600
vt 2.68000 3.03250
vt 2.70650 3.17850
vt 2.77050 3.32450
vt 2.90400 3.47100
vt 2.95900 3.61700
vt 3.02450 3.76350
vt 1.87900 3.30250
vt 3.56150 3.32800
vt 3.43950 3.43750
vt 3.12100 3.54350
vt 1.97550 4.00250
vt 2.04100 3.85650
vt 2.09600 3.71000
vt 2.19100 3.56400
vt 2.27000 3.41800
vt 2.37300 3.27150
vt 2.41950 3.12550
vt 2.45450 2.97950
vt 2.47750 2.83300
vt 2.55050 2.68700
vt 2.52250 2.83300
vt 2.54550 2.97950
vt 2.52450 3.12550
vt 2.50850 3.27150
vt 2.62250 4.00250
vt 1.86000 3.52950
vt 1.90550 2.65350
vt 2.48900 2.30200
vt 2.47650 2.15600
vt 2.45300 2.00950
vt 2.36450 1.86350
vt 2.31700 1.71750
vt 2.30200 1.57200
vt 2.22200 1.42600
vt 2.20000 1.28000
vt 2.04650 1.13400
vt 3.11650 1.51600
vt 2.52750 2.58400
vt 1.58550 3.41500
vt 1.46000 3.30900
vt 2.39900 2.48050
vt 3.16600 4.23750
vt 1.77850 4.46600
vt 1.77850 4.13750
vt 4.47900 4.13750
vt 4.35600 4.24600
vt 3.22150 4.37650
vt 3.22150 4.70550
vt 1.83400 4.47700
vt 3.22150 4.13750
vt 3.22150 4.46600
vt 1.96300 4.24200
vt 3.03700 4.48100
vt 1.77850 4.70550
vt 1.77850 4.37650
vt 0.64350 4.24600
vt 0.52100 4.13750
vt 2.91250 1.51900
vt 2.77800 1.66500
vt 2.71100 1.81100
vt 2.66850 1.95700
vt 2.63550 2.10300
vt 2.60000 2.24900
vt 2.56300 2.39500
vt 2.55100 2.54100
vt 1.77850 0.52300
vt 3.22150 0.29450
vt 3.22150 0.62350
vt 1.77850 0.62350
vt 1.77850 0.29450
vt 3.03750 0.51900
vt 0.52100 0.86250
vt 0.64350 0.75400
vt 1.96250 0.75800
vt 3.22150 0.53400
vt 3.22150 0.86250
vt 4.50850 4.11650
vt 3.59000 3.30600
vt 4.33250 0.72800
vt 3.35200 1.59300
vt 3.06800 -0.19400
vt 3.18150 1.39450
vt 2.87950 1.39350
vt 2.76600 -0.19500
vt 3.16650 1.42350
vt 2.30750 1.57700
vt 3.43800 0.01950
vt 3.32400 1.60800
vt 3.02200 1.60900
vt 3.13550 0.02050
vt 3.51050 -0.00950
vt 3.35800 1.57900
vt 2.49900 1.42550
vt 2.65150 -0.16300
vt 2.13300 -0.19550
vt 2.08050 1.39300
vt 1.77750 1.39650
vt 1.83000 -0.19200
vt 2.46550 1.42900
vt 1.60950 1.58200
vt 2.01450 1.61050
vt 1.71150 1.60700
vt 2.72750 1.57400
vt 1.87100 1.42100
vt 3.03500 -0.19450
vt 3.16800 1.39400
vt 2.86650 1.39400
vt 2.73300 -0.19450
vt 2.51300 1.42450
vt 1.65350 1.57800
vt 3.46900 0.02000
vt 3.33600 1.60850
vt 3.03400 1.60850
vt 3.16700 0.02000
vt 2.68050 1.57800
vt 1.82100 1.42450
vt 1.90550 -2.22850
vt 1.90400 -2.28850
vt 2.09250 -2.28750
vt 2.09400 -2.22750
vt 1.86550 -2.18550
vt 1.86350 -2.24550
vt 2.41600 -2.03850
vt 2.41800 -1.97850
vt 2.18000 -1.98050
vt 2.18250 -2.04050
vt 2.73450 -2.24800
vt 2.73250 -2.18800
vt 1.98400 0.58550
vt 2.17250 0.58650
vt 1.96200 0.62850
vt 2.51450 0.83550
vt 2.08300 0.87650
vt 2.16150 -1.93750
vt 2.35000 -1.93850
vt 2.27150 0.87550
vt 2.08350 0.83350
vt 2.63600 0.62600
vt 3.30650 3.14600
vt 3.00450 3.14500
vt 3.33450 3.17500
vt 2.47550 3.32850
vt 3.19900 3.35950
vt 2.89700 3.36050
vt 3.19000 3.33050
vt 2.33100 3.17700
vt 2.02250 3.14400
vt 1.71950 3.14750
vt 2.69500 3.18000
vt 1.83900 3.33300
vt 2.07250 3.36150
vt 1.76950 3.35800
vt 2.49800 3.32500
vt 1.64150 3.17200
vt 3.31500 3.14550
vt 3.01350 3.14550
vt 2.66000 3.17600
vt 1.80000 3.32950
vt 3.18900 3.36000
vt 2.88700 3.36000
vt 2.53400 3.32950
vt 1.67400 3.17600
vt 2.07050 3.68800
vt 2.25900 3.68900
vt 2.06850 3.73100
vt 2.62100 3.93800
vt 1.99650 3.97900
vt 2.18500 3.97800
vt 1.97700 3.93600
vt 2.52950 3.72850
vt 3.43500 4.93800
vt 3.13250 4.93700
vt 3.50650 4.96700
vt 2.64750 5.12050
vt 3.07100 5.15150
vt 2.76900 5.15250
vt 3.01800 5.12250
vt 2.15900 4.96900
vt 1.96350 4.93550
vt 1.66050 4.93900
vt 2.93000 4.97150
vt 2.07400 5.12450
vt 2.13150 5.15300
vt 1.82850 5.14950
vt 2.26300 5.11700
vt 1.40700 4.96400
vt 3.46550 4.93750
vt 3.16350 4.93750
vt 2.81050 4.96800
vt 1.95050 5.12150
vt 3.03850 5.15200
vt 2.73700 5.15200
vt 2.38350 5.12150
vt 1.52350 4.96800
vt 3.44000 5.01450
vt 3.13800 5.01350
vt 3.51400 5.04350
vt 2.65500 5.19700
vt 3.06550 5.22800
vt 2.76350 5.22900
vt 3.01050 5.19900
vt 2.15150 5.04550
vt 1.96100 5.01200
vt 1.65800 5.01550
vt 2.94000 5.04800
vt 2.08400 5.20100
vt 2.13400 5.22950
vt 1.83100 5.22600
vt 2.25300 5.19300
vt 1.39700 5.04000
vt 3.47200 5.01400
vt 3.17000 5.01400
vt 2.81650 5.04450
vt 1.95700 5.19800
vt 2.37700 5.19800
vt 1.51700 5.04450
# 310 texture verticies
vn -0.47858 -0.54647 -0.68727
vn -0.66681 -0.74502 0.01760
vn -0.74502 -0.66681 -0.01760
vn -0.52700 -0.48210 -0.69990
vn -0.39490 -0.34150 0.85290
vn -0.71022 -0.63562 0.30261
vn -0.63562 -0.71022 0.30261
vn -0.34150 -0.39490 0.85290
vn 0.54647 -0.47858 -0.68727
vn 0.74502 -0.66681 0.01760
vn 0.66681 -0.74502 -0.01760
vn 0.48210 -0.52700 -0.69990
vn -0.40231 -0.45011 -0.79721
vn -0.63560 -0.71020 -0.30270
vn -0.71020 -0.63560 -0.30270
vn -0.45009 -0.40239 -0.79718
vn -0.52700 0.48210 -0.69990
vn -0.74502 0.66681 -0.01760
vn -0.66681 0.74502 0.01760
vn -0.47858 0.54647 -0.68727
vn 0.47858 0.54647 -0.68727
vn 0.66681 0.74502 0.01760
vn 0.74502 0.66681 -0.01760
vn 0.52700 0.48210 -0.69990
vn -0.48210 -0.52700 -0.69990
vn -0.66681 -0.74502 -0.01760
vn -0.74502 -0.66681 0.01760
vn -0.54647 -0.47858 -0.68727
vn 0.71147 -0.63678 0.29719
vn 0.39251 -0.33820 0.85531
vn 0.33810 -0.39240 0.85540
vn 0.63678 -0.71147 0.29719
vn -0.70768 0.63338 0.31309
vn -0.32241 0.26401 0.90904
vn -0.26401 0.32241 0.90904
vn -0.63342 0.70763 0.31311
vn -0.71020 -0.63560 0.30270
vn -0.63560 -0.71020 0.30270
vn 0.66681 -0.74501 0.01770
vn 0.66681 -0.74502 0.01760
vn 0.74502 -0.66681 -0.01760
vn 0.73052 -0.68231 -0.02820
vn 0.42938 0.38478 -0.81706
vn 0.71020 0.63560 -0.30270
vn 0.63560 0.71020 -0.30270
vn 0.38481 0.42941 -0.81702
vn -0.68232 0.73052 -0.02800
vn -0.66681 0.74502 -0.01760
vn -0.74502 0.66681 0.01760
vn -0.74501 0.66681 0.01770
vn 0.63338 0.70768 0.31309
vn 0.26479 0.32309 0.90857
vn 0.32309 0.26479 0.90857
vn 0.70768 0.63338 0.31309
vn 0.70581 -0.70631 -0.05450
vn 0.70201 -0.70691 -0.08640
vn 0.42050 -0.63930 0.64380
vn -0.50500 0.48670 0.71281
vn 0.48531 -0.49471 0.72092
vn 0.45361 -0.51631 0.72641
vn -0.53150 0.46850 0.70570
vn -0.43911 0.48911 0.75362
vn 0.53720 -0.44760 0.71490
vn -0.03910 0.03910 -0.99847
vn -0.02350 0.02350 -0.99945
vn 0.02350 -0.02350 -0.99945
vn 0.03910 -0.03910 -0.99847
vn -0.51770 0.46710 0.71680
vn -0.43839 0.49939 0.74728
vn 0.50740 -0.46310 0.72670
vn 0.45679 -0.51269 0.72698
vn -0.51942 0.47932 0.70743
vn 0.47810 -0.50910 0.71570
vn -0.63977 0.41998 0.64367
vn -0.70690 0.70200 -0.08660
vn -0.70631 0.70581 -0.05450
vn -0.38478 0.42938 -0.81706
vn -0.42941 0.38481 -0.81702
vn -0.03230 -0.03230 -0.99896
vn 0.03210 0.03210 -0.99897
vn -0.73051 -0.68231 -0.02860
vn -0.66698 -0.74488 0.01720
vn -0.58860 -0.42500 0.68770
vn -0.59559 -0.41680 0.68669
vn -0.70770 -0.70360 -0.06400
vn 0.70640 0.70570 -0.05470
vn 0.70733 0.70223 -0.08100
vn 0.64419 0.41189 0.64449
vn -0.46750 -0.51900 0.71560
vn -0.51869 -0.41839 0.74559
vn 0.41998 0.53227 0.73506
vn 0.48368 0.46568 0.74107
vn 0.53720 0.44760 0.71490
vn -0.48841 0.54671 0.68012
vn -0.45400 0.57420 0.68130
vn 0.55750 -0.38480 0.73561
vn 0.53302 -0.39822 0.74653
vn -0.39629 0.55829 0.72888
vn -0.29160 0.63450 0.71580
vn 0.64090 -0.32140 0.69710
vn -0.39341 0.60101 0.69571
vn 0.58900 -0.39930 0.70260
vn 0.70778 -0.70328 -0.06670
vn 0.03080 -0.03080 -0.99905
vn -0.03080 0.03080 -0.99905
vn -0.70328 0.70778 -0.06660
vn -0.39941 0.58902 0.70252
vn 0.60099 -0.39330 0.69579
vn -0.36099 0.61869 0.69779
vn 0.65632 -0.37441 0.65502
vn -0.32549 0.63819 0.69769
vn 0.59190 -0.32290 0.73850
vn 0.54307 -0.39317 0.74195
vn 0.52821 -0.42221 0.73671
vn 0.45948 -0.46868 0.75447
vn -0.51770 -0.46710 0.71680
vn 0.45948 0.46868 0.75447
vn -0.49410 -0.49790 0.71271
vn 0.48011 0.54341 0.68862
vn 0.49721 0.48531 0.71921
vn -0.41250 -0.64380 0.64450
vn -0.70220 -0.70730 -0.08150
vn -0.70569 -0.70639 -0.05480
vn -0.43909 -0.48919 0.75359
vn -0.50799 -0.44220 0.73919
vn -0.55697 -0.35178 0.75236
vn 0.37179 0.60709 0.70229
vn 0.42720 0.53930 0.72571
vn -0.56068 -0.39199 0.72937
vn 0.39569 0.57428 0.71668
vn -0.56581 -0.24940 0.78591
vn 0.29741 0.66112 0.68882
vn 0.70359 0.70769 -0.06430
vn -0.03890 -0.03890 -0.99849
vn -0.02490 -0.02490 -0.99938
vn 0.02510 0.02510 -0.99937
vn 0.03900 0.03900 -0.99848
vn 0.63163 -0.55982 0.53632
vn -0.55982 0.63163 0.53632
vn 0.73038 0.68248 -0.02760
vn 0.66643 0.74533 0.01880
vn 0.68030 0.33730 0.65070
vn -0.33730 -0.68030 0.65070
vn -0.74528 -0.66649 0.01870
vn -0.68241 -0.73041 -0.02870
vn 0.38481 -0.42941 -0.81702
vn 0.42941 -0.38481 -0.81702
vn -0.57752 -0.25531 0.77543
vn 0.31399 0.65367 0.68857
vn 0.40609 0.59408 0.69438
vn 0.42289 0.55598 0.71558
vn -0.55880 -0.43960 0.70320
vn -0.53760 -0.40440 0.73990
vn 0.47249 0.55579 0.68399
vn 0.50701 0.52811 0.68121
vn 0.42502 0.58853 0.68774
vn 0.74493 0.66692 0.01730
vn 0.68238 0.73048 -0.02770
vn 0.68251 -0.73031 -0.02880
vn 0.74528 -0.66649 0.01870
vn 0.33822 -0.67934 0.65124
vn -0.42941 -0.38481 -0.81702
vn -0.38481 -0.42941 -0.81702
vn -0.67931 0.33831 0.65121
vn -0.66643 0.74533 0.01880
vn -0.73029 0.68259 -0.02750
vn 0.47909 0.28360 -0.83069
vn 0.14590 -0.14370 -0.97881
vn -0.28360 0.47909 -0.83069
vn 0.14959 0.15159 -0.97706
vn 0.71020 -0.63560 0.30270
vn 0.63560 -0.71020 0.30270
vn -0.71020 0.63560 -0.30270
vn -0.63560 0.71020 -0.30270
vn 0.66681 0.74502 -0.01760
vn 0.74502 0.66681 0.01760
vn 0.63560 0.71020 0.30270
vn 0.71020 0.63560 0.30270
vn -0.71020 0.63560 0.30270
vn -0.63560 0.71020 0.30270
vn 0.71020 -0.63560 -0.30270
vn 0.63560 -0.71020 -0.30270
vn -0.60811 -0.54491 -0.57731
vn -0.54491 -0.60811 -0.57731
vn 0.66687 -0.74497 0.01760
vn 0.47860 -0.54640 -0.68730
vn 0.52702 -0.48202 -0.69993
vn -0.66687 0.74497 -0.01760
vn -0.48210 0.52700 -0.69990
vn -0.54650 0.47850 -0.68730
vn -0.66687 -0.74497 0.01760
vn 0.66687 0.74497 -0.01760
vn 0.74497 -0.66687 0.01760
vn -0.74497 0.66687 -0.01760
vn 0.74497 0.66687 -0.01760
vn -0.74497 -0.66687 0.01760
# 196 normals
usemtl Wood
f  5246/6095/4974 5247/6096/4975 5248/6097/4976 5249/6098/4977
f  5260/6099/4978 5261/6100/4979 5262/6101/4980 5263/6102/4981
f  5276/6103/4982 5277/6104/4983 5278/6105/4984 5279/6106/4985
f  5280/6107/4986 5281/6108/4987 5282/6109/4988 5283/6110/4989
f  5284/6111/4990 5285/6112/4991 5286/6113/4992 5287/6114/4993
f  5296/6115/4994 5297/6116/4995 5298/6117/4996 5299/6118/4997
f  5302/6119/4998 5303/6120/4999 5304/6121/5000 5305/6122/5001
f  5312/6123/5002 5256/6124/5003 5255/6125/5004 5313/6126/5005
f  5314/6123/5006 5308/6127/5007 5307/6128/5008 5315/6126/5009
f  5261/6129/4979 5316/6130/5010 5317/6131/5011 5262/6132/4980
f  5318/6133/5012 5319/6134/5013 5320/6135/5014 5321/6136/5015
f  5322/6137/5016 5323/6138/5017 5324/6139/5018 5325/6140/5019
f  5326/6141/5020 5327/6142/5021 5328/6143/5022 5329/6144/5023
f  5330/6101/5024 5290/6145/5025 5289/6146/5026 5331/6100/5027
f  5332/6147/5028 5333/6148/5029 5293/6149/5030 5334/6150/5031 5335/6151/5032 5336/6152/5033 5337/6153/5034 5338/6154/5035 5339/6155/5036
f  5340/6156/5037 5341/6157/5038 5342/6158/5039 5343/6159/5040
f  5344/6160/5041 5345/6161/5042 5346/6162/5043 5347/6163/5044 5348/6164/5045 5349/6165/5046 5292/6166/5047 5350/6167/5048 5351/6168/5049
f  5352/6169/5050 5353/6170/5051 5354/6171/5052 5355/6172/5053
f  5356/6173/5054 5357/6174/5055 5254/6175/5056 5259/6176/5057 5358/6177/5058
f  5359/6178/5059 5360/6179/5060 5311/6180/5061 5361/6181/5062 5362/6182/5063 5363/6183/5064 5364/6184/5065 5365/6185/5066
f  5339/6155/5036 5380/6186/5067 5378/6187/5068 5376/6188/5069 5374/6189/5070 5372/6190/5071 5370/6191/5072 5368/6192/5073 5366/6193/5074 5265/6194/5075 5403/6195/5076 5332/6147/5028
f  5343/6159/5040 5404/6196/5077 5405/6197/5078 5340/6156/5037
f  5351/6168/5049 5406/6198/5079 5266/6199/5080 5367/6200/5081 5369/6201/5082 5371/6202/5083 5373/6203/5084 5375/6204/5085 5377/6205/5086 5379/6206/5087 5381/6207/5088 5344/6160/5041
f  5398/6208/5089 5399/6209/5090 5400/6210/5091 5401/6211/5092 5402/6212/5093 5310/6213/5094 5407/6214/5095 5408/6215/5096
f  5365/6185/5066 5396/6216/5097 5394/6217/5098 5392/6218/5099 5390/6219/5100 5388/6220/5101 5386/6221/5102 5384/6222/5103 5382/6223/5104 5258/6224/5105 5409/6225/5106 5359/6178/5059
f  5410/6226/5107 5411/6227/5108 5412/6228/5109 5413/6229/5110
f  5265/6194/5075 5264/6230/5111 5318/6231/5012 5321/6232/5015 5403/6195/5076
f  5404/6196/5077 5322/6233/5016 5325/6234/5019 5405/6197/5078
f  5406/6198/5079 5326/6235/5020 5329/6236/5023 5267/6237/5112 5266/6199/5080
f  5360/6179/5060 5414/6238/5113 5415/6239/5114 5306/6240/5115 5311/6180/5061
f  5310/6213/5094 5309/6241/5116 5416/6242/5117 5417/6243/5118 5407/6214/5095
f  5411/6227/5108 5418/6244/5119 5419/6245/5120 5412/6228/5109
f  5354/6171/5052 5410/6226/5107 5413/6229/5110 5355/6172/5053
f  5259/6176/5057 5383/6246/5121 5385/6247/5122 5387/6248/5123 5389/6249/5124 5391/6250/5125 5393/6251/5126 5395/6252/5127 5397/6253/5128 5398/6208/5089 5408/6215/5096 5358/6177/5058
f  5258/6224/5105 5257/6254/5129 5420/6255/5130 5421/6256/5131 5409/6225/5106
f  5333/6148/5029 5422/6257/5132 5423/6258/5133 5288/6259/5134 5293/6149/5030
f  5341/6157/5038 5424/6260/5135 5425/6261/5136 5342/6158/5039
f  5292/6166/5047 5291/6262/5137 5426/6263/5138 5427/6264/5139 5350/6167/5048
f  5453/6265/5140 5322/6233/5016 5404/6196/5077 5454/6266/5141
f  5433/6267/5142 5352/6169/5050 5355/6172/5053 5455/6268/5143
f  5244/6269/5144 5456/6270/5144 5457/6271/5145 5245/6272/5145
f  5247/6096/4975 5458/6273/4975 5459/6274/4976 5248/6097/4976
f  5250/6275/5146 5460/6276/5146 5461/6277/5147 5251/6278/5147
f  5252/6279/5148 5462/6280/5148 5463/6281/5149 5253/6282/5149
f  5274/6283/5150 5464/6284/5150 5465/6285/5151 5275/6286/5151
f  5277/6104/4983 5466/6287/4983 5467/6288/4984 5278/6105/4984
f  5281/6108/4987 5468/6289/4987 5469/6290/4988 5282/6109/4988
f  5285/6112/4991 5470/6291/4991 5471/6292/4992 5286/6113/4992
f  5294/6293/5152 5472/6294/5152 5473/6295/5153 5295/6296/5153
f  5297/6116/4995 5474/6297/4995 5475/6298/4996 5298/6117/4996
f  5300/6299/5154 5476/6300/5154 5477/6301/5155 5301/6302/5155
f  5303/6120/4999 5478/6303/4999 5479/6304/5000 5304/6121/5000
f  5480/6305/5010 5271/6306/5156 5270/6307/5157 5428/6308/5011
f  5441/6309/5158 5269/6310/5159 5268/6311/5160 5429/6312/5014
f  5443/6313/5161 5273/6314/5162 5272/6315/5163 5481/6316/5022
f  5488/6317/5010 5480/6305/5010 5428/6308/5011 5482/6318/5011
f  5485/6319/5158 5441/6309/5158 5429/6312/5014 5483/6320/5014
f  5486/6321/5017 5442/6322/5017 5430/6323/5018 5484/6324/5018
f  5487/6325/5161 5443/6313/5161 5481/6316/5022 5489/6326/5022
f  5456/6270/5144 5490/6327/5144 5491/6328/5145 5457/6271/5145
f  5458/6273/4975 5492/6329/5164 5493/6330/4976 5459/6274/4976
f  5460/6276/5146 5494/6331/5146 5495/6332/5147 5461/6277/5147
f  5462/6280/5148 5496/6333/5165 5497/6334/5149 5463/6281/5149
f  5464/6284/5150 5498/6335/5150 5499/6336/5151 5465/6285/5151
f  5466/6287/4983 5500/6337/5166 5501/6338/4984 5467/6288/4984
f  5468/6289/4987 5502/6339/4987 5503/6340/4988 5469/6290/4988
f  5470/6291/4991 5504/6341/5167 5505/6342/4992 5471/6292/4992
f  5472/6294/5152 5506/6343/5152 5507/6344/5153 5473/6295/5153
f  5474/6297/4995 5508/6345/4995 5509/6346/5168 5475/6298/4996
f  5476/6300/5154 5510/6347/5154 5511/6348/5155 5477/6301/5155
f  5478/6303/4999 5512/6349/4999 5513/6350/5169 5479/6304/5000
f  5520/6351/5010 5488/6317/5010 5482/6318/5011 5514/6352/5011
f  5517/6353/5158 5485/6319/5158 5483/6320/5014 5515/6354/5014
f  5518/6355/5017 5486/6321/5017 5484/6324/5018 5516/6356/5018
f  5519/6357/5161 5487/6325/5161 5489/6326/5022 5521/6358/5022
f  5490/6327/5144 5522/6359/5144 5431/6360/5145 5491/6328/5145
f  5492/6329/5164 5444/6361/5164 5432/6362/4976 5493/6330/4976
f  5494/6331/5146 5445/6363/5146 5434/6364/5147 5495/6332/5147
f  5496/6333/5165 5446/6365/5165 5523/6366/5149 5497/6334/5149
f  5498/6335/5150 5524/6367/5150 5438/6368/5151 5499/6336/5151
f  5500/6337/5166 5450/6369/5166 5439/6370/4984 5501/6338/4984
f  5502/6339/4987 5451/6371/4987 5440/6372/4988 5503/6340/4988
f  5504/6341/5167 5452/6373/5167 5525/6374/4992 5505/6342/4992
f  5506/6343/5152 5526/6375/5152 5435/6376/5153 5507/6344/5153
f  5508/6345/4995 5447/6377/4995 5436/6378/5168 5509/6346/5168
f  5510/6347/5154 5448/6379/5154 5437/6380/5155 5511/6348/5155
f  5512/6349/4999 5449/6381/4999 5527/6382/5169 5513/6350/5169
f  5316/6130/5010 5520/6351/5010 5514/6352/5011 5317/6131/5011
f  5319/6134/5013 5517/6353/5158 5515/6354/5014 5320/6135/5014
f  5323/6138/5017 5518/6355/5017 5516/6356/5018 5324/6139/5018
f  5327/6142/5021 5519/6357/5161 5521/6358/5022 5328/6143/5022
f  5522/6359/5144 5312/6383/5002 5313/6384/5005 5431/6360/5145
f  5444/6361/5164 5357/6385/5055 5356/6386/5054 5432/6362/4976
f  5445/6363/5146 5353/6387/5051 5352/6388/5050 5434/6364/5147
f  5446/6365/5165 5421/6389/5131 5420/6390/5130 5523/6366/5149
f  5524/6367/5150 5330/6391/5024 5331/6392/5027 5438/6368/5151
f  5450/6369/5166 5423/6393/5133 5422/6394/5132 5439/6370/4984
f  5451/6371/4987 5425/6395/5136 5424/6396/5135 5440/6372/4988
f  5452/6373/5167 5427/6397/5139 5426/6398/5138 5525/6374/4992
f  5526/6375/5152 5314/6399/5006 5315/6400/5009 5435/6376/5153
f  5447/6377/4995 5415/6401/5114 5414/6402/5113 5436/6378/5168
f  5449/6381/4999 5417/6403/5118 5416/6404/5117 5527/6382/5169
