# Blender 4.0.2
# www.blender.org
mtllib Executive_Office_Chair.mtl
o Executive_Office_Chair
v 0.250054 1.037378 -0.387569
v 0.250052 1.048667 -0.379984
v 0.250328 1.039944 -0.367045
v 0.249870 1.021051 -0.389971
v 0.250310 1.026165 -0.360226
v 0.249746 0.355255 0.259592
v 0.249490 0.347718 0.245448
v 0.250234 0.377517 0.261313
v 0.249346 0.366709 0.268654
v 0.249699 0.385664 0.245179
v 0.249351 0.342470 -0.132532
v 0.250591 0.353323 -0.188806
v 0.249751 0.385389 -0.233922
v 0.248149 0.415746 -0.258277
v 0.249653 0.475112 -0.277367
v 0.249975 0.516049 -0.279354
v 0.250438 0.555799 -0.280006
v 0.249890 0.595020 -0.278703
v 0.249546 0.633924 -0.275350
v 0.249651 0.668682 -0.274758
v 0.249679 0.686284 -0.277471
v 0.251143 0.702636 -0.281134
v 0.250911 0.734750 -0.294493
v 0.250048 0.767523 -0.312042
v 0.250755 0.801766 -0.329197
v 0.250143 0.837569 -0.345068
v 0.250611 0.873017 -0.357808
v 0.250967 0.910547 -0.368488
v 0.250117 0.947668 -0.378151
v 0.249554 0.986039 -0.384875
v 0.250536 0.991109 -0.354543
v 0.250451 0.954543 -0.348350
v 0.251271 0.918376 -0.340520
v 0.250654 0.882660 -0.329970
v 0.250211 0.848257 -0.318091
v 0.249967 0.814149 -0.303170
v 0.250638 0.780886 -0.286041
v 0.250470 0.746448 -0.269155
v 0.250445 0.710827 -0.254501
v 0.250382 0.692121 -0.248769
v 0.250554 0.671946 -0.245436
v 0.250094 0.631181 -0.246812
v 0.249945 0.593304 -0.250169
v 0.250659 0.555162 -0.251461
v 0.249686 0.516846 -0.249056
v 0.249851 0.478060 -0.246349
v 0.248043 0.426575 -0.235746
v 0.249693 0.405114 -0.214763
v 0.250733 0.381335 -0.178099
v 0.249999 0.376697 -0.130084
v 0.248543 1.061890 -0.363268
v 0.248148 1.063118 -0.390423
v 0.248896 0.399271 -0.170080
v 0.248515 0.334846 0.266973
v 0.241823 0.328471 0.268691
v 0.249096 0.790595 -0.265039
v 0.248269 0.439535 -0.216118
v 0.248442 0.394786 -0.127244
v 0.241823 0.384815 0.286508
v 0.248107 0.380189 0.283194
v 0.248402 0.323449 -0.135208
v 0.241823 0.317347 -0.136605
v 0.248178 0.409802 -0.278578
v 0.242944 0.408541 -0.285388
v 0.248672 0.396156 0.269801
v 0.241823 0.485268 -0.218368
v 0.248711 0.483191 -0.224440
v 0.248923 1.051365 -0.348556
v 0.241823 1.054663 -0.342469
v 0.248357 0.403336 0.248852
v 0.241823 1.041564 -0.414760
v 0.248724 1.040813 -0.408158
v 0.248247 0.682702 -0.293880
v 0.248715 0.367962 -0.245618
v 0.241823 0.718807 -0.222718
v 0.249040 0.717364 -0.229456
v 0.241823 0.341110 0.282847
v 0.248275 0.347285 0.280384
v 0.241823 0.998420 -0.329180
v 0.248842 0.996434 -0.334815
v 0.241823 0.592580 -0.218583
v 0.248844 0.592606 -0.225223
v 0.241823 0.665829 -0.296849
v 0.248313 0.666743 -0.291636
v 0.241823 0.727089 -0.316451
v 0.248745 0.728557 -0.311254
v 0.241823 0.792402 -0.350486
v 0.248738 0.794536 -0.345497
v 0.248750 0.867219 -0.374927
v 0.241823 0.942708 -0.401993
v 0.248615 0.943870 -0.396326
v 0.249176 0.924417 -0.319345
v 0.248856 0.856908 -0.296407
v 0.241823 0.633502 -0.214627
v 0.248904 0.632549 -0.221317
v 0.248669 0.556042 -0.298444
v 0.241823 0.556083 -0.304095
v 0.248815 1.034897 -0.340926
v 0.248657 0.518181 -0.225759
v 0.241823 0.518722 -0.219433
v 0.248652 1.022973 -0.409138
v 0.241823 1.024205 -0.415283
v 0.248504 0.471485 -0.296148
v 0.248925 0.334664 -0.196259
v 0.241823 0.328739 -0.198674
v 0.241823 0.323620 0.249478
v 0.248414 0.329412 0.248418
v 0.248057 0.361404 0.286030
v 0.241823 0.359641 0.290347
v 0.241823 0.422907 -0.193532
v 0.248703 0.418811 -0.198927
v 0.249128 0.554872 -0.227058
v 0.249050 0.696507 -0.223974
v 0.241823 1.056763 -0.407215
v 0.248516 1.055852 -0.400260
v 0.248286 0.632792 -0.293097
v 0.241823 0.696855 -0.302701
v 0.248810 0.698003 -0.297577
v 0.248432 0.760248 -0.328501
v 0.248531 0.830800 -0.361365
v 0.248894 0.905387 -0.386705
v 0.248432 0.983812 -0.403777
v 0.241823 0.983368 -0.409696
v 0.248822 0.959549 -0.327895
v 0.241823 0.961094 -0.322063
v 0.248984 0.890122 -0.308775
v 0.248758 0.823852 -0.281760
v 0.249055 0.755678 -0.245829
v 0.249111 0.674821 -0.220559
v 0.241823 0.675709 -0.213900
v 0.248560 0.514827 -0.297717
v 0.241823 0.514221 -0.303497
v 0.248427 0.595590 -0.296551
v 0.241823 0.595547 -0.301992
v 0.248086 1.065977 -0.379259
v 0.248947 0.452318 -0.241048
v 0.248901 0.445429 -0.267822
v 0.248341 0.440643 -0.287363
v 0.241823 0.439204 -0.293745
v 0.248490 0.461363 -0.220279
v 0.245282 0.514159 -0.306372
v 0.245282 0.556141 -0.306969
v 0.245282 0.595725 -0.304860
v 0.245282 0.632144 -0.301429
v 0.245282 0.665676 -0.299715
v 0.245282 0.680959 -0.301721
v 0.245282 0.695821 -0.305384
v 0.245282 0.725687 -0.318969
v 0.245282 0.757053 -0.336114
v 0.245282 0.791243 -0.353084
v 0.245282 0.827628 -0.369104
v 0.245282 0.864522 -0.382999
v 0.245282 0.903062 -0.395010
v 0.245282 0.942077 -0.404784
v 0.245282 0.982865 -0.412509
v 0.245282 1.024163 -0.418152
v 0.245282 1.042171 -0.417562
v 0.245282 1.058424 -0.409601
v 0.245282 1.068531 -0.396101
v 0.245282 1.073129 -0.378738
v 0.245282 1.069584 -0.357310
v 0.245282 1.055980 -0.339913
v 0.245282 0.998935 -0.326382
v 0.245282 0.961738 -0.319286
v 0.245282 0.926933 -0.310694
v 0.245282 0.893122 -0.300172
v 0.245282 0.860292 -0.287845
v 0.245282 0.827511 -0.273323
v 0.245282 0.794348 -0.256600
v 0.245282 0.759221 -0.237012
v 0.245282 0.719830 -0.220065
v 0.245282 0.698120 -0.214422
v 0.245282 0.676076 -0.211087
v 0.245282 0.633231 -0.211785
v 0.245282 0.592395 -0.215726
v 0.245282 0.554801 -0.217652
v 0.245282 0.518774 -0.216576
v 0.245282 0.485442 -0.215511
v 0.245282 0.465261 -0.211556
v 0.245282 0.445123 -0.207713
v 0.245282 0.424951 -0.191580
v 0.245282 0.407525 -0.166914
v 0.245282 0.403062 -0.125665
v 0.245282 0.411608 0.250776
v 0.245282 0.404485 0.273475
v 0.245282 0.386138 0.289149
v 0.245282 0.359258 0.293292
v 0.245282 0.339461 0.285292
v 0.245282 0.325861 0.269975
v 0.245282 0.320748 0.250041
v 0.245282 1.038913 -0.332385
v 0.241823 0.631874 -0.298571
v 0.241823 0.681560 -0.298912
v 0.241823 0.758332 -0.333552
v 0.241823 0.828649 -0.366455
v 0.241823 0.865410 -0.380284
v 0.241823 0.903821 -0.392250
v 0.241823 1.066088 -0.394438
v 0.241823 1.070183 -0.378478
v 0.241823 1.066787 -0.358314
v 0.241823 1.038174 -0.335154
v 0.241823 0.926163 -0.313441
v 0.241823 0.892228 -0.302879
v 0.241823 0.859275 -0.290509
v 0.241823 0.826373 -0.275918
v 0.241823 0.793074 -0.259132
v 0.241823 0.757837 -0.239503
v 0.241823 0.697531 -0.217197
v 0.241823 0.554866 -0.220513
v 0.241823 0.464615 -0.214335
v 0.241823 0.443961 -0.210302
v 0.241823 0.404687 -0.167417
v 0.241823 0.400159 -0.125680
v 0.241823 0.408720 0.250318
v 0.241823 0.402077 0.271832
v 0.241823 0.514096 -0.309247
v 0.241823 0.556199 -0.309843
v 0.241823 0.595904 -0.307727
v 0.241823 0.632414 -0.304287
v 0.241823 0.665522 -0.302582
v 0.241823 0.680358 -0.304531
v 0.241823 0.694787 -0.308068
v 0.241823 0.724285 -0.321489
v 0.241823 0.755769 -0.338682
v 0.241823 0.790083 -0.355686
v 0.241823 0.826606 -0.371758
v 0.241823 0.863633 -0.385717
v 0.241823 0.902302 -0.397769
v 0.241823 0.941445 -0.407573
v 0.241823 0.982367 -0.415321
v 0.241823 1.024121 -0.421021
v 0.241823 1.042779 -0.420363
v 0.241823 1.060084 -0.411987
v 0.241823 1.070974 -0.397763
v 0.241823 1.076076 -0.378998
v 0.241823 1.072381 -0.356305
v 0.241823 1.057297 -0.337356
v 0.241823 1.039651 -0.329616
v 0.241823 0.999455 -0.323583
v 0.241823 0.962387 -0.316509
v 0.241823 0.927706 -0.307947
v 0.241823 0.894018 -0.297464
v 0.241823 0.861313 -0.285180
v 0.241823 0.828651 -0.270725
v 0.241823 0.795624 -0.254065
v 0.241823 0.760606 -0.234516
v 0.241823 0.720854 -0.217409
v 0.241823 0.698711 -0.211644
v 0.241823 0.676444 -0.208270
v 0.241823 0.632961 -0.208941
v 0.241823 0.592210 -0.212869
v 0.241823 0.554736 -0.214791
v 0.241823 0.518827 -0.213718
v 0.241823 0.485610 -0.212648
v 0.241823 0.465903 -0.208772
v 0.241823 0.446283 -0.205119
v 0.241823 0.426997 -0.189624
v 0.241823 0.410369 -0.166408
v 0.241823 0.405970 -0.125647
v 0.241823 0.414496 0.251235
v 0.241823 0.406893 0.275117
v 0.241823 0.387462 0.291790
v 0.241823 0.358874 0.296238
v 0.241823 0.337812 0.287737
v 0.241823 0.323251 0.271258
v 0.241823 0.317875 0.250605
v 0.245282 0.314482 -0.136682
v 0.245282 0.325977 -0.199652
v 0.245282 0.359839 -0.250717
v 0.246663 0.407151 -0.287945
v 0.245282 0.438263 -0.296426
v 0.245282 0.469610 -0.304972
v 0.241823 0.437321 -0.299109
v 0.241823 0.362053 -0.248765
v 0.241823 0.469868 -0.302103
v 0.241823 0.311598 -0.136755
v 0.241823 0.323196 -0.200627
v 0.241823 0.357623 -0.252672
v 0.243204 0.405759 -0.290505
v 0.241823 0.469352 -0.307842
v -0.032403 0.265410 0.113179
v -0.032373 0.268745 0.114392
v -0.032220 0.270520 0.117466
v -0.032016 0.269903 0.120961
v -0.031856 0.267185 0.123243
v -0.031815 0.263635 0.123243
v -0.031913 0.260917 0.120961
v -0.032102 0.260300 0.117466
v -0.032296 0.262075 0.114392
v -0.035991 0.265327 0.113584
v -0.035872 0.268664 0.114788
v -0.035265 0.270449 0.117810
v -0.034453 0.269847 0.121237
v -0.033817 0.267139 0.123464
v -0.033654 0.263593 0.123450
v -0.034040 0.260867 0.121202
v -0.034795 0.260238 0.117770
v -0.035565 0.261999 0.114762
v -0.042725 0.264667 0.116804
v -0.042398 0.268024 0.117909
v -0.040727 0.269914 0.120423
v -0.038494 0.269451 0.123170
v -0.036744 0.266852 0.124865
v -0.036295 0.263334 0.124715
v -0.037358 0.260542 0.122789
v -0.039435 0.259783 0.119990
v -0.041555 0.261412 0.117626
v -0.047358 0.263506 0.122467
v -0.046888 0.266899 0.123397
v -0.044489 0.268971 0.125020
v -0.041282 0.268752 0.126577
v -0.038769 0.266345 0.127339
v -0.038125 0.262876 0.126950
v -0.039651 0.259968 0.125591
v -0.042634 0.258982 0.123899
v -0.045677 0.260379 0.122665
v -0.049050 0.262066 0.129475
v -0.048539 0.265490 0.130254
v -0.045890 0.267763 0.130908
v -0.042342 0.267821 0.131129
v -0.039556 0.265636 0.130815
v -0.038836 0.262231 0.130113
v -0.040518 0.259200 0.129351
v -0.043815 0.257960 0.128885
v -0.047185 0.259092 0.128935
v -0.049103 0.238622 0.213663
v -0.048589 0.242057 0.214396
v -0.045948 0.244318 0.215110
v -0.042417 0.244349 0.215471
v -0.039648 0.242133 0.215311
v -0.038936 0.238709 0.214703
v -0.040614 0.235677 0.213934
v -0.043898 0.234458 0.213362
v -0.047250 0.235621 0.213255
v -0.049269 0.237880 0.217219
v -0.048750 0.241315 0.217948
v -0.046141 0.243522 0.218955
v -0.042663 0.243468 0.219769
v -0.039944 0.241179 0.220010
v -0.039255 0.237725 0.219564
v -0.040919 0.234723 0.218641
v -0.044157 0.233577 0.217671
v -0.047455 0.234824 0.217110
v -0.050569 0.237418 0.219838
v -0.050153 0.240817 0.220776
v -0.048065 0.242838 0.222833
v -0.045280 0.242537 0.225048
v -0.043103 0.240055 0.226383
v -0.042551 0.236552 0.226215
v -0.043883 0.233668 0.224622
v -0.046476 0.232752 0.222348
v -0.049116 0.234234 0.220459
v -0.052866 0.237098 0.221653
v -0.052632 0.240472 0.222733
v -0.051455 0.242366 0.225510
v -0.049886 0.241896 0.228683
v -0.048659 0.239282 0.230769
v -0.048348 0.235745 0.230790
v -0.049098 0.232942 0.228738
v -0.050560 0.232184 0.225572
v -0.052047 0.233825 0.222774
v -0.056122 0.236974 0.222359
v -0.056091 0.240338 0.223490
v -0.055938 0.242189 0.226518
v -0.055734 0.241659 0.230028
v -0.055575 0.238998 0.232376
v -0.055535 0.235450 0.232464
v -0.055632 0.232675 0.230251
v -0.055822 0.231972 0.226772
v -0.056016 0.233670 0.223656
v -0.213680 0.236974 0.222359
v -0.213681 0.240338 0.223490
v -0.213684 0.242189 0.226518
v -0.213688 0.241659 0.230028
v -0.213692 0.238998 0.232376
v -0.213693 0.235450 0.232464
v -0.213691 0.232675 0.230251
v -0.213687 0.231972 0.226772
v -0.213682 0.233670 0.223655
v 0.027877 0.281082 0.126707
v 0.027877 0.282146 0.123961
v 0.027877 0.284726 0.122542
v 0.027877 0.287615 0.123112
v 0.027877 0.289462 0.125407
v 0.027877 0.289401 0.128351
v 0.027877 0.287462 0.130568
v 0.027877 0.284552 0.131019
v 0.027877 0.282033 0.129495
v 0.196367 0.282146 0.123961
v 0.196367 0.281082 0.126708
v 0.196367 0.284726 0.122542
v 0.196367 0.287615 0.123112
v 0.196367 0.289462 0.125407
v 0.196367 0.289401 0.128351
v 0.196367 0.287462 0.130568
v 0.196367 0.284552 0.131019
v 0.196367 0.282033 0.129495
v -0.236267 0.240394 0.244656
v -0.248252 0.240302 0.247307
v -0.236267 0.240393 0.209216
v -0.248252 0.240302 0.206565
v -0.213529 0.240398 0.214508
v -0.213809 0.243430 0.217769
v -0.210586 0.240393 0.218155
v -0.248242 0.243580 0.210312
v -0.248251 0.240636 0.206636
v -0.273710 0.238548 0.243874
v -0.270691 0.238429 0.246884
v -0.269457 0.241556 0.243777
v -0.270650 0.228552 0.243779
v -0.270558 0.231573 0.246840
v -0.273750 0.231416 0.243863
v -0.236270 0.228459 0.240914
v -0.236270 0.231470 0.244144
v -0.236270 0.243648 0.212957
v -0.236268 0.240704 0.209281
v -0.213617 0.230115 0.218037
v -0.213543 0.233133 0.214840
v -0.210608 0.233343 0.218512
v -0.273722 0.238554 0.209998
v -0.269458 0.241566 0.210118
v -0.270700 0.238434 0.207012
v -0.270650 0.228552 0.210093
v -0.273746 0.231416 0.210010
v -0.270553 0.231573 0.207033
v -0.236270 0.231470 0.209728
v -0.236270 0.228459 0.212959
v -0.210608 0.233343 0.235356
v -0.213544 0.233133 0.239032
v -0.213618 0.230115 0.235835
v -0.248245 0.232621 0.207064
v -0.248242 0.229611 0.210314
v -0.248242 0.229611 0.243558
v -0.248245 0.232621 0.246808
v -0.213825 0.243554 0.236024
v -0.213536 0.240591 0.239375
v -0.210597 0.240557 0.235697
v -0.248251 0.240536 0.247270
v -0.248242 0.243519 0.243743
v -0.236270 0.243589 0.241096
v -0.236268 0.240606 0.244623
v -0.273949 0.238063 0.209989
v -0.270751 0.238346 0.206930
v -0.213518 0.240394 0.239408
v -0.210586 0.240394 0.235714
v -0.270764 0.238292 0.246943
v -0.273958 0.238011 0.243883
v -0.213519 0.240394 0.214464
v -0.210586 0.240394 0.218154
v 0.241823 0.317875 0.250605
v 0.241823 0.337812 0.287737
v 0.241823 0.358874 0.296237
v 0.241823 0.406894 0.275117
v 0.241823 0.414496 0.251235
v 0.241823 0.405970 -0.125647
v 0.241823 0.410369 -0.166408
v 0.241823 0.426997 -0.189624
v 0.241823 0.446283 -0.205119
v 0.241823 0.485610 -0.212648
v 0.241823 0.518827 -0.213718
v 0.241823 0.554736 -0.214791
v 0.241823 0.592210 -0.212870
v 0.241823 0.632961 -0.208941
v 0.241823 0.676444 -0.208271
v 0.241823 0.698711 -0.211645
v 0.241823 0.720853 -0.217409
v 0.241823 0.760606 -0.234516
v 0.241823 0.795624 -0.254065
v 0.241823 0.828651 -0.270726
v 0.241823 0.861313 -0.285181
v 0.241823 0.894018 -0.297464
v 0.241823 0.927706 -0.307947
v 0.241823 0.962386 -0.316509
v 0.241823 0.999455 -0.323584
v 0.241823 1.039651 -0.329616
v 0.241823 1.072381 -0.356305
v 0.241823 1.076075 -0.378999
v 0.241823 1.060084 -0.411987
v 0.241823 1.024121 -0.421021
v 0.241823 0.982367 -0.415321
v 0.241823 0.941445 -0.407574
v 0.241823 0.902301 -0.397769
v 0.241823 0.863633 -0.385718
v 0.241823 0.826606 -0.371758
v 0.241823 0.790083 -0.355686
v 0.241823 0.755769 -0.338683
v 0.241823 0.724285 -0.321489
v 0.241823 0.694787 -0.308068
v 0.241823 0.680358 -0.304531
v 0.241823 0.665522 -0.302582
v 0.241823 0.632414 -0.304287
v 0.241823 0.595904 -0.307728
v 0.241823 0.556199 -0.309843
v 0.241823 0.469352 -0.307842
v 0.241823 0.405759 -0.290505
v 0.241823 0.357623 -0.252672
v 0.241823 0.323196 -0.200627
v 0.241823 0.311598 -0.136755
v 0.000000 0.982317 -0.416330
v 0.000000 0.337471 0.288230
v 0.000000 0.358884 0.296829
v 0.000000 0.407250 0.275598
v 0.000000 0.415187 0.251343
v 0.000000 1.060526 -0.412439
v 0.000000 1.024111 -0.421783
v 0.000000 0.941310 -0.408544
v 0.000000 0.902112 -0.398725
v 0.000000 0.863387 -0.386656
v 0.000000 0.826302 -0.372676
v 0.000000 0.789719 -0.356582
v 0.000000 0.755343 -0.339553
v 0.000000 0.724097 -0.321860
v 0.000000 0.694658 -0.308460
v 0.000000 0.680290 -0.304938
v 0.000000 0.665516 -0.302996
v 0.000000 0.632492 -0.305165
v 0.000000 0.595956 -0.308607
v 0.000000 0.556216 -0.310724
v 0.000000 0.469279 -0.308721
v 0.000000 0.405338 -0.291378
v 0.000000 0.356911 -0.253331
v 0.000000 0.310629 -0.136762
v 0.000000 0.317187 0.250737
v 0.000000 0.322292 -0.200979
v 0.186688 0.317718 0.250635
v 0.186374 0.337734 0.287849
v 0.186374 0.358877 0.296373
v 0.186374 0.406975 0.275227
v 0.186374 0.414654 0.251260
v 0.186374 0.406107 -0.125646
v 0.186374 0.410491 -0.166361
v 0.186374 0.427091 -0.189536
v 0.186374 0.446339 -0.205001
v 0.186374 0.485621 -0.212511
v 0.186374 0.518830 -0.213534
v 0.186374 0.554732 -0.214607
v 0.186374 0.592199 -0.212685
v 0.186374 0.632944 -0.208757
v 0.186374 0.676446 -0.208113
v 0.186374 0.698736 -0.211489
v 0.186374 0.720902 -0.217259
v 0.186374 0.760677 -0.234375
v 0.186374 0.795720 -0.253866
v 0.186374 0.828736 -0.270522
v 0.186374 0.861389 -0.284973
v 0.186374 0.894085 -0.297253
v 0.186374 0.927765 -0.307734
v 0.186374 0.962436 -0.316294
v 0.186374 0.999493 -0.323366
v 0.186374 1.039694 -0.329447
v 0.186374 1.072504 -0.356230
v 0.186374 1.076218 -0.379017
v 0.186374 1.060185 -0.412091
v 0.186374 1.024119 -0.421195
v 0.186374 0.941414 -0.407795
v 0.186374 0.902258 -0.397988
v 0.186374 0.863577 -0.385932
v 0.186374 0.826536 -0.371968
v 0.186374 0.790000 -0.355891
v 0.186374 0.755671 -0.338882
v 0.186374 0.724242 -0.321574
v 0.186374 0.694757 -0.308158
v 0.186374 0.680343 -0.304624
v 0.186374 0.665521 -0.302677
v 0.186374 0.632432 -0.304488
v 0.186374 0.595916 -0.307929
v 0.186374 0.556203 -0.310045
v 0.186374 0.469335 -0.308043
v 0.186374 0.405663 -0.290705
v 0.186374 0.357460 -0.252823
v 0.186374 0.322990 -0.200708
v 0.186374 0.311376 -0.136756
v 0.186312 0.982356 -0.415552
v 0.000000 0.387645 0.292326
v 0.241823 0.387462 0.291790
v 0.186374 0.387504 0.291912
v 0.000000 0.322736 0.271570
v 0.241823 0.323251 0.271258
v 0.186374 0.323133 0.271329
v 0.241823 1.042779 -0.420364
v 0.000000 1.042995 -0.420970
v 0.186374 1.042828 -0.420502
v 0.241823 1.070974 -0.397763
v 0.186374 1.071095 -0.397824
v 0.241823 1.057297 -0.337356
v 0.186374 1.057380 -0.337234
v -0.241823 0.317875 0.250605
v -0.241823 0.337812 0.287737
v -0.241823 0.358874 0.296237
v -0.241823 0.406894 0.275117
v -0.241823 0.414496 0.251235
v -0.241823 0.405970 -0.125647
v -0.241823 0.410369 -0.166408
v -0.241823 0.426997 -0.189624
v -0.241823 0.446283 -0.205119
v -0.241823 0.485610 -0.212648
v -0.241823 0.518827 -0.213718
v -0.241823 0.554736 -0.214791
v -0.241823 0.592210 -0.212870
v -0.241823 0.632961 -0.208941
v -0.241823 0.676444 -0.208271
v -0.241823 0.698711 -0.211645
v -0.241823 0.720853 -0.217409
v -0.241823 0.760606 -0.234516
v -0.241823 0.795624 -0.254065
v -0.241823 0.828651 -0.270726
v -0.241823 0.861313 -0.285181
v -0.241823 0.894018 -0.297464
v -0.241823 0.927706 -0.307947
v -0.241823 0.962386 -0.316509
v -0.241823 0.999455 -0.323584
v -0.241823 1.039651 -0.329616
v -0.241823 1.072381 -0.356305
v -0.241823 1.076075 -0.378999
v -0.241823 1.060084 -0.411987
v -0.241823 1.024121 -0.421021
v -0.241823 0.982367 -0.415321
v -0.241823 0.941445 -0.407574
v -0.241823 0.902301 -0.397769
v -0.241823 0.863633 -0.385718
v -0.241823 0.826606 -0.371758
v -0.241823 0.790083 -0.355686
v -0.241823 0.755769 -0.338683
v -0.241823 0.724285 -0.321489
v -0.241823 0.694787 -0.308068
v -0.241823 0.680358 -0.304531
v -0.241823 0.665522 -0.302582
v -0.241823 0.632414 -0.304287
v -0.241823 0.595904 -0.307728
v -0.241823 0.556199 -0.309843
v -0.241823 0.469352 -0.307842
v -0.241823 0.405759 -0.290505
v -0.241823 0.357623 -0.252672
v -0.241823 0.323196 -0.200627
v -0.241823 0.311598 -0.136755
v -0.186688 0.317718 0.250635
v -0.186374 0.337734 0.287849
v -0.186374 0.358877 0.296373
v -0.186374 0.406975 0.275227
v -0.186374 0.414654 0.251260
v -0.186374 0.406107 -0.125646
v -0.186374 0.410491 -0.166361
v -0.186374 0.427091 -0.189536
v -0.186374 0.446339 -0.205001
v -0.186374 0.485621 -0.212511
v -0.186374 0.518830 -0.213534
v -0.186374 0.554732 -0.214607
v -0.186374 0.592199 -0.212685
v -0.186374 0.632944 -0.208757
v -0.186374 0.676446 -0.208113
v -0.186374 0.698736 -0.211489
v -0.186374 0.720902 -0.217259
v -0.186374 0.760677 -0.234375
v -0.186374 0.795720 -0.253866
v -0.186374 0.828736 -0.270522
v -0.186374 0.861389 -0.284973
v -0.186374 0.894085 -0.297253
v -0.186374 0.927765 -0.307734
v -0.186374 0.962436 -0.316294
v -0.186374 0.999493 -0.323366
v -0.186374 1.039694 -0.329447
v -0.186374 1.072504 -0.356230
v -0.186374 1.076218 -0.379017
v -0.186374 1.060185 -0.412091
v -0.186374 1.024119 -0.421195
v -0.186374 0.941414 -0.407795
v -0.186374 0.902258 -0.397988
v -0.186374 0.863577 -0.385932
v -0.186374 0.826536 -0.371968
v -0.186374 0.790000 -0.355891
v -0.186374 0.755671 -0.338882
v -0.186374 0.724242 -0.321574
v -0.186374 0.694757 -0.308158
v -0.186374 0.680343 -0.304624
v -0.186374 0.665521 -0.302677
v -0.186374 0.632432 -0.304488
v -0.186374 0.595916 -0.307929
v -0.186374 0.556203 -0.310045
v -0.186374 0.469335 -0.308043
v -0.186374 0.405663 -0.290705
v -0.186374 0.357460 -0.252823
v -0.186374 0.322990 -0.200708
v -0.186374 0.311376 -0.136756
v -0.186312 0.982356 -0.415552
v -0.241823 0.387462 0.291790
v -0.186374 0.387504 0.291912
v -0.241823 0.323251 0.271258
v -0.186374 0.323133 0.271329
v -0.241823 1.042779 -0.420364
v -0.186374 1.042828 -0.420502
v -0.241823 1.070974 -0.397763
v -0.186374 1.071095 -0.397824
v -0.241823 1.057297 -0.337356
v -0.186374 1.057380 -0.337234
v 0.207088 0.307217 0.161489
v 0.207088 0.311926 0.157733
v 0.207088 0.312639 0.154637
v 0.207088 0.311926 0.151542
v 0.207088 0.307217 0.147785
v 0.207088 0.303984 0.147785
v 0.207088 0.301193 0.149137
v 0.207088 0.299276 0.151542
v 0.207088 0.298562 0.154637
v 0.207088 0.299276 0.157732
v 0.207088 0.301194 0.160138
v 0.205111 0.303532 0.163427
v 0.190486 0.307669 0.163427
v 0.190486 0.311246 0.161681
v 0.190486 0.313711 0.158606
v 0.190486 0.314629 0.154637
v 0.190486 0.313710 0.150669
v 0.190486 0.311246 0.147594
v 0.190486 0.307669 0.145848
v 0.190486 0.303532 0.145848
v 0.190486 0.299956 0.147594
v 0.190486 0.297491 0.150669
v 0.190486 0.296573 0.154637
v 0.190486 0.297491 0.158606
v 0.190486 0.299956 0.161681
v 0.190486 0.303532 0.163427
v 0.190545 0.307412 0.162335
v 0.190545 0.310544 0.160805
v 0.190545 0.312703 0.158113
v 0.190545 0.313507 0.154637
v 0.190545 0.312703 0.151162
v 0.190545 0.310544 0.148469
v 0.190545 0.307412 0.146940
v 0.190545 0.303789 0.146940
v 0.190545 0.300657 0.148469
v 0.190545 0.298499 0.151162
v 0.190545 0.297694 0.154637
v 0.190545 0.298499 0.158113
v 0.190545 0.300657 0.160805
v 0.190545 0.303789 0.162335
v 0.205111 0.307669 0.163427
v 0.205111 0.311246 0.161681
v 0.205111 0.313711 0.158606
v 0.205111 0.314629 0.154637
v 0.205111 0.313710 0.150669
v 0.205111 0.311246 0.147594
v 0.205111 0.307669 0.145848
v 0.205111 0.303532 0.145848
v 0.205111 0.299956 0.147594
v 0.205111 0.297491 0.150669
v 0.205111 0.296573 0.154637
v 0.205111 0.297491 0.158606
v 0.205111 0.299956 0.161681
v 0.207088 0.303984 0.161489
v 0.207088 0.310008 0.160138
v 0.207088 0.310008 0.149137
v 0.000000 0.307412 0.162335
v 0.000000 0.312703 0.151162
v 0.000000 0.300657 0.148469
v 0.000000 0.297694 0.154637
v 0.000000 0.300657 0.160805
v 0.000000 0.303789 0.162335
v 0.000000 0.312703 0.158113
v 0.000000 0.307412 0.146940
v -0.207088 0.307217 0.161489
v -0.207088 0.311926 0.157733
v -0.207088 0.312639 0.154637
v -0.207088 0.311926 0.151542
v -0.207088 0.307217 0.147785
v -0.207088 0.303984 0.147785
v -0.207088 0.301193 0.149137
v -0.207088 0.299276 0.151542
v -0.207088 0.298562 0.154637
v -0.207088 0.299276 0.157732
v -0.207088 0.301194 0.160138
v -0.205111 0.303532 0.163427
v -0.190486 0.307669 0.163427
v -0.190486 0.311246 0.161681
v -0.190486 0.313711 0.158606
v -0.190486 0.314629 0.154637
v -0.190486 0.313710 0.150669
v -0.190486 0.311246 0.147594
v -0.190486 0.307669 0.145848
v -0.190486 0.303532 0.145848
v -0.190486 0.299956 0.147594
v -0.190486 0.297491 0.150669
v -0.190486 0.296573 0.154637
v -0.190486 0.297491 0.158606
v -0.190486 0.299956 0.161681
v -0.190486 0.303532 0.163427
v -0.190545 0.307412 0.162335
v -0.190545 0.310544 0.160805
v -0.190545 0.312703 0.158113
v -0.190545 0.313507 0.154637
v -0.190545 0.312703 0.151162
v -0.190545 0.310544 0.148469
v -0.190545 0.307412 0.146940
v -0.190545 0.303789 0.146940
v -0.190545 0.300657 0.148469
v -0.190545 0.298499 0.151162
v -0.190545 0.297694 0.154637
v -0.190545 0.298499 0.158113
v -0.190545 0.300657 0.160805
v -0.190545 0.303789 0.162335
v -0.205111 0.307669 0.163427
v -0.205111 0.311246 0.161681
v -0.205111 0.313711 0.158606
v -0.205111 0.314629 0.154637
v -0.205111 0.313710 0.150669
v -0.205111 0.311246 0.147594
v -0.205111 0.307669 0.145848
v -0.205111 0.303532 0.145848
v -0.205111 0.299956 0.147594
v -0.205111 0.297491 0.150669
v -0.205111 0.296573 0.154637
v -0.205111 0.297491 0.158606
v -0.205111 0.299956 0.161681
v -0.207088 0.303984 0.161489
v -0.207088 0.310008 0.160138
v -0.207088 0.310008 0.149137
v 0.035050 0.272595 0.147485
v 0.033050 0.272054 0.149477
v 0.035050 0.288556 0.147756
v 0.033050 0.289404 0.149783
v 0.035050 0.295691 0.140172
v 0.033050 0.297621 0.141041
v 0.033979 0.296892 -0.037445
v 0.031966 0.296892 -0.039445
v 0.031951 0.298892 -0.037445
v 0.035021 0.221407 -0.037445
v 0.033050 0.219359 -0.037445
v 0.033022 0.221359 -0.039445
v 0.035039 0.245889 0.108713
v 0.033050 0.243990 0.109338
v 0.035039 0.250416 0.122898
v 0.033050 0.248539 0.123593
v 0.035050 0.255830 0.135724
v 0.033050 0.254116 0.136806
v -0.034130 0.272616 0.147497
v -0.032130 0.272054 0.149477
v -0.034130 0.288470 0.148131
v -0.032130 0.289320 0.150155
v -0.034130 0.295886 0.140050
v -0.032130 0.297816 0.140902
v -0.034138 0.296892 0.127939
v -0.032130 0.298892 0.128022
v -0.033059 0.296892 -0.037445
v -0.031031 0.298892 -0.037445
v -0.031046 0.296892 -0.039445
v -0.034101 0.221407 -0.037445
v -0.032102 0.221359 -0.039445
v -0.032130 0.219359 -0.037445
v -0.034120 0.245889 0.108713
v -0.032130 0.243990 0.109338
v -0.034119 0.250416 0.122898
v -0.032130 0.248539 0.123593
v -0.034130 0.255830 0.135724
v -0.032130 0.254116 0.136806
v 0.035057 0.296892 0.127924
v 0.033050 0.298892 0.128022
v 0.035050 0.259923 0.140326
v 0.033050 0.258650 0.141904
v -0.034130 0.259923 0.140326
v -0.032130 0.258650 0.141904
v -0.032130 0.219359 0.034915
v -0.034114 0.221409 0.034915
v 0.033050 0.219359 0.034915
v 0.035034 0.221409 0.034915
v -0.033527 0.296892 0.034919
v -0.031512 0.298892 0.034919
v 0.032432 0.298892 0.034919
v 0.034447 0.296892 0.034919
v 0.000491 0.254320 -0.000366
v 0.000491 0.206638 -0.000366
v -0.001112 0.252937 -0.006958
v -0.001076 0.242872 -0.006966
v -0.001810 0.242872 -0.010056
v -0.002041 0.244399 -0.010869
v -0.002371 0.244734 -0.012551
v -0.002687 0.243186 -0.013751
v -0.005912 0.243135 -0.026700
v -0.006144 0.241692 -0.027653
v -0.006144 0.206638 -0.027653
v -0.004249 0.252937 -0.005321
v -0.004222 0.242872 -0.005346
v -0.006430 0.242872 -0.007677
v -0.007033 0.244399 -0.008265
v -0.008140 0.244734 -0.009541
v -0.009069 0.243186 -0.010465
v -0.018447 0.243135 -0.020161
v -0.019132 0.241691 -0.020877
v -0.019132 0.206638 -0.020877
v -0.006148 0.252937 -0.002335
v -0.006137 0.242872 -0.002369
v -0.009241 0.242872 -0.003307
v -0.010055 0.244399 -0.003513
v -0.011631 0.244734 -0.004050
v -0.012952 0.243186 -0.004429
v -0.026033 0.243135 -0.008230
v -0.026993 0.241692 -0.008515
v -0.026993 0.206638 -0.008515
v -0.006299 0.252937 0.001201
v -0.006307 0.242872 0.001166
v -0.009491 0.242872 0.001883
v -0.010295 0.244399 0.002114
v -0.011909 0.244734 0.002451
v -0.013297 0.243186 0.002740
v -0.026637 0.243135 0.005895
v -0.027619 0.241692 0.006122
v -0.027619 0.206638 0.006122
v -0.004662 0.252937 0.004339
v -0.004687 0.242872 0.004312
v -0.007112 0.242872 0.006503
v -0.007691 0.244399 0.007106
v -0.008899 0.244734 0.008219
v -0.010011 0.243186 0.009122
v -0.020097 0.243135 0.018431
v -0.020842 0.241692 0.019111
v -0.020842 0.206638 0.019111
v -0.001676 0.252937 0.006238
v -0.001711 0.242872 0.006227
v -0.002742 0.242872 0.009314
v -0.002939 0.244399 0.010128
v -0.003408 0.244734 0.011711
v -0.003975 0.243186 0.013005
v -0.008167 0.243135 0.026016
v -0.008480 0.241692 0.026971
v -0.008480 0.206638 0.026971
v 0.001860 0.252937 0.006389
v 0.001824 0.242872 0.006397
v 0.002448 0.242872 0.009564
v 0.002688 0.244399 0.010369
v 0.003092 0.244734 0.011989
v 0.003195 0.243186 0.013350
v 0.005959 0.243135 0.026621
v 0.006157 0.241692 0.027597
v 0.006157 0.206638 0.027597
v 0.004997 0.252937 0.004752
v 0.004970 0.242872 0.004777
v 0.007068 0.242872 0.007185
v 0.007680 0.244399 0.007764
v 0.008861 0.244734 0.008979
v 0.009576 0.243186 0.010064
v 0.018494 0.243135 0.020081
v 0.019145 0.241692 0.020821
v 0.019145 0.206638 0.020821
v 0.006896 0.252937 0.001766
v 0.006885 0.242872 0.001800
v 0.009880 0.242872 0.002815
v 0.010702 0.244399 0.003012
v 0.012352 0.244734 0.003488
v 0.013460 0.243186 0.004028
v 0.026080 0.243135 0.008150
v 0.027006 0.241692 0.008458
v 0.027006 0.206638 0.008458
v 0.007048 0.252937 -0.001770
v 0.007055 0.242872 -0.001735
v 0.010129 0.242872 -0.002375
v 0.010942 0.244399 -0.002615
v 0.012630 0.244734 -0.003013
v 0.013805 0.243186 -0.003141
v 0.026684 0.243135 -0.005975
v 0.027632 0.241692 -0.006178
v 0.027632 0.206638 -0.006178
v 0.005411 0.252937 -0.004908
v 0.005435 0.242872 -0.004881
v 0.007751 0.242872 -0.006995
v 0.008338 0.244399 -0.007607
v 0.009621 0.244734 -0.008781
v 0.010519 0.243186 -0.009523
v 0.020144 0.243135 -0.018510
v 0.020856 0.241692 -0.019167
v 0.020856 0.206638 -0.019167
v 0.002424 0.252937 -0.006807
v 0.002459 0.242872 -0.006796
v 0.003381 0.242872 -0.009807
v 0.003586 0.244399 -0.010629
v 0.004130 0.244734 -0.012273
v 0.004482 0.243186 -0.013406
v 0.008214 0.243135 -0.026096
v 0.008493 0.241692 -0.027027
v 0.008493 0.206638 -0.027027
v -0.236192 0.621029 -0.276270
v -0.236192 0.603602 -0.255189
v -0.236192 0.589478 -0.224128
v -0.239116 0.599996 0.087485
v -0.236192 0.602988 0.109901
v -0.236192 0.598272 0.127945
v -0.236192 0.586495 0.142048
v -0.236192 0.544334 0.161386
v -0.236192 0.512560 0.161646
v -0.236192 0.485785 0.155823
v -0.236192 0.465215 0.140879
v -0.236192 0.447154 0.118663
v -0.236192 0.416199 0.062068
v -0.236192 0.404945 0.080747
v -0.236192 0.480021 0.173753
v -0.236192 0.512747 0.179238
v -0.236192 0.546326 0.178494
v -0.236192 0.614286 0.136639
v -0.236192 0.621472 0.085928
v -0.236192 0.605647 -0.215212
v -0.236192 0.631098 -0.257667
v -0.296796 0.619378 -0.278965
v -0.296886 0.601406 -0.257858
v -0.297000 0.586877 -0.225494
v -0.299988 0.580373 -0.191154
v -0.298565 0.599996 0.087484
v -0.298682 0.600081 0.109422
v -0.298773 0.595738 0.126549
v -0.298849 0.584563 0.139850
v -0.298920 0.566808 0.150570
v -0.299005 0.543982 0.158725
v -0.299101 0.512521 0.158857
v -0.299180 0.486660 0.153104
v -0.299276 0.467275 0.138430
v -0.299216 0.449440 0.117016
v -0.299168 0.434858 0.090163
v -0.299096 0.418005 0.059097
v -0.298353 0.317832 0.038122
v -0.298369 0.320797 0.047608
v -0.299130 0.403137 0.083716
v -0.299236 0.416106 0.107689
v -0.299308 0.430151 0.131832
v -0.299395 0.451001 0.156995
v -0.299300 0.479186 0.176489
v -0.299220 0.512703 0.182165
v -0.299122 0.546613 0.181284
v -0.299035 0.577208 0.172203
v -0.298944 0.600506 0.158125
v -0.298834 0.616892 0.137958
v -0.298704 0.624037 0.113705
v -0.297046 0.608227 -0.213798
v -0.296907 0.632640 -0.254570
v -0.239049 0.577426 -0.191133
v -0.236192 0.617056 -0.239007
v -0.299807 0.617054 -0.239001
v -0.299991 0.598910 -0.191189
v -0.239033 0.619378 -0.278965
v -0.239037 0.601404 -0.257850
v -0.239042 0.586874 -0.225486
v -0.239121 0.600081 0.109422
v -0.239125 0.595738 0.126549
v -0.239129 0.584563 0.139850
v -0.239132 0.566808 0.150570
v -0.239136 0.543982 0.158725
v -0.239141 0.512521 0.158859
v -0.239145 0.486660 0.153105
v -0.239149 0.467275 0.138430
v -0.239146 0.449440 0.117015
v -0.239141 0.418005 0.059097
v -0.239106 0.317832 0.038122
v -0.239107 0.320797 0.036818
v -0.239107 0.320797 0.047608
v -0.239106 0.317832 0.046305
v -0.239142 0.403137 0.083716
v -0.239151 0.430149 0.131841
v -0.239155 0.451000 0.156997
v -0.239150 0.479187 0.176488
v -0.239146 0.512704 0.182164
v -0.239142 0.546613 0.181284
v -0.239138 0.577208 0.172203
v -0.239133 0.600506 0.158125
v -0.239128 0.616892 0.137959
v -0.239122 0.624037 0.113705
v -0.239115 0.624430 0.085790
v -0.239045 0.608226 -0.213796
v -0.239038 0.632640 -0.254568
v -0.299651 0.621029 -0.276268
v -0.299741 0.603602 -0.255191
v -0.299857 0.589478 -0.224129
v -0.297131 0.577426 -0.191133
v -0.301490 0.602953 0.087319
v -0.301614 0.602988 0.109901
v -0.301714 0.598272 0.127945
v -0.301801 0.586495 0.142048
v -0.301978 0.544335 0.161384
v -0.302143 0.485785 0.155823
v -0.302249 0.465214 0.140883
v -0.302183 0.447151 0.118672
v -0.302129 0.432596 0.092214
v -0.301284 0.320797 0.038122
v -0.298369 0.320797 0.036818
v -0.298353 0.317832 0.046305
v -0.302257 0.432394 0.130331
v -0.302243 0.480021 0.173753
v -0.302159 0.512747 0.179238
v -0.301977 0.575913 0.169617
v -0.301876 0.598565 0.155923
v -0.301481 0.621473 0.085929
v -0.299893 0.605647 -0.215212
v -0.299739 0.631097 -0.257663
v -0.236192 0.580375 -0.191157
v -0.239041 0.619159 -0.236528
v -0.296968 0.619160 -0.236529
v -0.297135 0.601857 -0.191169
v -0.239144 0.434858 0.090163
v -0.239147 0.416106 0.107689
v -0.236192 0.602953 0.087319
v -0.236192 0.432596 0.092212
v -0.236192 0.418364 0.105537
v -0.236191 0.598910 -0.191191
v -0.239048 0.601857 -0.191169
v -0.236192 0.621135 0.113205
v -0.301632 0.621134 0.113206
v -0.301762 0.614286 0.136639
v -0.236192 0.598565 0.155923
v -0.236192 0.575913 0.169617
v -0.301879 0.568049 0.153149
v -0.236192 0.568049 0.153149
v -0.302027 0.546327 0.178493
v -0.302028 0.512562 0.161644
v -0.236192 0.452938 0.154871
v -0.302343 0.452938 0.154871
v -0.236192 0.432394 0.130330
v -0.302182 0.418364 0.105537
v -0.302020 0.416199 0.062068
v -0.302031 0.404945 0.080747
v -0.236192 0.320797 0.046305
v -0.236192 0.320797 0.038122
v -0.301283 0.320797 0.046305
v -0.298555 0.624430 0.085791
v -0.239712 0.639307 -0.262018
v -0.239021 0.638537 -0.259174
v -0.237855 0.638618 -0.264052
v -0.236191 0.637256 -0.262215
v -0.237851 0.631747 -0.281471
v -0.236191 0.629831 -0.281264
v -0.297923 0.631861 -0.281486
v -0.299597 0.630098 -0.281356
v -0.239784 0.630917 -0.283315
v -0.239084 0.628907 -0.284196
v -0.298016 0.638683 -0.264166
v -0.299698 0.637422 -0.262407
v -0.296174 0.639417 -0.262094
v -0.296891 0.638537 -0.259175
v -0.295979 0.631067 -0.283377
v -0.296689 0.628908 -0.284198
v -0.239062 0.596643 -0.132314
v -0.239076 0.598327 -0.074763
v -0.239090 0.605616 -0.015767
v -0.239104 0.618536 0.041302
v -0.297429 0.572192 -0.132769
v -0.297726 0.573814 -0.074704
v -0.298024 0.581137 -0.015050
v -0.298322 0.594138 0.042619
v -0.301228 0.615560 0.041399
v -0.300919 0.602634 -0.015738
v -0.300609 0.595363 -0.074744
v -0.300300 0.593686 -0.132353
v -0.236191 0.593687 -0.132355
v -0.236191 0.595363 -0.074746
v -0.236192 0.602632 -0.015740
v -0.236192 0.615557 0.041397
v -0.297430 0.596643 -0.132315
v -0.297724 0.598326 -0.074764
v -0.298019 0.605615 -0.015767
v -0.298314 0.618536 0.041303
v -0.239062 0.572191 -0.132768
v -0.239076 0.573814 -0.074704
v -0.239090 0.581139 -0.015049
v -0.239104 0.594141 0.042620
v -0.236192 0.575147 -0.132677
v -0.236192 0.576777 -0.074656
v -0.236192 0.584122 -0.015068
v -0.236192 0.597082 0.042487
v -0.301234 0.597083 0.042487
v -0.300923 0.584123 -0.015067
v -0.300611 0.576777 -0.074654
v -0.300300 0.575146 -0.132674
v -0.299042 0.397309 0.042657
v -0.298934 0.380470 0.036735
v -0.298929 0.370936 0.067267
v -0.299059 0.387332 0.074980
v -0.239133 0.380470 0.036735
v -0.239138 0.397309 0.042656
v -0.239139 0.387332 0.074980
v -0.239133 0.370936 0.067267
v -0.301885 0.379350 0.040564
v -0.301991 0.396205 0.046740
v -0.301994 0.388486 0.071469
v -0.301878 0.372004 0.064031
v -0.236192 0.372005 0.064031
v -0.236192 0.388486 0.071469
v -0.236192 0.396205 0.046740
v -0.236192 0.379352 0.040564
v 0.011102 0.256930 -0.004627
v 0.010201 0.256254 -0.008461
v 0.007782 0.255730 -0.011433
v 0.004273 0.255433 -0.013120
v 0.000214 0.255433 -0.013120
v -0.003295 0.255730 -0.011433
v -0.005714 0.256254 -0.008461
v -0.006615 0.256930 -0.004627
v 0.011102 0.259808 -0.005134
v 0.010201 0.259131 -0.008969
v 0.007782 0.258607 -0.011940
v 0.004273 0.258310 -0.013627
v 0.000214 0.258310 -0.013627
v -0.003295 0.258607 -0.011940
v -0.005714 0.259131 -0.008969
v -0.006615 0.259808 -0.005134
v 0.011102 0.258237 0.065552
v 0.011102 0.260982 0.064553
v -0.006615 0.258237 0.065552
v -0.006615 0.260982 0.064553
v 0.011102 0.261664 0.019036
v -0.006615 0.264413 0.018066
v 0.011102 0.252012 0.046174
v -0.006615 0.254631 0.044914
v 0.011102 0.264413 0.018066
v -0.006615 0.261664 0.019036
v 0.011102 0.254631 0.044914
v -0.006615 0.252012 0.046174
v 0.011102 0.261442 0.020902
v -0.006615 0.254711 0.043090
v -0.006615 0.261442 0.020902
v 0.011102 0.254711 0.043090
v -0.006615 0.264293 0.021292
v 0.011102 0.251826 0.043051
v 0.011102 0.264293 0.021292
v -0.006615 0.251826 0.043051
v -0.006615 0.264477 0.019779
v 0.011102 0.251760 0.044488
v 0.011102 0.264477 0.019779
v -0.006615 0.251760 0.044488
v -0.006615 0.263821 0.022941
v 0.011102 0.252231 0.041395
v 0.011102 0.263821 0.022941
v -0.006615 0.252231 0.041395
v -0.094069 0.315893 0.121153
v -0.094071 0.297108 0.116194
v -0.097733 0.295231 0.121648
v -0.097034 0.316849 0.121405
v -0.097036 0.296153 0.115942
v -0.101433 0.316849 0.121405
v -0.101433 0.318441 0.121115
v -0.101433 0.319146 0.118352
v -0.101436 0.288635 0.110248
v -0.101436 0.288386 0.112261
v -0.101435 0.296154 0.115942
v -0.093237 0.318440 0.121115
v -0.093239 0.296153 0.115942
v -0.093239 0.288386 0.112261
v -0.093239 0.288635 0.110248
v -0.093237 0.319145 0.118352
v -0.094070 0.314828 0.155457
v -0.093237 0.316849 0.121405
v -0.095057 0.316849 0.121405
v -0.095059 0.296153 0.115942
v -0.098023 0.314828 0.155457
v -0.098022 0.315894 0.121153
v -0.098024 0.297109 0.116194
v -0.094317 0.315562 0.155562
v -0.094316 0.316610 0.121342
v -0.094318 0.296392 0.116005
v -0.094319 0.295779 0.134924
v -0.094319 0.296046 0.136527
v -0.094319 0.296046 0.138674
v -0.094319 0.295647 0.140779
v -0.094319 0.294856 0.142785
v -0.094319 0.294081 0.144158
v -0.094319 0.293208 0.145477
v -0.094319 0.292676 0.151489
v -0.094319 0.294306 0.154358
v -0.097776 0.315562 0.155562
v -0.097775 0.316610 0.121342
v -0.097777 0.296392 0.116005
v -0.097778 0.295779 0.134924
v -0.097778 0.296046 0.136527
v -0.097778 0.296047 0.138674
v -0.097778 0.295647 0.140779
v -0.097778 0.294856 0.142785
v -0.097778 0.294081 0.144158
v -0.097778 0.293208 0.145477
v -0.097778 0.292676 0.151489
v -0.097778 0.294306 0.154358
v -0.094318 0.295283 0.121653
v 0.045510 0.316973 0.197219
v 0.045510 0.312797 -0.025209
v 0.045510 0.311274 -0.025183
v 0.045510 0.305037 0.143314
v 0.045510 0.315450 0.197243
v 0.042546 0.316973 0.197219
v 0.042545 0.312797 -0.025209
v 0.042546 0.310095 -0.025162
v 0.042546 0.305215 0.167015
v 0.042546 0.314271 0.197263
v 0.110514 0.312797 -0.025209
v 0.110514 0.316973 0.197219
v 0.110514 0.314271 0.197263
v 0.110514 0.310095 -0.025162
v 0.045510 0.305215 0.167015
v 0.045510 0.305067 0.144815
v 0.042546 0.305037 0.143314
v 0.045510 0.309543 -0.025151
v 0.045510 0.310095 -0.025162
v 0.045510 0.314084 0.197126
v 0.042546 0.315829 0.197238
v 0.042545 0.311654 -0.025189
v 0.041575 0.305434 0.164362
v 0.041575 0.309711 0.163287
v 0.041575 0.313305 0.160558
v 0.041575 0.314810 0.156658
v 0.041575 0.309382 0.145729
v 0.041575 0.305067 0.144815
v 0.041575 0.300790 0.145890
v 0.041575 0.297511 0.148621
v 0.041575 0.295693 0.152528
v 0.041575 0.295777 0.157007
v 0.041575 0.297740 0.160843
v 0.041575 0.301119 0.163449
v 0.041575 0.301778 0.162037
v 0.041575 0.298937 0.159846
v 0.041575 0.297287 0.156621
v 0.041575 0.297216 0.152856
v 0.041575 0.298744 0.149572
v 0.041575 0.301500 0.147276
v 0.041575 0.305096 0.146373
v 0.041575 0.308723 0.147141
v 0.041575 0.311554 0.149323
v 0.041575 0.309000 0.161901
v 0.041575 0.305405 0.162805
v 0.110513 0.305405 0.162805
v 0.110513 0.309000 0.161901
v 0.110513 0.311756 0.159606
v 0.110513 0.309711 0.163287
v 0.110513 0.305434 0.164362
v 0.110513 0.301119 0.163449
v 0.110513 0.297740 0.160843
v 0.110513 0.295777 0.157007
v 0.110513 0.295693 0.152528
v 0.110513 0.297511 0.148621
v 0.110513 0.300790 0.145890
v 0.110513 0.305067 0.144815
v 0.110513 0.309382 0.145729
v 0.110513 0.313284 0.156323
v 0.110513 0.311554 0.149323
v 0.110513 0.308723 0.147141
v 0.110513 0.305096 0.146373
v 0.110513 0.301500 0.147276
v 0.110513 0.298744 0.149572
v 0.110513 0.297216 0.152856
v 0.110513 0.297287 0.156621
v 0.110513 0.298937 0.159846
v 0.110513 0.301778 0.162037
v 0.045510 0.305434 0.164362
v 0.045510 0.309699 0.163305
v 0.045510 0.309387 0.145731
v 0.045510 0.300790 0.145890
v 0.045510 0.297511 0.148621
v 0.045510 0.295693 0.152528
v 0.045510 0.295777 0.157007
v 0.045510 0.297740 0.160843
v 0.045510 0.301119 0.163449
v 0.045510 0.301598 0.162423
v 0.045510 0.298610 0.160119
v 0.045510 0.296874 0.156727
v 0.045510 0.296800 0.152766
v 0.045510 0.298407 0.149312
v 0.045510 0.301306 0.146897
v 0.045510 0.305088 0.145947
v 0.045510 0.308903 0.146755
v 0.045510 0.311891 0.149059
v 0.045510 0.313627 0.152451
v 0.045510 0.313701 0.156411
v 0.045510 0.312094 0.159865
v 0.045510 0.309195 0.162280
v 0.045510 0.305413 0.163231
v 0.042545 0.309699 0.163305
v 0.042545 0.313306 0.160557
v 0.042545 0.309387 0.145731
v 0.042545 0.305067 0.144815
v 0.042545 0.300790 0.145890
v 0.042545 0.297511 0.148621
v 0.042545 0.295693 0.152528
v 0.042545 0.295777 0.157007
v 0.042545 0.297740 0.160843
v 0.042545 0.301119 0.163449
v 0.042545 0.301598 0.162423
v 0.042545 0.298610 0.160119
v 0.042545 0.296874 0.156727
v 0.042545 0.296800 0.152766
v 0.042545 0.298407 0.149312
v 0.042545 0.301306 0.146897
v 0.042545 0.305088 0.145947
v 0.042545 0.308903 0.146755
v 0.042545 0.311891 0.149059
v 0.042545 0.313627 0.152451
v 0.042545 0.313701 0.156411
v 0.042545 0.312094 0.159865
v 0.042545 0.309195 0.162280
v 0.042545 0.305413 0.163231
v 0.042545 0.305434 0.164361
v 0.110514 0.316210 0.156622
v 0.042546 0.316283 0.160493
v 0.110514 0.316283 0.160493
v 0.045510 0.313306 0.160557
v 0.110514 0.316126 0.152144
v 0.042546 0.313076 0.148326
v 0.045510 0.313076 0.148326
v 0.042546 0.316054 0.148273
v 0.110514 0.316054 0.148273
v 0.042545 0.314811 0.156656
v 0.110513 0.314810 0.156657
v 0.110513 0.314725 0.152172
v 0.042545 0.314725 0.152171
v 0.042546 0.316211 0.156622
v 0.042546 0.316126 0.152144
v 0.042545 0.315140 0.160514
v 0.042545 0.314911 0.148294
v 0.041575 0.313214 0.152558
v 0.041575 0.314725 0.152173
v 0.110513 0.313214 0.152558
v 0.041575 0.313066 0.148317
v 0.110512 0.313071 0.148321
v 0.041575 0.311756 0.159606
v 0.110512 0.313305 0.160557
v 0.041575 0.313284 0.156323
v -0.045510 0.316973 0.197219
v -0.045510 0.312797 -0.025209
v -0.045510 0.311274 -0.025183
v -0.045510 0.305037 0.143314
v -0.045510 0.315450 0.197243
v -0.042546 0.316973 0.197219
v -0.042545 0.312797 -0.025209
v -0.042546 0.310095 -0.025162
v -0.042546 0.305215 0.167015
v -0.042546 0.314271 0.197263
v -0.110514 0.312797 -0.025209
v -0.110514 0.316973 0.197219
v -0.110514 0.314271 0.197263
v -0.110514 0.310095 -0.025162
v -0.045510 0.305215 0.167015
v -0.045510 0.305067 0.144815
v -0.042546 0.305037 0.143314
v -0.045510 0.309543 -0.025151
v -0.045510 0.310095 -0.025162
v -0.045510 0.314084 0.197126
v -0.042546 0.315829 0.197238
v -0.042545 0.311654 -0.025189
v -0.041575 0.305434 0.164362
v -0.041575 0.309711 0.163287
v -0.041575 0.313305 0.160558
v -0.041575 0.314810 0.156658
v -0.041575 0.309382 0.145729
v -0.041575 0.305067 0.144815
v -0.041575 0.300790 0.145890
v -0.041575 0.297511 0.148621
v -0.041575 0.295693 0.152528
v -0.041575 0.295777 0.157007
v -0.041575 0.297740 0.160843
v -0.041575 0.301119 0.163449
v -0.041575 0.301778 0.162037
v -0.041575 0.298937 0.159846
v -0.041575 0.297287 0.156621
v -0.041575 0.297216 0.152856
v -0.041575 0.298744 0.149572
v -0.041575 0.301500 0.147276
v -0.041575 0.305096 0.146373
v -0.041575 0.308723 0.147141
v -0.041575 0.311554 0.149323
v -0.041575 0.309000 0.161901
v -0.041575 0.305405 0.162805
v -0.110513 0.305405 0.162805
v -0.110513 0.309000 0.161901
v -0.110513 0.311756 0.159606
v -0.110513 0.309711 0.163287
v -0.110513 0.305434 0.164362
v -0.110513 0.301119 0.163449
v -0.110513 0.297740 0.160843
v -0.110513 0.295777 0.157007
v -0.110513 0.295693 0.152528
v -0.110513 0.297511 0.148621
v -0.110513 0.300790 0.145890
v -0.110513 0.305067 0.144815
v -0.110513 0.309382 0.145729
v -0.110513 0.313284 0.156323
v -0.110513 0.311554 0.149323
v -0.110513 0.308723 0.147141
v -0.110513 0.305096 0.146373
v -0.110513 0.301500 0.147276
v -0.110513 0.298744 0.149572
v -0.110513 0.297216 0.152856
v -0.110513 0.297287 0.156621
v -0.110513 0.298937 0.159846
v -0.110513 0.301778 0.162037
v -0.045510 0.305434 0.164362
v -0.045510 0.309699 0.163305
v -0.045510 0.309387 0.145731
v -0.045510 0.300790 0.145890
v -0.045510 0.297511 0.148621
v -0.045510 0.295693 0.152528
v -0.045510 0.295777 0.157007
v -0.045510 0.297740 0.160843
v -0.045510 0.301119 0.163449
v -0.045510 0.301598 0.162423
v -0.045510 0.298610 0.160119
v -0.045510 0.296874 0.156727
v -0.045510 0.296800 0.152766
v -0.045510 0.298407 0.149312
v -0.045510 0.301306 0.146897
v -0.045510 0.305088 0.145947
v -0.045510 0.308903 0.146755
v -0.045510 0.311891 0.149059
v -0.045510 0.313627 0.152451
v -0.045510 0.313701 0.156411
v -0.045510 0.312094 0.159865
v -0.045510 0.309195 0.162280
v -0.045510 0.305413 0.163231
v -0.042545 0.309699 0.163305
v -0.042545 0.313306 0.160557
v -0.042545 0.309387 0.145731
v -0.042545 0.305067 0.144815
v -0.042545 0.300790 0.145890
v -0.042545 0.297511 0.148621
v -0.042545 0.295693 0.152528
v -0.042545 0.295777 0.157007
v -0.042545 0.297740 0.160843
v -0.042545 0.301119 0.163449
v -0.042545 0.301598 0.162423
v -0.042545 0.298610 0.160119
v -0.042545 0.296874 0.156727
v -0.042545 0.296800 0.152766
v -0.042545 0.298407 0.149312
v -0.042545 0.301306 0.146897
v -0.042545 0.305088 0.145947
v -0.042545 0.308903 0.146755
v -0.042545 0.311891 0.149059
v -0.042545 0.313627 0.152451
v -0.042545 0.313701 0.156411
v -0.042545 0.312094 0.159865
v -0.042545 0.309195 0.162280
v -0.042545 0.305413 0.163231
v -0.042545 0.305434 0.164361
v -0.110514 0.316210 0.156622
v -0.042546 0.316283 0.160493
v -0.110514 0.316283 0.160493
v -0.045510 0.313306 0.160557
v -0.110514 0.316126 0.152144
v -0.042546 0.313076 0.148326
v -0.045510 0.313076 0.148326
v -0.042546 0.316054 0.148273
v -0.110514 0.316054 0.148273
v -0.042545 0.314811 0.156656
v -0.110513 0.314810 0.156657
v -0.110513 0.314725 0.152172
v -0.042545 0.314725 0.152171
v -0.042546 0.316211 0.156622
v -0.042546 0.316126 0.152144
v -0.042545 0.315140 0.160514
v -0.042545 0.314911 0.148294
v -0.041575 0.313214 0.152558
v -0.041575 0.314725 0.152173
v -0.110513 0.313214 0.152558
v -0.041575 0.313066 0.148317
v -0.110512 0.313071 0.148321
v -0.041575 0.311756 0.159606
v -0.110512 0.313305 0.160557
v -0.041575 0.313284 0.156323
v -0.017426 0.100399 0.072738
v -0.009311 0.108297 0.059906
v 0.000788 0.108665 -0.000583
v 0.009864 0.108301 0.059887
v 0.060632 0.100399 0.030070
v 0.060812 0.108299 0.008951
v 0.057656 0.100399 -0.049775
v -0.028691 0.100399 -0.070508
v -0.026355 0.108583 -0.052948
v -0.041235 0.108583 -0.042137
v -0.075095 0.100399 0.005206
v -0.060378 0.108277 0.008969
v -0.054416 0.108282 0.027230
v 0.023176 0.107163 0.068868
v 0.064622 0.100399 0.038754
v -0.058866 0.107163 0.042631
v -0.059268 0.107163 -0.043506
v 0.073487 0.107163 -0.001054
v -0.022753 0.107163 0.068868
v -0.010394 0.100399 0.066259
v -0.004859 0.100399 0.063550
v 0.005260 0.100399 0.063550
v 0.010821 0.100399 0.066259
v 0.054872 0.108302 0.027181
v 0.059773 0.100399 0.023943
v 0.062900 0.100399 0.014320
v 0.067187 0.100399 0.009892
v 0.048161 0.100399 -0.048663
v 0.042077 0.100399 -0.049764
v 0.033891 0.100399 -0.055711
v 0.030998 0.100399 -0.061134
v -0.022106 0.107163 -0.070508
v -0.029245 0.100399 -0.058618
v -0.032045 0.100399 -0.053403
v -0.039910 0.100399 -0.047689
v -0.045735 0.100399 -0.046637
v -0.073061 0.107163 -0.001056
v -0.066761 0.100399 0.009893
v -0.062499 0.100399 0.014321
v -0.059372 0.100399 0.023944
v -0.060205 0.100399 0.030070
v 0.017849 0.100399 0.072739
v 0.059295 0.107163 0.042625
v -0.064193 0.100399 0.038760
v 0.029115 0.100399 -0.070507
v -0.057233 0.100399 -0.049768
v 0.075522 0.100399 0.005209
v -0.019793 0.106269 0.071018
v -0.018018 0.104057 0.072308
v -0.009913 0.106859 0.063436
v -0.010274 0.104207 0.065553
v -0.004591 0.107069 0.060752
v -0.004792 0.104260 0.062851
v 0.005078 0.107071 0.060745
v 0.005214 0.104261 0.062849
v 0.010396 0.106861 0.063427
v 0.010715 0.104207 0.065551
v 0.059992 0.104207 0.029749
v 0.058072 0.106861 0.028786
v 0.057164 0.107072 0.022898
v 0.059121 0.104261 0.023682
v 0.060157 0.107071 0.013705
v 0.062214 0.104260 0.014166
v 0.064354 0.106860 0.009474
v 0.066479 0.104207 0.009788
v 0.059069 0.107009 -0.045426
v 0.058560 0.106445 -0.046992
v 0.057882 0.104057 -0.049079
v 0.045045 0.107788 -0.045449
v 0.046167 0.106970 -0.046606
v 0.047663 0.104205 -0.048149
v 0.040299 0.107151 -0.047581
v 0.041633 0.104256 -0.049218
v 0.032474 0.107149 -0.053278
v 0.033537 0.104255 -0.055103
v 0.029021 0.107784 -0.057115
v 0.029733 0.106967 -0.058561
v 0.030681 0.104204 -0.060490
v -0.025764 0.106269 -0.070508
v -0.027959 0.104057 -0.070508
v -0.027961 0.107008 -0.056098
v -0.028924 0.104245 -0.057988
v -0.030623 0.107335 -0.051084
v -0.031689 0.104327 -0.052823
v -0.038144 0.107335 -0.045620
v -0.039468 0.104327 -0.047172
v -0.043735 0.107008 -0.044637
v -0.045235 0.104245 -0.046137
v -0.074191 0.106269 0.002423
v -0.074869 0.104057 0.004511
v -0.063924 0.106849 0.009482
v -0.066052 0.104204 0.009790
v -0.059746 0.107049 0.013722
v -0.061811 0.104255 0.014171
v -0.056746 0.107051 0.022925
v -0.058716 0.104255 0.023689
v -0.057632 0.106851 0.028808
v -0.059562 0.104205 0.029754
v 0.018440 0.104057 0.072309
v 0.020216 0.106269 0.071018
v 0.062255 0.106269 0.040474
v 0.064031 0.104057 0.039184
v -0.063601 0.104057 0.039191
v -0.061826 0.106269 0.040481
v 0.028384 0.104057 -0.070507
v 0.026189 0.106445 -0.070507
v 0.024543 0.107009 -0.070507
v -0.057459 0.104057 -0.049072
v -0.058137 0.106269 -0.046985
v 0.075296 0.104057 0.004513
v 0.074617 0.106269 0.002425
v -0.016949 0.066874 0.072671
v -0.010345 0.066874 0.066278
v -0.004859 0.066874 0.063550
v 0.005260 0.066874 0.063550
v 0.010771 0.066874 0.066278
v 0.017371 0.066874 0.072672
v 0.060655 0.066874 0.030040
v 0.059773 0.066874 0.023943
v 0.062899 0.066874 0.014320
v 0.067189 0.066874 0.009931
v 0.075370 0.066874 0.005521
v 0.057366 0.066874 -0.049929
v 0.048141 0.066874 -0.048694
v 0.042077 0.066874 -0.049764
v 0.033891 0.066874 -0.055711
v 0.031032 0.066874 -0.061124
v 0.029353 0.066874 -0.070279
v -0.028931 0.066874 -0.070251
v -0.029249 0.066874 -0.058617
v -0.032045 0.066874 -0.053403
v -0.039909 0.066874 -0.047689
v -0.045733 0.066874 -0.046641
v -0.056914 0.066874 -0.049918
v -0.074951 0.066874 0.005503
v -0.066763 0.066874 0.009929
v -0.062499 0.066874 0.014321
v -0.059372 0.066874 0.023944
v -0.060228 0.066874 0.030042
v -0.064251 0.066874 0.038435
v 0.064683 0.066874 0.038412
v -0.004257 0.108699 0.057253
v 0.004851 0.108703 0.057239
v 0.053903 0.108705 0.021591
v 0.056729 0.108702 0.012935
v -0.035936 0.109205 -0.043035
v -0.028847 0.109205 -0.048186
v -0.053464 0.108665 0.021652
v -0.056305 0.108660 0.012973
v 0.039299 0.108055 -0.046353
v 0.031676 0.108051 -0.051909
v 0.246595 0.621029 -0.276270
v 0.246595 0.603602 -0.255189
v 0.246595 0.589478 -0.224128
v 0.249519 0.599996 0.087485
v 0.246595 0.602988 0.109901
v 0.246595 0.598272 0.127945
v 0.246595 0.586495 0.142048
v 0.246595 0.544334 0.161386
v 0.246595 0.512560 0.161646
v 0.246595 0.485785 0.155823
v 0.246595 0.465215 0.140879
v 0.246595 0.447154 0.118663
v 0.246595 0.416199 0.062068
v 0.246595 0.404945 0.080747
v 0.246595 0.480021 0.173753
v 0.246595 0.512747 0.179238
v 0.246595 0.546326 0.178494
v 0.246595 0.614286 0.136639
v 0.246595 0.621472 0.085928
v 0.246595 0.605647 -0.215212
v 0.246595 0.631098 -0.257667
v 0.307199 0.619378 -0.278965
v 0.307289 0.601406 -0.257858
v 0.307404 0.586877 -0.225494
v 0.310391 0.580373 -0.191154
v 0.308968 0.599996 0.087484
v 0.309085 0.600081 0.109422
v 0.309176 0.595738 0.126549
v 0.309252 0.584563 0.139850
v 0.309323 0.566808 0.150570
v 0.309408 0.543981 0.158725
v 0.309504 0.512521 0.158857
v 0.309583 0.486660 0.153104
v 0.309679 0.467275 0.138430
v 0.309620 0.449440 0.117016
v 0.309571 0.434858 0.090163
v 0.309499 0.418005 0.059097
v 0.308756 0.317832 0.038122
v 0.308772 0.320797 0.047608
v 0.309534 0.403137 0.083716
v 0.309639 0.416106 0.107688
v 0.309711 0.430151 0.131832
v 0.309799 0.451001 0.156995
v 0.309704 0.479186 0.176489
v 0.309623 0.512703 0.182165
v 0.309525 0.546613 0.181284
v 0.309438 0.577208 0.172203
v 0.309347 0.600506 0.158125
v 0.309237 0.616892 0.137958
v 0.309108 0.624037 0.113705
v 0.307449 0.608227 -0.213798
v 0.307310 0.632640 -0.254570
v 0.249452 0.577426 -0.191133
v 0.246595 0.617056 -0.239007
v 0.310210 0.617054 -0.239001
v 0.310394 0.598910 -0.191189
v 0.249436 0.619378 -0.278965
v 0.249440 0.601404 -0.257850
v 0.249446 0.586875 -0.225486
v 0.249524 0.600081 0.109422
v 0.249529 0.595738 0.126549
v 0.249532 0.584563 0.139850
v 0.249536 0.566808 0.150570
v 0.249540 0.543981 0.158725
v 0.249544 0.512521 0.158859
v 0.249548 0.486660 0.153105
v 0.249552 0.467275 0.138430
v 0.249550 0.449440 0.117015
v 0.249544 0.418005 0.059097
v 0.249509 0.317832 0.038122
v 0.249510 0.320797 0.036818
v 0.249510 0.320797 0.047608
v 0.249509 0.317832 0.046305
v 0.249545 0.403137 0.083716
v 0.249554 0.430149 0.131841
v 0.249558 0.451000 0.156997
v 0.249553 0.479187 0.176487
v 0.249550 0.512704 0.182163
v 0.249545 0.546613 0.181284
v 0.249541 0.577208 0.172203
v 0.249537 0.600506 0.158125
v 0.249532 0.616892 0.137959
v 0.249526 0.624037 0.113705
v 0.249519 0.624430 0.085790
v 0.249448 0.608226 -0.213796
v 0.249441 0.632640 -0.254568
v 0.310054 0.621029 -0.276268
v 0.310145 0.603603 -0.255191
v 0.310260 0.589478 -0.224129
v 0.307534 0.577426 -0.191133
v 0.311893 0.602953 0.087319
v 0.312018 0.602988 0.109901
v 0.312117 0.598272 0.127945
v 0.312204 0.586495 0.142048
v 0.312381 0.544335 0.161384
v 0.312546 0.485785 0.155823
v 0.312652 0.465214 0.140883
v 0.312587 0.447151 0.118672
v 0.312533 0.432596 0.092214
v 0.311688 0.320797 0.038122
v 0.308772 0.320797 0.036818
v 0.308756 0.317832 0.046305
v 0.312660 0.432394 0.130331
v 0.312647 0.480020 0.173753
v 0.312563 0.512747 0.179238
v 0.312380 0.575913 0.169617
v 0.312279 0.598565 0.155923
v 0.311884 0.621472 0.085929
v 0.310296 0.605647 -0.215212
v 0.310142 0.631097 -0.257663
v 0.246595 0.580375 -0.191157
v 0.249444 0.619159 -0.236527
v 0.307371 0.619160 -0.236529
v 0.307538 0.601858 -0.191169
v 0.249547 0.434858 0.090163
v 0.249550 0.416106 0.107689
v 0.246595 0.602953 0.087319
v 0.246595 0.432596 0.092212
v 0.246595 0.418364 0.105537
v 0.246594 0.598910 -0.191191
v 0.249451 0.601857 -0.191168
v 0.246595 0.621135 0.113205
v 0.312035 0.621134 0.113206
v 0.312165 0.614286 0.136639
v 0.246595 0.598565 0.155923
v 0.246595 0.575913 0.169617
v 0.312282 0.568049 0.153149
v 0.246595 0.568049 0.153149
v 0.312431 0.546327 0.178493
v 0.312431 0.512562 0.161644
v 0.246595 0.452938 0.154871
v 0.312746 0.452938 0.154871
v 0.246595 0.432394 0.130330
v 0.312585 0.418364 0.105537
v 0.312423 0.416199 0.062068
v 0.312434 0.404945 0.080747
v 0.246595 0.320797 0.046305
v 0.246595 0.320797 0.038122
v 0.311687 0.320797 0.046305
v 0.308958 0.624430 0.085791
v 0.250115 0.639307 -0.262018
v 0.249424 0.638537 -0.259174
v 0.248258 0.638618 -0.264052
v 0.246594 0.637256 -0.262215
v 0.248254 0.631747 -0.281471
v 0.246594 0.629831 -0.281264
v 0.308326 0.631862 -0.281486
v 0.310000 0.630098 -0.281356
v 0.250187 0.630917 -0.283315
v 0.249487 0.628907 -0.284196
v 0.308419 0.638683 -0.264166
v 0.310101 0.637422 -0.262407
v 0.306578 0.639417 -0.262094
v 0.307294 0.638537 -0.259175
v 0.306382 0.631067 -0.283377
v 0.307092 0.628908 -0.284198
v 0.249465 0.596643 -0.132314
v 0.249479 0.598327 -0.074763
v 0.249493 0.605616 -0.015767
v 0.249507 0.618536 0.041302
v 0.307832 0.572192 -0.132769
v 0.308130 0.573814 -0.074704
v 0.308427 0.581137 -0.015050
v 0.308725 0.594138 0.042619
v 0.311631 0.615559 0.041399
v 0.311322 0.602634 -0.015738
v 0.311013 0.595363 -0.074744
v 0.310704 0.593686 -0.132353
v 0.246594 0.593687 -0.132355
v 0.246595 0.595363 -0.074746
v 0.246595 0.602632 -0.015740
v 0.246595 0.615557 0.041397
v 0.307833 0.596643 -0.132315
v 0.308127 0.598326 -0.074764
v 0.308422 0.605615 -0.015767
v 0.308717 0.618536 0.041303
v 0.249466 0.572191 -0.132768
v 0.249480 0.573814 -0.074704
v 0.249494 0.581139 -0.015049
v 0.249508 0.594141 0.042620
v 0.246595 0.575147 -0.132677
v 0.246595 0.576777 -0.074656
v 0.246595 0.584122 -0.015068
v 0.246595 0.597082 0.042487
v 0.311638 0.597083 0.042487
v 0.311326 0.584123 -0.015067
v 0.311015 0.576777 -0.074654
v 0.310703 0.575146 -0.132674
v 0.309445 0.397309 0.042657
v 0.309337 0.380470 0.036735
v 0.309332 0.370936 0.067267
v 0.309462 0.387332 0.074980
v 0.249536 0.380470 0.036735
v 0.249541 0.397309 0.042656
v 0.249542 0.387332 0.074980
v 0.249536 0.370936 0.067267
v 0.312288 0.379350 0.040564
v 0.312394 0.396205 0.046740
v 0.312397 0.388486 0.071469
v 0.312281 0.372004 0.064031
v 0.246595 0.372005 0.064031
v 0.246595 0.388486 0.071469
v 0.246595 0.396205 0.046740
v 0.246595 0.379352 0.040564
v -0.019945 0.110160 0.046753
v -0.018133 0.112969 0.042380
v -0.016903 0.117180 0.039409
v -0.016151 0.123550 0.037595
v -0.012925 0.181672 0.029805
v -0.012414 0.183354 0.028574
v -0.011391 0.184163 0.026103
v -0.011385 0.184017 0.026088
v -0.010982 0.189907 0.025116
v -0.010107 0.193318 0.023027
v -0.008976 0.195001 0.020273
v -0.004897 0.195409 0.010424
v -0.004897 0.205398 0.010424
v -0.003824 0.110160 0.050623
v -0.003453 0.112969 0.045905
v -0.003200 0.117180 0.042699
v -0.003046 0.123550 0.040741
v -0.002385 0.181672 0.032336
v -0.002280 0.183354 0.031007
v -0.002070 0.184163 0.028341
v -0.002069 0.184017 0.028324
v -0.001986 0.189907 0.027276
v -0.001807 0.193318 0.025019
v -0.001575 0.195001 0.022050
v -0.000739 0.195409 0.011422
v -0.000739 0.205398 0.011423
v 0.012704 0.110160 0.049323
v 0.011599 0.112969 0.044720
v 0.010848 0.117180 0.041593
v 0.010390 0.123550 0.039684
v 0.008421 0.181672 0.031485
v 0.008110 0.183354 0.030189
v 0.007486 0.184163 0.027589
v 0.007482 0.184017 0.027573
v 0.007236 0.189907 0.026550
v 0.006703 0.193318 0.024350
v 0.006013 0.195001 0.021453
v 0.003524 0.195409 0.011086
v 0.003524 0.205398 0.011087
v 0.028020 0.110160 0.042978
v 0.025547 0.112969 0.038942
v 0.023867 0.117180 0.036200
v 0.022841 0.123550 0.034526
v 0.018436 0.181672 0.027337
v 0.017739 0.183354 0.026200
v 0.016342 0.184163 0.023920
v 0.016333 0.184017 0.023906
v 0.015784 0.189907 0.023009
v 0.014590 0.193318 0.021083
v 0.013045 0.195001 0.018540
v 0.007474 0.195409 0.009450
v 0.007475 0.205398 0.009451
v 0.040627 0.110160 0.032211
v 0.037028 0.112969 0.029137
v 0.034583 0.117180 0.027048
v 0.033089 0.123550 0.025773
v 0.026678 0.181672 0.020297
v 0.025664 0.183355 0.019432
v 0.023631 0.184163 0.017695
v 0.023618 0.184017 0.017684
v 0.022818 0.189907 0.017001
v 0.021081 0.193318 0.015539
v 0.018832 0.195001 0.013597
v 0.010726 0.195409 0.006673
v 0.010726 0.205398 0.006673
v 0.049289 0.110160 0.018075
v 0.044917 0.112969 0.016264
v 0.041945 0.117180 0.015033
v 0.040131 0.123550 0.014282
v 0.032342 0.181672 0.011055
v 0.031110 0.183354 0.010545
v 0.028639 0.184163 0.009522
v 0.028624 0.184017 0.009515
v 0.027652 0.189907 0.009113
v 0.025541 0.193318 0.008261
v 0.022809 0.195001 0.007107
v 0.012960 0.195409 0.003027
v 0.012961 0.205398 0.003027
v 0.053160 0.110160 0.001954
v 0.048441 0.112969 0.001583
v 0.045235 0.117180 0.001331
v 0.043277 0.123550 0.001177
v 0.034872 0.181672 0.000515
v 0.033543 0.183354 0.000411
v 0.030877 0.184163 0.000201
v 0.030861 0.184017 0.000200
v 0.029812 0.189907 0.000117
v 0.027534 0.193318 -0.000040
v 0.024586 0.195001 -0.000294
v 0.013958 0.195409 -0.001131
v 0.013959 0.205398 -0.001131
v 0.051859 0.110160 -0.014573
v 0.047256 0.112969 -0.013468
v 0.044129 0.117180 -0.012717
v 0.042220 0.123550 -0.012259
v 0.034021 0.181672 -0.010291
v 0.032725 0.183354 -0.009979
v 0.030125 0.184163 -0.009355
v 0.030109 0.184017 -0.009351
v 0.029086 0.189907 -0.009106
v 0.026864 0.193318 -0.008550
v 0.023989 0.195001 -0.007882
v 0.013623 0.195409 -0.005393
v 0.013623 0.205398 -0.005394
v 0.045514 0.110160 -0.029890
v 0.041479 0.112969 -0.027417
v 0.038737 0.117180 -0.025737
v 0.037062 0.123550 -0.024710
v 0.029873 0.181672 -0.020305
v 0.028737 0.183354 -0.019608
v 0.026457 0.184163 -0.018211
v 0.026442 0.184017 -0.018203
v 0.025546 0.189907 -0.017653
v 0.023597 0.193318 -0.016436
v 0.021076 0.195001 -0.014914
v 0.011986 0.195409 -0.009344
v 0.011987 0.205398 -0.009344
v 0.034747 0.110160 -0.042496
v 0.031673 0.112969 -0.038897
v 0.029585 0.117180 -0.036452
v 0.028309 0.123550 -0.034959
v 0.022834 0.181672 -0.028547
v 0.021968 0.183354 -0.027534
v 0.020231 0.184163 -0.025500
v 0.020220 0.184017 -0.025488
v 0.019537 0.189907 -0.024688
v 0.018053 0.193318 -0.022927
v 0.016133 0.195001 -0.020702
v 0.009209 0.195409 -0.012595
v 0.009210 0.205398 -0.012596
v 0.020611 0.110160 -0.051159
v 0.018800 0.112969 -0.046786
v 0.017569 0.117180 -0.043815
v 0.016818 0.123550 -0.042000
v 0.013591 0.181672 -0.034211
v 0.013081 0.183354 -0.032979
v 0.012058 0.184163 -0.030509
v 0.012052 0.184017 -0.030493
v 0.011649 0.189907 -0.029522
v 0.010775 0.193318 -0.027387
v 0.009643 0.195001 -0.024679
v 0.005563 0.195409 -0.014829
v 0.005564 0.205398 -0.014830
v 0.004491 0.110160 -0.055029
v 0.004119 0.112969 -0.050311
v 0.003867 0.117180 -0.047104
v 0.003713 0.123550 -0.045147
v 0.003052 0.181672 -0.036741
v 0.002947 0.183354 -0.035412
v 0.002737 0.184163 -0.032747
v 0.002736 0.184017 -0.032730
v 0.002653 0.189907 -0.031681
v 0.002474 0.193318 -0.029380
v 0.002242 0.195001 -0.026456
v 0.001406 0.195409 -0.015828
v 0.001406 0.205398 -0.015828
v -0.012037 0.110160 -0.053728
v -0.010932 0.112969 -0.049126
v -0.010181 0.117180 -0.045999
v -0.009723 0.123550 -0.044089
v -0.007755 0.181672 -0.035891
v -0.007443 0.183354 -0.034594
v -0.006819 0.184163 -0.031994
v -0.006815 0.184017 -0.031978
v -0.006570 0.189907 -0.030955
v -0.006036 0.193318 -0.028710
v -0.005346 0.195001 -0.025858
v -0.002857 0.195409 -0.015492
v -0.002857 0.205398 -0.015493
v -0.027354 0.110160 -0.047384
v -0.024881 0.112969 -0.043348
v -0.023200 0.117180 -0.040606
v -0.022174 0.123550 -0.038932
v -0.017769 0.181672 -0.031743
v -0.017072 0.183354 -0.030606
v -0.015675 0.184163 -0.028326
v -0.015666 0.184017 -0.028312
v -0.015117 0.189907 -0.027415
v -0.013922 0.193318 -0.025444
v -0.012378 0.195001 -0.022946
v -0.006808 0.195409 -0.013856
v -0.006808 0.205398 -0.013856
v -0.039960 0.110160 -0.036617
v -0.036361 0.112969 -0.033543
v -0.033916 0.117180 -0.031454
v -0.032422 0.123550 -0.030179
v -0.026011 0.181672 -0.024703
v -0.024997 0.183354 -0.023837
v -0.022964 0.184163 -0.022101
v -0.022951 0.184017 -0.022090
v -0.022152 0.189907 -0.021407
v -0.020413 0.193318 -0.019900
v -0.018166 0.195001 -0.018002
v -0.010059 0.195409 -0.011079
v -0.010060 0.205398 -0.011079
v -0.048623 0.110160 -0.022481
v -0.044250 0.112969 -0.020670
v -0.041279 0.117180 -0.019439
v -0.039464 0.123550 -0.018687
v -0.031675 0.181672 -0.015461
v -0.030443 0.183354 -0.014951
v -0.027973 0.184163 -0.013927
v -0.027957 0.184017 -0.013921
v -0.026985 0.189907 -0.013518
v -0.024873 0.193318 -0.012621
v -0.022143 0.195001 -0.011513
v -0.012293 0.195409 -0.007433
v -0.012294 0.205398 -0.007433
v -0.052493 0.110160 -0.006360
v -0.047774 0.112969 -0.005989
v -0.044568 0.117180 -0.005737
v -0.042610 0.123550 -0.005582
v -0.034205 0.181672 -0.004921
v -0.032876 0.183354 -0.004816
v -0.030210 0.184163 -0.004607
v -0.030194 0.184017 -0.004605
v -0.029145 0.189907 -0.004523
v -0.026866 0.193318 -0.004321
v -0.023919 0.195001 -0.004112
v -0.013291 0.195409 -0.003275
v -0.013292 0.205398 -0.003275
v -0.051192 0.110160 0.010168
v -0.046590 0.112969 0.009063
v -0.043463 0.117180 0.008312
v -0.041553 0.123550 0.007853
v -0.033355 0.181672 0.005885
v -0.032058 0.183354 0.005574
v -0.029458 0.184163 0.004950
v -0.029442 0.184017 0.004946
v -0.028419 0.189907 0.004700
v -0.026196 0.193318 0.004189
v -0.023322 0.195001 0.003477
v -0.012956 0.195409 0.000988
v -0.012956 0.205398 0.000988
v -0.044847 0.110160 0.025484
v -0.040812 0.112969 0.023011
v -0.038070 0.117180 0.021331
v -0.036395 0.123550 0.020305
v -0.029207 0.181672 0.015899
v -0.028070 0.183354 0.015203
v -0.025790 0.184163 0.013806
v -0.025776 0.184017 0.013797
v -0.024879 0.189907 0.013247
v -0.022929 0.193318 0.012076
v -0.020409 0.195001 0.010509
v -0.011319 0.195409 0.004938
v -0.011320 0.205398 0.004938
v -0.034080 0.110160 0.038091
v -0.031007 0.112969 0.034492
v -0.028918 0.117180 0.032046
v -0.027642 0.123550 0.030553
v -0.022167 0.181672 0.024142
v -0.021301 0.183355 0.023128
v -0.019564 0.184163 0.021095
v -0.019554 0.184017 0.021082
v -0.018870 0.189907 0.020282
v -0.017385 0.193318 0.018567
v -0.015466 0.195001 0.016296
v -0.008542 0.195409 0.008190
v -0.008543 0.205398 0.008190
v 0.025283 0.070992 -0.042264
v 0.022430 0.068140 -0.326032
v 0.025282 0.102498 -0.326196
v 0.025283 0.102498 -0.042264
v 0.020179 0.068140 -0.335845
v 0.022757 0.102498 -0.337107
v 0.014184 0.068140 -0.343323
v 0.015979 0.102498 -0.345562
v 0.005494 0.068140 -0.347567
v 0.006147 0.102498 -0.350363
v -0.005496 0.068140 -0.347567
v -0.006148 0.102498 -0.350363
v -0.014186 0.068140 -0.343323
v -0.015981 0.102498 -0.345562
v -0.020180 0.068140 -0.335845
v -0.022759 0.102498 -0.337107
v -0.022431 0.068140 -0.326031
v -0.025284 0.102498 -0.326196
v -0.025283 0.070992 -0.042264
v -0.022431 0.105351 -0.042264
v 0.022430 0.068140 -0.042264
v 0.025282 0.070992 -0.326196
v 0.022430 0.105351 -0.326032
v 0.022430 0.105351 -0.042264
v 0.022757 0.070992 -0.337107
v 0.020179 0.105351 -0.335845
v 0.015979 0.070992 -0.345562
v 0.014184 0.105351 -0.343323
v 0.006147 0.070992 -0.350363
v 0.005494 0.105351 -0.347567
v -0.006148 0.070992 -0.350363
v -0.005496 0.105351 -0.347567
v -0.015981 0.070992 -0.345562
v -0.014186 0.105351 -0.343323
v -0.022759 0.070992 -0.337107
v -0.020180 0.105351 -0.335845
v -0.025284 0.070992 -0.326195
v -0.022431 0.105351 -0.326031
v -0.022431 0.068140 -0.042264
v -0.025283 0.102498 -0.042264
v -0.032382 0.070992 -0.037106
v -0.303143 0.068140 -0.122081
v -0.302418 0.102498 -0.124845
v -0.032382 0.102498 -0.037106
v -0.313172 0.068140 -0.122973
v -0.313575 0.102498 -0.125815
v -0.322136 0.068140 -0.119582
v -0.323711 0.102498 -0.121982
v -0.328858 0.068140 -0.112629
v -0.331315 0.102498 -0.114114
v -0.332254 0.068140 -0.102177
v -0.335115 0.102498 -0.102421
v -0.330903 0.068140 -0.092601
v -0.333587 0.102498 -0.091586
v -0.325644 0.068140 -0.084589
v -0.327640 0.102498 -0.082527
v -0.317006 0.068140 -0.079416
v -0.318043 0.102498 -0.076754
v -0.048008 0.070992 0.010985
v -0.047127 0.105351 0.008273
v -0.033264 0.068140 -0.034393
v -0.302418 0.070992 -0.124845
v -0.303143 0.105351 -0.122081
v -0.033264 0.105351 -0.034393
v -0.313575 0.070992 -0.125815
v -0.313172 0.105351 -0.122973
v -0.323711 0.070992 -0.121982
v -0.322137 0.105351 -0.119582
v -0.331315 0.070992 -0.114114
v -0.328858 0.105351 -0.112629
v -0.335115 0.070992 -0.102421
v -0.332254 0.105351 -0.102177
v -0.333587 0.070992 -0.091586
v -0.330903 0.105351 -0.092601
v -0.327640 0.070992 -0.082527
v -0.325644 0.105351 -0.084589
v -0.318043 0.070992 -0.076754
v -0.317006 0.105351 -0.079416
v -0.047127 0.068140 0.008273
v -0.048008 0.102498 0.010985
v -0.045296 0.070992 0.019331
v -0.209783 0.068140 0.250581
v -0.212187 0.102498 0.249037
v -0.045296 0.102498 0.019331
v -0.213730 0.068140 0.259844
v -0.216557 0.102498 0.259349
v -0.213275 0.068140 0.269417
v -0.216044 0.102498 0.270173
v -0.208739 0.068140 0.277958
v -0.210911 0.102498 0.279836
v -0.199848 0.068140 0.284418
v -0.200964 0.102498 0.287063
v -0.190324 0.068140 0.286092
v -0.190187 0.102498 0.288959
v -0.181078 0.068140 0.283566
v -0.179734 0.102498 0.286102
v -0.173489 0.068140 0.276950
v -0.171278 0.102498 0.278759
v -0.004387 0.070992 0.049053
v -0.006695 0.105351 0.047376
v -0.042989 0.068140 0.021008
v -0.212187 0.070992 0.249037
v -0.209783 0.105351 0.250581
v -0.042989 0.105351 0.021008
v -0.216557 0.070992 0.259349
v -0.213730 0.105351 0.259844
v -0.216044 0.070992 0.270173
v -0.213275 0.105351 0.269417
v -0.210911 0.070992 0.279836
v -0.208739 0.105351 0.277958
v -0.200964 0.070992 0.287063
v -0.199848 0.105351 0.284418
v -0.190187 0.070992 0.288959
v -0.190324 0.105351 0.286092
v -0.179734 0.070992 0.286102
v -0.181078 0.105351 0.283566
v -0.171278 0.070992 0.278759
v -0.173489 0.105351 0.276950
v -0.006695 0.068140 0.047376
v -0.004387 0.102498 0.049053
v 0.004388 0.070992 0.049053
v 0.173491 0.068140 0.276949
v 0.171279 0.102498 0.278758
v 0.004388 0.102498 0.049053
v 0.181080 0.068140 0.283565
v 0.179736 0.102498 0.286101
v 0.190325 0.068140 0.286091
v 0.190189 0.102498 0.288958
v 0.199850 0.068140 0.284417
v 0.200965 0.102498 0.287062
v 0.208741 0.068140 0.277957
v 0.210912 0.102498 0.279835
v 0.213277 0.068140 0.269416
v 0.216045 0.102498 0.270172
v 0.213731 0.068140 0.259842
v 0.216558 0.102498 0.259348
v 0.209784 0.068140 0.250580
v 0.212188 0.102498 0.249036
v 0.045297 0.070992 0.019331
v 0.042989 0.105351 0.021008
v 0.006695 0.068140 0.047376
v 0.171279 0.070992 0.278758
v 0.173491 0.105351 0.276949
v 0.006695 0.105351 0.047376
v 0.179736 0.070992 0.286101
v 0.181080 0.105351 0.283565
v 0.190189 0.070992 0.288958
v 0.190325 0.105351 0.286091
v 0.200965 0.070992 0.287062
v 0.199850 0.105351 0.284417
v 0.210912 0.070992 0.279835
v 0.208741 0.105351 0.277957
v 0.216045 0.070992 0.270172
v 0.213277 0.105351 0.269416
v 0.216558 0.070992 0.259348
v 0.213731 0.105351 0.259842
v 0.212188 0.070992 0.249036
v 0.209784 0.105351 0.250580
v 0.042989 0.068140 0.021008
v 0.045297 0.102498 0.019331
v 0.048008 0.070992 0.010985
v 0.317006 0.068140 -0.079418
v 0.318043 0.102498 -0.076755
v 0.048008 0.102498 0.010985
v 0.325643 0.068140 -0.084591
v 0.327640 0.102498 -0.082529
v 0.330903 0.068140 -0.092603
v 0.333587 0.102498 -0.091587
v 0.332253 0.068140 -0.102179
v 0.335114 0.102498 -0.102422
v 0.328857 0.068140 -0.112631
v 0.331315 0.102498 -0.114116
v 0.322136 0.068140 -0.119584
v 0.323710 0.102498 -0.121983
v 0.313172 0.068140 -0.122975
v 0.313575 0.102498 -0.125817
v 0.303143 0.068140 -0.122083
v 0.302417 0.102498 -0.124846
v 0.032382 0.070992 -0.037106
v 0.033264 0.105351 -0.034393
v 0.047127 0.068140 0.008272
v 0.318043 0.070992 -0.076755
v 0.317006 0.105351 -0.079418
v 0.047127 0.105351 0.008272
v 0.327640 0.070992 -0.082529
v 0.325643 0.105351 -0.084591
v 0.333586 0.070992 -0.091587
v 0.330903 0.105351 -0.092603
v 0.335114 0.070992 -0.102422
v 0.332253 0.105351 -0.102179
v 0.331315 0.070992 -0.114116
v 0.328857 0.105351 -0.112631
v 0.323710 0.070992 -0.121983
v 0.322136 0.105351 -0.119584
v 0.313575 0.070992 -0.125817
v 0.313172 0.105351 -0.122975
v 0.302417 0.070992 -0.124846
v 0.303143 0.105351 -0.122083
v 0.033264 0.068140 -0.034393
v 0.032382 0.102498 -0.037106
v 0.218851 0.287770 0.108926
v 0.230835 0.287678 0.106275
v 0.218851 0.287770 0.144366
v 0.230835 0.287678 0.147017
v 0.196112 0.287774 0.139074
v 0.196392 0.290807 0.135813
v 0.193170 0.287770 0.135427
v 0.230826 0.290956 0.143270
v 0.230834 0.288012 0.146946
v 0.256293 0.285924 0.109708
v 0.253274 0.285806 0.106698
v 0.252040 0.288933 0.109805
v 0.253234 0.275928 0.109802
v 0.253142 0.278949 0.106742
v 0.256334 0.278792 0.109719
v 0.218854 0.275835 0.112668
v 0.218853 0.278847 0.109438
v 0.218854 0.291024 0.140625
v 0.218851 0.288081 0.144301
v 0.196200 0.277492 0.135545
v 0.196126 0.280510 0.138742
v 0.193191 0.280719 0.135070
v 0.256305 0.285931 0.143584
v 0.252041 0.288943 0.143464
v 0.253283 0.285810 0.146570
v 0.253234 0.275928 0.143489
v 0.256330 0.278793 0.143572
v 0.253137 0.278950 0.146549
v 0.218853 0.278847 0.143854
v 0.218854 0.275836 0.140623
v 0.193192 0.280719 0.118226
v 0.196127 0.280510 0.114550
v 0.196202 0.277492 0.117747
v 0.230829 0.279998 0.146518
v 0.230826 0.276987 0.143268
v 0.230826 0.276987 0.110024
v 0.230829 0.279998 0.106773
v 0.196409 0.290931 0.117558
v 0.196120 0.287968 0.114207
v 0.193181 0.287934 0.117885
v 0.230835 0.287913 0.106312
v 0.230826 0.290895 0.109839
v 0.218854 0.290966 0.112486
v 0.218851 0.287983 0.108959
v 0.256533 0.285440 0.143592
v 0.253335 0.285722 0.146652
v 0.196102 0.287770 0.114174
v 0.193169 0.287770 0.117868
v 0.253348 0.285668 0.106639
v 0.256542 0.285388 0.109699
v 0.196102 0.287770 0.139118
v 0.193169 0.287770 0.135427
v 0.331032 0.024548 -0.088190
v 0.307392 0.030259 -0.082421
v 0.311977 0.040132 -0.083911
v 0.320050 0.046937 -0.086534
v 0.330470 0.049473 -0.089920
v 0.340889 0.046937 -0.093305
v 0.348963 0.040132 -0.095929
v 0.353548 0.030259 -0.097418
v 0.353548 0.018837 -0.097418
v 0.348963 0.008965 -0.095929
v 0.340889 0.002160 -0.093305
v 0.330470 -0.000376 -0.089920
v 0.320050 0.002160 -0.086534
v 0.311977 0.008965 -0.083911
v 0.307392 0.018837 -0.082421
v 0.327398 0.024548 -0.099373
v 0.297510 0.030259 -0.112835
v 0.302095 0.040132 -0.114325
v 0.310168 0.046937 -0.116948
v 0.320588 0.049473 -0.120334
v 0.331007 0.046937 -0.123719
v 0.339081 0.040132 -0.126342
v 0.343665 0.030259 -0.127832
v 0.343665 0.018837 -0.127832
v 0.339081 0.008965 -0.126342
v 0.331007 0.002160 -0.123719
v 0.320588 -0.000376 -0.120334
v 0.310168 0.002160 -0.116948
v 0.302095 0.008965 -0.114325
v 0.297510 0.018837 -0.112835
v 0.320026 0.024548 -0.122063
v 0.323343 0.024548 -0.111852
v 0.308978 0.040067 -0.093402
v 0.304413 0.030236 -0.091919
v 0.317018 0.046844 -0.096014
v 0.327453 0.049368 -0.099205
v 0.337770 0.046844 -0.102757
v 0.345810 0.040067 -0.105369
v 0.350375 0.030236 -0.106853
v 0.350375 0.018861 -0.106853
v 0.345810 0.009030 -0.105369
v 0.337770 0.002253 -0.102757
v 0.327394 -0.000272 -0.099386
v 0.317018 0.002253 -0.096014
v 0.308978 0.009030 -0.093402
v 0.304413 0.018861 -0.091919
v 0.340753 0.045440 -0.091349
v 0.331032 0.047805 -0.088190
v 0.321311 0.045440 -0.085032
v 0.348288 0.039088 -0.093797
v 0.352565 0.029879 -0.095187
v 0.352565 0.019218 -0.095187
v 0.348288 0.010009 -0.093797
v 0.340753 0.003657 -0.091349
v 0.331032 0.001292 -0.088190
v 0.321311 0.003657 -0.085032
v 0.313776 0.039088 -0.082583
v 0.313776 0.010009 -0.082583
v 0.309498 0.029879 -0.081193
v 0.309498 0.019218 -0.081193
v 0.320026 0.047805 -0.122063
v 0.329747 0.045440 -0.125222
v 0.310305 0.045440 -0.118905
v 0.337282 0.039088 -0.127670
v 0.341559 0.029878 -0.129060
v 0.341559 0.019218 -0.129060
v 0.337282 0.010008 -0.127670
v 0.329747 0.003657 -0.125222
v 0.320026 0.001292 -0.122063
v 0.310305 0.003657 -0.118905
v 0.302770 0.039088 -0.116456
v 0.302770 0.010009 -0.116456
v 0.298492 0.029878 -0.115067
v 0.298492 0.019218 -0.115067
v 0.300362 0.030236 -0.104385
v 0.304928 0.040067 -0.105869
v 0.312968 0.046844 -0.108481
v 0.323343 0.049368 -0.111852
v 0.333719 0.046844 -0.115224
v 0.341759 0.040067 -0.117836
v 0.346325 0.030236 -0.119319
v 0.346325 0.018861 -0.119319
v 0.341759 0.009030 -0.117836
v 0.333719 0.002253 -0.115224
v 0.323343 -0.000272 -0.111852
v 0.312968 0.002253 -0.108481
v 0.304928 0.009030 -0.105869
v 0.300362 0.018861 -0.104385
v 0.303453 0.057725 -0.097258
v 0.310256 0.067021 -0.101083
v 0.312253 0.067021 -0.102206
v 0.312251 0.064053 -0.102207
v 0.309690 0.060705 -0.100767
v 0.317213 0.060705 -0.104882
v 0.307601 0.067021 -0.103804
v 0.308818 0.067021 -0.105725
v 0.308816 0.064053 -0.105725
v 0.307254 0.060705 -0.103262
v 0.311897 0.060705 -0.110396
v 0.303985 0.067021 -0.104979
v 0.304141 0.067021 -0.107244
v 0.304139 0.064053 -0.107243
v 0.303937 0.060705 -0.104338
v 0.304627 0.060705 -0.112807
v 0.300237 0.067021 -0.104338
v 0.299294 0.067021 -0.106416
v 0.299292 0.064053 -0.106415
v 0.300501 0.060705 -0.103750
v 0.297068 0.060705 -0.111564
v 0.297216 0.067021 -0.102030
v 0.295387 0.067021 -0.103430
v 0.295386 0.064053 -0.103429
v 0.297730 0.060705 -0.101633
v 0.290954 0.060705 -0.106951
v 0.295614 0.067021 -0.098582
v 0.293315 0.067021 -0.098970
v 0.293315 0.064053 -0.098969
v 0.296262 0.060705 -0.098470
v 0.287683 0.060705 -0.100024
v 0.295798 0.067021 -0.094785
v 0.293553 0.067021 -0.094059
v 0.293553 0.064053 -0.094058
v 0.296431 0.060705 -0.094987
v 0.288007 0.060705 -0.092371
v 0.297725 0.067021 -0.091507
v 0.296046 0.067021 -0.089820
v 0.296047 0.064053 -0.089820
v 0.298200 0.060705 -0.091982
v 0.291849 0.060705 -0.085745
v 0.300955 0.067021 -0.089501
v 0.300223 0.067021 -0.087226
v 0.300224 0.064053 -0.087226
v 0.301162 0.060705 -0.090143
v 0.298331 0.060705 -0.081664
v 0.304747 0.067021 -0.089226
v 0.305128 0.067021 -0.086870
v 0.305128 0.064053 -0.086871
v 0.304640 0.060705 -0.089892
v 0.305967 0.060705 -0.081062
v 0.308233 0.067021 -0.090745
v 0.309636 0.067021 -0.088834
v 0.309636 0.064053 -0.088835
v 0.307836 0.060705 -0.091285
v 0.313008 0.060705 -0.084078
v 0.310613 0.067021 -0.093709
v 0.312715 0.067021 -0.092669
v 0.312714 0.064053 -0.092670
v 0.310019 0.060705 -0.094004
v 0.317841 0.060705 -0.090021
v 0.311344 0.067021 -0.097440
v 0.313659 0.067021 -0.097494
v 0.313658 0.064053 -0.097495
v 0.310688 0.060705 -0.097426
v 0.319359 0.060705 -0.097528
v 0.310281 0.069455 -0.101042
v 0.307642 0.069455 -0.103778
v 0.304033 0.069455 -0.104975
v 0.300281 0.069455 -0.104358
v 0.297246 0.069455 -0.102068
v 0.295624 0.069455 -0.098629
v 0.295784 0.069455 -0.094831
v 0.297692 0.069455 -0.091542
v 0.300909 0.069455 -0.089516
v 0.304700 0.069455 -0.089218
v 0.308194 0.069455 -0.090715
v 0.310593 0.069455 -0.093665
v 0.311346 0.069455 -0.097392
v 0.317222 0.057725 -0.104879
v 0.311906 0.057725 -0.110396
v 0.304635 0.057725 -0.112811
v 0.297075 0.057725 -0.111570
v 0.290958 0.057725 -0.106958
v 0.287684 0.057725 -0.100031
v 0.288005 0.057725 -0.092377
v 0.291846 0.057725 -0.085748
v 0.298327 0.057725 -0.081663
v 0.305965 0.057725 -0.081059
v 0.313008 0.057725 -0.084073
v 0.317844 0.057725 -0.090015
v 0.319365 0.057725 -0.097524
v 0.342488 0.045795 -0.125308
v 0.344446 0.047705 -0.122671
v 0.347243 0.043919 -0.123894
v 0.343559 0.043004 -0.126483
v 0.337165 0.048252 -0.125383
v 0.337976 0.051167 -0.121765
v 0.336491 0.045189 -0.127670
v 0.296041 0.057724 -0.096518
v 0.298643 0.057718 -0.098895
v 0.292580 0.057725 -0.099129
v 0.292674 0.057725 -0.095990
v 0.294363 0.057599 -0.104540
v 0.354840 0.017966 -0.117877
v 0.356293 0.017803 -0.118793
v 0.304349 0.057705 -0.103594
v 0.314384 0.057693 -0.107737
v 0.311976 0.055598 -0.116663
v 0.300665 0.057009 -0.111581
v 0.310547 0.053044 -0.120067
v 0.299175 0.055222 -0.114192
v 0.292094 0.057140 -0.106878
v 0.297328 0.052705 -0.116137
v 0.290116 0.055089 -0.108536
v 0.286951 0.056314 -0.101843
v 0.289721 0.057725 -0.100552
v 0.286305 0.056942 -0.096343
v 0.289607 0.057725 -0.096182
v 0.282261 0.041371 -0.096750
v 0.284658 0.053746 -0.096363
v 0.285245 0.053113 -0.102309
v 0.285662 0.040612 -0.110783
v 0.282903 0.041252 -0.103362
v 0.288321 0.051919 -0.109383
v 0.295341 0.049517 -0.117711
v 0.304211 0.037102 -0.127239
v 0.292055 0.039027 -0.119314
v 0.307227 0.046828 -0.125201
v 0.323382 0.044443 -0.129011
v 0.308961 0.050222 -0.122865
v 0.324741 0.047870 -0.127005
v 0.335702 0.041965 -0.129280
v 0.325954 0.050875 -0.124118
v 0.327235 0.053370 -0.120444
v 0.329781 0.056471 -0.111423
v 0.340465 0.053962 -0.113982
v 0.347156 0.050634 -0.115836
v 0.351202 0.046645 -0.117132
v 0.353597 0.042577 -0.117980
v 0.356026 0.033192 -0.118826
v 0.348501 0.040718 -0.124739
v 0.343506 0.040344 -0.127677
v 0.343397 0.032097 -0.129240
v 0.334081 0.033501 -0.131356
v 0.320482 0.035500 -0.131072
v 0.318647 0.017787 -0.131691
v 0.303691 0.017782 -0.128309
v 0.291678 0.017780 -0.120703
v 0.284863 0.017779 -0.111332
v 0.282149 0.017778 -0.103560
v 0.281585 0.017778 -0.096964
v 0.283270 0.017813 -0.097044
v 0.283818 0.017787 -0.103297
v 0.286435 0.017776 -0.110702
v 0.292961 0.017780 -0.119602
v 0.304274 0.017769 -0.126723
v 0.318718 0.017753 -0.130001
v 0.332388 0.017778 -0.130092
v 0.332575 0.017793 -0.131748
v 0.343002 0.017798 -0.129179
v 0.342186 0.017850 -0.127725
v 0.349428 0.017801 -0.125664
v 0.349668 0.032049 -0.125885
v 0.348317 0.017915 -0.124398
v 0.351520 0.045795 -0.097511
v 0.351554 0.047705 -0.100796
v 0.354536 0.043919 -0.101450
v 0.353077 0.043004 -0.097190
v 0.347257 0.048252 -0.094322
v 0.345786 0.051167 -0.097725
v 0.348056 0.045189 -0.092075
v 0.297021 0.057724 -0.093502
v 0.300523 0.057718 -0.093108
v 0.295756 0.057725 -0.089356
v 0.293987 0.057725 -0.091950
v 0.300379 0.057599 -0.086025
v 0.357145 0.017966 -0.110783
v 0.358859 0.017803 -0.110897
v 0.307902 0.057705 -0.092661
v 0.318455 0.057693 -0.095207
v 0.321754 0.055598 -0.086571
v 0.309616 0.057009 -0.084034
v 0.322599 0.053044 -0.082977
v 0.309945 0.055222 -0.081046
v 0.299917 0.057140 -0.082800
v 0.309594 0.052705 -0.078386
v 0.299292 0.055089 -0.080296
v 0.292797 0.056314 -0.083851
v 0.294280 0.057725 -0.086523
v 0.289041 0.056942 -0.087920
v 0.291619 0.057725 -0.089991
v 0.286009 0.041371 -0.085215
v 0.287721 0.053746 -0.086937
v 0.291691 0.053113 -0.082471
v 0.297009 0.040612 -0.075860
v 0.290415 0.041252 -0.080243
v 0.298337 0.051919 -0.078556
v 0.308912 0.049517 -0.075945
v 0.321688 0.037102 -0.073450
v 0.307196 0.039027 -0.072717
v 0.322930 0.046828 -0.076871
v 0.338239 0.044443 -0.083285
v 0.322960 0.050222 -0.079781
v 0.338160 0.047870 -0.085707
v 0.348365 0.041965 -0.090309
v 0.337445 0.050875 -0.088755
v 0.336321 0.053370 -0.092481
v 0.333078 0.056471 -0.101275
v 0.343226 0.053962 -0.105485
v 0.349729 0.050634 -0.107918
v 0.353763 0.046645 -0.109248
v 0.356200 0.042577 -0.109969
v 0.358663 0.033192 -0.110712
v 0.356050 0.040718 -0.101505
v 0.353736 0.040344 -0.096193
v 0.354566 0.032097 -0.094864
v 0.348273 0.033501 -0.087676
v 0.337104 0.035500 -0.079913
v 0.335983 0.017787 -0.078334
v 0.321896 0.017782 -0.072279
v 0.307707 0.017780 -0.071372
v 0.296685 0.017779 -0.074947
v 0.289921 0.017778 -0.079639
v 0.285588 0.017778 -0.084644
v 0.286998 0.017813 -0.085570
v 0.291117 0.017787 -0.080833
v 0.297587 0.017776 -0.076380
v 0.308098 0.017780 -0.073016
v 0.321436 0.017769 -0.073904
v 0.335048 0.017753 -0.079743
v 0.346161 0.017778 -0.087704
v 0.347285 0.017793 -0.086475
v 0.354211 0.017798 -0.094681
v 0.352696 0.017850 -0.095378
v 0.357344 0.017801 -0.101302
v 0.357668 0.032049 -0.101264
v 0.355701 0.017915 -0.101674
v 0.306125 0.057705 -0.098127
v 0.299583 0.057718 -0.096001
v 0.296531 0.057724 -0.095010
v 0.316419 0.057693 -0.101472
v 0.287673 0.056942 -0.092132
v 0.290613 0.057725 -0.093087
v 0.293331 0.057725 -0.093970
v 0.284135 0.041371 -0.090982
v 0.286189 0.053746 -0.091650
v 0.341846 0.053962 -0.109734
v 0.348443 0.050634 -0.111877
v 0.352482 0.046645 -0.113190
v 0.354898 0.042577 -0.113975
v 0.331429 0.056471 -0.106349
v 0.357344 0.033192 -0.114769
v 0.283586 0.017778 -0.090804
v 0.285134 0.017813 -0.091307
v 0.357576 0.017803 -0.114845
v 0.355993 0.017966 -0.114330
v -0.319647 0.024548 -0.123228
v -0.297131 0.030259 -0.114000
v -0.301716 0.040132 -0.115490
v -0.309790 0.046937 -0.118113
v -0.320209 0.049473 -0.121499
v -0.330629 0.046937 -0.124884
v -0.338702 0.040132 -0.127507
v -0.343287 0.030259 -0.128997
v -0.343287 0.018837 -0.128997
v -0.338702 0.008965 -0.127507
v -0.330629 0.002160 -0.124884
v -0.320209 -0.000376 -0.121499
v -0.309790 0.002160 -0.118113
v -0.301716 0.008965 -0.115490
v -0.297131 0.018837 -0.114000
v -0.323281 0.024548 -0.112046
v -0.307013 0.030259 -0.083586
v -0.311598 0.040132 -0.085076
v -0.319672 0.046937 -0.087699
v -0.330091 0.049473 -0.091085
v -0.340511 0.046937 -0.094470
v -0.348584 0.040132 -0.097094
v -0.353169 0.030259 -0.098583
v -0.353169 0.018837 -0.098583
v -0.348584 0.008965 -0.097094
v -0.340511 0.002160 -0.094470
v -0.330091 -0.000376 -0.091085
v -0.319672 0.002160 -0.087699
v -0.311598 0.008965 -0.085076
v -0.307013 0.018837 -0.083586
v -0.330653 0.024548 -0.089355
v -0.327336 0.024548 -0.099566
v -0.304869 0.040067 -0.106049
v -0.300304 0.030236 -0.104566
v -0.312909 0.046844 -0.108661
v -0.323226 0.049368 -0.112213
v -0.333661 0.046844 -0.115404
v -0.341701 0.040067 -0.118016
v -0.346266 0.030236 -0.119500
v -0.346266 0.018861 -0.119500
v -0.341701 0.009030 -0.118016
v -0.333661 0.002253 -0.115404
v -0.323285 -0.000272 -0.112033
v -0.312909 0.002253 -0.108661
v -0.304869 0.009030 -0.106049
v -0.300304 0.018861 -0.104566
v -0.329368 0.045440 -0.126387
v -0.319647 0.047805 -0.123228
v -0.309926 0.045440 -0.120070
v -0.336903 0.039088 -0.128835
v -0.341181 0.029878 -0.130225
v -0.341181 0.019218 -0.130225
v -0.336903 0.010009 -0.128835
v -0.329368 0.003657 -0.126387
v -0.319647 0.001292 -0.123228
v -0.309926 0.003657 -0.120070
v -0.302391 0.039088 -0.117621
v -0.302391 0.010009 -0.117621
v -0.298114 0.029879 -0.116232
v -0.298114 0.019218 -0.116232
v -0.330653 0.047805 -0.089355
v -0.340374 0.045440 -0.092514
v -0.320932 0.045440 -0.086197
v -0.347909 0.039088 -0.094962
v -0.352187 0.029878 -0.096352
v -0.352187 0.019218 -0.096352
v -0.347909 0.010008 -0.094962
v -0.340374 0.003657 -0.092514
v -0.330653 0.001292 -0.089355
v -0.320932 0.003657 -0.086197
v -0.313397 0.039088 -0.083748
v -0.313397 0.010008 -0.083748
v -0.309120 0.029878 -0.082359
v -0.309120 0.019218 -0.082359
v -0.304354 0.030236 -0.092099
v -0.308920 0.040067 -0.093582
v -0.316960 0.046844 -0.096195
v -0.327336 0.049368 -0.099566
v -0.337711 0.046844 -0.102937
v -0.345751 0.040067 -0.105550
v -0.350317 0.030236 -0.107033
v -0.350317 0.018861 -0.107033
v -0.345751 0.009030 -0.105550
v -0.337711 0.002253 -0.102937
v -0.327336 -0.000272 -0.099566
v -0.316960 0.002253 -0.096195
v -0.308920 0.009030 -0.093582
v -0.304354 0.018861 -0.092099
v -0.302666 0.057725 -0.099682
v -0.310418 0.067021 -0.100586
v -0.312693 0.067021 -0.100851
v -0.312692 0.064053 -0.100850
v -0.309774 0.060705 -0.100509
v -0.318279 0.060705 -0.101602
v -0.309869 0.067021 -0.096824
v -0.311982 0.067021 -0.095985
v -0.311981 0.064053 -0.095984
v -0.309269 0.060705 -0.097059
v -0.317219 0.060705 -0.094016
v -0.307634 0.067021 -0.093748
v -0.309092 0.067021 -0.092007
v -0.309090 0.064053 -0.092007
v -0.307219 0.060705 -0.094239
v -0.312754 0.060705 -0.087792
v -0.304226 0.067021 -0.092063
v -0.304684 0.067021 -0.089828
v -0.304682 0.064053 -0.089828
v -0.304093 0.060705 -0.092694
v -0.305909 0.060705 -0.084355
v -0.300425 0.067021 -0.092155
v -0.299768 0.067021 -0.089947
v -0.299766 0.064053 -0.089948
v -0.300607 0.060705 -0.092779
v -0.298251 0.060705 -0.084493
v -0.297102 0.067021 -0.094003
v -0.295470 0.067021 -0.092337
v -0.295469 0.064053 -0.092338
v -0.297560 0.060705 -0.094474
v -0.291534 0.060705 -0.088175
v -0.295018 0.067021 -0.097183
v -0.292776 0.067021 -0.096451
v -0.292775 0.064053 -0.096452
v -0.295650 0.060705 -0.097392
v -0.287297 0.060705 -0.094556
v -0.294652 0.067021 -0.100968
v -0.292301 0.067021 -0.101345
v -0.292302 0.064053 -0.101346
v -0.295314 0.060705 -0.100862
v -0.286511 0.060705 -0.102175
v -0.296085 0.067021 -0.104489
v -0.294156 0.067021 -0.105900
v -0.294156 0.064053 -0.105900
v -0.296630 0.060705 -0.104091
v -0.289356 0.060705 -0.109287
v -0.298991 0.067021 -0.106940
v -0.297915 0.067021 -0.109070
v -0.297915 0.064053 -0.109070
v -0.299296 0.060705 -0.106339
v -0.295180 0.060705 -0.114262
v -0.302704 0.067021 -0.107761
v -0.302716 0.067021 -0.110131
v -0.302717 0.064053 -0.110130
v -0.302701 0.060705 -0.107091
v -0.302649 0.060705 -0.115961
v -0.306372 0.067021 -0.106762
v -0.307461 0.067021 -0.108839
v -0.307461 0.064053 -0.108837
v -0.306065 0.060705 -0.106174
v -0.310051 0.060705 -0.113994
v -0.309156 0.067021 -0.104173
v -0.311061 0.067021 -0.105490
v -0.311061 0.064053 -0.105488
v -0.308617 0.060705 -0.103799
v -0.315692 0.060705 -0.108812
v -0.310413 0.069455 -0.100634
v -0.309887 0.069455 -0.096869
v -0.307671 0.069455 -0.093779
v -0.304273 0.069455 -0.092074
v -0.300471 0.069455 -0.092143
v -0.297137 0.069455 -0.093970
v -0.295035 0.069455 -0.097138
v -0.294645 0.069455 -0.100920
v -0.296057 0.069455 -0.104450
v -0.298948 0.069455 -0.106919
v -0.302656 0.069455 -0.107762
v -0.306330 0.069455 -0.106785
v -0.309130 0.069455 -0.104213
v -0.318284 0.057725 -0.101609
v -0.317227 0.057725 -0.094021
v -0.312764 0.057725 -0.087794
v -0.305918 0.057725 -0.084354
v -0.298258 0.057725 -0.084490
v -0.291538 0.057725 -0.088169
v -0.287298 0.057725 -0.094551
v -0.286509 0.057725 -0.102171
v -0.289352 0.057725 -0.109285
v -0.295176 0.057725 -0.114264
v -0.302646 0.057725 -0.115965
v -0.310051 0.057725 -0.114001
v -0.315695 0.057725 -0.108820
v -0.350733 0.045795 -0.099933
v -0.350767 0.047705 -0.103218
v -0.353749 0.043919 -0.103872
v -0.352290 0.043004 -0.099612
v -0.346470 0.048252 -0.096744
v -0.344999 0.051167 -0.100147
v -0.347269 0.045189 -0.094497
v -0.296234 0.057724 -0.095924
v -0.299736 0.057718 -0.095530
v -0.294969 0.057725 -0.091778
v -0.293200 0.057725 -0.094372
v -0.299592 0.057599 -0.088448
v -0.356358 0.017966 -0.113205
v -0.358072 0.017803 -0.113319
v -0.307115 0.057705 -0.095083
v -0.317668 0.057693 -0.097629
v -0.320967 0.055598 -0.088993
v -0.308829 0.057009 -0.086456
v -0.321812 0.053044 -0.085399
v -0.309158 0.055222 -0.083468
v -0.299130 0.057140 -0.085222
v -0.308807 0.052705 -0.080808
v -0.298505 0.055089 -0.082718
v -0.292010 0.056314 -0.086273
v -0.293493 0.057725 -0.088945
v -0.288254 0.056942 -0.090343
v -0.290832 0.057725 -0.092414
v -0.285222 0.041371 -0.087637
v -0.286934 0.053746 -0.089359
v -0.290904 0.053113 -0.084893
v -0.296222 0.040612 -0.078282
v -0.289628 0.041252 -0.082665
v -0.297550 0.051919 -0.080978
v -0.308125 0.049517 -0.078367
v -0.320901 0.037102 -0.075872
v -0.306409 0.039027 -0.075139
v -0.322143 0.046828 -0.079294
v -0.337452 0.044443 -0.085707
v -0.322173 0.050222 -0.082203
v -0.337373 0.047870 -0.088129
v -0.347578 0.041965 -0.092731
v -0.336658 0.050875 -0.091177
v -0.335534 0.053370 -0.094903
v -0.332291 0.056471 -0.103697
v -0.342439 0.053962 -0.107907
v -0.348942 0.050634 -0.110340
v -0.352976 0.046645 -0.111670
v -0.355413 0.042577 -0.112391
v -0.357876 0.033192 -0.113134
v -0.355263 0.040718 -0.103928
v -0.352949 0.040344 -0.098615
v -0.353779 0.032097 -0.097286
v -0.347486 0.033501 -0.090098
v -0.336317 0.035500 -0.082335
v -0.335196 0.017787 -0.080756
v -0.321109 0.017782 -0.074701
v -0.306920 0.017780 -0.073794
v -0.295898 0.017779 -0.077369
v -0.289134 0.017778 -0.082061
v -0.284801 0.017778 -0.087066
v -0.286211 0.017813 -0.087992
v -0.290330 0.017787 -0.083255
v -0.296800 0.017776 -0.078802
v -0.307311 0.017780 -0.075438
v -0.320649 0.017769 -0.076327
v -0.334261 0.017753 -0.082165
v -0.345374 0.017778 -0.090126
v -0.346498 0.017793 -0.088897
v -0.353424 0.017798 -0.097103
v -0.351909 0.017850 -0.097800
v -0.356557 0.017801 -0.103724
v -0.356881 0.032049 -0.103686
v -0.354914 0.017915 -0.104096
v -0.341701 0.045795 -0.127730
v -0.343659 0.047705 -0.125093
v -0.346456 0.043919 -0.126316
v -0.342772 0.043004 -0.128905
v -0.336378 0.048252 -0.127805
v -0.337189 0.051167 -0.124187
v -0.335704 0.045189 -0.130093
v -0.295254 0.057724 -0.098940
v -0.297856 0.057718 -0.101317
v -0.291793 0.057725 -0.101551
v -0.291887 0.057725 -0.098413
v -0.293576 0.057599 -0.106962
v -0.354053 0.017966 -0.120299
v -0.355506 0.017803 -0.121215
v -0.303562 0.057705 -0.106016
v -0.313597 0.057693 -0.110159
v -0.311189 0.055598 -0.119085
v -0.299878 0.057009 -0.114003
v -0.309760 0.053044 -0.122489
v -0.298388 0.055222 -0.116614
v -0.291307 0.057140 -0.109300
v -0.296541 0.052705 -0.118559
v -0.289329 0.055089 -0.110958
v -0.286164 0.056314 -0.104265
v -0.288934 0.057725 -0.102974
v -0.285518 0.056942 -0.098765
v -0.288820 0.057725 -0.098605
v -0.281474 0.041371 -0.099172
v -0.283871 0.053746 -0.098785
v -0.284458 0.053113 -0.104731
v -0.284875 0.040612 -0.113205
v -0.282116 0.041252 -0.105784
v -0.287534 0.051919 -0.111805
v -0.294554 0.049517 -0.120133
v -0.303424 0.037102 -0.129661
v -0.291269 0.039027 -0.121736
v -0.306440 0.046828 -0.127623
v -0.322595 0.044443 -0.131433
v -0.308174 0.050222 -0.125287
v -0.323954 0.047870 -0.129427
v -0.334915 0.041965 -0.131702
v -0.325167 0.050875 -0.126540
v -0.326448 0.053370 -0.122866
v -0.328994 0.056471 -0.113845
v -0.339678 0.053962 -0.116404
v -0.346369 0.050634 -0.118258
v -0.350415 0.046645 -0.119554
v -0.352810 0.042577 -0.120402
v -0.355239 0.033192 -0.121249
v -0.347714 0.040718 -0.127162
v -0.342719 0.040344 -0.130099
v -0.342610 0.032097 -0.131662
v -0.333294 0.033501 -0.133778
v -0.319695 0.035500 -0.133494
v -0.317860 0.017787 -0.134113
v -0.302904 0.017782 -0.130731
v -0.290891 0.017780 -0.123125
v -0.284076 0.017779 -0.113754
v -0.281362 0.017778 -0.105982
v -0.280798 0.017778 -0.099386
v -0.282483 0.017813 -0.099466
v -0.283031 0.017787 -0.105719
v -0.285648 0.017776 -0.113124
v -0.292174 0.017780 -0.122024
v -0.303487 0.017769 -0.129145
v -0.317931 0.017753 -0.132423
v -0.331601 0.017778 -0.132514
v -0.331788 0.017793 -0.134170
v -0.342215 0.017798 -0.131601
v -0.341399 0.017850 -0.130147
v -0.348641 0.017801 -0.128086
v -0.348881 0.032049 -0.128307
v -0.347530 0.017915 -0.126820
v -0.305338 0.057705 -0.100549
v -0.298796 0.057718 -0.098424
v -0.295744 0.057724 -0.097432
v -0.315632 0.057693 -0.103894
v -0.286886 0.056942 -0.094554
v -0.289826 0.057725 -0.095509
v -0.292544 0.057725 -0.096392
v -0.283348 0.041371 -0.093404
v -0.285402 0.053746 -0.094072
v -0.341059 0.053962 -0.112156
v -0.347656 0.050634 -0.114299
v -0.351695 0.046645 -0.115612
v -0.354111 0.042577 -0.116397
v -0.330642 0.056471 -0.108771
v -0.356557 0.033192 -0.117191
v -0.282799 0.017778 -0.093226
v -0.284347 0.017813 -0.093729
v -0.356789 0.017803 -0.117267
v -0.355206 0.017966 -0.116752
v 0.018421 0.024548 -0.342082
v 0.016602 0.030259 -0.317817
v 0.016602 0.040132 -0.322637
v 0.016602 0.046937 -0.331127
v 0.016602 0.049473 -0.342082
v 0.016602 0.046937 -0.353038
v 0.016602 0.040132 -0.361527
v 0.016602 0.030259 -0.366348
v 0.016602 0.018837 -0.366348
v 0.016602 0.008965 -0.361527
v 0.016602 0.002160 -0.353038
v 0.016602 -0.000376 -0.342082
v 0.016602 0.002160 -0.331127
v 0.016602 0.008965 -0.322637
v 0.016602 0.018837 -0.317817
v 0.006663 0.024548 -0.342082
v -0.015377 0.030259 -0.317817
v -0.015377 0.040132 -0.322637
v -0.015377 0.046937 -0.331127
v -0.015377 0.049473 -0.342082
v -0.015377 0.046937 -0.353038
v -0.015377 0.040132 -0.361527
v -0.015377 0.030259 -0.366348
v -0.015377 0.018837 -0.366348
v -0.015377 0.008965 -0.361527
v -0.015377 0.002160 -0.353038
v -0.015377 -0.000376 -0.342082
v -0.015377 0.002160 -0.331127
v -0.015377 0.008965 -0.322637
v -0.015377 0.018837 -0.317817
v -0.017196 0.024548 -0.342082
v -0.006459 0.024548 -0.342082
v 0.006649 0.040067 -0.322719
v 0.006649 0.030236 -0.317918
v 0.006649 0.046844 -0.331172
v 0.006839 0.049368 -0.342082
v 0.006649 0.046844 -0.352992
v 0.006649 0.040067 -0.361446
v 0.006649 0.030236 -0.366246
v 0.006649 0.018861 -0.366246
v 0.006649 0.009030 -0.361446
v 0.006649 0.002253 -0.352992
v 0.006649 -0.000272 -0.342082
v 0.006649 0.002253 -0.331172
v 0.006649 0.009030 -0.322719
v 0.006649 0.018861 -0.317918
v 0.018421 0.045440 -0.352303
v 0.018421 0.047805 -0.342082
v 0.018421 0.045440 -0.331861
v 0.018421 0.039088 -0.360226
v 0.018421 0.029879 -0.364724
v 0.018421 0.019218 -0.364724
v 0.018421 0.010009 -0.360226
v 0.018421 0.003657 -0.352303
v 0.018421 0.001292 -0.342082
v 0.018421 0.003657 -0.331861
v 0.018421 0.039088 -0.323938
v 0.018421 0.010009 -0.323938
v 0.018421 0.029879 -0.319441
v 0.018421 0.019218 -0.319441
v -0.017196 0.047805 -0.342082
v -0.017196 0.045440 -0.352303
v -0.017196 0.045440 -0.331861
v -0.017196 0.039088 -0.360226
v -0.017196 0.029878 -0.364724
v -0.017196 0.019218 -0.364724
v -0.017196 0.010009 -0.360226
v -0.017196 0.003657 -0.352303
v -0.017196 0.001292 -0.342082
v -0.017196 0.003657 -0.331861
v -0.017196 0.039088 -0.323938
v -0.017196 0.010009 -0.323938
v -0.017196 0.029878 -0.319441
v -0.017196 0.019218 -0.319441
v -0.006459 0.030236 -0.317918
v -0.006459 0.040067 -0.322719
v -0.006459 0.046844 -0.331172
v -0.006459 0.049368 -0.342082
v -0.006459 0.046844 -0.352992
v -0.006459 0.040067 -0.361446
v -0.006459 0.030236 -0.366246
v -0.006459 0.018861 -0.366246
v -0.006459 0.009030 -0.361446
v -0.006459 0.002253 -0.352992
v -0.006459 -0.000272 -0.342082
v -0.006459 0.002253 -0.331172
v -0.006459 0.009030 -0.322719
v -0.006459 0.018861 -0.317918
v 0.001274 0.057725 -0.318656
v -0.000261 0.067021 -0.326308
v -0.000713 0.067021 -0.328554
v -0.000713 0.064053 -0.328552
v -0.000136 0.060705 -0.325672
v -0.001724 0.060705 -0.334098
v -0.003669 0.067021 -0.324623
v -0.005120 0.067021 -0.326374
v -0.005121 0.064053 -0.326372
v -0.003261 0.060705 -0.324125
v -0.008611 0.060705 -0.330746
v -0.005904 0.067021 -0.321547
v -0.008011 0.067021 -0.322396
v -0.008010 0.064053 -0.322393
v -0.005310 0.060705 -0.321304
v -0.013151 0.060705 -0.324576
v -0.006453 0.067021 -0.317785
v -0.008721 0.067021 -0.317530
v -0.008720 0.064053 -0.317528
v -0.005813 0.060705 -0.317854
v -0.014304 0.060705 -0.317004
v -0.005191 0.067021 -0.314198
v -0.007088 0.067021 -0.312891
v -0.007087 0.064053 -0.312890
v -0.004655 0.060705 -0.314565
v -0.011806 0.060705 -0.309763
v -0.002407 0.067021 -0.311609
v -0.003487 0.067021 -0.309543
v -0.003486 0.064053 -0.309542
v -0.002101 0.060705 -0.312191
v -0.006230 0.060705 -0.304512
v 0.001261 0.067021 -0.310611
v 0.001258 0.067021 -0.308251
v 0.001259 0.064053 -0.308251
v 0.001264 0.060705 -0.311276
v 0.001149 0.060705 -0.302455
v 0.004973 0.067021 -0.311431
v 0.006059 0.067021 -0.309313
v 0.006060 0.064053 -0.309313
v 0.004669 0.060705 -0.312029
v 0.008638 0.060705 -0.304062
v 0.007879 0.067021 -0.313883
v 0.009817 0.067021 -0.312484
v 0.009817 0.064053 -0.312484
v 0.007333 0.060705 -0.314278
v 0.014522 0.060705 -0.308965
v 0.009313 0.067021 -0.317404
v 0.011671 0.067021 -0.317038
v 0.011671 0.064053 -0.317039
v 0.008647 0.060705 -0.317508
v 0.017454 0.060705 -0.316041
v 0.008946 0.067021 -0.321188
v 0.011196 0.067021 -0.321933
v 0.011195 0.064053 -0.321933
v 0.008310 0.060705 -0.320978
v 0.016762 0.060705 -0.323670
v 0.006862 0.067021 -0.324368
v 0.008501 0.067021 -0.326046
v 0.008500 0.064053 -0.326045
v 0.006398 0.060705 -0.323894
v 0.012604 0.060705 -0.330103
v 0.003540 0.067021 -0.326216
v 0.004203 0.067021 -0.328435
v 0.004202 0.064053 -0.328434
v 0.003350 0.060705 -0.325588
v 0.005932 0.060705 -0.333866
v -0.000214 0.069455 -0.326318
v -0.003633 0.069455 -0.324654
v -0.005886 0.069455 -0.321592
v -0.006458 0.069455 -0.317833
v -0.005218 0.069455 -0.314239
v -0.002449 0.069455 -0.311633
v 0.001213 0.069455 -0.310612
v 0.004930 0.069455 -0.311410
v 0.007851 0.069455 -0.313844
v 0.009306 0.069455 -0.317357
v 0.008962 0.069455 -0.321143
v 0.006898 0.069455 -0.324336
v 0.003586 0.069455 -0.326203
v -0.001719 0.057725 -0.334105
v -0.008609 0.057725 -0.330755
v -0.013152 0.057725 -0.324586
v -0.014308 0.057725 -0.317012
v -0.011812 0.057725 -0.309769
v -0.006236 0.057725 -0.304515
v 0.001143 0.057725 -0.302455
v 0.008634 0.057725 -0.304059
v 0.014522 0.057725 -0.308961
v 0.017457 0.057725 -0.316038
v 0.016767 0.057725 -0.323668
v 0.012610 0.057725 -0.330104
v 0.005939 0.057725 -0.333871
v -0.013340 0.045795 -0.364448
v -0.010227 0.047705 -0.365495
v -0.010526 0.043919 -0.368534
v -0.014127 0.043004 -0.365830
v -0.015056 0.048252 -0.359408
v -0.011365 0.051167 -0.359061
v -0.017441 0.045189 -0.359474
v -0.000313 0.057724 -0.311378
v -0.001769 0.057718 -0.314586
v -0.003865 0.057725 -0.308893
v -0.000851 0.057725 -0.308013
v -0.008460 0.057599 -0.312261
v -0.002456 0.017966 -0.373899
v -0.002878 0.017803 -0.375564
v -0.004475 0.057705 -0.321466
v -0.005314 0.057693 -0.332289
v -0.014547 0.055598 -0.332758
v -0.013209 0.057009 -0.320430
v -0.018226 0.053044 -0.332451
v -0.016153 0.055222 -0.319820
v -0.011385 0.057140 -0.310824
v -0.018574 0.052705 -0.318664
v -0.013573 0.055089 -0.309457
v -0.008186 0.056314 -0.304378
v -0.006102 0.057725 -0.306614
v -0.003155 0.056942 -0.302064
v -0.001981 0.057725 -0.305155
v -0.004791 0.041371 -0.298344
v -0.003682 0.053746 -0.300504
v -0.009156 0.053113 -0.302899
v -0.017087 0.040612 -0.305914
v -0.010881 0.041252 -0.300998
v -0.014933 0.051919 -0.308010
v -0.020684 0.049517 -0.317261
v -0.027005 0.037102 -0.328641
v -0.023224 0.039027 -0.314631
v -0.024135 0.046828 -0.330880
v -0.022766 0.044443 -0.347421
v -0.021377 0.050222 -0.331807
v -0.020439 0.047870 -0.348094
v -0.019215 0.041965 -0.359221
v -0.017318 0.050875 -0.348356
v -0.013428 0.053370 -0.348438
v -0.004062 0.056471 -0.348072
v -0.003194 0.053962 -0.359024
v -0.002890 0.050634 -0.365961
v -0.002872 0.046645 -0.370208
v -0.002938 0.042577 -0.372748
v -0.002993 0.033192 -0.375320
v -0.010941 0.040718 -0.369991
v -0.015279 0.040344 -0.366148
v -0.016799 0.032097 -0.366527
v -0.021691 0.033501 -0.358321
v -0.025622 0.035500 -0.345300
v -0.026778 0.017787 -0.343746
v -0.028183 0.017783 -0.328477
v -0.024662 0.017780 -0.314701
v -0.017855 0.017779 -0.305324
v -0.011303 0.017778 -0.300341
v -0.005204 0.017778 -0.297767
v -0.004759 0.017813 -0.299394
v -0.010536 0.017787 -0.301848
v -0.016771 0.017776 -0.306624
v -0.023218 0.017780 -0.315582
v -0.026495 0.017769 -0.328541
v -0.025149 0.017753 -0.343292
v -0.021011 0.017778 -0.356321
v -0.022528 0.017793 -0.357010
v -0.016863 0.017798 -0.366133
v -0.015732 0.017850 -0.364907
v -0.011534 0.017801 -0.371159
v -0.011671 0.032049 -0.371455
v -0.010674 0.017915 -0.369710
v 0.015887 0.045795 -0.364448
v 0.012774 0.047705 -0.365495
v 0.013073 0.043919 -0.368534
v 0.016674 0.043004 -0.365830
v 0.017603 0.048252 -0.359408
v 0.013912 0.051167 -0.359061
v 0.019987 0.045189 -0.359474
v 0.002859 0.057724 -0.311378
v 0.004316 0.057718 -0.314586
v 0.006411 0.057725 -0.308893
v 0.003398 0.057725 -0.308013
v 0.011007 0.057599 -0.312261
v 0.005003 0.017966 -0.373899
v 0.005425 0.017803 -0.375564
v 0.007021 0.057705 -0.321466
v 0.007861 0.057693 -0.332289
v 0.017094 0.055598 -0.332758
v 0.015756 0.057009 -0.320430
v 0.020773 0.053044 -0.332451
v 0.018699 0.055222 -0.319820
v 0.013932 0.057140 -0.310824
v 0.021120 0.052705 -0.318664
v 0.016120 0.055089 -0.309457
v 0.010733 0.056314 -0.304378
v 0.008649 0.057725 -0.306614
v 0.005701 0.056942 -0.302064
v 0.004528 0.057725 -0.305155
v 0.007337 0.041371 -0.298344
v 0.006229 0.053746 -0.300504
v 0.011703 0.053113 -0.302899
v 0.019633 0.040612 -0.305914
v 0.013428 0.041252 -0.300998
v 0.017480 0.051919 -0.308010
v 0.023231 0.049517 -0.317261
v 0.029552 0.037102 -0.328641
v 0.025771 0.039027 -0.314631
v 0.026682 0.046828 -0.330880
v 0.025313 0.044443 -0.347421
v 0.023924 0.050222 -0.331807
v 0.022985 0.047870 -0.348094
v 0.021762 0.041965 -0.359221
v 0.019865 0.050875 -0.348356
v 0.015975 0.053370 -0.348438
v 0.006608 0.056471 -0.348072
v 0.005740 0.053962 -0.359024
v 0.005436 0.050634 -0.365961
v 0.005418 0.046645 -0.370208
v 0.005485 0.042577 -0.372748
v 0.005539 0.033192 -0.375320
v 0.013488 0.040718 -0.369991
v 0.017826 0.040344 -0.366148
v 0.019346 0.032097 -0.366527
v 0.024237 0.033501 -0.358321
v 0.028169 0.035500 -0.345300
v 0.029325 0.017787 -0.343746
v 0.030730 0.017783 -0.328477
v 0.027208 0.017780 -0.314701
v 0.020402 0.017779 -0.305324
v 0.013849 0.017778 -0.300341
v 0.007751 0.017778 -0.297767
v 0.007306 0.017813 -0.299394
v 0.013083 0.017787 -0.301848
v 0.019318 0.017776 -0.306624
v 0.025765 0.017780 -0.315582
v 0.029042 0.017769 -0.328541
v 0.027696 0.017753 -0.343292
v 0.023558 0.017778 -0.356321
v 0.025075 0.017793 -0.357010
v 0.019410 0.017798 -0.366133
v 0.018279 0.017850 -0.364907
v 0.014081 0.017801 -0.371159
v 0.014217 0.032049 -0.371455
v 0.013220 0.017915 -0.369710
v 0.001273 0.057705 -0.321466
v 0.001273 0.057718 -0.314586
v 0.001273 0.057724 -0.311378
v 0.001273 0.057693 -0.332289
v 0.001273 0.056942 -0.302064
v 0.001273 0.057725 -0.305155
v 0.001273 0.057725 -0.308013
v 0.001273 0.041371 -0.298344
v 0.001273 0.053746 -0.300504
v 0.001273 0.053962 -0.359024
v 0.001273 0.050634 -0.365961
v 0.001273 0.046645 -0.370208
v 0.001273 0.042577 -0.372748
v 0.001273 0.056471 -0.348072
v 0.001273 0.033192 -0.375320
v 0.001273 0.017778 -0.297767
v 0.001273 0.017813 -0.299394
v 0.001273 0.017803 -0.375564
v 0.001273 0.017966 -0.373899
v -0.215974 0.024548 0.265923
v -0.200239 0.030259 0.247361
v -0.203073 0.040132 0.251261
v -0.208063 0.046937 0.258129
v -0.214502 0.049473 0.266992
v -0.220942 0.046937 0.275855
v -0.225932 0.040132 0.282723
v -0.228765 0.030259 0.286623
v -0.228765 0.018837 0.286623
v -0.225932 0.008965 0.282723
v -0.220942 0.002160 0.275855
v -0.214502 -0.000376 0.266992
v -0.208063 0.002160 0.258129
v -0.203073 0.008965 0.251261
v -0.200239 0.018837 0.247361
v -0.206461 0.024548 0.272834
v -0.174368 0.030259 0.266158
v -0.177201 0.040132 0.270057
v -0.182191 0.046937 0.276925
v -0.188631 0.049473 0.285789
v -0.195070 0.046937 0.294652
v -0.200060 0.040132 0.301520
v -0.202893 0.030259 0.305420
v -0.202893 0.018837 0.305420
v -0.200060 0.008965 0.301520
v -0.195070 0.002160 0.294652
v -0.188631 -0.000376 0.285789
v -0.182191 0.002160 0.276925
v -0.177201 0.008965 0.270057
v -0.174368 0.018837 0.266158
v -0.187159 0.024548 0.286858
v -0.195845 0.024548 0.280547
v -0.195068 0.040067 0.257177
v -0.192247 0.030236 0.253293
v -0.200037 0.046844 0.264016
v -0.206604 0.049368 0.272731
v -0.212863 0.046844 0.281668
v -0.217832 0.040067 0.288508
v -0.220653 0.030236 0.292391
v -0.220653 0.018861 0.292391
v -0.217832 0.009030 0.288508
v -0.212863 0.002253 0.281668
v -0.206450 -0.000272 0.272842
v -0.200037 0.002253 0.264016
v -0.195068 0.009030 0.257177
v -0.192247 0.018861 0.253293
v -0.221981 0.045440 0.274192
v -0.215974 0.047805 0.265923
v -0.209966 0.045440 0.257654
v -0.226638 0.039088 0.280602
v -0.229282 0.029879 0.284240
v -0.229282 0.019218 0.284240
v -0.226638 0.010009 0.280602
v -0.221981 0.003657 0.274192
v -0.215974 0.001292 0.265923
v -0.209966 0.003657 0.257654
v -0.205309 0.039088 0.251244
v -0.205309 0.010009 0.251244
v -0.202665 0.029879 0.247606
v -0.202665 0.019218 0.247605
v -0.187159 0.047805 0.286858
v -0.193167 0.045440 0.295127
v -0.181151 0.045440 0.278589
v -0.197824 0.039088 0.301537
v -0.200468 0.029878 0.305175
v -0.200468 0.019218 0.305175
v -0.197824 0.010009 0.301537
v -0.193167 0.003657 0.295127
v -0.187159 0.001292 0.286858
v -0.181151 0.003657 0.278589
v -0.176494 0.039088 0.272179
v -0.176494 0.010009 0.272179
v -0.173851 0.029878 0.268540
v -0.173851 0.019218 0.268540
v -0.181642 0.030236 0.260998
v -0.184464 0.040067 0.264882
v -0.189433 0.046844 0.271721
v -0.195845 0.049368 0.280547
v -0.202258 0.046844 0.289373
v -0.207227 0.040067 0.296212
v -0.210048 0.030236 0.300096
v -0.210048 0.018861 0.300096
v -0.207227 0.009030 0.296212
v -0.202258 0.002253 0.289373
v -0.195845 -0.000272 0.280547
v -0.189433 0.002253 0.271721
v -0.184464 0.009030 0.264882
v -0.181642 0.018861 0.260998
v -0.188332 0.057725 0.257049
v -0.191588 0.067021 0.264142
v -0.192543 0.067021 0.266224
v -0.192541 0.064053 0.266223
v -0.191315 0.060705 0.263554
v -0.194983 0.060705 0.271304
v -0.187840 0.067021 0.264782
v -0.187695 0.067021 0.267052
v -0.187694 0.064053 0.267050
v -0.187878 0.060705 0.264140
v -0.187441 0.060705 0.272640
v -0.184224 0.067021 0.263607
v -0.183019 0.067021 0.265532
v -0.183018 0.064053 0.265530
v -0.184562 0.060705 0.263061
v -0.180142 0.060705 0.270318
v -0.181568 0.067021 0.260887
v -0.179584 0.067021 0.262013
v -0.179584 0.064053 0.262011
v -0.182127 0.060705 0.260566
v -0.174758 0.060705 0.264870
v -0.180481 0.067021 0.257243
v -0.178178 0.067021 0.257301
v -0.178179 0.064053 0.257299
v -0.181131 0.060705 0.257224
v -0.172523 0.060705 0.257543
v -0.181212 0.067021 0.253512
v -0.179123 0.067021 0.252475
v -0.179124 0.064053 0.252474
v -0.181802 0.060705 0.253802
v -0.173948 0.060705 0.250017
v -0.183593 0.067021 0.250548
v -0.182203 0.067021 0.248641
v -0.182204 0.064053 0.248641
v -0.183986 0.060705 0.251084
v -0.178708 0.060705 0.244016
v -0.187078 0.067021 0.249030
v -0.186711 0.067021 0.246678
v -0.186712 0.064053 0.246678
v -0.187183 0.060705 0.249693
v -0.185711 0.060705 0.240914
v -0.190870 0.067021 0.249305
v -0.191616 0.067021 0.247034
v -0.191616 0.064053 0.247035
v -0.190660 0.060705 0.249946
v -0.193354 0.060705 0.241422
v -0.194100 0.067021 0.251311
v -0.195793 0.067021 0.249629
v -0.195792 0.064053 0.249630
v -0.193622 0.060705 0.251787
v -0.199885 0.060705 0.245423
v -0.196027 0.067021 0.254588
v -0.198285 0.067021 0.253868
v -0.198284 0.064053 0.253869
v -0.195389 0.060705 0.254793
v -0.203809 0.060705 0.252002
v -0.196211 0.067021 0.258386
v -0.198522 0.067021 0.258780
v -0.198521 0.064053 0.258780
v -0.195556 0.060705 0.258275
v -0.204226 0.060705 0.259650
v -0.194609 0.067021 0.261834
v -0.196450 0.067021 0.263239
v -0.196448 0.064053 0.263239
v -0.194086 0.060705 0.261437
v -0.201041 0.060705 0.266616
v -0.191632 0.069455 0.264123
v -0.187888 0.069455 0.264786
v -0.184265 0.069455 0.263633
v -0.181593 0.069455 0.260928
v -0.180484 0.069455 0.257291
v -0.181192 0.069455 0.253556
v -0.183554 0.069455 0.250577
v -0.187031 0.069455 0.249038
v -0.190824 0.069455 0.249290
v -0.194066 0.069455 0.251277
v -0.196013 0.069455 0.254542
v -0.196220 0.069455 0.258339
v -0.194639 0.069455 0.261796
v -0.194991 0.057725 0.271307
v -0.187448 0.057725 0.272646
v -0.180146 0.057725 0.270326
v -0.174760 0.057725 0.264878
v -0.172521 0.057725 0.257551
v -0.173944 0.057725 0.250023
v -0.178703 0.057725 0.244019
v -0.185707 0.057725 0.240914
v -0.193351 0.057725 0.241419
v -0.199885 0.057725 0.245419
v -0.203812 0.057725 0.251998
v -0.204232 0.057725 0.259648
v -0.201049 0.057725 0.266616
v -0.203425 0.045795 0.302686
v -0.206559 0.047705 0.301703
v -0.208103 0.043919 0.304337
v -0.203600 0.043004 0.304266
v -0.199074 0.048252 0.299617
v -0.201857 0.051167 0.297167
v -0.197184 0.045189 0.301072
v -0.182770 0.057724 0.252094
v -0.183478 0.057718 0.255545
v -0.178436 0.057725 0.252171
v -0.180357 0.057725 0.249688
v -0.176698 0.057599 0.257597
v -0.217785 0.017966 0.303935
v -0.218423 0.017803 0.305529
v -0.185333 0.057705 0.262701
v -0.191016 0.057693 0.271951
v -0.183821 0.055598 0.277757
v -0.177658 0.057009 0.266998
v -0.180664 0.053044 0.279671
v -0.174918 0.055222 0.268234
v -0.173487 0.057140 0.258154
v -0.172279 0.052705 0.268722
v -0.170913 0.055089 0.258334
v -0.172286 0.056314 0.251058
v -0.175286 0.057725 0.251642
v -0.174996 0.056942 0.246229
v -0.177762 0.057725 0.248040
v -0.171486 0.041371 0.244181
v -0.173653 0.053746 0.245277
v -0.170632 0.053113 0.250432
v -0.165989 0.040612 0.257533
v -0.168119 0.041252 0.249908
v -0.168963 0.051919 0.257963
v -0.169747 0.049517 0.268827
v -0.171323 0.037102 0.281749
v -0.166147 0.039027 0.268193
v -0.174960 0.046828 0.281873
v -0.185791 0.044443 0.294451
v -0.177737 0.050222 0.281002
v -0.188069 0.047870 0.293627
v -0.195599 0.041965 0.301911
v -0.190748 0.050875 0.292005
v -0.193943 0.053370 0.289785
v -0.201306 0.056471 0.283983
v -0.208445 0.053962 0.292334
v -0.212768 0.050634 0.297767
v -0.215280 0.046645 0.301193
v -0.216719 0.042577 0.303287
v -0.218187 0.033192 0.305399
v -0.208623 0.040718 0.305760
v -0.202856 0.040344 0.305201
v -0.201848 0.032097 0.306401
v -0.193068 0.033501 0.302637
v -0.182233 0.035500 0.294414
v -0.180385 0.017787 0.293836
v -0.170273 0.017782 0.282309
v -0.165025 0.017780 0.269094
v -0.165020 0.017779 0.257507
v -0.167392 0.017778 0.249624
v -0.170813 0.017778 0.243957
v -0.172129 0.017813 0.245012
v -0.168897 0.017787 0.250393
v -0.166661 0.017776 0.257922
v -0.166710 0.017780 0.268958
v -0.171677 0.017769 0.281369
v -0.181436 0.017753 0.292511
v -0.192441 0.017778 0.300620
v -0.191620 0.017793 0.302069
v -0.201565 0.017798 0.306120
v -0.201760 0.017850 0.304463
v -0.208830 0.017801 0.307053
v -0.208894 0.032049 0.307373
v -0.208675 0.017915 0.305376
v -0.227070 0.045795 0.285506
v -0.225167 0.047705 0.288184
v -0.227195 0.043919 0.290466
v -0.228519 0.043004 0.286162
v -0.225496 0.048252 0.280420
v -0.222306 0.051167 0.282310
v -0.227463 0.045189 0.279072
v -0.185337 0.057724 0.250229
v -0.188401 0.057718 0.251969
v -0.186749 0.057725 0.246131
v -0.183794 0.057725 0.247190
v -0.192447 0.057599 0.246154
v -0.223820 0.017966 0.299550
v -0.225139 0.017803 0.300649
v -0.194633 0.057705 0.255944
v -0.201674 0.057693 0.264207
v -0.209419 0.055598 0.259159
v -0.201091 0.057009 0.249972
v -0.212215 0.053044 0.256748
v -0.203113 0.055222 0.247748
v -0.193969 0.057140 0.243273
v -0.204392 0.052705 0.245390
v -0.194935 0.055089 0.240881
v -0.187591 0.056314 0.239938
v -0.187220 0.057725 0.242972
v -0.182161 0.056942 0.241023
v -0.183029 0.057725 0.244214
v -0.181298 0.041371 0.237052
v -0.181671 0.053746 0.239451
v -0.187508 0.053113 0.238172
v -0.195696 0.040612 0.235950
v -0.187785 0.041252 0.235619
v -0.195185 0.051919 0.238911
v -0.205275 0.049517 0.243015
v -0.217078 0.037102 0.248506
v -0.205785 0.039027 0.239394
v -0.216072 0.046828 0.252004
v -0.224687 0.044443 0.266191
v -0.214386 0.050222 0.254375
v -0.223200 0.047870 0.268103
v -0.228751 0.041965 0.277825
v -0.220829 0.050875 0.270149
v -0.217731 0.053370 0.272503
v -0.209938 0.056471 0.277712
v -0.215673 0.053962 0.287082
v -0.219504 0.050634 0.292873
v -0.221986 0.046645 0.296320
v -0.223533 0.042577 0.298336
v -0.225089 0.033192 0.300385
v -0.228387 0.040718 0.291401
v -0.229638 0.040344 0.285742
v -0.231090 0.032097 0.285155
v -0.230224 0.033501 0.275641
v -0.225751 0.035500 0.262796
v -0.225773 0.017787 0.260859
v -0.217935 0.017783 0.247681
v -0.206989 0.017780 0.238606
v -0.195970 0.017779 0.235021
v -0.187740 0.017778 0.234840
v -0.181293 0.017778 0.236343
v -0.181890 0.017813 0.237920
v -0.188006 0.017787 0.236510
v -0.195858 0.017776 0.236710
v -0.206339 0.017780 0.240167
v -0.216607 0.017769 0.248725
v -0.224188 0.017753 0.261450
v -0.228499 0.017778 0.274422
v -0.230131 0.017793 0.274089
v -0.230911 0.017798 0.284799
v -0.229275 0.017850 0.284472
v -0.229553 0.017801 0.291997
v -0.229838 0.032049 0.292157
v -0.228006 0.017915 0.291331
v -0.189983 0.057705 0.259323
v -0.185939 0.057718 0.253757
v -0.184053 0.057724 0.251161
v -0.196345 0.057693 0.268079
v -0.178579 0.056942 0.243626
v -0.180396 0.057725 0.246127
v -0.182075 0.057725 0.248439
v -0.176392 0.041371 0.240617
v -0.177662 0.053746 0.242364
v -0.212059 0.053962 0.289708
v -0.216136 0.050634 0.295320
v -0.218633 0.046645 0.298756
v -0.220126 0.042577 0.300811
v -0.205622 0.056471 0.280848
v -0.221638 0.033192 0.302892
v -0.176053 0.017778 0.240150
v -0.177010 0.017813 0.241466
v -0.221781 0.017803 0.303089
v -0.220803 0.017966 0.301742
v 0.186168 0.024548 0.287578
v 0.173377 0.030259 0.266878
v 0.176210 0.040132 0.270778
v 0.181200 0.046937 0.277645
v 0.187640 0.049473 0.286509
v 0.194079 0.046937 0.295372
v 0.199069 0.040132 0.302240
v 0.201902 0.030259 0.306140
v 0.201902 0.018837 0.306140
v 0.199069 0.008965 0.302240
v 0.194079 0.002160 0.295372
v 0.187640 -0.000376 0.286509
v 0.181200 0.002160 0.277645
v 0.176210 0.008965 0.270778
v 0.173377 0.018837 0.266878
v 0.195681 0.024548 0.280666
v 0.199248 0.030259 0.248081
v 0.202082 0.040132 0.251981
v 0.207072 0.046937 0.258849
v 0.213511 0.049473 0.267712
v 0.219951 0.046937 0.276575
v 0.224941 0.040132 0.283443
v 0.227774 0.030259 0.287343
v 0.227774 0.018837 0.287343
v 0.224941 0.008965 0.283443
v 0.219951 0.002160 0.276575
v 0.213511 -0.000376 0.267712
v 0.207072 0.002160 0.258849
v 0.202082 0.008965 0.251981
v 0.199248 0.018837 0.248081
v 0.214982 0.024548 0.266643
v 0.206297 0.024548 0.272954
v 0.184310 0.040067 0.264993
v 0.181489 0.030236 0.261109
v 0.189279 0.046844 0.271832
v 0.195538 0.049368 0.280770
v 0.202104 0.046844 0.289485
v 0.207073 0.040067 0.296324
v 0.209895 0.030236 0.300207
v 0.209895 0.018861 0.300207
v 0.207073 0.009030 0.296324
v 0.202104 0.002253 0.289485
v 0.195692 -0.000272 0.280658
v 0.189279 0.002253 0.271832
v 0.184310 0.009030 0.264993
v 0.181489 0.018861 0.261109
v 0.192176 0.045440 0.295847
v 0.186168 0.047805 0.287578
v 0.180160 0.045440 0.279309
v 0.196833 0.039088 0.302257
v 0.199477 0.029879 0.305895
v 0.199477 0.019218 0.305895
v 0.196833 0.010009 0.302257
v 0.192176 0.003657 0.295847
v 0.186168 0.001292 0.287578
v 0.180160 0.003657 0.279309
v 0.175503 0.039088 0.272899
v 0.175503 0.010009 0.272899
v 0.172860 0.029879 0.269260
v 0.172860 0.019218 0.269260
v 0.214982 0.047805 0.266643
v 0.220990 0.045440 0.274912
v 0.208975 0.045440 0.258374
v 0.225647 0.039088 0.281322
v 0.228291 0.029879 0.284960
v 0.228291 0.019218 0.284960
v 0.225647 0.010009 0.281322
v 0.220990 0.003657 0.274912
v 0.214982 0.001292 0.266643
v 0.208975 0.003657 0.258374
v 0.204318 0.039088 0.251964
v 0.204318 0.010009 0.251964
v 0.201674 0.029878 0.248326
v 0.201674 0.019218 0.248326
v 0.192093 0.030236 0.253405
v 0.194915 0.040067 0.257288
v 0.199884 0.046844 0.264127
v 0.206297 0.049368 0.272954
v 0.212709 0.046844 0.281780
v 0.217678 0.040067 0.288619
v 0.220500 0.030236 0.292503
v 0.220500 0.018861 0.292503
v 0.217678 0.009030 0.288619
v 0.212709 0.002253 0.281780
v 0.206297 -0.000272 0.272954
v 0.199884 0.002253 0.264127
v 0.194915 0.009030 0.257288
v 0.192093 0.018861 0.253405
v 0.186270 0.057725 0.258547
v 0.192010 0.067021 0.263835
v 0.193695 0.067021 0.265387
v 0.193695 0.064053 0.265385
v 0.191535 0.060705 0.263394
v 0.197773 0.060705 0.269278
v 0.193777 0.067021 0.260469
v 0.195980 0.067021 0.261032
v 0.195979 0.064053 0.261031
v 0.193154 0.060705 0.260306
v 0.201374 0.060705 0.262517
v 0.193777 0.067021 0.256667
v 0.195980 0.067021 0.256115
v 0.195979 0.064053 0.256113
v 0.193153 0.060705 0.256819
v 0.201421 0.060705 0.254858
v 0.192010 0.067021 0.253300
v 0.193694 0.067021 0.251761
v 0.193693 0.064053 0.251760
v 0.191532 0.060705 0.253732
v 0.197903 0.060705 0.248054
v 0.188881 0.067021 0.251140
v 0.189647 0.067021 0.248968
v 0.189646 0.064053 0.248968
v 0.188662 0.060705 0.251752
v 0.191626 0.060705 0.243664
v 0.185107 0.067021 0.250682
v 0.184766 0.067021 0.248376
v 0.184764 0.064053 0.248376
v 0.185201 0.060705 0.251333
v 0.184028 0.060705 0.242694
v 0.181552 0.067021 0.252030
v 0.180168 0.067021 0.250120
v 0.180167 0.064053 0.250120
v 0.181941 0.060705 0.252570
v 0.176849 0.060705 0.245366
v 0.179031 0.067021 0.254876
v 0.176908 0.067021 0.253801
v 0.176907 0.064053 0.253801
v 0.179629 0.060705 0.255181
v 0.171735 0.060705 0.251068
v 0.178121 0.067021 0.258568
v 0.175731 0.067021 0.258575
v 0.175731 0.064053 0.258575
v 0.178795 0.060705 0.258566
v 0.169856 0.060705 0.258494
v 0.179031 0.067021 0.262259
v 0.176908 0.067021 0.263349
v 0.176909 0.064053 0.263349
v 0.179631 0.060705 0.261952
v 0.171644 0.060705 0.265942
v 0.181552 0.067021 0.265105
v 0.180169 0.067021 0.267030
v 0.180170 0.064053 0.267029
v 0.181944 0.060705 0.264561
v 0.176688 0.060705 0.271707
v 0.185107 0.067021 0.266453
v 0.184767 0.067021 0.268773
v 0.184768 0.064053 0.268772
v 0.185204 0.060705 0.265797
v 0.183833 0.060705 0.274467
v 0.188881 0.067021 0.265995
v 0.189649 0.067021 0.268180
v 0.189649 0.064053 0.268179
v 0.188666 0.060705 0.265376
v 0.191442 0.060705 0.273590
v 0.191978 0.069455 0.263871
v 0.193766 0.069455 0.260515
v 0.193789 0.069455 0.256713
v 0.192042 0.069455 0.253336
v 0.188926 0.069455 0.251158
v 0.185155 0.069455 0.250677
v 0.181592 0.069455 0.252003
v 0.179053 0.069455 0.254834
v 0.178121 0.069455 0.258520
v 0.179009 0.069455 0.262217
v 0.181513 0.069455 0.265078
v 0.185060 0.069455 0.266447
v 0.188837 0.069455 0.266012
v 0.197773 0.057725 0.269286
v 0.201377 0.057725 0.262526
v 0.201427 0.057725 0.254865
v 0.197911 0.057725 0.248058
v 0.191634 0.057725 0.243665
v 0.184035 0.057725 0.242692
v 0.176854 0.057725 0.245363
v 0.171736 0.057725 0.251064
v 0.169855 0.057725 0.258491
v 0.171640 0.057725 0.265941
v 0.176683 0.057725 0.271709
v 0.183829 0.057725 0.274472
v 0.191440 0.057725 0.273598
v 0.225009 0.045795 0.287003
v 0.223107 0.047705 0.289681
v 0.225134 0.043919 0.291963
v 0.226459 0.043004 0.287659
v 0.223436 0.048252 0.281917
v 0.220245 0.051167 0.283807
v 0.225403 0.045189 0.280569
v 0.183276 0.057724 0.251726
v 0.186340 0.057718 0.253466
v 0.184689 0.057725 0.247628
v 0.181734 0.057725 0.248687
v 0.190387 0.057599 0.247651
v 0.221760 0.017966 0.301047
v 0.223079 0.017803 0.302146
v 0.192573 0.057705 0.257441
v 0.199614 0.057693 0.265704
v 0.207359 0.055598 0.260656
v 0.199031 0.057009 0.251469
v 0.210155 0.053044 0.258245
v 0.201053 0.055222 0.249245
v 0.191909 0.057140 0.244770
v 0.202332 0.052705 0.246887
v 0.192875 0.055089 0.242377
v 0.185531 0.056314 0.241435
v 0.185160 0.057725 0.244469
v 0.180101 0.056942 0.242520
v 0.180968 0.057725 0.245711
v 0.179238 0.041371 0.238549
v 0.179610 0.053746 0.240948
v 0.185447 0.053113 0.239669
v 0.193635 0.040612 0.237447
v 0.185725 0.041252 0.237116
v 0.193125 0.051919 0.240408
v 0.203215 0.049517 0.244511
v 0.215018 0.037102 0.250003
v 0.203724 0.039027 0.240891
v 0.214012 0.046828 0.253501
v 0.222627 0.044443 0.267688
v 0.212325 0.050222 0.255872
v 0.221140 0.047870 0.269600
v 0.226691 0.041965 0.279322
v 0.218769 0.050875 0.271646
v 0.215670 0.053370 0.274000
v 0.207877 0.056471 0.279209
v 0.213613 0.053962 0.288579
v 0.217444 0.050634 0.294370
v 0.219926 0.046645 0.297817
v 0.221473 0.042577 0.299833
v 0.223029 0.033192 0.301882
v 0.226327 0.040718 0.292898
v 0.227577 0.040344 0.287239
v 0.229030 0.032097 0.286652
v 0.228164 0.033501 0.277138
v 0.223691 0.035500 0.264293
v 0.223713 0.017787 0.262356
v 0.215875 0.017783 0.249178
v 0.204928 0.017780 0.240103
v 0.193910 0.017779 0.236517
v 0.185680 0.017778 0.236337
v 0.179233 0.017778 0.237839
v 0.179830 0.017813 0.239417
v 0.185946 0.017787 0.238007
v 0.193797 0.017776 0.238207
v 0.204278 0.017780 0.241663
v 0.214547 0.017769 0.250222
v 0.222128 0.017753 0.262946
v 0.226439 0.017778 0.275919
v 0.228071 0.017793 0.275585
v 0.228850 0.017798 0.286296
v 0.227215 0.017850 0.285969
v 0.227493 0.017801 0.293494
v 0.227777 0.032049 0.293653
v 0.225945 0.017915 0.292828
v 0.201364 0.045795 0.304182
v 0.204498 0.047705 0.303200
v 0.206042 0.043919 0.305834
v 0.201540 0.043004 0.305763
v 0.197014 0.048252 0.301114
v 0.199796 0.051167 0.298664
v 0.195123 0.045189 0.302569
v 0.180710 0.057724 0.253591
v 0.181418 0.057718 0.257042
v 0.176376 0.057725 0.253668
v 0.178297 0.057725 0.251185
v 0.174637 0.057599 0.259094
v 0.215725 0.017966 0.305432
v 0.216362 0.017803 0.307026
v 0.183272 0.057705 0.264198
v 0.188955 0.057693 0.273448
v 0.181761 0.055598 0.279254
v 0.175597 0.057009 0.268495
v 0.178604 0.053044 0.281168
v 0.172857 0.055222 0.269731
v 0.171427 0.057140 0.259651
v 0.170219 0.052705 0.270218
v 0.168853 0.055089 0.259831
v 0.170226 0.056314 0.252555
v 0.173226 0.057725 0.253139
v 0.172936 0.056942 0.247726
v 0.175702 0.057725 0.249537
v 0.169426 0.041371 0.245678
v 0.171592 0.053746 0.246774
v 0.168572 0.053113 0.251929
v 0.163928 0.040612 0.259030
v 0.166058 0.041252 0.251405
v 0.166903 0.051919 0.259460
v 0.167687 0.049517 0.270324
v 0.169263 0.037102 0.283246
v 0.164087 0.039027 0.269690
v 0.172900 0.046828 0.283370
v 0.183730 0.044443 0.295948
v 0.175676 0.050222 0.282499
v 0.186009 0.047870 0.295124
v 0.193539 0.041965 0.303407
v 0.188687 0.050875 0.293502
v 0.191883 0.053370 0.291282
v 0.199245 0.056471 0.285480
v 0.206385 0.053962 0.293831
v 0.210708 0.050634 0.299264
v 0.213219 0.046645 0.302690
v 0.214659 0.042577 0.304783
v 0.216126 0.033192 0.306896
v 0.206563 0.040718 0.307257
v 0.200795 0.040344 0.306698
v 0.199788 0.032097 0.307898
v 0.191007 0.033501 0.304134
v 0.180173 0.035500 0.295910
v 0.178324 0.017787 0.295333
v 0.168213 0.017783 0.283806
v 0.162965 0.017780 0.270591
v 0.162960 0.017779 0.259004
v 0.165332 0.017778 0.251121
v 0.168752 0.017778 0.245454
v 0.170069 0.017813 0.246509
v 0.166837 0.017787 0.251890
v 0.164601 0.017776 0.259419
v 0.164650 0.017780 0.270455
v 0.169616 0.017769 0.282866
v 0.179375 0.017753 0.294008
v 0.190381 0.017778 0.302116
v 0.189559 0.017793 0.303566
v 0.199505 0.017798 0.307617
v 0.199699 0.017850 0.305960
v 0.206770 0.017801 0.308550
v 0.206834 0.032049 0.308870
v 0.206615 0.017915 0.306873
v 0.187923 0.057705 0.260820
v 0.183879 0.057718 0.255254
v 0.181993 0.057724 0.252658
v 0.194285 0.057693 0.269576
v 0.176518 0.056942 0.245123
v 0.178335 0.057725 0.247624
v 0.180015 0.057725 0.249936
v 0.174332 0.041371 0.242114
v 0.175601 0.053746 0.243861
v 0.209999 0.053962 0.291205
v 0.214076 0.050634 0.296817
v 0.216573 0.046645 0.300253
v 0.218066 0.042577 0.302308
v 0.203561 0.056471 0.282344
v 0.219578 0.033192 0.304389
v 0.173993 0.017778 0.241647
v 0.174949 0.017813 0.242963
v 0.219721 0.017803 0.304586
v 0.218742 0.017966 0.303239
v -0.037366 0.285413 0.133854
v -0.034883 0.285413 0.133854
v -0.034883 0.287740 0.133416
v -0.037365 0.287740 0.133416
v -0.034883 0.289787 0.132156
v -0.037365 0.289787 0.132156
v -0.034883 0.291305 0.130226
v -0.037365 0.291305 0.130226
v -0.034883 0.292113 0.127858
v -0.037365 0.292113 0.127858
v -0.034883 0.292112 0.125339
v -0.037365 0.292112 0.125339
v -0.034883 0.291303 0.122972
v -0.037365 0.291303 0.122972
v -0.034883 0.289784 0.121042
v -0.037365 0.289784 0.121042
v -0.034883 0.287736 0.119783
v -0.037365 0.287737 0.119783
v -0.034883 0.285409 0.119346
v -0.037365 0.285409 0.119346
v -0.034883 0.283081 0.119784
v -0.037365 0.283082 0.119784
v -0.034883 0.281035 0.121044
v -0.037366 0.281035 0.121044
v -0.034883 0.279516 0.122975
v -0.037366 0.279516 0.122975
v -0.034883 0.278709 0.125342
v -0.037366 0.278709 0.125342
v -0.034883 0.278709 0.127862
v -0.037366 0.278709 0.127862
v -0.034883 0.279518 0.130229
v -0.037366 0.279518 0.130229
v -0.034883 0.281038 0.132158
v -0.037366 0.281038 0.132158
v -0.034883 0.283085 0.133417
v -0.037365 0.283085 0.133417
v -0.039394 0.281435 0.127349
v -0.039394 0.281915 0.128753
v -0.039394 0.282817 0.129898
v -0.039394 0.284031 0.130645
v -0.039394 0.285412 0.130904
v -0.039394 0.286793 0.130644
v -0.039394 0.288007 0.129896
v -0.039394 0.288908 0.128751
v -0.039394 0.289387 0.127346
v -0.039394 0.289387 0.125852
v -0.039394 0.288907 0.124447
v -0.039394 0.288005 0.123303
v -0.039394 0.286791 0.122556
v -0.039394 0.285410 0.122296
v -0.039394 0.284029 0.122556
v -0.039394 0.282815 0.123304
v -0.039394 0.281914 0.124449
v -0.039394 0.281434 0.125854
v -0.153636 0.960916 -0.266547
v -0.148757 0.676838 -0.149473
v -0.222461 1.092641 -0.417090
v -0.243517 0.863382 -0.210083
v -0.220974 0.867227 -0.205896
v -0.068433 0.978991 -0.256050
v -0.173574 0.588208 -0.132183
v -0.255741 0.817379 -0.197226
v -0.137343 0.702837 -0.172220
v -0.133691 0.916614 -0.262262
v -0.084292 0.895671 -0.271045
v -0.183945 0.977253 -0.255586
v -0.178690 0.938600 -0.250370
v -0.078851 0.715044 -0.200531
v -0.106943 0.724195 -0.198753
v -0.135193 0.752051 -0.191118
v -0.152246 0.703222 -0.158265
v -0.170744 0.699798 -0.149770
v -0.157508 0.661590 -0.140271
v -0.145263 0.645484 -0.144718
v -0.137454 0.669486 -0.155045
v -0.208053 1.091862 -0.419165
v -0.229342 1.099014 -0.408379
v -0.211890 1.102272 -0.406347
v -0.181286 0.492119 -0.230690
v -0.254992 0.836094 -0.207529
v -0.203122 1.027105 -0.373205
v -0.115919 0.767916 -0.195870
v -0.091256 0.761539 -0.199662
v -0.187726 0.850259 -0.199102
v -0.200956 0.878205 -0.213120
v -0.209502 0.835145 -0.193184
v -0.086271 1.028743 -0.252283
v -0.125504 1.005126 -0.254849
v -0.085729 0.948040 -0.259737
v -0.036627 0.930963 -0.263809
v -0.033353 0.967621 -0.257711
v -0.038782 1.041136 -0.251056
v -0.153881 0.620315 -0.133750
v -0.172351 0.645318 -0.133080
v -0.186697 0.636314 -0.130084
v -0.153918 0.581685 -0.135743
v -0.144512 0.613598 -0.139725
v -0.186078 0.525568 -0.149365
v -0.168051 0.525893 -0.147515
v -0.199986 0.630719 -0.129673
v -0.192244 0.579546 -0.138670
v -0.266223 0.831758 -0.209183
v -0.263627 0.791124 -0.187918
v -0.180494 0.735183 -0.159465
v -0.170047 0.747071 -0.168708
v -0.193071 0.781038 -0.174418
v -0.199151 0.745019 -0.157010
v -0.160588 0.746678 -0.175898
v -0.132954 0.663011 -0.162039
v -0.128619 0.686092 -0.180887
v -0.132729 0.710027 -0.189883
v -0.156066 0.746300 -0.185652
v -0.126284 0.695009 -0.194216
v -0.197976 0.446706 -0.188827
v -0.197064 0.463630 -0.174327
v -0.211363 0.463126 -0.181201
v -0.196291 1.056303 -0.455821
v -0.198751 1.054433 -0.459896
v -0.224905 1.059984 -0.455715
v -0.222472 1.061366 -0.450361
v -0.190032 1.063171 -0.446226
v -0.162176 1.065816 -0.455008
v -0.165179 1.052647 -0.462853
v -0.133245 1.066553 -0.460151
v -0.133188 1.052173 -0.469031
v -0.132862 1.051332 -0.475949
v -0.160683 1.051711 -0.468034
v -0.089687 1.050802 -0.473767
v -0.089933 1.046783 -0.480457
v -0.041406 1.048079 -0.475078
v -0.041859 1.046622 -0.481859
v -0.089107 1.041162 -0.464538
v -0.131687 1.045600 -0.462280
v -0.131067 1.043432 -0.454167
v -0.198155 1.053340 -0.447889
v -0.198666 1.054158 -0.454268
v -0.222101 1.057807 -0.443385
v -0.223831 1.058705 -0.449843
v -0.240634 1.065477 -0.433350
v -0.244340 1.067329 -0.437774
v -0.247693 1.069170 -0.441546
v -0.258772 1.077950 -0.419688
v -0.262629 1.080260 -0.422202
v -0.259910 1.082491 -0.420817
v -0.244726 1.070691 -0.438581
v -0.251220 1.085041 -0.415715
v -0.236665 1.075813 -0.431049
v -0.215688 1.067631 -0.440993
v -0.209618 1.077132 -0.433266
v -0.185265 1.074171 -0.436283
v -0.161415 1.080810 -0.445838
v -0.138578 1.082739 -0.449903
v -0.092322 1.082590 -0.453243
v -0.089348 1.065029 -0.463385
v -0.039790 1.062556 -0.464857
v 0.005303 1.047184 -0.475620
v 0.005303 1.039732 -0.467445
v 0.005303 1.032411 -0.440875
v -0.040649 1.037813 -0.457961
v -0.041212 1.040287 -0.466651
v -0.088990 1.038666 -0.455993
v -0.089391 1.033244 -0.437061
v -0.131659 1.038758 -0.436467
v -0.197146 1.050245 -0.434538
v -0.219010 1.055109 -0.431920
v -0.234553 1.061137 -0.425074
v -0.246446 1.068084 -0.411132
v -0.254484 1.075049 -0.416772
v -0.263460 1.081358 -0.395684
v -0.268125 1.084937 -0.397460
v -0.268142 1.082355 -0.373617
v -0.273273 1.085436 -0.374346
v -0.277675 1.088073 -0.374986
v -0.273008 1.087665 -0.399166
v -0.274771 1.090448 -0.374660
v -0.269757 1.090239 -0.398487
v -0.265955 1.093222 -0.373778
v -0.260823 1.091925 -0.395961
v -0.251665 1.099861 -0.394516
v -0.242653 1.092424 -0.412914
v -0.229797 1.083750 -0.425541
v -0.257674 1.102395 -0.372190
v -0.241902 1.111548 -0.369229
v -0.236126 1.107600 -0.391406
v -0.226806 1.116654 -0.366439
v -0.218520 1.112197 -0.388454
v -0.199452 1.120765 -0.362299
v -0.191297 1.113712 -0.384679
v -0.186135 1.101353 -0.403863
v -0.184423 1.089669 -0.419260
v -0.167075 1.113039 -0.409611
v -0.165812 1.100381 -0.427402
v -0.142081 1.105230 -0.430418
v -0.093716 1.108590 -0.431896
v -0.036931 1.108501 -0.432446
v -0.037501 1.080312 -0.454712
v 0.005303 1.078355 -0.456177
v -0.049917 0.795432 -0.211342
v -0.040855 0.755463 -0.203920
v -0.036485 1.021702 -0.301717
v -0.039991 1.032804 -0.439084
v -0.093511 1.017869 -0.306173
v -0.136322 1.022344 -0.314826
v -0.254576 1.073059 -0.392060
v -0.258506 1.074034 -0.372569
v -0.260068 1.071524 -0.358231
v -0.269629 1.079166 -0.356187
v -0.270219 1.072236 -0.340601
v -0.275602 1.074530 -0.338798
v -0.274986 1.081836 -0.355540
v -0.279964 1.075861 -0.337691
v -0.279070 1.083975 -0.355059
v -0.276312 1.077895 -0.336365
v -0.276483 1.086323 -0.354163
v -0.268573 1.081641 -0.333842
v -0.267772 1.089348 -0.352872
v -0.261836 1.090065 -0.328545
v -0.260595 1.098626 -0.349705
v -0.246433 1.099164 -0.322562
v -0.245266 1.108321 -0.345631
v -0.232598 1.104106 -0.319171
v -0.231572 1.113732 -0.342548
v -0.211554 1.109196 -0.315868
v -0.207913 1.118607 -0.338533
v -0.173281 1.122209 -0.337169
v -0.172726 1.124021 -0.360973
v -0.169252 1.122098 -0.386217
v -0.142048 1.138428 -0.360351
v -0.142786 1.132507 -0.386619
v -0.143344 1.119394 -0.411170
v -0.097637 1.137550 -0.381888
v -0.094941 1.124628 -0.408441
v -0.041503 1.140536 -0.376780
v -0.038937 1.127191 -0.404805
v 0.005303 1.111934 -0.276628
v -0.041735 1.077121 -0.260828
v -0.042412 1.108186 -0.278423
v -0.095252 1.102720 -0.277968
v -0.091868 1.071230 -0.262065
v -0.134628 1.095046 -0.275418
v -0.134706 1.062102 -0.262316
v -0.165284 1.081488 -0.281481
v -0.158181 1.045943 -0.267724
v -0.143011 0.987199 -0.259527
v -0.093900 0.928732 -0.260920
v -0.040224 0.916119 -0.266149
v -0.048925 0.894128 -0.273912
v -0.078236 0.886763 -0.263355
v -0.051924 0.887508 -0.264499
v -0.053324 0.879493 -0.254243
v 0.005303 0.881426 -0.257367
v -0.053665 0.864149 -0.239525
v -0.052659 0.834394 -0.223395
v -0.071508 0.860290 -0.238167
v -0.069112 0.831314 -0.222099
v -0.066440 0.796563 -0.211968
v -0.085074 0.832994 -0.211412
v -0.079482 0.798433 -0.202587
v -0.069991 0.761308 -0.203241
v -0.058829 0.759365 -0.210656
v -0.056761 0.714723 -0.206489
v -0.034191 0.716642 -0.198494
v -0.099930 0.690983 -0.188616
v -0.072155 0.687918 -0.183646
v -0.105703 0.680887 -0.174333
v -0.111440 0.662997 -0.156636
v -0.082990 0.660321 -0.157153
v -0.077778 0.678256 -0.172065
v -0.116764 0.639037 -0.144271
v -0.138560 0.639674 -0.149301
v -0.129585 0.573431 -0.134305
v -0.123129 0.609534 -0.137225
v -0.095006 0.569586 -0.132470
v -0.091548 0.606511 -0.135399
v -0.087528 0.637296 -0.144170
v -0.031683 0.603785 -0.133635
v -0.030903 0.637771 -0.144163
v -0.030183 0.661730 -0.157454
v -0.029538 0.678651 -0.170463
v -0.030113 0.687527 -0.180944
v -0.260828 1.065750 -0.345058
v -0.261939 1.055800 -0.333349
v -0.263477 1.041788 -0.324304
v -0.272865 1.044830 -0.316709
v -0.271294 1.060851 -0.327179
v -0.278992 1.045279 -0.314920
v -0.277201 1.062263 -0.325218
v -0.279097 1.046731 -0.311396
v -0.280363 1.064358 -0.322279
v -0.273193 1.046661 -0.311848
v -0.275615 1.064550 -0.322424
v -0.266069 1.051614 -0.302341
v -0.268009 1.069274 -0.316987
v -0.256386 1.056924 -0.292750
v -0.260525 1.076117 -0.309455
v -0.236682 1.063182 -0.283746
v -0.244094 1.083852 -0.301456
v -0.220803 1.067649 -0.279781
v -0.229650 1.088735 -0.297595
v -0.197086 1.072954 -0.278033
v -0.208269 1.094068 -0.294957
v -0.169174 1.102069 -0.295600
v -0.170889 1.116191 -0.314272
v -0.136408 1.115918 -0.291481
v -0.138933 1.129664 -0.311516
v -0.141071 1.137035 -0.335013
v -0.100597 1.136323 -0.312393
v -0.101655 1.143897 -0.333909
v -0.100416 1.144184 -0.357346
v -0.044738 1.146217 -0.332415
v -0.043753 1.146477 -0.354081
v -0.044477 1.139475 -0.312307
v -0.043412 1.126320 -0.294392
v -0.098075 1.122399 -0.294012
v -0.178597 1.035092 -0.264850
v -0.204003 1.035510 -0.264817
v -0.225098 1.035304 -0.268949
v -0.210919 0.981811 -0.256992
v -0.209298 0.944640 -0.249431
v -0.207949 0.914074 -0.236571
v -0.174116 0.912340 -0.240691
v -0.163087 0.884604 -0.224303
v -0.106896 0.881407 -0.241048
v -0.119285 0.897840 -0.254346
v -0.074774 0.876902 -0.252540
v -0.094172 0.861978 -0.224989
v -0.149971 0.859436 -0.211202
v -0.138503 0.833346 -0.198944
v -0.170795 0.826709 -0.192128
v -0.145093 0.794640 -0.190749
v -0.117751 0.797974 -0.196683
v -0.189001 0.813658 -0.186948
v -0.163109 0.786251 -0.185561
v -0.181971 0.781676 -0.185910
v -0.200899 0.803568 -0.188780
v -0.204535 0.801073 -0.183183
v -0.186421 0.782681 -0.179984
v -0.209810 0.792880 -0.176526
v -0.234165 0.796780 -0.178793
v -0.235788 0.740422 -0.154722
v -0.216617 0.743267 -0.153592
v -0.226529 0.814612 -0.187085
v -0.220430 0.819264 -0.192883
v -0.223349 0.684936 -0.137187
v -0.207188 0.691086 -0.139709
v -0.189237 0.696029 -0.143714
v -0.243861 0.678896 -0.138274
v -0.219822 0.624060 -0.135544
v -0.213815 0.573701 -0.144367
v -0.218713 0.528287 -0.154350
v -0.200851 0.526019 -0.150939
v -0.200455 0.485599 -0.164328
v -0.187021 0.484185 -0.162165
v -0.184701 0.463382 -0.173916
v -0.170799 0.464721 -0.176995
v -0.170084 0.483787 -0.163319
v -0.135736 0.481463 -0.160009
v -0.133366 0.524317 -0.142654
v -0.096306 0.483606 -0.157844
v -0.096936 0.524482 -0.142025
v -0.034160 0.485966 -0.156150
v -0.032788 0.526476 -0.139410
v -0.031920 0.566671 -0.129799
v -0.266033 1.021342 -0.316954
v -0.267874 0.989815 -0.308481
v -0.278605 0.988702 -0.300009
v -0.275416 1.022352 -0.308508
v -0.280595 0.988285 -0.296540
v -0.280574 1.022119 -0.306547
v -0.274567 0.987606 -0.296027
v -0.277224 1.022729 -0.303282
v -0.270849 0.988135 -0.290619
v -0.272138 1.023514 -0.301147
v -0.261793 0.989568 -0.277352
v -0.264152 1.027045 -0.288983
v -0.245069 0.987601 -0.266260
v -0.250536 1.030860 -0.277836
v -0.243121 0.946819 -0.255663
v -0.243719 0.908018 -0.237061
v -0.261394 0.947345 -0.264876
v -0.263588 0.905137 -0.244506
v -0.265901 0.865705 -0.226208
v -0.276471 0.862675 -0.239476
v -0.280680 0.827085 -0.218635
v -0.282773 0.780015 -0.193804
v -0.280664 0.724382 -0.164836
v -0.264037 0.731273 -0.158776
v -0.257594 0.672392 -0.147655
v -0.229509 0.620372 -0.146820
v -0.225882 0.571623 -0.153462
v -0.231717 0.527690 -0.163342
v -0.228410 0.489656 -0.176723
v -0.217025 0.488885 -0.169104
v -0.220405 0.463631 -0.187505
v -0.205534 0.438182 -0.200060
v -0.195780 0.435160 -0.201771
v -0.188125 0.445206 -0.190094
v -0.175721 0.446372 -0.193220
v -0.136580 0.445407 -0.189851
v -0.136763 0.462629 -0.172977
v -0.094709 0.463975 -0.170597
v -0.035488 0.465159 -0.169884
v 0.005303 0.446479 -0.188722
v -0.222611 0.995049 -0.346308
v -0.220559 0.945200 -0.337697
v -0.221285 0.889700 -0.323610
v -0.275081 0.904427 -0.278496
v -0.269941 0.948716 -0.297028
v -0.286635 0.906164 -0.271235
v -0.281585 0.949013 -0.288464
v -0.285410 0.905722 -0.267804
v -0.281869 0.948394 -0.284843
v -0.279529 0.903804 -0.264563
v -0.275786 0.946817 -0.283734
v -0.275321 0.903728 -0.257690
v -0.271394 0.946919 -0.277568
v -0.282337 0.862601 -0.245084
v -0.289542 0.863753 -0.248685
v -0.290563 0.823960 -0.228894
v -0.285340 0.824930 -0.224230
v -0.293557 0.774467 -0.203080
v -0.288302 0.776845 -0.198707
v -0.290703 0.717307 -0.175216
v -0.286083 0.720647 -0.169804
v -0.261457 0.666920 -0.162558
v -0.260050 0.669449 -0.154990
v -0.234188 0.615766 -0.162335
v -0.231912 0.618184 -0.154348
v -0.231177 0.568991 -0.167961
v -0.228956 0.570397 -0.160678
v -0.239988 0.526765 -0.176227
v -0.235734 0.527166 -0.170007
v -0.240033 0.488155 -0.184440
v -0.233558 0.489412 -0.181348
v -0.231351 0.461576 -0.192314
v -0.225488 0.463289 -0.190809
v -0.217297 0.433090 -0.207046
v -0.210809 0.435619 -0.204301
v -0.205040 0.425315 -0.211098
v -0.200389 0.430885 -0.207110
v -0.188220 0.423364 -0.211391
v -0.185098 0.428957 -0.208092
v -0.181357 0.434444 -0.203428
v -0.135222 0.434673 -0.201780
v -0.091290 0.435506 -0.200933
v -0.092644 0.446301 -0.187793
v -0.038140 0.446360 -0.187620
v -0.041334 0.434974 -0.201640
v -0.042608 0.429582 -0.207772
v -0.091526 0.430212 -0.206813
v -0.091849 0.424620 -0.212250
v -0.043072 0.424016 -0.213070
v -0.134927 0.429306 -0.207256
v -0.134595 0.423440 -0.211403
v -0.135465 0.417791 -0.213618
v -0.092464 0.418149 -0.214059
v -0.189779 0.419511 -0.214852
v -0.189919 0.431788 -0.212628
v -0.207220 0.423285 -0.214427
v -0.203203 0.435001 -0.212139
v -0.211570 0.440773 -0.209553
v -0.222510 0.463673 -0.199620
v -0.229687 0.485648 -0.194572
v -0.233648 0.460942 -0.194528
v -0.242346 0.487050 -0.187241
v -0.245129 0.526081 -0.181390
v -0.229362 0.562024 -0.186154
v -0.234403 0.520865 -0.190531
v -0.236145 0.567733 -0.174234
v -0.237937 0.612768 -0.169262
v -0.259689 0.658951 -0.176242
v -0.231197 0.608011 -0.178974
v -0.262609 0.664427 -0.169809
v -0.294691 0.715123 -0.179470
v -0.291200 0.775737 -0.213275
v -0.288741 0.714581 -0.189326
v -0.299735 0.774325 -0.204685
v -0.296190 0.824902 -0.230531
v -0.280911 0.862577 -0.255146
v -0.286118 0.826634 -0.237549
v -0.292992 0.863963 -0.251236
v -0.230021 0.836741 -0.293593
v -0.232423 0.795270 -0.276354
v -0.231105 0.729399 -0.256003
v -0.191727 0.655742 -0.252861
v -0.189644 0.591112 -0.249739
v -0.186683 0.548797 -0.244712
v -0.177763 0.515555 -0.237593
v -0.166429 0.496394 -0.228525
v -0.138744 0.429147 -0.214248
v -0.095304 0.429109 -0.215641
v -0.044577 0.429012 -0.217091
v -0.043850 0.417549 -0.214839
v -0.219936 0.850772 -0.312114
v -0.115731 0.503464 -0.240264
v -0.042659 0.505352 -0.248366
v -0.220182 0.432547 -0.208830
v 0.005303 1.046325 -0.482258
v 0.005303 0.869800 -0.245287
v 0.005303 1.140201 -0.311373
v 0.005303 1.128246 -0.293077
v 0.005303 0.415963 -0.215569
v 0.005303 0.429015 -0.216775
v 0.005303 1.140979 -0.375302
v 0.005303 1.127483 -0.403801
v 0.005303 0.894566 -0.274993
v 0.005303 0.889153 -0.266919
v 0.005303 1.146476 -0.353503
v 0.005303 0.422660 -0.212913
v 0.005303 0.428714 -0.208306
v 0.005303 0.638582 -0.144079
v 0.005303 0.603162 -0.132979
v 0.005303 0.464887 -0.170717
v 0.005303 0.838877 -0.224814
v 0.005303 0.794237 -0.208692
v 0.005303 1.108360 -0.432601
v 0.005303 0.662833 -0.156797
v 0.005303 0.485612 -0.156335
v 0.005303 0.680227 -0.169089
v 0.005303 1.037279 -0.459016
v 0.005303 0.750980 -0.201160
v 0.005303 0.716702 -0.196883
v 0.005303 1.024825 -0.297605
v 0.005303 1.079987 -0.256645
v 0.005303 0.689861 -0.180390
v 0.005303 0.528352 -0.137768
v 0.005303 0.566254 -0.128857
v 0.005303 0.503773 -0.251245
v 0.005303 1.043811 -0.247989
v 0.005303 0.915693 -0.265635
v 0.005303 0.434656 -0.202677
v 0.005303 1.061656 -0.465567
v 0.005303 0.966880 -0.256983
v 0.005303 0.929900 -0.263392
v 0.005303 1.146399 -0.331911
v 0.164243 0.960916 -0.266547
v 0.159364 0.676838 -0.149473
v 0.233067 1.092641 -0.417090
v 0.254124 0.863382 -0.210083
v 0.231581 0.867227 -0.205896
v 0.079040 0.978991 -0.256050
v 0.184180 0.588208 -0.132183
v 0.266347 0.817379 -0.197226
v 0.147950 0.702837 -0.172220
v 0.144298 0.916614 -0.262262
v 0.094899 0.895671 -0.271045
v 0.194552 0.977253 -0.255586
v 0.189296 0.938600 -0.250370
v 0.089458 0.715044 -0.200531
v 0.117550 0.724195 -0.198753
v 0.145800 0.752051 -0.191118
v 0.162853 0.703222 -0.158265
v 0.181351 0.699798 -0.149770
v 0.168115 0.661590 -0.140271
v 0.155870 0.645484 -0.144718
v 0.148061 0.669486 -0.155045
v 0.218660 1.091862 -0.419165
v 0.239949 1.099014 -0.408379
v 0.222497 1.102272 -0.406347
v 0.191893 0.492119 -0.230690
v 0.265599 0.836094 -0.207529
v 0.213729 1.027105 -0.373205
v 0.126526 0.767916 -0.195870
v 0.101863 0.761539 -0.199662
v 0.198333 0.850259 -0.199102
v 0.211563 0.878205 -0.213120
v 0.220109 0.835145 -0.193184
v 0.096878 1.028743 -0.252283
v 0.136111 1.005126 -0.254849
v 0.096336 0.948040 -0.259737
v 0.047234 0.930963 -0.263809
v 0.043960 0.967621 -0.257711
v 0.049389 1.041136 -0.251056
v 0.164488 0.620315 -0.133750
v 0.182958 0.645318 -0.133080
v 0.197304 0.636314 -0.130084
v 0.164525 0.581685 -0.135743
v 0.155119 0.613598 -0.139725
v 0.196685 0.525568 -0.149365
v 0.178658 0.525893 -0.147515
v 0.210593 0.630719 -0.129673
v 0.202851 0.579546 -0.138670
v 0.276830 0.831758 -0.209183
v 0.274234 0.791124 -0.187918
v 0.191101 0.735183 -0.159465
v 0.180654 0.747071 -0.168708
v 0.203678 0.781038 -0.174418
v 0.209758 0.745019 -0.157010
v 0.171195 0.746678 -0.175898
v 0.143561 0.663011 -0.162039
v 0.139225 0.686092 -0.180887
v 0.143336 0.710027 -0.189883
v 0.166673 0.746300 -0.185652
v 0.136891 0.695009 -0.194216
v 0.208583 0.446706 -0.188827
v 0.207671 0.463630 -0.174327
v 0.221970 0.463126 -0.181201
v 0.206898 1.056303 -0.455821
v 0.209358 1.054433 -0.459896
v 0.235512 1.059984 -0.455715
v 0.233079 1.061366 -0.450361
v 0.200639 1.063171 -0.446226
v 0.172783 1.065816 -0.455008
v 0.175786 1.052647 -0.462853
v 0.143852 1.066553 -0.460151
v 0.143795 1.052173 -0.469031
v 0.143469 1.051332 -0.475949
v 0.171290 1.051711 -0.468034
v 0.100294 1.050802 -0.473767
v 0.100540 1.046783 -0.480457
v 0.052013 1.048079 -0.475078
v 0.052466 1.046622 -0.481859
v 0.099714 1.041162 -0.464538
v 0.142294 1.045600 -0.462280
v 0.141674 1.043432 -0.454167
v 0.208762 1.053340 -0.447889
v 0.209273 1.054158 -0.454268
v 0.232708 1.057807 -0.443385
v 0.234438 1.058705 -0.449843
v 0.251241 1.065477 -0.433350
v 0.254947 1.067329 -0.437774
v 0.258300 1.069170 -0.441546
v 0.269379 1.077950 -0.419688
v 0.273236 1.080260 -0.422202
v 0.270517 1.082491 -0.420817
v 0.255333 1.070691 -0.438581
v 0.261827 1.085041 -0.415715
v 0.247272 1.075813 -0.431049
v 0.226295 1.067631 -0.440993
v 0.220225 1.077132 -0.433266
v 0.195872 1.074171 -0.436283
v 0.172022 1.080810 -0.445838
v 0.149185 1.082739 -0.449903
v 0.102929 1.082590 -0.453243
v 0.099955 1.065029 -0.463385
v 0.050397 1.062556 -0.464857
v 0.051256 1.037813 -0.457961
v 0.051819 1.040287 -0.466651
v 0.099597 1.038666 -0.455993
v 0.099998 1.033244 -0.437061
v 0.142266 1.038758 -0.436467
v 0.207753 1.050245 -0.434538
v 0.229617 1.055109 -0.431920
v 0.245160 1.061137 -0.425074
v 0.257053 1.068084 -0.411132
v 0.265091 1.075049 -0.416772
v 0.274067 1.081358 -0.395684
v 0.278732 1.084937 -0.397460
v 0.278749 1.082355 -0.373617
v 0.283880 1.085436 -0.374346
v 0.288282 1.088073 -0.374986
v 0.283615 1.087665 -0.399166
v 0.285378 1.090448 -0.374660
v 0.280364 1.090239 -0.398487
v 0.276562 1.093222 -0.373778
v 0.271430 1.091925 -0.395961
v 0.262272 1.099861 -0.394516
v 0.253260 1.092424 -0.412914
v 0.240404 1.083750 -0.425541
v 0.268281 1.102395 -0.372190
v 0.252508 1.111548 -0.369229
v 0.246733 1.107600 -0.391406
v 0.237413 1.116654 -0.366439
v 0.229127 1.112197 -0.388454
v 0.210059 1.120765 -0.362299
v 0.201904 1.113712 -0.384679
v 0.196742 1.101353 -0.403863
v 0.195030 1.089669 -0.419260
v 0.177682 1.113039 -0.409611
v 0.176419 1.100381 -0.427402
v 0.152688 1.105230 -0.430418
v 0.104323 1.108590 -0.431896
v 0.047538 1.108501 -0.432446
v 0.048108 1.080312 -0.454712
v 0.060524 0.795432 -0.211342
v 0.051462 0.755463 -0.203920
v 0.047092 1.021702 -0.301717
v 0.050598 1.032804 -0.439084
v 0.104118 1.017869 -0.306173
v 0.146929 1.022344 -0.314826
v 0.265183 1.073059 -0.392060
v 0.269113 1.074034 -0.372569
v 0.270675 1.071524 -0.358231
v 0.280236 1.079166 -0.356187
v 0.280826 1.072236 -0.340601
v 0.286209 1.074530 -0.338798
v 0.285593 1.081836 -0.355540
v 0.290571 1.075861 -0.337691
v 0.289677 1.083975 -0.355059
v 0.286918 1.077895 -0.336365
v 0.287090 1.086323 -0.354163
v 0.279180 1.081641 -0.333842
v 0.278379 1.089348 -0.352872
v 0.272443 1.090065 -0.328545
v 0.271202 1.098626 -0.349705
v 0.257040 1.099164 -0.322562
v 0.255873 1.108321 -0.345631
v 0.243205 1.104106 -0.319171
v 0.242179 1.113732 -0.342548
v 0.222161 1.109196 -0.315868
v 0.218520 1.118607 -0.338533
v 0.183888 1.122209 -0.337169
v 0.183333 1.124021 -0.360973
v 0.179859 1.122098 -0.386217
v 0.152655 1.138428 -0.360351
v 0.153393 1.132507 -0.386619
v 0.153951 1.119394 -0.411170
v 0.108244 1.137550 -0.381888
v 0.105548 1.124628 -0.408441
v 0.052110 1.140536 -0.376780
v 0.049544 1.127191 -0.404805
v 0.052342 1.077121 -0.260828
v 0.053019 1.108186 -0.278423
v 0.105859 1.102720 -0.277968
v 0.102475 1.071230 -0.262065
v 0.145235 1.095046 -0.275418
v 0.145313 1.062102 -0.262316
v 0.175891 1.081488 -0.281481
v 0.168788 1.045943 -0.267724
v 0.153618 0.987199 -0.259527
v 0.104507 0.928732 -0.260920
v 0.050831 0.916119 -0.266149
v 0.059532 0.894128 -0.273912
v 0.088843 0.886763 -0.263355
v 0.062531 0.887508 -0.264499
v 0.063930 0.879493 -0.254243
v 0.064271 0.864149 -0.239525
v 0.063266 0.834394 -0.223395
v 0.082115 0.860290 -0.238167
v 0.079719 0.831314 -0.222099
v 0.077047 0.796563 -0.211968
v 0.095681 0.832994 -0.211412
v 0.090088 0.798433 -0.202587
v 0.080598 0.761308 -0.203241
v 0.069436 0.759365 -0.210656
v 0.067368 0.714723 -0.206489
v 0.044797 0.716642 -0.198494
v 0.110537 0.690983 -0.188616
v 0.082761 0.687918 -0.183646
v 0.116310 0.680887 -0.174333
v 0.122047 0.662997 -0.156636
v 0.093597 0.660321 -0.157153
v 0.088385 0.678256 -0.172065
v 0.127371 0.639037 -0.144271
v 0.149167 0.639674 -0.149301
v 0.140192 0.573431 -0.134305
v 0.133736 0.609534 -0.137225
v 0.105613 0.569586 -0.132470
v 0.102155 0.606511 -0.135399
v 0.098135 0.637296 -0.144170
v 0.042290 0.603785 -0.133635
v 0.041510 0.637771 -0.144163
v 0.040790 0.661730 -0.157454
v 0.040145 0.678651 -0.170463
v 0.040720 0.687527 -0.180944
v 0.271435 1.065750 -0.345058
v 0.272546 1.055800 -0.333349
v 0.274084 1.041788 -0.324304
v 0.283472 1.044830 -0.316709
v 0.281901 1.060851 -0.327179
v 0.289598 1.045279 -0.314920
v 0.287807 1.062263 -0.325218
v 0.289704 1.046731 -0.311396
v 0.290969 1.064358 -0.322279
v 0.283800 1.046661 -0.311848
v 0.286222 1.064550 -0.322424
v 0.276676 1.051614 -0.302341
v 0.278616 1.069274 -0.316987
v 0.266993 1.056924 -0.292750
v 0.271132 1.076117 -0.309455
v 0.247289 1.063182 -0.283746
v 0.254701 1.083852 -0.301456
v 0.231410 1.067649 -0.279781
v 0.240257 1.088735 -0.297595
v 0.207692 1.072954 -0.278033
v 0.218876 1.094068 -0.294957
v 0.179781 1.102069 -0.295600
v 0.181495 1.116191 -0.314272
v 0.147015 1.115918 -0.291481
v 0.149540 1.129664 -0.311516
v 0.151678 1.137035 -0.335013
v 0.111204 1.136323 -0.312393
v 0.112262 1.143897 -0.333909
v 0.111023 1.144184 -0.357346
v 0.055345 1.146217 -0.332415
v 0.054360 1.146477 -0.354081
v 0.055084 1.139475 -0.312307
v 0.054019 1.126320 -0.294392
v 0.108682 1.122399 -0.294012
v 0.189204 1.035092 -0.264850
v 0.214610 1.035510 -0.264817
v 0.235705 1.035304 -0.268949
v 0.221526 0.981811 -0.256992
v 0.219905 0.944640 -0.249431
v 0.218556 0.914074 -0.236571
v 0.184723 0.912340 -0.240691
v 0.173694 0.884604 -0.224303
v 0.117503 0.881407 -0.241048
v 0.129892 0.897840 -0.254346
v 0.085381 0.876902 -0.252540
v 0.104779 0.861978 -0.224989
v 0.160578 0.859436 -0.211202
v 0.149110 0.833346 -0.198944
v 0.181402 0.826709 -0.192128
v 0.155700 0.794640 -0.190749
v 0.128358 0.797974 -0.196683
v 0.199608 0.813658 -0.186948
v 0.173716 0.786251 -0.185561
v 0.192578 0.781676 -0.185910
v 0.211506 0.803568 -0.188780
v 0.215142 0.801073 -0.183183
v 0.197028 0.782681 -0.179984
v 0.220417 0.792880 -0.176526
v 0.244772 0.796780 -0.178793
v 0.246395 0.740422 -0.154722
v 0.227224 0.743267 -0.153592
v 0.237136 0.814612 -0.187085
v 0.231037 0.819264 -0.192883
v 0.233956 0.684936 -0.137187
v 0.217795 0.691086 -0.139709
v 0.199844 0.696029 -0.143714
v 0.254468 0.678896 -0.138274
v 0.230429 0.624060 -0.135544
v 0.224422 0.573701 -0.144367
v 0.229320 0.528287 -0.154350
v 0.211458 0.526019 -0.150939
v 0.211062 0.485599 -0.164328
v 0.197628 0.484185 -0.162165
v 0.195308 0.463382 -0.173916
v 0.181406 0.464721 -0.176995
v 0.180691 0.483787 -0.163319
v 0.146343 0.481463 -0.160009
v 0.143973 0.524317 -0.142654
v 0.106913 0.483606 -0.157844
v 0.107542 0.524482 -0.142025
v 0.044767 0.485966 -0.156150
v 0.043395 0.526476 -0.139410
v 0.042527 0.566671 -0.129799
v 0.276640 1.021342 -0.316954
v 0.278481 0.989815 -0.308481
v 0.289212 0.988702 -0.300009
v 0.286023 1.022352 -0.308508
v 0.291202 0.988285 -0.296540
v 0.291181 1.022119 -0.306547
v 0.285174 0.987606 -0.296027
v 0.287831 1.022729 -0.303282
v 0.281456 0.988135 -0.290619
v 0.282745 1.023514 -0.301147
v 0.272400 0.989568 -0.277352
v 0.274759 1.027045 -0.288983
v 0.255676 0.987601 -0.266260
v 0.261142 1.030860 -0.277836
v 0.253727 0.946819 -0.255663
v 0.254326 0.908018 -0.237061
v 0.272001 0.947345 -0.264876
v 0.274195 0.905137 -0.244506
v 0.276508 0.865705 -0.226208
v 0.287078 0.862675 -0.239476
v 0.291287 0.827085 -0.218635
v 0.293380 0.780015 -0.193804
v 0.291271 0.724382 -0.164836
v 0.274644 0.731273 -0.158776
v 0.268201 0.672392 -0.147655
v 0.240116 0.620372 -0.146820
v 0.236489 0.571623 -0.153462
v 0.242324 0.527690 -0.163342
v 0.239017 0.489656 -0.176723
v 0.227632 0.488885 -0.169104
v 0.231012 0.463631 -0.187505
v 0.216141 0.438182 -0.200060
v 0.206387 0.435160 -0.201771
v 0.198732 0.445206 -0.190094
v 0.186328 0.446372 -0.193220
v 0.147187 0.445407 -0.189851
v 0.147370 0.462629 -0.172977
v 0.105315 0.463975 -0.170597
v 0.046095 0.465159 -0.169884
v 0.233218 0.995049 -0.346308
v 0.231166 0.945200 -0.337697
v 0.231891 0.889700 -0.323610
v 0.285688 0.904427 -0.278496
v 0.280548 0.948716 -0.297028
v 0.297242 0.906164 -0.271235
v 0.292192 0.949013 -0.288464
v 0.296017 0.905722 -0.267804
v 0.292476 0.948394 -0.284843
v 0.290136 0.903804 -0.264563
v 0.286393 0.946817 -0.283734
v 0.285928 0.903728 -0.257690
v 0.282001 0.946919 -0.277568
v 0.292944 0.862601 -0.245084
v 0.300149 0.863753 -0.248685
v 0.301170 0.823960 -0.228894
v 0.295947 0.824930 -0.224230
v 0.304164 0.774467 -0.203080
v 0.298909 0.776845 -0.198707
v 0.301310 0.717307 -0.175216
v 0.296689 0.720647 -0.169804
v 0.272064 0.666920 -0.162558
v 0.270656 0.669449 -0.154990
v 0.244795 0.615766 -0.162335
v 0.242519 0.618184 -0.154348
v 0.241784 0.568991 -0.167961
v 0.239563 0.570397 -0.160678
v 0.250595 0.526765 -0.176227
v 0.246341 0.527166 -0.170007
v 0.250640 0.488155 -0.184440
v 0.244165 0.489412 -0.181348
v 0.241958 0.461576 -0.192314
v 0.236095 0.463289 -0.190809
v 0.227904 0.433090 -0.207046
v 0.221415 0.435619 -0.204301
v 0.215647 0.425315 -0.211098
v 0.210996 0.430885 -0.207110
v 0.198827 0.423364 -0.211391
v 0.195704 0.428957 -0.208092
v 0.191964 0.434444 -0.203428
v 0.145829 0.434673 -0.201780
v 0.101897 0.435506 -0.200933
v 0.103251 0.446301 -0.187793
v 0.048747 0.446360 -0.187620
v 0.051941 0.434974 -0.201640
v 0.053215 0.429582 -0.207772
v 0.102133 0.430212 -0.206813
v 0.102456 0.424620 -0.212250
v 0.053679 0.424016 -0.213070
v 0.145534 0.429306 -0.207256
v 0.145202 0.423440 -0.211403
v 0.146071 0.417791 -0.213618
v 0.103071 0.418149 -0.214059
v 0.200386 0.419511 -0.214852
v 0.200526 0.431788 -0.212628
v 0.217827 0.423285 -0.214427
v 0.213810 0.435001 -0.212139
v 0.222177 0.440773 -0.209553
v 0.233117 0.463673 -0.199620
v 0.240294 0.485648 -0.194572
v 0.244255 0.460942 -0.194528
v 0.252953 0.487050 -0.187241
v 0.255736 0.526081 -0.181390
v 0.239969 0.562024 -0.186154
v 0.245010 0.520865 -0.190531
v 0.246752 0.567733 -0.174234
v 0.248544 0.612768 -0.169262
v 0.270296 0.658951 -0.176242
v 0.241804 0.608011 -0.178974
v 0.273216 0.664427 -0.169809
v 0.305298 0.715123 -0.179470
v 0.301807 0.775737 -0.213275
v 0.299348 0.714581 -0.189326
v 0.310342 0.774325 -0.204685
v 0.306797 0.824902 -0.230531
v 0.291518 0.862577 -0.255146
v 0.296725 0.826634 -0.237549
v 0.303599 0.863963 -0.251236
v 0.240628 0.836741 -0.293593
v 0.243030 0.795270 -0.276354
v 0.241712 0.729399 -0.256003
v 0.202334 0.655742 -0.252861
v 0.200251 0.591112 -0.249739
v 0.197290 0.548797 -0.244712
v 0.188370 0.515555 -0.237593
v 0.177036 0.496394 -0.228525
v 0.149351 0.429147 -0.214248
v 0.105911 0.429109 -0.215641
v 0.055184 0.429012 -0.217091
v 0.054457 0.417549 -0.214839
v 0.230543 0.850772 -0.312114
v 0.126338 0.503464 -0.240264
v 0.053266 0.505352 -0.248366
v 0.230789 0.432547 -0.208830
v 0.003276 0.418286 0.199272
v 0.003276 0.429640 0.235569
v 0.003276 0.428382 0.261055
v 0.003276 0.429869 0.254052
v 0.003276 0.395332 0.061452
v 0.003276 0.397093 0.084241
v 0.003276 0.399676 0.106994
v 0.003276 0.406193 0.153172
v 0.003276 0.412477 0.283741
v 0.003276 0.422173 0.273405
v 0.003276 0.399223 0.291273
v 0.003276 0.373129 0.305786
v 0.003276 0.382230 0.299814
v 0.003276 0.430103 -0.188047
v 0.003276 0.356027 0.323635
v 0.003276 0.361480 0.317006
v 0.003276 0.435224 -0.203022
v 0.003276 0.353007 0.327883
v 0.003276 0.348012 0.336525
v 0.003276 0.431953 -0.216902
v 0.003276 0.432687 -0.215250
v 0.003276 0.437948 -0.208706
v 0.003276 0.432589 -0.219465
v 0.003276 0.343001 0.347829
v 0.003276 0.344429 0.346245
v 0.003276 0.345218 0.344321
v 0.003276 0.471656 -0.122580
v 0.003276 0.465211 -0.162505
v 0.003276 0.454557 -0.187774
v 0.003276 0.449344 -0.196691
v 0.003276 0.339442 0.349536
v 0.003276 0.341150 0.348851
v 0.003276 0.465000 -0.030499
v 0.003276 0.466909 -0.078049
v 0.003276 0.347007 0.349054
v 0.003276 0.343011 0.349797
v 0.003276 0.456378 0.010347
v 0.003276 0.447446 0.045529
v 0.003276 0.450340 0.033796
v 0.003276 0.356192 0.348456
v 0.003276 0.447747 0.053546
v 0.003276 0.446769 0.049708
v 0.003276 0.462117 0.096440
v 0.003276 0.450882 0.065897
v 0.003276 0.383434 0.346138
v 0.003276 0.375813 0.347374
v 0.003276 0.477431 0.143659
v 0.003276 0.395907 0.343075
v 0.003276 0.480406 0.245310
v 0.003276 0.482691 0.195295
v 0.003276 0.436025 0.325150
v 0.003276 0.470360 0.292731
v 0.226382 0.433783 -0.212329
v 0.226066 0.442328 0.212127
v 0.239295 0.440011 -0.196121
v 0.223718 0.433327 -0.214450
v 0.226771 0.435250 -0.213892
v 0.230714 0.409711 0.325526
v 0.221690 0.397484 0.328757
v 0.213347 0.409933 0.325636
v 0.210578 0.426144 0.320485
v 0.235146 0.424383 0.320494
v 0.219434 0.432611 -0.216799
v 0.219611 0.397229 0.292193
v 0.217497 0.404336 0.288791
v 0.242405 0.441307 -0.189591
v 0.241077 0.441540 -0.189868
v 0.236496 0.439993 -0.198589
v 0.223970 0.433518 -0.216244
v 0.224162 0.436011 -0.213009
v 0.256627 0.440396 -0.170155
v 0.255747 0.441862 -0.168698
v 0.231234 0.437020 -0.198712
v 0.241501 0.430850 -0.175225
v 0.256006 0.426848 -0.139583
v 0.251399 0.420354 -0.142323
v 0.247976 0.425501 -0.100177
v 0.240873 0.416426 -0.101966
v 0.241264 0.421595 -0.063109
v 0.228366 0.412220 -0.063208
v 0.232380 0.416399 -0.018991
v 0.183632 0.403689 0.022117
v 0.183129 0.400738 0.066129
v 0.181662 0.401720 0.087979
v 0.091232 0.398958 0.086072
v 0.091346 0.401558 0.108854
v 0.089505 0.409221 0.153087
v 0.086151 0.429096 0.232388
v 0.087812 0.420684 0.197148
v 0.178813 0.415833 0.161744
v 0.180686 0.403006 0.111677
v 0.239971 0.417333 0.064196
v 0.236809 0.417662 0.023129
v 0.248081 0.425130 0.023280
v 0.244774 0.425259 -0.018457
v 0.252581 0.434355 -0.018218
v 0.249072 0.430759 -0.063033
v 0.254172 0.438304 -0.060754
v 0.251605 0.432919 -0.098595
v 0.260757 0.438395 -0.135021
v 0.248540 0.435679 -0.171689
v 0.255667 0.439292 -0.170178
v 0.256073 0.443587 -0.094936
v 0.257968 0.440422 -0.018182
v 0.255280 0.432278 0.023327
v 0.250947 0.424306 0.063217
v 0.250847 0.424276 0.082154
v 0.239184 0.417502 0.083505
v 0.236075 0.418316 0.103202
v 0.166698 0.428972 0.193015
v 0.159537 0.430107 0.234546
v 0.159684 0.432639 0.215379
v 0.220203 0.423880 0.175624
v 0.230643 0.415766 0.142210
v 0.241732 0.419821 0.137316
v 0.248232 0.424282 0.100844
v 0.254402 0.429308 0.099329
v 0.256991 0.430017 0.081245
v 0.257463 0.430594 0.062195
v 0.261785 0.436610 0.060641
v 0.259892 0.438305 0.023596
v 0.266004 0.443155 -0.014284
v 0.262671 0.442619 -0.055269
v 0.261865 0.447983 -0.089352
v 0.265743 0.443640 -0.131595
v 0.264927 0.445620 -0.130740
v 0.263460 0.447239 -0.129767
v 0.261590 0.447107 -0.128373
v 0.254937 0.442448 -0.167626
v 0.253764 0.442644 -0.166262
v 0.238382 0.441732 -0.188954
v 0.233735 0.440682 -0.198833
v 0.231178 0.440784 -0.198035
v 0.220238 0.437668 -0.209320
v 0.219777 0.432774 -0.217484
v 0.216855 0.432426 -0.217982
v 0.216184 0.431399 -0.215457
v 0.218749 0.431531 -0.215149
v 0.219363 0.432846 -0.212912
v 0.222205 0.434220 -0.198391
v 0.218320 0.433788 -0.198144
v 0.229198 0.427058 -0.179258
v 0.220699 0.425300 -0.180996
v 0.233081 0.413466 -0.147689
v 0.184445 0.404564 -0.118170
v 0.180785 0.401875 -0.069173
v 0.091099 0.396350 0.063229
v 0.182113 0.404085 -0.022328
v 0.229027 0.409412 -0.105353
v 0.244136 0.414664 -0.144942
v 0.236302 0.428300 -0.177361
v 0.225250 0.435372 -0.198443
v 0.084965 0.426604 0.263597
v 0.085101 0.428252 0.255732
v 0.159650 0.427918 0.244057
v 0.209433 0.442088 0.194127
v 0.232256 0.422182 0.170589
v 0.247626 0.424368 0.134832
v 0.259009 0.434331 0.097436
v 0.261398 0.435735 0.079340
v 0.267143 0.442192 0.023590
v 0.259296 0.447010 -0.048018
v 0.257512 0.446490 -0.046300
v 0.259714 0.448988 -0.087656
v 0.257420 0.449335 -0.085877
v 0.255039 0.448918 -0.084177
v 0.254798 0.450263 -0.082459
v 0.260353 0.446161 -0.126521
v 0.258260 0.447343 -0.123503
v 0.252193 0.439926 -0.164276
v 0.250106 0.442363 -0.162693
v 0.235742 0.441488 -0.187955
v 0.231343 0.445010 -0.187519
v 0.226525 0.441705 -0.196413
v 0.214760 0.438179 -0.208656
v 0.212864 0.432194 -0.218247
v 0.212956 0.431358 -0.215934
v 0.213353 0.432350 -0.212964
v 0.216586 0.432588 -0.212826
v 0.212833 0.433062 -0.197356
v 0.177071 0.426612 -0.185414
v 0.184414 0.414035 -0.157377
v 0.084480 0.420930 0.276374
v 0.159744 0.422323 0.261045
v 0.203461 0.442743 0.223214
v 0.202163 0.446197 0.213282
v 0.225831 0.435014 0.193008
v 0.233843 0.433609 0.190404
v 0.238668 0.423507 0.166410
v 0.243256 0.424461 0.163964
v 0.252107 0.427562 0.131965
v 0.266862 0.440668 0.093354
v 0.268419 0.442143 0.076225
v 0.268624 0.442258 0.058608
v 0.265360 0.446330 0.025491
v 0.261233 0.447047 -0.009382
v 0.259212 0.446262 -0.008152
v 0.258290 0.445945 -0.006975
v 0.256743 0.447205 -0.044828
v 0.256380 0.449428 -0.043362
v 0.256009 0.451719 -0.041990
v 0.253943 0.455434 -0.079708
v 0.256218 0.452059 -0.121918
v 0.243456 0.449213 -0.162819
v 0.222808 0.449179 -0.187361
v 0.220235 0.444667 -0.196475
v 0.213890 0.447043 -0.197085
v 0.210986 0.438294 -0.207668
v 0.208653 0.432059 -0.218347
v 0.208604 0.431143 -0.215970
v 0.208896 0.432154 -0.213155
v 0.172573 0.432002 -0.198185
v 0.081879 0.398580 0.293653
v 0.083287 0.411607 0.286642
v 0.158765 0.413352 0.274593
v 0.216971 0.425997 0.269266
v 0.213559 0.434833 0.246898
v 0.239548 0.439141 0.237078
v 0.246712 0.440278 0.235152
v 0.237329 0.440313 0.209481
v 0.238474 0.432695 0.188272
v 0.261241 0.430889 0.126846
v 0.269786 0.445914 0.073065
v 0.269064 0.446343 0.057093
v 0.267300 0.445999 0.056964
v 0.263409 0.446186 0.026140
v 0.261955 0.445056 0.026719
v 0.261040 0.444854 0.027241
v 0.257927 0.447771 -0.005837
v 0.257509 0.449831 -0.004644
v 0.256510 0.454375 -0.001961
v 0.255148 0.456937 -0.039838
v 0.253787 0.464158 -0.037812
v 0.252660 0.462569 -0.078431
v 0.248242 0.465771 -0.123284
v 0.229058 0.460325 -0.163579
v 0.214801 0.465952 -0.163321
v 0.214245 0.451862 -0.189680
v 0.166952 0.431457 -0.212846
v 0.083455 0.432640 -0.201193
v 0.084694 0.427773 -0.188962
v 0.080241 0.375369 0.305058
v 0.080690 0.383089 0.300684
v 0.157843 0.401042 0.284791
v 0.216632 0.416588 0.282032
v 0.245580 0.432459 0.266855
v 0.254852 0.434283 0.265326
v 0.260319 0.437717 0.265668
v 0.251244 0.441623 0.234094
v 0.241576 0.441117 0.207573
v 0.245713 0.429270 0.185870
v 0.252475 0.424127 0.159871
v 0.259562 0.436947 0.120135
v 0.268548 0.445417 0.089361
v 0.266552 0.445756 0.088039
v 0.267917 0.445669 0.072268
v 0.264724 0.445281 0.086723
v 0.266189 0.444817 0.071587
v 0.265403 0.445003 0.056827
v 0.264557 0.443464 0.070832
v 0.263792 0.443639 0.056667
v 0.262674 0.443661 0.056500
v 0.260528 0.446475 0.027799
v 0.259306 0.450032 0.029435
v 0.255132 0.460510 0.001797
v 0.246635 0.478562 -0.077366
v 0.231322 0.486234 -0.075187
v 0.231968 0.478874 -0.123922
v 0.219967 0.481800 -0.122164
v 0.164248 0.454712 -0.188931
v 0.164450 0.448537 -0.197391
v 0.164900 0.436278 -0.207938
v 0.165220 0.431200 -0.218351
v 0.165896 0.430027 -0.215639
v 0.079715 0.364257 0.314843
v 0.157606 0.377953 0.297077
v 0.157544 0.385574 0.292627
v 0.226747 0.385084 0.299497
v 0.236257 0.394532 0.297308
v 0.241199 0.404095 0.293836
v 0.244934 0.420548 0.284631
v 0.254747 0.421355 0.286300
v 0.260931 0.423415 0.288870
v 0.248568 0.438321 0.205173
v 0.248475 0.429211 0.151767
v 0.247858 0.429653 0.149757
v 0.258132 0.436838 0.117876
v 0.257567 0.436382 0.115883
v 0.257415 0.438708 0.114594
v 0.263640 0.444015 0.085553
v 0.263226 0.444566 0.084680
v 0.262790 0.443323 0.070241
v 0.260736 0.446662 0.069315
v 0.260586 0.446991 0.056318
v 0.258395 0.450305 0.056564
v 0.257475 0.454052 0.031660
v 0.246598 0.474208 0.010442
v 0.246351 0.479532 -0.034010
v 0.229888 0.486129 -0.030276
v 0.220643 0.487575 -0.074106
v 0.159435 0.480642 -0.120438
v 0.162840 0.468694 -0.161329
v 0.077327 0.430544 -0.218333
v 0.078185 0.429486 -0.216098
v 0.079354 0.430466 -0.213582
v 0.079281 0.354659 0.327482
v 0.079639 0.358175 0.322226
v 0.157974 0.366643 0.307066
v 0.231444 0.378710 0.306462
v 0.241808 0.389638 0.302931
v 0.248833 0.400849 0.298336
v 0.245799 0.386567 0.309098
v 0.253720 0.399255 0.303752
v 0.268705 0.428921 0.295198
v 0.267199 0.444843 0.266685
v 0.258576 0.443140 0.231010
v 0.246119 0.442379 0.202859
v 0.242097 0.433324 0.180971
v 0.240927 0.434015 0.179784
v 0.241093 0.435129 0.178549
v 0.248178 0.431454 0.148115
v 0.248419 0.433799 0.146540
v 0.248591 0.436173 0.144932
v 0.257229 0.440993 0.113387
v 0.256627 0.445711 0.110793
v 0.261715 0.448270 0.083040
v 0.259732 0.451916 0.081226
v 0.258267 0.449901 0.068439
v 0.247856 0.465112 0.038311
v 0.226617 0.480500 0.016172
v 0.211691 0.480620 0.018973
v 0.218275 0.487312 -0.027713
v 0.153712 0.482184 -0.073093
v 0.068654 0.468244 -0.161710
v 0.072674 0.456479 -0.185701
v 0.073990 0.449761 -0.195232
v 0.075429 0.435860 -0.207991
v 0.158056 0.360525 0.315229
v 0.158286 0.356949 0.321701
v 0.234524 0.375136 0.313226
v 0.250682 0.384671 0.319560
v 0.259362 0.399240 0.313305
v 0.258738 0.445943 0.228226
v 0.256740 0.447002 0.227983
v 0.244604 0.443731 0.202352
v 0.242709 0.444030 0.202242
v 0.242189 0.445533 0.201214
v 0.241290 0.436801 0.177055
v 0.241504 0.438643 0.175501
v 0.248759 0.441266 0.141372
v 0.255464 0.451118 0.107879
v 0.251205 0.461467 0.076584
v 0.249533 0.458651 0.066683
v 0.249332 0.459590 0.058343
v 0.226369 0.472118 0.045218
v 0.207569 0.472449 0.047184
v 0.142156 0.469563 0.021247
v 0.147783 0.477214 -0.024244
v 0.055319 0.474239 -0.077758
v 0.062084 0.474904 -0.125941
v 0.079163 0.350202 0.336381
v 0.238627 0.372226 0.324184
v 0.265300 0.399981 0.319524
v 0.275371 0.434688 0.299434
v 0.277569 0.435573 0.299755
v 0.273407 0.450285 0.264098
v 0.274789 0.448659 0.264267
v 0.271280 0.451395 0.264093
v 0.255283 0.446504 0.227580
v 0.253864 0.447462 0.226940
v 0.252951 0.449773 0.225924
v 0.241607 0.447456 0.200080
v 0.240428 0.451834 0.197672
v 0.241902 0.443339 0.172260
v 0.241203 0.449508 0.169455
v 0.247868 0.447821 0.138275
v 0.247630 0.463915 0.102088
v 0.226603 0.466429 0.064615
v 0.226579 0.467257 0.060307
v 0.205453 0.466848 0.061413
v 0.205910 0.468416 0.057487
v 0.138125 0.464574 0.039865
v 0.051757 0.471502 -0.027002
v 0.078541 0.346388 0.345573
v 0.078695 0.347395 0.343842
v 0.159724 0.352951 0.332854
v 0.242890 0.369754 0.331545
v 0.255734 0.383473 0.326635
v 0.244185 0.368825 0.332937
v 0.257506 0.383030 0.327867
v 0.267421 0.400017 0.320456
v 0.259425 0.382475 0.329081
v 0.269657 0.400025 0.321424
v 0.268750 0.401128 0.322225
v 0.277463 0.438057 0.300543
v 0.279132 0.436376 0.299904
v 0.268920 0.451636 0.263966
v 0.267288 0.450161 0.263433
v 0.251181 0.454632 0.224360
v 0.239241 0.457507 0.194582
v 0.232433 0.463830 0.161435
v 0.239829 0.462106 0.130835
v 0.226367 0.471439 0.090864
v 0.227095 0.467984 0.069825
v 0.204980 0.468215 0.065486
v 0.134242 0.459655 0.053452
v 0.135508 0.460915 0.049444
v 0.056083 0.454189 0.036635
v 0.053311 0.461532 0.018939
v 0.078016 0.341869 0.348895
v 0.078192 0.343349 0.348163
v 0.078368 0.345031 0.347030
v 0.159579 0.349454 0.340282
v 0.245652 0.367682 0.334162
v 0.247309 0.366407 0.335830
v 0.259574 0.382907 0.330186
v 0.245541 0.368346 0.335748
v 0.258062 0.383897 0.329557
v 0.266783 0.401999 0.321552
v 0.274922 0.438553 0.299789
v 0.271179 0.437845 0.297162
v 0.264651 0.452231 0.261765
v 0.262704 0.456352 0.262022
v 0.248435 0.462314 0.224023
v 0.230808 0.473283 0.190040
v 0.220000 0.472723 0.119181
v 0.203890 0.473196 0.080189
v 0.130070 0.464002 0.069196
v 0.132873 0.460047 0.057257
v 0.059106 0.448460 0.050962
v 0.058344 0.449632 0.046754
v 0.077588 0.345163 0.348911
v 0.159337 0.344701 0.344003
v 0.159423 0.346431 0.342800
v 0.159521 0.348062 0.341700
v 0.242704 0.371175 0.333937
v 0.254504 0.385878 0.327566
v 0.262892 0.403358 0.319469
v 0.269560 0.440682 0.297807
v 0.239283 0.479904 0.228540
v 0.210818 0.485322 0.189428
v 0.212470 0.475371 0.153200
v 0.195991 0.478591 0.150241
v 0.199989 0.475609 0.110319
v 0.127714 0.469142 0.098798
v 0.060623 0.450707 0.068672
v 0.059726 0.449020 0.055328
v 0.077146 0.349116 0.348134
v 0.158021 0.347992 0.344159
v 0.159084 0.344560 0.345051
v 0.240404 0.372994 0.331173
v 0.251734 0.387757 0.325291
v 0.260031 0.405850 0.318018
v 0.261647 0.447328 0.302022
v 0.253994 0.470471 0.269522
v 0.219166 0.491725 0.234657
v 0.197224 0.487556 0.192003
v 0.127428 0.475718 0.148348
v 0.061364 0.457528 0.099376
v 0.076307 0.357809 0.347053
v 0.156891 0.351463 0.342638
v 0.244573 0.396020 0.326192
v 0.252561 0.414309 0.319319
v 0.237948 0.453925 0.305425
v 0.230561 0.478117 0.279262
v 0.209151 0.478140 0.281840
v 0.203455 0.491930 0.238120
v 0.131597 0.481889 0.197985
v 0.063146 0.468593 0.145867
v 0.075242 0.379330 0.345458
v 0.154361 0.358729 0.339981
v 0.233891 0.380797 0.330882
v 0.212368 0.454320 0.306336
v 0.136906 0.483141 0.245102
v 0.067841 0.480408 0.245821
v 0.065089 0.477046 0.195062
v 0.074606 0.400517 0.340405
v 0.074988 0.388067 0.343866
v 0.144972 0.444406 0.312516
v 0.141362 0.470996 0.287771
v 0.070775 0.470749 0.292772
v 0.072994 0.438091 0.323282
v 0.148479 0.407848 0.330498
v 0.150139 0.390892 0.335914
v 0.151340 0.379336 0.338279
v -0.219830 0.433783 -0.212329
v -0.219514 0.442328 0.212127
v -0.232742 0.440011 -0.196121
v -0.217166 0.433327 -0.214450
v -0.220219 0.435250 -0.213892
v -0.224162 0.409711 0.325526
v -0.215137 0.397484 0.328757
v -0.206795 0.409933 0.325636
v -0.204026 0.426144 0.320485
v -0.228593 0.424383 0.320494
v -0.212881 0.432611 -0.216799
v -0.213059 0.397229 0.292193
v -0.210945 0.404336 0.288791
v -0.235853 0.441307 -0.189591
v -0.234525 0.441540 -0.189868
v -0.229943 0.439993 -0.198589
v -0.217418 0.433518 -0.216244
v -0.217609 0.436011 -0.213009
v -0.250075 0.440396 -0.170155
v -0.249195 0.441862 -0.168698
v -0.224682 0.437020 -0.198712
v -0.234948 0.430850 -0.175225
v -0.249454 0.426848 -0.139583
v -0.244846 0.420354 -0.142323
v -0.241424 0.425501 -0.100177
v -0.234321 0.416426 -0.101966
v -0.234712 0.421595 -0.063109
v -0.221813 0.412220 -0.063208
v -0.225828 0.416399 -0.018991
v -0.177079 0.403689 0.022117
v -0.176576 0.400738 0.066129
v -0.175110 0.401720 0.087979
v -0.084680 0.398958 0.086072
v -0.084793 0.401558 0.108854
v -0.082953 0.409221 0.153087
v -0.079599 0.429096 0.232388
v -0.081259 0.420684 0.197148
v -0.172261 0.415833 0.161744
v -0.174134 0.403006 0.111677
v -0.233419 0.417333 0.064196
v -0.230257 0.417662 0.023129
v -0.241529 0.425130 0.023280
v -0.238222 0.425259 -0.018457
v -0.246029 0.434355 -0.018218
v -0.242520 0.430759 -0.063033
v -0.247620 0.438304 -0.060754
v -0.245053 0.432919 -0.098595
v -0.254205 0.438395 -0.135021
v -0.241987 0.435679 -0.171689
v -0.249115 0.439292 -0.170178
v -0.249520 0.443587 -0.094936
v -0.251416 0.440422 -0.018182
v -0.248727 0.432278 0.023327
v -0.244395 0.424306 0.063217
v -0.244295 0.424276 0.082154
v -0.232632 0.417502 0.083505
v -0.229522 0.418316 0.103202
v -0.160145 0.428972 0.193015
v -0.152985 0.430107 0.234546
v -0.153132 0.432639 0.215379
v -0.213650 0.423880 0.175624
v -0.224090 0.415766 0.142210
v -0.235179 0.419821 0.137316
v -0.241680 0.424282 0.100844
v -0.247849 0.429308 0.099329
v -0.250439 0.430017 0.081245
v -0.250911 0.430594 0.062195
v -0.255233 0.436610 0.060641
v -0.253340 0.438305 0.023596
v -0.259452 0.443155 -0.014284
v -0.256119 0.442619 -0.055269
v -0.255312 0.447983 -0.089352
v -0.259190 0.443640 -0.131595
v -0.258375 0.445620 -0.130740
v -0.256907 0.447239 -0.129767
v -0.255038 0.447107 -0.128373
v -0.248385 0.442448 -0.167626
v -0.247212 0.442644 -0.166262
v -0.231830 0.441732 -0.188954
v -0.227182 0.440682 -0.198833
v -0.224626 0.440784 -0.198035
v -0.213686 0.437668 -0.209320
v -0.213225 0.432774 -0.217484
v -0.210303 0.432426 -0.217982
v -0.209632 0.431399 -0.215457
v -0.212197 0.431531 -0.215149
v -0.212811 0.432846 -0.212912
v -0.215653 0.434220 -0.198391
v -0.211768 0.433788 -0.198144
v -0.222646 0.427058 -0.179258
v -0.214146 0.425300 -0.180996
v -0.226529 0.413466 -0.147689
v -0.177893 0.404564 -0.118170
v -0.174232 0.401875 -0.069173
v -0.084547 0.396350 0.063229
v -0.175561 0.404085 -0.022328
v -0.222474 0.409412 -0.105353
v -0.237584 0.414664 -0.144942
v -0.229749 0.428300 -0.177361
v -0.218698 0.435372 -0.198443
v -0.078413 0.426604 0.263597
v -0.078549 0.428252 0.255732
v -0.153098 0.427918 0.244057
v -0.202881 0.442088 0.194127
v -0.225704 0.422182 0.170589
v -0.241073 0.424368 0.134832
v -0.252457 0.434331 0.097436
v -0.254846 0.435735 0.079340
v -0.260590 0.442192 0.023590
v -0.252744 0.447010 -0.048018
v -0.250960 0.446490 -0.046300
v -0.253162 0.448988 -0.087656
v -0.250868 0.449335 -0.085877
v -0.248487 0.448918 -0.084177
v -0.248246 0.450263 -0.082459
v -0.253801 0.446161 -0.126521
v -0.251708 0.447343 -0.123503
v -0.245641 0.439926 -0.164276
v -0.243554 0.442363 -0.162693
v -0.229190 0.441488 -0.187955
v -0.224791 0.445010 -0.187519
v -0.219973 0.441705 -0.196413
v -0.208207 0.438179 -0.208656
v -0.206312 0.432194 -0.218247
v -0.206404 0.431358 -0.215934
v -0.206801 0.432350 -0.212964
v -0.210034 0.432588 -0.212826
v -0.206280 0.433062 -0.197356
v -0.170519 0.426612 -0.185414
v -0.177862 0.414035 -0.157377
v -0.077927 0.420930 0.276374
v -0.153192 0.422323 0.261045
v -0.196909 0.442743 0.223214
v -0.195611 0.446197 0.213282
v -0.219279 0.435014 0.193008
v -0.227291 0.433609 0.190404
v -0.232116 0.423507 0.166410
v -0.236704 0.424461 0.163964
v -0.245555 0.427562 0.131965
v -0.260309 0.440668 0.093354
v -0.261867 0.442143 0.076225
v -0.262072 0.442258 0.058608
v -0.258807 0.446330 0.025491
v -0.254681 0.447047 -0.009382
v -0.252660 0.446262 -0.008152
v -0.251737 0.445945 -0.006975
v -0.250191 0.447205 -0.044828
v -0.249828 0.449428 -0.043362
v -0.249457 0.451719 -0.041990
v -0.247390 0.455434 -0.079708
v -0.249666 0.452059 -0.121918
v -0.236904 0.449213 -0.162819
v -0.216256 0.449179 -0.187361
v -0.213683 0.444667 -0.196475
v -0.207338 0.447043 -0.197085
v -0.204434 0.438294 -0.207668
v -0.202101 0.432059 -0.218347
v -0.202052 0.431143 -0.215970
v -0.202344 0.432154 -0.213155
v -0.166020 0.432002 -0.198185
v -0.075327 0.398580 0.293653
v -0.076735 0.411607 0.286642
v -0.152213 0.413352 0.274593
v -0.210419 0.425997 0.269266
v -0.207007 0.434833 0.246898
v -0.232996 0.439141 0.237078
v -0.240160 0.440278 0.235152
v -0.230777 0.440313 0.209481
v -0.231922 0.432695 0.188272
v -0.254688 0.430889 0.126846
v -0.263234 0.445914 0.073065
v -0.262511 0.446343 0.057093
v -0.260748 0.445999 0.056964
v -0.256857 0.446186 0.026140
v -0.255403 0.445056 0.026719
v -0.254488 0.444854 0.027241
v -0.251375 0.447771 -0.005837
v -0.250957 0.449831 -0.004644
v -0.249958 0.454375 -0.001961
v -0.248595 0.456937 -0.039838
v -0.247235 0.464158 -0.037812
v -0.246107 0.462569 -0.078431
v -0.241689 0.465771 -0.123284
v -0.222506 0.460325 -0.163579
v -0.208249 0.465952 -0.163321
v -0.207693 0.451862 -0.189680
v -0.160400 0.431457 -0.212846
v -0.076903 0.432640 -0.201193
v -0.078141 0.427773 -0.188962
v -0.073689 0.375369 0.305058
v -0.074138 0.383089 0.300684
v -0.151291 0.401042 0.284791
v -0.210080 0.416588 0.282032
v -0.239028 0.432459 0.266855
v -0.248300 0.434283 0.265326
v -0.253766 0.437717 0.265668
v -0.244691 0.441623 0.234094
v -0.235024 0.441117 0.207573
v -0.239161 0.429270 0.185870
v -0.245923 0.424127 0.159871
v -0.253010 0.436947 0.120135
v -0.261996 0.445417 0.089361
v -0.260000 0.445756 0.088039
v -0.261365 0.445669 0.072268
v -0.258171 0.445281 0.086723
v -0.259637 0.444817 0.071587
v -0.258851 0.445003 0.056827
v -0.258004 0.443464 0.070832
v -0.257240 0.443639 0.056667
v -0.256122 0.443661 0.056500
v -0.253976 0.446475 0.027799
v -0.252754 0.450032 0.029435
v -0.248579 0.460510 0.001797
v -0.240082 0.478562 -0.077366
v -0.224770 0.486234 -0.075187
v -0.225415 0.478874 -0.123922
v -0.213415 0.481800 -0.122164
v -0.157696 0.454712 -0.188931
v -0.157897 0.448537 -0.197391
v -0.158348 0.436278 -0.207938
v -0.158668 0.431200 -0.218351
v -0.159344 0.430027 -0.215639
v -0.073163 0.364257 0.314843
v -0.151054 0.377953 0.297077
v -0.150991 0.385574 0.292627
v -0.220195 0.385084 0.299497
v -0.229705 0.394532 0.297308
v -0.234647 0.404095 0.293836
v -0.238382 0.420548 0.284631
v -0.248195 0.421355 0.286300
v -0.254379 0.423415 0.288870
v -0.242016 0.438321 0.205173
v -0.241923 0.429211 0.151767
v -0.241305 0.429653 0.149757
v -0.251579 0.436838 0.117876
v -0.251015 0.436382 0.115883
v -0.250862 0.438708 0.114594
v -0.257088 0.444015 0.085553
v -0.256674 0.444566 0.084680
v -0.256238 0.443323 0.070241
v -0.254184 0.446662 0.069315
v -0.254034 0.446991 0.056318
v -0.251843 0.450305 0.056564
v -0.250922 0.454052 0.031660
v -0.240046 0.474208 0.010442
v -0.239799 0.479532 -0.034010
v -0.223335 0.486129 -0.030276
v -0.214091 0.487575 -0.074106
v -0.152883 0.480642 -0.120438
v -0.156288 0.468694 -0.161329
v -0.070774 0.430544 -0.218333
v -0.071633 0.429486 -0.216098
v -0.072802 0.430466 -0.213582
v -0.072729 0.354659 0.327482
v -0.073086 0.358175 0.322226
v -0.151422 0.366643 0.307066
v -0.224892 0.378710 0.306462
v -0.235256 0.389638 0.302931
v -0.242281 0.400849 0.298336
v -0.239246 0.386567 0.309098
v -0.247167 0.399255 0.303752
v -0.262153 0.428921 0.295198
v -0.260646 0.444843 0.266685
v -0.252024 0.443140 0.231010
v -0.239567 0.442379 0.202859
v -0.235545 0.433324 0.180971
v -0.234374 0.434015 0.179784
v -0.234541 0.435129 0.178549
v -0.241626 0.431454 0.148115
v -0.241867 0.433799 0.146540
v -0.242039 0.436173 0.144932
v -0.250677 0.440993 0.113387
v -0.250075 0.445711 0.110793
v -0.255163 0.448270 0.083040
v -0.253179 0.451916 0.081226
v -0.251714 0.449901 0.068439
v -0.241304 0.465112 0.038311
v -0.220065 0.480500 0.016172
v -0.205139 0.480620 0.018973
v -0.211722 0.487312 -0.027713
v -0.147160 0.482184 -0.073093
v -0.062101 0.468244 -0.161710
v -0.066122 0.456479 -0.185701
v -0.067438 0.449761 -0.195232
v -0.068877 0.435860 -0.207991
v -0.151504 0.360525 0.315229
v -0.151733 0.356949 0.321701
v -0.227972 0.375136 0.313226
v -0.244130 0.384671 0.319560
v -0.252810 0.399240 0.313305
v -0.252185 0.445943 0.228226
v -0.250188 0.447002 0.227983
v -0.238051 0.443731 0.202352
v -0.236157 0.444030 0.202242
v -0.235637 0.445533 0.201214
v -0.234738 0.436801 0.177055
v -0.234952 0.438643 0.175501
v -0.242207 0.441266 0.141372
v -0.248911 0.451118 0.107879
v -0.244653 0.461467 0.076584
v -0.242981 0.458651 0.066683
v -0.242780 0.459590 0.058343
v -0.219816 0.472118 0.045218
v -0.201017 0.472449 0.047184
v -0.135604 0.469563 0.021247
v -0.141231 0.477214 -0.024244
v -0.048767 0.474239 -0.077758
v -0.055532 0.474904 -0.125941
v -0.072610 0.350202 0.336381
v -0.232075 0.372226 0.324184
v -0.258748 0.399981 0.319524
v -0.268819 0.434688 0.299434
v -0.271017 0.435573 0.299755
v -0.266855 0.450285 0.264098
v -0.268237 0.448659 0.264267
v -0.264727 0.451395 0.264093
v -0.248730 0.446504 0.227580
v -0.247311 0.447462 0.226940
v -0.246399 0.449773 0.225924
v -0.235054 0.447456 0.200080
v -0.233875 0.451834 0.197672
v -0.235349 0.443339 0.172260
v -0.234651 0.449508 0.169455
v -0.241316 0.447821 0.138275
v -0.241077 0.463915 0.102088
v -0.220050 0.466429 0.064615
v -0.220026 0.467257 0.060307
v -0.198901 0.466848 0.061413
v -0.199357 0.468416 0.057487
v -0.131573 0.464574 0.039865
v -0.045205 0.471502 -0.027002
v -0.071989 0.346388 0.345573
v -0.072142 0.347395 0.343842
v -0.153171 0.352951 0.332854
v -0.236338 0.369754 0.331545
v -0.249182 0.383473 0.326635
v -0.237632 0.368825 0.332937
v -0.250954 0.383030 0.327867
v -0.260869 0.400017 0.320456
v -0.252873 0.382475 0.329081
v -0.263104 0.400025 0.321424
v -0.262198 0.401128 0.322225
v -0.270910 0.438057 0.300543
v -0.272579 0.436376 0.299904
v -0.262368 0.451636 0.263966
v -0.260736 0.450161 0.263433
v -0.244628 0.454632 0.224360
v -0.232688 0.457507 0.194582
v -0.225881 0.463830 0.161435
v -0.233277 0.462106 0.130835
v -0.219814 0.471439 0.090864
v -0.220543 0.467984 0.069825
v -0.198428 0.468215 0.065486
v -0.127689 0.459655 0.053452
v -0.128956 0.460915 0.049444
v -0.049531 0.454189 0.036635
v -0.046759 0.461532 0.018939
v -0.071464 0.341869 0.348895
v -0.071640 0.343349 0.348163
v -0.071816 0.345031 0.347030
v -0.153026 0.349454 0.340282
v -0.239100 0.367682 0.334162
v -0.240756 0.366407 0.335830
v -0.253021 0.382907 0.330186
v -0.238988 0.368346 0.335748
v -0.251509 0.383897 0.329557
v -0.260230 0.401999 0.321552
v -0.268370 0.438553 0.299789
v -0.264627 0.437845 0.297162
v -0.258098 0.452231 0.261765
v -0.256152 0.456352 0.262022
v -0.241883 0.462314 0.224023
v -0.224255 0.473283 0.190040
v -0.213448 0.472723 0.119181
v -0.197338 0.473196 0.080189
v -0.123518 0.464002 0.069196
v -0.126321 0.460047 0.057257
v -0.052553 0.448460 0.050962
v -0.051792 0.449632 0.046754
v -0.071036 0.345163 0.348911
v -0.152784 0.344701 0.344003
v -0.152871 0.346431 0.342800
v -0.152968 0.348062 0.341700
v -0.236152 0.371175 0.333937
v -0.247951 0.385878 0.327566
v -0.256340 0.403358 0.319469
v -0.263007 0.440682 0.297807
v -0.232730 0.479904 0.228540
v -0.204265 0.485322 0.189428
v -0.205917 0.475371 0.153200
v -0.189439 0.478591 0.150241
v -0.193436 0.475609 0.110319
v -0.121162 0.469142 0.098798
v -0.054070 0.450707 0.068672
v -0.053174 0.449020 0.055328
v -0.070594 0.349116 0.348134
v -0.151469 0.347992 0.344159
v -0.152532 0.344560 0.345051
v -0.233852 0.372994 0.331173
v -0.245182 0.387757 0.325291
v -0.253479 0.405850 0.318018
v -0.255095 0.447328 0.302022
v -0.247441 0.470471 0.269522
v -0.212614 0.491725 0.234657
v -0.190672 0.487556 0.192003
v -0.120876 0.475718 0.148348
v -0.054811 0.457528 0.099376
v -0.069755 0.357809 0.347053
v -0.150338 0.351463 0.342638
v -0.238021 0.396020 0.326192
v -0.246008 0.414309 0.319319
v -0.231395 0.453925 0.305425
v -0.224009 0.478117 0.279262
v -0.202599 0.478140 0.281840
v -0.196902 0.491930 0.238120
v -0.125045 0.481889 0.197985
v -0.056594 0.468593 0.145867
v -0.068689 0.379330 0.345458
v -0.147809 0.358729 0.339981
v -0.227338 0.380797 0.330882
v -0.205816 0.454320 0.306336
v -0.130354 0.483141 0.245102
v -0.061288 0.480408 0.245821
v -0.058537 0.477046 0.195062
v -0.068053 0.400517 0.340405
v -0.068436 0.388067 0.343866
v -0.138420 0.444406 0.312516
v -0.134810 0.470996 0.287771
v -0.064223 0.470749 0.292772
v -0.066442 0.438091 0.323282
v -0.141926 0.407848 0.330498
v -0.143587 0.390892 0.335914
v -0.144788 0.379336 0.338279
v -0.250054 1.037378 -0.387569
v -0.250053 1.048667 -0.379984
v -0.250328 1.039944 -0.367045
v -0.249870 1.021051 -0.389971
v -0.250310 1.026165 -0.360226
v -0.249746 0.355255 0.259592
v -0.249491 0.347718 0.245448
v -0.250234 0.377517 0.261313
v -0.249346 0.366709 0.268654
v -0.249699 0.385664 0.245179
v -0.249351 0.342470 -0.132532
v -0.250591 0.353323 -0.188806
v -0.249751 0.385389 -0.233922
v -0.248149 0.415746 -0.258277
v -0.249653 0.475112 -0.277367
v -0.249975 0.516049 -0.279354
v -0.250438 0.555799 -0.280006
v -0.249890 0.595020 -0.278702
v -0.249546 0.633924 -0.275350
v -0.249651 0.668682 -0.274758
v -0.249679 0.686284 -0.277471
v -0.251143 0.702636 -0.281134
v -0.250912 0.734750 -0.294493
v -0.250048 0.767523 -0.312042
v -0.250755 0.801766 -0.329197
v -0.250143 0.837569 -0.345068
v -0.250611 0.873017 -0.357808
v -0.250967 0.910547 -0.368487
v -0.250117 0.947668 -0.378151
v -0.249554 0.986039 -0.384875
v -0.250536 0.991109 -0.354543
v -0.250451 0.954543 -0.348350
v -0.251271 0.918376 -0.340520
v -0.250655 0.882660 -0.329969
v -0.250211 0.848257 -0.318091
v -0.249967 0.814149 -0.303170
v -0.250638 0.780886 -0.286040
v -0.250470 0.746448 -0.269155
v -0.250445 0.710827 -0.254501
v -0.250382 0.692121 -0.248769
v -0.250554 0.671946 -0.245436
v -0.250094 0.631181 -0.246812
v -0.249945 0.593304 -0.250169
v -0.250659 0.555162 -0.251461
v -0.249686 0.516846 -0.249056
v -0.249851 0.478060 -0.246349
v -0.248043 0.426575 -0.235746
v -0.249694 0.405114 -0.214763
v -0.250733 0.381335 -0.178099
v -0.249999 0.376697 -0.130084
v -0.248543 1.061890 -0.363268
v -0.248148 1.063118 -0.390423
v -0.248896 0.399271 -0.170080
v -0.248515 0.334846 0.266973
v -0.241823 0.328471 0.268691
v -0.249096 0.790595 -0.265039
v -0.248269 0.439535 -0.216118
v -0.248443 0.394786 -0.127244
v -0.241823 0.384815 0.286508
v -0.248107 0.380189 0.283194
v -0.248402 0.323449 -0.135208
v -0.241823 0.317347 -0.136605
v -0.248178 0.409802 -0.278577
v -0.242944 0.408541 -0.285388
v -0.248672 0.396156 0.269801
v -0.241823 0.485268 -0.218368
v -0.248711 0.483191 -0.224440
v -0.248923 1.051365 -0.348556
v -0.241823 1.054663 -0.342469
v -0.248357 0.403336 0.248852
v -0.241823 1.041564 -0.414760
v -0.248724 1.040813 -0.408158
v -0.248247 0.682702 -0.293880
v -0.248715 0.367962 -0.245618
v -0.241823 0.718807 -0.222718
v -0.249040 0.717364 -0.229456
v -0.241823 0.341110 0.282847
v -0.248275 0.347285 0.280384
v -0.241823 0.998420 -0.329180
v -0.248842 0.996434 -0.334815
v -0.241823 0.592580 -0.218583
v -0.248844 0.592606 -0.225223
v -0.241823 0.665829 -0.296849
v -0.248313 0.666743 -0.291636
v -0.241823 0.727089 -0.316451
v -0.248745 0.728557 -0.311254
v -0.241823 0.792402 -0.350486
v -0.248738 0.794536 -0.345497
v -0.248750 0.867219 -0.374927
v -0.241823 0.942708 -0.401993
v -0.248615 0.943870 -0.396326
v -0.249176 0.924417 -0.319345
v -0.248856 0.856908 -0.296407
v -0.241823 0.633502 -0.214627
v -0.248904 0.632549 -0.221317
v -0.248669 0.556042 -0.298444
v -0.241823 0.556083 -0.304095
v -0.248815 1.034897 -0.340926
v -0.248657 0.518181 -0.225759
v -0.241823 0.518722 -0.219433
v -0.248652 1.022973 -0.409138
v -0.241823 1.024205 -0.415283
v -0.248504 0.471485 -0.296148
v -0.248925 0.334664 -0.196259
v -0.241823 0.328739 -0.198674
v -0.241823 0.323619 0.249478
v -0.248414 0.329412 0.248418
v -0.248057 0.361404 0.286030
v -0.241823 0.359641 0.290347
v -0.241823 0.422907 -0.193532
v -0.248703 0.418811 -0.198927
v -0.249128 0.554872 -0.227058
v -0.249050 0.696507 -0.223974
v -0.241823 1.056763 -0.407215
v -0.248516 1.055852 -0.400260
v -0.248286 0.632792 -0.293097
v -0.241823 0.696855 -0.302701
v -0.248810 0.698003 -0.297577
v -0.248432 0.760248 -0.328501
v -0.248531 0.830800 -0.361365
v -0.248894 0.905387 -0.386705
v -0.248432 0.983812 -0.403777
v -0.241823 0.983368 -0.409696
v -0.248822 0.959549 -0.327895
v -0.241823 0.961094 -0.322063
v -0.248984 0.890122 -0.308775
v -0.248758 0.823852 -0.281760
v -0.249055 0.755678 -0.245829
v -0.249111 0.674821 -0.220558
v -0.241823 0.675709 -0.213900
v -0.248560 0.514827 -0.297717
v -0.241823 0.514221 -0.303497
v -0.248427 0.595590 -0.296550
v -0.241823 0.595547 -0.301992
v -0.248086 1.065977 -0.379259
v -0.248947 0.452318 -0.241048
v -0.248901 0.445429 -0.267822
v -0.248341 0.440643 -0.287363
v -0.241823 0.439204 -0.293745
v -0.248490 0.461363 -0.220279
v -0.245282 0.514159 -0.306372
v -0.245282 0.556141 -0.306969
v -0.245282 0.595725 -0.304860
v -0.245282 0.632144 -0.301428
v -0.245282 0.665676 -0.299715
v -0.245282 0.680959 -0.301721
v -0.245282 0.695821 -0.305384
v -0.245282 0.725687 -0.318969
v -0.245282 0.757053 -0.336114
v -0.245282 0.791243 -0.353084
v -0.245282 0.827628 -0.369104
v -0.245282 0.864522 -0.382999
v -0.245282 0.903062 -0.395010
v -0.245282 0.942077 -0.404784
v -0.245282 0.982865 -0.412509
v -0.245282 1.024163 -0.418152
v -0.245282 1.042171 -0.417562
v -0.245282 1.058424 -0.409601
v -0.245282 1.068531 -0.396101
v -0.245282 1.073129 -0.378738
v -0.245282 1.069584 -0.357309
v -0.245282 1.055980 -0.339913
v -0.245282 0.998935 -0.326382
v -0.245282 0.961738 -0.319286
v -0.245282 0.926933 -0.310694
v -0.245282 0.893122 -0.300172
v -0.245282 0.860292 -0.287845
v -0.245282 0.827511 -0.273323
v -0.245282 0.794348 -0.256599
v -0.245282 0.759221 -0.237012
v -0.245282 0.719830 -0.220065
v -0.245282 0.698120 -0.214422
v -0.245282 0.676076 -0.211087
v -0.245282 0.633231 -0.211785
v -0.245282 0.592395 -0.215726
v -0.245282 0.554801 -0.217652
v -0.245282 0.518774 -0.216576
v -0.245282 0.485443 -0.215510
v -0.245282 0.465261 -0.211556
v -0.245282 0.445123 -0.207713
v -0.245282 0.424951 -0.191580
v -0.245282 0.407525 -0.166914
v -0.245282 0.403062 -0.125665
v -0.245282 0.411608 0.250776
v -0.245282 0.404485 0.273475
v -0.245282 0.386138 0.289149
v -0.245282 0.359258 0.293292
v -0.245282 0.339461 0.285292
v -0.245282 0.325861 0.269975
v -0.245282 0.320748 0.250041
v -0.245282 1.038913 -0.332384
v -0.241823 0.631874 -0.298571
v -0.241823 0.681560 -0.298912
v -0.241823 0.758332 -0.333552
v -0.241823 0.828649 -0.366455
v -0.241823 0.865410 -0.380284
v -0.241823 0.903821 -0.392250
v -0.241823 1.066088 -0.394438
v -0.241823 1.070183 -0.378478
v -0.241823 1.066787 -0.358314
v -0.241823 1.038174 -0.335154
v -0.241823 0.926163 -0.313441
v -0.241823 0.892228 -0.302879
v -0.241823 0.859275 -0.290509
v -0.241823 0.826373 -0.275918
v -0.241823 0.793074 -0.259132
v -0.241823 0.757837 -0.239503
v -0.241823 0.697531 -0.217197
v -0.241823 0.554866 -0.220513
v -0.241823 0.464615 -0.214335
v -0.241823 0.443961 -0.210302
v -0.241823 0.404687 -0.167417
v -0.241823 0.400159 -0.125680
v -0.241823 0.408720 0.250318
v -0.241823 0.402077 0.271832
v -0.241823 0.514096 -0.309247
v -0.241823 0.556199 -0.309843
v -0.241823 0.595904 -0.307727
v -0.241823 0.632414 -0.304287
v -0.241823 0.665522 -0.302582
v -0.241823 0.680358 -0.304531
v -0.241823 0.694787 -0.308068
v -0.241823 0.724285 -0.321489
v -0.241823 0.755769 -0.338682
v -0.241823 0.790083 -0.355686
v -0.241823 0.826606 -0.371758
v -0.241823 0.863633 -0.385717
v -0.241823 0.902302 -0.397769
v -0.241823 0.941445 -0.407573
v -0.241823 0.982367 -0.415320
v -0.241823 1.024121 -0.421021
v -0.241823 1.042779 -0.420363
v -0.241823 1.060084 -0.411987
v -0.241823 1.070974 -0.397763
v -0.241823 1.076076 -0.378998
v -0.241823 1.072381 -0.356304
v -0.241823 1.057297 -0.337356
v -0.241823 1.039651 -0.329615
v -0.241823 0.999455 -0.323583
v -0.241823 0.962387 -0.316509
v -0.241823 0.927706 -0.307946
v -0.241823 0.894018 -0.297464
v -0.241823 0.861313 -0.285180
v -0.241823 0.828651 -0.270725
v -0.241823 0.795624 -0.254065
v -0.241823 0.760606 -0.234516
v -0.241823 0.720854 -0.217409
v -0.241823 0.698711 -0.211644
v -0.241823 0.676444 -0.208270
v -0.241823 0.632961 -0.208941
v -0.241823 0.592210 -0.212869
v -0.241823 0.554736 -0.214791
v -0.241823 0.518827 -0.213718
v -0.241823 0.485610 -0.212648
v -0.241823 0.465903 -0.208772
v -0.241823 0.446283 -0.205119
v -0.241823 0.426997 -0.189623
v -0.241823 0.410369 -0.166408
v -0.241823 0.405970 -0.125647
v -0.241823 0.414496 0.251235
v -0.241823 0.406893 0.275117
v -0.241823 0.387462 0.291790
v -0.241823 0.358874 0.296238
v -0.241823 0.337812 0.287737
v -0.241823 0.323250 0.271258
v -0.241823 0.317875 0.250605
v -0.245282 0.314482 -0.136682
v -0.245282 0.325977 -0.199652
v -0.245282 0.359839 -0.250717
v -0.246663 0.407151 -0.287944
v -0.245282 0.438263 -0.296426
v -0.245282 0.469610 -0.304972
v -0.241823 0.437321 -0.299109
v -0.241823 0.362053 -0.248765
v -0.241823 0.469868 -0.302103
v -0.241823 0.311598 -0.136755
v -0.241823 0.323197 -0.200627
v -0.241823 0.357623 -0.252672
v -0.243204 0.405759 -0.290505
v -0.241823 0.469352 -0.307842
vn 0.9991 0.0121 -0.0407
vn 0.9978 0.0642 -0.0163
vn 0.9994 0.0295 0.0204
vn 0.9994 -0.0291 0.0213
vn 0.9992 0.0187 0.0343
vn 0.9970 -0.0096 0.0774
vn 0.9995 0.0082 0.0299
vn 0.8868 0.1255 0.4448
vn 0.8926 0.0773 0.4442
vn 0.9996 0.0065 0.0274
vn 0.9993 -0.0368 -0.0008
vn 0.9992 -0.0394 0.0046
vn 0.9994 0.0334 0.0097
vn 0.9992 0.0408 -0.0023
vn 0.8925 -0.4469 0.0609
vn 0.8924 -0.4501 -0.0308
vn 0.9996 -0.0077 0.0259
vn 0.9997 -0.0110 0.0220
vn 0.9995 -0.0161 -0.0284
vn 0.9992 -0.0090 -0.0383
vn 0.8912 -0.0147 -0.4533
vn 0.8938 -0.0701 -0.4429
vn 0.8398 0.1825 0.5112
vn 0.8382 -0.0447 0.5436
vn 0.9995 0.0165 0.0275
vn 0.9995 0.0184 0.0250
vn 0.9987 -0.0211 -0.0474
vn 0.9989 -0.0200 -0.0431
vn 0.8954 -0.0222 -0.4448
vn 0.8826 -0.1073 -0.4577
vn 0.9983 -0.0344 -0.0472
vn 0.9987 -0.0046 -0.0508
vn 0.9993 0.0132 0.0355
vn 0.9993 0.0005 0.0368
vn 0.9985 -0.0262 -0.0478
vn 0.9985 -0.0102 -0.0535
vn 0.8873 0.3002 0.3501
vn 0.8721 0.4584 0.1715
vn 0.9994 0.0173 0.0295
vn 0.9987 0.0020 -0.0518
vn 0.8317 0.5137 -0.2108
vn 0.8305 0.5563 -0.0294
vn 0.9990 0.0009 -0.0450
vn 0.8832 0.0091 -0.4690
vn 0.9995 0.0072 0.0315
vn 0.9988 -0.0194 -0.0445
vn 0.9994 0.0012 0.0334
vn 0.9994 0.0163 0.0301
vn 0.8979 0.1934 0.3954
vn 0.9001 0.1425 0.4116
vn 0.9983 -0.0393 -0.0424
vn 0.9986 -0.0155 -0.0503
vn 0.9991 -0.0078 -0.0426
vn 0.9990 -0.0053 -0.0444
vn 0.8940 -0.0717 -0.4422
vn 0.8922 -0.0285 -0.4507
vn 0.8656 -0.2525 0.4325
vn 0.8878 -0.3960 0.2347
vn 0.9998 0.0061 0.0207
vn 0.9997 -0.0019 0.0253
vn 0.9989 0.0117 -0.0454
vn 0.9024 0.0895 0.4215
vn 0.8984 0.0281 0.4382
vn 0.9999 -0.0006 0.0160
vn 0.9997 -0.0025 0.0232
vn 0.8994 -0.3138 -0.3044
vn 0.9995 -0.0002 -0.0310
vn 0.9993 -0.0358 -0.0126
vn 0.8862 -0.4298 -0.1728
vn 0.8968 0.1367 0.4208
vn 0.9036 0.1577 0.3982
vn 0.9999 0.0095 -0.0034
vn 0.9993 0.0375 -0.0082
vn 0.9999 -0.0010 -0.0156
vn 0.9995 0.0306 0.0104
vn 0.9989 0.0021 -0.0461
vn 0.8895 0.0323 -0.4557
vn 0.8771 -0.1803 -0.4451
vn 0.8779 -0.1589 -0.4517
vn 0.9041 0.1854 0.3851
vn 0.9021 0.2041 0.3801
vn 0.9168 0.3745 0.1388
vn 0.8908 0.4536 0.0259
vn 0.8724 0.3937 0.2896
vn 0.8736 0.4827 0.0615
vn 0.9996 -0.0232 0.0168
vn 0.9996 -0.0252 -0.0086
vn 0.9250 0.2910 0.2445
vn 0.9470 0.1462 0.2860
vn 0.9231 -0.1085 -0.3688
vn 0.8882 0.1244 -0.4424
vn 0.8646 0.3559 -0.3547
vn 0.9153 0.0621 0.3979
vn 0.8762 -0.2050 -0.4361
vn 0.8835 0.0387 -0.4668
vn 0.9999 -0.0049 0.0163
vn 0.8789 -0.1715 -0.4451
vn 0.8919 0.1002 0.4410
vn 0.8925 0.1218 0.4343
vn 0.9084 -0.0053 0.4180
vn 0.9040 0.0094 0.4275
vn 0.8740 -0.2242 -0.4311
vn 0.8795 -0.1258 -0.4590
vn 0.8868 -0.0921 -0.4528
vn 0.9084 -0.0268 0.4172
vn 0.9029 -0.0293 0.4287
vn 0.8744 -0.2083 -0.4383
vn 0.9149 0.0420 0.4015
vn 0.9119 -0.1956 -0.3607
vn 0.6664 0.6304 0.3982
vn 0.6133 0.3606 0.7027
vn 0.6360 0.0565 -0.7696
vn 0.6349 0.0563 -0.7706
vn 0.6323 -0.0302 -0.7742
vn 0.6732 0.0230 0.7391
vn 0.6801 0.0755 0.7292
vn 0.6572 0.2419 0.7138
vn 0.6689 0.2799 0.6887
vn 0.5794 -0.1125 0.8073
vn 0.6545 -0.4612 0.5991
vn 0.6744 -0.0295 -0.7377
vn 0.6926 0.1748 -0.6999
vn 0.6402 0.0138 -0.7681
vn 0.6303 -0.2925 -0.7192
vn 0.6330 -0.2517 -0.7321
vn 0.6593 -0.1201 -0.7422
vn 0.7248 0.2748 0.6318
vn 0.6972 0.5372 0.4748
vn 0.6208 -0.3615 -0.6956
vn 0.6253 -0.3306 -0.7069
vn 0.6668 0.3497 0.6581
vn 0.6743 0.3230 0.6641
vn 0.6214 -0.1504 -0.7689
vn 0.6086 -0.2665 -0.7474
vn 0.5821 0.8130 -0.0134
vn 0.6668 0.6730 0.3201
vn 0.6106 -0.3530 -0.7089
vn 0.6627 0.4577 -0.5928
vn 0.6487 0.2038 0.7333
vn 0.6527 -0.0196 -0.7574
vn 0.6360 -0.2076 -0.7432
vn 0.6487 -0.1610 -0.7438
vn 0.6754 -0.0073 0.7374
vn 0.6526 0.7492 0.1127
vn 0.6705 0.3185 0.6701
vn 0.6782 0.2168 0.7022
vn 0.6507 0.1278 0.7485
vn 0.6807 -0.1154 -0.7235
vn 0.6827 0.0509 0.7290
vn 0.6813 -0.0404 0.7309
vn 0.6800 -0.0532 0.7313
vn 0.7428 -0.2832 -0.6066
vn 0.7231 -0.1810 -0.6666
vn 0.6969 -0.5381 -0.4741
vn 0.6477 0.1626 0.7443
vn 0.6594 0.7084 0.2518
vn 0.6324 0.7741 0.0290
vn 0.6937 0.1329 0.7079
vn 0.6913 -0.6416 0.3324
vn 0.6802 -0.7257 0.1032
vn 0.6845 -0.6757 -0.2735
vn 0.7026 0.4369 0.5617
vn 0.6743 -0.7357 -0.0641
vn 0.6857 0.2335 0.6894
vn 0.6860 0.1472 0.7126
vn 0.5718 0.7317 -0.3711
vn 0.6418 -0.7644 -0.0610
vn 0.9989 -0.0463 -0.0062
vn 0.9984 -0.0566 0.0052
vn 0.6430 -0.7587 0.1050
vn 0.6331 0.1463 0.7601
vn 1.0000 -0.0010 0.0012
vn 0.9992 -0.0063 -0.0394
vn 0.6378 0.0882 0.7651
vn 0.9995 -0.0322 -0.0026
vn 0.6414 -0.7666 -0.0319
vn 0.6410 -0.7230 -0.2576
vn 0.9922 -0.1075 -0.0635
vn 0.6246 -0.5690 -0.5349
vn 0.6391 -0.3217 -0.6986
vn 0.9931 -0.0509 -0.1057
vn 0.9975 -0.0525 -0.0470
vn 0.6400 0.7656 0.0649
vn 0.6422 0.7601 -0.0992
vn 0.6455 -0.5677 -0.5110
vn 0.9972 -0.0615 -0.0432
vn 0.9954 -0.0879 -0.0394
vn 0.6484 -0.7075 -0.2812
vn 0.9964 -0.0264 -0.0805
vn 0.6299 0.3521 0.6923
vn 0.6388 0.5601 0.5275
vn 0.6326 -0.1477 -0.7602
vn 0.9998 0.0207 -0.0019
vn 0.6279 0.2159 0.7478
vn 0.9935 -0.0984 0.0569
vn 0.6477 0.6715 -0.3600
vn 1.0000 -0.0000 -0.0006
vn 0.6372 0.0239 0.7703
vn 0.6468 0.7064 0.2876
vn 0.6420 0.7660 0.0333
vn 0.6402 0.7123 0.2878
vn 0.6376 0.3563 0.6830
vn 1.0000 -0.0041 -0.0082
vn 0.9999 -0.0045 -0.0098
vn 0.6356 0.3275 0.6991
vn 0.6249 0.5682 0.5354
vn 0.6394 -0.1120 -0.7607
vn 0.9984 -0.0119 -0.0561
vn 0.6330 -0.1904 -0.7504
vn 0.9999 -0.0052 -0.0120
vn 0.9999 -0.0049 -0.0132
vn 0.6364 0.2508 0.7294
vn 0.6352 0.2920 0.7151
vn 1.0000 -0.0001 -0.0042
vn 0.6392 0.0176 0.7688
vn 0.6391 0.1163 0.7603
vn 0.6393 -0.0175 -0.7688
vn 0.9998 -0.0000 -0.0199
vn 0.6375 -0.0081 0.7704
vn 0.6374 -0.0853 -0.7658
vn 0.6392 -0.0150 0.7689
vn 0.9999 0.0003 -0.0165
vn 0.6463 -0.3383 -0.6840
vn 0.9999 0.0009 -0.0111
vn 0.6374 -0.0568 0.7684
vn 0.6393 0.0150 -0.7688
vn 1.0000 0.0009 -0.0099
vn 0.6389 -0.0566 0.7672
vn 0.6391 -0.0301 -0.7685
vn 0.9990 0.0012 0.0444
vn 0.9999 -0.0004 0.0105
vn 0.6382 0.0557 -0.7679
vn 0.9997 0.0100 0.0227
vn 0.6355 0.3418 0.6923
vn 0.6353 0.2514 0.7302
vn 0.9993 0.0108 0.0354
vn 0.9999 -0.0026 -0.0130
vn 0.6359 -0.1649 -0.7540
vn 0.6355 -0.1298 -0.7612
vn 1.0000 -0.0015 -0.0097
vn 0.6389 0.0565 -0.7672
vn 0.6381 -0.0558 0.7679
vn 0.6391 0.0310 0.7685
vn 0.9998 -0.0000 0.0195
vn 0.6355 -0.0437 0.7709
vn 0.6362 -0.2072 -0.7432
vn 0.9999 -0.0039 -0.0142
vn 0.9999 -0.0050 -0.0093
vn 0.9999 -0.0058 -0.0112
vn 0.6346 0.3308 0.6985
vn 0.6347 0.3625 0.6825
vn 0.6357 -0.2915 -0.7148
vn 0.6362 -0.3267 -0.6989
vn 0.9996 0.0047 0.0268
vn 0.6382 0.1431 0.7565
vn 0.9997 0.0051 0.0248
vn 0.9992 0.0005 0.0407
vn 0.6346 -0.0498 -0.7712
vn 0.6340 -0.1551 -0.7576
vn 0.6350 0.0535 0.7707
vn 0.6505 -0.0879 0.7544
vn 0.9918 -0.0123 0.1274
vn 0.9912 0.0518 0.1215
vn 0.6488 0.3207 0.6901
vn 0.6382 -0.1418 -0.7567
vn 0.6344 0.1555 0.7572
vn 0.9990 0.0137 0.0431
vn 0.6398 0.2532 0.7256
vn 0.6351 0.0431 -0.7712
vn 0.9991 -0.0028 -0.0413
vn 0.6368 -0.0382 -0.7700
vn 0.6424 0.1829 -0.7442
vn 0.9948 0.0270 -0.0982
vn 0.6476 -0.6736 0.3562
vn 0.9938 -0.0663 0.0887
vn 0.6467 -0.4390 0.6237
vn 0.6495 0.6334 0.4206
vn 0.9912 0.1114 0.0720
vn 0.9969 0.0783 0.0111
vn 0.6432 0.7578 0.1094
vn 0.9998 0.0075 0.0166
vn 0.6390 0.3445 0.6877
vn 0.6372 -0.1655 -0.7527
vn 0.6365 -0.1241 -0.7612
vn 0.9999 -0.0018 -0.0126
vn 0.9999 -0.0030 -0.0141
vn 0.6350 -0.3404 -0.6935
vn 0.6342 -0.3622 -0.6831
vn 0.6383 -0.3555 -0.6827
vn 0.6342 -0.3306 -0.6989
vn 0.6398 0.3221 0.6978
vn 0.9999 -0.0048 -0.0134
vn 0.9999 -0.0059 -0.0132
vn 0.6354 -0.2921 -0.7148
vn 0.6361 -0.2502 -0.7299
vn 0.6391 0.2129 0.7391
vn 0.9979 0.0188 0.0621
vn 0.9927 0.0881 0.0823
vn 0.6391 0.4599 0.6165
vn 0.9925 0.1068 0.0588
vn 0.6411 -0.7004 -0.3138
vn 0.6472 -0.7616 0.0319
vn 0.9948 0.1015 -0.0036
vn 0.6465 0.4410 -0.6225
vn 0.6504 0.0863 -0.7547
vn 0.9999 -0.0038 -0.0133
vn 0.6373 0.2084 0.7419
vn 0.6394 -0.3433 -0.6880
vn 0.6373 0.1654 0.7527
vn 0.6369 0.0412 0.7699
vn 0.6367 0.1239 0.7611
vn 0.6373 0.0567 -0.7685
vn 0.6374 -0.2083 -0.7418
vn 0.6367 -0.2506 -0.7292
vn 0.9936 0.0757 -0.0841
vn 0.6455 -0.4943 0.5823
vn 0.6426 -0.1877 0.7428
vn 0.6364 0.2504 0.7296
vn 0.6364 0.2071 0.7431
vn 0.6436 0.6834 -0.3447
vn 0.9957 0.0870 -0.0328
vn 0.6454 0.4799 -0.5943
vn 0.6430 -0.6947 0.3224
vn 0.6475 0.7610 -0.0411
vn 0.6425 0.7028 0.3056
vn 0.6498 -0.6351 -0.4177
vn 0.6429 -0.7586 -0.1061
vn 0.6379 -0.4868 -0.5967
vn 0.6391 -0.2154 -0.7384
vn 0.6356 0.1296 0.7611
vn 0.6360 0.1647 0.7539
vn 0.6357 0.2923 0.7144
vn 0.6370 -0.0238 -0.7705
vn 0.6348 -0.2496 -0.7312
vn 0.6398 -0.2510 -0.7264
vn 0.6375 0.0083 -0.7704
vn 0.6487 -0.3138 -0.6933
vn -0.0000 -0.8532 0.5215
vn -0.0000 -0.9889 -0.1489
vn 0.0075 -0.9921 -0.1250
vn 0.0783 -0.8425 0.5329
vn -0.0000 0.9802 -0.1978
vn -0.0000 0.8781 0.4785
vn 0.0406 0.8670 0.4967
vn -0.0374 0.9841 -0.1739
vn -0.0000 -0.6618 -0.7497
vn -0.0672 -0.6760 -0.7338
vn 0.0320 -0.9936 -0.1086
vn 0.3001 -0.8244 0.4799
vn 0.6662 -0.7299 -0.1527
vn 0.0376 -0.9718 -0.2327
vn 0.0065 -0.9717 -0.2361
vn 0.6533 -0.7496 -0.1058
vn -0.1123 0.0012 -0.9937
vn -0.2736 -0.0015 -0.9618
vn -0.2480 0.6240 -0.7410
vn -0.1011 0.6370 -0.7642
vn 0.1571 0.8631 0.4799
vn -0.1388 0.9832 -0.1187
vn -0.0000 0.3651 0.9310
vn 0.0989 0.3540 0.9300
vn -0.1134 0.9754 -0.1892
vn -0.0434 0.9822 -0.1827
vn 0.9881 -0.1539 -0.0038
vn 0.9570 -0.1875 0.2212
vn 0.6601 -0.7503 0.0361
vn 0.2796 -0.3398 0.8980
vn 0.1801 -0.8757 0.4480
vn 0.0753 -0.8698 0.4877
vn 0.1133 -0.3424 0.9327
vn -0.0046 -0.9779 -0.2090
vn 0.0017 -0.9825 -0.1860
vn -0.2556 -0.7038 -0.6629
vn -0.3740 0.6306 -0.6800
vn -0.0965 0.6311 -0.7696
vn -0.1809 -0.6278 -0.7570
vn -0.0721 -0.6360 -0.7683
vn -0.5551 0.5885 -0.5878
vn -0.2537 0.9588 -0.1274
vn 0.2803 0.8803 0.3828
vn -0.2507 0.9675 -0.0330
vn -0.3701 0.9048 0.2106
vn -0.8828 0.4607 0.0915
vn -0.8422 0.5261 -0.1181
vn -0.3178 0.9430 0.0991
vn 0.0776 0.8860 0.4572
vn 0.0349 0.8723 0.4878
vn 0.7729 -0.2483 0.5840
vn 0.5352 -0.7915 0.2951
vn -0.4226 -0.0536 -0.9047
vn -0.1081 -0.0303 -0.9937
vn 0.0972 0.3492 0.9320
vn 0.2372 0.3695 0.8985
vn -0.6332 -0.7313 -0.2534
vn -0.6124 -0.7643 -0.2020
vn -0.9774 -0.1988 -0.0724
vn -0.9747 -0.1613 -0.1546
vn 0.1689 0.9008 0.4001
vn -0.3655 0.9308 0.0094
vn 0.2420 0.9202 0.3077
vn -0.3875 0.9058 0.1713
vn -0.8784 0.4778 0.0110
vn -0.0126 -0.9763 -0.2163
vn -0.4044 -0.6451 -0.6483
vn -0.6129 -0.0350 -0.7894
vn -0.8819 -0.1025 -0.4602
vn -0.7986 0.5278 -0.2892
vn 0.5691 -0.8145 0.1131
vn 0.8908 -0.2380 0.3871
vn 0.9844 -0.1594 0.0746
vn 0.0671 -0.9835 -0.1679
vn 0.2871 0.9233 0.2550
vn 0.8348 0.5056 0.2180
vn 0.7532 0.4659 0.4643
vn -0.5817 -0.6899 -0.4310
vn 0.5225 0.4056 0.7500
vn 0.6171 -0.3063 0.7248
vn 0.3957 -0.8573 0.3292
vn 0.3409 0.9021 0.2645
vn 0.4339 -0.2956 0.8511
vn 0.1131 -0.3139 0.9427
vn 0.0565 -0.9901 -0.1288
vn -0.4613 -0.7305 -0.5035
vn -0.5697 -0.7661 -0.2974
vn 0.8339 0.4566 0.3100
vn 0.6750 0.4014 0.6190
vn -0.0186 -0.9775 -0.2099
vn 0.3787 0.3607 0.8523
vn -0.9455 -0.1664 -0.2799
vn 0.3204 0.9187 0.2312
vn 0.8557 0.4963 0.1463
vn -0.6757 0.5875 -0.4452
vn -0.7637 -0.0997 -0.6378
vn -0.0000 -0.0249 -0.9997
vn -0.0000 0.6237 -0.7817
vn -0.0000 -0.3185 0.9479
vn -0.0000 0.4821 0.8761
vn -0.0000 -0.1938 0.9810
vn -0.0000 -0.7791 0.6269
vn -0.0000 -0.9998 -0.0205
vn -0.0000 0.9325 0.3612
vn -0.0000 -0.1534 -0.9882
vn -0.0000 0.5177 -0.8556
vn -0.0000 0.9465 -0.3227
vn -0.0000 -0.7527 -0.6584
vn 0.1067 -0.0478 0.9931
vn 0.0956 0.0823 0.9920
vn -0.0184 0.0753 0.9970
vn -0.0046 -0.0418 0.9991
vn -0.9800 0.1992 0.0001
vn -0.9995 -0.0310 -0.0002
vn -0.9995 -0.0311 -0.0002
vn -0.9801 0.1987 0.0001
vn 0.2237 -0.0538 0.9732
vn 0.2204 0.0557 0.9738
vn 0.2191 0.0518 0.9743
vn 0.2187 -0.0565 0.9741
vn 0.0927 0.2043 0.9745
vn 0.2172 0.1595 0.9630
vn -0.0004 1.0000 0.0003
vn -0.0004 1.0000 0.0004
vn 0.0056 1.0000 -0.0014
vn 0.0885 0.2729 -0.9580
vn 0.0933 0.1188 -0.9885
vn -0.0224 0.1177 -0.9928
vn -0.0474 0.3453 -0.9373
vn -0.0170 -0.9999 0.0020
vn -0.0169 -0.9999 -0.0019
vn -0.0214 -0.9998 -0.0013
vn -0.0214 -0.9998 0.0013
vn -0.0933 0.9956 0.0011
vn -0.0511 0.9987 0.0009
vn -0.0512 0.9987 0.0021
vn 0.9994 0.0348 -0.0005
vn 0.9994 0.0343 -0.0000
vn 0.9970 0.0772 0.0040
vn 0.9973 0.0733 -0.0000
vn -0.9075 0.4201 0.0004
vn 0.1067 -0.0477 -0.9932
vn 0.2184 0.1043 -0.9703
vn 0.2187 -0.0565 -0.9741
vn 0.0729 -0.9973 -0.0000
vn 1.0000 -0.0032 -0.0000
vn 1.0000 -0.0031 -0.0000
vn -0.0047 -0.0417 -0.9991
vn -0.0397 0.2571 0.9656
vn 0.2218 0.1665 0.9608
vn 0.0472 -0.9989 -0.0000
vn 0.2129 0.2648 -0.9405
vn 0.2231 0.1376 -0.9650
vn 0.2236 -0.0538 -0.9732
vn 0.2142 0.3256 -0.9209
vn -0.0396 0.2571 0.9656
vn -0.0474 0.3452 -0.9373
vn 0.0682 0.2648 -0.9619
vn -0.0099 0.1135 0.9935
vn -0.9794 0.2002 -0.0260
vn -0.0049 0.1617 -0.9868
vn -0.9793 0.2006 0.0263
vn 0.0781 0.1963 0.9774
vn 0.2237 -0.0538 -0.9732
vn 0.9977 0.0678 0.0023
vn 0.2141 0.3259 -0.9208
vn 0.0024 0.4023 0.9155
vn -0.0000 0.4022 0.9155
vn -0.0000 -0.0814 0.9967
vn 0.0025 -0.0814 0.9967
vn 0.0040 0.2129 0.9771
vn 0.0040 0.2131 0.9770
vn 0.0038 0.1675 0.9859
vn 0.0038 0.1674 0.9859
vn 0.0032 0.0769 -0.9970
vn -0.0000 0.0778 -0.9970
vn -0.0000 0.0009 -1.0000
vn 0.0024 -0.0002 -1.0000
vn 0.0026 0.9986 0.0525
vn -0.0000 0.9514 0.3081
vn -0.0000 0.8308 0.5566
vn 0.0025 0.8310 0.5563
vn 0.0017 -0.3602 -0.9329
vn -0.0000 -0.3603 -0.9329
vn -0.0000 -0.4531 -0.8914
vn 0.0023 -0.4523 -0.8918
vn 0.0040 -0.3248 -0.9458
vn -0.0000 -0.3250 -0.9457
vn -0.0000 -0.2704 -0.9628
vn 0.0040 -0.2704 -0.9627
vn 0.0030 0.0413 0.9991
vn 0.0028 0.2015 0.9795
vn 0.0028 0.2011 0.9796
vn 0.0040 0.3245 0.9459
vn 0.0040 0.2685 0.9633
vn 0.0039 -0.4424 -0.8968
vn -0.0000 -0.4424 -0.8968
vn -0.0000 -0.1273 -0.9919
vn 0.0037 -0.1273 -0.9919
vn 0.0036 0.0009 -1.0000
vn -0.0000 0.0729 -0.9973
vn 0.0036 0.0727 -0.9974
vn 0.0026 1.0000 -0.0023
vn 0.0025 0.9999 -0.0099
vn 0.0026 0.9999 -0.0099
vn 0.0034 -0.0797 -0.9968
vn 0.0033 -0.0824 -0.9966
vn 0.0039 -0.1599 -0.9871
vn 0.0039 -0.1592 -0.9872
vn -0.0000 -0.1845 -0.9828
vn 0.0017 -0.1841 -0.9829
vn 0.0040 -0.7364 -0.6765
vn -0.0000 -0.7365 -0.6765
vn 0.0037 -0.1275 -0.9918
vn 0.0034 -0.9996 0.0291
vn -0.0000 -0.9996 0.0292
vn -0.0000 -0.9999 -0.0115
vn 0.0038 -0.9999 -0.0115
vn 0.0041 -0.2147 -0.9767
vn 0.0040 -0.2146 -0.9767
vn 0.0028 0.2460 -0.9693
vn -0.0000 0.2467 -0.9691
vn -0.0000 0.4369 -0.8995
vn 0.0026 0.5072 -0.8618
vn -0.0000 -0.2147 -0.9767
vn -0.0000 -0.1590 -0.9873
vn 0.0034 -0.4642 -0.8857
vn 0.0034 -0.4618 -0.8870
vn 0.0023 -0.4495 -0.8933
vn 0.0040 -0.9294 -0.3690
vn 0.0037 -0.9999 -0.0118
vn 0.0040 -0.3779 -0.9258
vn -0.0000 -0.3779 -0.9259
vn -0.0000 -0.9294 -0.3690
vn 0.0026 -0.8803 0.4744
vn -0.0000 -0.8802 0.4747
vn 0.0040 -0.4230 -0.9061
vn -0.0000 -0.4234 -0.9059
vn -0.0000 -0.4652 -0.8852
vn 0.0032 -0.0545 0.9985
vn -0.0000 -0.5733 0.8194
vn 0.0024 -0.5735 0.8192
vn 0.0028 0.6322 0.7748
vn 0.0026 0.9116 0.4111
vn 0.0026 0.1173 0.9931
vn 0.0031 0.0307 0.9995
vn 0.0024 0.9500 0.3121
vn 0.0037 0.4696 0.8829
vn 0.0037 0.4693 0.8830
vn 0.0031 0.4399 0.8981
vn 0.0031 0.4399 0.8980
vn 0.0024 -0.5740 0.8189
vn 0.0033 -0.0746 0.9972
vn 0.0026 -0.8807 0.4737
vn 0.0034 -0.9996 0.0286
vn 0.0032 0.0745 -0.9972
vn 0.0036 0.0729 -0.9973
vn 0.0017 -0.1844 -0.9828
vn 0.0027 0.2442 -0.9697
vn 0.0026 0.6256 -0.7801
vn 0.0039 -0.4427 -0.8967
vn 0.0024 -0.0040 -1.0000
vn -0.0000 -0.0789 -0.9969
vn 0.0025 0.9994 -0.0339
vn 0.0034 0.2323 0.9726
vn 0.0032 0.2323 0.9726
vn 0.0040 0.3783 0.9257
vn 0.0040 0.4281 0.9037
vn 0.0024 0.3655 0.9308
vn 0.0023 0.7331 0.6801
vn 0.0025 0.8999 -0.4362
vn 0.0025 0.8998 -0.4362
vn 0.0033 -0.0115 0.9999
vn 0.0033 -0.0114 0.9999
vn 0.0025 0.8319 0.5550
vn 0.0029 0.3466 0.9380
vn 0.0028 0.3466 0.9380
vn 0.0024 0.4025 0.9154
vn -0.0024 0.4023 0.9155
vn -0.0024 -0.0814 0.9967
vn -0.0040 0.2129 0.9771
vn -0.0038 0.1677 0.9858
vn -0.0038 0.1678 0.9858
vn -0.0040 0.2131 0.9770
vn -0.0032 0.0769 -0.9970
vn -0.0024 -0.0002 -1.0000
vn -0.0026 0.9986 0.0525
vn -0.0025 0.8310 0.5562
vn -0.0017 -0.3602 -0.9329
vn -0.0023 -0.4523 -0.8918
vn -0.0040 -0.3248 -0.9458
vn -0.0040 -0.2704 -0.9627
vn -0.0030 0.0413 0.9991
vn -0.0028 0.2011 0.9796
vn -0.0040 0.3245 0.9459
vn -0.0040 0.2685 0.9633
vn -0.0040 0.2681 0.9634
vn -0.0039 -0.4424 -0.8968
vn -0.0037 -0.1273 -0.9919
vn -0.0037 0.0009 -1.0000
vn -0.0036 0.0735 -0.9973
vn -0.0025 0.9999 -0.0099
vn -0.0026 0.9999 -0.0099
vn -0.0026 1.0000 -0.0023
vn -0.0032 -0.0797 -0.9968
vn -0.0039 -0.1594 -0.9872
vn -0.0039 -0.1601 -0.9871
vn -0.0034 -0.0824 -0.9966
vn -0.0017 -0.1845 -0.9828
vn -0.0040 -0.7364 -0.6765
vn -0.0037 -0.1275 -0.9918
vn -0.0036 0.0009 -1.0000
vn -0.0030 -0.9996 0.0291
vn -0.0035 -0.9999 -0.0115
vn -0.0041 -0.2147 -0.9767
vn -0.0040 -0.2141 -0.9768
vn -0.0028 0.2461 -0.9692
vn -0.0026 0.5072 -0.8618
vn -0.0035 -0.4646 -0.8855
vn -0.0023 -0.4494 -0.8933
vn -0.0034 -0.4620 -0.8869
vn -0.0035 -0.9999 -0.0118
vn -0.0040 -0.9294 -0.3691
vn -0.0040 -0.9294 -0.3690
vn -0.0040 -0.3779 -0.9258
vn -0.0026 -0.8803 0.4744
vn -0.0040 -0.4230 -0.9061
vn -0.0032 -0.0545 0.9985
vn -0.0032 -0.0543 0.9985
vn -0.0024 -0.5735 0.8192
vn -0.0028 0.6322 0.7748
vn -0.0026 0.9116 0.4111
vn -0.0026 0.1173 0.9931
vn -0.0031 0.0307 0.9995
vn -0.0024 0.9500 0.3121
vn -0.0037 0.4694 0.8830
vn -0.0031 0.4398 0.8981
vn -0.0031 0.4399 0.8980
vn -0.0024 -0.5740 0.8189
vn -0.0033 -0.0746 0.9972
vn -0.0033 -0.0744 0.9972
vn -0.0040 -0.4228 -0.9062
vn -0.0026 -0.8807 0.4737
vn -0.0031 -0.9996 0.0286
vn -0.0032 0.0745 -0.9972
vn -0.0036 0.0730 -0.9973
vn -0.0017 -0.1844 -0.9828
vn -0.0028 0.2442 -0.9697
vn -0.0026 0.6256 -0.7801
vn -0.0039 -0.4427 -0.8967
vn -0.0022 -0.0040 -1.0000
vn -0.0025 0.9994 -0.0339
vn -0.0033 0.2323 0.9726
vn -0.0032 0.2323 0.9726
vn -0.0040 0.3783 0.9257
vn -0.0040 0.4280 0.9038
vn -0.0040 0.4277 0.9039
vn -0.0024 0.3655 0.9308
vn -0.0023 0.7331 0.6801
vn -0.0025 0.8999 -0.4362
vn -0.0025 0.8998 -0.4362
vn -0.0033 -0.0114 0.9999
vn -0.0033 -0.0115 0.9999
vn -0.0025 0.8319 0.5549
vn -0.0029 0.3466 0.9380
vn -0.0028 0.3466 0.9380
vn -0.0024 0.4025 0.9154
vn 0.1072 -0.8962 -0.4304
vn 0.1073 -0.9942 -0.0000
vn -0.0000 -1.0000 -0.0000
vn -0.0000 -0.9014 -0.4330
vn 0.1073 0.2194 -0.9697
vn 0.1073 -0.2194 -0.9697
vn -0.0000 -0.2208 -0.9753
vn -0.0000 0.2208 -0.9753
vn 0.1071 -0.6202 -0.7771
vn -0.0000 -0.6238 -0.7816
vn 0.1072 -0.8946 0.4338
vn -0.0000 -0.9014 0.4330
vn 0.1071 -0.6210 0.7764
vn -0.0000 -0.6238 0.7816
vn -0.0000 -0.7231 0.6907
vn -0.0000 -0.5639 0.8258
vn -0.0000 -0.2208 0.9753
vn -0.9986 -0.0117 -0.0507
vn -0.9986 0.0117 -0.0507
vn -0.0020 1.0000 -0.0000
vn -0.0000 0.9014 -0.4330
vn -0.0000 0.9029 -0.4298
vn -0.0020 -0.9014 -0.4330
vn -0.0020 0.6237 -0.7816
vn -0.0000 0.2191 -0.9757
vn 0.1073 -0.2194 0.9697
vn 0.1071 0.6202 0.7771
vn 0.1072 0.8946 0.4338
vn -0.0000 0.9014 0.4330
vn -0.0000 0.6238 0.7816
vn 0.1074 0.9942 -0.0000
vn 0.1072 0.8946 -0.4338
vn -0.0000 1.0000 -0.0000
vn -0.0021 -0.2208 -0.9753
vn -0.0000 -0.6239 -0.7815
vn -0.0000 -0.6219 -0.7831
vn -0.9986 -0.0325 0.0407
vn -0.9986 -0.0469 0.0227
vn -0.9986 -0.0468 0.0227
vn -0.9986 0.0469 0.0227
vn -0.9986 0.0468 0.0227
vn -0.9986 0.0521 -0.0000
vn -0.9986 0.0468 -0.0227
vn -0.9986 0.0470 -0.0224
vn -0.0000 0.1458 0.9893
vn -0.0000 0.3446 0.9388
vn -0.9986 -0.0521 -0.0000
vn -0.9986 -0.0469 -0.0227
vn -0.9986 -0.0468 -0.0227
vn -0.9986 0.0114 0.0508
vn -0.9986 0.0325 0.0407
vn -0.9986 0.0112 0.0508
vn -0.9986 -0.0325 -0.0407
vn -0.9986 -0.0112 0.0508
vn -0.9986 -0.0111 0.0509
vn -0.9986 0.0325 -0.0407
vn 0.1073 0.2194 0.9697
vn -0.0000 0.2208 0.9753
vn 0.1071 0.6202 -0.7771
vn -0.0000 0.6238 -0.7816
vn 0.9964 0.0185 -0.0822
vn 0.9964 -0.0185 -0.0822
vn 0.9964 0.0845 -0.0000
vn 0.9965 0.0751 -0.0360
vn 0.9966 -0.0514 0.0645
vn 0.9964 -0.0184 0.0822
vn 0.9965 -0.0751 -0.0360
vn 0.9964 -0.0845 -0.0000
vn 0.9964 0.0185 0.0822
vn 0.9966 0.0514 0.0644
vn 0.9965 0.0751 0.0360
vn 0.9966 0.0514 -0.0644
vn 0.9965 -0.0751 0.0360
vn 0.9966 -0.0514 -0.0644
vn -0.0020 0.6238 0.7816
vn -0.0000 0.9029 0.4298
vn -0.0020 -0.9014 0.4330
vn -0.1072 -0.8946 -0.4338
vn -0.1073 -0.9942 -0.0000
vn -0.1073 0.2194 -0.9697
vn -0.1073 -0.2194 -0.9697
vn -0.1071 -0.6210 -0.7764
vn -0.1072 -0.8962 0.4304
vn -0.1071 -0.6202 0.7771
vn 0.9986 -0.0112 -0.0508
vn 0.9986 -0.0113 -0.0508
vn 0.9986 0.0114 -0.0508
vn 0.9986 0.0112 -0.0508
vn 0.0020 1.0000 -0.0000
vn 0.0020 -0.9014 -0.4330
vn 0.0019 0.6238 -0.7816
vn -0.1073 -0.2194 0.9697
vn -0.1071 0.6210 0.7764
vn -0.1072 0.8962 0.4304
vn -0.1073 0.9942 -0.0000
vn -0.1072 0.8962 -0.4304
vn 0.0021 -0.2208 -0.9753
vn 0.9986 -0.0325 0.0407
vn 0.9986 -0.0468 0.0227
vn 0.9986 -0.0469 0.0227
vn 0.9986 0.0469 0.0227
vn 0.9986 0.0521 -0.0000
vn 0.9986 0.0468 0.0227
vn 0.9986 0.0469 -0.0227
vn 0.9986 0.0468 -0.0227
vn 0.9986 -0.0521 -0.0000
vn 0.9986 -0.0471 -0.0223
vn 0.9986 -0.0469 -0.0227
vn 0.9986 0.0117 0.0507
vn 0.9986 0.0325 0.0407
vn 0.9986 -0.0325 -0.0407
vn 0.9986 -0.0114 0.0508
vn 0.9986 0.0325 -0.0407
vn -0.1073 0.2194 0.9697
vn -0.1071 0.6210 -0.7764
vn -0.9964 -0.0185 -0.0822
vn -0.9964 0.0185 -0.0822
vn -0.9965 0.0751 -0.0360
vn -0.9964 0.0845 -0.0001
vn -0.9964 -0.0185 0.0822
vn -0.9966 -0.0514 0.0644
vn -0.9964 -0.0845 -0.0000
vn -0.9965 -0.0751 -0.0360
vn -0.9964 0.0185 0.0822
vn -0.9965 0.0752 0.0360
vn -0.9966 0.0515 0.0644
vn -0.9966 0.0514 -0.0644
vn -0.9965 -0.0751 0.0360
vn -0.9966 -0.0514 -0.0644
vn 0.0020 0.6238 0.7816
vn 0.0020 -0.9014 0.4330
vn -0.0062 -0.9879 0.1549
vn 0.0062 -0.9872 0.1591
vn -0.0005 -0.9379 0.3468
vn -0.0066 -0.8456 0.5338
vn 0.0066 -0.8455 0.5339
vn 0.0005 -0.9380 0.3468
vn -0.0067 -0.6281 0.7781
vn 0.0067 -0.6281 0.7781
vn 0.0026 0.3874 0.9219
vn 0.0017 0.9131 0.4078
vn 0.0017 0.9136 0.4066
vn 0.0026 0.3858 0.9226
vn -0.0000 -0.9510 0.3091
vn -0.0000 -0.9510 0.3092
vn 1.0000 0.0075 -0.0048
vn 1.0000 0.0077 -0.0035
vn 0.9999 0.0108 -0.0033
vn -0.0000 -0.0000 -1.0000
vn -0.0000 1.0000 -0.0027
vn 0.0002 0.9990 0.0452
vn 0.0012 0.9990 0.0452
vn -1.0000 0.0042 -0.0036
vn -1.0000 0.0075 -0.0048
vn -1.0000 0.0077 -0.0035
vn -1.0000 0.0042 -0.0037
vn -0.9999 0.0108 -0.0034
vn -0.9999 0.0108 -0.0033
vn 0.0015 -0.2680 0.9634
vn 1.0000 0.0042 -0.0037
vn 1.0000 0.0042 -0.0036
vn 0.0296 -0.2684 0.9629
vn 0.0805 0.3854 0.9192
vn -0.0763 0.3854 0.9196
vn -0.0266 -0.2676 0.9632
vn 0.0513 0.9123 0.4063
vn -0.0480 0.9121 0.4071
vn -0.5908 0.4821 -0.6469
vn -0.3850 0.8212 -0.4211
vn -0.5400 0.8241 -0.1710
vn -0.8344 0.4834 -0.2646
vn 0.0409 0.9907 -0.1300
vn 0.1008 0.9906 -0.0926
vn 0.7364 0.0260 -0.6760
vn 0.2998 0.0261 -0.9537
vn -0.1900 0.9809 0.0425
vn -0.1433 0.9809 0.1314
vn -0.2998 0.0271 0.9536
vn 0.2172 0.0268 0.9757
vn 0.0289 0.9911 0.1299
vn -0.0396 0.9913 0.1259
vn -0.2179 0.0264 -0.9756
vn -0.2173 -0.0000 -0.9761
vn -0.6762 -0.0000 -0.7367
vn -0.6760 0.0267 -0.7364
vn 0.5190 0.6383 0.5686
vn 0.7489 0.6185 0.2377
vn 0.3955 0.9098 0.1258
vn 0.2759 0.9123 0.3027
vn -0.0883 0.9108 -0.4032
vn -0.1673 0.6253 -0.7622
vn -0.5148 0.6456 -0.5640
vn -0.2742 0.9134 -0.3008
vn 0.2146 -0.0000 0.9767
vn 0.6743 -0.0000 0.7384
vn 0.6742 -0.0000 0.7386
vn -0.6743 -0.0000 -0.7384
vn -0.6747 -0.0000 -0.7381
vn -0.2147 -0.0000 -0.9767
vn 0.3855 0.8207 0.4217
vn 0.5487 0.8178 0.1737
vn 0.8357 0.4810 0.2651
vn 0.5907 0.4823 0.6468
vn 0.3101 0.9077 -0.2827
vn 0.1265 0.9087 -0.3977
vn -0.1702 0.8258 0.5376
vn -0.4153 0.8267 0.3796
vn 0.1296 0.9907 0.0407
vn 0.1330 0.9906 -0.0314
vn 0.0038 1.0000 -0.0008
vn 0.0036 1.0000 0.0011
vn 0.0008 1.0000 0.0037
vn 0.0910 0.9909 0.0991
vn 0.0026 1.0000 0.0028
vn -0.0904 0.9910 -0.0985
vn -0.9536 0.0269 -0.2997
vn -0.1264 0.9912 -0.0398
vn -0.9757 0.0271 0.2175
vn -0.9761 -0.0000 0.2173
vn -0.7367 -0.0000 0.6762
vn -0.7364 0.0272 0.6760
vn 0.1973 0.9794 -0.0437
vn 0.1490 0.9793 -0.1369
vn -0.1870 0.9806 -0.0584
vn -0.3829 0.9157 -0.1218
vn -0.7129 0.6638 -0.2263
vn 0.6760 0.0265 0.7364
vn 0.9537 0.0263 0.2998
vn -0.2999 -0.0000 0.9540
vn 0.0864 0.9148 0.3945
vn 0.1616 0.6577 0.7357
vn 0.7781 0.6044 -0.1709
vn 0.4090 0.9081 -0.0896
vn -0.0294 0.9908 -0.1319
vn 0.2173 -0.0000 0.9761
vn 0.5905 0.6006 -0.5390
vn -0.5426 0.6784 0.4953
vn -0.2240 0.6721 0.7057
vn -0.1211 0.9167 0.3808
vn -0.2938 0.9176 0.2678
vn -0.0439 0.9798 -0.1950
vn -0.1341 0.9802 -0.1453
vn -0.9531 -0.0000 -0.3027
vn -0.9532 -0.0000 -0.3023
vn 0.1880 0.4836 0.8548
vn 0.1221 0.8237 0.5538
vn -0.1285 0.9913 0.0286
vn -0.0036 1.0000 0.0008
vn -0.0035 1.0000 -0.0011
vn 0.6762 -0.0000 0.7367
vn 0.9540 -0.0000 0.2999
vn 0.9767 -0.0000 -0.2146
vn 0.7387 -0.0000 -0.6741
vn -0.3891 0.9172 0.0852
vn 0.5650 0.8157 -0.1246
vn 0.9758 0.0261 -0.2170
vn 0.9761 -0.0000 -0.2173
vn 0.7367 -0.0000 -0.6762
vn 0.3025 -0.0000 -0.9531
vn 0.3023 -0.0000 -0.9532
vn 0.0601 0.9795 -0.1924
vn 0.2999 -0.0000 -0.9540
vn 0.2653 0.4799 -0.8363
vn 0.1745 0.8160 -0.5512
vn -0.1238 0.8182 -0.5614
vn -0.1884 0.4808 -0.8564
vn 0.9534 -0.0000 0.3018
vn 0.9531 -0.0000 0.3025
vn -0.0968 0.9913 0.0889
vn 0.4277 0.8150 -0.3910
vn 0.6480 0.4796 -0.5917
vn 0.8568 0.4800 -0.1884
vn -0.9767 -0.0000 0.2146
vn -0.9767 -0.0000 0.2147
vn -0.9540 -0.0000 -0.2999
vn 0.0028 1.0000 -0.0026
vn 0.1915 0.9796 0.0603
vn -0.0008 1.0000 -0.0037
vn -0.0025 1.0000 -0.0028
vn -0.5503 0.8261 0.1213
vn 0.2402 0.6085 -0.7563
vn -0.0011 1.0000 0.0035
vn -0.7384 -0.0000 0.6744
vn -0.7385 -0.0000 0.6742
vn 0.0012 1.0000 -0.0037
vn -0.0027 1.0000 0.0025
vn -0.3027 -0.0000 0.9531
vn -0.3023 -0.0000 0.9532
vn -0.2644 0.4845 0.8339
vn -0.8544 0.4844 0.1879
vn -0.0588 0.9808 0.1861
vn 0.0428 0.9804 0.1921
vn -0.7203 0.6754 0.1582
vn -0.6458 0.4848 0.5899
vn 0.1341 0.9800 0.1468
vn 0.0452 -0.0710 0.9965
vn 0.0449 0.1552 0.9869
vn -0.0449 0.1525 0.9873
vn -0.0452 -0.0689 0.9966
vn 0.0511 0.8569 0.5130
vn 0.0534 0.7586 0.6494
vn -0.0536 0.7587 0.6492
vn -0.0511 0.8580 0.5111
vn -0.0542 -0.7500 0.6592
vn -0.9947 -0.0795 0.0658
vn -0.9952 -0.0477 0.0855
vn -0.0568 -0.4544 0.8890
vn 0.0491 0.9332 0.3559
vn -0.0491 0.9333 0.3557
vn 0.0473 0.9822 -0.1818
vn -0.0473 0.9821 -0.1821
vn -0.0472 0.9960 -0.0759
vn 0.0472 0.9960 -0.0756
vn 0.9888 -0.1007 0.1106
vn 0.9924 0.0857 -0.0887
vn 0.9926 0.0493 -0.1107
vn 0.9885 -0.0572 0.1402
vn -0.9786 0.2045 0.0210
vn -0.9944 0.0826 0.0663
vn -0.0499 0.7431 0.6674
vn 0.9937 0.0964 0.0578
vn 0.9941 0.0824 0.0712
vn -0.9937 0.1062 0.0366
vn -0.9939 0.0962 0.0538
vn -0.9902 -0.1177 -0.0752
vn -0.9884 -0.1418 -0.0549
vn -0.9911 -0.0903 -0.0983
vn -0.0507 -0.8534 -0.5187
vn -0.0524 -0.6909 -0.7210
vn -0.9901 -0.1380 -0.0266
vn -0.9920 0.1253 0.0131
vn 0.0449 0.3944 0.9179
vn 0.0458 0.6558 0.7536
vn -0.0458 0.6526 0.7563
vn -0.0449 0.3945 0.9178
vn -0.0475 -0.9399 -0.3380
vn -0.0475 -0.9866 -0.1563
vn -0.0483 0.9889 0.1403
vn 0.0474 -0.9400 -0.3378
vn 0.0508 -0.8535 -0.5186
vn 0.9905 -0.1175 -0.0713
vn 0.9886 -0.1417 -0.0511
vn 0.0492 -0.3527 -0.9344
vn 0.0521 -0.6911 -0.7208
vn -0.0497 -0.3524 -0.9345
vn 0.0317 0.9313 -0.3628
vn 0.0314 0.9292 -0.3683
vn 0.0048 0.9045 -0.4265
vn -0.0011 0.9044 -0.4267
vn -0.0255 0.9292 -0.3686
vn -0.0260 0.9315 -0.3629
vn -0.0016 0.9545 -0.2982
vn 0.0050 0.9545 -0.2983
vn -0.9818 0.0751 -0.1746
vn 0.0455 -0.4211 -0.9059
vn 0.0445 -0.1507 -0.9876
vn -0.0444 -0.1506 -0.9876
vn -0.0455 -0.4210 -0.9059
vn 0.0451 -0.3775 0.9249
vn 0.9887 -0.0107 0.1497
vn -0.9903 0.0162 -0.1377
vn -0.9920 0.0544 -0.1143
vn -0.9893 -0.0521 0.1362
vn -0.9896 -0.0072 0.1440
vn -0.9892 0.0249 0.1443
vn 0.9884 0.0230 0.1499
vn 0.0474 -0.9950 0.0884
vn 0.0477 -0.9930 -0.1085
vn -0.0477 -0.9929 -0.1088
vn -0.0474 -0.9950 0.0881
vn -0.0482 -0.9984 -0.0311
vn 0.0475 -0.9866 -0.1560
vn 0.0482 -0.9984 -0.0306
vn 0.0461 0.8827 0.4678
vn 0.0464 0.9886 0.1429
vn -0.0464 0.9887 0.1427
vn -0.0461 0.8828 0.4676
vn 0.0483 0.9889 0.1405
vn 0.9910 -0.0202 -0.1323
vn 0.9920 -0.0524 -0.1148
vn 0.9880 0.0610 0.1417
vn 0.9908 -0.0493 0.1260
vn 0.9869 -0.0751 0.1426
vn 0.9867 -0.0202 -0.1615
vn 0.9902 0.0133 -0.1392
vn 0.9914 -0.1305 0.0115
vn 0.9927 -0.1203 -0.0135
vn 0.0444 0.0975 -0.9942
vn 0.9910 0.0128 -0.1330
vn 0.9935 0.1063 0.0405
vn -0.9883 0.1370 0.0669
vn -0.9887 0.1008 0.1107
vn 0.9920 0.1253 0.0180
vn 0.9902 -0.1380 -0.0217
vn 0.0356 -0.3661 0.9299
vn 0.0426 -0.9553 0.2925
vn 0.0426 -0.9553 -0.2925
vn 0.0395 -0.0206 -0.9990
vn -0.9926 -0.1202 -0.0190
vn -0.9929 -0.1032 -0.0585
vn -0.9887 0.1492 0.0159
vn 0.9882 0.1001 0.1163
vn -0.9914 -0.1305 0.0060
vn 0.9879 0.1368 0.0724
vn 0.0482 -0.8897 -0.4540
vn 0.9932 -0.1034 -0.0529
vn -0.9914 -0.0520 -0.1202
vn -0.9923 -0.0762 -0.0980
vn -0.0473 -0.6379 -0.7687
vn -0.0482 -0.8896 -0.4542
vn 0.9886 0.1491 0.0214
vn 0.9903 0.1386 -0.0106
vn 0.0473 -0.6381 -0.7685
vn 0.9928 -0.0766 -0.0921
vn -0.9887 0.0620 0.1363
vn 0.9914 -0.0913 -0.0937
vn 0.9829 0.0741 -0.1684
vn -0.9907 0.1327 -0.0300
vn -0.9908 -0.1337 0.0191
vn -0.9902 0.1387 -0.0162
vn -0.9912 -0.1322 -0.0094
vn -0.0612 0.5106 -0.8576
vn -0.9938 0.0531 -0.0972
vn -0.9911 0.1026 -0.0850
vn -0.0522 0.7834 -0.6193
vn 0.0446 -0.8155 0.5771
vn 0.9905 -0.1125 0.0793
vn 0.0437 -0.6726 0.7387
vn 0.9789 0.2028 0.0258
vn 0.0494 0.7428 0.6677
vn -0.9904 -0.0182 -0.1372
vn 0.0473 0.4109 -0.9104
vn -0.0473 0.4111 -0.9104
vn -0.0443 0.0976 -0.9942
vn -0.0451 -0.3773 0.9250
vn -0.9895 -0.0970 0.1070
vn -0.9917 0.0895 -0.0922
vn 0.0481 0.6952 -0.7172
vn -0.0438 -0.6726 0.7387
vn -0.9910 -0.1111 0.0753
vn -0.9906 0.1121 -0.0780
vn -0.0447 -0.8156 0.5769
vn 0.0471 -0.8711 0.4889
vn 0.9920 -0.1099 0.0613
vn 0.0461 0.8779 -0.4765
vn 0.0468 0.8292 -0.5569
vn 0.9911 0.1104 -0.0741
vn 0.9897 0.1257 -0.0685
vn 0.0542 -0.7499 0.6594
vn 0.9945 -0.0784 0.0689
vn 0.9910 0.1046 -0.0831
vn 0.0521 0.7834 -0.6193
vn 0.0470 0.0772 -0.9959
vn -0.0482 0.6953 -0.7171
vn -0.0395 -0.0210 -0.9990
vn -0.0470 0.0768 -0.9959
vn 0.0612 0.5108 -0.8575
vn 0.9938 0.0566 -0.0960
vn 0.0419 -0.3794 0.9243
vn 0.0568 -0.4541 0.8891
vn 0.9952 -0.0444 0.0872
vn -0.0471 -0.8712 0.4887
vn -0.9923 -0.1099 0.0575
vn -0.9860 -0.0304 -0.1637
vn -0.9864 -0.0854 0.1406
vn -0.9906 -0.0583 0.1240
vn -0.9899 0.0045 -0.1414
vn -0.0469 0.8292 -0.5570
vn -0.0461 0.8779 -0.4767
vn -0.9895 0.1253 -0.0717
vn 0.9909 0.1326 -0.0246
vn -0.0356 -0.3664 0.9298
vn -0.0425 -0.9553 0.2925
vn -0.0425 -0.9553 -0.2925
vn -0.0419 -0.3798 0.9241
vn 0.9912 -0.1323 -0.0041
vn 0.9907 -0.1337 0.0246
vn 0.9912 0.1321 0.0069
vn 0.9912 0.1322 -0.0102
vn 0.9910 -0.1333 0.0102
vn 0.9910 0.1322 -0.0230
vn 0.9908 -0.1334 0.0231
vn -0.9912 0.1322 -0.0013
vn -0.0482 0.9984 0.0299
vn -0.9911 0.1322 -0.0154
vn -0.0480 0.9959 -0.0770
vn -0.9908 0.1323 -0.0283
vn -0.0475 0.9840 -0.1717
vn 0.0471 -0.9824 0.1806
vn 0.0473 -0.9842 0.1706
vn 0.0479 -0.9960 0.0758
vn 0.0482 0.9984 0.0302
vn 0.0480 0.9959 -0.0767
vn 0.0475 0.9840 -0.1715
vn -0.0471 -0.9825 0.1803
vn -0.9909 -0.1334 0.0179
vn -0.0473 -0.9842 0.1704
vn -0.9911 -0.1332 0.0049
vn -0.0480 -0.9960 0.0756
vn 0.6246 -0.1356 -0.7691
vn 0.8998 -0.0758 -0.4298
vn -0.2252 -0.1692 -0.9595
vn -0.6246 -0.1356 -0.7691
vn -0.8998 -0.0758 -0.4298
vn 0.2252 -0.1692 -0.9595
vn -0.9934 -0.0198 -0.1126
vn -1.0000 -0.0000 -0.0000
vn -0.9936 -0.0196 -0.1110
vn -0.0000 0.3420 0.9397
vn 0.9934 -0.0198 -0.1126
vn 0.9936 -0.0196 -0.1110
vn 1.0000 -0.0000 -0.0000
vn -0.0000 0.9935 -0.1141
vn -0.0000 0.9991 0.0416
vn -0.0000 -0.9848 0.1736
vn -0.0000 -0.9826 0.1858
vn -0.0000 0.9818 -0.1900
vn -0.0000 0.9910 -0.1339
vn -0.0000 0.9515 -0.3077
vn -0.0000 0.9726 0.2323
vn -0.0000 -0.9987 0.0512
vn -0.0000 -0.9738 0.2275
vn -0.0000 0.9387 0.3447
vn -0.0000 -0.9637 -0.2671
vn -0.0000 -0.9456 -0.3252
vn -0.0000 0.9801 0.1987
vn -0.0000 -0.9521 0.3058
vn -0.0000 -0.9992 0.0395
vn -0.0000 -0.9898 -0.1425
vn -0.0001 -0.9956 -0.0935
vn -0.0001 -0.9606 -0.2778
vn -0.0000 -0.2552 0.9669
vn -0.0000 0.2567 -0.9665
vn -0.0001 -0.9966 0.0825
vn 0.0037 -0.9948 0.1021
vn 0.0037 -0.9948 0.1020
vn -0.0000 -0.4282 0.9037
vn -0.0001 -0.8528 -0.5222
vn -0.0001 -0.9027 -0.4302
vn -0.0001 -0.9439 -0.3303
vn -0.9987 -0.0244 0.0449
vn -0.9996 -0.0179 0.0203
vn -0.9913 0.1316 0.0079
vn 0.0001 0.9993 0.0361
vn -0.0000 -0.0565 0.9984
vn 1.0000 -0.0001 -0.0000
vn -0.0000 -0.2553 0.9669
vn -1.0000 0.0001 -0.0000
vn -0.0000 -0.2551 0.9669
vn -0.0001 -0.9924 -0.1228
vn -0.0001 -0.9961 -0.0881
vn -0.0001 -0.8695 0.4939
vn -0.0000 0.1796 0.9837
vn 0.0075 -0.9864 -0.1639
vn 0.0075 -0.9980 -0.0626
vn 0.0075 -0.9980 -0.0628
vn -0.9471 0.3207 0.0099
vn -0.9866 0.1631 0.0047
vn -0.9999 -0.0123 -0.0010
vn 0.9866 0.1631 0.0051
vn 0.9912 0.1318 0.0076
vn 0.9472 0.3205 0.0099
vn 0.9997 -0.0170 0.0173
vn 0.9990 -0.0227 0.0377
vn 0.0001 0.9689 0.2475
vn 0.9999 -0.0121 -0.0003
vn -0.0001 -0.0177 -0.9998
vn -0.0000 -0.0181 -0.9998
vn -0.0001 -0.0176 -0.9998
vn -0.0926 -0.9953 -0.0283
vn -0.0463 -0.9989 -0.0042
vn -0.0120 -0.9946 0.1029
vn -0.0236 -0.9584 0.2846
vn 0.0193 -0.0314 0.9993
vn 0.0085 -0.0589 0.9982
vn 0.0048 -0.0217 0.9998
vn 0.0090 -0.0056 0.9999
vn 1.0000 -0.0003 -0.0000
vn 1.0000 -0.0004 -0.0000
vn 1.0000 -0.0002 -0.0000
vn -1.0000 0.0002 -0.0000
vn -1.0000 -0.0001 -0.0000
vn -0.0000 0.0148 0.9999
vn -0.0000 0.0162 0.9999
vn 0.0001 0.0163 0.9999
vn 0.0014 -0.9997 0.0238
vn -0.0000 -0.0175 -0.9998
vn -0.0001 -0.0175 -0.9998
vn 0.1999 -0.0184 -0.9796
vn -0.0000 -0.0188 -0.9998
vn -0.0000 0.4194 -0.9078
vn 0.2000 0.4110 -0.8894
vn -1.0000 0.0004 -0.0000
vn -1.0000 0.0003 -0.0000
vn 0.0002 0.4000 -0.9165
vn 0.0001 -0.0956 -0.9954
vn 0.0002 -0.0187 -0.9998
vn 0.0002 0.3986 -0.9171
vn -0.0031 0.6055 0.7959
vn -0.0051 0.4349 0.9005
vn -0.0051 0.4304 0.9026
vn -0.0001 0.9329 0.3600
vn -0.0002 0.9848 0.1734
vn -0.0002 0.9847 0.1740
vn -0.0020 0.9775 -0.2111
vn -0.0020 0.9776 -0.2106
vn 0.2000 -0.7765 -0.5975
vn 0.2000 -0.4441 -0.8734
vn 0.4024 -0.4147 -0.8161
vn 0.4024 -0.7255 -0.5584
vn 0.0001 0.5751 -0.8181
vn -0.0000 -0.4532 -0.8914
vn 0.2005 -0.9502 0.2387
vn 0.2000 -0.9586 -0.2027
vn 0.4026 -0.8956 -0.1894
vn 0.4035 -0.8875 0.2224
vn -0.0000 -0.7925 -0.6099
vn -0.0000 -0.9784 -0.2068
vn -0.0000 -0.7691 0.6392
vn -0.0000 -0.4194 0.9078
vn 0.0001 -0.4194 0.9078
vn 0.4024 0.3838 -0.8311
vn 0.4024 -0.0172 -0.9153
vn 0.1999 0.0184 0.9796
vn -0.0000 0.0188 0.9998
vn 0.1998 -0.4110 0.8895
vn 0.2003 -0.7538 0.6258
vn 0.4024 0.4147 0.8161
vn 0.2000 0.4441 0.8734
vn 0.4024 0.0172 0.9153
vn -0.0000 -0.9699 0.2434
vn 1.0000 -0.0005 -0.0000
vn 1.0000 -0.0001 -0.0001
vn -0.0000 0.3993 -0.9168
vn -0.0000 0.5751 -0.8181
vn -0.0000 -0.0956 -0.9954
vn -0.0000 -0.0187 -0.9998
vn -0.0000 -0.7925 -0.6098
vn 0.0001 0.0180 0.9998
vn -0.0000 -0.0587 0.9983
vn 0.2000 0.7765 0.5975
vn 0.4023 0.7256 0.5583
vn -0.0022 -0.0587 0.9983
vn -0.0000 0.7691 -0.6392
vn 0.2000 0.7535 -0.6263
vn 0.1999 0.9503 -0.2386
vn 0.4024 0.8880 -0.2226
vn 0.4023 0.7041 -0.5851
vn -0.0000 0.4532 0.8914
vn -0.0000 0.9699 -0.2434
vn 0.4021 -0.3838 0.8313
vn -0.0000 0.7925 0.6098
vn 0.1999 0.9586 0.2028
vn -0.0000 0.9784 0.2068
vn 0.4030 -0.7027 0.5864
vn 0.4024 0.8957 0.1891
vn -0.0000 -0.9999 0.0172
vn -1.0000 0.0005 -0.0000
vn -1.0000 0.0006 -0.0000
vn -1.0000 0.0007 -0.0000
vn -1.0000 -0.0000 0.0001
vn -1.0000 0.0001 0.0002
vn -0.0033 0.0180 0.9998
vn 0.0001 0.4327 0.9015
vn 0.0001 0.6055 0.7958
vn 0.0002 -0.4194 0.9078
vn -0.0034 0.9188 -0.3947
vn -0.0000 -0.9998 0.0198
vn -1.0000 -0.0000 -0.0001
vn -1.0000 -0.0000 -0.0002
vn -0.0000 -0.9966 -0.0823
vn 0.0003 0.0163 0.9999
vn 0.0001 -0.0177 -0.9998
vn 0.0001 -0.0176 -0.9998
vn 0.0926 -0.9953 -0.0283
vn 0.0463 -0.9989 -0.0042
vn 0.0120 -0.9946 0.1029
vn 0.0236 -0.9584 0.2846
vn -0.0193 -0.0314 0.9993
vn -0.0090 -0.0056 0.9999
vn -0.0048 -0.0217 0.9998
vn -0.0085 -0.0589 0.9982
vn -1.0000 -0.0003 -0.0000
vn -1.0000 -0.0002 -0.0000
vn -1.0000 -0.0004 -0.0000
vn 1.0000 0.0002 -0.0000
vn 1.0000 0.0001 -0.0000
vn -0.0001 0.0163 0.9999
vn -0.0014 -0.9997 0.0238
vn 0.0001 -0.0175 -0.9998
vn -0.1999 -0.0184 -0.9796
vn -0.2000 0.4110 -0.8894
vn 1.0000 0.0003 -0.0000
vn 1.0000 0.0004 -0.0000
vn -0.0002 0.4000 -0.9165
vn -0.0002 0.3986 -0.9171
vn -0.0002 -0.0187 -0.9998
vn -0.0001 -0.0956 -0.9954
vn 0.0031 0.6055 0.7959
vn 0.0051 0.4304 0.9026
vn 0.0051 0.4349 0.9005
vn 0.0001 0.9329 0.3600
vn 0.0002 0.9847 0.1740
vn 0.0002 0.9848 0.1734
vn 0.0020 0.9776 -0.2106
vn 0.0020 0.9775 -0.2111
vn -0.2000 -0.7765 -0.5975
vn -0.4024 -0.7255 -0.5584
vn -0.4024 -0.4147 -0.8161
vn -0.2000 -0.4441 -0.8734
vn -0.0001 0.5751 -0.8181
vn -0.2005 -0.9502 0.2387
vn -0.4035 -0.8875 0.2224
vn -0.4026 -0.8956 -0.1894
vn -0.2000 -0.9586 -0.2027
vn -0.0001 -0.4194 0.9078
vn -0.4024 -0.0172 -0.9153
vn -0.4024 0.3838 -0.8311
vn -0.1999 0.0184 0.9796
vn -0.1998 -0.4110 0.8895
vn -0.2004 -0.7538 0.6258
vn -0.4024 0.4147 0.8161
vn -0.4024 0.0172 0.9153
vn -0.2000 0.4441 0.8734
vn -1.0000 -0.0005 -0.0000
vn -1.0000 -0.0001 -0.0001
vn -0.0001 0.0180 0.9998
vn -0.2000 0.7765 0.5975
vn -0.4023 0.7256 0.5583
vn 0.0022 -0.0587 0.9983
vn -0.2000 0.7535 -0.6263
vn -0.4023 0.7041 -0.5851
vn -0.4024 0.8880 -0.2226
vn -0.1999 0.9503 -0.2386
vn -0.4021 -0.3838 0.8313
vn -0.1999 0.9586 0.2028
vn -0.4030 -0.7027 0.5864
vn -0.4024 0.8957 0.1891
vn 1.0000 0.0005 -0.0000
vn 1.0000 0.0006 -0.0000
vn 1.0000 0.0007 -0.0000
vn 1.0000 -0.0000 0.0001
vn 1.0000 0.0001 0.0002
vn 0.0033 0.0180 0.9998
vn -0.0001 0.4327 0.9015
vn -0.0001 0.6055 0.7958
vn -0.0002 -0.4194 0.9078
vn 0.0034 0.9188 -0.3947
vn 1.0000 -0.0000 -0.0001
vn 1.0000 -0.0000 -0.0002
vn -0.0003 0.0163 0.9999
vn 0.9511 -0.0038 -0.3090
vn 0.9511 -0.0000 -0.3090
vn 0.6049 0.0790 0.7923
vn 0.5781 0.3820 0.7210
vn 0.7822 0.3967 0.4804
vn 0.8511 0.0860 0.5180
vn 0.0485 0.0018 -0.9988
vn 0.0505 0.0766 -0.9958
vn -0.3879 0.0828 -0.9180
vn -0.3925 -0.0000 -0.9198
vn 0.9399 0.0789 -0.3321
vn 0.8686 0.3705 -0.3290
vn 0.7005 0.3891 -0.5982
vn 0.7547 0.0861 -0.6504
vn 0.4951 0.7502 -0.4383
vn 0.2635 0.7536 -0.6022
vn 0.3542 0.3931 -0.8485
vn 0.1258 0.7884 0.6022
vn 0.0181 0.9810 0.1930
vn 0.0548 0.9732 0.2233
vn 0.2905 0.7854 0.5466
vn -0.6029 0.7907 -0.1066
vn -0.5473 0.8225 -0.1549
vn -0.1660 0.9860 0.0159
vn -0.2247 0.9743 0.0167
vn 0.0767 0.7485 -0.6587
vn 0.1106 0.9722 -0.2066
vn 0.0784 0.9633 -0.2567
vn 0.6074 0.7436 -0.2796
vn 0.6064 0.7879 -0.1072
vn 0.6095 0.7900 0.0667
vn 0.1887 0.9811 0.0420
vn 0.2279 0.9735 0.0175
vn 0.8562 0.0002 0.5166
vn 0.9928 0.0866 0.0824
vn 0.9963 0.0002 0.0862
vn -0.9510 -0.0039 -0.3091
vn -0.9511 -0.0000 -0.3090
vn -0.5669 0.0803 0.8199
vn -0.5063 0.3853 0.7715
vn -0.2133 0.3993 0.8917
vn -0.2286 0.0867 0.9697
vn 0.0261 0.0019 -0.9997
vn 0.0264 0.0804 -0.9964
vn -0.1127 0.0808 -0.9903
vn -0.1244 0.0033 -0.9922
vn -0.9652 0.0018 -0.2617
vn -0.9629 0.0766 -0.2588
vn -0.9960 0.0742 -0.0500
vn -0.9993 0.0035 -0.0371
vn 0.8903 0.3849 -0.2432
vn 0.5494 0.8212 -0.1543
vn 0.8511 0.3975 -0.3430
vn -0.5789 0.3827 0.7200
vn -0.4291 0.7867 0.4438
vn -0.3549 0.8207 0.4478
vn -0.4885 0.3957 0.7777
vn 0.4300 0.7855 0.4451
vn 0.3557 0.8201 0.4481
vn 0.1396 0.9867 0.0830
vn 0.1894 0.9746 0.1196
vn -0.0001 -0.0039 -1.0000
vn -0.0002 -0.0072 -1.0000
vn 0.4823 0.0035 0.8760
vn 0.4913 0.0800 0.8673
vn 0.6062 0.0020 0.7953
vn -0.1248 0.7903 0.5999
vn -0.2893 0.7882 0.5432
vn 0.1647 0.9707 -0.1748
vn 0.2245 0.9605 -0.1647
vn -0.1737 0.9712 -0.1629
vn -0.1353 0.9765 -0.1674
vn 0.2152 0.3966 0.8924
vn 0.5070 0.3818 0.7727
vn -0.3165 0.8213 0.4746
vn -0.0357 0.9858 0.1640
vn -0.0537 0.9736 0.2219
vn 0.0356 0.9858 0.1639
vn -0.8518 0.0862 0.5168
vn -0.7823 0.3981 0.4792
vn -0.6063 0.0790 0.7913
vn -0.9926 0.0872 0.0846
vn -0.9126 0.4019 0.0746
vn 0.5707 0.0027 0.8212
vn 0.5674 0.0793 0.8196
vn 0.6741 0.0807 0.7342
vn 0.6864 0.0049 0.7272
vn 0.9141 0.3990 0.0726
vn 0.4884 0.3955 0.7779
vn 0.0236 0.3703 -0.9286
vn -0.3610 0.3755 -0.8536
vn 0.2299 0.0860 0.9694
vn 0.3162 0.8201 0.4769
vn 0.5888 0.3954 0.7050
vn -0.9072 0.0809 -0.4128
vn -0.8503 0.3991 -0.3431
vn -0.8896 0.3876 -0.2415
vn -0.9559 0.0804 -0.2826
vn -0.6054 0.7931 0.0667
vn -0.1867 0.9816 0.0410
vn -0.4917 0.0798 0.8671
vn 0.1758 0.9816 0.0745
vn 0.5338 0.7884 0.3057
vn 0.3872 0.0872 -0.9179
vn -0.7532 0.0828 -0.6526
vn -0.7003 0.3755 -0.6071
vn -0.8907 0.3702 -0.2638
vn -0.9261 0.3660 -0.0918
vn 0.9766 0.0798 -0.1998
vn 0.8967 0.3814 -0.2247
vn -0.6867 0.0049 0.7269
vn -0.6745 0.0814 0.7337
vn -0.5701 0.0028 0.8216
vn -0.5892 0.3977 0.7033
vn 0.0442 0.3756 -0.9257
vn -0.0655 0.3848 -0.9207
vn 0.9553 0.0798 -0.2848
vn 0.9070 0.0806 -0.4133
vn 0.2271 0.0003 0.9739
vn -0.2262 0.0003 0.9741
vn -0.2024 0.9720 0.1190
vn -0.1462 0.9856 0.0845
vn -0.5316 0.7905 0.3043
vn -0.1812 0.9804 0.0772
vn -0.2816 0.7579 -0.5885
vn -0.4726 0.7579 -0.4497
vn -0.1179 0.9759 -0.1836
vn -0.0632 0.7747 -0.6292
vn 0.0592 0.7911 -0.6088
vn -0.0509 0.9827 -0.1781
vn -0.1052 0.9697 -0.2205
vn -0.8570 0.0002 0.5153
vn -0.9961 0.0002 0.0883
vn 0.1670 0.9858 0.0168
vn -0.5790 0.7747 -0.2542
vn -0.0184 0.9812 0.1922
vn -0.7535 -0.0000 -0.6575
vn 0.5969 0.7756 -0.2054
vn 0.1755 0.9776 -0.1164
vn 0.1975 0.3662 -0.9093
vn 0.0534 0.9781 -0.2010
vn 0.7549 0.0002 -0.6558
vn 0.3918 0.0002 -0.9201
vn -0.5977 0.7909 -0.1310
vn -0.1509 0.9835 -0.0996
vn 0.2586 0.0743 -0.9631
vn 0.0083 0.7780 -0.6282
vn 0.5874 -0.0046 0.8093
vn 0.5878 -0.0000 0.8090
vn -0.9589 0.0019 -0.2839
vn 0.9581 0.0020 -0.2863
vn -0.6078 0.0019 0.7941
vn -0.4830 0.0033 0.8756
vn -0.9054 0.0033 -0.4246
vn 0.2719 0.0035 -0.9623
vn 0.9820 0.0033 -0.1888
vn 0.9431 0.0019 -0.3326
vn 0.9050 0.0035 -0.4254
vn -0.5874 -0.0045 0.8093
vn -0.5870 -0.0084 0.8095
vn 0.0043 1.0000 -0.0006
vn -0.5878 -0.0000 0.8090
vn 0.5871 -0.0086 0.8095
vn 0.9511 -0.0070 -0.3089
vn -0.9510 -0.0073 -0.3092
vn -0.3685 -0.0651 0.9273
vn 0.3704 -0.0641 0.9267
vn 0.3669 0.1455 0.9188
vn -0.3649 0.1447 0.9197
vn -0.4070 0.7841 0.4686
vn 0.4075 0.7846 0.4674
vn 0.4270 0.6517 0.6268
vn -0.4254 0.6507 0.6290
vn 0.4461 -0.6492 0.6161
vn 0.4296 -0.4130 0.8031
vn 0.9438 -0.1524 0.2932
vn 0.9575 -0.2022 0.2057
vn -0.3952 0.8602 0.3223
vn 0.3955 0.8606 0.3209
vn -0.3813 0.9102 -0.1618
vn -0.3789 0.9239 -0.0543
vn 0.3786 0.9238 -0.0564
vn 0.3808 0.9100 -0.1639
vn -0.9063 -0.2856 0.3116
vn -0.9018 -0.1669 0.3986
vn -0.9403 0.1366 -0.3118
vn -0.9358 0.2418 -0.2564
vn 0.8596 0.4976 0.1161
vn 0.3764 0.7630 0.5255
vn 0.9476 0.2249 0.2270
vn -0.9468 0.2233 0.2320
vn -0.9386 0.2924 0.1832
vn 0.9336 0.3357 0.1250
vn 0.9197 -0.3690 -0.1343
vn 0.9213 -0.3323 -0.2021
vn 0.9392 0.2927 0.1798
vn 0.9196 -0.2496 -0.3033
vn 0.3923 -0.7734 -0.4979
vn 0.3925 -0.5772 -0.7161
vn 0.9336 0.3536 0.0578
vn 0.9174 -0.3902 -0.0780
vn -0.3662 0.3770 0.8508
vn 0.3675 0.3778 0.8499
vn 0.3680 0.6114 0.7006
vn -0.3673 0.6106 0.7016
vn 0.3834 -0.8680 -0.3156
vn 0.3790 -0.9108 -0.1637
vn 0.3951 0.9034 0.1668
vn -0.3837 -0.8683 -0.3143
vn -0.9201 -0.3691 -0.1309
vn -0.9219 -0.3326 -0.1988
vn -0.3927 -0.7740 -0.4967
vn -0.3758 -0.0343 -0.9261
vn 0.3733 -0.0395 -0.9269
vn -0.3921 -0.5787 -0.7151
vn -0.4224 0.8819 -0.2095
vn -0.1824 0.9832 -0.0110
vn 0.1778 0.9840 -0.0096
vn 0.4053 0.8891 -0.2125
vn 0.4139 0.7669 -0.4904
vn 0.1761 0.6754 -0.7161
vn -0.1856 0.6756 -0.7135
vn -0.4323 0.7618 -0.4825
vn 0.8698 0.1831 -0.4581
vn -0.3810 -0.3951 -0.8359
vn 0.3793 -0.3940 -0.8372
vn 0.3813 -0.1592 -0.9106
vn -0.3825 -0.1602 -0.9099
vn -0.3608 -0.3488 0.8649
vn -0.9128 -0.0301 0.4073
vn 0.9265 0.0398 -0.3741
vn 0.9148 -0.0271 0.4030
vn 0.9036 -0.1632 0.3962
vn 0.9390 0.1411 -0.3136
vn 0.9104 0.0686 0.4079
vn -0.9086 0.0668 0.4123
vn -0.3900 -0.9188 0.0614
vn 0.3900 -0.9189 0.0592
vn 0.3934 -0.9122 -0.1147
vn -0.3936 -0.9124 -0.1124
vn 0.3841 -0.9228 -0.0303
vn -0.3842 -0.9228 -0.0283
vn -0.3795 -0.9109 -0.1620
vn -0.3674 0.8232 0.4328
vn 0.3680 0.8238 0.4312
vn 0.3726 0.9178 0.1374
vn -0.3724 0.9176 0.1393
vn -0.3950 0.9031 0.1686
vn -0.9099 0.1666 0.3800
vn -0.9289 -0.1577 -0.3351
vn -0.9324 -0.0609 -0.3561
vn -0.9254 -0.1431 0.3509
vn -0.9214 0.0601 -0.3840
vn -0.8602 -0.2995 -0.4128
vn -0.8566 -0.3665 0.3631
vn -0.9346 -0.3529 -0.0452
vn -0.9300 -0.3667 0.0243
vn -0.3774 0.1004 -0.9206
vn -0.9278 0.0367 -0.3713
vn -0.9332 0.3355 0.1286
vn 0.9092 0.2757 0.3119
vn 0.9074 0.3736 0.1925
vn -0.9178 -0.3902 -0.0738
vn -0.9334 0.3534 0.0622
vn -0.3240 -0.8121 0.4853
vn -0.2663 -0.3656 0.8919
vn -0.2748 -0.1984 -0.9408
vn -0.3240 -0.8121 -0.4853
vn 0.9344 -0.3527 -0.0505
vn 0.9127 0.4049 0.0557
vn 0.9416 -0.2967 -0.1592
vn -0.9081 0.2745 0.3161
vn 0.9301 -0.3668 0.0190
vn -0.9067 0.3730 0.1971
vn -0.4038 -0.8145 -0.4166
vn -0.9423 -0.2973 -0.1540
vn 0.3937 -0.5960 -0.6998
vn 0.9358 -0.2265 -0.2702
vn 0.9274 -0.1564 -0.3399
vn 0.4032 -0.8137 -0.4187
vn -0.9187 0.3943 -0.0235
vn -0.9125 0.4047 0.0606
vn -0.3949 -0.5971 -0.6983
vn -0.9370 -0.2275 -0.2651
vn 0.9114 0.1678 0.3758
vn -0.9203 -0.2518 -0.2994
vn -0.8794 0.1645 -0.4467
vn 0.9206 0.3833 -0.0749
vn 0.9185 0.3945 -0.0285
vn 0.9286 -0.3664 0.0589
vn 0.9216 -0.3878 -0.0167
vn 0.4315 0.4299 -0.7931
vn 0.4000 0.6953 -0.5972
vn 0.9194 0.3089 -0.2434
vn 0.9391 0.1699 -0.2987
vn -0.3657 -0.7636 0.5322
vn -0.3593 -0.6305 0.6880
vn -0.9112 -0.3379 0.2356
vn -0.3739 0.7651 0.5241
vn -0.8655 0.4848 0.1261
vn 0.9311 -0.0588 -0.3599
vn -0.4003 0.3853 -0.8315
vn 0.3998 0.3869 -0.8309
vn 0.3775 0.1015 -0.9204
vn 0.3620 -0.3479 0.8648
vn 0.9079 -0.2831 0.3092
vn 0.9346 0.2445 -0.2584
vn -0.3957 0.6344 -0.6640
vn 0.3608 -0.6301 0.6876
vn 0.9121 -0.3375 0.2326
vn 0.9303 0.3027 -0.2074
vn 0.3662 -0.7640 0.5313
vn -0.3791 -0.8072 0.4524
vn -0.9227 -0.3370 0.1873
vn -0.3817 0.8121 -0.4414
vn -0.9233 0.3372 -0.1838
vn -0.9311 0.3020 -0.2044
vn -0.3903 0.7627 -0.5156
vn -0.4438 -0.6486 0.6184
vn -0.9569 -0.2014 0.2094
vn -0.3992 0.6960 -0.5969
vn -0.9190 0.3108 -0.2424
vn -0.3935 0.1554 -0.9061
vn 0.3954 0.6347 -0.6639
vn 0.3932 0.1528 -0.9067
vn 0.2734 -0.2005 -0.9408
vn -0.4307 0.4316 -0.7926
vn -0.9387 0.1736 -0.2978
vn -0.3808 -0.3598 0.8518
vn -0.4281 -0.4115 0.8046
vn -0.9435 -0.1493 0.2958
vn 0.3802 -0.8075 0.4510
vn 0.9235 -0.3367 0.1836
vn 0.8577 -0.3052 -0.4137
vn 0.9211 0.0530 -0.3857
vn 0.9252 -0.1506 0.3484
vn 0.8545 -0.3729 0.3617
vn 0.3897 0.7625 -0.5164
vn 0.3820 0.8116 -0.4421
vn 0.9231 0.3363 -0.1863
vn -0.9210 0.3832 -0.0698
vn 0.2652 -0.3679 0.8913
vn 0.3227 -0.8126 0.4853
vn 0.3227 -0.8126 -0.4853
vn 0.3806 -0.3629 0.8505
vn -0.9217 -0.3878 -0.0118
vn -0.9283 -0.3662 0.0641
vn -0.9315 0.3635 0.0107
vn -0.9222 -0.3856 0.0299
vn -0.9302 0.3660 -0.0273
vn -0.9206 -0.3844 0.0684
vn -0.9296 0.3634 -0.0620
vn 0.3947 0.9184 0.0253
vn 0.9315 0.3636 0.0057
vn 0.3926 0.9169 -0.0725
vn 0.9300 0.3661 -0.0323
vn 0.3899 0.9065 -0.1617
vn 0.9292 0.3635 -0.0670
vn -0.3880 -0.9073 0.1623
vn -0.3812 -0.9111 0.1569
vn -0.3842 -0.9207 0.0686
vn -0.3948 0.9184 0.0274
vn -0.3928 0.9169 -0.0704
vn -0.3904 0.9067 -0.1596
vn 0.3882 -0.9076 0.1601
vn 0.3814 -0.9113 0.1550
vn 0.9209 -0.3845 0.0635
vn 0.3843 -0.9208 0.0666
vn 0.9223 -0.3856 0.0250
vn -0.3428 0.4442 0.8277
vn -0.2510 0.7548 0.6060
vn -0.0515 0.7548 0.6540
vn -0.0703 0.4442 0.8932
vn -0.3777 0.1610 0.9118
vn -0.3778 0.1590 0.9121
vn -0.6412 0.1590 0.7507
vn -0.6410 0.1610 0.7505
vn -0.9121 0.1590 -0.3778
vn -0.9118 0.1610 -0.3777
vn -0.9839 0.1610 -0.0774
vn -0.9842 0.1590 -0.0774
vn 0.3428 0.4442 -0.8277
vn 0.3777 0.1610 -0.9118
vn 0.6410 0.1610 -0.7505
vn 0.5819 0.4442 -0.6813
vn 0.8415 0.1610 -0.5157
vn 0.7639 0.4442 -0.4681
vn -0.2051 0.8443 0.4951
vn -0.3480 0.8443 0.4075
vn -0.1107 0.9572 0.2674
vn -0.1879 0.9572 0.2201
vn 0.1879 0.9572 -0.2201
vn 0.3480 0.8443 -0.4075
vn 0.2051 0.8443 -0.4951
vn 0.1107 0.9572 -0.2674
vn 0.3802 0.1141 -0.9178
vn 0.6452 0.1139 -0.7555
vn -0.7554 0.1140 -0.6452
vn -0.9179 0.1140 -0.3801
vn -0.9179 0.1140 -0.3802
vn -0.7555 0.1140 -0.6452
vn 0.9814 0.1758 0.0772
vn 0.9572 0.1758 -0.2298
vn 0.9170 0.3328 -0.2201
vn 0.9403 0.3322 0.0738
vn 0.6393 0.1758 -0.7486
vn 0.3767 0.1758 -0.9095
vn 0.3607 0.3342 -0.8708
vn 0.6121 0.3338 -0.7169
vn 0.2698 0.7094 -0.6511
vn 0.0739 0.3343 -0.9395
vn 0.0553 0.7094 -0.7026
vn -0.0326 0.9993 0.0200
vn -0.0372 0.9993 0.0089
vn -0.1755 0.9836 0.0421
vn -0.1539 0.9836 0.0941
vn 0.0200 0.9993 0.0326
vn 0.0942 0.9836 0.1537
vn 0.1372 0.9836 0.1170
vn 0.0291 0.9993 0.0248
vn -0.1669 0.9835 -0.0693
vn -0.0353 0.9993 -0.0146
vn -0.0291 0.9993 -0.0248
vn -0.1375 0.9835 -0.1174
vn 0.3684 0.7092 0.6012
vn 0.5361 0.7092 0.4579
vn 0.4577 0.7094 -0.5360
vn 0.0692 0.9835 -0.1671
vn 0.1174 0.9835 -0.1375
vn 0.0089 0.9993 0.0372
vn 0.0421 0.9836 0.1752
vn -0.5225 -0.0001 -0.8526
vn -0.7604 -0.0001 -0.6494
vn -0.7639 0.4442 0.4681
vn -0.5593 0.7548 0.3428
vn -0.4260 0.7548 0.4988
vn -0.5819 0.4442 0.6813
vn 0.6412 0.1590 -0.7507
vn 0.3778 0.1590 -0.9121
vn -0.2305 0.1590 -0.9600
vn -0.2304 0.1610 -0.9597
vn -0.5157 0.1610 -0.8415
vn -0.5159 0.1590 -0.8418
vn 0.7505 0.1610 0.6410
vn 0.6813 0.4442 0.5818
vn 0.8277 0.4442 0.3428
vn 0.9118 0.1610 0.3777
vn 0.8471 0.1140 -0.5191
vn 0.2298 0.1758 0.9572
vn 0.5144 0.1758 0.8394
vn 0.4931 0.3307 0.8047
vn 0.2204 0.3305 0.9177
vn 0.8394 0.1758 -0.5144
vn 0.8038 0.3334 -0.4928
vn 0.6010 0.7093 -0.3683
vn 0.0146 0.9993 -0.0353
vn 0.0248 0.9993 -0.0291
vn -0.2698 0.7091 0.6514
vn -0.0690 0.9836 0.1665
vn -0.1171 0.9836 0.1371
vn -0.4579 0.7092 0.5361
vn -0.0553 0.7091 0.7029
vn 0.1646 0.7091 0.6856
vn -0.0141 0.9836 0.1796
vn 0.5225 -0.0001 0.8526
vn 0.7604 -0.0001 0.6494
vn 0.2510 0.7548 -0.6060
vn 0.1953 0.8599 -0.4716
vn 0.0400 0.8599 -0.5089
vn 0.0515 0.7547 -0.6540
vn -0.8418 0.1590 0.5159
vn -0.8415 0.1610 0.5157
vn 0.5157 0.1610 0.8415
vn 0.5159 0.1590 0.8418
vn 0.2305 0.1590 0.9600
vn 0.2304 0.1610 0.9597
vn -0.2092 0.4442 -0.8712
vn -0.4681 0.4442 -0.7639
vn -0.4569 0.8443 0.2800
vn -0.2467 0.9572 0.1512
vn 0.6854 0.7093 -0.1646
vn 0.7028 0.7092 0.0553
vn -0.0030 0.9993 0.0381
vn 0.1756 0.9836 -0.0422
vn 0.1541 0.9835 -0.0945
vn -0.6512 0.7093 -0.2697
vn -0.7027 0.7093 -0.0553
vn -0.1800 0.9836 -0.0142
vn -0.6011 0.7092 0.3684
vn -0.5089 0.8599 -0.0400
vn -0.6540 0.7548 -0.0515
vn -0.6060 0.7548 -0.2510
vn -0.4716 0.8599 -0.1953
vn -0.0146 0.9993 0.0353
vn -0.8526 -0.0001 0.5225
vn -0.6494 -0.0001 0.7604
vn 0.4260 0.7548 -0.4988
vn 0.3315 0.8599 -0.3882
vn 0.0703 0.4442 -0.8932
vn -0.1531 0.7548 -0.6378
vn 0.9842 0.1590 0.0775
vn 0.9839 0.1610 0.0774
vn 0.9597 0.1610 -0.2304
vn 0.9600 0.1590 -0.2305
vn 0.8418 0.1590 -0.5159
vn 0.8931 0.4442 0.0703
vn 0.4681 0.4442 0.7639
vn 0.4569 0.8443 -0.2800
vn -0.8471 0.1140 0.5191
vn -0.6452 0.1140 0.7555
vn -0.3802 0.1140 0.9179
vn -0.0779 0.1140 0.9904
vn -0.3801 0.1140 0.9179
vn 0.0772 0.1758 -0.9814
vn -0.2298 0.1758 -0.9572
vn -0.2200 0.3343 -0.9164
vn -0.9095 0.1758 -0.3767
vn -0.9814 0.1758 -0.0772
vn -0.9402 0.3326 -0.0740
vn -0.8710 0.3331 -0.3610
vn 0.7175 0.3310 0.6128
vn -0.3683 0.7094 -0.6010
vn -0.5360 0.7094 -0.4578
vn -0.0945 0.9835 -0.1542
vn 0.2335 -0.0001 0.9724
vn 0.5593 0.7548 -0.3427
vn 0.9121 0.1590 0.3778
vn 0.7507 0.1590 0.6412
vn 0.0774 0.1610 -0.9839
vn -0.0775 0.1590 0.9842
vn 0.1251 0.8443 0.5211
vn -0.0421 0.8443 0.5342
vn 0.0420 0.8443 -0.5342
vn 0.0227 0.9572 -0.2885
vn -0.3612 0.3306 0.8719
vn -0.6129 0.3309 0.7176
vn 0.0142 0.9835 -0.1804
vn -0.1645 0.7094 -0.6853
vn -0.0422 0.9835 -0.1759
vn 0.9969 -0.0001 0.0785
vn 0.9724 -0.0001 -0.2334
vn -0.6813 0.4442 -0.5818
vn -0.7505 0.1610 -0.6410
vn -0.8712 0.4442 0.2092
vn -0.9597 0.1610 0.2304
vn -0.8932 0.4442 -0.0703
vn -0.5342 0.8443 -0.0420
vn -0.4951 0.8443 -0.2051
vn 0.5211 0.8443 -0.1251
vn 0.2467 0.9572 -0.1512
vn 0.2814 0.9572 -0.0676
vn 0.2319 0.1139 0.9660
vn 0.5191 0.1140 0.8471
vn -0.0089 0.9993 -0.0372
vn 0.0030 0.9993 -0.0381
vn 0.0326 0.9993 -0.0200
vn 0.0372 0.9993 -0.0089
vn -0.6855 0.7092 0.1646
vn 0.6494 -0.0001 -0.7604
vn 0.3827 -0.0001 -0.9239
vn 0.4352 0.8599 -0.2667
vn 0.0774 0.1590 -0.9842
vn -0.1512 0.9572 -0.2467
vn -0.2800 0.8443 -0.4569
vn -0.4075 0.8443 -0.3480
vn -0.2201 0.9572 -0.1879
vn 0.9904 0.1141 0.0780
vn 0.9660 0.1141 -0.2319
vn 0.9904 0.1141 0.0779
vn -0.9572 0.1758 0.2298
vn -0.8394 0.1758 0.5144
vn -0.8045 0.3314 0.4930
vn -0.9173 0.3320 0.2200
vn -0.0741 0.3304 0.9409
vn -0.4925 0.3341 -0.8037
vn -0.7168 0.3337 -0.6122
vn -0.0248 0.9993 0.0291
vn 0.0381 0.9993 0.0030
vn 0.1800 0.9836 0.0142
vn 0.1667 0.9836 0.0690
vn 0.6513 0.7092 0.2698
vn -0.9969 -0.0001 -0.0785
vn -0.9724 -0.0001 0.2335
vn 0.4964 0.8599 -0.1192
vn 0.6379 0.7548 -0.1531
vn 0.6540 0.7548 0.0515
vn 0.5089 0.8599 0.0400
vn 0.8712 0.4442 -0.2091
vn -0.2814 0.9572 0.0676
vn -0.5211 0.8443 0.1251
vn 0.4951 0.8443 0.2051
vn 0.5342 0.8443 0.0420
vn 0.2885 0.9572 0.0227
vn 0.2674 0.9572 0.1107
vn 0.0779 0.1143 -0.9904
vn 0.7486 0.1758 0.6393
vn 0.9095 0.1758 0.3767
vn 0.8716 0.3316 0.3610
vn -0.6393 0.1758 0.7486
vn 0.0353 0.9993 0.0146
vn 0.9239 -0.0001 0.3827
vn 0.2800 0.8443 0.4570
vn -0.2674 0.9572 -0.1107
vn 0.7554 0.1141 0.6452
vn -0.5144 0.1758 -0.8394
vn -0.7486 0.1758 -0.6393
vn -0.0381 0.9993 -0.0030
vn 0.0785 -0.0001 -0.9969
vn -0.0774 0.1610 0.9839
vn -0.1251 0.8443 -0.5211
vn -0.0676 0.9572 -0.2814
vn -0.9904 0.1140 -0.0779
vn -0.9660 0.1140 0.2319
vn -0.2319 0.1142 -0.9660
vn -0.1192 0.8599 -0.4964
vn -0.6379 0.7548 0.1531
vn -0.7507 0.1590 -0.6412
vn 0.2092 0.4442 0.8712
vn -0.0785 -0.0001 0.9969
vn -0.4352 0.8599 0.2667
vn -0.4964 0.8599 0.1192
vn 0.4988 0.7548 0.4260
vn 0.3428 0.7548 0.5593
vn 0.0676 0.9572 0.2814
vn -0.0227 0.9572 0.2885
vn -0.9239 -0.0001 -0.3827
vn -0.2885 0.9572 -0.0227
vn -0.3767 0.1758 0.9095
vn -0.0772 0.1758 0.9814
vn -0.0200 0.9993 -0.0326
vn 0.4716 0.8599 0.1953
vn 0.6061 0.7548 0.2510
vn 0.3882 0.8599 0.3315
vn 0.1532 0.7547 0.6379
vn -0.8277 0.4442 -0.3429
vn -0.9600 0.1590 0.2304
vn -0.5191 0.1141 -0.8471
vn 0.4075 0.8443 0.3480
vn 0.2201 0.9572 0.1879
vn 0.1512 0.9572 0.2467
vn 0.9178 0.1141 0.3802
vn -0.0400 0.8599 0.5089
vn -0.1953 0.8599 0.4716
vn -0.3827 -0.0001 0.9239
vn -0.3315 0.8599 0.3882
vn 0.2667 0.8599 0.4352
vn -0.3428 0.7547 -0.5594
vn -0.4988 0.7548 -0.4260
vn -0.2334 -0.0001 -0.9724
vn 0.1192 0.8599 0.4964
vn -0.3882 0.8599 -0.3315
vn -0.2667 0.8599 -0.4352
vn 0.8526 -0.0001 -0.5225
vn 0.2113 -0.0791 -0.9742
vn -0.2113 -0.0791 -0.9742
vn -0.2113 0.0791 -0.9742
vn 0.2113 0.0791 -0.9742
vn 0.8986 -0.0793 -0.4315
vn 0.6227 -0.0788 -0.7785
vn 0.6218 0.0788 -0.7792
vn 0.8969 0.0793 -0.4350
vn -0.9965 -0.0826 -0.0085
vn -0.9966 -0.0827 -0.0000
vn -0.9966 0.0827 0.0001
vn -0.9965 0.0826 -0.0085
vn 0.9965 -0.0826 -0.0085
vn 0.0585 -0.9983 -0.0005
vn 0.0638 -0.9975 -0.0306
vn -0.8986 -0.0793 -0.4315
vn -0.8969 0.0793 -0.4350
vn -0.6227 -0.0788 -0.7785
vn -0.6218 0.0788 -0.7792
vn 0.0157 -0.9972 -0.0725
vn 0.0435 -0.9976 -0.0546
vn -0.0585 -0.9983 -0.0005
vn -0.0638 -0.9975 -0.0306
vn -0.0435 -0.9976 -0.0546
vn -0.0157 -0.9972 -0.0725
vn -0.0584 0.9983 -0.0005
vn 0.0585 0.9983 -0.0005
vn 0.0638 0.9975 -0.0306
vn 0.0435 0.9976 -0.0546
vn 0.0157 0.9972 -0.0725
vn -0.0157 0.9972 -0.0725
vn -0.0435 0.9976 -0.0546
vn -0.0638 0.9975 -0.0306
vn 0.9966 -0.0827 -0.0000
vn 0.9965 0.0826 -0.0085
vn 0.9966 0.0827 -0.0000
vn -0.0597 0.9982 -0.0000
vn 0.0597 0.9982 0.0002
vn 0.0597 -0.9982 -0.0000
vn -0.0597 -0.9982 0.0001
vn -0.8612 -0.0791 -0.5020
vn -0.9918 -0.0791 -0.1001
vn -0.9918 0.0791 -0.1000
vn -0.8612 0.0791 -0.5020
vn -0.1327 -0.0793 -0.9880
vn -0.5479 -0.0788 -0.8328
vn -0.5489 0.0788 -0.8322
vn -0.1366 0.0793 -0.9875
vn -0.3160 -0.0826 0.9452
vn -0.3080 -0.0827 0.9478
vn -0.3080 0.0827 0.9478
vn -0.3160 0.0826 0.9451
vn 0.2998 -0.0826 -0.9504
vn 0.0176 -0.9983 -0.0558
vn -0.0093 -0.9975 -0.0701
vn -0.6881 -0.0793 0.7213
vn -0.6909 0.0793 0.7186
vn -0.9328 -0.0788 0.3517
vn -0.9332 0.0788 0.3506
vn -0.0641 -0.9972 -0.0374
vn -0.0385 -0.9976 -0.0583
vn -0.0185 -0.9983 0.0555
vn -0.0488 -0.9975 0.0512
vn -0.0654 -0.9976 0.0245
vn -0.0738 -0.9972 -0.0075
vn -0.0185 0.9983 0.0554
vn 0.0176 0.9983 -0.0558
vn -0.0094 0.9975 -0.0701
vn -0.0385 0.9976 -0.0583
vn -0.0641 0.9972 -0.0373
vn -0.0738 0.9972 -0.0075
vn -0.0654 0.9976 0.0245
vn -0.0488 0.9975 0.0512
vn 0.3080 -0.0827 -0.9478
vn 0.2999 0.0826 -0.9504
vn 0.3080 0.0827 -0.9478
vn -0.0184 0.9982 0.0567
vn 0.0186 0.9982 -0.0567
vn 0.0184 -0.9982 -0.0567
vn -0.0183 -0.9982 0.0568
vn -0.7436 -0.0791 0.6639
vn -0.4016 -0.0791 0.9124
vn -0.4016 0.0791 0.9124
vn -0.7436 0.0791 0.6639
vn -0.9806 -0.0793 -0.1791
vn -0.9614 -0.0788 0.2638
vn -0.9611 0.0788 0.2649
vn -0.9813 0.0793 -0.1752
vn 0.8012 -0.0826 0.5926
vn 0.8062 -0.0827 0.5858
vn 0.8063 0.0827 0.5856
vn 0.8012 0.0826 0.5926
vn -0.8112 -0.0826 -0.5788
vn -0.0476 -0.9983 -0.0340
vn -0.0696 -0.9975 -0.0128
vn 0.4733 -0.0793 0.8773
vn 0.4699 0.0793 0.8791
vn 0.0462 -0.0788 0.9958
vn 0.0451 0.0788 0.9959
vn -0.0553 -0.9972 0.0494
vn -0.0673 -0.9976 0.0186
vn 0.0470 -0.9983 0.0348
vn 0.0337 -0.9975 0.0622
vn 0.0031 -0.9976 0.0697
vn -0.0299 -0.9972 0.0679
vn 0.0470 0.9983 0.0347
vn -0.0476 0.9983 -0.0340
vn -0.0696 0.9975 -0.0128
vn -0.0673 0.9976 0.0186
vn -0.0553 0.9972 0.0495
vn -0.0299 0.9972 0.0679
vn 0.0031 0.9976 0.0697
vn 0.0336 0.9975 0.0622
vn -0.8062 -0.0827 -0.5858
vn -0.8112 0.0826 -0.5789
vn -0.8062 0.0827 -0.5858
vn 0.0483 0.9982 0.0351
vn -0.0482 0.9982 -0.0352
vn -0.0483 -0.9982 -0.0351
vn 0.0483 -0.9982 0.0350
vn 0.4016 -0.0791 0.9124
vn 0.7436 -0.0791 0.6639
vn 0.7436 0.0791 0.6639
vn 0.4017 0.0791 0.9124
vn -0.4733 -0.0793 0.8773
vn -0.0462 -0.0788 0.9958
vn -0.0451 0.0788 0.9959
vn -0.4699 0.0793 0.8791
vn 0.8112 -0.0826 -0.5789
vn 0.8062 -0.0827 -0.5858
vn 0.8062 0.0827 -0.5858
vn 0.8112 0.0826 -0.5789
vn -0.8012 -0.0826 0.5927
vn -0.0470 -0.9983 0.0348
vn -0.0337 -0.9975 0.0622
vn 0.9806 -0.0793 -0.1791
vn 0.9813 0.0793 -0.1753
vn 0.9614 -0.0788 0.2638
vn 0.9611 0.0788 0.2648
vn 0.0299 -0.9972 0.0679
vn -0.0031 -0.9976 0.0697
vn 0.0476 -0.9983 -0.0340
vn 0.0696 -0.9975 -0.0128
vn 0.0673 -0.9976 0.0186
vn 0.0553 -0.9972 0.0495
vn 0.0476 0.9983 -0.0340
vn -0.0470 0.9983 0.0348
vn -0.0337 0.9975 0.0622
vn -0.0031 0.9976 0.0697
vn 0.0299 0.9972 0.0679
vn 0.0553 0.9972 0.0494
vn 0.0673 0.9976 0.0186
vn 0.0696 0.9975 -0.0128
vn -0.8062 -0.0827 0.5859
vn -0.8012 0.0826 0.5926
vn -0.8062 0.0827 0.5858
vn 0.0483 0.9982 -0.0351
vn -0.0484 0.9982 0.0349
vn -0.0483 -0.9982 0.0351
vn 0.0482 -0.9982 -0.0352
vn 0.9918 -0.0791 -0.1000
vn 0.8612 -0.0791 -0.5020
vn 0.8612 0.0791 -0.5021
vn 0.9918 0.0791 -0.1001
vn 0.6881 -0.0793 0.7213
vn 0.9328 -0.0788 0.3517
vn 0.9332 0.0788 0.3506
vn 0.6909 0.0793 0.7186
vn -0.2999 -0.0826 -0.9504
vn -0.3080 -0.0827 -0.9478
vn -0.3081 0.0827 -0.9478
vn -0.2999 0.0826 -0.9504
vn 0.3161 -0.0826 0.9451
vn 0.0185 -0.9983 0.0555
vn 0.0488 -0.9975 0.0512
vn 0.1327 -0.0793 -0.9880
vn 0.1366 0.0793 -0.9875
vn 0.5479 -0.0788 -0.8328
vn 0.5489 0.0788 -0.8322
vn 0.0738 -0.9972 -0.0075
vn 0.0654 -0.9976 0.0245
vn -0.0176 -0.9983 -0.0558
vn 0.0094 -0.9975 -0.0701
vn 0.0385 -0.9976 -0.0583
vn 0.0641 -0.9972 -0.0373
vn -0.0176 0.9983 -0.0557
vn 0.0185 0.9983 0.0555
vn 0.0488 0.9975 0.0512
vn 0.0654 0.9976 0.0245
vn 0.0738 0.9972 -0.0075
vn 0.0641 0.9972 -0.0374
vn 0.0385 0.9976 -0.0583
vn 0.0094 0.9975 -0.0701
vn 0.3081 -0.0827 0.9478
vn 0.3160 0.0826 0.9451
vn 0.3080 0.0827 0.9478
vn -0.0184 0.9982 -0.0567
vn 0.0183 0.9982 0.0568
vn 0.0184 -0.9982 0.0567
vn -0.0184 -0.9982 -0.0567
vn -0.1067 -0.0478 -0.9931
vn -0.0956 0.0823 -0.9920
vn 0.0184 0.0752 -0.9970
vn 0.0046 -0.0418 -0.9991
vn 0.9800 0.1992 -0.0001
vn 0.9995 -0.0310 0.0002
vn 0.9995 -0.0311 0.0002
vn 0.9800 0.1988 -0.0001
vn -0.2237 -0.0538 -0.9732
vn -0.2204 0.0557 -0.9738
vn -0.2191 0.0519 -0.9743
vn -0.2187 -0.0565 -0.9741
vn -0.0927 0.2043 -0.9745
vn -0.2172 0.1595 -0.9630
vn 0.0004 1.0000 -0.0003
vn 0.0004 1.0000 -0.0004
vn -0.0056 1.0000 0.0014
vn -0.0884 0.2729 0.9580
vn -0.0933 0.1188 0.9885
vn 0.0224 0.1177 0.9928
vn 0.0474 0.3452 0.9373
vn 0.0170 -0.9999 -0.0020
vn 0.0169 -0.9999 0.0019
vn 0.0214 -0.9998 0.0013
vn 0.0214 -0.9998 -0.0013
vn 0.0933 0.9956 -0.0011
vn 0.0511 0.9987 -0.0009
vn 0.0512 0.9987 -0.0020
vn -0.9994 0.0348 0.0005
vn -0.9994 0.0342 -0.0000
vn -0.9973 0.0736 -0.0030
vn -0.9973 0.0733 -0.0000
vn 0.9075 0.4201 -0.0004
vn -0.1067 -0.0477 0.9932
vn -0.2184 0.1043 0.9703
vn -0.2187 -0.0565 0.9741
vn -0.0729 -0.9973 -0.0000
vn -1.0000 -0.0032 -0.0000
vn -1.0000 -0.0031 -0.0000
vn 0.0046 -0.0417 0.9991
vn 0.0397 0.2571 -0.9656
vn -0.2218 0.1665 -0.9608
vn -0.0472 -0.9989 -0.0000
vn -0.2129 0.2648 0.9405
vn -0.2231 0.1376 0.9650
vn -0.2236 -0.0538 0.9732
vn -0.2142 0.3255 0.9210
vn -0.0682 0.2648 0.9619
vn 0.0099 0.1135 -0.9935
vn 0.9794 0.2002 0.0260
vn 0.0050 0.1616 0.9868
vn 0.9793 0.2006 -0.0263
vn -0.0781 0.1963 -0.9774
vn -0.2237 -0.0538 0.9732
vn -0.9971 0.0756 -0.0011
vn -0.2145 0.3252 0.9210
vn 0.3645 -0.8925 -0.2657
vn 0.6921 -0.6185 -0.3721
vn 0.7469 -0.6237 -0.2304
vn 0.4154 -0.9013 -0.1227
vn 0.7768 -0.6187 -0.1179
vn 0.4480 -0.8940 -0.0110
vn 0.4085 -0.9014 -0.1438
vn 0.7399 -0.6239 -0.2514
vn -0.6977 0.6187 0.3612
vn -0.3720 0.8923 0.2559
vn -0.4159 0.9009 0.1241
vn -0.7466 0.6236 0.2316
vn -0.7397 -0.6238 0.2526
vn -0.9239 -0.2208 0.3125
vn -0.9617 -0.2186 0.1652
vn -0.7786 -0.6185 0.1057
vn -0.8804 -0.2190 0.4206
vn -0.9308 -0.2208 0.2914
vn -0.7466 -0.6237 0.2316
vn -0.6977 -0.6186 0.3612
vn 0.0395 -0.9918 0.1216
vn -0.0032 -0.9999 -0.0100
vn 0.9243 -0.2208 -0.3113
vn 0.9595 -0.2190 -0.1772
vn 0.7768 0.6186 -0.1179
vn 0.9595 0.2190 -0.1772
vn 0.9243 0.2208 -0.3113
vn 0.7401 0.6238 -0.2515
vn -0.4355 -0.0308 -0.8997
vn -0.9617 0.2186 0.1652
vn -0.4355 0.0308 -0.8996
vn -0.4510 0.8925 -0.0008
vn -0.4082 0.9013 0.1449
vn 0.0036 0.9999 0.0111
vn -0.0433 0.9901 -0.1332
vn 0.4094 0.9009 -0.1441
vn 0.4488 0.8935 -0.0108
vn 0.7469 0.6238 -0.2304
vn 0.9311 0.2207 -0.2902
vn 0.8751 0.2186 -0.4317
vn 0.6921 0.6185 -0.3721
vn -0.4082 -0.9013 0.1449
vn -0.4510 -0.8925 -0.0008
vn -0.9239 0.2208 0.3125
vn -0.7395 0.6239 0.2526
vn -0.7793 0.6176 0.1059
vn 0.0399 0.9916 0.1227
vn -0.0033 0.9999 -0.0101
vn 0.1765 -0.0308 0.9838
vn 0.1765 0.0308 0.9838
vn -0.8804 0.2190 0.4206
vn 0.2021 0.0872 0.9755
vn -0.4098 0.0872 -0.9080
vn -0.4150 -0.9013 0.1238
vn -0.3689 -0.8940 0.2544
vn 0.9311 -0.2208 -0.2903
vn 0.8752 -0.2186 -0.4317
vn -0.9308 0.2208 0.2914
vn 0.4154 0.9013 -0.1227
vn 0.3644 0.8925 -0.2657
vn 0.0036 -0.9999 0.0111
vn -0.0433 -0.9901 -0.1332
vn 0.3635 0.1259 0.9230
vn 0.4098 0.0872 0.9080
vn -0.3635 0.1259 -0.9230
vn -0.4099 -0.0871 -0.9080
vn 0.3635 -0.1259 0.9231
vn 0.3059 -0.1397 0.9418
vn 0.2021 -0.0872 0.9755
vn 0.4355 0.0308 0.8996
vn 0.4355 -0.0308 0.8997
vn -0.2485 0.1259 -0.9604
vn -0.3061 0.1397 -0.9417
vn 0.4098 -0.0872 0.9080
vn -0.2021 -0.0872 -0.9755
vn -0.1765 -0.0308 -0.9838
vn 0.2485 -0.1259 0.9604
vn -0.2485 -0.1259 -0.9604
vn 0.2485 0.1259 0.9604
vn 0.3060 0.1397 0.9417
vn -0.3635 -0.1259 -0.9231
vn -0.2021 0.0872 -0.9755
vn -0.3060 -0.1397 -0.9417
vn -0.1765 0.0308 -0.9838
vn -0.3090 0.0011 -0.9511
vn -0.3085 -0.0001 -0.9512
vn -0.3086 -0.0003 -0.9512
vn -0.3014 0.0033 -0.9535
vn -0.3090 0.0071 -0.9510
vn -0.3167 0.0033 -0.9485
vn -0.3094 -0.0003 -0.9509
vn -0.3095 -0.0001 -0.9509
vn -0.3095 0.0001 -0.9509
vn -0.3094 0.0003 -0.9509
vn -0.3092 0.0005 -0.9510
vn -0.3090 0.0005 -0.9511
vn -0.3088 0.0005 -0.9511
vn -0.3086 0.0003 -0.9512
vn -0.3085 0.0001 -0.9512
vn 0.3090 -0.0000 0.9511
vn -0.3090 -0.0000 -0.9511
vn 0.0754 -0.0001 -0.9972
vn -0.3966 -0.0000 -0.9180
vn 0.9991 0.0020 -0.0423
vn 0.9991 0.0020 -0.0422
vn 0.8651 0.0021 -0.5016
vn 0.8652 0.0021 -0.5014
vn 0.8635 -0.0001 -0.5044
vn 0.9990 -0.0001 -0.0453
vn 0.6023 0.0014 0.7983
vn 0.6020 0.0014 0.7985
vn 0.9041 0.0018 0.4273
vn 0.9043 0.0018 0.4269
vn 0.5301 -0.0001 -0.8479
vn 0.5302 -0.0001 -0.8479
vn 0.6748 -0.6681 0.3136
vn 0.6749 -0.6681 0.3134
vn 0.7473 -0.6635 -0.0364
vn 0.7473 -0.6635 -0.0362
vn 0.6479 -0.6594 -0.3812
vn 0.6479 -0.6594 -0.3813
vn 0.3976 -0.6568 -0.6407
vn 0.3980 -0.6568 -0.6405
vn -0.3996 -0.0002 -0.9167
vn -0.7798 -0.0001 -0.6260
vn -0.7797 -0.0001 -0.6262
vn -0.3994 -0.0002 -0.9168
vn -0.3152 0.0005 0.9490
vn 0.1620 0.0010 0.9868
vn 0.1623 0.0010 0.9867
vn -0.3154 0.0005 0.9490
vn 0.4496 -0.6720 0.5884
vn 0.4497 -0.6720 0.5883
vn 0.9056 -0.0001 0.4242
vn 0.1685 -0.0002 0.9857
vn 0.6073 -0.0003 0.7945
vn 0.6072 -0.0003 0.7945
vn -0.5849 -0.6614 -0.4695
vn -0.3009 -0.6579 -0.6904
vn -0.3007 -0.6579 -0.6905
vn -0.5849 -0.6614 -0.4696
vn 0.1245 -0.6746 0.7276
vn -0.2283 -0.6751 0.7015
vn -0.2281 -0.6751 0.7016
vn 0.1246 -0.6746 0.7276
vn 0.0548 -0.6562 -0.7526
vn 0.0544 -0.6562 -0.7526
vn 0.9069 -0.0004 0.4213
vn 0.9988 -0.0005 -0.0485
vn 0.9988 -0.0005 -0.0484
vn -0.9600 0.0001 0.2802
vn -0.9601 0.0001 0.2796
vn -0.7199 0.0002 0.6941
vn -0.7198 0.0002 0.6941
vn -0.9582 -0.0000 0.2860
vn -0.9582 -0.0000 0.2861
vn -0.7155 -0.0000 0.6986
vn 0.6048 -0.0000 0.7963
vn 0.6047 -0.0000 0.7965
vn 0.5330 0.0019 -0.8461
vn 0.0788 0.0015 -0.9969
vn 0.0783 0.0015 -0.9969
vn 0.5327 0.0019 -0.8463
vn -0.9591 -0.0000 0.2831
vn -0.7177 -0.0000 0.6963
vn 0.8619 -0.0005 -0.5071
vn 0.5275 -0.0005 -0.8496
vn 0.5276 -0.0005 -0.8495
vn 0.8619 -0.0005 -0.5070
vn 0.1654 -0.0000 0.9862
vn -0.7322 -0.6658 -0.1432
vn -0.7111 -0.6702 0.2124
vn -0.3089 -0.0001 0.9511
vn -0.5289 -0.6735 0.5163
vn -0.5289 -0.6735 0.5164
vn 0.0722 -0.0004 -0.9974
vn 0.0724 -0.0004 -0.9974
vn -0.7778 -0.0000 -0.6285
vn -0.7754 0.0006 -0.6314
vn -0.9802 0.0003 -0.1981
vn -0.9802 0.0003 -0.1980
vn -0.7760 0.0006 -0.6308
vn -0.3932 0.0010 -0.9195
vn -0.3940 0.0010 -0.9191
vn -0.9808 -0.0000 -0.1951
vn -0.9814 -0.0000 -0.1919
vn -0.9814 -0.0000 -0.1921
vn -0.3119 -0.0000 0.9501
vn -0.3120 -0.0000 0.9501
vn 0.3238 0.5901 -0.7395
vn 0.4031 0.7299 -0.5521
vn 0.5546 0.5391 -0.6339
vn 0.3412 0.4453 -0.8278
vn 0.1572 0.6858 -0.7106
vn 0.2004 0.8552 -0.4781
vn 0.1381 0.5161 -0.8453
vn -0.0017 0.9995 -0.0321
vn -0.0428 0.9930 -0.1105
vn -0.0107 0.9995 -0.0298
vn 0.0014 1.0000 -0.0090
vn 0.0001 1.0000 -0.0000
vn 0.0296 0.9879 -0.1521
vn -0.0086 0.9382 -0.3459
vn -0.0492 0.9712 -0.2332
vn -0.0024 0.9970 -0.0779
vn 0.0011 1.0000 -0.0004
vn 0.0064 1.0000 0.0065
vn 0.0175 0.9995 0.0270
vn 0.0019 1.0000 -0.0006
vn 0.0435 0.9990 -0.0141
vn 0.0014 1.0000 -0.0005
vn -0.6506 0.7294 0.2114
vn -0.5576 0.7375 0.3811
vn -0.1340 0.9850 0.1090
vn -0.1446 0.9884 0.0470
vn -0.1038 0.7759 -0.6222
vn -0.2120 0.8113 -0.5448
vn -0.2682 0.8933 -0.3607
vn -0.3450 0.6619 -0.6655
vn -0.5268 0.6675 -0.5263
vn -0.6528 0.7036 -0.2807
vn -0.2341 0.9615 -0.1437
vn -0.6751 0.7375 0.0194
vn -0.1725 0.9850 -0.0094
vn -0.9266 0.2251 0.3011
vn -0.9486 0.0716 0.3082
vn -0.8613 0.0810 0.5016
vn -0.8283 0.2471 0.5029
vn 0.0960 0.9711 -0.2186
vn 0.0612 0.9089 -0.4125
vn -0.9187 0.2825 -0.2762
vn -0.9657 0.0962 -0.2410
vn -0.9916 0.0810 0.1004
vn -0.9657 0.2471 0.0800
vn -0.7654 0.3364 -0.5487
vn -0.8526 0.1182 -0.5090
vn 0.2889 0.9528 -0.0939
vn 0.3691 0.9244 0.0962
vn 0.5969 0.8016 0.0343
vn 0.5183 0.8384 -0.1684
vn -0.5458 0.3789 -0.7474
vn -0.6457 0.1394 -0.7508
vn -0.2984 0.3790 -0.8760
vn -0.3668 0.1415 -0.9195
vn -0.1210 0.1195 -0.9854
vn -0.0865 0.3367 -0.9376
vn -0.9940 0.0284 0.1057
vn -0.9508 0.0245 0.3089
vn -0.1730 0.6561 -0.7345
vn -0.0292 0.6095 -0.7922
vn 0.1133 0.2740 -0.9550
vn 0.0067 0.7507 -0.6606
vn 0.2421 0.9244 -0.2948
vn 0.4627 0.8016 -0.3786
vn 0.6534 0.6067 -0.4527
vn 0.6346 0.0654 -0.7701
vn 0.6299 0.2668 -0.7294
vn 0.7861 0.3192 -0.5293
vn 0.8156 0.0907 -0.5714
vn 0.7276 0.6440 -0.2364
vn 0.8893 0.3544 -0.2890
vn 0.1250 0.9913 -0.0406
vn 0.1134 0.9879 0.1056
vn 0.2061 0.9711 0.1204
vn 0.9471 0.3192 -0.0339
vn 0.9957 0.0907 -0.0171
vn 0.9449 0.1133 -0.3070
vn 0.3368 0.0540 -0.9400
vn 0.3432 0.2283 -0.9111
vn 0.8132 0.0014 -0.5819
vn 0.6282 -0.0113 -0.7779
vn 0.0928 0.0835 -0.9922
vn 0.0862 0.0174 -0.9961
vn -0.1300 0.0468 -0.9904
vn -0.3829 0.0616 -0.9217
vn -0.6683 0.0568 -0.7417
vn -0.8705 0.0435 -0.4902
vn -0.9729 0.0346 -0.2287
vn 1.0000 0.0014 -0.0072
vn 0.9509 0.0158 -0.3090
vn 0.3321 -0.0102 -0.9432
vn 0.0065 -1.0000 0.0021
vn 0.0167 -0.9999 -0.0019
vn 0.0164 -0.9999 -0.0015
vn 0.0064 -1.0000 0.0021
vn 0.0003 -1.0000 0.0001
vn 0.0005 -1.0000 0.0003
vn -0.0015 -1.0000 -0.0021
vn -0.0014 -1.0000 -0.0019
vn -0.0030 -1.0000 -0.0089
vn -0.0031 -1.0000 -0.0093
vn -0.0013 -0.9999 -0.0143
vn -0.0011 -0.9999 -0.0144
vn 0.0009 -1.0000 -0.0033
vn 0.0009 -1.0000 -0.0034
vn -0.0078 -0.9996 0.0263
vn -0.0078 -0.9996 0.0264
vn -0.0670 -0.9964 0.0515
vn -0.0408 -0.9977 0.0545
vn -0.0409 -0.9977 0.0545
vn 0.0204 -0.9998 -0.0066
vn -0.0927 -0.9952 0.0301
vn -0.0845 -0.9964 -0.0023
vn -0.0845 -0.9964 -0.0022
vn 0.7626 0.4453 0.4692
vn 0.8213 0.5391 0.1868
vn 0.6506 0.7299 0.2097
vn 0.6966 0.5901 0.4080
vn 0.4431 0.8552 0.2690
vn 0.5449 0.6858 0.4825
vn 0.6086 0.5161 0.6027
vn 0.0089 0.9995 0.0303
vn 0.0303 0.9930 0.1146
vn 0.0972 0.9712 0.2176
vn 0.1964 0.9382 0.2849
vn 0.0439 0.9970 0.0644
vn 0.1487 0.8113 0.5653
vn 0.2817 0.7759 0.5644
vn -0.0049 0.8933 0.4495
vn -0.1168 0.6675 0.7354
vn 0.1120 0.6619 0.7412
vn -0.1049 0.9615 0.2539
vn -0.3631 0.7036 0.6108
vn 0.2919 0.9089 0.2978
vn -0.6396 0.0962 0.7627
vn -0.5809 0.2825 0.7634
vn -0.3906 0.1182 0.9129
vn -0.2967 0.3364 0.8938
vn -0.0810 0.1394 0.9869
vn -0.0023 0.3789 0.9254
vn 0.2437 0.1415 0.9595
vn 0.2735 0.3790 0.8841
vn 0.4813 0.1195 0.8683
vn 0.4812 0.3367 0.8094
vn 0.2918 0.6561 0.6960
vn 0.4421 0.6095 0.6581
vn 0.6530 0.2740 0.7060
vn 0.3937 0.7507 0.5305
vn 0.7947 0.6067 -0.0178
vn 0.9383 0.2668 0.2199
vn 0.9660 0.0654 0.2500
vn 0.8132 0.2283 0.5354
vn 0.8250 0.0540 0.5625
vn 0.9655 -0.0113 0.2601
vn 0.6583 0.0835 0.7481
vn 0.4770 0.0468 0.8777
vn 0.6552 0.0174 0.7552
vn 0.2320 0.0616 0.9708
vn -0.1047 0.0568 0.9929
vn -0.4161 0.0435 0.9083
vn -0.6527 0.0346 0.7568
vn -0.8663 0.0284 0.4987
vn 0.8230 -0.0102 0.5679
vn 0.0042 -1.0000 -0.0056
vn 0.0141 -0.9999 -0.0084
vn 0.0143 -0.9999 -0.0084
vn 0.0040 -1.0000 -0.0055
vn 0.0002 -1.0000 -0.0005
vn 0.0002 -1.0000 -0.0002
vn -0.0000 -1.0000 0.0023
vn -0.0000 -1.0000 0.0026
vn 0.0030 -1.0000 0.0093
vn 0.0028 -1.0000 0.0090
vn 0.0075 -0.9999 0.0123
vn 0.0073 -0.9999 0.0124
vn 0.0027 -1.0000 0.0021
vn 0.0027 -1.0000 0.0022
vn -0.0218 -0.9996 -0.0167
vn -0.0217 -0.9996 -0.0167
vn -0.0651 -0.9977 -0.0201
vn -0.4510 -0.8925 0.0008
vn -0.7786 -0.6185 -0.1057
vn -0.7397 -0.6237 -0.2526
vn -0.4081 -0.9013 -0.1449
vn -0.6977 -0.6187 -0.3612
vn -0.3689 -0.8940 -0.2544
vn -0.4150 -0.9014 -0.1238
vn -0.7464 -0.6239 -0.2315
vn 0.7768 0.6187 0.1179
vn 0.4514 0.8923 0.0116
vn 0.4094 0.9009 0.1441
vn 0.7401 0.6236 0.2515
vn 0.7469 -0.6238 0.2304
vn 0.9311 -0.2208 0.2902
vn 0.8751 -0.2186 0.4317
vn 0.6921 -0.6185 0.3721
vn 0.9595 -0.2190 0.1772
vn 0.9243 -0.2208 0.3113
vn 0.7401 -0.6237 0.2515
vn 0.7768 -0.6186 0.1179
vn 0.0395 -0.9918 -0.1216
vn -0.0032 -0.9999 0.0100
vn -0.9308 -0.2208 -0.2914
vn -0.8804 -0.2190 -0.4206
vn -0.6977 0.6186 -0.3612
vn -0.8804 0.2190 -0.4206
vn -0.9308 0.2208 -0.2914
vn -0.7465 0.6238 -0.2316
vn -0.1765 -0.0308 0.9838
vn 0.8751 0.2186 0.4317
vn -0.1765 0.0308 0.9838
vn 0.3644 0.8925 0.2657
vn 0.4154 0.9013 0.1227
vn 0.0036 0.9999 -0.0111
vn -0.0433 0.9901 0.1332
vn -0.4159 0.9009 -0.1241
vn -0.3694 0.8935 -0.2551
vn -0.7396 0.6238 -0.2526
vn -0.9239 0.2207 -0.3125
vn -0.9617 0.2186 -0.1652
vn -0.7786 0.6185 -0.1057
vn 0.4154 -0.9013 0.1227
vn 0.3644 -0.8925 0.2657
vn 0.9311 0.2208 0.2903
vn 0.7468 0.6239 0.2304
vn 0.6927 0.6176 0.3724
vn 0.0399 0.9916 -0.1227
vn -0.0033 0.9999 0.0101
vn 0.4355 -0.0308 -0.8996
vn 0.4355 0.0308 -0.8996
vn 0.9595 0.2190 0.1772
vn 0.4098 0.0872 -0.9080
vn -0.2021 0.0872 0.9755
vn 0.4086 -0.9013 0.1438
vn 0.4480 -0.8940 0.0110
vn -0.9239 -0.2208 -0.3125
vn -0.9617 -0.2186 -0.1652
vn 0.9243 0.2208 0.3113
vn -0.4082 0.9013 -0.1449
vn -0.4510 0.8925 0.0008
vn 0.0036 -0.9999 -0.0111
vn -0.0433 -0.9901 0.1332
vn 0.2485 0.1259 -0.9604
vn 0.2021 0.0872 -0.9755
vn -0.2485 0.1259 0.9604
vn -0.2021 -0.0871 0.9755
vn 0.2485 -0.1259 -0.9604
vn 0.3061 -0.1397 -0.9417
vn 0.4098 -0.0872 -0.9080
vn 0.1765 0.0308 -0.9838
vn 0.1765 -0.0308 -0.9838
vn -0.3635 0.1259 0.9231
vn -0.3058 0.1397 0.9418
vn 0.2022 -0.0872 -0.9755
vn -0.4098 -0.0872 0.9080
vn -0.4355 -0.0308 0.8997
vn 0.3635 -0.1259 -0.9230
vn -0.3635 -0.1259 0.9230
vn 0.3635 0.1259 -0.9231
vn 0.3060 0.1397 -0.9417
vn -0.2485 -0.1259 0.9604
vn -0.4098 0.0871 0.9080
vn -0.3060 -0.1397 0.9417
vn -0.4355 0.0308 0.8997
vn -0.3090 0.0011 0.9511
vn -0.3095 -0.0001 0.9509
vn -0.3094 -0.0003 0.9509
vn -0.3166 0.0033 0.9485
vn -0.3090 0.0071 0.9510
vn -0.3014 0.0033 0.9535
vn -0.3086 -0.0003 0.9512
vn -0.3085 -0.0001 0.9512
vn -0.3085 0.0001 0.9512
vn -0.3086 0.0003 0.9512
vn -0.3088 0.0005 0.9511
vn -0.3090 0.0005 0.9511
vn -0.3092 0.0005 0.9510
vn -0.3094 0.0003 0.9509
vn -0.3095 0.0001 0.9509
vn 0.3090 -0.0000 -0.9511
vn -0.3090 -0.0000 0.9511
vn -0.6471 -0.0000 0.7624
vn -0.2187 -0.0000 0.9758
vn -0.8331 0.0021 -0.5531
vn -0.9947 0.0021 -0.1026
vn -0.9947 0.0021 -0.1030
vn -0.9950 -0.0001 -0.0995
vn -0.8348 -0.0001 -0.5505
vn -0.0180 0.0014 -0.9998
vn -0.0177 0.0014 -0.9998
vn -0.4803 0.0018 -0.8771
vn -0.4806 0.0018 -0.8769
vn -0.9273 -0.0001 0.3744
vn -0.9273 -0.0001 0.3743
vn -0.3616 -0.6681 -0.6503
vn -0.3618 -0.6681 -0.6502
vn -0.6259 -0.6635 -0.4098
vn -0.6259 -0.6635 -0.4099
vn -0.7483 -0.6594 -0.0724
vn -0.6983 -0.6568 0.2847
vn -0.6985 -0.6568 0.2843
vn -0.2156 -0.0002 0.9765
vn 0.2629 -0.0001 0.9648
vn 0.2627 -0.0001 0.9649
vn -0.2158 -0.0002 0.9764
vn 0.8128 0.0005 -0.5825
vn 0.4490 0.0010 -0.8935
vn 0.4487 0.0010 -0.8937
vn 0.8130 0.0005 -0.5823
vn -0.0179 -0.6720 -0.7403
vn -0.0181 -0.6720 -0.7403
vn -0.4833 -0.0001 -0.8755
vn -0.4833 -0.0001 -0.8754
vn 0.4431 -0.0002 -0.8965
vn -0.0243 -0.0003 -0.9997
vn 0.1972 -0.6614 0.7237
vn -0.1624 -0.6579 0.7354
vn -0.1626 -0.6579 0.7354
vn 0.3270 -0.6746 -0.6619
vn 0.5970 -0.6751 -0.4334
vn 0.5969 -0.6751 -0.4335
vn 0.3269 -0.6746 -0.6619
vn -0.4867 -0.6562 0.5767
vn -0.4864 -0.6562 0.5769
vn -0.4861 -0.0005 -0.8739
vn -0.8366 -0.0005 -0.5479
vn -0.8365 -0.0005 -0.5479
vn 0.9413 0.0001 0.3376
vn 0.9411 0.0001 0.3381
vn 0.9904 0.0002 -0.1384
vn 0.9904 0.0002 -0.1385
vn 0.9433 -0.0000 0.3318
vn 0.9434 -0.0000 0.3317
vn 0.9895 -0.0000 -0.1446
vn -0.0213 -0.0000 -0.9998
vn -0.0211 -0.0001 -0.9998
vn -0.9285 0.0019 0.3712
vn -0.6497 0.0015 0.7602
vn -0.6493 0.0015 0.7605
vn -0.9284 0.0019 0.3716
vn 0.9423 -0.0000 0.3347
vn 0.9899 -0.0000 -0.1415
vn -0.9953 -0.0005 -0.0963
vn -0.9261 -0.0004 0.3773
vn -0.9262 -0.0004 0.3771
vn -0.9953 -0.0005 -0.0965
vn 0.4459 -0.0000 -0.8951
vn 0.5082 -0.6658 0.5463
vn 0.5082 -0.6658 0.5462
vn 0.7002 -0.6702 0.2462
vn 0.8089 -0.0001 -0.5879
vn 0.8090 -0.0001 -0.5879
vn 0.7314 -0.6735 -0.1068
vn 0.7314 -0.6735 -0.1069
vn -0.6447 -0.0003 0.7645
vn -0.6448 -0.0003 0.7643
vn 0.2599 -0.0000 0.9656
vn 0.2598 -0.0000 0.9657
vn 0.2562 0.0006 0.9666
vn 0.6765 0.0003 0.7364
vn 0.6766 0.0003 0.7363
vn 0.2570 0.0006 0.9664
vn -0.2224 0.0010 0.9750
vn -0.2215 0.0010 0.9752
vn 0.6788 -0.0000 0.7343
vn 0.6812 -0.0000 0.7321
vn 0.6811 -0.0000 0.7322
vn 0.8108 -0.0000 -0.5853
vn -0.6966 0.5901 0.4080
vn -0.6506 0.7299 0.2097
vn -0.8213 0.5391 0.1868
vn -0.7626 0.4453 0.4692
vn -0.5449 0.6858 0.4825
vn -0.4431 0.8552 0.2690
vn -0.6086 0.5161 0.6027
vn -0.0175 0.9995 0.0270
vn -0.0303 0.9930 0.1146
vn -0.0089 0.9995 0.0304
vn -0.0064 1.0000 0.0065
vn -0.0001 1.0000 -0.0000
vn -0.1134 0.9879 0.1056
vn -0.1964 0.9382 0.2849
vn -0.0972 0.9712 0.2176
vn -0.0439 0.9970 0.0644
vn -0.0011 1.0000 -0.0004
vn -0.0014 1.0000 -0.0090
vn 0.0017 0.9995 -0.0321
vn -0.0019 1.0000 -0.0006
vn -0.0435 0.9990 -0.0141
vn -0.0014 1.0000 -0.0005
vn 0.6506 0.7294 0.2114
vn 0.6751 0.7375 0.0194
vn 0.1725 0.9850 -0.0094
vn 0.1446 0.9884 0.0470
vn -0.2817 0.7759 0.5644
vn -0.1487 0.8113 0.5653
vn 0.0049 0.8933 0.4495
vn -0.1120 0.6619 0.7412
vn 0.1168 0.6675 0.7354
vn 0.3631 0.7036 0.6108
vn 0.1049 0.9615 0.2539
vn 0.5576 0.7375 0.3811
vn 0.1340 0.9850 0.1090
vn 0.9266 0.2251 0.3011
vn 0.9486 0.0716 0.3082
vn 0.9916 0.0810 0.1004
vn 0.9657 0.2471 0.0800
vn -0.2061 0.9711 0.1204
vn -0.2919 0.9089 0.2978
vn 0.5809 0.2825 0.7634
vn 0.6396 0.0962 0.7626
vn 0.8613 0.0810 0.5016
vn 0.8283 0.2471 0.5029
vn 0.2967 0.3364 0.8938
vn 0.3906 0.1182 0.9129
vn -0.2889 0.9528 -0.0939
vn -0.2421 0.9244 -0.2948
vn -0.4627 0.8016 -0.3786
vn -0.5183 0.8384 -0.1684
vn 0.0023 0.3789 0.9254
vn 0.0810 0.1394 0.9869
vn -0.2735 0.3790 0.8841
vn -0.2437 0.1415 0.9595
vn -0.4813 0.1195 0.8683
vn -0.4812 0.3367 0.8094
vn 0.8663 0.0284 0.4988
vn 0.9508 0.0245 0.3089
vn -0.2918 0.6561 0.6960
vn -0.4421 0.6095 0.6581
vn -0.6530 0.2740 0.7060
vn -0.3937 0.7507 0.5305
vn -0.3691 0.9244 0.0962
vn -0.5969 0.8016 0.0343
vn -0.7947 0.6067 -0.0178
vn -0.9660 0.0654 0.2500
vn -0.9383 0.2668 0.2199
vn -0.9471 0.3192 -0.0339
vn -0.9957 0.0907 -0.0171
vn -0.7276 0.6440 -0.2364
vn -0.8893 0.3544 -0.2890
vn -0.1250 0.9913 -0.0406
vn -0.0296 0.9879 -0.1521
vn -0.0960 0.9711 -0.2186
vn -0.7861 0.3192 -0.5293
vn -0.8156 0.0907 -0.5714
vn -0.9449 0.1133 -0.3070
vn -0.8250 0.0540 0.5625
vn -0.8132 0.2283 0.5354
vn -1.0000 0.0014 -0.0072
vn -0.9655 -0.0113 0.2601
vn -0.6583 0.0835 0.7481
vn -0.6552 0.0174 0.7552
vn -0.4770 0.0468 0.8777
vn -0.2320 0.0616 0.9708
vn 0.1047 0.0568 0.9929
vn 0.4161 0.0435 0.9083
vn 0.6527 0.0346 0.7568
vn -0.8132 0.0014 -0.5820
vn -0.9509 0.0158 -0.3090
vn -0.8230 -0.0102 0.5679
vn -0.0040 -1.0000 -0.0055
vn -0.0146 -0.9999 -0.0083
vn -0.0141 -0.9999 -0.0084
vn -0.0040 -1.0000 -0.0054
vn -0.0002 -1.0000 -0.0002
vn -0.0002 -1.0000 -0.0005
vn -0.0028 -1.0000 0.0090
vn -0.0030 -1.0000 0.0093
vn -0.0073 -0.9999 0.0124
vn -0.0075 -0.9999 0.0123
vn -0.0027 -1.0000 0.0022
vn -0.0028 -1.0000 0.0022
vn 0.0217 -0.9996 -0.0167
vn 0.0218 -0.9996 -0.0167
vn 0.0845 -0.9964 -0.0022
vn 0.0651 -0.9977 -0.0201
vn 0.0845 -0.9964 -0.0023
vn -0.0204 -0.9998 -0.0066
vn 0.0927 -0.9952 0.0301
vn 0.0670 -0.9964 0.0515
vn -0.3412 0.4453 -0.8278
vn -0.5546 0.5391 -0.6339
vn -0.4031 0.7299 -0.5521
vn -0.3238 0.5901 -0.7395
vn -0.2004 0.8552 -0.4781
vn -0.1572 0.6858 -0.7106
vn -0.1381 0.5161 -0.8453
vn 0.0106 0.9995 -0.0298
vn 0.0428 0.9930 -0.1105
vn 0.0492 0.9712 -0.2332
vn 0.0086 0.9382 -0.3459
vn 0.0024 0.9970 -0.0779
vn 0.2120 0.8113 -0.5448
vn 0.1038 0.7759 -0.6222
vn 0.2682 0.8933 -0.3607
vn 0.5268 0.6675 -0.5263
vn 0.3450 0.6619 -0.6655
vn 0.2341 0.9615 -0.1437
vn 0.6528 0.7036 -0.2807
vn -0.0612 0.9089 -0.4125
vn 0.9657 0.0962 -0.2410
vn 0.9187 0.2825 -0.2762
vn 0.8526 0.1182 -0.5090
vn 0.7654 0.3364 -0.5487
vn 0.6457 0.1394 -0.7508
vn 0.5458 0.3789 -0.7474
vn 0.3668 0.1415 -0.9195
vn 0.2984 0.3790 -0.8760
vn 0.1210 0.1195 -0.9854
vn 0.0864 0.3367 -0.9376
vn 0.1730 0.6561 -0.7345
vn 0.0292 0.6095 -0.7922
vn -0.1133 0.2740 -0.9550
vn -0.0067 0.7507 -0.6606
vn -0.6534 0.6067 -0.4527
vn -0.6299 0.2668 -0.7294
vn -0.6346 0.0654 -0.7701
vn -0.3432 0.2283 -0.9111
vn -0.3368 0.0540 -0.9400
vn -0.6282 -0.0113 -0.7779
vn -0.0928 0.0835 -0.9922
vn 0.1300 0.0468 -0.9904
vn -0.0862 0.0174 -0.9961
vn 0.3829 0.0616 -0.9217
vn 0.6683 0.0568 -0.7417
vn 0.8705 0.0435 -0.4902
vn 0.9729 0.0346 -0.2287
vn 0.9940 0.0284 0.1058
vn -0.3321 -0.0102 -0.9432
vn -0.0067 -1.0000 0.0021
vn -0.0164 -0.9999 -0.0015
vn -0.0165 -0.9999 -0.0017
vn -0.0065 -1.0000 0.0021
vn -0.0005 -1.0000 0.0003
vn -0.0003 -1.0000 0.0001
vn 0.0014 -1.0000 -0.0019
vn 0.0015 -1.0000 -0.0021
vn 0.0031 -1.0000 -0.0093
vn 0.0030 -1.0000 -0.0089
vn 0.0011 -0.9999 -0.0144
vn 0.0013 -0.9999 -0.0143
vn -0.0009 -1.0000 -0.0033
vn 0.0078 -0.9996 0.0263
vn 0.0409 -0.9977 0.0545
vn -0.1401 -0.8925 -0.4287
vn -0.1401 -0.6185 -0.7732
vn 0.0117 -0.6237 -0.7816
vn 0.0117 -0.9013 -0.4329
vn 0.1279 -0.6187 -0.7752
vn 0.1279 -0.8940 -0.4295
vn -0.0105 -0.9014 -0.4330
vn -0.0105 -0.6239 -0.7814
vn 0.1279 0.6187 0.7752
vn 0.1284 0.8923 0.4329
vn -0.0105 0.9009 0.4339
vn -0.0105 0.6236 0.7816
vn 0.0117 -0.6238 0.7815
vn 0.0117 -0.2208 0.9752
vn -0.1401 -0.2186 0.9657
vn -0.1401 -0.6185 0.7732
vn 0.1280 -0.2190 0.9673
vn -0.0105 -0.2208 0.9753
vn -0.0105 -0.6237 0.7816
vn 0.1279 -0.6186 0.7752
vn 0.1279 -0.9918 -0.0000
vn -0.0105 -0.9999 -0.0000
vn -0.0105 -0.2208 -0.9753
vn 0.1280 -0.2190 -0.9673
vn 0.1279 0.6186 -0.7752
vn 0.1280 0.2190 -0.9673
vn -0.0105 0.2208 -0.9753
vn -0.0105 0.6238 -0.7815
vn -0.9902 -0.0308 0.1362
vn -0.1401 0.2186 0.9657
vn -0.9902 0.0308 0.1362
vn -0.1401 0.8925 0.4287
vn 0.0117 0.9013 0.4330
vn 0.0117 0.9999 -0.0000
vn -0.1401 0.9901 -0.0000
vn -0.0105 0.9009 -0.4339
vn 0.1285 0.8935 -0.4302
vn 0.0117 0.6238 -0.7815
vn 0.0117 0.2207 -0.9753
vn -0.1401 0.2186 -0.9657
vn -0.1401 0.6185 -0.7732
vn 0.0117 -0.9013 0.4330
vn -0.1401 -0.8925 0.4287
vn 0.0117 0.2208 0.9753
vn 0.0117 0.6239 0.7814
vn -0.1401 0.6176 0.7739
vn 0.1290 0.9916 -0.0000
vn -0.0106 0.9999 -0.0000
vn 0.9902 -0.0308 0.1362
vn 0.9902 0.0308 0.1362
vn 0.1280 0.2190 0.9673
vn 0.9902 0.0872 0.1092
vn -0.9902 0.0872 0.1092
vn -0.0105 -0.9013 0.4330
vn 0.1279 -0.8940 0.4295
vn 0.0117 -0.2208 -0.9753
vn -0.1401 -0.2186 -0.9657
vn -0.0105 0.2208 0.9753
vn 0.0117 0.9013 -0.4330
vn -0.1401 0.8925 -0.4287
vn 0.0117 -0.9999 -0.0000
vn -0.1401 -0.9901 -0.0000
vn 0.9902 0.1259 -0.0605
vn 0.9902 0.0872 -0.1092
vn -0.9902 0.1259 0.0605
vn -0.9902 -0.0871 0.1092
vn 0.9902 -0.1259 -0.0605
vn 0.9902 -0.1397 0.0001
vn 0.9902 -0.0872 0.1092
vn 0.9902 0.0308 -0.1362
vn 0.9902 -0.0308 -0.1362
vn -0.9902 0.1259 -0.0605
vn -0.9902 0.1397 0.0002
vn 0.9902 -0.0872 -0.1091
vn -0.9902 -0.0872 -0.1092
vn -0.9902 -0.0308 -0.1362
vn 0.9902 -0.1259 0.0605
vn -0.9902 -0.1259 -0.0605
vn 0.9902 0.1259 0.0605
vn 0.9902 0.1397 -0.0000
vn -0.9902 -0.1259 0.0604
vn -0.9902 0.0871 -0.1092
vn -0.9902 -0.1397 -0.0000
vn -0.9902 0.0308 -0.1362
vn -1.0000 0.0011 -0.0000
vn -1.0000 -0.0001 -0.0005
vn -1.0000 -0.0003 -0.0004
vn -1.0000 0.0033 -0.0080
vn -1.0000 0.0071 -0.0000
vn -1.0000 0.0033 0.0080
vn -1.0000 -0.0003 0.0004
vn -1.0000 -0.0001 0.0005
vn -1.0000 0.0001 0.0005
vn -1.0000 0.0003 0.0004
vn -1.0000 0.0005 0.0002
vn -1.0000 0.0005 -0.0002
vn -1.0000 0.0003 -0.0004
vn -1.0000 0.0001 -0.0005
vn -0.9250 -0.0000 -0.3799
vn -0.9956 -0.0000 0.0935
vn 0.2686 0.0020 -0.9633
vn -0.2098 0.0021 -0.9777
vn -0.2095 0.0021 -0.9778
vn -0.2128 -0.0001 -0.9771
vn 0.2656 -0.0001 -0.9641
vn 0.9453 0.0014 -0.3261
vn 0.9454 0.0014 -0.3258
vn 0.6858 0.0018 -0.7278
vn 0.6855 0.0018 -0.7281
vn -0.6426 -0.0001 -0.7662
vn -0.6425 -0.0001 -0.7663
vn 0.5067 -0.6681 -0.5449
vn 0.5066 -0.6681 -0.5450
vn 0.1963 -0.6635 -0.7219
vn 0.1965 -0.6635 -0.7219
vn -0.1624 -0.6594 -0.7340
vn -0.4865 -0.6568 -0.5762
vn -0.4862 -0.6568 -0.5764
vn -0.9953 -0.0002 0.0967
vn -0.8364 -0.0001 0.5482
vn -0.8365 -0.0001 0.5480
vn -0.9953 -0.0002 0.0965
vn 0.8052 0.0005 0.5930
vn 0.9886 0.0010 0.1509
vn 0.9886 0.0010 0.1506
vn 0.8050 0.0005 0.5932
vn 0.6985 -0.6720 -0.2458
vn 0.6985 -0.6720 -0.2459
vn 0.6833 -0.0001 -0.7302
vn 0.9895 -0.0002 0.1444
vn 0.9433 -0.0003 -0.3320
vn -0.6273 -0.6614 0.4112
vn -0.7496 -0.6579 0.0728
vn -0.7496 -0.6579 0.0726
vn 0.7305 -0.6746 0.1065
vn 0.5966 -0.6751 0.4339
vn 0.5968 -0.6751 0.4337
vn 0.7305 -0.6746 0.1063
vn -0.6988 -0.6562 -0.2847
vn -0.6990 -0.6562 -0.2843
vn 0.6809 -0.0004 -0.7324
vn 0.2626 -0.0005 -0.9649
vn 0.6809 -0.0004 -0.7323
vn -0.0302 0.0001 0.9995
vn -0.0308 0.0001 0.9995
vn 0.4377 0.0002 0.8991
vn -0.0241 -0.0000 0.9997
vn -0.0240 -0.0000 0.9997
vn 0.4433 -0.0000 0.8964
vn 0.9443 -0.0000 -0.3292
vn 0.9443 -0.0001 -0.3290
vn -0.6400 0.0019 -0.7684
vn -0.9238 0.0015 -0.3830
vn -0.9239 0.0015 -0.3825
vn -0.6403 0.0019 -0.7681
vn -0.0272 -0.0000 0.9996
vn 0.4404 -0.0000 0.8978
vn -0.2160 -0.0005 -0.9764
vn -0.6450 -0.0005 -0.7642
vn -0.6449 -0.0005 -0.7643
vn -0.2158 -0.0005 -0.9764
vn 0.9891 -0.0000 0.1475
vn -0.3625 -0.6658 0.6521
vn -0.0178 -0.6702 0.7420
vn 0.8091 -0.0001 0.5877
vn 0.3276 -0.6735 0.6626
vn 0.3277 -0.6735 0.6626
vn -0.9263 -0.0004 -0.3769
vn -0.9262 -0.0004 -0.3771
vn -0.8381 -0.0000 0.5455
vn -0.8401 0.0006 0.5424
vn -0.4913 0.0003 0.8710
vn -0.4912 0.0003 0.8711
vn -0.8397 0.0006 0.5431
vn -0.9960 0.0010 0.0898
vn -0.9959 0.0010 0.0907
vn -0.4887 -0.0000 0.8725
vn -0.4886 -0.0000 0.8725
vn -0.4858 -0.0000 0.8741
vn -0.4859 -0.0000 0.8740
vn 0.8072 -0.0000 0.5902
vn 0.8072 -0.0000 0.5903
vn -0.6033 0.5901 -0.5365
vn -0.4005 0.7299 -0.5540
vn -0.4314 0.5391 -0.7233
vn -0.6819 0.4453 -0.5803
vn -0.6272 0.6858 -0.3691
vn -0.3928 0.8552 -0.3383
vn -0.7613 0.5161 -0.3926
vn -0.0311 0.9995 -0.0083
vn -0.1183 0.9930 0.0066
vn -0.0316 0.9995 0.0009
vn -0.0082 1.0000 -0.0041
vn -0.0000 1.0000 -0.0001
vn -0.1355 0.9879 -0.0752
vn -0.3317 0.9382 -0.0987
vn -0.2370 0.9712 -0.0252
vn -0.0748 0.9970 -0.0218
vn -0.0000 1.0000 -0.0011
vn 0.0082 1.0000 -0.0041
vn 0.0311 0.9995 -0.0083
vn -0.0000 1.0000 -0.0020
vn -0.0000 0.9990 -0.0457
vn -0.0000 1.0000 -0.0015
vn -0.0000 0.7294 0.6841
vn 0.1901 0.7375 0.6480
vn 0.0623 0.9850 0.1612
vn -0.0000 0.9884 0.1521
vn -0.6239 0.7759 -0.0935
vn -0.5836 0.8113 0.0333
vn -0.4259 0.8933 0.1436
vn -0.7395 0.6619 0.1225
vn -0.6633 0.6675 0.3384
vn -0.4687 0.7036 0.5341
vn -0.2090 0.9615 0.1783
vn -0.1901 0.7375 0.6480
vn -0.0623 0.9850 0.1612
vn -0.0000 0.2251 0.9743
vn -0.0000 0.0716 0.9974
vn 0.2109 0.0810 0.9741
vn 0.2223 0.2471 0.9432
vn -0.1782 0.9711 -0.1588
vn -0.3734 0.9089 -0.1856
vn -0.5465 0.2825 0.7883
vn -0.5277 0.0962 0.8440
vn -0.2109 0.0810 0.9741
vn -0.2223 0.2471 0.9432
vn -0.7583 0.3364 0.5584
vn -0.7476 0.1182 0.6536
vn -0.0000 0.9528 -0.3038
vn 0.2055 0.9244 -0.3214
vn 0.2171 0.8016 -0.5570
vn -0.0000 0.8384 -0.5450
vn -0.8794 0.3789 0.2881
vn -0.9136 0.1394 0.3820
vn -0.9253 0.3790 0.0131
vn -0.9878 0.1415 0.0647
vn -0.9746 0.1195 -0.1895
vn -0.9184 0.3367 -0.2075
vn -0.2067 0.0284 0.9780
vn -0.0000 0.0245 0.9997
vn -0.7521 0.6561 -0.0625
vn -0.7625 0.6095 -0.2171
vn -0.8733 0.2740 -0.4029
vn -0.6262 0.7507 -0.2105
vn -0.2055 0.9244 -0.3214
vn -0.2171 0.8016 -0.5570
vn -0.2287 0.6067 -0.7613
vn -0.5363 0.0654 -0.8415
vn -0.4991 0.2668 -0.8245
vn -0.2605 0.3192 -0.9112
vn -0.2914 0.0907 -0.9523
vn -0.0000 0.6440 -0.7650
vn -0.0000 0.3544 -0.9351
vn -0.0000 0.9913 -0.1314
vn 0.1355 0.9879 -0.0752
vn 0.1782 0.9711 -0.1588
vn 0.2605 0.3192 -0.9112
vn 0.2914 0.0907 -0.9523
vn -0.0000 0.1133 -0.9936
vn -0.7900 0.0540 -0.6108
vn -0.7605 0.2283 -0.6079
vn -0.3022 0.0014 -0.9533
vn -0.5457 -0.0113 -0.8379
vn -0.9149 0.0835 -0.3949
vn -0.9207 0.0174 -0.3898
vn -0.9821 0.0468 -0.1824
vn -0.9949 0.0616 0.0793
vn -0.9119 0.0568 0.4064
vn -0.7352 0.0435 0.6764
vn -0.5181 0.0346 0.8546
vn 0.3022 0.0014 -0.9533
vn -0.0000 0.0158 -0.9999
vn -0.7944 -0.0102 -0.6073
vn 0.0033 -0.9999 -0.0165
vn 0.0036 -0.9999 -0.0160
vn 0.0039 -1.0000 -0.0055
vn 0.0004 -1.0000 -0.0004
vn -0.0024 -1.0000 0.0008
vn -0.0022 -1.0000 0.0007
vn -0.0094 -1.0000 0.0001
vn -0.0098 -1.0000 0.0001
vn -0.0141 -0.9999 -0.0032
vn -0.0140 -0.9999 -0.0034
vn -0.0029 -1.0000 -0.0019
vn -0.0030 -1.0000 -0.0020
vn 0.0226 -0.9996 0.0155
vn 0.0227 -0.9996 0.0156
vn 0.0283 -0.9964 0.0797
vn 0.0392 -0.9977 0.0557
vn -0.0000 -0.9998 -0.0215
vn -0.0000 -0.9952 0.0975
vn -0.0283 -0.9964 0.0797
vn 0.6819 0.4453 -0.5803
vn 0.4314 0.5391 -0.7234
vn 0.4005 0.7299 -0.5540
vn 0.6033 0.5901 -0.5365
vn 0.3928 0.8552 -0.3383
vn 0.6272 0.6858 -0.3691
vn 0.7613 0.5161 -0.3926
vn 0.0316 0.9995 0.0009
vn 0.1183 0.9930 0.0066
vn 0.2370 0.9712 -0.0252
vn 0.3317 0.9382 -0.0987
vn 0.0748 0.9970 -0.0218
vn 0.5836 0.8113 0.0333
vn 0.6239 0.7759 -0.0935
vn 0.4259 0.8933 0.1436
vn 0.6633 0.6675 0.3384
vn 0.7395 0.6619 0.1225
vn 0.2090 0.9615 0.1783
vn 0.4687 0.7036 0.5341
vn 0.3734 0.9089 -0.1856
vn 0.5277 0.0962 0.8440
vn 0.5465 0.2825 0.7883
vn 0.7476 0.1182 0.6536
vn 0.7583 0.3364 0.5584
vn 0.9136 0.1394 0.3820
vn 0.8794 0.3789 0.2881
vn 0.9878 0.1415 0.0647
vn 0.9253 0.3790 0.0131
vn 0.9746 0.1195 -0.1895
vn 0.9184 0.3367 -0.2075
vn 0.7521 0.6561 -0.0625
vn 0.7625 0.6095 -0.2171
vn 0.8733 0.2740 -0.4029
vn 0.6262 0.7507 -0.2105
vn 0.2287 0.6067 -0.7613
vn 0.4991 0.2668 -0.8245
vn 0.5363 0.0654 -0.8415
vn 0.7605 0.2283 -0.6079
vn 0.7900 0.0540 -0.6108
vn 0.5457 -0.0113 -0.8379
vn 0.9149 0.0835 -0.3949
vn 0.9821 0.0468 -0.1824
vn 0.9207 0.0174 -0.3898
vn 0.9949 0.0616 0.0793
vn 0.9119 0.0568 0.4064
vn 0.7352 0.0435 0.6764
vn 0.5181 0.0346 0.8546
vn 0.2066 0.0284 0.9780
vn 0.7944 -0.0102 -0.6073
vn -0.0041 -1.0000 -0.0057
vn -0.0036 -0.9999 -0.0160
vn -0.0035 -0.9999 -0.0162
vn -0.0004 -1.0000 -0.0004
vn 0.0022 -1.0000 0.0007
vn 0.0024 -1.0000 0.0008
vn 0.0098 -1.0000 0.0001
vn 0.0094 -1.0000 0.0001
vn 0.0140 -0.9999 -0.0034
vn 0.0141 -0.9999 -0.0032
vn 0.0029 -1.0000 -0.0019
vn -0.0226 -0.9996 0.0156
vn -0.0226 -0.9996 0.0155
vn -0.0392 -0.9977 0.0557
vn -0.0392 -0.9977 0.0558
vn -0.1387 -0.8925 0.4292
vn -0.3412 -0.6185 0.7079
vn -0.4688 -0.6237 0.6254
vn -0.2639 -0.9013 0.3434
vn -0.5591 -0.6187 0.5519
vn -0.3559 -0.8940 0.2722
vn -0.2460 -0.9014 0.3564
vn -0.4508 -0.6239 0.6383
vn 0.3522 0.6186 -0.7023
vn 0.1505 0.8923 -0.4257
vn 0.2636 0.9009 -0.3449
vn 0.4679 0.6236 -0.6262
vn 0.4499 -0.6238 -0.6391
vn 0.5638 -0.2208 -0.7959
vn 0.6810 -0.2186 -0.6989
vn 0.5678 -0.6185 -0.5432
vn 0.4650 -0.2190 -0.8578
vn 0.5817 -0.2208 -0.7829
vn 0.4679 -0.6237 -0.6262
vn 0.3522 -0.6186 -0.7023
vn -0.1035 -0.9918 -0.0752
vn 0.0085 -0.9999 0.0062
vn -0.5648 -0.2208 0.7952
vn -0.6721 -0.2190 0.7073
vn -0.5591 0.6186 0.5520
vn -0.6721 0.2190 0.7073
vn -0.5648 0.2208 0.7952
vn -0.4509 0.6238 0.6384
vn 0.8811 -0.0308 0.4718
vn 0.6810 0.2186 -0.6989
vn 0.8811 0.0308 0.4718
vn 0.3653 0.8925 -0.2645
vn 0.2450 0.9013 -0.3572
vn -0.0095 0.9999 -0.0069
vn 0.1133 0.9901 0.0823
vn -0.2465 0.9009 0.3572
vn -0.3568 0.8935 0.2725
vn -0.4688 0.6238 0.6254
vn -0.5827 0.2207 0.7821
vn -0.4543 0.2186 0.8636
vn -0.3412 0.6185 0.7079
vn 0.2451 -0.9013 -0.3572
vn 0.3653 -0.8925 -0.2645
vn 0.5638 0.2208 -0.7959
vn 0.4498 0.6239 -0.6390
vn 0.5682 0.6176 -0.5438
vn -0.1043 0.9916 -0.0758
vn 0.0086 0.9999 0.0062
vn -0.7210 -0.0308 -0.6922
vn -0.7210 0.0308 -0.6922
vn 0.4650 0.2190 -0.8578
vn -0.7369 0.0872 -0.6704
vn 0.8653 0.0872 0.4937
vn 0.2630 -0.9013 -0.3441
vn 0.1489 -0.8940 -0.4226
vn -0.5827 -0.2208 0.7821
vn -0.4543 -0.2186 0.8636
vn 0.5817 0.2208 -0.7828
vn -0.2640 0.9013 0.3434
vn -0.1387 0.8925 0.4292
vn -0.0095 -0.9999 -0.0069
vn 0.1133 -0.9901 0.0823
vn -0.8366 0.1259 -0.5331
vn -0.8653 0.0872 -0.4937
vn 0.8366 0.1259 0.5331
vn 0.8653 -0.0871 0.4937
vn -0.8366 -0.1259 -0.5331
vn -0.8010 -0.1397 -0.5821
vn -0.7369 -0.0872 -0.6704
vn -0.8811 0.0308 -0.4718
vn -0.8811 -0.0308 -0.4718
vn 0.7656 0.1259 0.6309
vn 0.8012 0.1397 0.5819
vn -0.8652 -0.0872 -0.4937
vn 0.7369 -0.0872 0.6704
vn 0.7210 -0.0308 0.6922
vn -0.7655 -0.1259 -0.6310
vn 0.7655 -0.1259 0.6310
vn -0.7656 0.1259 -0.6309
vn -0.8011 0.1397 -0.5820
vn 0.8366 -0.1259 0.5331
vn 0.7369 0.0871 0.6704
vn 0.8011 -0.1397 0.5820
vn 0.7210 0.0308 0.6922
vn 0.8090 0.0011 0.5878
vn 0.8087 -0.0001 0.5882
vn 0.8088 -0.0003 0.5881
vn 0.8043 0.0033 0.5943
vn 0.8090 0.0071 0.5878
vn 0.8137 0.0033 0.5813
vn 0.8093 -0.0003 0.5874
vn 0.8093 -0.0001 0.5874
vn 0.8093 0.0001 0.5874
vn 0.8093 0.0003 0.5874
vn 0.8092 0.0005 0.5876
vn 0.8090 0.0005 0.5878
vn 0.8089 0.0005 0.5880
vn 0.8088 0.0003 0.5881
vn 0.8087 0.0001 0.5882
vn -0.8090 -0.0000 -0.5878
vn 0.8090 -0.0000 0.5878
vn 0.5251 -0.0001 0.8511
vn 0.8604 -0.0000 0.5095
vn 0.8604 -0.0000 0.5096
vn -0.7835 0.0020 0.6214
vn -0.4050 0.0021 0.9143
vn -0.4053 0.0021 0.9142
vn -0.4021 -0.0001 0.9156
vn -0.7816 -0.0001 0.6238
vn -0.9565 0.0014 -0.2918
vn -0.9564 0.0014 -0.2921
vn -0.9826 0.0018 0.1857
vn -0.9825 0.0018 0.1861
vn 0.0695 -0.0001 0.9976
vn 0.0694 -0.0001 0.9976
vn -0.7302 -0.6681 0.1430
vn -0.7302 -0.6681 0.1432
vn -0.5832 -0.6635 0.4687
vn -0.5833 -0.6635 0.4686
vn -0.3001 -0.6594 0.6893
vn -0.3000 -0.6594 0.6893
vn 0.0549 -0.6568 0.7521
vn 0.0545 -0.6568 0.7521
vn 0.8621 -0.0002 0.5068
vn 0.9988 -0.0001 0.0481
vn 0.9988 -0.0001 0.0483
vn 0.8620 -0.0002 0.5069
vn -0.3029 0.0005 -0.9530
vn -0.7111 0.0010 -0.7031
vn -0.7113 0.0010 -0.7029
vn -0.3026 0.0005 -0.9531
vn -0.7096 -0.6720 -0.2117
vn -0.7096 -0.6720 -0.2116
vn -0.9820 -0.0001 0.1891
vn -0.7157 -0.0002 -0.6984
vn -0.9583 -0.0003 -0.2858
vn 0.7492 -0.6614 0.0360
vn 0.6492 -0.6579 0.3817
vn 0.6491 -0.6579 0.3819
vn 0.7492 -0.6614 0.0361
vn -0.5284 -0.6746 -0.5155
vn -0.2276 -0.6751 -0.7017
vn -0.2279 -0.6751 -0.7016
vn -0.5285 -0.6746 -0.5154
vn 0.3980 -0.6562 0.6410
vn 0.3984 -0.6562 0.6409
vn -0.9813 -0.0004 0.1923
vn -0.7796 -0.0005 0.6263
vn -0.7796 -0.0005 0.6262
vn -0.9814 -0.0004 0.1922
vn 0.6119 0.0001 -0.7909
vn 0.6124 0.0001 -0.7906
vn 0.1744 0.0002 -0.9847
vn 0.6071 -0.0000 -0.7946
vn 0.6070 -0.0000 -0.7947
vn 0.1682 -0.0000 -0.9858
vn 0.1683 -0.0000 -0.9857
vn -0.9574 -0.0000 -0.2887
vn -0.9574 -0.0000 -0.2889
vn 0.0661 0.0019 0.9978
vn 0.5222 0.0015 0.8528
vn 0.5226 0.0015 0.8526
vn 0.0665 0.0019 0.9978
vn 0.6096 -0.0000 -0.7927
vn 0.1714 -0.0000 -0.9852
vn -0.3992 -0.0005 0.9169
vn 0.0726 -0.0005 0.9974
vn 0.0725 -0.0005 0.9974
vn -0.3993 -0.0005 0.9168
vn -0.7135 -0.0000 -0.7007
vn 0.6766 -0.6658 -0.3145
vn 0.6766 -0.6658 -0.3146
vn 0.4505 -0.6702 -0.5898
vn -0.3091 -0.0001 -0.9510
vn 0.1244 -0.6735 -0.7286
vn 0.5278 -0.0004 0.8494
vn 0.5277 -0.0004 0.8495
vn 0.9987 -0.0000 0.0513
vn 0.9985 0.0006 0.0550
vn 0.9094 0.0003 -0.4159
vn 0.9094 0.0003 -0.4160
vn 0.9985 0.0006 0.0542
vn 0.8585 0.0010 0.5128
vn 0.8590 0.0010 0.5120
vn 0.9082 -0.0000 -0.4186
vn 0.9081 -0.0000 -0.4187
vn 0.9068 -0.0000 -0.4216
vn 0.9069 -0.0000 -0.4214
vn -0.3061 -0.0000 -0.9520
vn 0.1727 0.5901 0.7886
vn -0.0017 0.7299 0.6836
vn -0.0761 0.5391 0.8388
vn 0.2106 0.4453 0.8703
vn 0.2905 0.6858 0.6673
vn 0.1189 0.8552 0.5045
vn 0.3851 0.5161 0.7650
vn 0.0203 0.9995 0.0250
vn 0.0996 0.9930 0.0642
vn 0.0261 0.9995 0.0178
vn 0.0042 1.0000 0.0081
vn -0.0001 1.0000 0.0001
vn 0.0654 0.9879 0.1405
vn 0.2103 0.9382 0.2748
vn 0.1769 0.9712 0.1597
vn 0.0477 0.9970 0.0616
vn -0.0007 1.0000 0.0009
vn -0.0090 1.0000 -0.0015
vn -0.0300 0.9995 -0.0116
vn -0.0012 1.0000 0.0016
vn -0.0269 0.9990 0.0370
vn -0.0009 1.0000 0.0012
vn 0.4021 0.7294 -0.5534
vn 0.2271 0.7375 -0.6360
vn 0.0443 0.9850 -0.1670
vn 0.0894 0.9884 -0.1230
vn 0.4497 0.7759 0.4423
vn 0.4917 0.8113 0.3161
vn 0.4290 0.8933 0.1342
vn 0.6703 0.6619 0.3356
vn 0.7355 0.6675 0.1161
vn 0.6932 0.7036 -0.1566
vn 0.2739 0.9615 -0.0214
vn 0.5347 0.7375 -0.4125
vn 0.1451 0.9850 -0.0938
vn 0.5727 0.2251 -0.7882
vn 0.5863 0.0716 -0.8069
vn 0.4019 0.0810 -0.9121
vn 0.3745 0.2471 -0.8937
vn 0.0508 0.9711 0.2332
vn 0.1930 0.9089 0.3697
vn 0.9055 0.2825 -0.3165
vn 0.9230 0.0962 -0.3726
vn 0.7432 0.0810 -0.6641
vn 0.7342 0.2471 -0.6324
vn 0.9417 0.3364 -0.0060
vn 0.9890 0.1182 -0.0894
vn -0.1785 0.9528 0.2457
vn -0.3552 0.9244 0.1392
vn -0.5030 0.8016 0.3231
vn -0.3204 0.8384 0.4409
vn 0.8808 0.3789 0.2838
vn 0.9637 0.1394 0.2279
vn 0.7563 0.3790 0.5333
vn 0.8372 0.1415 0.5283
vn 0.6771 0.1195 0.7261
vn 0.6211 0.3367 0.7077
vn 0.7420 0.0284 -0.6697
vn 0.5876 0.0245 -0.8088
vn 0.5717 0.6561 0.4926
vn 0.4893 0.6095 0.6238
vn 0.4697 0.2740 0.8392
vn 0.3829 0.7507 0.5384
vn -0.0226 0.9244 0.3808
vn -0.1518 0.8016 0.5783
vn -0.2625 0.6067 0.7503
vn -0.0608 0.0654 0.9960
vn -0.0809 0.2668 0.9604
vn -0.3249 0.3192 0.8903
vn -0.3240 0.0907 0.9417
vn -0.4497 0.6440 0.6189
vn -0.5496 0.3544 0.7565
vn -0.0772 0.9913 0.1063
vn -0.1538 0.9879 -0.0188
vn -0.2375 0.9711 0.0237
vn -0.7463 0.3192 0.5841
vn -0.7955 0.0907 0.5991
vn -0.5840 0.1133 0.8038
vn 0.2801 0.0540 0.9585
vn 0.2579 0.2283 0.9388
vn -0.3159 0.0014 0.9488
vn -0.0510 -0.0113 0.9986
vn 0.5081 0.0835 0.8572
vn 0.5158 0.0174 0.8565
vn 0.6873 0.0468 0.7249
vn 0.8516 0.0616 0.5206
vn 0.9766 0.0568 0.2072
vn 0.9924 0.0435 -0.1151
vn 0.9215 0.0346 -0.3869
vn -0.8048 0.0014 0.5936
vn -0.5877 0.0158 0.8089
vn 0.2858 -0.0102 0.9582
vn -0.0124 -0.9999 0.0114
vn -0.0124 -0.9999 0.0108
vn -0.0064 -1.0000 0.0021
vn -0.0006 -1.0000 0.0001
vn 0.0025 -1.0000 0.0008
vn 0.0077 -1.0000 0.0054
vn 0.0079 -1.0000 0.0057
vn 0.0095 -0.9999 0.0108
vn 0.0094 -0.9999 0.0110
vn 0.0012 -1.0000 0.0033
vn -0.0092 -0.9996 -0.0258
vn -0.0092 -0.9996 -0.0259
vn 0.0240 -0.9964 -0.0811
vn 0.0010 -0.9977 -0.0681
vn -0.0126 -0.9998 0.0174
vn 0.0573 -0.9952 -0.0788
vn 0.0697 -0.9964 -0.0478
vn 0.0697 -0.9964 -0.0479
vn -0.8927 0.4453 0.0686
vn -0.7742 0.5391 0.3316
vn -0.6496 0.7299 0.2128
vn -0.8034 0.5901 0.0794
vn -0.5166 0.8552 0.0428
vn -0.7244 0.6858 -0.0700
vn -0.8466 0.5161 -0.1299
vn -0.0250 0.9995 -0.0193
vn -0.0919 0.9930 -0.0749
vn -0.2066 0.9712 -0.1189
vn -0.3263 0.9382 -0.1151
vn -0.0733 0.9970 -0.0263
vn -0.4526 0.8113 -0.3700
vn -0.5597 0.7759 -0.2910
vn -0.2602 0.8933 -0.3665
vn -0.3377 0.6675 -0.6637
vn -0.5263 0.6619 -0.5338
vn -0.0643 0.9615 -0.2671
vn -0.0653 0.7036 -0.7076
vn -0.4112 0.9089 -0.0693
vn 0.0692 0.0962 -0.9930
vn 0.0212 0.2825 -0.9590
vn -0.2206 0.1182 -0.9682
vn -0.2853 0.3364 -0.8975
vn -0.5145 0.1394 -0.8461
vn -0.5421 0.3789 -0.7500
vn -0.7611 0.1415 -0.6330
vn -0.7409 0.3790 -0.5545
vn -0.8998 0.1195 -0.4196
vn -0.8650 0.3367 -0.3720
vn -0.6451 0.6561 -0.3915
vn -0.7445 0.6095 -0.2726
vn -0.9433 0.2740 -0.1874
vn -0.6304 0.7507 -0.1978
vn -0.6325 0.6067 0.4815
vn -0.8884 0.2668 0.3737
vn -0.9285 0.0654 0.3656
vn -0.9726 0.2283 0.0448
vn -0.9981 0.0540 0.0298
vn -0.9340 -0.0113 0.3571
vn -0.9723 0.0835 -0.2183
vn -0.9018 0.0468 -0.4297
vn -0.9740 0.0174 -0.2259
vn -0.7583 0.0616 -0.6490
vn -0.4989 0.0568 -0.8648
vn -0.1972 0.0435 -0.9794
vn 0.0832 0.0346 -0.9959
vn 0.4078 0.0284 -0.9126
vn -0.9997 -0.0102 0.0243
vn -0.0001 -1.0000 0.0070
vn -0.0065 -0.9999 0.0151
vn -0.0067 -0.9999 0.0152
vn -0.0000 -1.0000 0.0068
vn 0.0001 -1.0000 0.0006
vn -0.0000 -1.0000 0.0003
vn -0.0079 -1.0000 -0.0058
vn -0.0075 -1.0000 -0.0056
vn -0.0133 -0.9999 -0.0055
vn -0.0132 -0.9999 -0.0057
vn -0.0035 -1.0000 -0.0001
vn 0.0275 -0.9996 0.0007
vn 0.0274 -0.9996 0.0007
vn 0.0645 -0.9977 -0.0220
vn 0.0645 -0.9977 -0.0221
vn 0.3654 -0.8925 0.2645
vn 0.5678 -0.6185 0.5432
vn 0.4499 -0.6237 0.6392
vn 0.2450 -0.9013 0.3571
vn 0.3522 -0.6187 0.7023
vn 0.1489 -0.8940 0.4226
vn 0.2630 -0.9014 0.3441
vn 0.4678 -0.6239 0.6260
vn -0.5591 0.6187 -0.5519
vn -0.3584 0.8923 -0.2747
vn -0.2465 0.9009 -0.3572
vn -0.4510 0.6236 -0.6385
vn -0.4688 -0.6238 -0.6254
vn -0.5827 -0.2208 -0.7821
vn -0.4543 -0.2186 -0.8636
vn -0.3412 -0.6185 -0.7079
vn -0.6721 -0.2190 -0.7073
vn -0.5648 -0.2208 -0.7952
vn -0.4509 -0.6237 -0.6385
vn -0.5591 -0.6186 -0.5520
vn -0.1035 -0.9918 0.0752
vn 0.0085 -0.9999 -0.0062
vn 0.5817 -0.2208 0.7828
vn 0.4650 -0.2190 0.8578
vn 0.3522 0.6186 0.7023
vn 0.4650 0.2190 0.8578
vn 0.5817 0.2208 0.7828
vn 0.4679 0.6238 0.6261
vn 0.7210 -0.0308 -0.6922
vn -0.4543 0.2186 -0.8636
vn 0.7210 0.0308 -0.6922
vn -0.1387 0.8925 -0.4292
vn -0.2640 0.9013 -0.3434
vn -0.0095 0.9999 0.0069
vn 0.1133 0.9901 -0.0823
vn 0.2636 0.9009 0.3449
vn 0.1489 0.8935 0.4236
vn 0.4499 0.6238 0.6391
vn 0.5638 0.2207 0.7959
vn 0.6810 0.2186 0.6989
vn 0.5678 0.6185 0.5432
vn -0.2640 -0.9013 -0.3434
vn -0.1387 -0.8925 -0.4292
vn -0.5827 0.2208 -0.7821
vn -0.4688 0.6239 -0.6253
vn -0.3416 0.6176 -0.7084
vn -0.1043 0.9916 0.0758
vn 0.0086 0.9999 -0.0062
vn -0.8811 -0.0308 0.4718
vn -0.8811 0.0308 0.4718
vn -0.6721 0.2190 -0.7073
vn -0.8653 0.0872 0.4937
vn 0.7369 0.0872 -0.6704
vn -0.2460 -0.9013 -0.3565
vn -0.3559 -0.8940 -0.2722
vn 0.5638 -0.2208 0.7959
vn 0.6810 -0.2186 0.6989
vn -0.5648 0.2208 -0.7952
vn 0.2451 0.9013 0.3572
vn 0.3653 0.8925 0.2645
vn -0.0095 -0.9999 0.0069
vn 0.1133 -0.9901 -0.0823
vn -0.7655 0.1259 0.6310
vn -0.7369 0.0872 0.6704
vn 0.7655 0.1259 -0.6310
vn 0.7369 -0.0871 -0.6704
vn -0.7656 -0.1259 0.6309
vn -0.8011 -0.1397 0.5819
vn -0.8653 -0.0872 0.4937
vn -0.7210 0.0308 0.6922
vn -0.7210 -0.0308 0.6922
vn 0.8366 0.1259 -0.5331
vn 0.8010 0.1397 -0.5821
vn -0.7369 -0.0872 0.6703
vn 0.8653 -0.0872 -0.4937
vn 0.8811 -0.0308 -0.4718
vn -0.8366 -0.1259 0.5331
vn 0.8366 -0.1259 -0.5331
vn -0.8366 0.1259 0.5331
vn -0.8011 0.1397 0.5820
vn 0.7656 -0.1259 -0.6309
vn 0.8653 0.0871 -0.4937
vn 0.8011 -0.1397 -0.5820
vn 0.8811 0.0308 -0.4718
vn 0.8090 0.0011 -0.5878
vn 0.8093 -0.0001 -0.5874
vn 0.8093 -0.0003 -0.5874
vn 0.8137 0.0033 -0.5813
vn 0.8090 0.0071 -0.5878
vn 0.8043 0.0033 -0.5943
vn 0.8088 -0.0003 -0.5881
vn 0.8087 -0.0001 -0.5882
vn 0.8087 0.0001 -0.5882
vn 0.8088 0.0003 -0.5881
vn 0.8089 0.0005 -0.5880
vn 0.8090 0.0005 -0.5878
vn 0.8092 0.0005 -0.5876
vn 0.8093 0.0003 -0.5874
vn 0.8093 0.0001 -0.5874
vn -0.8090 -0.0000 0.5878
vn 0.8090 -0.0000 -0.5878
vn 0.9717 -0.0000 -0.2364
vn 0.7505 -0.0000 -0.6609
vn 0.3489 0.0021 0.9371
vn 0.3489 0.0021 0.9372
vn 0.7444 0.0021 0.6677
vn 0.7442 0.0021 0.6679
vn 0.7465 -0.0001 0.6654
vn 0.3518 -0.0001 0.9361
vn -0.5731 0.0014 0.8195
vn -0.5734 0.0014 0.8193
vn -0.1270 0.0018 0.9919
vn -0.1266 0.0018 0.9920
vn 0.9702 -0.0001 0.2422
vn -0.0897 -0.6681 0.7387
vn -0.0895 -0.6681 0.7387
vn 0.2655 -0.6635 0.6995
vn 0.2654 -0.6635 0.6995
vn 0.5628 -0.6594 0.4984
vn 0.7323 -0.6568 0.1801
vn 0.7321 -0.6568 0.1806
vn 0.7484 -0.0002 -0.6633
vn 0.3544 -0.0001 -0.9351
vn 0.3546 -0.0001 -0.9350
vn 0.7485 -0.0002 -0.6631
vn -1.0000 0.0005 -0.0065
vn -0.8884 0.0010 0.4590
vn -0.8883 0.0010 0.4593
vn -1.0000 0.0005 -0.0067
vn -0.4206 -0.6720 0.6094
vn -0.4205 -0.6720 0.6095
vn -0.1236 -0.0001 0.9923
vn -0.8854 -0.0002 0.4648
vn -0.5680 -0.0003 0.8231
vn -0.5680 -0.0003 0.8230
vn 0.2658 -0.6614 -0.7014
vn 0.5636 -0.6579 -0.4995
vn 0.5638 -0.6579 -0.4994
vn -0.6536 -0.6746 0.3433
vn -0.7377 -0.6751 -0.0003
vn -0.7377 -0.6751 -0.0001
vn -0.6535 -0.6746 0.3434
vn 0.7327 -0.6562 -0.1805
vn 0.7326 -0.6562 -0.1808
vn -0.1204 -0.0004 0.9927
vn 0.3548 -0.0005 0.9350
vn 0.3547 -0.0005 0.9350
vn -0.5631 0.0001 -0.8264
vn -0.5626 0.0001 -0.8267
vn -0.8826 0.0002 -0.4702
vn -0.8826 0.0002 -0.4701
vn -0.5681 -0.0000 -0.8229
vn -0.5682 -0.0000 -0.8229
vn -0.8855 -0.0000 -0.4646
vn -0.5705 -0.0001 0.8213
vn -0.5706 -0.0001 0.8212
vn 0.9694 0.0019 0.2454
vn 0.9724 0.0015 -0.2331
vn 0.9723 0.0015 -0.2336
vn 0.9695 0.0019 0.2451
vn -0.5656 -0.0000 -0.8247
vn -0.8840 -0.0000 -0.4674
vn 0.7486 -0.0005 0.6630
vn 0.9710 -0.0005 0.2391
vn 0.9710 -0.0005 0.2393
vn 0.7485 -0.0005 0.6631
vn -0.8868 -0.0000 0.4621
vn -0.8869 -0.0000 0.4620
vn -0.0901 -0.6658 -0.7406
vn -0.4218 -0.6702 -0.6107
vn -0.4217 -0.6702 -0.6107
vn -1.0000 -0.0001 0.0001
vn -0.6545 -0.6735 -0.3435
vn -0.6545 -0.6735 -0.3434
vn 0.9709 -0.0004 -0.2395
vn 0.9709 -0.0004 -0.2393
vn 0.3574 -0.0000 -0.9340
vn 0.3574 -0.0000 -0.9339
vn 0.3609 0.0006 -0.9326
vn -0.1145 0.0003 -0.9934
vn -0.1146 0.0003 -0.9934
vn 0.3601 0.0006 -0.9329
vn 0.7530 0.0010 -0.6581
vn 0.7524 0.0010 -0.6587
vn -0.1175 -0.0000 -0.9931
vn -0.1207 -0.0000 -0.9927
vn -0.1206 -0.0000 -0.9927
vn -1.0000 -0.0000 -0.0030
vn -1.0000 -0.0000 -0.0031
vn 0.8034 0.5901 0.0794
vn 0.6496 0.7299 0.2128
vn 0.7742 0.5391 0.3316
vn 0.8927 0.4453 0.0686
vn 0.7244 0.6858 -0.0700
vn 0.5166 0.8552 0.0428
vn 0.8466 0.5161 -0.1299
vn 0.0300 0.9995 -0.0116
vn 0.0919 0.9930 -0.0749
vn 0.0250 0.9995 -0.0194
vn 0.0090 1.0000 -0.0015
vn 0.0001 1.0000 0.0001
vn 0.1538 0.9879 -0.0188
vn 0.3263 0.9382 -0.1151
vn 0.2066 0.9712 -0.1189
vn 0.0733 0.9970 -0.0263
vn 0.0007 1.0000 0.0009
vn -0.0042 1.0000 0.0081
vn -0.0203 0.9995 0.0250
vn 0.0012 1.0000 0.0016
vn 0.0269 0.9990 0.0370
vn 0.0009 1.0000 0.0012
vn -0.4021 0.7294 -0.5534
vn -0.5347 0.7375 -0.4125
vn -0.1451 0.9850 -0.0938
vn -0.0894 0.9884 -0.1230
vn 0.5597 0.7759 -0.2910
vn 0.4526 0.8113 -0.3700
vn 0.2602 0.8933 -0.3665
vn 0.5263 0.6619 -0.5338
vn 0.3377 0.6675 -0.6637
vn 0.0653 0.7036 -0.7076
vn 0.0643 0.9615 -0.2671
vn -0.2271 0.7375 -0.6360
vn -0.0443 0.9850 -0.1670
vn -0.5727 0.2251 -0.7882
vn -0.5863 0.0716 -0.8069
vn -0.7432 0.0810 -0.6641
vn -0.7342 0.2471 -0.6323
vn 0.2375 0.9711 0.0237
vn 0.4112 0.9089 -0.0693
vn -0.0212 0.2825 -0.9590
vn -0.0692 0.0962 -0.9930
vn -0.4019 0.0810 -0.9121
vn -0.3745 0.2471 -0.8937
vn 0.2853 0.3364 -0.8975
vn 0.2206 0.1182 -0.9682
vn 0.1785 0.9528 0.2457
vn 0.0226 0.9244 0.3808
vn 0.1518 0.8016 0.5783
vn 0.3204 0.8384 0.4409
vn 0.5421 0.3789 -0.7500
vn 0.5145 0.1394 -0.8461
vn 0.7409 0.3790 -0.5545
vn 0.7611 0.1415 -0.6330
vn 0.8998 0.1195 -0.4196
vn 0.8650 0.3367 -0.3720
vn -0.4077 0.0284 -0.9127
vn -0.5876 0.0245 -0.8088
vn 0.6451 0.6561 -0.3915
vn 0.7445 0.6095 -0.2726
vn 0.9433 0.2740 -0.1874
vn 0.6304 0.7507 -0.1978
vn 0.3552 0.9244 0.1392
vn 0.5030 0.8016 0.3231
vn 0.6325 0.6067 0.4815
vn 0.9285 0.0654 0.3656
vn 0.8884 0.2668 0.3737
vn 0.7463 0.3192 0.5841
vn 0.7955 0.0907 0.5991
vn 0.4497 0.6440 0.6189
vn 0.5496 0.3544 0.7565
vn 0.0772 0.9913 0.1063
vn -0.0654 0.9879 0.1405
vn -0.0508 0.9711 0.2332
vn 0.3249 0.3192 0.8903
vn 0.3240 0.0907 0.9417
vn 0.5840 0.1133 0.8038
vn 0.9981 0.0540 0.0298
vn 0.9726 0.2283 0.0448
vn 0.8048 0.0014 0.5936
vn 0.9340 -0.0113 0.3571
vn 0.9723 0.0835 -0.2183
vn 0.9740 0.0174 -0.2259
vn 0.9018 0.0468 -0.4297
vn 0.7583 0.0616 -0.6490
vn 0.4989 0.0568 -0.8648
vn 0.1972 0.0435 -0.9794
vn -0.0832 0.0346 -0.9959
vn 0.3158 0.0014 0.9488
vn 0.5877 0.0158 0.8089
vn 0.9997 -0.0102 0.0243
vn 0.0070 -0.9999 0.0153
vn 0.0065 -0.9999 0.0151
vn -0.0000 -1.0000 0.0067
vn -0.0001 -1.0000 0.0006
vn 0.0075 -1.0000 -0.0056
vn 0.0079 -1.0000 -0.0058
vn 0.0132 -0.9999 -0.0057
vn 0.0133 -0.9999 -0.0055
vn 0.0035 -1.0000 -0.0001
vn 0.0035 -1.0000 -0.0002
vn -0.0274 -0.9996 0.0007
vn -0.0275 -0.9996 0.0007
vn -0.0697 -0.9964 -0.0479
vn -0.0644 -0.9977 -0.0220
vn -0.0645 -0.9977 -0.0220
vn -0.0697 -0.9964 -0.0478
vn 0.0126 -0.9998 0.0174
vn -0.0573 -0.9952 -0.0788
vn -0.0240 -0.9964 -0.0811
vn -0.2106 0.4453 0.8703
vn 0.0761 0.5391 0.8388
vn 0.0017 0.7299 0.6836
vn -0.1727 0.5901 0.7886
vn -0.1189 0.8552 0.5045
vn -0.2905 0.6858 0.6673
vn -0.3851 0.5161 0.7650
vn -0.0261 0.9995 0.0178
vn -0.0996 0.9930 0.0642
vn -0.1769 0.9712 0.1597
vn -0.2103 0.9382 0.2748
vn -0.0477 0.9970 0.0616
vn -0.4917 0.8113 0.3161
vn -0.4497 0.7759 0.4423
vn -0.4290 0.8933 0.1342
vn -0.7355 0.6675 0.1161
vn -0.6703 0.6619 0.3356
vn -0.2739 0.9615 -0.0214
vn -0.6932 0.7036 -0.1566
vn -0.1930 0.9089 0.3697
vn -0.9230 0.0962 -0.3726
vn -0.9055 0.2825 -0.3165
vn -0.9890 0.1182 -0.0894
vn -0.9417 0.3364 -0.0060
vn -0.9637 0.1394 0.2279
vn -0.8808 0.3789 0.2838
vn -0.8372 0.1415 0.5283
vn -0.7563 0.3790 0.5333
vn -0.6771 0.1195 0.7261
vn -0.6211 0.3367 0.7077
vn -0.5717 0.6561 0.4926
vn -0.4893 0.6095 0.6238
vn -0.4697 0.2740 0.8392
vn -0.3829 0.7507 0.5384
vn 0.2625 0.6067 0.7503
vn 0.0809 0.2668 0.9604
vn 0.0608 0.0654 0.9960
vn -0.2579 0.2283 0.9388
vn -0.2801 0.0540 0.9585
vn 0.0510 -0.0113 0.9986
vn -0.5081 0.0835 0.8572
vn -0.6873 0.0468 0.7249
vn -0.5158 0.0174 0.8565
vn -0.8516 0.0616 0.5206
vn -0.9766 0.0568 0.2072
vn -0.9924 0.0435 -0.1151
vn -0.9215 0.0346 -0.3869
vn -0.7420 0.0284 -0.6698
vn -0.2858 -0.0102 0.9582
vn 0.0067 -1.0000 0.0022
vn 0.0124 -0.9999 0.0108
vn 0.0124 -0.9999 0.0110
vn 0.0006 -1.0000 0.0001
vn -0.0025 -1.0000 0.0008
vn -0.0079 -1.0000 0.0057
vn -0.0077 -1.0000 0.0054
vn -0.0094 -0.9999 0.0110
vn -0.0095 -0.9999 0.0108
vn -0.0012 -1.0000 0.0032
vn -0.0012 -1.0000 0.0033
vn 0.0092 -0.9996 -0.0259
vn 0.0092 -0.9996 -0.0258
vn -0.0010 -0.9977 -0.0681
vn -0.0011 -0.9977 -0.0682
vn -0.0000 0.6664 -0.7456
vn -0.4872 0.5820 -0.6511
vn -0.4793 0.7716 -0.4182
vn -0.0000 0.8792 -0.4764
vn -0.0000 0.3614 -0.9324
vn -0.4945 0.3142 -0.8104
vn -0.0000 0.8795 0.4760
vn 0.0001 0.9866 0.1632
vn -0.4744 0.8686 0.1434
vn -0.4793 0.7718 0.4178
vn -0.0000 0.0003 1.0000
vn -0.0000 0.3620 0.9322
vn -0.4945 0.3146 0.8103
vn -0.4974 0.0002 0.8675
vn -0.0000 -0.9866 -0.1629
vn -0.4745 -0.8685 -0.1434
vn -0.4794 -0.7718 -0.4178
vn -0.0000 -0.8795 -0.4760
vn -0.0000 0.6669 0.7452
vn -0.4872 0.5824 0.6507
vn -0.0000 -0.0002 -1.0000
vn -0.4974 -0.0002 -0.8675
vn -0.4744 0.8685 -0.1439
vn 0.0001 0.9865 -0.1635
vn -0.4945 -0.3141 0.8104
vn -0.0000 -0.3612 0.9325
vn -0.9933 0.0001 0.1160
vn -0.9931 -0.0422 0.1090
vn -0.9926 0.1070 0.0579
vn -0.9929 0.0795 0.0888
vn -0.4745 -0.8684 0.1439
vn -0.4794 -0.7714 0.4185
vn -0.9926 -0.1069 0.0580
vn -0.9924 -0.1216 0.0202
vn -0.9929 0.0794 -0.0888
vn -0.9926 0.1070 -0.0580
vn -0.9931 -0.0423 -0.1090
vn -0.4945 -0.3146 -0.8103
vn -0.4873 -0.5822 -0.6509
vn -0.9929 -0.0794 -0.0888
vn -0.9933 -0.0000 -0.1160
vn -0.9931 0.0423 -0.1090
vn -0.9929 -0.0794 0.0888
vn -0.4873 -0.5820 0.6511
vn -0.9924 0.1217 -0.0202
vn -0.9924 0.1217 0.0201
vn -0.0000 -0.6669 -0.7452
vn -0.0000 -0.3620 -0.9322
vn -0.0000 -0.6665 0.7455
vn -0.0000 -0.9866 0.1634
vn -0.0000 -0.8792 0.4765
vn -0.9926 -0.1070 -0.0579
vn -0.9924 -0.1216 -0.0201
vn -0.9931 0.0423 0.1090
vn 0.1141 0.0474 0.9923
vn 0.1389 0.1641 0.9766
vn 0.2364 0.3059 0.9223
vn 0.2456 0.2696 0.9311
vn 0.4918 0.3006 0.8172
vn 0.4991 0.3604 0.7880
vn 0.2881 0.3181 0.9032
vn 0.3659 0.2387 0.8995
vn 0.5787 0.1490 0.8018
vn 0.7241 0.2088 0.6573
vn 0.7774 0.3509 0.5220
vn -0.0850 0.7409 -0.6662
vn -0.1589 0.8068 -0.5690
vn -0.0114 0.8274 -0.5615
vn 0.0062 0.7478 -0.6639
vn -0.1058 0.5236 -0.8453
vn -0.0552 0.8196 -0.5702
vn -0.0781 0.8398 -0.5373
vn -0.2181 0.5811 -0.7841
vn -0.6650 -0.2830 -0.6912
vn -0.6693 -0.2609 -0.6956
vn -0.6596 -0.2874 -0.6945
vn -0.5680 -0.3194 -0.7585
vn -0.0007 -0.1047 0.9945
vn -0.0496 0.0641 0.9967
vn -0.1415 0.0077 0.9899
vn -0.0095 -0.1177 0.9930
vn 0.0102 -0.1472 0.9891
vn -0.0099 -0.1295 0.9915
vn -0.0523 0.0834 0.9951
vn 0.0182 -0.1344 0.9908
vn 0.3474 0.0592 0.9358
vn 0.2080 0.1673 0.9637
vn 0.0385 0.0652 0.9971
vn 0.0281 -0.0871 0.9958
vn 0.1796 0.1277 0.9754
vn -0.0904 -0.2694 0.9588
vn -0.0651 -0.2739 0.9595
vn -0.1172 -0.0369 0.9924
vn -0.1815 -0.1882 0.9652
vn -0.0248 0.5600 0.8281
vn -0.2847 0.4778 0.8310
vn -0.4061 0.4083 0.8175
vn -0.1680 0.4377 0.8833
vn -0.1988 -0.6756 0.7099
vn -0.1993 -0.5455 0.8141
vn -0.4138 -0.5325 0.7384
vn -0.2990 0.4022 0.8654
vn -0.4688 0.4223 0.7759
vn 0.3111 0.3404 0.8874
vn 0.4601 0.4071 0.7890
vn 0.3260 0.4630 0.8242
vn 0.2175 0.3503 0.9110
vn 0.6882 0.4795 0.5446
vn 0.4029 0.4414 0.8018
vn 0.5263 0.5882 0.6141
vn 0.6532 0.1937 0.7320
vn 0.5519 0.3059 0.7758
vn 0.4467 0.4291 0.7851
vn 0.0034 0.8723 -0.4890
vn -0.1658 -0.0934 -0.9817
vn -0.3556 -0.0902 -0.9303
vn 0.0857 0.8729 -0.4802
vn -0.0249 0.5367 -0.8434
vn 0.0001 0.7905 -0.6125
vn -0.2030 0.8203 -0.5347
vn -0.0699 0.7623 -0.6435
vn 0.0218 0.8511 -0.5246
vn -0.1716 0.8532 -0.4925
vn -0.2066 0.0505 -0.9771
vn -0.3015 0.1487 -0.9418
vn -0.0743 -0.0311 -0.9967
vn 0.0096 0.8180 -0.5751
vn -0.0066 0.0441 -0.9990
vn -0.0207 -0.9447 -0.3272
vn -0.0000 0.1130 -0.9936
vn -0.0000 -0.9416 -0.3368
vn -0.1402 -0.9607 -0.2395
vn -0.1859 -0.9667 -0.1759
vn -0.1742 -0.9713 -0.1618
vn -0.1317 -0.9549 -0.2660
vn -0.3043 0.5895 -0.7482
vn -0.1364 0.6995 -0.7015
vn -0.2389 0.6553 -0.7166
vn -0.3128 -0.9439 -0.1062
vn -0.3135 -0.9457 -0.0858
vn -0.4891 -0.8714 -0.0379
vn -0.4798 -0.8774 -0.0074
vn -0.6885 -0.0380 -0.7242
vn -0.5458 -0.8369 0.0406
vn -0.8480 -0.0150 -0.5298
vn -0.0020 0.5611 -0.8278
vn 0.0002 0.5381 -0.8429
vn -0.0300 0.5700 -0.8211
vn -0.1269 0.5737 -0.8092
vn -0.4707 0.8822 0.0091
vn -0.5207 0.8530 -0.0357
vn -0.3744 0.8754 -0.3056
vn -0.3584 0.8945 -0.2672
vn -0.0000 0.5348 -0.8450
vn -0.0000 0.8469 -0.5318
vn -0.6070 0.7887 -0.0975
vn -0.4753 0.7966 -0.3735
vn -0.3104 0.7416 -0.5947
vn -0.1475 0.6853 -0.7132
vn -0.0000 -0.9637 -0.2669
vn -0.0218 -0.9629 -0.2688
vn -0.0729 -0.9606 -0.2681
vn -0.0731 -0.9474 -0.3116
vn -0.3399 -0.9109 -0.2340
vn -0.5205 -0.8417 -0.1438
vn -0.6482 -0.7569 -0.0831
vn -0.6054 -0.7935 -0.0613
vn -0.5905 -0.8069 -0.0138
vn -0.6239 -0.7772 -0.0819
vn -0.5721 -0.8068 -0.1479
vn -0.6415 -0.7527 -0.1483
vn -0.6454 -0.4640 -0.6068
vn -0.5172 -0.5294 -0.6725
vn -0.5442 -0.6939 -0.4716
vn -0.6403 -0.6305 -0.4388
vn -0.9868 0.1376 0.0860
vn -0.9810 0.0913 0.1709
vn -0.6354 -0.7235 -0.2699
vn -0.5489 -0.7877 -0.2796
vn -0.5306 -0.8471 -0.0302
vn -0.4938 -0.8571 -0.1466
vn -0.9910 -0.0287 -0.1311
vn -0.9520 -0.0042 -0.3062
vn -0.0911 0.4558 0.8854
vn -0.2078 0.4452 0.8710
vn -0.2453 0.6645 0.7059
vn -0.1864 0.6771 0.7119
vn -0.2703 0.8870 -0.3744
vn -0.3913 0.9153 -0.0952
vn -0.1448 0.7244 -0.6740
vn -0.3876 0.6731 -0.6298
vn -0.2676 0.7153 -0.6456
vn -0.0326 0.6799 -0.7326
vn 0.1328 0.2730 0.9528
vn 0.0148 0.6221 0.7828
vn -0.0216 0.6852 0.7280
vn -0.0291 0.3292 0.9438
vn -0.2143 0.9715 -0.1018
vn -0.0922 0.9187 -0.3839
vn -0.1395 0.9857 -0.0946
vn -0.1774 0.9097 -0.3756
vn -0.2473 0.7990 -0.5481
vn -0.2924 0.9539 -0.0682
vn -0.3530 0.8791 -0.3202
vn 0.0003 0.7344 -0.6788
vn -0.0325 0.7351 -0.6772
vn 0.0746 0.5130 0.8551
vn 0.0021 0.4735 0.8808
vn -0.1193 0.4238 0.8979
vn -0.0000 0.5555 -0.8315
vn -0.0000 0.1485 0.9889
vn -0.0000 0.2447 0.9696
vn -0.0733 0.2084 0.9753
vn -0.1649 0.1143 0.9797
vn 0.0951 0.0826 0.9920
vn -0.1430 0.3466 0.9270
vn -0.4064 -0.8291 -0.3839
vn -0.6515 0.0332 -0.7579
vn -0.7792 0.0508 -0.6247
vn -0.7850 -0.0494 -0.6175
vn -0.6799 -0.0574 -0.7310
vn -0.6436 -0.1826 -0.7432
vn -0.6515 -0.2756 -0.7068
vn -0.1556 0.3456 0.9254
vn -0.3754 0.2970 0.8780
vn -0.5159 0.0963 -0.8512
vn -0.9223 -0.3637 -0.1308
vn -0.9742 -0.2079 -0.0881
vn -0.5556 0.0193 -0.8312
vn -0.4694 -0.7357 -0.4883
vn -0.4557 -0.8397 -0.2952
vn -0.9978 0.0571 0.0326
vn -0.9976 -0.0370 -0.0585
vn -0.4929 0.7349 0.4657
vn -0.5158 0.8228 0.2387
vn -0.3928 0.1012 -0.9141
vn -0.3708 -0.1323 -0.9192
vn -0.4664 0.8655 0.1829
vn -0.4888 0.7593 0.4295
vn -0.3361 0.8199 0.4634
vn -0.3040 0.9314 0.2003
vn -0.2135 0.8557 0.4714
vn -0.1780 0.9635 0.1999
vn -0.2691 0.9597 -0.0807
vn -0.2169 0.9214 -0.3226
vn -0.1713 0.8428 -0.5102
vn -0.3931 0.7721 -0.4994
vn -0.0493 0.9359 -0.3489
vn -0.0345 0.8603 -0.5086
vn -0.0079 0.9395 -0.3425
vn -0.0012 0.8685 -0.4957
vn -0.0000 0.9410 -0.3385
vn -0.0000 0.8700 -0.4930
vn -0.0000 0.7335 -0.6797
vn -0.0000 0.0765 0.9971
vn -0.0000 0.3836 0.9235
vn -0.0774 0.3700 0.9258
vn -0.0000 -0.1362 0.9907
vn -0.0659 0.5808 0.8114
vn -0.0571 0.5405 0.8394
vn -0.0703 0.3229 0.9438
vn -0.0000 0.6036 0.7973
vn -0.2038 0.4760 0.8555
vn -0.2135 0.2498 0.9444
vn -0.1942 0.1879 0.9628
vn -0.1567 -0.0469 0.9865
vn -0.0091 -0.1395 0.9902
vn 0.0212 -0.2493 0.9682
vn -0.0000 -0.2642 0.9645
vn -0.0000 -0.1604 0.9871
vn 0.0296 0.2892 0.9568
vn 0.1746 0.3040 0.9365
vn 0.1708 0.7398 0.6508
vn 0.0146 0.7757 0.6309
vn -0.0000 0.8043 0.5942
vn -0.0000 0.2852 0.9585
vn -0.0126 0.7324 0.6808
vn -0.0000 0.7465 0.6653
vn -0.0000 0.6232 0.7821
vn -0.0175 0.5992 0.8004
vn -0.0106 0.4065 0.9136
vn -0.0000 0.4252 0.9051
vn 0.1957 0.6019 0.7742
vn 0.2769 0.3965 0.8753
vn 0.2832 0.2135 0.9350
vn 0.3729 0.3686 0.8515
vn 0.3722 0.1698 0.9125
vn 0.3416 0.0641 0.9376
vn 0.1932 0.1185 0.9740
vn 0.1250 0.0754 0.9893
vn 0.2187 0.0244 0.9755
vn 0.1994 0.0175 0.9798
vn -0.0670 0.6700 0.7393
vn -0.0000 0.6446 0.7645
vn -0.0000 0.3312 0.9436
vn -0.0614 0.1898 0.9799
vn -0.0729 -0.0470 0.9962
vn -0.0113 0.1553 0.9878
vn 0.1788 0.3815 0.9069
vn 0.4049 0.3549 0.8427
vn -0.0172 0.7404 0.6719
vn -0.0579 0.5806 0.8121
vn 0.0146 0.5649 0.8250
vn -0.0021 0.7160 0.6981
vn -0.1647 -0.9545 -0.2487
vn -0.1074 -0.9715 -0.2112
vn 0.2980 0.2896 0.9096
vn -0.0414 -0.0592 0.9974
vn -0.0247 0.1791 0.9835
vn 0.0050 0.3748 0.9271
vn -0.0759 0.3839 0.9203
vn -0.0180 0.1958 0.9805
vn -0.0118 0.3887 0.9213
vn -0.0238 0.5482 0.8360
vn -0.0000 0.3892 0.9211
vn -0.0000 0.5365 0.8439
vn -0.0000 0.6824 0.7310
vn -0.0399 0.6906 0.7221
vn -0.7443 -0.3103 -0.5914
vn -0.8079 -0.4188 -0.4145
vn -0.7480 -0.3902 -0.5368
vn -0.6768 -0.3387 -0.6536
vn -0.4940 -0.3434 -0.7988
vn -0.8086 -0.2627 -0.5264
vn -0.5938 -0.5174 -0.6161
vn -0.6718 0.3045 0.6752
vn -0.8852 0.2856 0.3672
vn -0.4936 0.3797 0.7825
vn -0.4342 0.5796 0.6896
vn -0.6077 0.3587 0.7086
vn -0.3868 0.4187 0.8216
vn -0.4673 0.5947 0.6542
vn -0.6797 0.4855 0.5498
vn -0.7022 0.6217 0.3471
vn -0.4963 0.2412 0.8340
vn -0.2606 0.2557 0.9310
vn -0.2243 0.4453 0.8668
vn -0.3160 0.6480 0.6930
vn -0.2792 0.8458 0.4547
vn -0.2227 0.6839 0.6947
vn -0.2653 0.8518 0.4518
vn -0.2903 0.9401 0.1787
vn -0.2737 0.9435 0.1869
vn -0.0953 0.8816 0.4622
vn -0.1050 0.9791 0.1741
vn -0.0817 0.9900 -0.1147
vn -0.0272 0.9860 0.1645
vn -0.0174 0.9924 -0.1218
vn -0.0000 0.9874 0.1582
vn -0.0000 0.9927 -0.1207
vn -0.0000 0.7572 0.6532
vn -0.0000 0.8966 0.4428
vn -0.0374 0.8902 0.4541
vn -0.0497 0.7419 0.6687
vn -0.0686 0.7226 0.6878
vn 0.0170 0.1895 0.9817
vn -0.0489 0.2473 0.9677
vn -0.1334 0.1793 0.9747
vn -0.0427 0.2935 0.9550
vn 0.2366 0.5112 0.8262
vn 0.2036 0.5804 0.7885
vn 0.2932 0.6766 0.6755
vn 0.3370 0.6366 0.6937
vn 0.1540 0.7300 0.6659
vn 0.3208 0.5727 0.7544
vn 0.1783 0.5154 0.8382
vn 0.1796 0.3347 0.9251
vn 0.0886 0.4195 0.9034
vn 0.1303 0.2939 0.9469
vn 0.1825 0.1239 0.9754
vn 0.1545 0.0119 0.9879
vn 0.1517 0.0859 0.9847
vn 0.3396 0.5919 0.7310
vn 0.5659 0.5609 0.6043
vn -0.1174 0.2619 0.9579
vn -0.0640 0.4102 0.9098
vn 0.1236 0.4678 0.8751
vn 0.0417 0.3438 0.9381
vn -0.0958 0.1803 0.9789
vn 0.0592 0.2390 0.9692
vn 0.1787 0.2750 0.9447
vn -0.4248 -0.3867 0.8185
vn -0.2274 -0.3875 0.8934
vn -0.2013 -0.2584 0.9448
vn -0.4087 -0.2321 0.8827
vn -0.0430 -0.4067 0.9125
vn 0.0640 -0.5898 0.8050
vn 0.0264 -0.6210 0.7833
vn -0.0354 -0.4506 0.8920
vn -0.0824 -0.2699 0.9594
vn -0.0752 -0.4675 0.8808
vn -0.0164 -0.4624 0.8865
vn -0.0319 -0.2869 0.9574
vn -0.0059 -0.4683 0.8835
vn -0.0249 -0.3040 0.9523
vn -0.0311 -0.0647 0.9974
vn -0.0000 -0.3084 0.9512
vn -0.0000 -0.0637 0.9980
vn -0.0000 0.2020 0.9794
vn -0.0447 -0.7061 0.7067
vn -0.0678 -0.6268 0.7763
vn 0.0524 -0.6997 0.7125
vn -0.0480 -0.3773 -0.9249
vn -0.0323 -0.2684 -0.9628
vn -0.0538 -0.2332 -0.9709
vn -0.0903 -0.3239 -0.9418
vn -0.5415 -0.2127 -0.8133
vn -0.6851 -0.1562 -0.7115
vn -0.9132 0.1326 0.3852
vn -0.9852 -0.0551 -0.1620
vn -0.4962 0.2223 0.8393
vn -0.5452 0.2318 0.8056
vn -0.7847 0.1599 0.5989
vn -0.6706 0.2184 0.7089
vn -0.2954 0.3210 0.8998
vn -0.6180 0.2939 0.7292
vn -0.5922 0.3759 0.7127
vn -0.2813 0.4577 0.8435
vn -0.5954 -0.3675 0.7145
vn -0.4643 -0.5190 0.7177
vn -0.3865 0.1978 0.9008
vn -0.6908 0.1756 0.7014
vn -0.4082 -0.1772 0.8955
vn -0.7746 -0.1044 0.6238
vn -0.7185 -0.1611 0.6766
vn -0.3900 -0.1552 0.9077
vn -0.7442 -0.2599 0.6154
vn -0.7221 0.3504 0.5965
vn -0.6727 0.3806 0.6345
vn -0.5967 0.3749 0.7095
vn -0.6525 0.1537 0.7420
vn -0.6842 -0.1852 0.7054
vn -0.3691 0.0414 0.9285
vn -0.6785 0.7210 0.1405
vn -0.6144 0.7669 0.1852
vn -0.0228 -0.7366 0.6759
vn 0.0757 -0.7113 0.6988
vn -0.2392 -0.6802 0.6929
vn 0.0078 -0.7333 0.6798
vn 0.0042 -0.7530 0.6580
vn -0.0000 -0.7455 0.6665
vn -0.0000 -0.7334 0.6798
vn -0.0101 -0.6255 0.7801
vn 0.0058 -0.6249 0.7807
vn -0.0000 -0.6301 0.7765
vn -0.0000 -0.4783 0.8782
vn -0.1743 0.0158 -0.9846
vn -0.8396 -0.1152 -0.5309
vn -0.9341 -0.0627 -0.3515
vn -0.5843 0.3809 0.7166
vn -0.7393 0.2818 0.6116
vn -0.5554 0.3766 0.7414
vn -0.5167 0.3197 0.7943
vn -0.7526 0.3131 0.5793
vn -0.7887 0.2514 0.5610
vn -0.0000 -0.7532 0.6578
vn -0.0058 -0.7314 0.6819
vn -0.0160 -0.7167 0.6972
vn -0.5895 0.3923 0.7061
vn -0.4564 0.4234 0.7826
vn -0.4263 0.4363 0.7924
vn -0.6661 0.3872 0.6374
vn -0.5565 0.3661 0.7459
vn -0.7290 0.3182 0.6061
vn -0.6285 0.3580 0.6905
vn -0.7684 -0.0297 0.6393
vn -0.7982 0.0138 0.6022
vn -0.8104 -0.3815 0.4447
vn -0.8119 -0.3427 0.4726
vn -0.8743 -0.2689 0.4040
vn -0.8886 -0.2786 0.3644
vn -0.8710 -0.0199 0.4908
vn -0.9214 -0.0294 0.3874
vn -0.7492 -0.0656 0.6591
vn -0.8161 -0.0926 0.5705
vn -0.5636 -0.2781 0.7778
vn -0.5484 -0.3270 0.7696
vn -0.3635 -0.4650 0.8072
vn -0.3207 -0.4760 0.8189
vn -0.8028 -0.5217 -0.2886
vn -0.2378 -0.6177 0.7496
vn -0.1648 -0.5917 0.7891
vn -0.1251 -0.6638 0.7373
vn -0.0637 -0.6348 0.7700
vn -0.0389 -0.5726 0.8189
vn -0.0106 -0.6203 0.7843
vn 0.0231 -0.7082 0.7057
vn 0.0054 -0.5036 0.8639
vn 0.0010 -0.6509 0.7592
vn -0.7466 0.1933 0.6366
vn -0.7742 0.2773 0.5690
vn -0.0008 -0.7036 0.7106
vn -0.0000 -0.6847 0.7289
vn 0.0074 -0.7047 0.7095
vn 0.0143 -0.4927 0.8701
vn 0.0001 -0.4953 0.8687
vn -0.0279 -0.9807 -0.1935
vn -0.0132 -0.9971 -0.0749
vn -0.1117 -0.9098 -0.3998
vn -0.0176 -0.0537 -0.9984
vn -0.0365 -0.1396 -0.9895
vn -0.9467 -0.2625 0.1866
vn -0.8469 -0.1292 -0.5157
vn -0.9491 -0.2927 0.1165
vn -0.8706 -0.4726 0.1366
vn -0.9983 0.0498 0.0315
vn -0.9973 0.0599 -0.0425
vn -0.5516 -0.3283 -0.7668
vn -0.9896 0.0254 -0.1415
vn -0.5905 -0.2694 -0.7607
vn -0.0000 -0.2716 -0.9624
vn -0.0000 -0.9952 -0.0982
vn -0.0217 -0.9972 -0.0709
vn -0.8252 -0.1141 -0.5532
vn -0.0000 -0.3987 -0.9171
vn -0.0000 -0.4899 0.8718
vn -0.0414 -0.2685 -0.9624
vn -0.4121 -0.7696 -0.4878
vn -0.3426 0.3701 0.8635
vn -0.7556 0.4213 0.5016
vn -0.6918 0.6221 0.3666
vn -0.0099 0.7460 -0.6658
vn -0.0537 -0.9805 -0.1891
vn 0.0335 -0.9961 -0.0814
vn -0.0300 -0.9932 -0.1121
vn 0.0064 -0.9849 -0.1728
vn -0.6720 -0.2709 -0.6892
vn -0.0000 -0.9863 -0.1653
vn -0.0000 -0.9978 -0.0669
vn -0.0786 -0.9845 -0.1567
vn -0.6101 -0.2016 -0.7662
vn -0.6234 -0.1734 -0.7624
vn -0.6370 -0.1842 -0.7485
vn -0.6616 -0.2323 -0.7129
vn -0.6294 -0.1914 -0.7531
vn -0.1141 0.0474 0.9923
vn -0.2456 0.2696 0.9311
vn -0.2364 0.3059 0.9223
vn -0.1389 0.1641 0.9766
vn -0.4918 0.3006 0.8172
vn -0.3659 0.2387 0.8995
vn -0.2881 0.3181 0.9032
vn -0.4991 0.3604 0.7880
vn -0.7241 0.2088 0.6573
vn -0.5787 0.1490 0.8018
vn -0.7774 0.3509 0.5220
vn 0.0850 0.7409 -0.6662
vn -0.0063 0.7478 -0.6639
vn 0.0114 0.8274 -0.5615
vn 0.1589 0.8068 -0.5690
vn 0.1058 0.5236 -0.8453
vn 0.2181 0.5811 -0.7841
vn 0.0781 0.8398 -0.5373
vn 0.0552 0.8196 -0.5702
vn 0.6649 -0.2830 -0.6912
vn 0.5680 -0.3194 -0.7585
vn 0.6596 -0.2874 -0.6945
vn 0.6693 -0.2609 -0.6956
vn 0.0007 -0.1047 0.9945
vn 0.0095 -0.1177 0.9930
vn 0.1415 0.0077 0.9899
vn 0.0496 0.0641 0.9967
vn 0.0099 -0.1295 0.9915
vn -0.0102 -0.1472 0.9891
vn 0.0523 0.0834 0.9951
vn -0.0182 -0.1344 0.9908
vn -0.0385 0.0652 0.9971
vn -0.2080 0.1673 0.9637
vn -0.3474 0.0592 0.9358
vn -0.1796 0.1277 0.9754
vn -0.0281 -0.0871 0.9958
vn 0.0651 -0.2739 0.9595
vn 0.0904 -0.2694 0.9588
vn 0.1815 -0.1882 0.9652
vn 0.1172 -0.0369 0.9924
vn 0.0248 0.5600 0.8281
vn 0.1680 0.4377 0.8833
vn 0.4061 0.4083 0.8175
vn 0.2847 0.4778 0.8311
vn 0.1988 -0.6756 0.7099
vn 0.4138 -0.5325 0.7384
vn 0.1993 -0.5455 0.8141
vn 0.4688 0.4223 0.7759
vn 0.2990 0.4022 0.8654
vn -0.3111 0.3404 0.8874
vn -0.2175 0.3503 0.9110
vn -0.3260 0.4630 0.8242
vn -0.4601 0.4071 0.7890
vn -0.6882 0.4795 0.5446
vn -0.5263 0.5882 0.6141
vn -0.4029 0.4414 0.8018
vn -0.5519 0.3059 0.7758
vn -0.6532 0.1937 0.7320
vn -0.4467 0.4291 0.7851
vn -0.0034 0.8723 -0.4890
vn -0.0857 0.8729 -0.4802
vn 0.3556 -0.0902 -0.9303
vn 0.1658 -0.0934 -0.9817
vn 0.0249 0.5367 -0.8434
vn -0.0001 0.7905 -0.6125
vn 0.2030 0.8203 -0.5347
vn 0.1716 0.8532 -0.4925
vn -0.0218 0.8511 -0.5246
vn 0.0699 0.7623 -0.6435
vn 0.3015 0.1487 -0.9418
vn 0.2066 0.0505 -0.9771
vn 0.0743 -0.0311 -0.9967
vn 0.0066 0.0441 -0.9990
vn -0.0096 0.8180 -0.5751
vn 0.0207 -0.9447 -0.3272
vn 0.1402 -0.9607 -0.2395
vn 0.1317 -0.9549 -0.2660
vn 0.1742 -0.9713 -0.1618
vn 0.1859 -0.9667 -0.1759
vn 0.3043 0.5895 -0.7482
vn 0.2389 0.6553 -0.7166
vn 0.1364 0.6995 -0.7015
vn 0.3135 -0.9457 -0.0858
vn 0.3128 -0.9439 -0.1062
vn 0.4798 -0.8774 -0.0074
vn 0.4891 -0.8714 -0.0379
vn 0.6885 -0.0380 -0.7242
vn 0.8480 -0.0150 -0.5298
vn 0.5458 -0.8369 0.0406
vn 0.0020 0.5611 -0.8278
vn 0.0300 0.5700 -0.8211
vn -0.0002 0.5381 -0.8429
vn 0.1269 0.5737 -0.8092
vn 0.4707 0.8822 0.0091
vn 0.3584 0.8945 -0.2672
vn 0.3744 0.8754 -0.3056
vn 0.5207 0.8530 -0.0357
vn 0.6070 0.7887 -0.0975
vn 0.4753 0.7966 -0.3735
vn 0.3104 0.7416 -0.5947
vn 0.1475 0.6853 -0.7132
vn 0.0218 -0.9629 -0.2688
vn 0.0731 -0.9474 -0.3116
vn 0.0729 -0.9606 -0.2681
vn 0.5205 -0.8417 -0.1438
vn 0.3399 -0.9109 -0.2340
vn 0.6482 -0.7569 -0.0831
vn 0.6239 -0.7772 -0.0819
vn 0.5905 -0.8069 -0.0138
vn 0.6054 -0.7935 -0.0613
vn 0.5721 -0.8068 -0.1479
vn 0.6415 -0.7527 -0.1483
vn 0.6454 -0.4640 -0.6068
vn 0.6403 -0.6305 -0.4388
vn 0.5442 -0.6939 -0.4716
vn 0.5172 -0.5294 -0.6725
vn 0.9868 0.1376 0.0860
vn 0.9810 0.0913 0.1709
vn 0.6354 -0.7235 -0.2699
vn 0.5489 -0.7877 -0.2796
vn 0.5306 -0.8471 -0.0302
vn 0.4938 -0.8571 -0.1466
vn 0.9520 -0.0042 -0.3062
vn 0.9910 -0.0287 -0.1311
vn 0.0911 0.4558 0.8854
vn 0.1864 0.6771 0.7119
vn 0.2453 0.6645 0.7059
vn 0.2078 0.4452 0.8710
vn 0.2703 0.8870 -0.3744
vn 0.3913 0.9153 -0.0952
vn 0.1448 0.7244 -0.6740
vn 0.3876 0.6731 -0.6298
vn 0.0326 0.6799 -0.7326
vn 0.2676 0.7153 -0.6456
vn -0.1328 0.2730 0.9528
vn 0.0291 0.3292 0.9438
vn 0.0216 0.6852 0.7280
vn -0.0148 0.6221 0.7828
vn 0.0922 0.9187 -0.3839
vn 0.2143 0.9715 -0.1018
vn 0.1774 0.9097 -0.3756
vn 0.1395 0.9857 -0.0946
vn 0.2473 0.7990 -0.5481
vn 0.3530 0.8791 -0.3202
vn 0.2924 0.9539 -0.0682
vn -0.0003 0.7344 -0.6788
vn 0.0325 0.7351 -0.6772
vn -0.0746 0.5130 0.8551
vn 0.1193 0.4238 0.8979
vn -0.0021 0.4735 0.8808
vn 0.1649 0.1143 0.9797
vn 0.0733 0.2084 0.9753
vn -0.0951 0.0826 0.9920
vn 0.1430 0.3466 0.9270
vn 0.4064 -0.8291 -0.3839
vn 0.6515 0.0332 -0.7579
vn 0.6799 -0.0574 -0.7310
vn 0.7850 -0.0494 -0.6175
vn 0.7792 0.0508 -0.6247
vn 0.6515 -0.2756 -0.7068
vn 0.6436 -0.1826 -0.7432
vn 0.1556 0.3456 0.9254
vn 0.3754 0.2970 0.8780
vn 0.5159 0.0963 -0.8512
vn 0.5556 0.0193 -0.8312
vn 0.9742 -0.2079 -0.0881
vn 0.9223 -0.3637 -0.1308
vn 0.4557 -0.8397 -0.2952
vn 0.4694 -0.7357 -0.4883
vn 0.9976 -0.0370 -0.0585
vn 0.9978 0.0571 0.0326
vn 0.5158 0.8228 0.2387
vn 0.4929 0.7349 0.4657
vn 0.3928 0.1012 -0.9141
vn 0.3708 -0.1323 -0.9192
vn 0.4664 0.8655 0.1829
vn 0.3040 0.9314 0.2003
vn 0.3361 0.8199 0.4634
vn 0.4888 0.7593 0.4295
vn 0.1780 0.9635 0.1999
vn 0.2135 0.8557 0.4714
vn 0.2169 0.9214 -0.3226
vn 0.2691 0.9597 -0.0807
vn 0.3931 0.7721 -0.4994
vn 0.1713 0.8428 -0.5102
vn 0.0345 0.8603 -0.5086
vn 0.0493 0.9359 -0.3489
vn 0.0012 0.8685 -0.4957
vn 0.0079 0.9395 -0.3425
vn 0.0774 0.3700 0.9258
vn 0.0703 0.3229 0.9438
vn 0.0571 0.5405 0.8394
vn 0.0659 0.5808 0.8114
vn 0.2135 0.2498 0.9444
vn 0.2038 0.4760 0.8555
vn 0.1942 0.1879 0.9628
vn 0.1567 -0.0469 0.9865
vn 0.0091 -0.1395 0.9902
vn -0.0212 -0.2493 0.9682
vn -0.0296 0.2892 0.9568
vn -0.1746 0.3040 0.9365
vn -0.0146 0.7757 0.6309
vn -0.1708 0.7398 0.6508
vn 0.0126 0.7324 0.6808
vn 0.0175 0.5992 0.8004
vn 0.0106 0.4065 0.9136
vn -0.2769 0.3965 0.8753
vn -0.1957 0.6019 0.7742
vn -0.2832 0.2135 0.9350
vn -0.3722 0.1698 0.9125
vn -0.3729 0.3686 0.8515
vn -0.3416 0.0641 0.9376
vn -0.1932 0.1185 0.9740
vn -0.1994 0.0175 0.9798
vn -0.2187 0.0244 0.9755
vn -0.1250 0.0754 0.9893
vn 0.0670 0.6700 0.7393
vn 0.0614 0.1898 0.9799
vn 0.0729 -0.0470 0.9962
vn 0.0113 0.1553 0.9878
vn -0.4049 0.3549 0.8427
vn -0.1788 0.3815 0.9069
vn 0.0172 0.7404 0.6719
vn 0.0021 0.7160 0.6981
vn -0.0146 0.5649 0.8250
vn 0.0579 0.5806 0.8121
vn 0.1647 -0.9545 -0.2487
vn 0.1074 -0.9715 -0.2112
vn -0.2980 0.2896 0.9096
vn 0.0247 0.1791 0.9835
vn 0.0414 -0.0592 0.9974
vn 0.0759 0.3839 0.9203
vn -0.0050 0.3748 0.9271
vn 0.0118 0.3887 0.9213
vn 0.0180 0.1958 0.9805
vn 0.0238 0.5482 0.8360
vn 0.0399 0.6906 0.7221
vn 0.7443 -0.3103 -0.5914
vn 0.6768 -0.3387 -0.6536
vn 0.7480 -0.3902 -0.5368
vn 0.8079 -0.4188 -0.4145
vn 0.5939 -0.5174 -0.6161
vn 0.8087 -0.2627 -0.5264
vn 0.4940 -0.3434 -0.7988
vn 0.8852 0.2856 0.3672
vn 0.6718 0.3045 0.6752
vn 0.4342 0.5796 0.6896
vn 0.4936 0.3797 0.7825
vn 0.6077 0.3587 0.7086
vn 0.6797 0.4855 0.5498
vn 0.4673 0.5947 0.6542
vn 0.3868 0.4187 0.8216
vn 0.7022 0.6217 0.3471
vn 0.4963 0.2412 0.8340
vn 0.2606 0.2557 0.9310
vn 0.3160 0.6480 0.6930
vn 0.2243 0.4453 0.8668
vn 0.2792 0.8458 0.4547
vn 0.2653 0.8518 0.4518
vn 0.2227 0.6839 0.6947
vn 0.2737 0.9435 0.1869
vn 0.2903 0.9401 0.1787
vn 0.1050 0.9791 0.1741
vn 0.0953 0.8816 0.4622
vn 0.0817 0.9900 -0.1147
vn 0.0174 0.9924 -0.1218
vn 0.0272 0.9860 0.1645
vn 0.0497 0.7419 0.6687
vn 0.0374 0.8902 0.4541
vn 0.0686 0.7226 0.6878
vn -0.0170 0.1895 0.9817
vn 0.0489 0.2473 0.9677
vn 0.1334 0.1793 0.9747
vn 0.0427 0.2935 0.9550
vn -0.2366 0.5112 0.8262
vn -0.2036 0.5804 0.7885
vn -0.3370 0.6366 0.6937
vn -0.2932 0.6766 0.6755
vn -0.1540 0.7300 0.6659
vn -0.3208 0.5727 0.7544
vn -0.1783 0.5154 0.8382
vn -0.1796 0.3347 0.9251
vn -0.1303 0.2939 0.9469
vn -0.0886 0.4195 0.9034
vn -0.1825 0.1239 0.9754
vn -0.1545 0.0119 0.9879
vn -0.1517 0.0859 0.9847
vn -0.5659 0.5609 0.6042
vn -0.3396 0.5919 0.7310
vn 0.0640 0.4102 0.9098
vn 0.1174 0.2619 0.9579
vn -0.1236 0.4678 0.8751
vn -0.0417 0.3438 0.9381
vn -0.0592 0.2390 0.9692
vn 0.0958 0.1803 0.9789
vn -0.1788 0.2750 0.9447
vn 0.4248 -0.3867 0.8185
vn 0.4087 -0.2321 0.8827
vn 0.2013 -0.2584 0.9448
vn 0.2274 -0.3875 0.8934
vn 0.0430 -0.4067 0.9125
vn 0.0354 -0.4506 0.8920
vn -0.0264 -0.6210 0.7833
vn -0.0640 -0.5898 0.8050
vn 0.0824 -0.2699 0.9594
vn 0.0319 -0.2869 0.9574
vn 0.0164 -0.4624 0.8865
vn 0.0752 -0.4675 0.8808
vn 0.0249 -0.3040 0.9523
vn 0.0059 -0.4683 0.8835
vn 0.0311 -0.0647 0.9974
vn 0.0447 -0.7061 0.7067
vn -0.0524 -0.6997 0.7125
vn 0.0678 -0.6268 0.7763
vn 0.0480 -0.3773 -0.9249
vn 0.0903 -0.3239 -0.9418
vn 0.0538 -0.2332 -0.9709
vn 0.0323 -0.2684 -0.9628
vn 0.5415 -0.2127 -0.8133
vn 0.9852 -0.0551 -0.1620
vn 0.9132 0.1326 0.3852
vn 0.6851 -0.1562 -0.7115
vn 0.5452 0.2318 0.8056
vn 0.4962 0.2223 0.8393
vn 0.6706 0.2184 0.7089
vn 0.7847 0.1599 0.5989
vn 0.2954 0.3210 0.8998
vn 0.2813 0.4577 0.8435
vn 0.5922 0.3759 0.7127
vn 0.6180 0.2939 0.7292
vn 0.5954 -0.3675 0.7145
vn 0.4643 -0.5190 0.7177
vn 0.6908 0.1756 0.7014
vn 0.3865 0.1978 0.9008
vn 0.7185 -0.1611 0.6766
vn 0.7746 -0.1044 0.6238
vn 0.4082 -0.1772 0.8955
vn 0.7442 -0.2599 0.6154
vn 0.3900 -0.1552 0.9077
vn 0.7221 0.3504 0.5965
vn 0.5967 0.3749 0.7095
vn 0.6727 0.3806 0.6345
vn 0.6525 0.1537 0.7420
vn 0.3691 0.0414 0.9285
vn 0.6842 -0.1852 0.7054
vn 0.6785 0.7210 0.1405
vn 0.6144 0.7669 0.1852
vn 0.0228 -0.7366 0.6759
vn 0.2392 -0.6802 0.6929
vn -0.0757 -0.7113 0.6988
vn -0.0078 -0.7333 0.6798
vn -0.0042 -0.7530 0.6580
vn 0.0101 -0.6255 0.7801
vn -0.0058 -0.6249 0.7807
vn 0.1743 0.0158 -0.9846
vn 0.8396 -0.1152 -0.5309
vn 0.7393 0.2818 0.6116
vn 0.5843 0.3809 0.7166
vn 0.9341 -0.0627 -0.3515
vn 0.5167 0.3197 0.7943
vn 0.5554 0.3766 0.7414
vn 0.7887 0.2514 0.5610
vn 0.7526 0.3131 0.5793
vn 0.0160 -0.7167 0.6972
vn 0.0058 -0.7314 0.6819
vn 0.5895 0.3923 0.7061
vn 0.4564 0.4234 0.7826
vn 0.6661 0.3872 0.6374
vn 0.4263 0.4363 0.7924
vn 0.7290 0.3182 0.6061
vn 0.5565 0.3661 0.7459
vn 0.6285 0.3580 0.6905
vn 0.7982 0.0138 0.6022
vn 0.7684 -0.0297 0.6393
vn 0.8119 -0.3427 0.4726
vn 0.8104 -0.3815 0.4447
vn 0.8886 -0.2786 0.3644
vn 0.8743 -0.2689 0.4040
vn 0.9214 -0.0294 0.3874
vn 0.8710 -0.0199 0.4908
vn 0.8161 -0.0926 0.5705
vn 0.7492 -0.0656 0.6591
vn 0.5484 -0.3270 0.7696
vn 0.5636 -0.2781 0.7778
vn 0.3207 -0.4760 0.8189
vn 0.3635 -0.4650 0.8072
vn 0.2378 -0.6177 0.7496
vn 0.8028 -0.5217 -0.2886
vn 0.1648 -0.5917 0.7891
vn 0.0637 -0.6348 0.7700
vn 0.1251 -0.6638 0.7373
vn 0.0106 -0.6203 0.7843
vn 0.0389 -0.5726 0.8189
vn -0.0231 -0.7082 0.7057
vn -0.0010 -0.6509 0.7592
vn -0.0054 -0.5036 0.8639
vn 0.7466 0.1933 0.6366
vn 0.7742 0.2773 0.5690
vn 0.0008 -0.7036 0.7106
vn -0.0074 -0.7047 0.7095
vn -0.0001 -0.4953 0.8687
vn -0.0143 -0.4927 0.8701
vn 0.0132 -0.9971 -0.0749
vn 0.0279 -0.9807 -0.1935
vn 0.1117 -0.9098 -0.3998
vn 0.0365 -0.1396 -0.9895
vn 0.0176 -0.0537 -0.9984
vn 0.9467 -0.2625 0.1866
vn 0.8469 -0.1292 -0.5157
vn 0.8706 -0.4726 0.1366
vn 0.9491 -0.2927 0.1165
vn 0.9983 0.0498 0.0315
vn 0.9973 0.0599 -0.0425
vn 0.5516 -0.3283 -0.7668
vn 0.5905 -0.2694 -0.7607
vn 0.9896 0.0254 -0.1415
vn 0.0217 -0.9972 -0.0709
vn 0.8252 -0.1141 -0.5532
vn 0.0414 -0.2685 -0.9624
vn 0.4121 -0.7696 -0.4878
vn 0.3426 0.3701 0.8635
vn 0.6918 0.6221 0.3666
vn 0.7556 0.4213 0.5016
vn 0.0099 0.7460 -0.6658
vn 0.0537 -0.9805 -0.1891
vn -0.0335 -0.9961 -0.0814
vn -0.0064 -0.9849 -0.1728
vn 0.0300 -0.9932 -0.1121
vn 0.6720 -0.2709 -0.6892
vn 0.0786 -0.9845 -0.1567
vn 0.6101 -0.2016 -0.7662
vn 0.6234 -0.1734 -0.7624
vn 0.6616 -0.2323 -0.7129
vn 0.6370 -0.1842 -0.7485
vn 0.6294 -0.1914 -0.7531
vn 0.1264 -0.4592 -0.8793
vn 0.2219 -0.4883 -0.8440
vn 0.2709 -0.4704 -0.8398
vn 0.1381 -0.4678 -0.8730
vn 0.5956 0.3425 -0.7266
vn 0.6086 0.6010 -0.5181
vn 0.7961 -0.0096 -0.6051
vn 0.5552 -0.8113 -0.1834
vn 0.3385 -0.9403 -0.0362
vn 0.2231 -0.9363 -0.2712
vn 0.4048 -0.1530 -0.9015
vn 0.2568 -0.9661 -0.0261
vn 0.2327 -0.9722 0.0261
vn 0.4143 -0.9101 0.0071
vn 0.4144 -0.9093 -0.0377
vn 0.1886 -0.9819 -0.0148
vn 0.0399 -0.9808 -0.1907
vn 0.1289 -0.9008 -0.4146
vn 0.1320 -0.8557 -0.5003
vn 0.0910 -0.9414 -0.3247
vn 0.1039 0.2598 0.9600
vn 0.1412 0.3672 0.9194
vn 0.0310 0.3885 0.9209
vn 0.0445 0.2840 0.9578
vn -0.0527 0.8691 -0.4919
vn 0.1116 0.9522 -0.2844
vn 0.1028 0.9562 -0.2742
vn 0.5751 0.6985 -0.4259
vn 0.0296 0.9933 -0.1113
vn -0.2950 0.9553 0.0184
vn 0.0700 0.9879 -0.1385
vn 0.8344 0.4016 -0.3776
vn 0.8480 -0.3960 -0.3523
vn 0.0547 -0.9883 0.1424
vn -0.1088 -0.9927 0.0528
vn -0.0843 -0.9025 0.4223
vn 0.1297 -0.9086 0.3971
vn 0.7626 -0.6467 -0.0149
vn 0.6424 -0.7030 -0.3050
vn 0.9439 -0.3268 -0.0480
vn 0.3789 -0.9183 -0.1144
vn 0.0797 0.1984 0.9769
vn 0.1959 -0.5915 -0.7821
vn -0.0000 -0.6054 -0.7959
vn -0.0268 -0.5946 -0.8036
vn -0.0172 -0.7281 -0.6852
vn -0.0000 -0.7282 -0.6853
vn 0.0557 -0.9560 -0.2880
vn 0.3581 -0.9130 -0.1954
vn 0.1769 -0.9620 0.2082
vn 0.0792 0.8865 -0.4558
vn 0.0706 -0.9963 -0.0500
vn 0.6708 -0.7404 0.0438
vn 0.6681 -0.7437 -0.0249
vn 0.3796 -0.9240 0.0454
vn 0.4831 0.8360 -0.2601
vn 0.6306 -0.6581 -0.4114
vn 0.8531 -0.5122 -0.0996
vn 0.7842 -0.6171 0.0643
vn 0.8532 -0.5153 0.0810
vn 0.7268 -0.6702 -0.1502
vn 0.4862 -0.7480 -0.4518
vn 0.7928 -0.6019 0.0960
vn 0.5975 -0.7986 0.0731
vn 0.4726 -0.8604 -0.1908
vn 0.8021 -0.5969 0.0189
vn 0.2764 -0.9609 -0.0147
vn 0.7501 -0.6576 -0.0707
vn 0.7498 -0.6607 -0.0348
vn 0.6167 -0.7868 -0.0263
vn 0.6391 -0.7669 -0.0585
vn 0.1173 -0.9893 -0.0871
vn 0.1888 -0.9815 0.0307
vn 0.1514 -0.9859 0.0709
vn 0.0229 -0.9954 0.0934
vn 0.0254 -0.9958 0.0884
vn 0.1958 -0.9803 0.0269
vn 0.0816 -0.9609 0.2645
vn 0.1215 -0.9845 0.1263
vn 0.3322 -0.9414 0.0584
vn 0.2001 -0.9663 0.1622
vn 0.3924 -0.9181 0.0565
vn 0.0242 -0.9897 0.1414
vn -0.0000 -0.9656 0.2601
vn -0.0000 -0.9789 0.2045
vn 0.0409 -0.9712 0.2347
vn 0.0591 -0.9626 0.2644
vn -0.0000 -0.9910 0.1340
vn -0.0000 -0.9946 0.1040
vn 0.0290 -0.9955 0.0904
vn -0.0153 -0.9906 -0.1358
vn -0.0000 -0.9939 -0.1099
vn -0.0000 -0.9923 0.1237
vn 0.1383 -0.9132 0.3833
vn 0.1157 -0.9823 -0.1472
vn 0.0548 -0.9520 -0.3011
vn -0.0316 -0.9506 -0.3088
vn 0.0272 -0.8973 -0.4405
vn 0.0368 -0.8973 0.4399
vn 0.0274 -0.9209 0.3888
vn 0.1736 -0.9702 0.1689
vn 0.0578 -0.9548 -0.2917
vn 0.1864 -0.9508 -0.2476
vn 0.4094 -0.9123 -0.0101
vn 0.7655 -0.6419 -0.0453
vn 0.7523 -0.6584 -0.0231
vn 0.6029 -0.7970 -0.0367
vn 0.6467 -0.7603 -0.0613
vn 0.9569 0.2895 0.0222
vn 0.4429 0.8966 -0.0038
vn 0.8645 -0.5007 -0.0439
vn 0.9827 -0.1703 -0.0729
vn 0.9520 -0.2972 -0.0731
vn 0.2457 -0.9488 -0.1986
vn 0.0916 -0.9673 0.2367
vn 0.6300 -0.7762 -0.0238
vn 0.4162 -0.9077 -0.0540
vn 0.5500 -0.8332 0.0574
vn 0.6830 -0.7292 0.0422
vn 0.5960 -0.8016 0.0463
vn 0.5504 -0.8338 0.0429
vn 0.3967 0.7878 -0.4713
vn 0.1970 0.8390 -0.5072
vn 0.1540 0.8974 -0.4135
vn 0.4347 0.7969 -0.4194
vn 0.1935 -0.9124 0.3605
vn 0.4390 -0.8949 0.0797
vn 0.3530 -0.8939 0.2763
vn 0.7116 -0.7018 -0.0336
vn 0.7367 -0.6751 0.0376
vn 0.7248 -0.6888 0.0135
vn 0.2568 0.9664 -0.0102
vn 0.1713 -0.9735 0.1518
vn 0.9472 -0.2592 0.1886
vn 0.8881 -0.4404 0.1314
vn 0.0576 -0.9774 0.2035
vn 0.1462 -0.9711 -0.1884
vn 0.3892 0.9206 0.0312
vn 0.0932 0.9948 0.0420
vn 0.7576 0.6418 -0.1188
vn 0.3013 0.9480 -0.1028
vn -0.1672 0.9835 -0.0687
vn -0.0858 0.9954 -0.0427
vn 0.2556 -0.8695 -0.4226
vn 0.1192 -0.9002 -0.4189
vn 0.0329 0.9970 -0.0707
vn 0.0158 0.9973 -0.0715
vn 0.3398 0.9026 -0.2642
vn 0.8929 0.4337 -0.1208
vn 0.9456 0.3241 -0.0272
vn 0.9715 0.2370 -0.0030
vn 0.8361 0.5453 -0.0601
vn 0.1398 -0.0933 -0.9858
vn 0.0270 -0.0957 -0.9950
vn 0.0809 0.8447 -0.5291
vn 0.2625 -0.1788 -0.9482
vn 0.0756 -0.9970 0.0167
vn 0.0792 -0.9734 -0.2150
vn 0.0411 -0.9778 0.2055
vn -0.0000 -0.9485 -0.3166
vn -0.0390 -0.8452 -0.5330
vn -0.0000 -0.8312 -0.5560
vn -0.0000 -0.6206 -0.7842
vn -0.0392 -0.6438 -0.7642
vn -0.0000 -0.9955 0.0953
vn 0.6750 0.6853 -0.2735
vn 0.8748 -0.4830 -0.0394
vn 0.8479 -0.5297 0.0208
vn 0.0145 -0.7529 -0.6580
vn 0.0227 -0.9171 -0.3981
vn 0.0130 -0.9849 -0.1725
vn 0.2911 0.8080 -0.5123
vn 0.2628 0.8695 -0.4183
vn 0.4756 0.8794 -0.0223
vn 0.6441 0.7646 -0.0228
vn 0.4668 0.7783 -0.4199
vn 0.2260 0.9741 0.0002
vn 0.5239 0.8517 0.0094
vn 0.3757 0.9262 -0.0296
vn 0.9378 0.3472 -0.0072
vn 0.6440 0.6691 -0.3710
vn 0.7318 0.6429 -0.2261
vn 0.9250 -0.3563 0.1320
vn 0.1515 0.7883 -0.5964
vn 0.0441 -0.9988 -0.0210
vn -0.0000 -0.9391 -0.3436
vn -0.0000 -0.9973 -0.0737
vn -0.0134 -0.9933 -0.1150
vn -0.0099 -0.9316 -0.3634
vn 0.0064 -0.9282 0.3719
vn 0.0347 -0.9775 0.2083
vn 0.0165 0.8561 -0.5166
vn 0.0034 0.9298 -0.3681
vn -0.0317 -0.4718 -0.8812
vn -0.0000 -0.4792 -0.8777
vn -0.0000 -0.4596 -0.8881
vn -0.0344 -0.4733 -0.8802
vn 0.0062 0.7556 -0.6550
vn 0.4257 0.8512 0.3071
vn 0.5289 0.8341 0.1564
vn 0.7860 0.6179 0.0203
vn 0.6947 0.6857 0.2173
vn -0.0154 -0.9592 0.2823
vn 0.0120 -0.9702 0.2420
vn -0.3389 0.9396 0.0478
vn -0.3196 0.9468 0.0376
vn -0.0936 0.9952 0.0276
vn 0.3089 0.9484 -0.0717
vn 0.3957 0.8751 -0.2786
vn 0.0958 0.9683 -0.2308
vn 0.0312 0.9988 -0.0381
vn 0.4417 0.8971 0.0127
vn 0.9512 0.3073 -0.0273
vn 0.9310 0.3627 -0.0415
vn 0.9810 0.1913 -0.0321
vn 0.9805 0.1945 -0.0287
vn 0.9467 0.3219 -0.0106
vn 0.0237 0.8118 -0.5835
vn -0.0095 0.7999 -0.6000
vn 0.0105 0.8007 -0.5989
vn 0.0025 0.7601 -0.6498
vn 0.7641 -0.6202 0.1774
vn 0.7015 -0.7088 -0.0744
vn -0.0100 -0.0701 -0.9975
vn 0.0324 -0.9995 -0.0046
vn 0.1796 -0.9720 -0.1515
vn 0.0037 -0.5400 -0.8416
vn 0.0095 -0.5542 -0.8323
vn 0.0003 -0.4622 -0.8868
vn 0.1349 -0.6425 -0.7543
vn 0.0303 -0.7029 -0.7107
vn 0.3044 -0.8749 -0.3767
vn -0.0137 0.9962 0.0861
vn 0.2429 0.9677 0.0675
vn -0.1360 0.9898 0.0428
vn -0.5443 0.8371 0.0552
vn 0.5408 0.8411 -0.0065
vn 0.9701 0.2388 -0.0434
vn 0.8959 0.4429 -0.0352
vn 0.9672 0.2521 -0.0309
vn 0.7223 0.6880 -0.0704
vn 0.6788 0.7335 0.0345
vn 0.9259 0.3774 -0.0163
vn 0.8629 0.5029 0.0494
vn 0.7972 0.6021 0.0448
vn 0.8641 0.5033 0.0084
vn 0.6328 -0.6033 -0.4854
vn 0.6717 -0.5974 -0.4381
vn 0.6796 -0.5539 -0.4810
vn 0.6294 -0.5622 -0.5365
vn -0.0137 -0.9999 0.0099
vn 0.0144 -0.9999 0.0067
vn 0.2854 -0.9534 -0.0980
vn 0.5297 -0.8355 -0.1465
vn 0.5882 -0.7598 -0.2768
vn 0.5429 -0.7783 -0.3156
vn -0.0042 -0.0366 -0.9993
vn -0.0068 0.8678 -0.4969
vn -0.0256 0.9465 -0.3216
vn 0.1669 -0.6898 -0.7045
vn 0.2137 0.9549 0.2063
vn 0.6295 0.7644 0.1396
vn 0.3566 -0.6861 -0.6341
vn 0.7771 0.5020 -0.3796
vn 0.8607 0.2959 -0.4142
vn 0.7341 0.6581 -0.1671
vn 0.0065 -0.8734 -0.4870
vn 0.0157 -0.9162 -0.4005
vn -0.0000 -0.9123 -0.4096
vn -0.0000 -0.8538 -0.5205
vn -0.0000 -0.9560 0.2934
vn 0.0136 0.9694 0.2449
vn 0.5082 0.8260 0.2439
vn -0.2410 0.9671 0.0814
vn -0.1805 0.9828 0.0388
vn -0.2365 0.9716 0.0062
vn -0.5353 0.8446 -0.0131
vn -0.2721 0.9584 0.0859
vn -0.3079 0.9513 -0.0161
vn 0.6808 0.7324 0.0005
vn 0.9178 0.3966 0.0202
vn 0.5360 0.8436 -0.0333
vn 0.8588 0.5093 -0.0554
vn 0.9057 0.4219 0.0423
vn 0.7318 0.6785 0.0642
vn 0.5720 -0.6439 -0.5082
vn 0.5983 -0.6493 -0.4695
vn 0.3658 -0.8261 -0.4287
vn 0.3571 -0.8140 -0.4582
vn -0.0068 -0.8120 -0.5836
vn -0.0000 -0.7994 -0.6008
vn 0.0545 -0.8188 -0.5714
vn 0.2815 -0.7242 -0.6295
vn 0.5577 0.8198 0.1301
vn 0.5567 0.8245 -0.1010
vn 0.7911 0.6062 -0.0820
vn -0.0367 0.9860 -0.1625
vn -0.0775 0.9970 0.0060
vn 0.4064 -0.5460 -0.7327
vn 0.4209 -0.5780 -0.6992
vn 0.2006 0.9372 0.2853
vn 0.5966 0.7811 0.1843
vn -0.0397 0.9780 0.2049
vn 0.3089 0.8937 0.3253
vn 0.8504 0.4381 0.2914
vn 0.2617 0.9517 0.1602
vn 0.7812 0.5361 0.3200
vn 0.9227 0.2835 0.2611
vn 0.8497 0.4869 0.2023
vn 0.8821 0.4154 0.2219
vn 0.9475 0.2079 0.2429
vn 0.9181 0.3161 0.2390
vn -0.0598 0.9932 -0.0997
vn -0.0000 0.9540 -0.2998
vn -0.0000 0.9983 -0.0584
vn -0.0014 -0.0573 -0.9984
vn -0.0000 -0.0503 -0.9987
vn -0.0000 0.8072 -0.5903
vn -0.0000 0.7738 -0.6334
vn 0.0984 -0.9182 -0.3837
vn 0.0799 -0.8965 -0.4358
vn 0.4624 -0.6078 -0.6456
vn 0.2896 -0.7384 -0.6090
vn -0.1020 0.9887 0.1095
vn -0.1180 0.9682 0.2205
vn 0.8805 -0.3599 -0.3086
vn 0.6489 -0.5582 -0.5170
vn 0.0714 -0.8444 -0.5309
vn 0.0116 -0.8923 -0.4513
vn -0.0000 -0.9195 -0.3932
vn 0.4842 0.8232 -0.2964
vn 0.3729 0.8860 -0.2757
vn 0.7481 0.6462 -0.1509
vn -0.0502 0.9527 0.2996
vn -0.0629 0.9474 0.3138
vn 0.1765 0.9523 0.2491
vn 0.9872 0.1549 0.0370
vn 0.9591 0.1191 0.2570
vn 0.9944 0.0629 0.0851
vn 0.9580 0.1375 0.2516
vn 0.8347 0.5499 -0.0296
vn -0.1083 0.9858 0.1280
vn -0.1113 0.9595 0.2589
vn -0.0930 0.9950 0.0375
vn -0.0000 -0.9995 0.0302
vn -0.1315 0.9390 0.3177
vn -0.1393 0.9348 0.3268
vn 0.8182 0.5298 -0.2233
vn 0.7886 0.5356 -0.3020
vn 0.2680 0.9362 -0.2273
vn 0.9628 0.1248 -0.2396
vn 0.9914 0.0798 0.1038
vn 0.9717 0.0974 -0.2154
vn 0.9844 0.1339 0.1141
vn 0.9276 0.3311 -0.1732
vn 0.8762 0.3887 -0.2849
vn 0.9051 0.2531 -0.3415
vn 0.9726 0.1423 -0.1838
vn 0.5819 0.8010 -0.1404
vn -0.0396 0.9991 0.0176
vn 0.1875 0.9803 -0.0627
vn -0.0000 0.9922 0.1246
vn -0.0000 0.9656 0.2599
vn -0.0000 0.9989 0.0468
vn -0.0000 -0.9817 0.1903
vn 0.0496 -0.9316 0.3600
vn 0.0294 0.1478 0.9886
vn -0.0000 0.0726 0.9974
vn -0.0000 -0.6338 -0.7735
vn -0.0100 -0.6236 -0.7817
vn -0.0091 -0.5699 -0.8217
vn -0.0000 -0.4634 -0.8861
vn -0.0000 0.8760 -0.4823
vn -0.1279 0.9902 0.0561
vn -0.1139 0.9675 -0.2258
vn 0.0078 0.9617 -0.2740
vn 0.5882 0.8030 0.0958
vn 0.2055 -0.6224 -0.7552
vn 0.0366 -0.7022 -0.7110
vn 0.4999 -0.5560 -0.6640
vn 0.7695 -0.3365 -0.5429
vn 0.3440 -0.5403 -0.7679
vn 0.0238 0.9817 -0.1890
vn 0.0385 0.9958 -0.0829
vn 0.2831 0.9589 0.0166
vn 0.2390 0.9691 -0.0614
vn 0.4933 0.8687 -0.0454
vn 0.6988 0.6162 -0.3633
vn 0.2053 0.9778 0.0410
vn 0.8596 0.3576 -0.3651
vn 0.9354 0.3467 0.0697
vn 0.6318 0.7611 0.1468
vn 0.7039 0.7099 -0.0240
vn 0.2179 0.9470 -0.2360
vn -0.0899 0.9949 0.0461
vn -0.0827 0.9805 -0.1785
vn -0.1057 0.9369 0.3333
vn -0.0975 0.9489 0.3001
vn 0.8993 0.3870 0.2035
vn 0.8963 -0.4317 -0.1016
vn -0.0005 -0.7786 -0.6276
vn 0.0273 -0.6283 -0.7775
vn -0.0000 -0.8252 -0.5649
vn 0.3404 0.9339 -0.1096
vn 0.0545 0.9894 -0.1344
vn 0.3347 -0.5521 -0.7636
vn 0.6303 -0.6063 -0.4848
vn 0.2233 0.7363 0.6388
vn 0.3984 0.2910 0.8698
vn 0.1881 0.9761 0.1084
vn -0.2621 0.7496 0.6077
vn 0.8460 0.5144 -0.1402
vn 0.1043 -0.9173 -0.3844
vn 0.0856 -0.3327 0.9392
vn -0.0718 0.9716 -0.2255
vn -0.1247 0.9670 -0.2223
vn -0.0000 0.9466 0.3225
vn -0.0000 0.1422 0.9898
vn 0.0359 0.2083 0.9774
vn 0.0491 0.1207 0.9915
vn -0.0000 0.0800 0.9968
vn 0.2099 0.7508 0.6263
vn -0.1925 0.5073 0.8400
vn -0.2006 0.5054 0.8392
vn 0.0094 0.3614 0.9324
vn 0.0433 0.1708 0.9844
vn -0.1273 0.5034 0.8546
vn -0.2355 0.5081 0.8285
vn -0.1022 0.4314 0.8964
vn 0.2615 -0.6362 -0.7259
vn 0.5523 -0.7561 0.3511
vn 0.0072 0.9904 -0.1381
vn -0.0219 0.9936 0.1109
vn 0.2549 0.9668 0.0163
vn 0.3040 0.9301 -0.2061
vn 0.6938 0.6872 -0.2153
vn 0.6030 -0.0623 0.7953
vn 0.7580 0.4731 0.4490
vn 0.2978 0.3502 0.8881
vn 0.8694 0.4849 -0.0954
vn 0.6558 0.7400 -0.1491
vn 0.6457 0.7463 0.1616
vn -0.0793 0.9923 -0.0951
vn -0.0860 0.9856 -0.1457
vn 0.0039 0.9832 -0.1824
vn 0.0057 0.9964 -0.0841
vn -0.0000 0.9830 -0.1835
vn -0.0000 0.9725 -0.2327
vn -0.0000 0.9998 0.0213
vn 0.2381 0.8727 0.4262
vn -0.1156 0.9811 -0.1554
vn -0.0530 0.4509 0.8910
vn 0.0314 0.3523 0.9354
vn -0.0043 0.3775 0.9260
vn -0.0345 0.9716 -0.2341
vn -0.0000 0.1165 0.9932
vn 0.0560 0.1308 0.9898
vn 0.0560 0.2292 0.9718
vn -0.0000 0.2104 0.9776
vn -0.0664 0.9908 0.1175
vn -0.0000 0.9616 0.2746
vn 0.5636 0.5503 0.6161
vn 0.2035 0.6186 0.7589
vn 0.3679 0.2896 0.8836
vn 0.2394 0.2013 0.9498
vn 0.0215 0.5959 0.8028
vn 0.0084 0.8650 0.5016
vn -0.0176 0.8549 0.5184
vn -0.0072 0.9952 0.0979
vn -0.0000 0.9605 -0.2783
vn -0.0000 0.9786 -0.2058
vn 0.0773 0.1786 0.9809
vn 0.1295 0.1852 0.9741
vn 0.0006 0.8611 0.5085
vn -0.0000 0.9972 -0.0742
vn 0.0522 0.3475 0.9362
vn -0.0000 0.3299 0.9440
vn 0.0663 0.3673 0.9277
vn 0.0323 0.5708 0.8204
vn 0.0370 0.5555 0.8307
vn 0.0867 0.1628 0.9828
vn 0.0812 0.2603 0.9621
vn -0.0000 0.9953 0.0964
vn -0.0000 0.5521 0.8338
vn -0.0000 0.8719 0.4897
vn -0.1264 -0.4592 -0.8793
vn -0.1381 -0.4678 -0.8730
vn -0.2709 -0.4704 -0.8398
vn -0.2219 -0.4883 -0.8440
vn -0.5956 0.3425 -0.7266
vn -0.5552 -0.8113 -0.1834
vn -0.7961 -0.0095 -0.6051
vn -0.6086 0.6010 -0.5181
vn -0.3385 -0.9403 -0.0362
vn -0.4048 -0.1530 -0.9015
vn -0.2231 -0.9363 -0.2712
vn -0.2568 -0.9661 -0.0261
vn -0.4144 -0.9093 -0.0377
vn -0.4143 -0.9101 0.0071
vn -0.2327 -0.9722 0.0261
vn -0.1886 -0.9819 -0.0148
vn -0.0399 -0.9808 -0.1907
vn -0.0910 -0.9414 -0.3247
vn -0.1320 -0.8557 -0.5003
vn -0.1289 -0.9008 -0.4146
vn -0.1039 0.2598 0.9600
vn -0.0445 0.2840 0.9578
vn -0.0310 0.3885 0.9209
vn -0.1412 0.3672 0.9194
vn -0.1028 0.9562 -0.2742
vn -0.1116 0.9522 -0.2844
vn 0.0527 0.8691 -0.4919
vn -0.5751 0.6985 -0.4259
vn -0.0700 0.9879 -0.1385
vn 0.2950 0.9553 0.0184
vn -0.0296 0.9933 -0.1113
vn -0.8480 -0.3960 -0.3523
vn -0.8344 0.4016 -0.3776
vn -0.0547 -0.9883 0.1424
vn -0.1297 -0.9086 0.3971
vn 0.0843 -0.9025 0.4223
vn 0.1088 -0.9927 0.0528
vn -0.7626 -0.6467 -0.0149
vn -0.9439 -0.3268 -0.0480
vn -0.6424 -0.7030 -0.3050
vn -0.3789 -0.9183 -0.1144
vn -0.0797 0.1984 0.9769
vn -0.1959 -0.5915 -0.7821
vn 0.0172 -0.7281 -0.6852
vn 0.0268 -0.5946 -0.8036
vn -0.0557 -0.9560 -0.2880
vn -0.1769 -0.9620 0.2082
vn -0.3581 -0.9130 -0.1954
vn -0.0792 0.8865 -0.4558
vn -0.0706 -0.9963 -0.0500
vn -0.6708 -0.7404 0.0438
vn -0.3796 -0.9240 0.0454
vn -0.6681 -0.7437 -0.0249
vn -0.4831 0.8360 -0.2601
vn -0.6306 -0.6581 -0.4114
vn -0.8531 -0.5122 -0.0996
vn -0.8532 -0.5153 0.0810
vn -0.7842 -0.6171 0.0643
vn -0.7268 -0.6702 -0.1502
vn -0.4862 -0.7480 -0.4518
vn -0.7928 -0.6019 0.0960
vn -0.5975 -0.7986 0.0731
vn -0.4726 -0.8604 -0.1908
vn -0.8021 -0.5969 0.0189
vn -0.2764 -0.9609 -0.0147
vn -0.7501 -0.6576 -0.0707
vn -0.6391 -0.7669 -0.0585
vn -0.6167 -0.7868 -0.0263
vn -0.7498 -0.6607 -0.0348
vn -0.1173 -0.9893 -0.0871
vn -0.1888 -0.9815 0.0307
vn -0.1514 -0.9859 0.0709
vn -0.1958 -0.9803 0.0269
vn -0.0254 -0.9958 0.0884
vn -0.0229 -0.9954 0.0934
vn -0.0816 -0.9609 0.2645
vn -0.2001 -0.9663 0.1622
vn -0.3322 -0.9414 0.0584
vn -0.1215 -0.9845 0.1263
vn -0.3924 -0.9181 0.0565
vn -0.0242 -0.9897 0.1414
vn -0.0591 -0.9626 0.2644
vn -0.0409 -0.9712 0.2347
vn -0.0290 -0.9955 0.0904
vn 0.0153 -0.9906 -0.1358
vn -0.1383 -0.9132 0.3833
vn -0.1157 -0.9823 -0.1472
vn 0.0316 -0.9506 -0.3088
vn -0.0548 -0.9520 -0.3011
vn -0.0272 -0.8973 -0.4405
vn -0.1736 -0.9702 0.1689
vn -0.0274 -0.9209 0.3888
vn -0.0368 -0.8973 0.4399
vn -0.1864 -0.9508 -0.2476
vn -0.0578 -0.9548 -0.2917
vn -0.4094 -0.9123 -0.0101
vn -0.7655 -0.6419 -0.0453
vn -0.7523 -0.6584 -0.0231
vn -0.6029 -0.7970 -0.0367
vn -0.6467 -0.7603 -0.0613
vn -0.8645 -0.5007 -0.0439
vn -0.4429 0.8966 -0.0038
vn -0.9569 0.2895 0.0222
vn -0.9520 -0.2972 -0.0731
vn -0.9827 -0.1703 -0.0729
vn -0.2457 -0.9488 -0.1986
vn -0.0916 -0.9673 0.2367
vn -0.6300 -0.7762 -0.0238
vn -0.6830 -0.7292 0.0422
vn -0.5500 -0.8332 0.0574
vn -0.4162 -0.9077 -0.0540
vn -0.5960 -0.8016 0.0463
vn -0.5504 -0.8338 0.0429
vn -0.3967 0.7878 -0.4713
vn -0.4347 0.7969 -0.4194
vn -0.1540 0.8974 -0.4135
vn -0.1970 0.8390 -0.5072
vn -0.1935 -0.9124 0.3605
vn -0.4390 -0.8949 0.0797
vn -0.3530 -0.8939 0.2763
vn -0.7116 -0.7018 -0.0336
vn -0.7367 -0.6751 0.0376
vn -0.7248 -0.6888 0.0135
vn -0.2568 0.9664 -0.0102
vn -0.1713 -0.9735 0.1518
vn -0.8881 -0.4404 0.1314
vn -0.9472 -0.2592 0.1886
vn -0.0576 -0.9774 0.2035
vn -0.1462 -0.9711 -0.1884
vn -0.0932 0.9948 0.0420
vn -0.3892 0.9206 0.0312
vn -0.7576 0.6418 -0.1188
vn -0.3013 0.9480 -0.1028
vn 0.1672 0.9835 -0.0687
vn 0.0858 0.9954 -0.0427
vn -0.2556 -0.8695 -0.4226
vn -0.1192 -0.9002 -0.4189
vn -0.0329 0.9970 -0.0707
vn -0.0158 0.9973 -0.0715
vn -0.3398 0.9026 -0.2642
vn -0.8929 0.4337 -0.1208
vn -0.8361 0.5453 -0.0601
vn -0.9715 0.2370 -0.0030
vn -0.9456 0.3241 -0.0272
vn -0.1398 -0.0933 -0.9858
vn -0.2625 -0.1788 -0.9482
vn -0.0809 0.8447 -0.5291
vn -0.0270 -0.0957 -0.9950
vn -0.0756 -0.9970 0.0167
vn -0.0792 -0.9734 -0.2150
vn -0.0411 -0.9778 0.2055
vn 0.0390 -0.8452 -0.5330
vn 0.0392 -0.6438 -0.7642
vn -0.6750 0.6853 -0.2735
vn -0.8479 -0.5297 0.0208
vn -0.8748 -0.4830 -0.0394
vn -0.0145 -0.7529 -0.6580
vn -0.0130 -0.9849 -0.1725
vn -0.0227 -0.9171 -0.3981
vn -0.2628 0.8695 -0.4183
vn -0.2911 0.8080 -0.5123
vn -0.6441 0.7646 -0.0228
vn -0.4756 0.8794 -0.0223
vn -0.4668 0.7783 -0.4199
vn -0.5239 0.8517 0.0094
vn -0.2260 0.9741 0.0002
vn -0.3757 0.9263 -0.0296
vn -0.9378 0.3472 -0.0072
vn -0.6440 0.6691 -0.3710
vn -0.7318 0.6429 -0.2261
vn -0.9250 -0.3563 0.1320
vn -0.1515 0.7883 -0.5964
vn -0.0441 -0.9988 -0.0210
vn 0.0099 -0.9316 -0.3634
vn 0.0134 -0.9933 -0.1150
vn -0.0064 -0.9282 0.3719
vn -0.0347 -0.9775 0.2083
vn -0.0165 0.8561 -0.5166
vn -0.0034 0.9298 -0.3681
vn 0.0317 -0.4718 -0.8812
vn 0.0344 -0.4733 -0.8802
vn -0.0062 0.7556 -0.6550
vn -0.5289 0.8341 0.1564
vn -0.4257 0.8512 0.3071
vn -0.6947 0.6857 0.2173
vn -0.7860 0.6179 0.0203
vn -0.0120 -0.9702 0.2420
vn 0.0154 -0.9592 0.2823
vn 0.3196 0.9468 0.0376
vn 0.3389 0.9396 0.0478
vn 0.0936 0.9952 0.0276
vn -0.3089 0.9484 -0.0717
vn -0.0312 0.9988 -0.0381
vn -0.0958 0.9683 -0.2308
vn -0.3957 0.8751 -0.2786
vn -0.4417 0.8971 0.0127
vn -0.9310 0.3627 -0.0415
vn -0.9512 0.3073 -0.0273
vn -0.9810 0.1913 -0.0321
vn -0.9805 0.1945 -0.0287
vn -0.9467 0.3219 -0.0106
vn -0.0237 0.8118 -0.5835
vn 0.0095 0.7999 -0.6000
vn -0.0025 0.7601 -0.6498
vn -0.0105 0.8007 -0.5989
vn -0.7015 -0.7088 -0.0744
vn -0.7641 -0.6202 0.1774
vn 0.0100 -0.0701 -0.9975
vn -0.0324 -0.9995 -0.0046
vn -0.1796 -0.9720 -0.1515
vn -0.0037 -0.5400 -0.8416
vn -0.0003 -0.4622 -0.8868
vn -0.0095 -0.5542 -0.8323
vn -0.1349 -0.6425 -0.7543
vn -0.0303 -0.7029 -0.7107
vn -0.3044 -0.8749 -0.3767
vn -0.2429 0.9677 0.0675
vn 0.0137 0.9962 0.0861
vn 0.5443 0.8371 0.0552
vn 0.1360 0.9898 0.0428
vn -0.5408 0.8411 -0.0065
vn -0.8959 0.4429 -0.0352
vn -0.9701 0.2388 -0.0434
vn -0.9672 0.2521 -0.0309
vn -0.7223 0.6880 -0.0704
vn -0.6788 0.7335 0.0345
vn -0.9259 0.3774 -0.0163
vn -0.8641 0.5033 0.0084
vn -0.7972 0.6021 0.0448
vn -0.8629 0.5029 0.0494
vn -0.6328 -0.6033 -0.4854
vn -0.6294 -0.5622 -0.5365
vn -0.6796 -0.5539 -0.4810
vn -0.6717 -0.5974 -0.4381
vn -0.0144 -0.9999 0.0067
vn 0.0137 -0.9999 0.0099
vn -0.2854 -0.9534 -0.0980
vn -0.5429 -0.7783 -0.3156
vn -0.5882 -0.7598 -0.2768
vn -0.5297 -0.8355 -0.1465
vn 0.0042 -0.0366 -0.9993
vn 0.0256 0.9465 -0.3216
vn 0.0068 0.8678 -0.4969
vn -0.1669 -0.6898 -0.7045
vn -0.6295 0.7644 0.1396
vn -0.2137 0.9549 0.2063
vn -0.3566 -0.6861 -0.6341
vn -0.8607 0.2959 -0.4142
vn -0.7771 0.5020 -0.3796
vn -0.7341 0.6581 -0.1671
vn -0.0065 -0.8734 -0.4870
vn -0.0157 -0.9162 -0.4005
vn -0.5082 0.8260 0.2439
vn -0.0136 0.9694 0.2449
vn 0.2410 0.9671 0.0814
vn 0.1805 0.9828 0.0388
vn 0.2365 0.9716 0.0062
vn 0.5353 0.8446 -0.0131
vn 0.2721 0.9584 0.0859
vn 0.3079 0.9513 -0.0161
vn -0.6808 0.7324 0.0005
vn -0.9178 0.3966 0.0202
vn -0.5360 0.8436 -0.0333
vn -0.7318 0.6785 0.0642
vn -0.9057 0.4219 0.0423
vn -0.8588 0.5093 -0.0554
vn -0.5720 -0.6439 -0.5082
vn -0.3571 -0.8140 -0.4582
vn -0.3658 -0.8261 -0.4287
vn -0.5983 -0.6493 -0.4695
vn 0.0068 -0.8120 -0.5836
vn -0.0545 -0.8188 -0.5714
vn -0.2815 -0.7242 -0.6295
vn -0.7910 0.6062 -0.0820
vn -0.5567 0.8245 -0.1010
vn -0.5577 0.8198 0.1301
vn 0.0775 0.9970 0.0060
vn 0.0367 0.9860 -0.1625
vn -0.4064 -0.5460 -0.7327
vn -0.4209 -0.5780 -0.6992
vn -0.5966 0.7811 0.1843
vn -0.2006 0.9372 0.2853
vn 0.0397 0.9780 0.2049
vn -0.8504 0.4381 0.2914
vn -0.3089 0.8937 0.3253
vn -0.7812 0.5361 0.3200
vn -0.2617 0.9518 0.1602
vn -0.9227 0.2835 0.2611
vn -0.8497 0.4869 0.2023
vn -0.9181 0.3161 0.2390
vn -0.9475 0.2079 0.2429
vn -0.8821 0.4154 0.2219
vn 0.0598 0.9932 -0.0997
vn 0.0014 -0.0573 -0.9984
vn -0.0799 -0.8965 -0.4358
vn -0.0984 -0.9182 -0.3837
vn -0.2896 -0.7384 -0.6090
vn -0.4624 -0.6078 -0.6456
vn 0.1180 0.9682 0.2205
vn 0.1020 0.9887 0.1095
vn -0.6489 -0.5582 -0.5170
vn -0.8805 -0.3599 -0.3086
vn -0.0714 -0.8444 -0.5309
vn -0.0116 -0.8923 -0.4513
vn -0.3729 0.8860 -0.2757
vn -0.4842 0.8232 -0.2964
vn -0.7481 0.6462 -0.1509
vn 0.0502 0.9527 0.2996
vn -0.1765 0.9523 0.2491
vn 0.0629 0.9474 0.3138
vn -0.9872 0.1549 0.0370
vn -0.9944 0.0629 0.0851
vn -0.9591 0.1191 0.2570
vn -0.9580 0.1375 0.2516
vn -0.8347 0.5499 -0.0296
vn 0.1113 0.9595 0.2589
vn 0.1083 0.9858 0.1280
vn 0.0930 0.9950 0.0375
vn 0.1393 0.9348 0.3268
vn 0.1315 0.9390 0.3177
vn -0.8182 0.5298 -0.2233
vn -0.2680 0.9362 -0.2273
vn -0.7886 0.5356 -0.3020
vn -0.9628 0.1248 -0.2396
vn -0.9717 0.0974 -0.2154
vn -0.9914 0.0798 0.1038
vn -0.9844 0.1339 0.1141
vn -0.9276 0.3311 -0.1732
vn -0.9726 0.1423 -0.1838
vn -0.9051 0.2531 -0.3415
vn -0.8762 0.3887 -0.2849
vn -0.5819 0.8010 -0.1404
vn -0.1875 0.9803 -0.0627
vn 0.0396 0.9991 0.0176
vn -0.0294 0.1478 0.9886
vn -0.0496 -0.9316 0.3600
vn 0.0091 -0.5699 -0.8217
vn 0.0100 -0.6236 -0.7817
vn -0.0078 0.9617 -0.2740
vn 0.1139 0.9675 -0.2258
vn 0.1279 0.9902 0.0561
vn -0.5882 0.8030 0.0958
vn -0.0366 -0.7022 -0.7110
vn -0.2055 -0.6224 -0.7552
vn -0.4999 -0.5560 -0.6640
vn -0.3440 -0.5403 -0.7679
vn -0.7695 -0.3365 -0.5429
vn -0.0238 0.9817 -0.1890
vn -0.2390 0.9691 -0.0614
vn -0.2831 0.9589 0.0166
vn -0.0385 0.9958 -0.0829
vn -0.4933 0.8687 -0.0455
vn -0.2053 0.9778 0.0410
vn -0.6988 0.6162 -0.3633
vn -0.8596 0.3576 -0.3651
vn -0.9354 0.3467 0.0697
vn -0.7039 0.7099 -0.0240
vn -0.6318 0.7611 0.1468
vn -0.2179 0.9470 -0.2360
vn 0.0827 0.9805 -0.1785
vn 0.0899 0.9949 0.0461
vn 0.0975 0.9489 0.3001
vn 0.1057 0.9369 0.3333
vn -0.8963 -0.4317 -0.1016
vn -0.8993 0.3870 0.2035
vn 0.0005 -0.7786 -0.6276
vn -0.0273 -0.6283 -0.7775
vn -0.3404 0.9339 -0.1096
vn -0.0545 0.9894 -0.1344
vn -0.3347 -0.5521 -0.7636
vn -0.6303 -0.6063 -0.4848
vn -0.3984 0.2910 0.8698
vn -0.2233 0.7363 0.6388
vn 0.2621 0.7496 0.6077
vn -0.1881 0.9761 0.1084
vn -0.8460 0.5144 -0.1402
vn -0.0856 -0.3327 0.9391
vn -0.1043 -0.9173 -0.3844
vn 0.1247 0.9670 -0.2223
vn 0.0718 0.9716 -0.2255
vn -0.0491 0.1207 0.9915
vn -0.0359 0.2083 0.9774
vn 0.2006 0.5054 0.8392
vn 0.1925 0.5073 0.8400
vn -0.2099 0.7508 0.6263
vn -0.0094 0.3614 0.9324
vn 0.1273 0.5034 0.8546
vn -0.0433 0.1708 0.9844
vn 0.1022 0.4314 0.8964
vn 0.2355 0.5081 0.8285
vn -0.5523 -0.7561 0.3511
vn -0.2615 -0.6362 -0.7259
vn -0.0072 0.9904 -0.1381
vn -0.3040 0.9301 -0.2061
vn -0.2549 0.9668 0.0163
vn 0.0219 0.9936 0.1109
vn -0.6938 0.6872 -0.2153
vn -0.6030 -0.0623 0.7953
vn -0.7580 0.4731 0.4490
vn -0.2978 0.3502 0.8881
vn -0.8694 0.4849 -0.0954
vn -0.6558 0.7400 -0.1491
vn -0.6457 0.7463 0.1616
vn 0.0793 0.9923 -0.0951
vn -0.0057 0.9964 -0.0841
vn -0.0039 0.9832 -0.1824
vn 0.0860 0.9856 -0.1457
vn -0.2381 0.8727 0.4262
vn 0.1156 0.9811 -0.1554
vn -0.0314 0.3523 0.9354
vn 0.0530 0.4509 0.8910
vn 0.0043 0.3775 0.9260
vn 0.0345 0.9716 -0.2341
vn -0.0560 0.2292 0.9718
vn -0.0560 0.1308 0.9898
vn 0.0664 0.9908 0.1175
vn -0.5636 0.5503 0.6161
vn -0.2035 0.6186 0.7589
vn -0.3679 0.2897 0.8836
vn -0.2394 0.2013 0.9498
vn -0.0215 0.5959 0.8028
vn -0.0084 0.8650 0.5016
vn 0.0072 0.9952 0.0979
vn 0.0176 0.8549 0.5184
vn -0.0773 0.1786 0.9809
vn -0.1295 0.1852 0.9741
vn -0.0006 0.8611 0.5085
vn -0.0522 0.3475 0.9362
vn -0.0370 0.5555 0.8307
vn -0.0323 0.5708 0.8204
vn -0.0663 0.3673 0.9277
vn -0.0867 0.1628 0.9828
vn -0.0812 0.2603 0.9621
vn -0.9991 0.0121 -0.0407
vn -0.9994 0.0295 0.0204
vn -0.9978 0.0642 -0.0163
vn -0.9994 -0.0291 0.0213
vn -0.9970 -0.0096 0.0774
vn -0.9992 0.0187 0.0343
vn -0.9995 0.0082 0.0299
vn -0.9996 0.0065 0.0274
vn -0.8926 0.0773 0.4442
vn -0.8868 0.1255 0.4448
vn -0.9993 -0.0368 -0.0008
vn -0.9992 0.0408 -0.0023
vn -0.9994 0.0334 0.0097
vn -0.9992 -0.0394 0.0046
vn -0.8924 -0.4501 -0.0308
vn -0.8925 -0.4469 0.0609
vn -0.9996 -0.0077 0.0259
vn -0.9992 -0.0090 -0.0383
vn -0.9995 -0.0161 -0.0284
vn -0.9997 -0.0110 0.0220
vn -0.8912 -0.0147 -0.4533
vn -0.8938 -0.0701 -0.4429
vn -0.8398 0.1825 0.5112
vn -0.8382 -0.0447 0.5436
vn -0.9995 0.0165 0.0275
vn -0.9989 -0.0200 -0.0431
vn -0.9987 -0.0211 -0.0474
vn -0.9995 0.0184 0.0250
vn -0.8954 -0.0222 -0.4448
vn -0.9987 -0.0046 -0.0508
vn -0.9983 -0.0344 -0.0472
vn -0.8826 -0.1073 -0.4577
vn -0.9993 0.0132 0.0355
vn -0.9985 -0.0102 -0.0535
vn -0.9985 -0.0262 -0.0478
vn -0.9993 0.0005 0.0368
vn -0.8873 0.3002 0.3501
vn -0.8721 0.4584 0.1715
vn -0.9994 0.0173 0.0295
vn -0.9987 0.0020 -0.0518
vn -0.8317 0.5137 -0.2108
vn -0.8305 0.5563 -0.0294
vn -0.9990 0.0009 -0.0450
vn -0.8832 0.0091 -0.4690
vn -0.9988 -0.0194 -0.0445
vn -0.9995 0.0072 0.0315
vn -0.9994 0.0012 0.0334
vn -0.9001 0.1425 0.4116
vn -0.8979 0.1934 0.3954
vn -0.9994 0.0163 0.0301
vn -0.9986 -0.0155 -0.0503
vn -0.9983 -0.0393 -0.0424
vn -0.9991 -0.0078 -0.0426
vn -0.8922 -0.0285 -0.4507
vn -0.8940 -0.0717 -0.4422
vn -0.9990 -0.0053 -0.0444
vn -0.8878 -0.3960 0.2347
vn -0.8656 -0.2525 0.4325
vn -0.9998 0.0061 0.0207
vn -0.9989 0.0117 -0.0454
vn -0.9997 -0.0019 0.0253
vn -0.9024 0.0895 0.4215
vn -0.9997 -0.0025 0.0232
vn -0.9999 -0.0006 0.0160
vn -0.8984 0.0281 0.4382
vn -0.8994 -0.3138 -0.3044
vn -0.8862 -0.4298 -0.1728
vn -0.9993 -0.0358 -0.0126
vn -0.9995 -0.0002 -0.0310
vn -0.9036 0.1577 0.3982
vn -0.8968 0.1367 0.4208
vn -0.9999 0.0095 -0.0034
vn -0.9999 -0.0010 -0.0156
vn -0.9993 0.0375 -0.0082
vn -0.9995 0.0306 0.0104
vn -0.8895 0.0323 -0.4557
vn -0.9989 0.0021 -0.0461
vn -0.8779 -0.1589 -0.4517
vn -0.8771 -0.1803 -0.4451
vn -0.9021 0.2041 0.3801
vn -0.9041 0.1854 0.3851
vn -0.8908 0.4536 0.0259
vn -0.9168 0.3745 0.1388
vn -0.8724 0.3937 0.2896
vn -0.8736 0.4827 0.0615
vn -0.9996 -0.0232 0.0168
vn -0.9996 -0.0252 -0.0086
vn -0.9250 0.2910 0.2445
vn -0.9470 0.1462 0.2860
vn -0.9231 -0.1085 -0.3688
vn -0.8882 0.1244 -0.4424
vn -0.8646 0.3559 -0.3547
vn -0.9153 0.0621 0.3979
vn -0.8762 -0.2051 -0.4361
vn -0.8835 0.0387 -0.4668
vn -0.9999 -0.0049 0.0163
vn -0.8789 -0.1715 -0.4451
vn -0.8925 0.1218 0.4343
vn -0.8919 0.1002 0.4410
vn -0.9040 0.0094 0.4275
vn -0.9084 -0.0053 0.4181
vn -0.8740 -0.2242 -0.4311
vn -0.8868 -0.0921 -0.4528
vn -0.8795 -0.1258 -0.4590
vn -0.9084 -0.0268 0.4172
vn -0.9029 -0.0293 0.4287
vn -0.8744 -0.2083 -0.4383
vn -0.9149 0.0420 0.4015
vn -0.9119 -0.1956 -0.3607
vn -0.6133 0.3606 0.7027
vn -0.6664 0.6304 0.3982
vn -0.6349 0.0563 -0.7706
vn -0.6360 0.0565 -0.7696
vn -0.6323 -0.0302 -0.7742
vn -0.6801 0.0755 0.7292
vn -0.6732 0.0230 0.7391
vn -0.6572 0.2419 0.7138
vn -0.6689 0.2799 0.6887
vn -0.6545 -0.4612 0.5991
vn -0.5794 -0.1125 0.8073
vn -0.6744 -0.0295 -0.7377
vn -0.6926 0.1748 -0.6999
vn -0.6402 0.0138 -0.7681
vn -0.6303 -0.2925 -0.7192
vn -0.6330 -0.2517 -0.7321
vn -0.6593 -0.1201 -0.7422
vn -0.7248 0.2748 0.6318
vn -0.6972 0.5372 0.4748
vn -0.6208 -0.3615 -0.6956
vn -0.6252 -0.3306 -0.7069
vn -0.6743 0.3230 0.6641
vn -0.6668 0.3497 0.6581
vn -0.6214 -0.1504 -0.7689
vn -0.6086 -0.2665 -0.7474
vn -0.5821 0.8130 -0.0134
vn -0.6668 0.6730 0.3201
vn -0.6106 -0.3530 -0.7089
vn -0.6627 0.4577 -0.5928
vn -0.6487 0.2038 0.7333
vn -0.6527 -0.0196 -0.7574
vn -0.6360 -0.2076 -0.7432
vn -0.6487 -0.1610 -0.7438
vn -0.6754 -0.0073 0.7374
vn -0.6526 0.7492 0.1127
vn -0.6705 0.3185 0.6701
vn -0.6782 0.2168 0.7022
vn -0.6507 0.1278 0.7485
vn -0.6807 -0.1154 -0.7234
vn -0.6827 0.0509 0.7290
vn -0.6813 -0.0404 0.7309
vn -0.6800 -0.0532 0.7313
vn -0.7231 -0.1810 -0.6666
vn -0.7428 -0.2832 -0.6066
vn -0.6969 -0.5381 -0.4741
vn -0.6477 0.1626 0.7443
vn -0.6594 0.7084 0.2518
vn -0.6324 0.7741 0.0290
vn -0.6937 0.1329 0.7079
vn -0.6802 -0.7257 0.1032
vn -0.6913 -0.6416 0.3324
vn -0.6845 -0.6757 -0.2735
vn -0.7026 0.4369 0.5617
vn -0.6743 -0.7357 -0.0641
vn -0.6857 0.2335 0.6894
vn -0.6860 0.1472 0.7126
vn -0.5718 0.7317 -0.3711
vn -0.6418 -0.7644 -0.0610
vn -0.6430 -0.7587 0.1050
vn -0.9984 -0.0566 0.0052
vn -0.9989 -0.0463 -0.0062
vn -0.6331 0.1463 0.7601
vn -0.6378 0.0882 0.7651
vn -0.9992 -0.0063 -0.0394
vn -1.0000 -0.0010 0.0012
vn -0.9995 -0.0322 -0.0026
vn -0.9922 -0.1075 -0.0635
vn -0.6410 -0.7230 -0.2576
vn -0.6414 -0.7666 -0.0319
vn -0.6246 -0.5690 -0.5349
vn -0.9975 -0.0525 -0.0470
vn -0.9931 -0.0509 -0.1057
vn -0.6391 -0.3217 -0.6986
vn -0.6400 0.7656 0.0649
vn -0.6422 0.7601 -0.0992
vn -0.6455 -0.5677 -0.5110
vn -0.6484 -0.7075 -0.2812
vn -0.9954 -0.0879 -0.0394
vn -0.9972 -0.0615 -0.0432
vn -0.9964 -0.0264 -0.0805
vn -0.6388 0.5601 0.5275
vn -0.6298 0.3521 0.6923
vn -0.6326 -0.1477 -0.7602
vn -0.9998 0.0207 -0.0019
vn -0.6279 0.2159 0.7478
vn -0.9935 -0.0984 0.0569
vn -0.6477 0.6715 -0.3600
vn -1.0000 -0.0000 -0.0006
vn -0.6372 0.0239 0.7703
vn -0.6468 0.7064 0.2876
vn -0.6420 0.7660 0.0333
vn -0.6402 0.7123 0.2878
vn -0.6376 0.3563 0.6830
vn -0.6356 0.3275 0.6991
vn -0.9999 -0.0045 -0.0098
vn -1.0000 -0.0041 -0.0082
vn -0.6249 0.5682 0.5354
vn -0.6394 -0.1120 -0.7607
vn -0.6330 -0.1904 -0.7504
vn -0.9984 -0.0119 -0.0561
vn -0.9999 -0.0052 -0.0120
vn -0.6352 0.2920 0.7151
vn -0.6364 0.2509 0.7294
vn -0.9999 -0.0049 -0.0132
vn -0.6391 0.1163 0.7603
vn -0.6392 0.0176 0.7688
vn -1.0000 -0.0001 -0.0042
vn -0.6393 -0.0175 -0.7688
vn -0.9998 -0.0000 -0.0199
vn -0.6375 -0.0081 0.7704
vn -0.6374 -0.0853 -0.7658
vn -0.6392 -0.0150 0.7689
vn -0.9999 0.0003 -0.0165
vn -0.6463 -0.3383 -0.6840
vn -0.6374 -0.0568 0.7684
vn -0.9999 0.0009 -0.0111
vn -0.6393 0.0150 -0.7688
vn -0.6389 -0.0566 0.7672
vn -1.0000 0.0009 -0.0099
vn -0.6391 -0.0301 -0.7685
vn -0.6382 0.0557 -0.7679
vn -0.9999 -0.0004 0.0105
vn -0.9990 0.0012 0.0444
vn -0.9997 0.0100 0.0227
vn -0.9993 0.0108 0.0354
vn -0.6353 0.2514 0.7302
vn -0.6355 0.3418 0.6923
vn -0.9999 -0.0026 -0.0130
vn -1.0000 -0.0015 -0.0097
vn -0.6355 -0.1298 -0.7612
vn -0.6359 -0.1649 -0.7540
vn -0.6389 0.0565 -0.7672
vn -0.6381 -0.0558 0.7679
vn -0.6391 0.0310 0.7685
vn -0.6355 -0.0437 0.7709
vn -0.9998 -0.0000 0.0195
vn -0.6362 -0.2072 -0.7432
vn -0.9999 -0.0039 -0.0142
vn -0.9999 -0.0050 -0.0093
vn -0.6347 0.3625 0.6825
vn -0.6346 0.3308 0.6985
vn -0.9999 -0.0058 -0.0112
vn -0.6357 -0.2916 -0.7148
vn -0.6362 -0.3267 -0.6989
vn -0.6382 0.1431 0.7565
vn -0.9996 0.0047 0.0268
vn -0.9997 0.0051 0.0248
vn -0.6340 -0.1551 -0.7576
vn -0.6346 -0.0498 -0.7712
vn -0.9992 0.0005 0.0407
vn -0.6350 0.0535 0.7707
vn -0.6505 -0.0879 0.7544
vn -0.6488 0.3207 0.6901
vn -0.9912 0.0518 0.1215
vn -0.9918 -0.0123 0.1274
vn -0.6382 -0.1418 -0.7567
vn -0.6344 0.1555 0.7572
vn -0.6398 0.2532 0.7256
vn -0.9990 0.0137 0.0431
vn -0.6351 0.0431 -0.7712
vn -0.9991 -0.0028 -0.0413
vn -0.9948 0.0270 -0.0982
vn -0.6424 0.1829 -0.7442
vn -0.6368 -0.0382 -0.7700
vn -0.6476 -0.6736 0.3562
vn -0.6467 -0.4390 0.6237
vn -0.9938 -0.0663 0.0887
vn -0.6495 0.6334 0.4206
vn -0.6432 0.7578 0.1094
vn -0.9969 0.0783 0.0111
vn -0.9912 0.1114 0.0720
vn -0.6390 0.3445 0.6877
vn -0.9998 0.0075 0.0166
vn -0.6372 -0.1655 -0.7527
vn -0.9999 -0.0030 -0.0141
vn -0.9999 -0.0018 -0.0126
vn -0.6365 -0.1241 -0.7612
vn -0.6342 -0.3622 -0.6831
vn -0.6350 -0.3404 -0.6935
vn -0.6383 -0.3555 -0.6827
vn -0.6342 -0.3306 -0.6989
vn -0.6398 0.3221 0.6978
vn -0.9999 -0.0048 -0.0135
vn -0.6361 -0.2502 -0.7299
vn -0.6354 -0.2921 -0.7148
vn -0.9999 -0.0059 -0.0132
vn -0.6391 0.2129 0.7391
vn -0.6391 0.4599 0.6165
vn -0.9927 0.0881 0.0823
vn -0.9979 0.0188 0.0621
vn -0.9925 0.1068 0.0588
vn -0.9948 0.1015 -0.0036
vn -0.6472 -0.7616 0.0319
vn -0.6411 -0.7004 -0.3138
vn -0.6504 0.0863 -0.7547
vn -0.6465 0.4410 -0.6225
vn -0.6373 0.2084 0.7419
vn -0.9999 -0.0038 -0.0133
vn -0.6394 -0.3433 -0.6880
vn -0.6373 0.1654 0.7527
vn -0.6366 0.1239 0.7611
vn -0.6369 0.0412 0.7699
vn -0.6373 0.0567 -0.7685
vn -0.6374 -0.2083 -0.7418
vn -0.6367 -0.2506 -0.7292
vn -0.9936 0.0757 -0.0841
vn -0.6426 -0.1877 0.7428
vn -0.6455 -0.4943 0.5823
vn -0.6364 0.2504 0.7296
vn -0.6364 0.2071 0.7431
vn -0.6436 0.6834 -0.3447
vn -0.6454 0.4799 -0.5943
vn -0.9957 0.0870 -0.0328
vn -0.6430 -0.6947 0.3224
vn -0.6425 0.7028 0.3056
vn -0.6475 0.7610 -0.0411
vn -0.6429 -0.7586 -0.1061
vn -0.6498 -0.6351 -0.4177
vn -0.6379 -0.4868 -0.5967
vn -0.6391 -0.2154 -0.7384
vn -0.6360 0.1647 0.7539
vn -0.6356 0.1296 0.7611
vn -0.6357 0.2923 0.7144
vn -0.6370 -0.0238 -0.7705
vn -0.6348 -0.2496 -0.7312
vn -0.6398 -0.2510 -0.7264
vn -0.6375 0.0083 -0.7704
vn -0.6487 -0.3138 -0.6933
vt 0.847495 0.711303
vt 0.852943 0.717811
vt 0.845594 0.724161
vt 0.031400 0.736775
vt 0.030019 0.752062
vt 0.025085 0.744585
vt 0.836014 0.726146
vt 0.838692 0.739526
vt 0.812598 0.738165
vt 0.812419 0.724045
vt 0.041327 0.731483
vt 0.289287 0.734883
vt 0.287113 0.757588
vt 0.041150 0.758035
vt 0.039399 0.718647
vt 0.291374 0.722184
vt 0.511160 0.755604
vt 0.537769 0.760731
vt 0.533853 0.781899
vt 0.506405 0.776027
vt 0.504054 0.788515
vt 0.532741 0.794807
vt 0.015093 0.753549
vt 0.013425 0.741012
vt 0.302047 0.735465
vt 0.327562 0.731740
vt 0.330510 0.751724
vt 0.304249 0.755211
vt 0.402554 0.759803
vt 0.391062 0.758359
vt 0.391885 0.746379
vt 0.404309 0.747864
vt 0.760907 0.719524
vt 0.734493 0.719210
vt 0.733956 0.698317
vt 0.761389 0.699063
vt 0.849815 0.737008
vt 0.858200 0.729811
vt 0.786890 0.721461
vt 0.788164 0.700079
vt 0.863208 0.714180
vt 0.862919 0.721035
vt 0.479768 0.769729
vt 0.476584 0.782032
vt 0.708543 0.719743
vt 0.707303 0.699107
vt 0.380064 0.726191
vt 0.353722 0.728323
vt 0.352729 0.711207
vt 0.380779 0.708606
vt 0.380106 0.745494
vt 0.355953 0.747492
vt 0.838022 0.706787
vt 0.814787 0.703172
vt 0.817163 0.690331
vt 0.843120 0.695401
vt 0.017040 0.731465
vt 0.026134 0.722746
vt 0.459414 0.743584
vt 0.484932 0.750711
vt 0.453657 0.762553
vt 0.395274 0.709015
vt 0.409916 0.710703
vt 0.407446 0.727570
vt 0.393489 0.726059
vt 0.609455 0.785033
vt 0.601695 0.773408
vt 0.634154 0.754592
vt 0.643023 0.764739
vt 0.735016 0.735313
vt 0.709591 0.736481
vt 0.574620 0.764300
vt 0.594183 0.755940
vt 0.576534 0.781575
vt 0.620244 0.739273
vt 0.639666 0.711691
vt 0.659440 0.724833
vt 0.427852 0.754122
vt 0.425724 0.766381
vt 0.706374 0.686572
vt 0.733740 0.685513
vt 0.300507 0.719334
vt 0.325884 0.715849
vt 0.611351 0.728390
vt 0.629976 0.703674
vt 0.023861 0.764521
vt 0.284937 0.769527
vt 0.038303 0.770277
vt 0.682108 0.722145
vt 0.683801 0.738824
vt 0.556168 0.762273
vt 0.555188 0.781489
vt 0.589427 0.741616
vt 0.570436 0.747636
vt 0.554336 0.795269
vt 0.853578 0.699731
vt 0.860715 0.707272
vt 0.554235 0.746324
vt 0.678429 0.689052
vt 0.679608 0.701758
vt 0.450442 0.774492
vt 0.434427 0.735298
vt 0.379821 0.757677
vt 0.786376 0.736382
vt 0.760689 0.735224
vt 0.489213 0.734241
vt 0.514315 0.739647
vt 0.331581 0.764175
vt 0.305306 0.767567
vt 0.761719 0.685748
vt 0.789322 0.687149
vt 0.463934 0.726795
vt 0.437634 0.718026
vt 0.356366 0.760013
vt 0.669915 0.732909
vt 0.538452 0.744903
vt 0.575851 0.795801
vt 0.020855 0.770533
vt 0.010555 0.757615
vt 0.448966 0.780230
vt 0.424853 0.772295
vt 0.401827 0.765719
vt 0.515507 0.733228
vt 0.538501 0.738238
vt 0.735230 0.742124
vt 0.710017 0.743259
vt 0.007928 0.739546
vt 0.013316 0.725908
vt 0.845904 0.689866
vt 0.856531 0.694375
vt 0.475071 0.787932
vt 0.705926 0.680444
vt 0.733630 0.679218
vt 0.818443 0.684343
vt 0.568520 0.740731
vt 0.587331 0.734946
vt 0.332011 0.770078
vt 0.305907 0.773620
vt 0.325221 0.709208
vt 0.352419 0.704494
vt 0.390696 0.764211
vt 0.379600 0.763807
vt 0.867519 0.722677
vt 0.861924 0.734732
vt 0.356466 0.766151
vt 0.864317 0.702290
vt 0.760646 0.742053
vt 0.503012 0.794545
vt 0.761909 0.679342
vt 0.789920 0.680961
vt 0.490882 0.727614
vt 0.036865 0.776093
vt 0.684348 0.745528
vt 0.299841 0.712900
vt 0.677942 0.682822
vt 0.840309 0.745768
vt 0.812915 0.744572
vt 0.532474 0.800942
vt 0.410868 0.704089
vt 0.438668 0.711374
vt 0.465628 0.720282
vt 0.575346 0.801588
vt 0.553962 0.801535
vt 0.613102 0.790389
vt 0.786238 0.742927
vt 0.607153 0.723051
vt 0.625601 0.699384
vt 0.553351 0.739636
vt 0.023681 0.716256
vt 0.038501 0.712488
vt 0.647170 0.769570
vt 0.851920 0.742931
vt 0.674600 0.737101
vt 0.381136 0.701857
vt 0.396022 0.702305
vt 0.867811 0.711982
vt 0.283803 0.775228
vt 0.292416 0.716298
vt 0.292729 0.707414
vt 0.292575 0.711859
vt 0.037966 0.708539
vt 0.037304 0.704506
vt 0.553720 0.733277
vt 0.553538 0.736449
vt 0.539085 0.735127
vt 0.539668 0.732025
vt 0.622949 0.697579
vt 0.604739 0.720876
vt 0.568176 0.737499
vt 0.586023 0.731967
vt 0.615665 0.795917
vt 0.614359 0.793163
vt 0.649211 0.771815
vt 0.651272 0.774077
vt 0.575871 0.804676
vt 0.554098 0.804572
vt 0.021999 0.713144
vt 0.516213 0.730168
vt 0.516916 0.727109
vt 0.620295 0.695768
vt 0.602339 0.718706
vt 0.332432 0.773164
vt 0.306241 0.776703
vt 0.584729 0.729012
vt 0.531512 0.806972
vt 0.531995 0.803944
vt 0.554141 0.807636
vt 0.705761 0.677281
vt 0.733597 0.676056
vt 0.502329 0.797545
vt 0.501648 0.800548
vt 0.491688 0.724591
vt 0.492492 0.721570
vt 0.474278 0.790919
vt 0.576342 0.807680
vt 0.466532 0.717301
vt 0.467434 0.714321
vt 0.473485 0.793911
vt 0.448062 0.783208
vt 0.400593 0.771923
vt 0.401209 0.768829
vt 0.423888 0.775287
vt 0.422930 0.778276
vt 0.351922 0.701479
vt 0.351427 0.698456
vt 0.380806 0.695768
vt 0.380971 0.698818
vt 0.786116 0.746102
vt 0.812777 0.747685
vt 0.447161 0.786188
vt 0.439613 0.708444
vt 0.440556 0.705508
vt 0.760600 0.745251
vt 0.324780 0.706169
vt 0.299503 0.709843
vt 0.299166 0.706786
vt 0.324339 0.703129
vt 0.705598 0.674114
vt 0.677665 0.679656
vt 0.677388 0.676489
vt 0.390473 0.767372
vt 0.396234 0.699270
vt 0.411313 0.701076
vt 0.411759 0.698048
vt 0.001025 0.738703
vt 0.004536 0.739124
vt 0.007467 0.759063
vt 0.004281 0.760549
vt 0.390249 0.770510
vt 0.396447 0.696221
vt 0.379764 0.766957
vt 0.846899 0.686970
vt 0.847915 0.684028
vt 0.859872 0.689259
vt 0.858176 0.691850
vt 0.020230 0.709928
vt 0.010410 0.723975
vt 0.007386 0.721986
vt 0.016643 0.776183
vt 0.018794 0.773317
vt 0.036264 0.779939
vt 0.035554 0.783861
vt 0.356962 0.769251
vt 0.790453 0.674705
vt 0.819367 0.678196
vt 0.818900 0.681277
vt 0.790186 0.677838
vt 0.332853 0.776253
vt 0.306575 0.779787
vt 0.567830 0.734301
vt 0.735283 0.745333
vt 0.710183 0.746466
vt 0.840858 0.751905
vt 0.840580 0.748808
vt 0.852929 0.745784
vt 0.853969 0.748719
vt 0.864410 0.736509
vt 0.870495 0.723269
vt 0.762019 0.676191
vt 0.357454 0.772346
vt 0.684621 0.748716
vt 0.762130 0.673035
vt 0.733566 0.672887
vt 0.866779 0.700521
vt 0.735339 0.748541
vt 0.760558 0.748451
vt 0.873784 0.710374
vt 0.870748 0.711194
vt 0.869316 0.698694
vt 0.873574 0.723877
vt 0.866979 0.738338
vt 0.283712 0.779542
vt 0.812653 0.750813
vt 0.786000 0.749280
vt 0.710351 0.749673
vt 0.684894 0.751905
vt 0.379924 0.770092
vt 0.283620 0.783861
vt 0.677102 0.738828
vt 0.679609 0.740554
vt 0.320039 0.306444
vt 0.322452 0.306410
vt 0.323676 0.412864
vt 0.321421 0.412472
vt 0.310305 0.306612
vt 0.312697 0.306567
vt 0.314976 0.412786
vt 0.312653 0.413343
vt 0.324833 0.306377
vt 0.326134 0.413394
vt 0.323196 0.416324
vt 0.321086 0.416215
vt 0.321733 0.425989
vt 0.324091 0.425741
vt 0.324281 0.489757
vt 0.321516 0.490244
vt 0.308831 0.504598
vt 0.307805 0.502600
vt 0.309722 0.501727
vt 0.310768 0.503544
vt 0.315494 0.416339
vt 0.313168 0.416542
vt 0.315127 0.306523
vt 0.317146 0.412430
vt 0.311617 0.500773
vt 0.312576 0.502332
vt 0.319461 0.426157
vt 0.319360 0.423338
vt 0.321279 0.423201
vt 0.318484 0.498646
vt 0.320942 0.499268
vt 0.320414 0.500538
vt 0.318379 0.499944
vt 0.323061 0.500285
vt 0.322188 0.501662
vt 0.325738 0.416518
vt 0.310415 0.416770
vt 0.310135 0.413888
vt 0.324951 0.501363
vt 0.323856 0.502947
vt 0.325576 0.504188
vt 0.326774 0.502395
vt 0.308388 0.497760
vt 0.310438 0.497271
vt 0.315629 0.419690
vt 0.313370 0.419629
vt 0.312268 0.425672
vt 0.309572 0.425242
vt 0.310148 0.422240
vt 0.312951 0.422802
vt 0.313631 0.499763
vt 0.314342 0.501109
vt 0.319275 0.419693
vt 0.321066 0.419649
vt 0.328653 0.416703
vt 0.328800 0.413765
vt 0.316258 0.500174
vt 0.315923 0.498912
vt 0.326843 0.489405
vt 0.326638 0.425467
vt 0.329416 0.425250
vt 0.329280 0.489290
vt 0.312720 0.496793
vt 0.309989 0.493549
vt 0.312533 0.493525
vt 0.310372 0.489478
vt 0.307953 0.489154
vt 0.324208 0.497109
vt 0.326372 0.497663
vt 0.328454 0.498248
vt 0.306265 0.498293
vt 0.305545 0.493799
vt 0.307717 0.493643
vt 0.321774 0.493563
vt 0.318653 0.493603
vt 0.318586 0.490559
vt 0.323431 0.422893
vt 0.312909 0.489957
vt 0.315656 0.490416
vt 0.315478 0.493566
vt 0.329234 0.493907
vt 0.327026 0.493719
vt 0.315474 0.496394
vt 0.318621 0.496303
vt 0.321656 0.496599
vt 0.315380 0.423195
vt 0.319247 0.416193
vt 0.319273 0.412320
vt 0.323065 0.419581
vt 0.325560 0.419479
vt 0.325983 0.422442
vt 0.317466 0.423362
vt 0.317506 0.419706
vt 0.324585 0.493594
vt 0.305517 0.489018
vt 0.317463 0.416224
vt 0.307478 0.414097
vt 0.307529 0.416858
vt 0.328942 0.421980
vt 0.306830 0.424829
vt 0.307222 0.421824
vt 0.314806 0.425996
vt 0.317180 0.426155
vt 0.310554 0.419501
vt 0.328576 0.419330
vt 0.307491 0.419327
vt 0.305517 0.306701
vt 0.307936 0.306656
vt 0.317589 0.306481
vt 0.327252 0.306343
vt 0.372877 0.159501
vt 0.372877 0.043012
vt 0.374913 0.043012
vt 0.374913 0.159501
vt 0.376949 0.043012
vt 0.378985 0.043012
vt 0.378985 0.159501
vt 0.376949 0.159501
vt 0.370841 0.159501
vt 0.370841 0.043012
vt 0.383057 0.043012
vt 0.385093 0.043012
vt 0.385093 0.159501
vt 0.383057 0.159501
vt 0.387129 0.043012
vt 0.387129 0.159501
vt 0.381021 0.043012
vt 0.381021 0.159501
vt 0.368805 0.043012
vt 0.368805 0.159501
vt 0.642673 0.650483
vt 0.642304 0.655915
vt 0.626491 0.654828
vt 0.626628 0.649970
vt 0.129751 0.003056
vt 0.134349 0.003070
vt 0.134349 0.026475
vt 0.129787 0.026489
vt 0.667870 0.654567
vt 0.666973 0.659719
vt 0.650675 0.656905
vt 0.651549 0.650614
vt 0.642300 0.656076
vt 0.650658 0.657057
vt 0.650613 0.680133
vt 0.650443 0.661236
vt 0.666422 0.664097
vt 0.666329 0.677104
vt 0.642833 0.685527
vt 0.642848 0.685751
vt 0.627701 0.687626
vt 0.627733 0.687558
vt 0.708200 0.781185
vt 0.688874 0.781373
vt 0.686965 0.773077
vt 0.709948 0.772852
vt 0.627532 0.659267
vt 0.642285 0.660084
vt 0.642665 0.681582
vt 0.628427 0.683248
vt 0.219353 0.242576
vt 0.219467 0.230437
vt 0.219467 0.230437
vt 0.219467 0.242566
vt 0.129377 0.003062
vt 0.129751 0.003056
vt 0.129378 0.026483
vt 0.643434 0.690981
vt 0.650940 0.684473
vt 0.651992 0.690564
vt 0.704843 0.796922
vt 0.692539 0.797041
vt 0.688874 0.781373
vt 0.214481 0.242283
vt 0.214590 0.230638
vt 0.219353 0.242576
vt 0.642285 0.660084
vt 0.650443 0.661236
vt 0.643434 0.690981
vt 0.628075 0.692318
vt 0.627701 0.687626
vt 0.626491 0.654828
vt 0.642300 0.656076
vt 0.626545 0.654929
vt 0.650658 0.657057
vt 0.666973 0.659719
vt 0.666943 0.659859
vt 0.709949 0.757342
vt 0.686965 0.773077
vt 0.686660 0.757569
vt 0.650911 0.684255
vt 0.666884 0.681295
vt 0.667883 0.686310
vt 0.651992 0.690564
vt 0.666882 0.681288
vt 0.666756 0.679171
vt 0.668901 0.680737
vt 0.624448 0.655087
vt 0.627462 0.657129
vt 0.626583 0.647790
vt 0.624339 0.649887
vt 0.668705 0.688281
vt 0.669953 0.685868
vt 0.626412 0.683515
vt 0.627478 0.685518
vt 0.709986 0.755297
vt 0.712059 0.757487
vt 0.669992 0.654966
vt 0.668659 0.652531
vt 0.666900 0.662027
vt 0.669001 0.660410
vt 0.625454 0.659121
vt 0.686582 0.755491
vt 0.709986 0.755262
vt 0.624247 0.654671
vt 0.625881 0.692518
vt 0.625550 0.687902
vt 0.642817 0.648354
vt 0.643664 0.693031
vt 0.628136 0.694412
vt 0.704535 0.799004
vt 0.692890 0.799117
vt 0.643298 0.648362
vt 0.651843 0.648491
vt 0.652347 0.692620
vt 0.644126 0.693009
vt 0.668961 0.680991
vt 0.652803 0.692499
vt 0.652312 0.648604
vt 0.669027 0.660295
vt 0.624264 0.654707
vt 0.666884 0.681295
vt 0.668557 0.664280
vt 0.668440 0.676873
vt 0.625561 0.687864
vt 0.625705 0.687521
vt 0.669094 0.659973
vt 0.785710 0.253904
vt 0.785377 0.382490
vt 0.765250 0.382429
vt 0.765680 0.253844
vt 0.297225 0.001090
vt 0.297163 0.039425
vt 0.271073 0.039380
vt 0.271142 0.001044
vt 0.870409 0.159726
vt 0.998996 0.159789
vt 0.998987 0.182670
vt 0.870401 0.182637
vt 0.820839 0.253942
vt 0.820839 0.382528
vt 0.803194 0.382520
vt 0.803439 0.253934
vt 0.870401 0.203234
vt 0.998987 0.203199
vt 0.998998 0.225562
vt 0.870411 0.225629
vt 0.453546 0.939770
vt 0.453567 0.811183
vt 0.481610 0.811183
vt 0.481558 0.939770
vt 0.913101 0.342974
vt 0.874766 0.342961
vt 0.874765 0.327391
vt 0.913100 0.327388
vt 0.346301 0.001159
vt 0.346252 0.039494
vt 0.321860 0.039463
vt 0.321915 0.001127
vt 0.870400 0.001177
vt 0.998987 0.000979
vt 0.999023 0.046783
vt 0.870437 0.046801
vt 0.870432 0.106874
vt 0.999019 0.106904
vt 0.999009 0.134418
vt 0.870422 0.134369
vt 0.517009 0.653664
vt 0.517030 0.691999
vt 0.256400 0.692269
vt 0.256363 0.653934
vt 0.567410 0.939807
vt 0.567370 0.978143
vt 0.538235 0.978124
vt 0.538274 0.939745
vt 0.998986 0.192972
vt 0.870400 0.192973
vt 0.772864 0.605718
vt 0.773160 0.477131
vt 0.815738 0.477257
vt 0.815249 0.605843
vt 0.832101 0.046806
vt 0.832097 0.106865
vt 0.416863 0.606059
vt 0.416703 0.477256
vt 0.684644 0.477058
vt 0.684728 0.605644
vt 0.509465 0.939775
vt 0.509441 0.978111
vt 0.481542 0.978105
vt 0.311383 0.966514
vt 0.311238 0.837928
vt 0.324718 0.837916
vt 0.324718 0.966503
vt 0.509548 0.811188
vt 0.538405 0.811014
vt 0.870426 0.250435
vt 0.832091 0.250450
vt 0.832076 0.225649
vt 0.729665 0.605646
vt 0.729633 0.643982
vt 0.684752 0.643980
vt 0.426178 0.939777
vt 0.426166 0.811190
vt 0.729768 0.477059
vt 0.734677 0.253693
vt 0.733921 0.382277
vt 0.719015 0.382179
vt 0.719890 0.253379
vt 0.398581 0.939790
vt 0.398535 0.811203
vt 0.372094 0.939807
vt 0.372012 0.811221
vt 0.913089 0.373053
vt 0.874753 0.373027
vt 0.749297 0.382361
vt 0.749920 0.253776
vt 0.229673 0.000977
vt 0.229650 0.039312
vt 0.212906 0.039315
vt 0.212885 0.000980
vt 0.913042 0.475094
vt 0.874707 0.475088
vt 0.874713 0.452111
vt 0.913048 0.452123
vt 0.228056 0.692290
vt 0.228052 0.653954
vt 0.874707 0.253924
vt 0.913042 0.253892
vt 0.913072 0.281615
vt 0.874736 0.281651
vt 0.572061 0.692068
vt 0.572168 0.653733
vt 0.587928 0.653791
vt 0.587764 0.692126
vt 0.913069 0.401353
vt 0.874734 0.401331
vt 0.398594 0.978126
vt 0.372118 0.978143
vt 0.426182 0.978113
vt 0.602967 0.692201
vt 0.603171 0.653866
vt 0.617959 0.654172
vt 0.617721 0.692290
vt 0.832074 0.159707
vt 0.832087 0.134354
vt 0.772775 0.644054
vt 0.832065 0.192973
vt 0.832066 0.203244
vt 0.453540 0.978106
vt 0.999013 0.250387
vt 0.157889 0.039481
vt 0.157696 0.001146
vt 0.171031 0.001083
vt 0.171181 0.039418
vt 0.416910 0.644178
vt 0.815103 0.644178
vt 0.832065 0.182628
vt 0.567545 0.811221
vt 0.197010 0.039339
vt 0.196924 0.001004
vt 0.242972 0.039326
vt 0.243033 0.000991
vt 0.832065 0.001236
vt 0.370406 0.039520
vt 0.370448 0.001184
vt 0.395135 0.001205
vt 0.395100 0.039540
vt 0.191209 0.692261
vt 0.191272 0.653926
vt 0.208343 0.653945
vt 0.208313 0.692280
vt 0.874710 0.502771
vt 0.913045 0.502744
vt 0.183565 0.039374
vt 0.183448 0.001039
vt 0.420701 0.001221
vt 0.420674 0.039556
vt 0.913055 0.427291
vt 0.874720 0.427274
vt 0.534409 0.653662
vt 0.534357 0.691998
vt 0.913095 0.311552
vt 0.874760 0.311572
vt 0.552059 0.692019
vt 0.552138 0.653683
vt 0.144981 0.039556
vt 0.144752 0.001222
vt 0.298439 0.966539
vt 0.298171 0.837953
vt 0.012277 0.960582
vt 0.012122 0.957515
vt 0.022084 0.957269
vt 0.022137 0.959891
vt 0.013527 0.969449
vt 0.012964 0.966444
vt 0.022587 0.964937
vt 0.022993 0.967562
vt 0.012556 0.963513
vt 0.022326 0.962409
vt 0.012106 0.954421
vt 0.022127 0.954627
vt 0.012226 0.951414
vt 0.022305 0.952060
vt 0.159013 0.837165
vt 0.156062 0.968523
vt 0.153653 0.968469
vt 0.156604 0.837111
vt 0.023673 0.946835
vt 0.023386 0.949545
vt 0.022548 0.949453
vt 0.022893 0.946707
vt 0.177938 0.968969
vt 0.175472 0.968923
vt 0.177938 0.837555
vt 0.163379 0.968683
vt 0.160913 0.968630
vt 0.163742 0.837269
vt 0.173087 0.968878
vt 0.173260 0.837465
vt 0.012481 0.948368
vt 0.013448 0.942215
vt 0.014094 0.939255
vt 0.024111 0.941710
vt 0.023412 0.944201
vt 0.015731 0.977696
vt 0.014936 0.975019
vt 0.024173 0.972313
vt 0.025341 0.974841
vt 0.168173 0.968782
vt 0.165764 0.968732
vt 0.168472 0.837369
vt 0.014887 0.936188
vt 0.025309 0.939062
vt 0.024186 0.969771
vt 0.024900 0.972039
vt 0.023502 0.969944
vt 0.022951 0.959850
vt 0.022827 0.957268
vt 0.022953 0.954665
vt 0.151149 0.968413
vt 0.154100 0.837055
vt 0.025974 0.939571
vt 0.024873 0.941993
vt 0.025974 0.974348
vt 0.023060 0.962344
vt 0.023394 0.964833
vt 0.024131 0.944379
vt 0.023735 0.967428
vt 0.023058 0.952122
vt 0.012921 0.945212
vt 0.014184 0.972270
vt 0.246665 0.102802
vt 0.249623 0.102056
vt 0.249676 0.104065
vt 0.247558 0.104559
vt 0.256299 0.107221
vt 0.254312 0.107689
vt 0.253378 0.105763
vt 0.254918 0.104489
vt 0.249680 0.115546
vt 0.246797 0.114901
vt 0.247670 0.113107
vt 0.249689 0.113576
vt 0.243204 0.110352
vt 0.243175 0.107342
vt 0.245102 0.107756
vt 0.245164 0.109888
vt 0.251800 0.113065
vt 0.252660 0.114885
vt 0.256299 0.110298
vt 0.255038 0.113010
vt 0.253437 0.111746
vt 0.254337 0.109855
vt 0.251727 0.104496
vt 0.252579 0.102653
vt 0.244527 0.113054
vt 0.246063 0.111821
vt 0.245962 0.105884
vt 0.244377 0.104672
vt 0.170678 0.968831
vt 0.148740 0.968359
vt 0.149421 0.836948
vt 0.146355 0.968303
vt 0.143889 0.968245
vt 0.158448 0.968577
vt 0.144617 0.836833
vt 0.093962 0.976654
vt 0.093962 0.926626
vt 0.139025 0.926626
vt 0.139025 0.976654
vt 0.093962 0.862083
vt 0.093962 0.852168
vt 0.139025 0.852168
vt 0.139025 0.862083
vt 0.093962 0.847451
vt 0.139025 0.847451
vt 0.065018 0.799440
vt 0.065028 0.807735
vt 0.019965 0.807952
vt 0.019954 0.799266
vt 0.093962 0.872428
vt 0.139025 0.872428
vt 0.241258 0.917136
vt 0.293446 0.917136
vt 0.293450 0.967163
vt 0.241257 0.967167
vt 0.194147 0.097157
vt 0.192687 0.044952
vt 0.237706 0.044322
vt 0.237706 0.096548
vt 0.064778 0.881147
vt 0.064568 0.931178
vt 0.021024 0.931284
vt 0.020570 0.881255
vt 0.065028 0.807734
vt 0.065050 0.816778
vt 0.019987 0.816888
vt 0.234325 0.844792
vt 0.235020 0.853165
vt 0.235019 0.917478
vt 0.182831 0.917478
vt 0.199758 0.866457
vt 0.202888 0.856649
vt 0.206631 0.847782
vt 0.209461 0.844600
vt 0.218237 0.839643
vt 0.229198 0.839205
vt 0.093962 0.926626
vt 0.139025 0.872428
vt 0.182831 0.917478
vt 0.235019 0.917478
vt 0.235020 0.967509
vt 0.182827 0.967505
vt 0.093962 0.836807
vt 0.139025 0.836807
vt 0.064778 0.881147
vt 0.020570 0.881255
vt 0.019987 0.816888
vt 0.247020 0.839122
vt 0.258055 0.839309
vt 0.266816 0.844259
vt 0.269646 0.847441
vt 0.273389 0.856308
vt 0.276519 0.866115
vt 0.241257 0.852834
vt 0.242087 0.844366
vt 0.241238 0.968550
vt 0.239875 0.967176
vt 0.092599 0.976654
vt 0.093982 0.978036
vt 0.019641 0.931287
vt 0.021017 0.932666
vt 0.239089 0.044337
vt 0.237706 0.042940
vt 0.018573 0.798620
vt 0.018603 0.787651
vt 0.019987 0.787320
vt 0.019954 0.799266
vt 0.066432 0.787798
vt 0.066402 0.798834
vt 0.065050 0.787443
vt 0.018582 0.807485
vt 0.018573 0.799902
vt 0.066401 0.800057
vt 0.066410 0.807256
vt 0.018604 0.816834
vt 0.018584 0.808432
vt 0.239089 0.096529
vt 0.293464 0.968546
vt 0.139005 0.978036
vt 0.140408 0.926626
vt 0.140408 0.976654
vt 0.092579 0.926181
vt 0.092579 0.872428
vt 0.140408 0.862146
vt 0.140408 0.872428
vt 0.092579 0.862146
vt 0.140408 0.852396
vt 0.140408 0.862021
vt 0.092579 0.862021
vt 0.092579 0.852396
vt 0.064581 0.932561
vt 0.019188 0.881258
vt 0.066161 0.881144
vt 0.065950 0.931174
vt 0.066412 0.808199
vt 0.066432 0.816708
vt 0.092579 0.851939
vt 0.092579 0.847681
vt 0.140408 0.847681
vt 0.140408 0.851939
vt 0.092579 0.847221
vt 0.092579 0.837159
vt 0.140408 0.837142
vt 0.140408 0.847221
vt 0.140408 0.926181
vt 0.092579 0.976654
vt 0.092579 0.926626
vt 0.018605 0.816949
vt 0.066432 0.816843
vt 0.400313 0.631394
vt 0.400690 0.630247
vt 0.404116 0.632279
vt 0.403213 0.633085
vt 0.786646 0.756622
vt 0.778164 0.761617
vt 0.777227 0.760698
vt 0.786331 0.755381
vt 0.163037 0.048858
vt 0.163037 0.046384
vt 0.167748 0.047633
vt 0.797029 0.794222
vt 0.786641 0.794355
vt 0.786931 0.793112
vt 0.796669 0.793001
vt 0.328190 0.898687
vt 0.352425 0.898687
vt 0.352425 0.908816
vt 0.328190 0.908816
vt 0.401286 0.627584
vt 0.405966 0.630283
vt 0.405013 0.631432
vt 0.401043 0.629084
vt 0.400744 0.646328
vt 0.401038 0.647805
vt 0.395628 0.647638
vt 0.396124 0.646200
vt 0.184089 0.042982
vt 0.184089 0.045429
vt 0.177130 0.045454
vt 0.177130 0.043007
vt 0.816375 0.960276
vt 0.811311 0.951505
vt 0.829805 0.946493
vt 0.184089 0.060110
vt 0.177130 0.060134
vt 0.177130 0.057687
vt 0.184089 0.057663
vt 0.396442 0.645028
vt 0.393054 0.642955
vt 0.393953 0.642159
vt 0.396825 0.643883
vt 0.407237 0.640112
vt 0.404811 0.644096
vt 0.403933 0.643201
vt 0.405989 0.639759
vt 0.773464 0.779963
vt 0.773372 0.770199
vt 0.782096 0.772404
vt 0.782158 0.777373
vt 0.789052 0.784086
vt 0.778432 0.788346
vt 0.784705 0.781651
vt 0.804904 0.761500
vt 0.805827 0.760617
vt 0.811025 0.769647
vt 0.809783 0.769955
vt 0.328190 0.929073
vt 0.352425 0.929073
vt 0.352425 0.939201
vt 0.328190 0.939201
vt 0.172267 0.046385
vt 0.172267 0.048857
vt 0.401732 0.640806
vt 0.403125 0.642292
vt 0.400185 0.643940
vt 0.399735 0.641931
vt 0.835275 0.965341
vt 0.844046 0.960276
vt 0.164275 0.051000
vt 0.402918 0.636549
vt 0.404876 0.636005
vt 0.404831 0.639377
vt 0.402893 0.638833
vt 0.392320 0.639243
vt 0.394369 0.638754
vt 0.395487 0.640740
vt 0.392208 0.643792
vt 0.391062 0.644816
vt 0.777563 0.789275
vt 0.772247 0.780329
vt 0.352425 0.949329
vt 0.328190 0.949329
vt 0.811311 0.941376
vt 0.816375 0.932605
vt 0.396436 0.629035
vt 0.395897 0.627587
vt 0.401794 0.634562
vt 0.408682 0.634978
vt 0.407282 0.635458
vt 0.796439 0.756612
vt 0.796794 0.755386
vt 0.352425 0.959458
vt 0.328190 0.959458
vt 0.408682 0.640451
vt 0.388595 0.634878
vt 0.391251 0.630274
vt 0.392431 0.631293
vt 0.390110 0.635222
vt 0.168890 0.052236
vt 0.166417 0.052236
vt 0.184089 0.062556
vt 0.177130 0.062581
vt 0.400428 0.645130
vt 0.809797 0.779702
vt 0.800767 0.777125
vt 0.800709 0.772138
vt 0.328190 0.848045
vt 0.352425 0.848045
vt 0.352425 0.858173
vt 0.328190 0.858173
vt 0.184089 0.050323
vt 0.184089 0.052769
vt 0.177130 0.052794
vt 0.177130 0.050347
vt 0.390006 0.639777
vt 0.391145 0.639486
vt 0.328190 0.868302
vt 0.352425 0.868302
vt 0.352425 0.878430
vt 0.328190 0.878430
vt 0.184089 0.055216
vt 0.177130 0.055240
vt 0.395553 0.634506
vt 0.394044 0.633039
vt 0.396957 0.631379
vt 0.397540 0.633383
vt 0.171031 0.050999
vt 0.328190 0.888559
vt 0.352425 0.888559
vt 0.772132 0.769903
vt 0.399825 0.633404
vt 0.825146 0.965341
vt 0.393244 0.632143
vt 0.396711 0.630199
vt 0.177130 0.047900
vt 0.184089 0.047876
vt 0.805038 0.788135
vt 0.805924 0.789007
vt 0.849110 0.951505
vt 0.849111 0.941376
vt 0.391202 0.635534
vt 0.392340 0.635910
vt 0.184089 0.065003
vt 0.177130 0.065027
vt 0.328190 0.918944
vt 0.352425 0.918944
vt 0.784521 0.768045
vt 0.171032 0.044243
vt 0.793810 0.765406
vt 0.798164 0.767847
vt 0.825147 0.927541
vt 0.406066 0.635758
vt 0.352425 0.837917
vt 0.328190 0.837917
vt 0.405867 0.645202
vt 0.844046 0.932605
vt 0.835275 0.927541
vt 0.794037 0.784021
vt 0.397449 0.641905
vt 0.184089 0.067450
vt 0.177130 0.067474
vt 0.788814 0.765476
vt 0.811025 0.780044
vt 0.798327 0.781475
vt 0.184089 0.069897
vt 0.177130 0.069921
vt 0.394393 0.636472
vt 0.164275 0.044242
vt 0.166417 0.043006
vt 0.388533 0.640151
vt 0.184089 0.072343
vt 0.177130 0.072367
vt 0.168890 0.043006
vt 0.772191 0.811308
vt 0.795473 0.811334
vt 0.794935 0.851614
vt 0.771650 0.851588
vt 0.345304 0.789803
vt 0.361380 0.789800
vt 0.361737 0.831479
vt 0.345718 0.831550
vt 0.664937 0.852684
vt 0.664303 0.855853
vt 0.651266 0.854463
vt 0.651953 0.851202
vt 0.327465 0.789903
vt 0.327857 0.831583
vt 0.147872 0.791078
vt 0.147496 0.830503
vt 0.117702 0.830190
vt 0.118250 0.791258
vt 0.955654 0.630413
vt 0.942704 0.628896
vt 0.944490 0.609465
vt 0.958075 0.609012
vt 0.367913 0.833866
vt 0.362626 0.834444
vt 0.366908 0.831065
vt 0.345999 0.786898
vt 0.362271 0.786777
vt 0.297342 0.466012
vt 0.297890 0.484893
vt 0.284434 0.489607
vt 0.285083 0.467847
vt 0.298661 0.502030
vt 0.284819 0.507049
vt 0.281668 0.490293
vt 0.282100 0.507634
vt 0.285473 0.445550
vt 0.297862 0.448297
vt 0.346422 0.834443
vt 0.817307 0.811293
vt 0.835863 0.811228
vt 0.835404 0.851572
vt 0.816786 0.851633
vt 0.282455 0.468046
vt 0.282796 0.445144
vt 0.311151 0.831595
vt 0.328146 0.834372
vt 0.310775 0.834444
vt 0.245793 0.468439
vt 0.246448 0.490763
vt 0.243697 0.490084
vt 0.243159 0.468235
vt 0.244608 0.515046
vt 0.245797 0.507930
vt 0.283291 0.515014
vt 0.333901 0.551628
vt 0.321045 0.551406
vt 0.319670 0.550006
vt 0.320005 0.511614
vt 0.321336 0.510224
vt 0.333898 0.509805
vt 0.335456 0.511032
vt 0.335462 0.550357
vt 0.299774 0.507714
vt 0.286339 0.514169
vt 0.941786 0.543224
vt 0.941772 0.562801
vt 0.892707 0.561436
vt 0.893322 0.542063
vt 0.749679 0.812106
vt 0.749477 0.809341
vt 0.772021 0.808412
vt 0.889319 0.586433
vt 0.888220 0.607774
vt 0.874721 0.606765
vt 0.876667 0.584772
vt 0.795038 0.854480
vt 0.771465 0.854496
vt 0.795582 0.808448
vt 0.242455 0.250344
vt 0.242492 0.233425
vt 0.288932 0.234180
vt 0.288629 0.251101
vt 0.283727 0.406583
vt 0.245525 0.445496
vt 0.244885 0.406782
vt 0.082520 0.790315
vt 0.099800 0.791326
vt 0.099215 0.830048
vt 0.082347 0.830987
vt 0.310776 0.789998
vt 0.957816 0.563823
vt 0.944921 0.562937
vt 0.944931 0.543151
vt 0.958075 0.542848
vt 0.945512 0.713581
vt 0.938325 0.748101
vt 0.933044 0.748780
vt 0.930095 0.713723
vt 0.239350 0.250368
vt 0.239353 0.233157
vt 0.941129 0.588172
vt 0.944260 0.587945
vt 0.327742 0.787115
vt 0.854138 0.852800
vt 0.853446 0.855853
vt 0.835276 0.854524
vt 0.230864 0.466373
vt 0.230390 0.448590
vt 0.242840 0.445898
vt 0.355109 0.137245
vt 0.353305 0.134568
vt 0.355823 0.133740
vt 0.362342 0.137129
vt 0.361582 0.133956
vt 0.363996 0.134686
vt 0.310399 0.787155
vt 0.292112 0.233951
vt 0.290613 0.219936
vt 0.303031 0.215077
vt 0.305875 0.232715
vt 0.817206 0.808464
vt 0.835721 0.808325
vt 0.291726 0.251178
vt 0.853975 0.809844
vt 0.853292 0.806891
vt 0.244005 0.220373
vt 0.241173 0.219488
vt 0.890212 0.541908
vt 0.891250 0.525494
vt 0.894345 0.525907
vt 0.896726 0.513416
vt 0.894015 0.512488
vt 0.099928 0.788513
vt 0.118263 0.788485
vt 0.941176 0.526795
vt 0.939022 0.513694
vt 0.941872 0.512814
vt 0.944357 0.526430
vt 0.878125 0.523640
vt 0.877293 0.541171
vt 0.957887 0.524939
vt 0.099317 0.832829
vt 0.082863 0.833806
vt 0.243153 0.507341
vt 0.241719 0.514053
vt 0.303438 0.283798
vt 0.290248 0.284572
vt 0.305287 0.252081
vt 0.286522 0.406629
vt 0.897795 0.702110
vt 0.895100 0.701406
vt 0.895399 0.687929
vt 0.897841 0.688434
vt 0.705196 0.810609
vt 0.705388 0.807921
vt 0.726983 0.808860
vt 0.726897 0.811645
vt 0.287692 0.220763
vt 0.953844 0.507541
vt 0.083075 0.787428
vt 0.225748 0.250934
vt 0.225748 0.231583
vt 0.230302 0.485350
vt 0.816685 0.854467
vt 0.367511 0.787290
vt 0.366693 0.790166
vt 0.876750 0.561885
vt 0.889561 0.561469
vt 0.941307 0.609587
vt 0.891401 0.607999
vt 0.892415 0.586783
vt 0.748632 0.853497
vt 0.748852 0.850734
vt 0.876176 0.628172
vt 0.889053 0.627413
vt 0.939503 0.628639
vt 0.726282 0.850990
vt 0.726285 0.853766
vt 0.878016 0.648466
vt 0.890522 0.647980
vt 0.704425 0.850944
vt 0.704484 0.853670
vt 0.686439 0.809175
vt 0.686229 0.806304
vt 0.933163 0.669931
vt 0.936896 0.649248
vt 0.939737 0.649654
vt 0.935894 0.670005
vt 0.952534 0.651098
vt 0.667070 0.806638
vt 0.666619 0.803434
vt 0.931134 0.690335
vt 0.928603 0.690597
vt 0.879828 0.697096
vt 0.882732 0.684591
vt 0.927260 0.713572
vt 0.931109 0.749006
vt 0.892267 0.627388
vt 0.890165 0.747951
vt 0.897069 0.711457
vt 0.927405 0.704247
vt 0.930143 0.703834
vt 0.601913 0.806516
vt 0.601588 0.804257
vt 0.640317 0.803898
vt 0.640492 0.807122
vt 0.653661 0.807257
vt 0.653201 0.803892
vt 0.685208 0.851265
vt 0.684816 0.854204
vt 0.888171 0.747545
vt 0.882735 0.746329
vt 0.878582 0.709675
vt 0.894163 0.711341
vt 0.893335 0.647814
vt 0.895190 0.668061
vt 0.892554 0.667930
vt 0.957029 0.586788
vt 0.148125 0.788315
vt 0.882636 0.506978
vt 0.117688 0.832976
vt 0.229105 0.214313
vt 0.944303 0.688249
vt 0.948770 0.669598
vt 0.354017 0.094375
vt 0.355764 0.091966
vt 0.356261 0.095236
vt 0.361814 0.095253
vt 0.362556 0.092328
vt 0.363996 0.094600
vt 0.600745 0.848171
vt 0.638948 0.850339
vt 0.638558 0.853517
vt 0.600284 0.850386
vt 0.242081 0.406815
vt 0.880236 0.666426
vt 0.147729 0.833290
vt 0.226811 0.282955
vt 0.240106 0.284011
vt 0.945753 0.701132
vt 0.229593 0.502349
vt 0.228492 0.507726
vt 0.337607 0.551104
vt 0.335051 0.553418
vt 0.320700 0.508565
vt 0.334958 0.508085
vt 0.337607 0.510256
vt 0.318398 0.510845
vt 0.318069 0.550759
vt 0.320380 0.553200
vt 0.229175 0.407153
vt 0.228978 0.366558
vt 0.241848 0.367411
vt 0.228859 0.324751
vt 0.241754 0.326233
vt 0.269204 0.834268
vt 0.269257 0.831368
vt 0.228925 0.834207
vt 0.228795 0.831349
vt 0.187833 0.834185
vt 0.187542 0.831349
vt 0.243116 0.284204
vt 0.244636 0.326520
vt 0.244678 0.367585
vt 0.269037 0.790340
vt 0.268990 0.787449
vt 0.228656 0.790415
vt 0.228797 0.787563
vt 0.187480 0.790356
vt 0.187788 0.787541
vt 0.287262 0.284715
vt 0.287846 0.326259
vt 0.284979 0.326508
vt 0.287162 0.367323
vt 0.284337 0.367473
vt 0.299374 0.407077
vt 0.299997 0.366625
vt 0.300662 0.325003
vt 0.275478 0.097235
vt 0.274967 0.095200
vt 0.276937 0.094705
vt 0.277448 0.096741
vt 0.006827 0.777182
vt 0.008902 0.777182
vt 0.008688 0.774652
vt 0.006613 0.774652
vt 0.269544 0.097236
vt 0.271514 0.096741
vt 0.271003 0.094706
vt 0.269032 0.095201
vt 0.008688 0.782640
vt 0.008902 0.780110
vt 0.006827 0.780110
vt 0.006613 0.782640
vt 0.270343 0.092079
vt 0.265883 0.075900
vt 0.264025 0.076710
vt 0.268373 0.092574
vt 0.073387 0.971699
vt 0.071429 0.971699
vt 0.071429 0.959063
vt 0.073387 0.959063
vt 0.276277 0.092079
vt 0.274307 0.092574
vt 0.269959 0.076710
vt 0.271818 0.075900
vt 0.338330 0.075864
vt 0.338330 0.074651
vt 0.350865 0.074651
vt 0.350865 0.075864
vt 0.249936 0.097347
vt 0.252418 0.098541
vt 0.255290 0.098541
vt 0.257772 0.097347
vt 0.259483 0.095245
vt 0.260121 0.092533
vt 0.247588 0.092533
vt 0.248225 0.095245
vt 0.350227 0.094990
vt 0.348516 0.097093
vt 0.346033 0.098286
vt 0.343161 0.098287
vt 0.340679 0.097093
vt 0.338967 0.094990
vt 0.338330 0.092277
vt 0.350865 0.092277
vt 0.350865 0.056868
vt 0.338330 0.056868
vt 0.338330 0.042974
vt 0.350865 0.042974
vt 0.264094 0.044293
vt 0.269476 0.057600
vt 0.271230 0.056596
vt 0.265949 0.043463
vt 0.275445 0.058869
vt 0.277249 0.059921
vt 0.271879 0.074595
vt 0.270127 0.073299
vt 0.271488 0.057752
vt 0.265945 0.074595
vt 0.264193 0.073299
vt 0.263947 0.074466
vt 0.338330 0.058159
vt 0.350865 0.058159
vt 0.271315 0.059921
vt 0.269511 0.058869
vt 0.247588 0.057789
vt 0.260121 0.057789
vt 0.260121 0.056596
vt 0.247588 0.056596
vt 0.277164 0.056595
vt 0.275410 0.057599
vt 0.270028 0.044292
vt 0.271883 0.043463
vt 0.269882 0.074466
vt 0.277448 0.058753
vt 0.277423 0.057752
vt 0.338330 0.072414
vt 0.350865 0.072414
vt 0.247588 0.074474
vt 0.260121 0.074474
vt 0.260121 0.059977
vt 0.247588 0.059977
vt 0.271514 0.058753
vt 0.269829 0.075524
vt 0.338330 0.073581
vt 0.350865 0.073581
vt 0.260121 0.042888
vt 0.247588 0.042888
vt 0.263895 0.075525
vt 0.260121 0.075793
vt 0.247588 0.075793
vt 0.247588 0.058806
vt 0.260121 0.058806
vt 0.029175 0.953310
vt 0.031607 0.953310
vt 0.031607 0.951829
vt 0.029175 0.951829
vt 0.225587 0.208214
vt 0.226356 0.208385
vt 0.225059 0.208385
vt 0.219415 0.493593
vt 0.225179 0.493593
vt 0.225179 0.472136
vt 0.219414 0.472136
vt 0.031607 0.954820
vt 0.029175 0.954820
vt 0.029175 0.955947
vt 0.031607 0.955947
vt 0.220519 0.188118
vt 0.226356 0.188118
vt 0.226356 0.193648
vt 0.225059 0.193648
vt 0.223652 0.193648
vt 0.220519 0.193648
vt 0.031607 0.949453
vt 0.029175 0.949453
vt 0.029175 0.950418
vt 0.031607 0.950418
vt 0.031607 0.948526
vt 0.029175 0.948526
vt 0.275292 0.213303
vt 0.275792 0.213419
vt 0.276476 0.209491
vt 0.262192 0.210271
vt 0.184697 0.694436
vt 0.184183 0.694480
vt 0.184183 0.670713
vt 0.186585 0.670713
vt 0.186585 0.694480
vt 0.186070 0.694436
vt 0.000977 0.719804
vt 0.000977 0.705594
vt 0.003371 0.705566
vt 0.003713 0.719771
vt 0.003548 0.720280
vt 0.001154 0.720310
vt 0.186653 0.075712
vt 0.186653 0.097537
vt 0.184682 0.097556
vt 0.184205 0.096545
vt 0.184183 0.081746
vt 0.185263 0.075903
vt 0.225763 0.207704
vt 0.225763 0.194329
vt 0.088004 0.887861
vt 0.086614 0.888052
vt 0.085533 0.893895
vt 0.085556 0.908694
vt 0.086032 0.909705
vt 0.088004 0.909686
vt 0.220519 0.208385
vt 0.222948 0.194329
vt 0.222948 0.207704
vt 0.223124 0.193818
vt 0.071030 0.830764
vt 0.072428 0.830764
vt 0.072428 0.825076
vt 0.071030 0.825076
vt 0.031607 0.944298
vt 0.029175 0.944298
vt 0.031607 0.942280
vt 0.029175 0.942280
vt 0.223652 0.208384
vt 0.226356 0.209517
vt 0.220519 0.209517
vt 0.029696 0.969296
vt 0.031086 0.969296
vt 0.031607 0.969252
vt 0.031607 0.965280
vt 0.029205 0.965284
vt 0.029175 0.969252
vt 0.225587 0.193818
vt 0.261692 0.210155
vt 0.262202 0.186517
vt 0.261692 0.186461
vt 0.223124 0.208214
vt 0.277611 0.188793
vt 0.276422 0.186843
vt 0.275815 0.200318
vt 0.275596 0.199215
vt 0.275551 0.197730
vt 0.275782 0.196265
vt 0.276287 0.194860
vt 0.276794 0.193894
vt 0.277370 0.192964
vt 0.241063 0.187797
vt 0.241053 0.211550
vt 0.240553 0.211434
vt 0.240553 0.187740
vt 0.255300 0.210767
vt 0.254653 0.214698
vt 0.254153 0.214582
vt 0.008260 0.976613
vt 0.006320 0.976613
vt 0.006320 0.970856
vt 0.008260 0.970856
vt 0.254676 0.201597
vt 0.255283 0.188123
vt 0.256471 0.190073
vt 0.256231 0.194243
vt 0.255655 0.195174
vt 0.255148 0.196140
vt 0.254643 0.197544
vt 0.254411 0.199009
vt 0.254457 0.200494
vt 0.086586 0.839275
vt 0.087401 0.839275
vt 0.087401 0.837226
vt 0.086323 0.837226
vt 0.080546 0.966062
vt 0.080547 0.849112
vt 0.078487 0.849112
vt 0.078487 0.966062
vt 0.120613 0.022457
vt 0.122698 0.022457
vt 0.122698 0.001160
vt 0.120613 0.001061
vt 0.002846 0.922720
vt 0.002973 0.924770
vt 0.002030 0.924770
vt 0.001768 0.922720
vt 0.000977 0.919244
vt 0.000977 0.799283
vt 0.003039 0.799289
vt 0.002845 0.919246
vt 0.007295 0.830729
vt 0.008563 0.830723
vt 0.008373 0.805337
vt 0.007295 0.805334
vt 0.002846 0.969742
vt 0.000977 0.969742
vt 0.000977 0.924770
vt 0.661083 0.466610
vt 0.686372 0.466664
vt 0.686469 0.421723
vt 0.661083 0.421667
vt 0.085533 0.884217
vt 0.087401 0.884217
vt 0.085533 0.839275
vt 0.086254 0.918204
vt 0.088464 0.918204
vt 0.088464 0.915372
vt 0.086254 0.915372
vt 0.007295 0.839178
vt 0.006504 0.839178
vt 0.006504 0.959139
vt 0.007295 0.959140
vt 0.430056 0.462822
vt 0.426893 0.462822
vt 0.426893 0.463535
vt 0.430052 0.463535
vt 0.390602 0.043734
vt 0.390603 0.043021
vt 0.393282 0.043021
vt 0.393291 0.043734
vt 0.008710 0.705411
vt 0.008710 0.708155
vt 0.008023 0.708153
vt 0.008023 0.705410
vt 0.008710 0.711334
vt 0.008023 0.711332
vt 0.086254 0.923229
vt 0.086254 0.921035
vt 0.085531 0.920896
vt 0.085531 0.922981
vt 0.432731 0.462821
vt 0.432724 0.463535
vt 0.423734 0.462822
vt 0.423734 0.463535
vt 0.077560 0.974875
vt 0.077560 0.972011
vt 0.076859 0.972080
vt 0.076859 0.974804
vt 0.390601 0.097872
vt 0.393372 0.097872
vt 0.393372 0.097178
vt 0.390601 0.097178
vt 0.402048 0.045914
vt 0.399600 0.045914
vt 0.399600 0.043734
vt 0.402048 0.043734
vt 0.085531 0.915512
vt 0.085531 0.918204
vt 0.084741 0.931727
vt 0.086951 0.931727
vt 0.086951 0.934558
vt 0.084741 0.934558
vt 0.086951 0.936752
vt 0.084741 0.936752
vt 0.084018 0.929035
vt 0.084741 0.928895
vt 0.084018 0.931727
vt 0.077560 0.969534
vt 0.076859 0.969727
vt 0.396578 0.099994
vt 0.393372 0.099994
vt 0.393372 0.146513
vt 0.396578 0.146513
vt 0.012958 0.791506
vt 0.013799 0.790832
vt 0.015106 0.793509
vt 0.014057 0.793756
vt 0.011023 0.789955
vt 0.011497 0.788987
vt 0.001945 0.793504
vt 0.003036 0.790828
vt 0.004095 0.791505
vt 0.002996 0.793755
vt 0.011497 0.801129
vt 0.008526 0.801816
vt 0.008526 0.800739
vt 0.011023 0.800161
vt 0.014057 0.796359
vt 0.015106 0.796606
vt 0.005556 0.801129
vt 0.006029 0.800161
vt 0.013799 0.799283
vt 0.012958 0.798610
vt 0.004100 0.798616
vt 0.430056 0.460642
vt 0.432731 0.460642
vt 0.432728 0.412851
vt 0.430052 0.412851
vt 0.426893 0.460642
vt 0.426893 0.412851
vt 0.423734 0.460642
vt 0.423734 0.412851
vt 0.421286 0.460642
vt 0.421286 0.412851
vt 0.077560 0.977352
vt 0.079705 0.977352
vt 0.079705 0.974875
vt 0.088464 0.923229
vt 0.088464 0.921035
vt 0.399600 0.093706
vt 0.396441 0.093706
vt 0.396441 0.045914
vt 0.396578 0.097872
vt 0.396578 0.097178
vt 0.084741 0.926701
vt 0.084018 0.926949
vt 0.079705 0.972011
vt 0.079705 0.969534
vt 0.390601 0.146513
vt 0.390601 0.099994
vt 0.396441 0.043734
vt 0.088464 0.913178
vt 0.086254 0.913178
vt 0.084720 0.940225
vt 0.084720 0.942701
vt 0.084018 0.942771
vt 0.084018 0.940417
vt 0.086951 0.928895
vt 0.421286 0.462822
vt 0.421286 0.463535
vt 0.086864 0.940225
vt 0.086864 0.942701
vt 0.399349 0.097872
vt 0.399349 0.099994
vt 0.084018 0.934419
vt 0.086951 0.926701
vt 0.084720 0.945565
vt 0.086864 0.945565
vt 0.086864 0.948042
vt 0.084720 0.948042
vt 0.085531 0.913426
vt 0.230658 0.522981
vt 0.229609 0.522734
vt 0.229608 0.525831
vt 0.230657 0.525584
vt 0.402048 0.093706
vt 0.076859 0.977166
vt 0.084018 0.945495
vt 0.084018 0.947849
vt 0.239157 0.530355
vt 0.238684 0.529388
vt 0.236187 0.529965
vt 0.236187 0.531042
vt 0.233216 0.530354
vt 0.233690 0.529386
vt 0.240619 0.527837
vt 0.241677 0.528516
vt 0.231755 0.527835
vt 0.230915 0.528508
vt 0.399349 0.146513
vt 0.000977 0.790833
vt 0.000977 0.765438
vt 0.002845 0.765442
vt 0.006504 0.805333
vt 0.006504 0.830729
vt 0.072349 0.837468
vt 0.075324 0.838152
vt 0.075327 0.839190
vt 0.399349 0.097178
vt 0.008373 0.959141
vt 0.008563 0.839180
vt 0.570969 0.977549
vt 0.615911 0.977549
vt 0.615911 0.857592
vt 0.570970 0.857588
vt 0.000977 0.793510
vt 0.007473 0.836502
vt 0.007472 0.833400
vt 0.006504 0.833405
vt 0.006504 0.836502
vt 0.241719 0.522985
vt 0.242769 0.522738
vt 0.241673 0.520051
vt 0.240615 0.520727
vt 0.001946 0.796606
vt 0.002995 0.796358
vt 0.087783 0.839275
vt 0.085533 0.837226
vt 0.184588 0.839799
vt 0.187122 0.863241
vt 0.181435 0.842298
vt 0.181625 0.840467
vt 0.011092 0.828870
vt 0.014240 0.826364
vt 0.014054 0.828195
vt 0.396441 0.043021
vt 0.393282 0.093706
vt 0.390602 0.093706
vt 0.390602 0.045914
vt 0.393291 0.045914
vt 0.399600 0.043021
vt 0.241718 0.525588
vt 0.242769 0.525840
vt 0.084018 0.936498
vt 0.008710 0.714079
vt 0.008023 0.714086
vt 0.231757 0.520731
vt 0.230917 0.520057
vt 0.402048 0.043021
vt 0.000977 0.796606
vt 0.080547 0.848069
vt 0.078487 0.848069
vt 0.008526 0.789377
vt 0.008526 0.788300
vt 0.069830 0.835630
vt 0.070211 0.955590
vt 0.014055 0.842749
vt 0.014054 0.841711
vt 0.011079 0.841022
vt 0.069830 0.955591
vt 0.122698 0.024320
vt 0.120613 0.024321
vt 0.239160 0.518214
vt 0.238687 0.519181
vt 0.236190 0.517526
vt 0.236190 0.518603
vt 0.233219 0.518212
vt 0.233692 0.519180
vt 0.005556 0.788987
vt 0.006029 0.789955
vt 0.187122 0.837953
vt 0.000977 0.922720
vt 0.725937 0.422811
vt 0.725937 0.462781
vt 0.723408 0.462275
vt 0.721757 0.460758
vt 0.721367 0.459620
vt 0.721260 0.427363
vt 0.721878 0.424834
vt 0.723408 0.423316
vt 0.847710 0.888597
vt 0.850492 0.888557
vt 0.851020 0.893032
vt 0.848108 0.893038
vt 0.846257 0.780699
vt 0.822967 0.781411
vt 0.822630 0.777098
vt 0.846177 0.776729
vt 0.968435 0.536569
vt 0.965661 0.536585
vt 0.965165 0.532146
vt 0.968056 0.532155
vt 0.962627 0.531816
vt 0.962637 0.525010
vt 0.965224 0.524731
vt 0.946217 0.486976
vt 0.948751 0.486489
vt 0.947715 0.489908
vt 0.945453 0.491079
vt 0.880989 0.944018
vt 0.879170 0.935613
vt 0.881390 0.934445
vt 0.883298 0.945167
vt 0.963329 0.520899
vt 0.961401 0.525231
vt 0.962227 0.521436
vt 0.963302 0.535891
vt 0.852779 0.904384
vt 0.853518 0.900220
vt 0.856139 0.899755
vt 0.855084 0.903233
vt 0.824619 0.893432
vt 0.848066 0.900517
vt 0.824645 0.900110
vt 0.757264 0.423354
vt 0.757264 0.463318
vt 0.754735 0.462812
vt 0.753206 0.461295
vt 0.752588 0.458765
vt 0.752588 0.427907
vt 0.753206 0.425378
vt 0.754735 0.423860
vt 0.940443 0.475305
vt 0.943236 0.475265
vt 0.943717 0.479787
vt 0.940827 0.479771
vt 0.991566 0.521000
vt 0.968488 0.520290
vt 0.969523 0.513721
vt 0.991776 0.514830
vt 0.846236 0.766389
vt 0.823038 0.765590
vt 0.824742 0.757402
vt 0.846559 0.758824
vt 0.850452 0.905038
vt 0.850915 0.912774
vt 0.848993 0.912046
vt 0.878580 0.959831
vt 0.880881 0.959165
vt 0.879028 0.967544
vt 0.877117 0.966818
vt 0.852795 0.889236
vt 0.850992 0.880841
vt 0.853197 0.879675
vt 0.855054 0.890422
vt 0.764020 0.792143
vt 0.740842 0.792307
vt 0.740842 0.752012
vt 0.764021 0.752178
vt 0.824340 0.883133
vt 0.846663 0.882048
vt 0.824539 0.889312
vt 0.946269 0.480104
vt 0.945560 0.475932
vt 0.804163 0.935891
vt 0.803537 0.939887
vt 0.766238 0.949008
vt 0.763569 0.946388
vt 0.943705 0.487275
vt 0.943150 0.491743
vt 0.943747 0.467520
vt 0.945967 0.466351
vt 0.947862 0.477098
vt 0.753292 0.871135
vt 0.730625 0.902264
vt 0.724382 0.893073
vt 0.742514 0.868101
vt 0.876217 0.955349
vt 0.879129 0.955372
vt 0.875801 0.959776
vt 0.876254 0.947870
vt 0.879141 0.947882
vt 0.917278 0.490909
vt 0.940371 0.491687
vt 0.939291 0.498218
vt 0.917064 0.496998
vt 0.850963 0.900520
vt 0.849072 0.881554
vt 0.820072 0.781469
vt 0.819686 0.777054
vt 0.940790 0.487249
vt 0.943601 0.499448
vt 0.941690 0.498724
vt 0.874823 0.936831
vt 0.877240 0.936332
vt 0.878664 0.943362
vt 0.875871 0.943406
vt 0.881687 0.948186
vt 0.884305 0.948648
vt 0.874717 0.966310
vt 0.856062 0.893851
vt 0.853530 0.893348
vt 0.968099 0.524733
vt 0.822662 0.769888
vt 0.819697 0.769874
vt 0.820160 0.765504
vt 0.822327 0.756864
vt 0.969441 0.543141
vt 0.967018 0.543624
vt 0.917064 0.469889
vt 0.939399 0.468734
vt 0.917261 0.476005
vt 0.941816 0.468237
vt 0.965710 0.520251
vt 0.967103 0.513224
vt 0.847661 0.904981
vt 0.846584 0.911536
vt 0.917367 0.486811
vt 0.917339 0.480134
vt 0.883142 0.957991
vt 0.881221 0.968722
vt 0.881633 0.955065
vt 0.884165 0.954567
vt 0.817066 0.776686
vt 0.817117 0.770175
vt 0.814502 0.776163
vt 0.814631 0.770629
vt 0.817631 0.780726
vt 0.820197 0.790799
vt 0.817865 0.791773
vt 0.815376 0.779408
vt 0.852793 0.954911
vt 0.852765 0.948234
vt 0.853124 0.913955
vt 0.817737 0.766215
vt 0.815507 0.767492
vt 0.948887 0.480586
vt 0.757191 0.871805
vt 0.732452 0.905733
vt 0.945793 0.500626
vt 0.732439 0.912047
vt 0.757806 0.944517
vt 0.754107 0.945073
vt 0.730607 0.915555
vt 0.742509 0.949843
vt 0.724382 0.924869
vt 0.961430 0.531548
vt 0.962221 0.535324
vt 0.846146 0.770342
vt 0.964996 0.544344
vt 0.963942 0.544867
vt 0.822186 0.790201
vt 0.811576 0.928787
vt 0.810310 0.889648
vt 0.820810 0.893522
vt 0.820809 0.925778
vt 0.991506 0.531793
vt 0.991480 0.525118
vt 0.820359 0.756260
vt 0.818056 0.755283
vt 0.807986 0.930608
vt 0.806764 0.887900
vt 0.824623 0.789673
vt 0.803054 0.882813
vt 0.763181 0.869867
vt 0.765915 0.867043
vt 0.802499 0.878921
vt 0.965084 0.512494
vt 0.803473 0.949665
vt 0.772814 0.959672
vt 0.040881 0.936289
vt 0.040882 0.976261
vt 0.038353 0.975755
vt 0.036823 0.974238
vt 0.036205 0.971708
vt 0.036205 0.940841
vt 0.036823 0.938312
vt 0.038352 0.936794
vt 0.852686 0.944099
vt 0.824556 0.904231
vt 0.852703 0.959006
vt 0.852487 0.965169
vt 0.852487 0.937907
vt 0.846559 0.788316
vt 0.991776 0.542093
vt 0.991582 0.535901
vt 0.824340 0.910389
vt 0.694609 0.461222
vt 0.694609 0.421256
vt 0.717788 0.421092
vt 0.717788 0.461462
vt 0.964030 0.511967
vt 0.772755 0.858264
vt 0.802114 0.867793
vt 0.772876 0.908752
vt 0.714204 0.890039
vt 0.720525 0.891179
vt 0.720525 0.931564
vt 0.714269 0.932667
vt 0.710506 0.934647
vt 0.706403 0.940313
vt 0.705706 0.944491
vt 0.706609 0.950781
vt 0.668257 0.963387
vt 0.665188 0.957731
vt 0.662121 0.954779
vt 0.655464 0.952628
vt 0.651276 0.953235
vt 0.645477 0.956025
vt 0.621758 0.923452
vt 0.628126 0.918521
vt 0.629901 0.914835
vt 0.629890 0.908114
vt 0.628104 0.904434
vt 0.621718 0.899538
vt 0.645336 0.866890
vt 0.651143 0.869662
vt 0.655333 0.870256
vt 0.661983 0.868083
vt 0.665041 0.865122
vt 0.668090 0.859455
vt 0.706441 0.871858
vt 0.705593 0.878227
vt 0.706311 0.882408
vt 0.710432 0.888061
vt 0.692079 0.460716
vt 0.690550 0.459198
vt 0.689932 0.456670
vt 0.689932 0.425808
vt 0.690551 0.423279
vt 0.692080 0.421762
vt 0.064061 0.936048
vt 0.064061 0.976433
vt 0.749116 0.422638
vt 0.749116 0.462944
vt 0.766550 0.791637
vt 0.766550 0.752684
vt 0.768079 0.754201
vt 0.768697 0.756730
vt 0.768591 0.788982
vt 0.768201 0.790120
vt 0.780443 0.423188
vt 0.780443 0.463482
vt 0.925204 0.914502
vt 0.928340 0.916748
vt 0.921436 0.925188
vt 0.918586 0.922635
vt 0.921182 0.911588
vt 0.889138 0.889054
vt 0.892945 0.883624
vt 0.926651 0.903152
vt 0.901922 0.859421
vt 0.939882 0.865442
vt 0.937910 0.875233
vt 0.900629 0.865689
vt 0.940198 0.814629
vt 0.935568 0.816198
vt 0.932002 0.806932
vt 0.936455 0.804928
vt 0.927529 0.798088
vt 0.931772 0.795684
vt 0.888076 0.888224
vt 0.891803 0.882911
vt 0.886692 0.887114
vt 0.890330 0.881969
vt 0.894232 0.823542
vt 0.895751 0.822830
vt 0.898052 0.828578
vt 0.896464 0.829139
vt 0.886609 0.887048
vt 0.890237 0.881910
vt 0.874565 0.800264
vt 0.879677 0.804154
vt 0.879607 0.804237
vt 0.874502 0.800358
vt 0.884134 0.808474
vt 0.888009 0.813183
vt 0.885001 0.815442
vt 0.881375 0.811095
vt 0.894139 0.823585
vt 0.896366 0.829173
vt 0.892839 0.830359
vt 0.890741 0.825140
vt 0.890395 0.831176
vt 0.894406 0.835785
vt 0.891870 0.836377
vt 0.876945 0.868160
vt 0.878448 0.864181
vt 0.887575 0.867704
vt 0.885425 0.872564
vt 0.862764 0.813733
vt 0.864947 0.805864
vt 0.869839 0.808053
vt 0.865770 0.815567
vt 0.890359 0.857584
vt 0.881159 0.856006
vt 0.881467 0.851679
vt 0.890964 0.852420
vt 0.865686 0.803508
vt 0.870970 0.806038
vt 0.888405 0.826188
vt 0.888293 0.831887
vt 0.886394 0.827114
vt 0.863999 0.883609
vt 0.866977 0.881345
vt 0.871890 0.888762
vt 0.867059 0.891493
vt 0.881398 0.847409
vt 0.872250 0.850986
vt 0.872356 0.847533
vt 0.935798 0.896290
vt 0.939275 0.897877
vt 0.934269 0.907590
vt 0.930926 0.905670
vt 0.896914 0.822294
vt 0.899266 0.828158
vt 0.902139 0.840478
vt 0.940058 0.835586
vt 0.940919 0.845510
vt 0.902702 0.846766
vt 0.902302 0.768177
vt 0.905197 0.764430
vt 0.912965 0.771072
vt 0.909585 0.774549
vt 0.893385 0.876505
vt 0.893289 0.876458
vt 0.877431 0.896288
vt 0.871864 0.900229
vt 0.869436 0.896539
vt 0.874902 0.893021
vt 0.891354 0.818238
vt 0.888161 0.820126
vt 0.885932 0.821420
vt 0.879425 0.834947
vt 0.878054 0.830980
vt 0.881505 0.882926
vt 0.879718 0.881441
vt 0.882812 0.877180
vt 0.884753 0.878425
vt 0.877687 0.887049
vt 0.873265 0.890732
vt 0.876060 0.885324
vt 0.860554 0.821504
vt 0.858166 0.819528
vt 0.943796 0.813394
vt 0.947370 0.812154
vt 0.950465 0.822918
vt 0.946714 0.823792
vt 0.896122 0.877875
vt 0.931300 0.894211
vt 0.900846 0.932361
vt 0.873583 0.903372
vt 0.879584 0.898979
vt 0.908036 0.926391
vt 0.944920 0.834953
vt 0.945838 0.845337
vt 0.894935 0.877287
vt 0.882940 0.816958
vt 0.879485 0.812854
vt 0.869806 0.878507
vt 0.881176 0.818295
vt 0.884028 0.822557
vt 0.892580 0.857965
vt 0.891406 0.863287
vt 0.889222 0.862677
vt 0.887478 0.873598
vt 0.950108 0.878152
vt 0.946417 0.877287
vt 0.948520 0.866704
vt 0.952201 0.867250
vt 0.872614 0.875500
vt 0.874915 0.871894
vt 0.867212 0.867221
vt 0.868756 0.864214
vt 0.939887 0.803397
vt 0.943298 0.801836
vt 0.943011 0.824681
vt 0.948693 0.834418
vt 0.886403 0.806372
vt 0.916276 0.781787
vt 0.922307 0.789666
vt 0.890491 0.811333
vt 0.894006 0.816658
vt 0.920010 0.778637
vt 0.894685 0.762835
vt 0.896980 0.759066
vt 0.892893 0.817314
vt 0.891444 0.818186
vt 0.898108 0.834943
vt 0.898007 0.834967
vt 0.899147 0.840880
vt 0.895444 0.841361
vt 0.898864 0.858956
vt 0.897610 0.864919
vt 0.893929 0.863942
vt 0.895150 0.858368
vt 0.866793 0.800785
vt 0.872383 0.803733
vt 0.893289 0.847122
vt 0.893210 0.852565
vt 0.891051 0.847190
vt 0.858166 0.877574
vt 0.860749 0.875078
vt 0.935102 0.793818
vt 0.881728 0.801765
vt 0.870210 0.793909
vt 0.876350 0.797587
vt 0.938256 0.825786
vt 0.884728 0.894188
vt 0.878671 0.897857
vt 0.883730 0.893216
vt 0.899792 0.834546
vt 0.883587 0.884612
vt 0.886996 0.879828
vt 0.889733 0.836874
vt 0.892859 0.841708
vt 0.890637 0.841998
vt 0.871523 0.820640
vt 0.873971 0.823831
vt 0.866755 0.828668
vt 0.864875 0.826037
vt 0.945744 0.855758
vt 0.940861 0.855500
vt 0.939676 0.886462
vt 0.935015 0.884845
vt 0.942695 0.876398
vt 0.899373 0.865363
vt 0.900644 0.859223
vt 0.889443 0.812106
vt 0.888093 0.813121
vt 0.899250 0.840866
vt 0.899735 0.846888
vt 0.899631 0.846891
vt 0.881283 0.843164
vt 0.880384 0.839019
vt 0.875983 0.827378
vt 0.889712 0.868530
vt 0.870885 0.837493
vt 0.869821 0.834370
vt 0.938319 0.792017
vt 0.901040 0.834251
vt 0.901416 0.846815
vt 0.901314 0.853032
vt 0.899630 0.852943
vt 0.897712 0.864945
vt 0.895821 0.870804
vt 0.895721 0.870767
vt 0.889840 0.874747
vt 0.892184 0.869440
vt 0.879547 0.888991
vt 0.895875 0.847018
vt 0.895811 0.852707
vt 0.877886 0.814395
vt 0.874137 0.810971
vt 0.875519 0.809204
vt 0.879983 0.860188
vt 0.870113 0.861081
vt 0.871118 0.857817
vt 0.932547 0.782605
vt 0.929422 0.784712
vt 0.922880 0.776173
vt 0.925799 0.773696
vt 0.926312 0.786884
vt 0.897490 0.871425
vt 0.880852 0.802780
vt 0.885431 0.807264
vt 0.884209 0.808403
vt 0.882447 0.891928
vt 0.882367 0.891850
vt 0.877183 0.807192
vt 0.868793 0.817771
vt 0.862802 0.823645
vt 0.872799 0.902042
vt 0.898967 0.858972
vt 0.899526 0.852936
vt 0.871672 0.840757
vt 0.914919 0.919377
vt 0.900866 0.840650
vt 0.877505 0.896380
vt 0.868849 0.797057
vt 0.868030 0.893834
vt 0.952450 0.833947
vt 0.943343 0.887727
vt 0.902596 0.853108
vt 0.911246 0.929933
vt 0.903446 0.935961
vt 0.863137 0.872592
vt 0.942819 0.899496
vt 0.946980 0.888942
vt 0.907395 0.761414
vt 0.898589 0.755925
vt 0.871812 0.854430
vt 0.918122 0.765611
vt 0.915560 0.768309
vt 0.909633 0.758379
vt 0.913714 0.932805
vt 0.944762 0.866147
vt 0.898726 0.871887
vt 0.868903 0.796961
vt 0.875562 0.798745
vt 0.869585 0.795246
vt 0.905313 0.938984
vt 0.924305 0.927801
vt 0.931389 0.918967
vt 0.865314 0.869985
vt 0.937563 0.909554
vt 0.900089 0.752524
vt 0.949659 0.845154
vt 0.949554 0.855958
vt 0.871931 0.900328
vt 0.872169 0.844108
vt 0.916138 0.935721
vt 0.953379 0.856160
vt 0.953377 0.845002
vt 0.907056 0.942228
vt 0.868464 0.831431
vt 0.291722 0.840466
vt 0.293460 0.842858
vt 0.294373 0.845670
vt 0.294373 0.848626
vt 0.293460 0.851438
vt 0.291722 0.853829
vt 0.289330 0.855567
vt 0.286519 0.856481
vt 0.283562 0.856481
vt 0.280751 0.855567
vt 0.278359 0.853829
vt 0.276621 0.851438
vt 0.275708 0.848626
vt 0.275708 0.845670
vt 0.276621 0.842858
vt 0.278359 0.840466
vt 0.280751 0.838728
vt 0.283562 0.837815
vt 0.286519 0.837815
vt 0.289330 0.838728
vt 0.840999 0.446861
vt 0.840999 0.455361
vt 0.819217 0.455361
vt 0.819217 0.446861
vt 0.840999 0.431804
vt 0.840999 0.439296
vt 0.819217 0.439296
vt 0.819217 0.431804
vt 0.840999 0.478161
vt 0.840999 0.674461
vt 0.819217 0.674461
vt 0.819217 0.478161
vt 0.931053 0.443913
vt 0.934247 0.443655
vt 0.935898 0.450851
vt 0.933213 0.452199
vt 0.840999 0.470418
vt 0.819217 0.470418
vt 0.840999 0.462926
vt 0.819217 0.462926
vt 0.946351 0.459083
vt 0.940198 0.456134
vt 0.965974 0.443495
vt 0.964378 0.450710
vt 0.960160 0.456035
vt 0.954053 0.459021
vt 0.994208 0.629426
vt 0.962482 0.629553
vt 0.964074 0.622337
vt 0.968332 0.617016
vt 0.974461 0.614013
vt 0.982165 0.614008
vt 0.988295 0.616943
vt 0.992555 0.622229
vt 0.868278 0.253918
vt 0.868278 0.450219
vt 0.846496 0.450219
vt 0.846496 0.253918
vt 0.994056 0.819060
vt 0.963598 0.819179
vt 0.934398 0.254006
vt 0.964856 0.253888
vt 0.962057 0.458393
vt 0.954727 0.461867
vt 0.931053 0.254011
vt 0.982815 0.611157
vt 0.990171 0.614569
vt 0.966426 0.614637
vt 0.973823 0.611110
vt 0.959286 0.629317
vt 0.961377 0.621012
vt 0.945738 0.461991
vt 0.995237 0.620889
vt 0.967072 0.452029
vt 0.960253 0.819191
vt 0.938313 0.458528
vt 0.997401 0.629167
vt 0.969168 0.443732
vt 0.997401 0.819055
vt 0.968200 0.253876
vt 0.840999 0.424061
vt 0.819217 0.424061
vt 0.333045 0.430573
vt 0.332830 0.423054
vt 0.338994 0.422894
vt 0.339208 0.430381
vt 0.356346 0.853263
vt 0.356539 0.845743
vt 0.363418 0.845935
vt 0.363226 0.853424
vt 0.355969 0.906941
vt 0.355915 0.899419
vt 0.362797 0.899386
vt 0.362850 0.906876
vt 0.338994 0.346454
vt 0.338816 0.354015
vt 0.332652 0.353887
vt 0.332830 0.346293
vt 0.356186 0.922432
vt 0.363067 0.922303
vt 0.363226 0.929865
vt 0.356346 0.930026
vt 0.356775 0.837972
vt 0.363653 0.838197
vt 0.363067 0.860986
vt 0.356186 0.860857
vt 0.355969 0.876348
vt 0.356057 0.868752
vt 0.362938 0.868849
vt 0.362850 0.876412
vt 0.925777 0.944247
vt 0.924053 0.944637
vt 0.924053 0.936554
vt 0.925743 0.936945
vt 0.332351 0.376899
vt 0.338517 0.376932
vt 0.338496 0.384674
vt 0.332331 0.384674
vt 0.362797 0.883902
vt 0.355915 0.883870
vt 0.338575 0.399906
vt 0.338673 0.407470
vt 0.332508 0.407565
vt 0.332410 0.399970
vt 0.339208 0.338966
vt 0.333045 0.338774
vt 0.338673 0.361878
vt 0.338575 0.369441
vt 0.332410 0.369377
vt 0.332508 0.361782
vt 0.355897 0.891644
vt 0.362647 0.891644
vt 0.969646 0.472494
vt 0.969640 0.474228
vt 0.962528 0.475882
vt 0.961765 0.474287
vt 0.957020 0.480350
vt 0.955606 0.479228
vt 0.928849 0.930621
vt 0.927446 0.929504
vt 0.363418 0.937353
vt 0.356539 0.937545
vt 0.338816 0.415332
vt 0.332652 0.415461
vt 0.362938 0.914440
vt 0.356057 0.914536
vt 0.338517 0.392415
vt 0.332351 0.392448
vt 0.339469 0.438119
vt 0.333308 0.438344
vt 0.356775 0.945316
vt 0.363653 0.945091
vt 0.333308 0.331004
vt 0.339469 0.331228
vt 0.955780 0.501498
vt 0.957134 0.500395
vt 0.962674 0.504689
vt 0.961899 0.506319
vt 0.934261 0.926196
vt 0.933491 0.924634
vt 0.928910 0.950607
vt 0.927502 0.951736
vt 0.986888 0.494249
vt 0.985192 0.493859
vt 0.985138 0.486644
vt 0.986886 0.486238
vt 0.976494 0.475853
vt 0.977271 0.474237
vt 0.969588 0.506271
vt 0.976700 0.504621
vt 0.977470 0.506175
vt 0.969605 0.508039
vt 0.948359 0.926139
vt 0.941302 0.924584
vt 0.941295 0.922787
vt 0.949119 0.924569
vt 0.982136 0.500141
vt 0.983545 0.501249
vt 0.955274 0.951640
vt 0.953870 0.950524
vt 0.956977 0.944199
vt 0.958667 0.944590
vt 0.983357 0.479047
vt 0.982006 0.480144
vt 0.949229 0.956511
vt 0.948458 0.954949
vt 0.952238 0.486253
vt 0.953940 0.486646
vt 0.953991 0.493880
vt 0.952238 0.494287
vt 0.934360 0.955005
vt 0.933600 0.956575
vt 0.955217 0.929408
vt 0.953810 0.930538
vt 0.941425 0.958357
vt 0.941418 0.956560
vt 0.956943 0.936898
vt 0.958667 0.936507
vt 0.558984 0.712976
vt 0.575690 0.716908
vt 0.572372 0.723705
vt 0.566527 0.728390
vt 0.558984 0.730137
vt 0.551440 0.728390
vt 0.545596 0.723704
vt 0.542278 0.716907
vt 0.542278 0.709043
vt 0.545597 0.702247
vt 0.551442 0.697562
vt 0.558985 0.695816
vt 0.566527 0.697562
vt 0.572372 0.702248
vt 0.575690 0.709045
vt 0.969583 0.490258
vt 0.941360 0.940572
vt 0.398187 0.177449
vt 0.384800 0.188178
vt 0.381481 0.181381
vt 0.390645 0.192863
vt 0.398187 0.194609
vt 0.405730 0.192863
vt 0.411574 0.188178
vt 0.414894 0.181381
vt 0.414894 0.173517
vt 0.411574 0.166720
vt 0.405730 0.162035
vt 0.398187 0.160289
vt 0.390645 0.162035
vt 0.384800 0.166720
vt 0.381481 0.173517
vt 0.107845 0.013225
vt 0.108450 0.014708
vt 0.105075 0.015118
vt 0.105236 0.013542
vt 0.071591 0.795285
vt 0.071591 0.797913
vt 0.069908 0.797881
vt 0.069908 0.795252
vt 0.297940 0.536911
vt 0.298799 0.538857
vt 0.293161 0.539605
vt 0.293365 0.537491
vt 0.101896 0.013912
vt 0.102778 0.012610
vt 0.069909 0.789995
vt 0.069909 0.787367
vt 0.071592 0.787399
vt 0.071591 0.790028
vt 0.382503 0.781580
vt 0.387455 0.783458
vt 0.384210 0.788419
vt 0.381962 0.787550
vt 0.303803 0.529842
vt 0.305930 0.530271
vt 0.303388 0.535457
vt 0.301695 0.534137
vt 0.112828 0.009766
vt 0.111248 0.012777
vt 0.110008 0.011732
vt 0.111229 0.009405
vt 0.071591 0.792656
vt 0.069909 0.792624
vt 0.212239 0.220231
vt 0.214315 0.217465
vt 0.216811 0.218831
vt 0.215531 0.222252
vt 0.379567 0.787825
vt 0.377246 0.782218
vt 0.213597 0.191348
vt 0.214689 0.193800
vt 0.212789 0.194895
vt 0.211272 0.192764
vt 0.099642 0.011368
vt 0.098828 0.008067
vt 0.100405 0.008091
vt 0.101035 0.010643
vt 0.390966 0.787421
vt 0.385797 0.790234
vt 0.207512 0.196730
vt 0.206166 0.199274
vt 0.204423 0.198494
vt 0.206004 0.195689
vt 0.303372 0.519259
vt 0.305930 0.524455
vt 0.303826 0.525000
vt 0.301753 0.520681
vt 0.209591 0.217827
vt 0.212203 0.215533
vt 0.071591 0.818942
vt 0.071592 0.821570
vt 0.069909 0.821538
vt 0.069909 0.818909
vt 0.377574 0.789182
vt 0.372888 0.785226
vt 0.207494 0.214997
vt 0.207843 0.219332
vt 0.205516 0.216132
vt 0.209850 0.198142
vt 0.208865 0.200268
vt 0.216305 0.190251
vt 0.216811 0.193097
vt 0.101034 0.005539
vt 0.099642 0.004766
vt 0.101896 0.002221
vt 0.102777 0.003571
vt 0.205973 0.211853
vt 0.209290 0.210599
vt 0.210513 0.213215
vt 0.209242 0.194568
vt 0.211150 0.196325
vt 0.214158 0.224383
vt 0.210750 0.222076
vt 0.376425 0.793720
vt 0.370427 0.795211
vt 0.370427 0.789915
vt 0.376440 0.791309
vt 0.293443 0.517256
vt 0.293103 0.515161
vt 0.298750 0.515872
vt 0.298014 0.517872
vt 0.392233 0.792563
vt 0.386359 0.792578
vt 0.202823 0.205163
vt 0.204907 0.205270
vt 0.205131 0.208548
vt 0.202976 0.208842
vt 0.071591 0.816313
vt 0.069909 0.816281
vt 0.287871 0.537482
vt 0.284184 0.533056
vt 0.286100 0.532046
vt 0.289087 0.535721
vt 0.372888 0.799900
vt 0.377531 0.795862
vt 0.110008 0.004448
vt 0.111248 0.003356
vt 0.112828 0.006367
vt 0.111229 0.006776
vt 0.069908 0.805767
vt 0.071591 0.805799
vt 0.071591 0.808427
vt 0.069909 0.808395
vt 0.105075 0.001015
vt 0.105235 0.002639
vt 0.210265 0.191336
vt 0.212829 0.189796
vt 0.390966 0.797705
vt 0.385767 0.794915
vt 0.108450 0.001425
vt 0.107844 0.002955
vt 0.069909 0.813652
vt 0.071591 0.813684
vt 0.205273 0.202146
vt 0.208259 0.202647
vt 0.208096 0.205215
vt 0.203855 0.212571
vt 0.387454 0.801669
vt 0.382503 0.803546
vt 0.381898 0.797550
vt 0.384157 0.796709
vt 0.208427 0.207893
vt 0.207978 0.193311
vt 0.071591 0.800542
vt 0.069908 0.800510
vt 0.284181 0.521739
vt 0.287839 0.517313
vt 0.289159 0.518990
vt 0.286147 0.522632
vt 0.379506 0.797244
vt 0.377246 0.802908
vt 0.282878 0.527393
vt 0.285052 0.527332
vt 0.071591 0.803170
vt 0.069908 0.803138
vt 0.203332 0.201679
vt 0.071591 0.811056
vt 0.069909 0.811024
vt 0.215578 0.188591
vt 0.214020 0.516327
vt 0.204504 0.511217
vt 0.208016 0.507253
vt 0.204503 0.521503
vt 0.203236 0.516360
vt 0.208016 0.525468
vt 0.212968 0.527346
vt 0.218226 0.526708
vt 0.222586 0.523699
vt 0.225047 0.519009
vt 0.225047 0.513712
vt 0.222586 0.509022
vt 0.218227 0.506013
vt 0.212969 0.505375
vt 0.641373 0.429378
vt 0.643554 0.430641
vt 0.641173 0.432876
vt 0.639504 0.430334
vt 0.642306 0.425676
vt 0.645407 0.426024
vt 0.639811 0.425505
vt 0.654900 0.393976
vt 0.649785 0.393717
vt 0.652008 0.390451
vt 0.655184 0.391242
vt 0.653792 0.388950
vt 0.653858 0.407724
vt 0.647068 0.407952
vt 0.647759 0.399647
vt 0.653991 0.399536
vt 0.296775 0.062271
vt 0.297976 0.062719
vt 0.298260 0.065452
vt 0.295923 0.064779
vt 0.659160 0.407826
vt 0.658496 0.398857
vt 0.300394 0.055369
vt 0.302975 0.057462
vt 0.301095 0.058891
vt 0.298910 0.057583
vt 0.644079 0.407777
vt 0.645483 0.399529
vt 0.647678 0.393353
vt 0.643207 0.399019
vt 0.645672 0.392859
vt 0.647942 0.388807
vt 0.649979 0.389628
vt 0.650185 0.385986
vt 0.652066 0.387415
vt 0.655339 0.388227
vt 0.654250 0.386107
vt 0.656385 0.390794
vt 0.302476 0.053179
vt 0.311221 0.047908
vt 0.313089 0.052207
vt 0.304989 0.056053
vt 0.653366 0.419670
vt 0.646252 0.418626
vt 0.645851 0.387806
vt 0.638347 0.385179
vt 0.640071 0.380731
vt 0.648172 0.384577
vt 0.643511 0.392062
vt 0.636458 0.390116
vt 0.298689 0.100903
vt 0.301936 0.099400
vt 0.304567 0.104536
vt 0.301876 0.106451
vt 0.640770 0.398325
vt 0.634134 0.396555
vt 0.638571 0.406886
vt 0.632202 0.405562
vt 0.631717 0.416264
vt 0.637801 0.417369
vt 0.641940 0.376432
vt 0.623576 0.376851
vt 0.624150 0.371803
vt 0.641347 0.407408
vt 0.640427 0.417846
vt 0.637455 0.425318
vt 0.643203 0.418213
vt 0.651225 0.427922
vt 0.648593 0.433058
vt 0.645841 0.436434
vt 0.633503 0.436278
vt 0.639113 0.434112
vt 0.643120 0.438747
vt 0.636714 0.442444
vt 0.648160 0.438691
vt 0.651285 0.434973
vt 0.645182 0.441417
vt 0.657502 0.420662
vt 0.654472 0.429426
vt 0.294000 0.079303
vt 0.299302 0.079201
vt 0.299794 0.091147
vt 0.295658 0.092139
vt 0.307978 0.112895
vt 0.310041 0.110224
vt 0.316446 0.113922
vt 0.315013 0.117178
vt 0.632140 0.431594
vt 0.637603 0.430561
vt 0.625889 0.445723
vt 0.623797 0.438868
vt 0.631711 0.425189
vt 0.620837 0.426025
vt 0.619567 0.415997
vt 0.619479 0.405235
vt 0.620278 0.395398
vt 0.621347 0.387315
vt 0.622451 0.381538
vt 0.327272 0.117202
vt 0.326894 0.120386
vt 0.622413 0.433751
vt 0.621183 0.381339
vt 0.622290 0.376538
vt 0.620087 0.387243
vt 0.619053 0.395407
vt 0.618304 0.405135
vt 0.618304 0.415989
vt 0.619598 0.426240
vt 0.621152 0.433865
vt 0.624579 0.446025
vt 0.622533 0.439121
vt 0.622833 0.371657
vt 0.652766 0.383893
vt 0.650684 0.381703
vt 0.328583 0.117503
vt 0.328253 0.120533
vt 0.313657 0.101811
vt 0.311988 0.104354
vt 0.309607 0.102119
vt 0.311788 0.100855
vt 0.307753 0.097502
vt 0.310855 0.097154
vt 0.313350 0.096983
vt 0.301153 0.061927
vt 0.303375 0.065193
vt 0.299369 0.060427
vt 0.305401 0.071124
vt 0.306093 0.079429
vt 0.299170 0.071012
vt 0.307678 0.071006
vt 0.309082 0.079253
vt 0.305483 0.064829
vt 0.307488 0.064335
vt 0.309953 0.070496
vt 0.303181 0.061104
vt 0.305218 0.060283
vt 0.306908 0.090103
vt 0.314813 0.056656
vt 0.307310 0.059283
vt 0.316703 0.061593
vt 0.309650 0.063539
vt 0.319027 0.068031
vt 0.312390 0.069801
vt 0.320959 0.077039
vt 0.314590 0.078363
vt 0.321444 0.087741
vt 0.315360 0.088847
vt 0.311814 0.078885
vt 0.312733 0.089323
vt 0.315705 0.096796
vt 0.309958 0.089690
vt 0.307319 0.107912
vt 0.314048 0.105590
vt 0.319658 0.107756
vt 0.315558 0.102039
vt 0.321021 0.103071
vt 0.329364 0.110346
vt 0.321450 0.096667
vt 0.333594 0.087474
vt 0.332324 0.097502
vt 0.333682 0.076712
vt 0.332883 0.066875
vt 0.331814 0.058792
vt 0.330710 0.053015
vt 0.329585 0.048328
vt 0.330748 0.105228
vt 0.330872 0.048014
vt 0.331978 0.052815
vt 0.333075 0.058720
vt 0.334108 0.066884
vt 0.334858 0.076612
vt 0.334858 0.087466
vt 0.333564 0.097718
vt 0.332009 0.105343
vt 0.330628 0.110599
vt 0.657238 0.393303
vt 0.294665 0.070334
vt 0.626267 0.448907
vt 0.624908 0.449055
vt 0.329011 0.043279
vt 0.330328 0.043133
vt 0.638147 0.445700
vt 0.305001 0.110169
vt 0.297822 0.059703
vt 0.228562 0.103370
vt 0.229865 0.104772
vt 0.228937 0.106089
vt 0.227097 0.105136
vt 0.230373 0.102114
vt 0.231195 0.103936
vt 0.227417 0.111950
vt 0.226460 0.109780
vt 0.228517 0.109341
vt 0.229087 0.110914
vt 0.233194 0.115155
vt 0.230959 0.114755
vt 0.231561 0.112889
vt 0.233088 0.113050
vt 0.239311 0.106893
vt 0.237255 0.107331
vt 0.236685 0.105759
vt 0.238355 0.104724
vt 0.228904 0.113749
vt 0.230201 0.112101
vt 0.232580 0.101518
vt 0.232686 0.103623
vt 0.228399 0.107661
vt 0.226460 0.107398
vt 0.234578 0.112736
vt 0.235401 0.114558
vt 0.232997 0.110916
vt 0.233818 0.110724
vt 0.230862 0.109706
vt 0.231423 0.110371
vt 0.237372 0.109011
vt 0.236836 0.110583
vt 0.235024 0.109537
vt 0.235268 0.108684
vt 0.231251 0.106428
vt 0.230749 0.107135
vt 0.233611 0.105881
vt 0.234212 0.103784
vt 0.235572 0.104572
vt 0.234350 0.106301
vt 0.232776 0.105757
vt 0.231955 0.105949
vt 0.234521 0.110244
vt 0.235908 0.111900
vt 0.230503 0.107989
vt 0.230556 0.108877
vt 0.236869 0.102925
vt 0.234814 0.101918
vt 0.237211 0.113301
vt 0.239311 0.109274
vt 0.238675 0.111534
vt 0.234910 0.106967
vt 0.235216 0.107795
vt 0.232161 0.110792
vt 0.104426 0.267627
vt 0.126050 0.255407
vt 0.125150 0.283934
vt 0.091273 0.298513
vt 0.116675 0.487044
vt 0.118857 0.467960
vt 0.132350 0.471749
vt 0.123388 0.499171
vt 0.112539 0.509752
vt 0.107161 0.490681
vt 0.105496 0.465027
vt 0.147427 0.090323
vt 0.149822 0.097965
vt 0.138692 0.097375
vt 0.138919 0.086667
vt 0.095534 0.044210
vt 0.097695 0.032656
vt 0.120175 0.040344
vt 0.115152 0.050380
vt 0.357459 0.422239
vt 0.359187 0.390469
vt 0.411974 0.363688
vt 0.407740 0.401727
vt 0.047198 0.257658
vt 0.056981 0.225924
vt 0.082704 0.239192
vt 0.058880 0.277328
vt 0.027601 0.288793
vt 0.025303 0.265389
vt 0.027624 0.219650
vt 0.134896 0.553686
vt 0.120251 0.529612
vt 0.134052 0.511726
vt 0.144465 0.518437
vt 0.119733 0.558969
vt 0.111736 0.534242
vt 0.144866 0.602567
vt 0.131192 0.602286
vt 0.154150 0.522348
vt 0.149507 0.560936
vt 0.168629 0.385544
vt 0.190781 0.378796
vt 0.197875 0.399480
vt 0.174858 0.399487
vt 0.157717 0.668452
vt 0.155335 0.651984
vt 0.166933 0.654135
vt 0.189953 0.362770
vt 0.198926 0.364838
vt 0.138361 0.446365
vt 0.130120 0.436774
vt 0.145858 0.412452
vt 0.151513 0.440052
vt 0.121953 0.435416
vt 0.100150 0.493354
vt 0.093715 0.472743
vt 0.096191 0.455758
vt 0.115105 0.432772
vt 0.089997 0.463529
vt 0.140777 0.051150
vt 0.143462 0.048570
vt 0.158585 0.059385
vt 0.155751 0.062223
vt 0.066273 0.037072
vt 0.068199 0.024947
vt 0.166252 0.093073
vt 0.160057 0.079564
vt 0.166622 0.075341
vt 0.172599 0.090745
vt 0.098101 0.027894
vt 0.117613 0.035905
vt 0.069107 0.019351
vt 0.034175 0.019504
vt 0.034893 0.014575
vt 0.035746 0.002419
vt 0.000984 0.012884
vt 0.000978 0.001046
vt 0.293216 0.642680
vt 0.340288 0.640923
vt 0.340368 0.645303
vt 0.293581 0.648494
vt 0.111256 0.061796
vt 0.134188 0.058085
vt 0.128393 0.067164
vt 0.356984 0.639586
vt 0.357666 0.644028
vt 0.146327 0.045271
vt 0.162016 0.056686
vt 0.371294 0.635121
vt 0.373417 0.638489
vt 0.171849 0.071690
vt 0.169022 0.073763
vt 0.178165 0.088245
vt 0.174856 0.089694
vt 0.029893 0.045684
vt 0.032276 0.031832
vt 0.066393 0.050952
vt 0.096393 0.057585
vt 0.177911 0.122851
vt 0.171620 0.123050
vt 0.169665 0.107849
vt 0.175625 0.106943
vt 0.000992 0.030159
vt 0.000986 0.017705
vt 0.163350 0.123627
vt 0.161870 0.109044
vt 0.159256 0.095607
vt 0.154030 0.084093
vt 0.198276 0.644322
vt 0.230249 0.643762
vt 0.230615 0.650043
vt 0.198275 0.650426
vt 0.263829 0.642832
vt 0.263878 0.649004
vt 0.355550 0.631452
vt 0.367487 0.628709
vt 0.387850 0.610791
vt 0.394842 0.615388
vt 0.384427 0.626792
vt 0.378501 0.621496
vt 0.401820 0.602626
vt 0.394204 0.599152
vt 0.400713 0.570286
vt 0.408743 0.570116
vt 0.407537 0.581244
vt 0.399571 0.580535
vt 0.415748 0.398836
vt 0.419481 0.360850
vt 0.397554 0.589963
vt 0.405381 0.591864
vt 0.398153 0.617540
vt 0.387247 0.629413
vt 0.405294 0.604258
vt 0.182461 0.105560
vt 0.184198 0.122586
vt 0.180555 0.122769
vt 0.178362 0.106445
vt 0.124764 0.188511
vt 0.104100 0.185068
vt 0.104938 0.169063
vt 0.129772 0.171031
vt 0.151024 0.110325
vt 0.151960 0.124367
vt 0.094727 0.076782
vt 0.109791 0.079273
vt 0.124280 0.082030
vt 0.143284 0.074209
vt 0.059882 0.450689
vt 0.074382 0.468538
vt 0.055750 0.472705
vt 0.044868 0.449507
vt 0.142254 0.124869
vt 0.139767 0.110592
vt 0.125186 0.125225
vt 0.122407 0.109693
vt 0.122444 0.094531
vt 0.108338 0.124486
vt 0.107389 0.108403
vt 0.028301 0.069374
vt 0.064483 0.072746
vt 0.146348 0.334825
vt 0.149156 0.302721
vt 0.161447 0.343307
vt 0.000999 0.043372
vt 0.001004 0.426702
vt 0.001014 0.396255
vt 0.039643 0.394914
vt 0.032792 0.423146
vt 0.045935 0.419934
vt 0.028941 0.450335
vt 0.341585 0.581536
vt 0.350731 0.595726
vt 0.346296 0.571083
vt 0.361805 0.181801
vt 0.369258 0.208280
vt 0.302001 0.201553
vt 0.305154 0.178224
vt 0.349904 0.559550
vt 0.400209 0.544304
vt 0.400841 0.559057
vt 0.343778 0.574691
vt 0.177197 0.442793
vt 0.197701 0.447601
vt 0.346046 0.149616
vt 0.353231 0.146375
vt 0.362296 0.160628
vt 0.353623 0.161574
vt 0.411424 0.581484
vt 0.409096 0.592753
vt 0.185129 0.136734
vt 0.186832 0.150410
vt 0.183362 0.151252
vt 0.181758 0.137112
vt 0.180107 0.151608
vt 0.179174 0.137335
vt 0.335589 0.138108
vt 0.322291 0.177299
vt 0.152898 0.138908
vt 0.153446 0.154092
vt 0.144239 0.154711
vt 0.143794 0.139511
vt 0.130968 0.155214
vt 0.129031 0.140287
vt 0.071671 0.007168
vt 0.102482 0.017853
vt 0.087793 0.123381
vt 0.090117 0.107826
vt 0.092987 0.091452
vt 0.107973 0.092712
vt 0.063105 0.108382
vt 0.063287 0.090514
vt 0.029361 0.109692
vt 0.028590 0.090550
vt 0.001027 0.110061
vt 0.001019 0.090617
vt 0.001010 0.068610
vt 0.001052 0.218666
vt 0.001050 0.196869
vt 0.028819 0.197152
vt 0.001051 0.265907
vt 0.028921 0.175999
vt 0.060075 0.178143
vt 0.059016 0.199170
vt 0.001046 0.175051
vt 0.083483 0.181507
vt 0.085429 0.202666
vt 0.102262 0.210186
vt 0.095326 0.250072
vt 0.064477 0.289780
vt 0.029952 0.298326
vt 0.001045 0.298643
vt 0.001047 0.289526
vt 0.035487 0.313192
vt 0.057717 0.311553
vt 0.054917 0.319592
vt 0.037911 0.320368
vt 0.001040 0.319649
vt 0.001042 0.313348
vt 0.039436 0.328776
vt 0.001037 0.327617
vt 0.001033 0.338676
vt 0.040669 0.342896
vt 0.041086 0.366197
vt 0.001025 0.363728
vt 0.053202 0.344631
vt 0.052619 0.368141
vt 0.051368 0.393970
vt 0.066192 0.369602
vt 0.062558 0.394015
vt 0.055183 0.419131
vt 0.108701 0.398309
vt 0.121620 0.404856
vt 0.100339 0.427619
vt 0.087206 0.415916
vt 0.026181 0.474305
vt 0.000992 0.473223
vt 0.000997 0.450751
vt 0.095564 0.538378
vt 0.101168 0.565688
vt 0.140303 0.385525
vt 0.149108 0.392566
vt 0.134973 0.408533
vt 0.078965 0.479827
vt 0.084246 0.497049
vt 0.064104 0.499426
vt 0.059807 0.483097
vt 0.340061 0.631508
vt 0.293754 0.630012
vt 0.105880 0.513129
vt 0.075192 0.569203
vt 0.071929 0.541740
vt 0.068148 0.518368
vt 0.089468 0.516172
vt 0.027932 0.544742
vt 0.027082 0.518910
vt 0.026329 0.499223
vt 0.000983 0.518548
vt 0.000987 0.498925
vt 0.000989 0.483791
vt 0.025742 0.484011
vt 0.326493 0.286312
vt 0.400783 0.279292
vt 0.412199 0.321246
vt 0.356625 0.341478
vt 0.408956 0.557878
vt 0.413026 0.557220
vt 0.412816 0.569942
vt 0.189109 0.164522
vt 0.191762 0.179654
vt 0.188918 0.180515
vt 0.185678 0.165553
vt 0.184701 0.181647
vt 0.182118 0.166128
vt 0.165670 0.185963
vt 0.150967 0.188107
vt 0.153135 0.170343
vt 0.165862 0.168725
vt 0.165430 0.153066
vt 0.165619 0.206823
vt 0.147278 0.209847
vt 0.140143 0.188666
vt 0.143380 0.170924
vt 0.105492 0.154294
vt 0.083482 0.166131
vt 0.084508 0.152111
vt 0.086161 0.137977
vt 0.107566 0.139500
vt 0.062453 0.149960
vt 0.063346 0.136955
vt 0.063441 0.123431
vt 0.030386 0.136495
vt 0.030173 0.123735
vt 0.001036 0.136356
vt 0.001032 0.123574
vt 0.001043 0.161658
vt 0.001040 0.148955
vt 0.030031 0.148877
vt 0.029386 0.161839
vt 0.061217 0.163257
vt 0.116576 0.216019
vt 0.133280 0.213119
vt 0.144764 0.249260
vt 0.147630 0.277453
vt 0.123594 0.304808
vt 0.118107 0.329096
vt 0.077081 0.329359
vt 0.082991 0.313709
vt 0.053884 0.329398
vt 0.070914 0.347505
vt 0.110580 0.350019
vt 0.103909 0.370726
vt 0.138416 0.357908
vt 0.126994 0.375832
vt 0.089262 0.395181
vt 0.069861 0.419521
vt 0.079087 0.445221
vt 0.152828 0.396230
vt 0.140123 0.409928
vt 0.154712 0.368924
vt 0.163822 0.380055
vt 0.157389 0.403526
vt 0.163764 0.441532
vt 0.169442 0.483185
vt 0.158161 0.478908
vt 0.145553 0.475172
vt 0.169954 0.632523
vt 0.156895 0.634051
vt 0.156025 0.602320
vt 0.169583 0.601117
vt 0.146747 0.634934
vt 0.146220 0.652695
vt 0.135623 0.654088
vt 0.134004 0.636272
vt 0.104891 0.603170
vt 0.107910 0.637835
vt 0.078080 0.636762
vt 0.077570 0.603697
vt 0.030915 0.635820
vt 0.029433 0.602826
vt 0.028369 0.572144
vt 0.000978 0.601313
vt 0.000978 0.572525
vt 0.000980 0.545435
vt 0.110569 0.673412
vt 0.109541 0.655044
vt 0.140774 0.672476
vt 0.229203 0.184645
vt 0.230610 0.130914
vt 0.263893 0.130881
vt 0.276342 0.181790
vt 0.408448 0.542222
vt 0.407100 0.518958
vt 0.409542 0.517821
vt 0.411940 0.541214
vt 0.196527 0.198300
vt 0.203491 0.225056
vt 0.199100 0.226741
vt 0.193020 0.199565
vt 0.194368 0.228528
vt 0.188857 0.200670
vt 0.173586 0.271069
vt 0.188867 0.266138
vt 0.193388 0.302585
vt 0.176957 0.304385
vt 0.180338 0.633843
vt 0.175264 0.655942
vt 0.169180 0.239126
vt 0.182838 0.232686
vt 0.166467 0.565961
vt 0.177889 0.568818
vt 0.181082 0.603187
vt 0.169526 0.526968
vt 0.180611 0.530677
vt 0.210445 0.332586
vt 0.212644 0.364396
vt 0.197633 0.335858
vt 0.210888 0.450706
vt 0.195570 0.489660
vt 0.183704 0.486439
vt 0.164564 0.138264
vt 0.172567 0.137762
vt 0.157388 0.681915
vt 0.150410 0.670637
vt 0.164781 0.678577
vt 0.034606 0.674649
vt 0.037338 0.688618
vt 0.000983 0.689726
vt 0.000981 0.675494
vt 0.077505 0.654590
vt 0.032234 0.654799
vt 0.000979 0.655623
vt 0.000978 0.636359
vt 0.323111 0.179770
vt 0.330442 0.135349
vt 0.406206 0.491154
vt 0.408322 0.459893
vt 0.410648 0.459004
vt 0.408384 0.489987
vt 0.210375 0.256708
vt 0.216668 0.292271
vt 0.211942 0.295095
vt 0.205846 0.258800
vt 0.206356 0.297994
vt 0.200507 0.261228
vt 0.076177 0.686743
vt 0.076682 0.673564
vt 0.110341 0.685891
vt 0.216319 0.330392
vt 0.222220 0.328098
vt 0.223817 0.362613
vt 0.218464 0.363701
vt 0.225693 0.405649
vt 0.220191 0.405459
vt 0.214121 0.404930
vt 0.222378 0.453383
vt 0.216678 0.452185
vt 0.206509 0.494548
vt 0.201043 0.492048
vt 0.192230 0.536250
vt 0.186270 0.533338
vt 0.189372 0.572791
vt 0.183758 0.570750
vt 0.192304 0.606353
vt 0.186745 0.604831
vt 0.190913 0.636939
vt 0.185517 0.635245
vt 0.184482 0.658750
vt 0.179809 0.657221
vt 0.339218 0.133235
vt 0.340076 0.131366
vt 0.354933 0.145365
vt 0.169381 0.681896
vt 0.174720 0.684393
vt 0.165601 0.691982
vt 0.161518 0.686907
vt 0.152482 0.694475
vt 0.149639 0.689580
vt 0.146240 0.684204
vt 0.110594 0.697483
vt 0.110492 0.691863
vt 0.178076 0.203855
vt 0.175621 0.183854
vt 0.038461 0.694967
vt 0.000983 0.696124
vt 0.076617 0.692893
vt 0.077125 0.698974
vt 0.038953 0.700974
vt 0.289580 0.120040
vt 0.289953 0.123905
vt 0.262121 0.123590
vt 0.261797 0.119201
vt 0.323060 0.126160
vt 0.322888 0.133622
vt 0.291890 0.131325
vt 0.419449 0.319792
vt 0.324658 0.178915
vt 0.381313 0.240531
vt 0.390614 0.242445
vt 0.406645 0.281376
vt 0.380022 0.210055
vt 0.364632 0.160253
vt 0.375613 0.182112
vt 0.371108 0.182542
vt 0.403634 0.428754
vt 0.412155 0.428580
vt 0.399069 0.460904
vt 0.385566 0.210081
vt 0.396746 0.242102
vt 0.411896 0.280146
vt 0.423416 0.318781
vt 0.198276 0.131152
vt 0.198276 0.122787
vt 0.230100 0.123275
vt 0.423887 0.360640
vt 0.419835 0.398429
vt 0.415028 0.428263
vt 0.319444 0.240212
vt 0.305950 0.161199
vt 0.308367 0.161860
vt 0.198277 0.184412
vt 0.348735 0.566067
vt 0.345804 0.594913
vt 0.198275 0.118145
vt 0.229753 0.118831
vt 0.000984 0.702091
vt 0.308877 0.178791
vt 0.331955 0.128971
vt 0.332616 0.126606
vt 0.323030 0.122955
vt 0.178458 0.343676
vt 0.174550 0.167409
vt 0.173675 0.152304
vt 0.149387 0.067708
vt 0.264194 0.629199
vt 0.228267 0.533852
vt 0.268840 0.537708
vt 0.229856 0.630155
vt 0.353933 0.432127
vt 0.344864 0.584757
vt 0.198276 0.631251
vt 0.198279 0.530925
vt 0.299606 0.545042
vt 0.343525 0.576061
vt 0.396786 0.493359
vt 0.398395 0.522174
vt 0.344945 0.507253
vt 0.345802 0.467233
vt 0.350020 0.542251
vt 0.342031 0.577697
vt 0.351399 0.586350
vt 0.672602 0.060105
vt 0.655255 0.055458
vt 0.660272 0.048832
vt 0.671865 0.054148
vt 0.450589 0.013386
vt 0.443157 0.024489
vt 0.440971 0.026297
vt 0.449279 0.012687
vt 0.451258 0.010977
vt 0.454461 0.009506
vt 0.452316 0.011651
vt 0.709921 0.262077
vt 0.712339 0.290981
vt 0.678433 0.290944
vt 0.673890 0.263597
vt 0.689065 0.414374
vt 0.686556 0.412525
vt 0.689748 0.413294
vt 0.652484 0.110130
vt 0.648253 0.085500
vt 0.670759 0.082662
vt 0.672848 0.101246
vt 0.470842 0.422649
vt 0.467916 0.413046
vt 0.483197 0.411731
vt 0.481671 0.422320
vt 0.452334 0.014128
vt 0.447309 0.025201
vt 0.445363 0.024535
vt 0.438558 0.031288
vt 0.439573 0.031158
vt 0.428834 0.048231
vt 0.428019 0.047163
vt 0.673999 0.396630
vt 0.668244 0.384410
vt 0.669057 0.384313
vt 0.676778 0.400028
vt 0.655081 0.132972
vt 0.664263 0.129601
vt 0.666474 0.145710
vt 0.660655 0.149218
vt 0.664649 0.365522
vt 0.673422 0.384930
vt 0.660385 0.364472
vt 0.682080 0.402046
vt 0.476639 0.430342
vt 0.668247 0.043440
vt 0.828520 0.038367
vt 0.774287 0.039658
vt 0.774753 0.028967
vt 0.828539 0.026844
vt 0.680945 0.119700
vt 0.686035 0.402202
vt 0.689374 0.411717
vt 0.684931 0.411084
vt 0.455345 0.016569
vt 0.682241 0.127158
vt 0.673587 0.320118
vt 0.668478 0.291221
vt 0.683820 0.319319
vt 0.427391 0.046272
vt 0.678423 0.386535
vt 0.671591 0.366559
vt 0.658988 0.342260
vt 0.666306 0.343463
vt 0.675976 0.367157
vt 0.681836 0.387615
vt 0.671413 0.343834
vt 0.678469 0.344141
vt 0.680931 0.367824
vt 0.665768 0.320742
vt 0.686962 0.345232
vt 0.658374 0.264427
vt 0.656836 0.239147
vt 0.662566 0.238137
vt 0.665029 0.264018
vt 0.714310 0.351403
vt 0.715060 0.320850
vt 0.708877 0.218546
vt 0.769675 0.216657
vt 0.770320 0.232111
vt 0.708965 0.233086
vt 0.705129 0.167009
vt 0.708187 0.202684
vt 0.670735 0.211541
vt 0.671780 0.185457
vt 0.670335 0.224521
vt 0.769009 0.201064
vt 0.828442 0.135962
vt 0.828448 0.169241
vt 0.769017 0.169743
vt 0.769127 0.137541
vt 0.828466 0.201339
vt 0.828477 0.216971
vt 0.769870 0.111505
vt 0.770713 0.094633
vt 0.828456 0.095918
vt 0.828449 0.109111
vt 0.710591 0.141684
vt 0.714753 0.109315
vt 0.714755 0.101903
vt 0.770866 0.088802
vt 0.714940 0.088101
vt 0.674085 0.160420
vt 0.678719 0.140843
vt 0.714735 0.124312
vt 0.714140 0.376107
vt 0.686797 0.369301
vt 0.670848 0.236998
vt 0.660666 0.291602
vt 0.659649 0.319777
vt 0.655405 0.291930
vt 0.653374 0.264619
vt 0.653518 0.339458
vt 0.648525 0.312295
vt 0.652905 0.316466
vt 0.649856 0.289688
vt 0.647889 0.264861
vt 0.688100 0.402295
vt 0.691126 0.411792
vt 0.652897 0.217086
vt 0.656388 0.194220
vt 0.659667 0.191906
vt 0.657079 0.215463
vt 0.661830 0.226090
vt 0.662073 0.213974
vt 0.454677 0.034739
vt 0.461320 0.033639
vt 0.463115 0.054954
vt 0.452348 0.054207
vt 0.666405 0.165980
vt 0.664331 0.189724
vt 0.662196 0.169630
vt 0.652170 0.240424
vt 0.656575 0.227058
vt 0.652135 0.228550
vt 0.645500 0.287143
vt 0.659189 0.171954
vt 0.650533 0.198311
vt 0.653727 0.176011
vt 0.693175 0.412047
vt 0.690593 0.402386
vt 0.651852 0.338552
vt 0.647158 0.311331
vt 0.659045 0.364343
vt 0.667041 0.384335
vt 0.657661 0.364171
vt 0.422158 0.075959
vt 0.420858 0.074832
vt 0.423250 0.077347
vt 0.685958 0.389063
vt 0.691024 0.390362
vt 0.441539 0.031942
vt 0.430891 0.049979
vt 0.443529 0.032731
vt 0.428268 0.081816
vt 0.432907 0.113551
vt 0.427927 0.112299
vt 0.424775 0.079901
vt 0.456629 0.009042
vt 0.459517 0.008364
vt 0.459283 0.016756
vt 0.454634 0.010074
vt 0.691280 0.413611
vt 0.690643 0.415276
vt 0.694156 0.402186
vt 0.696006 0.412375
vt 0.828459 0.090793
vt 0.771306 0.078765
vt 0.828467 0.080882
vt 0.828477 0.070673
vt 0.772187 0.068864
vt 0.828489 0.232440
vt 0.432907 0.051474
vt 0.646522 0.241954
vt 0.646444 0.230777
vt 0.716070 0.075605
vt 0.717518 0.395397
vt 0.719856 0.404280
vt 0.455980 0.027123
vt 0.450856 0.026461
vt 0.644793 0.263851
vt 0.643886 0.243005
vt 0.447647 0.033766
vt 0.650213 0.337598
vt 0.646315 0.310494
vt 0.423516 0.108835
vt 0.421883 0.107487
vt 0.424421 0.110120
vt 0.439606 0.052749
vt 0.439695 0.083045
vt 0.646861 0.220353
vt 0.460966 0.027254
vt 0.693295 0.414069
vt 0.693204 0.415655
vt 0.828586 0.399236
vt 0.828587 0.409503
vt 0.777242 0.407810
vt 0.776546 0.399271
vt 0.657418 0.151911
vt 0.651517 0.134827
vt 0.497552 0.032363
vt 0.499880 0.054518
vt 0.773953 0.046066
vt 0.828509 0.046137
vt 0.828490 0.059736
vt 0.773140 0.058291
vt 0.496930 0.024741
vt 0.646505 0.202572
vt 0.648506 0.180261
vt 0.643890 0.232851
vt 0.644294 0.223052
vt 0.779734 0.416066
vt 0.723000 0.413799
vt 0.643437 0.263619
vt 0.642742 0.243202
vt 0.643965 0.286557
vt 0.455767 0.116821
vt 0.453998 0.084176
vt 0.462316 0.085271
vt 0.462957 0.117518
vt 0.643215 0.285882
vt 0.420023 0.163309
vt 0.420895 0.136525
vt 0.422465 0.137588
vt 0.421363 0.164109
vt 0.424072 0.138576
vt 0.427740 0.140126
vt 0.432799 0.141567
vt 0.462110 0.017070
vt 0.495824 0.012914
vt 0.561976 0.010027
vt 0.563392 0.023965
vt 0.652222 0.156029
vt 0.645477 0.138258
vt 0.462610 0.007821
vt 0.696085 0.414300
vt 0.695916 0.415935
vt 0.646718 0.111821
vt 0.717242 0.063480
vt 0.718237 0.044217
vt 0.718006 0.050628
vt 0.671843 0.070610
vt 0.718389 0.033322
vt 0.640925 0.086765
vt 0.464198 0.148697
vt 0.456339 0.146784
vt 0.642181 0.263389
vt 0.641358 0.243413
vt 0.419784 0.188156
vt 0.419096 0.187785
vt 0.422890 0.164926
vt 0.421038 0.188526
vt 0.426253 0.166727
vt 0.444363 0.115136
vt 0.444412 0.144116
vt 0.423856 0.189596
vt 0.427188 0.191051
vt 0.425293 0.209846
vt 0.422310 0.209724
vt 0.636987 0.066494
vt 0.628544 0.064711
vt 0.640589 0.041024
vt 0.646442 0.046699
vt 0.780450 0.417847
vt 0.723601 0.415853
vt 0.642869 0.112840
vt 0.636754 0.115547
vt 0.629045 0.088115
vt 0.635982 0.087285
vt 0.494971 0.004361
vt 0.723936 0.417791
vt 0.564558 0.032540
vt 0.567832 0.052060
vt 0.649913 0.068957
vt 0.456861 0.178847
vt 0.442398 0.174597
vt 0.642217 0.067514
vt 0.641999 0.141085
vt 0.634955 0.118157
vt 0.647538 0.159658
vt 0.775213 0.017546
vt 0.775399 0.010424
vt 0.828570 0.009901
vt 0.828557 0.017006
vt 0.828588 0.417632
vt 0.644940 0.203577
vt 0.647641 0.181390
vt 0.642934 0.223527
vt 0.418558 0.210037
vt 0.416988 0.210117
vt 0.642670 0.233322
vt 0.641425 0.233725
vt 0.641598 0.224010
vt 0.417823 0.220444
vt 0.416259 0.220961
vt 0.419391 0.209920
vt 0.430803 0.169211
vt 0.419135 0.220030
vt 0.422068 0.219458
vt 0.421962 0.230092
vt 0.418724 0.231328
vt 0.654039 0.038151
vt 0.649335 0.031137
vt 0.659810 0.023323
vt 0.663407 0.031176
vt 0.774893 0.022084
vt 0.828550 0.020723
vt 0.718555 0.025990
vt 0.665539 0.036577
vt 0.435346 0.211060
vt 0.434886 0.217645
vt 0.425166 0.218863
vt 0.503619 0.084524
vt 0.508460 0.117528
vt 0.650168 0.050697
vt 0.656879 0.043093
vt 0.455341 0.200571
vt 0.438409 0.195349
vt 0.467183 0.181351
vt 0.643948 0.204539
vt 0.646509 0.182485
vt 0.416748 0.232781
vt 0.418155 0.232025
vt 0.417780 0.255799
vt 0.416187 0.257151
vt 0.419390 0.254632
vt 0.426808 0.249515
vt 0.428929 0.274007
vt 0.424082 0.277114
vt 0.422776 0.252192
vt 0.572951 0.078407
vt 0.614908 0.050453
vt 0.614918 0.080348
vt 0.560362 0.001390
vt 0.614893 0.000989
vt 0.614895 0.010010
vt 0.614899 0.022387
vt 0.780983 0.419460
vt 0.717551 0.012106
vt 0.718505 0.020673
vt 0.645104 0.026383
vt 0.656460 0.017774
vt 0.512981 0.151865
vt 0.517085 0.184451
vt 0.623498 0.090417
vt 0.621450 0.064334
vt 0.717764 0.006216
vt 0.775805 0.004748
vt 0.828582 0.004006
vt 0.640611 0.142036
vt 0.633655 0.119448
vt 0.646522 0.160511
vt 0.469165 0.202555
vt 0.470297 0.210756
vt 0.454320 0.212693
vt 0.645633 0.161360
vt 0.423609 0.307266
vt 0.417376 0.283596
vt 0.418972 0.282066
vt 0.424765 0.305990
vt 0.420583 0.280520
vt 0.425216 0.228806
vt 0.580890 0.149228
vt 0.580252 0.182388
vt 0.578181 0.113015
vt 0.828588 0.418820
vt 0.828588 0.420549
vt 0.520261 0.198168
vt 0.522431 0.205455
vt 0.622227 0.091273
vt 0.639345 0.142962
vt 0.633024 0.120541
vt 0.432458 0.323782
vt 0.431348 0.324617
vt 0.426051 0.304638
vt 0.433898 0.322855
vt 0.429428 0.301697
vt 0.441544 0.318478
vt 0.443998 0.340984
vt 0.438372 0.341898
vt 0.437211 0.320908
vt 0.434983 0.225651
vt 0.470651 0.213934
vt 0.454152 0.216114
vt 0.614936 0.147240
vt 0.614942 0.177088
vt 0.614928 0.113001
vt 0.614581 0.470980
vt 0.566934 0.469107
vt 0.567275 0.466973
vt 0.614593 0.468658
vt 0.614567 0.473560
vt 0.566455 0.471481
vt 0.566704 0.470179
vt 0.614574 0.472180
vt 0.614901 0.030067
vt 0.523440 0.208436
vt 0.524385 0.211220
vt 0.470948 0.217142
vt 0.437874 0.244696
vt 0.655590 0.016516
vt 0.717864 0.004799
vt 0.635304 0.037572
vt 0.619682 0.064405
vt 0.633746 0.036871
vt 0.471701 0.228806
vt 0.474597 0.251466
vt 0.459238 0.258245
vt 0.454798 0.236621
vt 0.620753 0.092234
vt 0.433749 0.374235
vt 0.432229 0.345193
vt 0.433280 0.344332
vt 0.435355 0.373479
vt 0.434897 0.343416
vt 0.434128 0.299066
vt 0.441560 0.267291
vt 0.447657 0.292030
vt 0.453965 0.220321
vt 0.577136 0.206782
vt 0.576685 0.209848
vt 0.578817 0.195897
vt 0.577575 0.203715
vt 0.618418 0.064539
vt 0.632148 0.036133
vt 0.775937 0.003323
vt 0.717999 0.003395
vt 0.776085 0.001904
vt 0.828585 0.002524
vt 0.828588 0.001007
vt 0.465881 0.284546
vt 0.478556 0.281516
vt 0.643866 0.025371
vt 0.642560 0.024288
vt 0.435906 0.401662
vt 0.437452 0.401000
vt 0.445272 0.429045
vt 0.444335 0.429676
vt 0.436793 0.372693
vt 0.439057 0.400130
vt 0.438431 0.370661
vt 0.515306 0.465610
vt 0.515779 0.464752
vt 0.576044 0.219197
vt 0.526081 0.220337
vt 0.614944 0.194182
vt 0.614606 0.466029
vt 0.567618 0.464384
vt 0.568298 0.458735
vt 0.614634 0.460085
vt 0.441503 0.398420
vt 0.449230 0.426442
vt 0.446599 0.428173
vt 0.516458 0.462576
vt 0.462977 0.449542
vt 0.464513 0.447410
vt 0.455879 0.438699
vt 0.453709 0.440730
vt 0.514833 0.466834
vt 0.461365 0.452284
vt 0.462023 0.450757
vt 0.654648 0.015223
vt 0.481760 0.312557
vt 0.482826 0.343601
vt 0.472881 0.342993
vt 0.471814 0.312099
vt 0.454862 0.314369
vt 0.452217 0.442139
vt 0.452815 0.441620
vt 0.443382 0.397119
vt 0.450872 0.424461
vt 0.441537 0.369641
vt 0.457646 0.342140
vt 0.453642 0.370173
vt 0.527679 0.312495
vt 0.528796 0.277572
vt 0.574188 0.274219
vt 0.573529 0.308684
vt 0.614945 0.208350
vt 0.614946 0.217204
vt 0.614945 0.205579
vt 0.469562 0.371514
vt 0.527726 0.241981
vt 0.465883 0.445437
vt 0.517187 0.460218
vt 0.457607 0.436711
vt 0.575338 0.241011
vt 0.614691 0.447423
vt 0.569304 0.444711
vt 0.569550 0.439014
vt 0.614712 0.442449
vt 0.526378 0.344643
vt 0.614945 0.202627
vt 0.450673 0.395231
vt 0.465966 0.392781
vt 0.456438 0.419101
vt 0.462165 0.431380
vt 0.481619 0.392450
vt 0.571586 0.375030
vt 0.525403 0.374188
vt 0.572553 0.343245
vt 0.614947 0.239790
vt 0.614947 0.273663
vt 0.518802 0.455429
vt 0.469528 0.440679
vt 0.482517 0.371669
vt 0.614941 0.308767
vt 0.569863 0.430731
vt 0.614744 0.434176
vt 0.522630 0.423898
vt 0.524162 0.397795
vt 0.570741 0.404118
vt 0.520891 0.442583
vt 0.521675 0.435165
vt 0.614923 0.342487
vt 0.614831 0.405621
vt 0.614887 0.374687
s 1
usemtl Executive_Office_Chair
f 1/1/1 2/2/2 3/3/3
f 6/4/4 8/5/5 9/6/6
f 5/7/7 98/8/8 80/9/9 31/10/10
f 7/11/11 11/12/12 50/13/13 10/14/14
f 11/12/12 7/11/11 107/15/15 61/16/16
f 45/17/17 46/18/18 15/19/19 16/20/20
f 131/21/21 16/20/20 15/19/19 103/22/22
f 60/23/23 108/24/24 9/6/6
f 36/25/25 37/26/26 24/27/27 25/28/28
f 84/29/29 73/30/30 21/31/31 20/32/32
f 33/33/33 34/34/34 27/35/35 28/36/36
f 68/37/37 3/3/3 2/2/2 51/38/38
f 32/39/39 33/33/33 28/36/36 29/40/40
f 52/41/41 135/42/42 2/2/2
f 17/43/43 16/20/20 131/21/21 96/44/44
f 34/34/34 35/45/45 26/46/46 27/35/35
f 39/47/47 38/48/48 128/49/49 76/50/50
f 38/48/48 39/47/47 22/51/51 23/52/52
f 4/53/53 30/54/54 122/55/55 101/56/56
f 6/4/4 9/6/6 78/57/57 54/58/58
f 43/59/59 44/60/60 17/43/43 18/61/61
f 113/62/62 129/63/63 41/64/64 40/65/65
f 74/66/66 13/67/67 12/68/68 104/69/69
f 35/45/45 34/34/34 126/70/70 93/71/71
f 47/72/72 48/73/73 13/67/67 14/74/74
f 49/75/75 50/76/13 11/77/12 12/68/68
f 84/29/29 20/32/32 19/78/76 116/79/77
f 26/46/46 120/80/78 89/81/79 27/35/35
f 36/25/25 127/82/80 56/83/81 37/26/26
f 49/75/75 53/84/82 58/85/83 50/76/13
f 65/86/84 60/23/23 9/6/6 8/5/5
f 10/14/14 50/13/13 58/87/83 70/88/85
f 5/7/7 3/3/3 68/37/37 98/8/8
f 36/89/25 35/45/45 93/71/71 127/90/80
f 136/91/86 47/72/72 14/74/74 137/92/87
f 54/58/58 107/15/15 7/11/11 6/4/4
f 111/93/88 48/73/73 47/72/72 57/94/89
f 10/14/14 70/88/85 65/86/84 8/5/5
f 39/47/47 40/65/65 21/31/31 22/51/51
f 137/92/87 138/95/90 103/22/22 15/19/19
f 1/1/1 4/53/53 101/56/56 72/96/91
f 115/97/92 52/41/41 2/2/2
f 136/91/86 140/98/93 57/94/89 47/72/72
f 88/99/94 120/80/78 26/46/46 25/100/28
f 17/43/43 96/44/44 133/101/95 18/61/61
f 41/64/64 42/102/96 19/78/76 20/32/32
f 21/31/31 73/30/30 118/103/97 22/51/51
f 33/33/33 32/39/39 124/104/98 92/105/99
f 45/17/17 44/60/60 112/106/100 99/107/101
f 53/84/82 49/75/75 48/73/73 111/93/88
f 40/65/65 41/64/64 20/32/32 21/31/31
f 24/27/27 119/108/102 88/109/94 25/28/28
f 28/36/36 121/110/103 91/111/104 29/40/40
f 31/10/10 32/39/39 29/40/40 30/54/54
f 4/53/53 5/7/7 31/10/10 30/54/54
f 115/97/92 2/2/2 1/1/1 72/96/91
f 35/45/45 36/89/25 25/100/28 26/46/46
f 44/60/60 43/59/59 82/112/105 112/106/100
f 44/60/60 45/17/17 16/20/20 17/43/43
f 56/83/81 128/49/49 38/48/48 37/26/26
f 122/55/55 30/54/54 29/40/40 91/111/104
f 135/42/42 51/38/38 2/2/2
f 82/112/105 43/59/59 42/102/96 95/113/106
f 24/27/27 23/52/52 86/114/107 119/108/102
f 48/73/73 49/75/75 12/68/68 13/67/67
f 11/77/12 61/115/16 104/69/69 12/68/68
f 80/9/9 124/104/98 32/39/39 31/10/10
f 42/102/96 41/64/64 129/63/63 95/113/106
f 28/36/36 27/35/35 89/81/79 121/110/103
f 33/33/33 92/105/99 126/70/70 34/34/34
f 108/24/24 78/57/57 9/6/6
f 42/102/96 43/59/59 18/61/61 19/78/76
f 46/18/18 45/17/17 99/107/101 67/116/108
f 19/78/76 18/61/61 133/101/95 116/79/77
f 39/47/47 76/50/50 113/62/62 40/65/65
f 37/26/26 38/48/48 23/52/52 24/27/27
f 22/51/51 118/103/97 86/114/107 23/52/52
f 7/11/11 10/14/14 8/5/5 6/4/4
f 1/1/1 3/3/3 5/7/7 4/53/53
f 74/66/66 63/117/109 14/74/74 13/67/67
f 60/23/23 65/86/84 215/118/110 59/119/111
f 116/79/77 133/101/95 134/120/112 192/121/113
f 192/121/113 83/122/114 84/29/29 116/79/77
f 67/116/108 99/107/101 100/123/115 66/124/116
f 203/125/117 204/126/118 93/71/71 126/70/70
f 78/57/57 108/24/24 109/127/119 77/128/120
f 102/129/121 71/130/122 72/96/91 101/56/56
f 97/131/123 134/120/112 133/101/95 96/44/44
f 195/132/124 196/133/125 89/81/79 120/80/78
f 123/134/126 102/129/121 101/56/56 122/55/55
f 211/135/127 110/136/128 111/93/88 57/94/89
f 194/137/129 87/138/130 88/109/94 119/108/102
f 128/49/49 56/83/81 206/139/131 207/140/132
f 193/141/133 117/142/134 118/103/97 73/30/30
f 199/143/135 200/144/136 51/38/38 135/42/42
f 117/142/134 85/145/137 86/114/107 118/103/97
f 71/130/122 114/146/138 115/97/92 72/96/91
f 202/147/139 203/125/117 126/70/70 92/105/99
f 96/44/44 131/21/21 132/148/140 97/131/123
f 121/110/103 89/81/79 196/133/125 197/149/141
f 197/149/141 90/150/142 91/111/104 121/110/103
f 209/151/143 100/123/115 99/107/101 112/106/100
f 214/152/144 215/118/110 65/86/84 70/88/85
f 204/126/118 205/153/145 127/90/80 93/71/71
f 205/154/145 206/139/131 56/83/81 127/82/80
f 87/155/130 195/132/124 120/80/78 88/99/94
f 201/156/146 79/157/147 80/9/9 98/8/8
f 131/21/21 103/22/22 275/158/148 132/148/140
f 130/159/149 94/160/150 95/113/106 129/63/63
f 83/122/114 193/141/133 73/30/30 84/29/29
f 82/112/105 95/113/106 94/160/150 81/161/151
f 119/108/102 86/114/107 85/145/137 194/137/129
f 138/95/90 63/117/109 64/162/152 139/163/153
f 63/117/109 74/66/66 274/164/154 64/162/152
f 125/165/155 202/147/139 92/105/99 124/104/98
f 90/150/142 123/134/126 122/55/55 91/111/104
f 212/166/156 213/167/157 58/85/83 53/84/82
f 210/168/158 211/135/127 57/94/89 140/98/93
f 107/15/15 54/58/58 55/169/159 106/170/160
f 108/24/24 60/23/23 59/119/111 109/127/119
f 74/66/66 104/69/69 105/171/161 274/164/154
f 98/8/8 68/37/37 69/172/162 201/156/146
f 68/37/37 51/38/38 200/144/136 69/172/162
f 62/173/163 105/171/161 104/69/69 61/115/16
f 207/140/132 75/174/164 76/50/50 128/49/49
f 208/175/165 130/159/149 129/63/63 113/62/62
f 54/58/58 78/57/57 77/128/120 55/169/159
f 124/104/98 80/9/9 79/157/147 125/165/155
f 114/146/138 198/176/166 52/41/41 115/97/92
f 70/88/85 58/87/83 213/177/157 214/152/144
f 106/170/160 62/178/163 61/16/16 107/15/15
f 53/84/82 111/93/88 110/136/128 212/166/156
f 81/161/151 209/151/143 112/106/100 82/112/105
f 113/62/62 76/50/50 75/174/164 208/175/165
f 198/176/166 199/143/135 135/42/42 52/41/41
f 66/124/116 210/168/158 140/98/93 67/116/108
f 103/22/22 138/95/90 139/163/153 275/158/148
f 46/18/18 67/116/108 140/98/93 136/91/86
f 14/74/74 63/117/109 138/95/90 137/92/87
f 46/18/18 136/91/86 137/92/87 15/19/19
f 276/179/167 267/180/168 190/181/169 266/182/170
f 255/183/171 179/184/172 178/185/173 254/186/174
f 183/187/175 213/167/176 212/166/177 182/188/178
f 110/136/179 211/135/180 180/189/181 181/190/182
f 62/178/183 106/170/184 190/181/169 267/180/168
f 278/191/185 269/192/186 268/193/187 277/194/188
f 270/195/189 64/162/190 274/164/191 269/192/186
f 179/184/172 180/189/181 211/135/180 210/168/192
f 271/196/193 139/163/194 64/162/190 270/195/189
f 189/197/195 190/181/169 106/170/184 55/169/196
f 177/198/197 253/199/198 254/186/174 178/185/173
f 269/192/186 274/164/191 105/171/199 268/193/187
f 259/200/200 183/187/175 182/188/178 258/201/201
f 194/137/202 149/202/203 150/203/204 87/138/205
f 181/190/182 257/204/206 258/201/201 182/188/178
f 181/190/182 182/188/178 212/166/177 110/136/179
f 280/205/207 272/206/208 271/196/193 273/207/209
f 151/208/210 152/209/211 196/133/212 195/132/213
f 272/206/208 141/210/214 132/148/215 275/158/216
f 216/211/217 141/210/214 272/206/208 280/205/207
f 176/212/218 252/213/219 253/199/198 177/198/197
f 178/185/173 179/184/172 210/168/192 66/124/220
f 97/131/221 132/148/215 141/210/214 142/214/222
f 273/207/209 271/196/193 270/195/189 279/215/223
f 252/213/219 176/212/218 175/216/224 251/217/225
f 141/210/214 216/211/217 217/218/226 142/214/222
f 142/214/222 143/219/227 134/120/228 97/131/221
f 220/220/229 145/221/230 144/222/231 219/223/232
f 170/224/233 246/225/234 247/226/235 171/227/236
f 164/228/237 125/165/238 79/157/239 163/229/240
f 218/230/241 219/223/232 144/222/231 143/219/227
f 144/222/231 192/121/242 134/120/228 143/219/227
f 218/230/241 143/219/227 142/214/222 217/218/226
f 144/222/231 145/221/230 83/122/243 192/121/242
f 251/217/225 175/216/224 174/231/244 250/232/245
f 202/147/246 125/165/238 164/228/237 165/233/247
f 169/234/248 168/235/249 244/236/250 245/237/251
f 226/238/252 151/208/210 150/239/204 225/240/253
f 145/221/230 146/241/254 193/141/255 83/122/243
f 172/242/256 173/243/257 130/159/258 208/175/259
f 249/244/260 250/232/245 174/231/244 173/243/257
f 263/245/261 187/246/262 186/247/263 262/248/264
f 220/220/229 221/249/265 146/241/254 145/221/230
f 172/242/256 248/250/266 249/244/260 173/243/257
f 146/241/254 147/251/267 117/142/268 193/141/255
f 94/160/269 130/159/258 173/243/257 174/231/244
f 156/252/270 231/253/271 232/254/272 157/255/273
f 265/256/274 189/197/195 188/257/275 264/258/276
f 261/259/277 185/260/278 184/261/279 260/262/280
f 147/251/267 148/263/281 85/145/282 117/142/268
f 229/264/283 230/265/284 155/266/285 154/267/286
f 148/263/281 149/202/203 194/137/202 85/145/282
f 169/234/248 170/224/233 207/140/287 206/139/288
f 149/202/203 224/268/289 225/269/253 150/203/204
f 168/235/249 169/234/248 206/139/288 205/154/290
f 87/155/205 150/239/204 151/208/210 195/132/213
f 179/184/172 255/183/171 256/270/291 180/189/181
f 166/271/292 167/272/293 204/126/294 203/125/295
f 238/273/296 191/274/297 162/275/298 237/276/299
f 161/277/300 200/144/301 199/143/302 160/278/303
f 187/246/262 188/257/275 77/128/304 109/127/305
f 196/133/212 152/209/211 153/279/306 197/149/307
f 223/280/308 224/268/289 149/202/203 148/263/281
f 153/279/306 154/267/286 90/150/309 197/149/307
f 155/266/285 156/252/270 102/129/310 123/134/311
f 174/231/244 175/216/224 81/161/312 94/160/269
f 154/267/286 155/266/285 123/134/311 90/150/309
f 205/153/290 204/126/294 167/272/293 168/281/249
f 228/282/313 153/279/306 152/209/211 227/283/314
f 227/283/314 152/209/211 151/208/210 226/238/252
f 158/284/315 114/146/316 71/130/317 157/255/273
f 242/285/318 166/271/292 165/233/247 241/286/319
f 234/287/320 159/288/321 158/284/315 233/289/322
f 158/284/315 157/255/273 232/254/272 233/289/322
f 198/176/323 114/146/316 158/284/315 159/288/321
f 156/252/270 157/255/273 71/130/317 102/129/310
f 160/278/303 235/290/324 236/291/325 161/277/300
f 159/288/321 160/278/303 199/143/302 198/176/323
f 185/260/278 215/118/326 214/152/327 184/261/279
f 184/261/279 214/152/327 213/177/176 183/292/175
f 162/275/298 69/172/328 200/144/301 161/277/300
f 189/197/195 265/256/274 266/182/170 190/181/169
f 162/275/298 191/274/297 201/156/329 69/172/328
f 163/229/240 239/293/330 240/294/331 164/228/237
f 170/224/233 169/234/248 245/237/251 246/225/234
f 263/245/261 264/258/276 188/257/275 187/246/262
f 241/286/319 165/233/247 164/228/237 240/294/331
f 243/295/332 167/272/293 166/271/292 242/285/318
f 203/125/295 202/147/246 165/233/247 166/271/292
f 243/295/332 244/296/250 168/281/249 167/272/293
f 178/185/173 66/124/220 100/123/333 177/198/197
f 207/140/287 170/224/233 171/227/236 75/174/334
f 248/250/266 172/242/256 171/227/236 247/226/235
f 208/175/259 75/174/334 171/227/236 172/242/256
f 223/280/308 148/263/281 147/251/267 222/297/335
f 257/204/206 181/190/182 180/189/181 256/270/291
f 176/212/218 177/198/197 100/123/333 209/151/336
f 175/216/224 176/212/218 209/151/336 81/161/312
f 79/157/239 201/156/329 191/274/297 163/229/240
f 260/262/280 184/261/279 183/292/175 259/298/200
f 186/247/263 187/246/262 109/127/305 59/119/337
f 262/248/264 186/247/263 185/260/278 261/259/277
f 59/119/337 215/118/326 185/260/278 186/247/263
f 155/266/285 230/265/284 231/253/271 156/252/270
f 188/257/275 189/197/195 55/169/196 77/128/304
f 191/274/297 238/273/296 239/293/330 163/229/240
f 268/193/187 105/171/199 62/173/183 267/299/168
f 279/215/223 270/195/189 269/192/186 278/191/185
f 277/194/188 268/193/187 267/299/168 276/300/167
f 272/206/208 275/158/216 139/163/194 271/196/193
f 235/290/324 160/278/303 159/288/321 234/287/320
f 153/279/306 228/282/313 229/264/283 154/267/286
f 222/297/335 147/251/267 146/241/254 221/249/265
f 237/276/299 162/275/298 161/277/300 236/291/325
f 377/301/338 378/302/339 369/303/340 368/304/341
f 373/305/342 374/306/343 365/307/344 364/308/345
f 378/302/339 379/309/346 370/310/347 369/303/340
f 360/311/348 359/312/349 368/304/341 369/303/340
f 332/313/350 333/314/351 324/315/352 323/316/353
f 281/317/354 290/318/355 291/319/356 282/320/357
f 356/321/358 355/322/359 364/308/345 365/307/344
f 375/323/360 366/324/361 365/307/344 374/306/343
f 292/325/362 283/326/363 282/320/357 291/319/356
f 331/327/364 340/328/365 341/329/366 332/313/350
f 295/330/367 296/331/368 287/332/369 286/333/370
f 296/331/368 297/334/371 288/335/372 287/332/369
f 361/336/373 360/311/348 369/303/340 370/310/347
f 355/322/359 354/337/374 363/338/375 364/308/345
f 297/334/371 298/339/376 289/340/377 288/335/372
f 281/341/354 289/340/377 298/339/376 290/342/355
f 300/343/378 301/344/379 292/325/362 291/319/356
f 356/321/358 347/345/380 346/346/381 355/322/359
f 328/347/382 327/348/383 336/349/384 337/350/385
f 292/325/362 293/351/386 284/352/387 283/326/363
f 340/328/365 349/353/388 350/354/389 341/329/366
f 353/355/390 361/336/373 370/310/347 362/356/391
f 285/357/392 294/358/393 295/330/367 286/333/370
f 325/359/394 334/360/395 326/361/396 317/362/397
f 302/363/398 301/344/379 310/364/399 311/365/400
f 319/366/401 318/367/402 327/348/383 328/347/382
f 306/368/403 307/369/404 298/339/376 297/334/371
f 298/339/376 307/369/404 299/370/405 290/342/355
f 299/371/405 308/372/406 309/373/407 300/343/378
f 323/316/353 314/374/408 313/375/409 322/376/410
f 332/313/350 341/329/366 342/377/411 333/314/351
f 293/351/386 292/325/362 301/344/379 302/363/398
f 310/364/399 319/366/401 320/378/412 311/365/400
f 320/378/412 321/379/413 312/380/414 311/365/400
f 308/381/406 316/382/415 325/359/394 317/362/397
f 295/330/367 294/358/393 303/383/416 304/384/417
f 309/373/407 318/367/402 319/366/401 310/364/399
f 306/368/403 297/334/371 296/331/368 305/385/418
f 338/386/419 337/350/385 346/346/381 347/345/380
f 312/380/414 313/375/409 304/384/417 303/383/416
f 359/312/349 358/387/420 367/388/421 368/304/341
f 309/373/407 310/364/399 301/344/379 300/343/378
f 342/377/411 351/389/422 352/390/423 343/391/424
f 339/392/425 338/386/419 347/345/380 348/393/426
f 304/384/417 305/385/418 296/331/368 295/330/367
f 314/374/408 315/394/427 306/368/403 305/385/418
f 306/368/403 315/394/427 316/382/415 307/369/404
f 307/369/404 316/382/415 308/381/406 299/370/405
f 308/372/406 317/395/397 318/367/402 309/373/407
f 352/390/423 351/389/422 360/311/348 361/336/373
f 357/396/428 348/393/426 347/345/380 356/321/358
f 348/393/426 357/396/428 358/387/420 349/353/388
f 340/328/365 339/392/425 348/393/426 349/353/388
f 305/385/418 304/384/417 313/375/409 314/374/408
f 293/351/386 302/363/398 303/383/416 294/358/393
f 362/397/391 363/338/375 354/337/374 353/398/390
f 323/316/353 324/315/352 315/394/427 314/374/408
f 302/363/398 311/365/400 312/380/414 303/383/416
f 342/377/411 341/329/366 350/354/389 351/389/422
f 315/394/427 324/315/352 325/359/394 316/382/415
f 321/379/413 322/376/410 313/375/409 312/380/414
f 343/391/424 335/399/429 326/361/396 334/360/395
f 334/360/395 333/314/351 342/377/411 343/391/424
f 325/359/394 324/315/352 333/314/351 334/360/395
f 294/358/393 285/357/392 284/352/387 293/351/386
f 331/327/364 332/313/350 323/316/353 322/376/410
f 326/400/396 335/401/429 336/349/384 327/348/383
f 317/395/397 326/400/396 327/348/383 318/367/402
f 360/311/348 351/389/422 350/354/389 359/312/349
f 320/378/412 319/366/401 328/347/382 329/402/430
f 329/402/430 330/403/431 321/379/413 320/378/412
f 330/403/431 331/327/364 322/376/410 321/379/413
f 339/392/425 340/328/365 331/327/364 330/403/431
f 337/350/385 336/349/384 345/404/432 346/346/381
f 337/350/385 338/386/419 329/402/430 328/347/382
f 329/402/430 338/386/419 339/392/425 330/403/431
f 346/346/381 345/404/432 354/337/374 355/322/359
f 343/391/424 352/390/423 344/405/433 335/399/429
f 344/406/433 353/398/390 354/337/374 345/404/432
f 366/324/361 367/388/421 358/387/420 357/396/428
f 366/324/361 357/396/428 356/321/358 365/307/344
f 352/390/423 361/336/373 353/355/390 344/405/433
f 359/312/349 350/354/389 349/353/388 358/387/420
f 362/397/391 371/407/434 372/408/435 363/338/375
f 376/409/436 377/301/338 368/304/341 367/388/421
f 370/310/347 379/309/346 371/410/434 362/356/391
f 372/408/435 373/305/342 364/308/345 363/338/375
f 366/324/361 375/323/360 376/409/436 367/388/421
f 299/371/405 300/343/378 291/319/356 290/318/355
f 335/401/429 344/406/433 345/404/432 336/349/384
f 395/411/437 386/412/437 387/413/438 396/414/438
f 388/415/439 380/416/440 390/417/440 397/418/439
f 387/413/438 388/415/439 397/418/439 396/414/438
f 395/411/437 394/419/441 385/420/441 386/412/437
f 382/421/442 383/422/443 392/423/443 391/424/442
f 383/422/443 384/425/444 393/426/444 392/423/443
f 381/427/445 382/421/442 391/424/442 389/428/445
f 384/429/444 385/420/441 394/419/441 393/430/444
f 380/416/440 381/427/445 389/428/445 390/417/440
f 434/431/446 399/432/447 446/433/448 411/434/449
f 442/435/450 424/436/451 412/437/452 447/438/453
f 429/439/454 444/440/455 398/441/456 414/442/457
f 438/443/458 399/432/447 398/441/456 441/444/459
f 415/445/460 440/446/461 435/447/462 403/448/462
f 406/449/463 401/450/464 443/451/465 422/452/466
f 414/442/457 398/441/456 399/432/447 434/431/446
f 427/453/467 413/454/468 433/455/469 432/456/470
f 409/457/471 439/458/472 405/459/473 421/460/471
f 445/461/474 449/462/475 404/463/476 437/464/477
f 420/465/478 442/466/450 447/438/453 407/467/478
f 431/468/479 401/450/464 400/469/480 426/470/481
f 417/471/482 430/472/482 413/473/468 427/453/467
f 428/474/483 419/475/484 449/462/475 445/476/474
f 405/459/473 439/477/472 440/478/461 415/445/460
f 401/450/464 431/479/479 425/480/485 443/481/465
f 446/482/448 399/432/447 438/483/458 408/484/486
f 441/485/459 398/441/456 444/486/455 436/487/487
f 423/488/488 432/456/470 433/489/469 410/490/488
f 400/469/480 401/450/464 406/449/463 416/491/489
f 400/469/480 448/492/490 418/493/491 426/494/481
f 402/495/492 403/496/462 404/497/476
f 407/498/478 408/484/493 409/499/471
f 410/500/488 411/434/449 412/501/452
f 417/502/482 418/493/491 419/503/484
f 420/504/478 421/460/471 422/505/494
f 423/488/488 424/506/451 425/507/485
f 428/508/483 429/439/454 430/509/482
f 435/510/462 436/487/487 437/511/477
f 420/504/478 407/512/478 409/457/471 421/460/471
f 406/449/495 422/452/494 421/460/471 405/459/473
f 423/488/488 410/490/488 412/513/452 424/514/451
f 411/434/449 446/433/496 447/515/497 412/501/452
f 443/481/498 425/480/485 424/516/451 442/517/499
f 434/431/446 411/434/449 410/500/488 433/518/469
f 425/480/485 431/479/479 432/519/470 423/520/488
f 419/521/484 428/522/483 430/472/482 417/471/482
f 416/491/489 406/449/495 405/459/473 415/445/460
f 414/442/457 434/431/446 433/523/469 413/524/468
f 431/468/479 426/470/481 427/525/467 432/526/470
f 439/458/472 409/457/471 408/484/493 438/483/500
f 449/527/484 419/503/484 418/493/491 448/492/501
f 426/494/481 418/493/491 417/502/482 427/528/467
f 429/439/454 414/442/457 413/529/468 430/509/482
f 441/485/459 436/487/487 435/447/462 440/446/461
f 445/530/474 437/511/477 436/487/487 444/486/455
f 407/498/478 447/531/497 446/482/496 408/484/493
f 404/497/476 449/497/502 448/532/503 402/495/492
f 438/443/500 441/444/459 440/478/461 439/477/472
f 403/448/462 435/447/462 437/533/477 404/534/476
f 422/452/494 443/451/498 442/535/499 420/536/478
f 402/495/492 416/491/489 415/445/460 403/448/462
f 428/508/483 445/537/474 444/440/455 429/439/454
f 416/491/489 402/495/492 448/532/490 400/469/480
f 576/538/504 574/539/505 501/540/506 527/541/507
f 548/542/508 473/543/509 474/544/510 549/545/511
f 565/546/512 516/547/513 515/548/514 564/549/515
f 529/550/516 503/551/517 502/552/518 528/553/519
f 562/554/520 513/555/521 512/556/522 561/557/523
f 557/558/524 508/559/525 507/560/526 556/561/527
f 539/562/528 464/563/528 465/564/529 540/565/530
f 546/566/531 471/567/531 472/568/532 547/569/532
f 569/570/533 520/571/534 519/572/535 568/573/536
f 567/574/537 518/575/514 517/576/538 566/577/539
f 529/578/516 454/579/540 455/580/541 530/581/542
f 554/582/543 479/583/544 480/584/545 573/585/546
f 564/549/515 515/548/514 514/586/547 563/587/548
f 570/588/549 521/589/550 520/590/534 569/591/533
f 494/592/551 568/573/536 567/574/537 493/593/537
f 525/594/552 523/595/553 522/596/554 572/597/555
f 555/598/556 481/599/557 482/600/527 556/561/527
f 582/601/558 581/602/559 504/603/560 553/604/561
f 555/598/556 506/605/562 499/606/563 573/585/546
f 560/607/564 486/608/565 487/609/566 561/557/523
f 572/597/555 571/610/567 497/611/567 498/612/568
f 558/613/569 509/614/570 508/559/525 557/558/524
f 563/587/548 514/586/547 513/555/521 562/554/520
f 571/610/567 524/615/571 521/589/550 570/588/549
f 565/546/512 566/577/539 517/576/538 516/547/513
f 579/616/572 577/617/573 523/618/553 525/619/552
f 559/620/574 510/621/575 509/614/570 558/613/569
f 559/620/574 560/622/564 511/623/576 510/621/575
f 538/624/577 463/625/577 464/563/528 539/562/528
f 527/541/507 501/540/506 500/626/578 526/627/579
f 586/628/580 585/629/580 476/630/581 551/631/581
f 534/632/582 459/633/582 460/634/583 535/635/583
f 456/636/584 531/637/584 530/581/542 455/580/541
f 468/638/585 543/639/586 542/640/587 467/641/588
f 452/642/507 527/643/507 526/644/579 451/645/589
f 463/625/577 538/624/577 537/646/590 462/647/590
f 485/648/574 486/649/565 560/622/564 559/620/574
f 485/648/574 559/620/574 558/613/569 484/650/569
f 578/651/591 579/652/572 525/653/552 450/654/592
f 491/655/593 492/656/594 566/577/539 565/546/512
f 497/611/567 571/610/567 570/588/549 496/657/549
f 489/658/595 563/587/548 562/554/520 488/659/520
f 484/650/569 558/613/569 557/558/524 483/660/524
f 522/596/554 524/615/571 571/610/567 572/597/555
f 511/661/576 560/607/564 561/557/523 512/556/522
f 481/599/557 555/598/556 573/585/546 480/584/545
f 580/662/596 582/663/558 553/664/561 478/665/597
f 506/605/562 555/598/556 556/561/527 507/560/526
f 450/666/592 525/594/552 572/597/555 498/612/568
f 496/657/549 570/588/549 569/591/533 495/667/598
f 490/668/599 564/549/515 563/587/548 489/658/595
f 505/669/600 554/582/543 573/585/546 499/606/563
f 477/670/601 552/671/601 551/631/581 476/630/581
f 474/544/510 475/672/602 550/673/603 549/545/511
f 493/593/537 567/574/537 566/577/539 492/656/594
f 495/674/598 569/570/533 568/573/536 494/592/551
f 470/675/604 545/676/604 544/677/605 469/678/605
f 458/679/606 533/680/606 532/681/607 457/682/607
f 483/660/524 557/558/524 556/561/527 482/600/527
f 458/683/606 459/633/582 534/632/582 533/684/606
f 583/685/608 584/686/609 552/671/601 477/670/601
f 469/678/605 544/677/605 543/687/586 468/688/585
f 457/682/607 532/681/607 531/637/584 456/636/584
f 462/647/590 537/646/590 536/689/610 461/690/611
f 461/690/611 536/689/610 535/635/583 460/634/583
f 488/659/520 562/554/520 561/557/523 487/609/566
f 454/579/540 529/578/516 528/691/519 453/692/612
f 491/655/593 565/546/512 564/549/515 490/668/599
f 471/567/531 546/566/531 545/676/604 470/675/604
f 473/543/509 548/542/508 547/569/532 472/568/532
f 467/641/588 542/640/587 541/693/613 466/694/614
f 465/564/529 466/694/614 541/693/613 540/565/530
f 575/695/615 576/696/504 527/643/507 452/642/507
f 453/692/612 528/691/519 576/696/504 575/695/615
f 528/553/519 502/552/518 574/539/505 576/538/504
f 451/645/589 526/644/579 579/652/572 578/651/591
f 526/627/579 500/626/578 577/617/573 579/616/572
f 518/575/514 567/574/537 568/573/536 519/572/535
f 479/697/544 554/698/543 582/663/558 580/662/596
f 554/699/543 505/700/600 581/602/559 582/601/558
f 478/665/597 553/664/561 584/686/609 583/685/608
f 550/673/603 475/672/602 585/629/580 586/628/580
f 686/538/616 638/541/617 501/540/506 574/539/505
f 659/542/618 660/545/619 611/544/620 610/543/621
f 676/546/622 675/549/623 515/548/514 516/547/513
f 640/550/624 639/553/625 502/552/518 503/551/517
f 673/554/626 672/557/627 512/556/522 513/555/521
f 668/558/628 667/561/629 507/560/526 508/559/525
f 650/562/630 651/565/631 602/564/631 601/563/630
f 657/566/632 658/569/633 609/568/634 608/567/632
f 680/570/635 679/573/636 519/572/535 520/571/534
f 678/574/637 677/577/638 517/576/538 518/575/514
f 640/578/624 641/581/639 592/580/640 591/579/641
f 665/582/642 684/585/643 617/584/644 616/583/645
f 675/549/623 674/587/646 514/586/547 515/548/514
f 681/588/647 680/591/635 520/590/534 521/589/550
f 631/592/648 630/593/649 678/574/637 679/573/636
f 636/594/650 683/597/651 522/596/554 523/595/553
f 666/598/652 667/561/629 619/600/629 618/599/653
f 690/601/654 664/604/655 504/603/560 581/602/559
f 666/598/652 684/585/643 499/606/563 506/605/562
f 671/607/656 672/557/627 624/609/657 623/608/658
f 683/597/651 635/612/659 634/611/660 682/610/661
f 669/613/662 668/558/628 508/559/525 509/614/570
f 674/587/646 673/554/626 513/555/521 514/586/547
f 682/610/661 681/588/647 521/589/550 524/615/571
f 676/546/622 516/547/513 517/576/538 677/577/638
f 688/616/663 636/619/650 523/618/553 577/617/573
f 670/620/664 669/613/662 509/614/570 510/621/575
f 670/620/664 510/621/575 511/623/576 671/622/656
f 649/624/665 650/562/630 601/563/630 600/625/666
f 638/541/617 637/627/667 500/626/578 501/540/506
f 694/628/668 662/631/669 613/630/669 693/629/668
f 645/632/670 646/635/671 597/634/671 596/633/670
f 593/636/672 592/580/640 641/581/639 642/637/672
f 605/638/673 604/641/674 653/640/675 654/639/673
f 589/642/617 588/645/676 637/644/667 638/643/617
f 600/625/666 599/647/677 648/646/678 649/624/665
f 622/648/679 670/620/664 671/622/656 623/649/658
f 622/648/679 621/650/662 669/613/662 670/620/664
f 687/651/680 587/654/681 636/653/650 688/652/663
f 628/655/682 676/546/622 677/577/638 629/656/683
f 634/611/660 633/657/647 681/588/647 682/610/661
f 626/658/684 625/659/626 673/554/626 674/587/646
f 621/650/662 620/660/628 668/558/628 669/613/662
f 522/596/554 683/597/651 682/610/661 524/615/571
f 511/661/576 512/556/522 672/557/627 671/607/656
f 618/599/653 617/584/644 684/585/643 666/598/652
f 689/662/685 615/665/686 664/664/655 690/663/654
f 506/605/562 507/560/526 667/561/629 666/598/652
f 587/666/681 635/612/659 683/597/651 636/594/650
f 633/657/647 632/667/687 680/591/635 681/588/647
f 627/668/688 626/658/684 674/587/646 675/549/623
f 505/669/600 499/606/563 684/585/643 665/582/642
f 614/670/689 613/630/669 662/631/669 663/671/689
f 611/544/620 660/545/619 661/673/690 612/672/691
f 630/593/649 629/656/683 677/577/638 678/574/637
f 632/674/687 631/592/648 679/573/636 680/570/635
f 607/675/692 606/678/693 655/677/694 656/676/692
f 595/679/695 594/682/696 643/681/696 644/680/695
f 620/660/628 619/600/629 667/561/629 668/558/628
f 595/683/695 644/684/695 645/632/670 596/633/670
f 691/685/697 614/670/689 663/671/689 692/686/698
f 606/678/693 605/688/673 654/687/673 655/677/694
f 594/682/696 593/636/672 642/637/672 643/681/696
f 599/647/677 598/690/699 647/689/700 648/646/678
f 598/690/699 597/634/671 646/635/671 647/689/700
f 625/659/626 624/609/657 672/557/627 673/554/626
f 591/579/641 590/692/701 639/691/625 640/578/624
f 628/655/682 627/668/688 675/549/623 676/546/622
f 608/567/632 607/675/692 656/676/692 657/566/632
f 610/543/621 609/568/634 658/569/633 659/542/618
f 604/641/674 603/694/702 652/693/703 653/640/675
f 602/564/631 651/565/631 652/693/703 603/694/702
f 685/695/704 589/642/617 638/643/617 686/696/616
f 590/692/701 685/695/704 686/696/616 639/691/625
f 639/553/625 686/538/616 574/539/505 502/552/518
f 588/645/676 687/651/680 688/652/663 637/644/667
f 637/627/667 688/616/663 577/617/573 500/626/578
f 518/575/514 519/572/535 679/573/636 678/574/637
f 616/697/645 689/662/685 690/663/654 665/698/642
f 665/699/642 690/601/654 581/602/559 505/700/600
f 615/665/686 691/685/697 692/686/698 664/664/655
f 661/673/690 694/628/668 693/629/668 612/672/691
f 744/701/705 745/702/706 717/703/707 716/704/708
f 741/705/709 742/706/710 714/707/711 713/708/712
f 743/709/713 744/701/705 716/704/708 715/710/714
f 745/702/706 746/711/715 718/712/716 717/703/707
f 746/711/715 747/713/717 719/714/718 718/712/716
f 755/715/719 733/716/720 734/717/721 756/718/721
f 721/719/722 734/720/723 720/721/723 707/722/722
f 724/723/724 725/724/725 752/725/726
f 730/726/727 731/727/707 754/728/707
f 726/729/728 758/730/729 752/725/726
f 747/713/717 706/731/730 720/721/721 719/714/718
f 736/732/731 737/733/732 709/734/733 708/735/734
f 738/736/735 739/737/736 711/738/725 710/739/737
f 728/740/738 729/741/739 753/742/740
f 737/733/732 738/743/735 710/744/737 709/734/733
f 726/745/741 725/746/742 711/738/743 712/747/741
f 730/748/744 716/704/745 717/703/746 731/749/746
f 717/703/746 718/712/747 732/750/748 731/749/746
f 756/718/721 734/717/721 721/751/749 751/752/750
f 710/744/751 724/753/751 723/754/752 709/734/753
f 724/755/751 710/739/751 711/738/743 725/746/742
f 714/707/754 715/710/755 729/756/755 728/757/756
f 721/719/722 707/722/722 708/735/757 722/758/757
f 727/759/758 713/708/759 714/707/754 728/757/756
f 712/747/741 713/708/759 727/759/758 726/745/741
f 729/756/755 715/710/755 716/704/745 730/748/744
f 708/735/757 709/734/753 723/754/752 722/758/757
f 734/720/723 733/760/760 719/714/760 720/721/723
f 718/712/747 719/714/760 733/760/760 732/750/748
f 735/761/761 736/732/731 708/735/734 707/722/762
f 742/706/710 743/709/713 715/710/714 714/707/711
f 740/762/763 741/705/709 713/708/712 712/747/764
f 739/737/736 740/762/763 712/747/764 711/738/725
f 742/763/710 741/764/709 699/765/765 700/766/766
f 738/767/735 697/768/767 698/769/768 739/770/736
f 706/771/730 747/772/717 705/773/769 748/774/770
f 745/775/706 744/776/705 702/777/771 703/778/772
f 706/771/730 748/774/770 695/779/773 735/780/761
f 737/781/732 736/782/731 749/783/774 696/784/775
f 739/770/736 698/769/768 750/785/776 740/786/763
f 746/787/715 745/775/706 703/778/772 704/788/777
f 747/772/717 746/787/715 704/788/777 705/773/769
f 742/763/710 700/766/766 701/789/778 743/790/713
f 741/764/709 740/786/763 750/785/776 699/765/765
f 743/790/713 701/789/778 702/777/771 744/776/705
f 738/767/735 737/781/732 696/784/775 697/768/767
f 736/782/731 735/780/761 695/779/773 749/783/774
f 735/761/761 707/722/762 720/721/721 706/731/730
f 702/777/771 701/789/778 700/766/766 699/765/765 750/785/776 698/769/768 697/768/767 696/784/775 749/783/774 695/779/773 748/774/770 705/773/769 704/788/777 703/778/772
f 725/724/725 726/729/728 752/725/726
f 726/729/728 727/791/712 758/730/729
f 721/751/749 722/792/779 751/752/750
f 722/792/779 757/793/780 751/752/750
f 723/794/733 724/795/724 757/793/780
f 732/796/781 733/716/720 755/715/719
f 724/795/724 752/797/726 757/793/780
f 732/796/781 755/715/719 754/728/707
f 722/792/779 723/794/733 757/793/780
f 731/727/707 732/796/781 754/728/707
f 729/741/739 730/726/727 753/742/740
f 753/742/740 730/726/727 754/728/707
f 727/791/712 728/740/738 758/730/729
f 758/730/729 728/740/738 753/742/740
f 808/701/782 780/704/708 781/703/707 809/702/783
f 805/705/784 777/708/712 778/707/711 806/706/785
f 807/709/786 779/710/714 780/704/708 808/701/782
f 809/702/783 781/703/707 782/712/716 810/711/787
f 810/711/787 782/712/716 783/714/718 811/713/788
f 755/715/719 756/718/721 798/717/721 797/716/720
f 785/719/789 771/722/790 784/721/791 798/720/792
f 788/723/793 752/725/726 789/724/725
f 794/726/794 754/728/707 795/727/707
f 790/729/795 752/725/726 758/730/729
f 811/713/788 783/714/718 784/721/721 770/731/796
f 800/732/797 772/735/734 773/734/733 801/733/798
f 802/736/799 774/739/737 775/738/725 803/737/800
f 792/740/801 753/742/740 793/741/739
f 801/733/798 773/734/733 774/744/737 802/743/799
f 790/745/802 776/747/802 775/738/803 789/746/804
f 794/748/805 795/749/806 781/703/806 780/704/807
f 781/703/806 795/749/806 796/750/808 782/712/809
f 756/718/721 751/752/750 785/751/749 798/717/721
f 774/744/810 773/734/811 787/754/812 788/753/810
f 788/755/810 789/746/804 775/738/803 774/739/810
f 778/707/813 792/757/813 793/756/814 779/710/814
f 785/719/789 786/758/815 772/735/815 771/722/790
f 791/759/816 792/757/813 778/707/813 777/708/816
f 776/747/802 790/745/802 791/759/816 777/708/816
f 793/756/814 794/748/805 780/704/807 779/710/814
f 772/735/815 786/758/815 787/754/812 773/734/811
f 798/720/792 784/721/791 783/714/817 797/760/817
f 782/712/809 796/750/808 797/760/817 783/714/817
f 799/761/818 771/722/762 772/735/734 800/732/797
f 806/706/785 778/707/711 779/710/714 807/709/786
f 804/762/819 776/747/764 777/708/712 805/705/784
f 803/737/800 775/738/725 776/747/764 804/762/819
f 806/763/785 764/766/820 763/765/821 805/764/784
f 802/767/799 803/770/800 762/769/822 761/768/823
f 770/771/796 812/774/824 769/773/825 811/772/788
f 809/775/783 767/778/826 766/777/827 808/776/782
f 770/771/796 799/780/818 759/779/828 812/774/824
f 801/781/798 760/784/829 813/783/830 800/782/797
f 803/770/800 804/786/819 814/785/831 762/769/822
f 810/787/787 768/788/832 767/778/826 809/775/783
f 811/772/788 769/773/825 768/788/832 810/787/787
f 806/763/785 807/790/786 765/789/833 764/766/820
f 805/764/784 763/765/821 814/785/831 804/786/819
f 807/790/786 808/776/782 766/777/827 765/789/833
f 802/767/799 761/768/823 760/784/829 801/781/798
f 800/782/797 813/783/830 759/779/828 799/780/818
f 799/761/818 770/731/796 784/721/721 771/722/762
f 766/777/827 767/778/826 768/788/832 769/773/825 812/774/824 759/779/828 813/783/830 760/784/829 761/768/823 762/769/822 814/785/831 763/765/821 764/766/820 765/789/833
f 789/724/725 752/725/726 790/729/795
f 790/729/795 758/730/729 791/791/712
f 785/751/749 751/752/750 786/792/834
f 786/792/834 751/752/750 757/793/780
f 787/794/733 757/793/780 788/795/793
f 796/796/835 755/715/719 797/716/720
f 788/795/793 757/793/780 752/797/726
f 796/796/835 754/728/707 755/715/719
f 786/792/834 757/793/780 787/794/733
f 795/727/707 754/728/707 796/796/835
f 793/741/739 753/742/740 794/726/794
f 753/742/740 754/728/707 794/726/794
f 791/791/712 758/730/729 792/740/801
f 758/730/729 753/742/740 792/740/801
f 825/798/707 861/799/836 859/800/837 846/801/707
f 830/802/838 832/803/839 852/804/840 850/805/841
f 856/806/842 858/807/843 852/804/840 832/803/839
f 818/808/844 820/809/845 838/810/846 836/811/847
f 828/812/848 830/802/838 850/805/841 848/813/849
f 866/814/850 862/815/851 824/816/852 821/817/852
f 822/818/853 826/819/853 845/820/853 843/821/853
f 865/822/737 823/823/737 842/824/737 864/825/854
f 820/826/845 854/827/855 840/828/856 838/810/846
f 837/829/857 839/830/857 863/831/858 860/832/859 847/833/857 849/834/857 851/835/857 857/836/860 833/837/860 835/838/857
f 861/839/836 828/812/848 848/840/849 859/800/837
f 860/841/859 863/842/858 841/843/861 844/844/862
f 858/807/843 856/806/842 816/845/863 834/846/863
f 854/827/855 865/847/737 864/848/854 840/849/856
f 817/850/864 815/851/864 855/852/864 831/853/864 829/854/865 827/855/864 862/815/851 866/814/850 853/856/864 819/857/864
f 821/817/852 822/858/853 823/859/737
f 824/860/852 825/798/707 826/861/853
f 841/862/861 842/824/737 843/863/853
f 844/864/862 845/820/853 846/865/707
f 835/866/857 833/867/860 834/868/866 836/869/867
f 815/870/864 817/871/864 818/808/868 816/872/869
f 837/873/857 835/874/857 836/811/867 838/810/870
f 817/875/864 819/876/864 820/809/871 818/808/868
f 839/877/857 837/878/857 838/810/870 840/828/856
f 843/821/853 845/820/853 844/864/862 841/879/861
f 821/817/852 824/816/852 826/880/853 822/858/853
f 825/798/707 846/801/707 845/881/853 826/861/853
f 860/882/859 844/883/862 846/801/707 859/800/837
f 862/884/851 827/885/864 828/812/848 861/839/836
f 849/886/857 847/887/857 848/813/849 850/805/841
f 827/885/864 829/888/865 830/802/838 828/812/848
f 851/889/857 849/890/857 850/805/841 852/804/840
f 829/891/865 831/892/864 832/803/839 830/802/838
f 822/893/853 843/863/853 842/824/737 823/823/737
f 864/825/854 842/824/737 841/862/861 863/894/858
f 866/895/850 821/896/852 823/823/737 865/822/737
f 819/897/864 853/898/864 854/827/855 820/826/871
f 831/899/864 855/900/864 856/806/842 832/803/839
f 857/901/860 851/902/857 852/804/840 858/807/843
f 855/903/864 815/904/864 816/845/869 856/806/842
f 833/905/860 857/906/860 858/807/843 834/846/866
f 847/887/857 860/907/859 859/800/837 848/840/849
f 824/908/852 862/909/851 861/799/836 825/798/707
f 840/849/856 864/848/854 863/894/858 839/910/857
f 853/911/864 866/895/850 865/847/737 854/827/855
f 816/872/863 818/808/844 836/869/847 834/868/863
f 934/912/872 935/913/873 944/914/874 943/915/875
f 974/916/876 965/917/877 966/918/878 975/919/879
f 896/920/880 905/921/881 867/922/737
f 921/923/882 930/924/883 929/925/884 920/926/885
f 876/927/886 877/928/887 886/929/888 885/930/889
f 937/931/890 946/932/891 945/933/892 936/934/893
f 873/935/894 874/936/895 883/937/896 882/938/897
f 924/939/898 933/940/899 932/941/900 923/942/898
f 976/943/707 967/944/707 868/945/707
f 879/946/901 878/947/902 869/948/903 870/949/903
f 881/950/904 890/951/905 889/952/906 880/953/907
f 963/954/908 972/955/909 971/956/910 962/957/911
f 947/958/912 956/959/913 955/960/914 946/961/915
f 928/962/916 929/925/884 938/963/917 937/964/918
f 884/965/919 885/966/889 894/967/920 893/968/921
f 903/969/922 904/970/923 913/971/924 912/972/925
f 867/922/737 950/973/926 959/974/927
f 969/975/737 970/976/737 871/977/737 870/978/737
f 886/979/707 868/945/707 895/980/707
f 887/981/928 896/920/880 867/922/737
f 951/982/737 952/983/737 961/984/737 960/985/737
f 889/952/737 898/986/737 897/987/737 888/988/737
f 891/989/929 882/938/897 883/937/896 892/990/930
f 939/991/931 948/992/932 947/958/912 938/963/917
f 912/972/925 913/971/924 922/993/933 921/994/882
f 958/995/707 949/996/707 868/945/707
f 927/997/934 928/998/935 937/931/890 936/934/893
f 942/999/737 943/915/737 952/983/737 951/982/737
f 946/932/891 955/1000/936 954/1001/937 945/933/892
f 875/1002/938 876/1003/886 885/966/889 884/965/919
f 931/1004/939 930/1005/883 921/994/882 922/993/933
f 954/1001/937 955/1000/936 964/1006/940 963/954/908
f 910/1007/941 919/1008/942 918/1009/943 909/1010/944
f 869/1011/945 878/1012/946 867/922/737
f 888/1013/947 887/1014/948 878/947/902 879/946/901
f 871/977/949 872/1015/950 881/950/904 880/953/907
f 918/1009/943 919/1008/942 928/998/935 927/997/934
f 893/968/921 902/1016/951 901/1017/952 892/1018/953
f 939/1019/931 940/1020/954 949/1021/955 948/1022/932
f 936/934/893 945/933/892 944/914/874 935/913/873
f 868/945/707 967/944/707 958/995/707
f 951/1023/956 960/1024/957 959/1025/957 950/1026/956
f 890/951/905 891/989/929 900/1027/958 899/1028/959
f 957/1029/960 958/1030/961 967/1031/962 966/1032/878
f 959/1025/957 960/1024/957 969/1033/963 968/1034/964
f 915/1035/737 916/1036/737 925/1037/737 924/1038/737
f 867/922/737 959/974/927 968/1039/965
f 975/1040/879 976/1041/966 877/928/887 876/927/886
f 947/958/912 948/992/932 957/1042/960 956/959/913
f 933/1043/737 924/1038/737 925/1037/737 934/912/737
f 886/979/707 877/1044/707 868/945/707
f 878/1012/946 887/981/928 867/922/737
f 916/1036/967 917/1045/968 926/1046/969 925/1037/970
f 941/1047/971 942/1048/972 951/1023/956 950/1026/956
f 920/926/885 911/1049/973 912/1050/925 921/923/882
f 926/1046/969 927/997/934 936/934/893 935/913/873
f 904/1051/707 868/945/707 913/1052/707
f 908/1053/974 907/1054/975 898/986/976 899/1028/959
f 887/1014/948 888/1013/947 897/1055/977 896/1056/978
f 966/1032/878 967/1031/962 976/1041/966 975/1040/879
f 904/970/923 903/969/922 894/1057/920 895/1058/979
f 956/959/913 965/917/877 964/1059/980 955/960/914
f 890/951/905 899/1028/959 898/986/976 889/952/906
f 941/1060/981 950/973/926 867/922/737
f 881/950/904 882/938/897 891/989/929 890/951/905
f 885/930/889 886/929/888 895/1058/979 894/1057/920
f 874/1061/982 875/1002/938 884/965/919 883/1062/983
f 940/1063/707 868/945/707 949/996/707
f 933/1043/737 934/912/737 943/915/737 942/999/737
f 926/1046/969 935/913/873 934/912/872 925/1037/970
f 945/933/892 954/1001/937 953/1064/984 944/914/874
f 931/1065/939 940/1020/954 939/1019/931 930/1066/883
f 874/936/895 873/935/894 972/955/909 973/1067/985
f 929/925/884 930/924/883 939/991/931 938/963/917
f 922/1068/707 868/945/707 931/1069/707
f 920/926/885 929/925/884 928/962/916 919/1070/986
f 879/1071/737 880/953/737 889/952/737 888/988/737
f 896/1056/978 897/1055/977 906/1072/987 905/1073/988
f 965/917/877 974/916/876 973/1074/989 964/1059/980
f 948/1022/932 949/1021/955 958/1030/961 957/1029/960
f 960/985/737 961/984/737 970/976/737 969/975/737
f 877/1044/707 976/943/707 868/945/707
f 873/935/894 882/938/897 881/950/904 872/1015/950
f 894/967/920 903/1075/922 902/1016/951 893/968/921
f 937/964/918 938/963/917 947/958/912 946/961/915
f 909/1010/944 918/1009/943 917/1045/968 908/1053/974
f 884/965/919 893/968/921 892/1018/953 883/1062/983
f 922/1068/707 913/1052/707 868/945/707
f 963/954/908 964/1006/940 973/1067/985 972/955/909
f 902/1016/951 903/1075/922 912/1050/925 911/1049/973
f 910/1076/990 901/1017/952 902/1016/951 911/1049/973
f 905/1073/988 906/1072/987 915/1077/991 914/1078/992
f 872/1015/950 871/977/949 970/976/993 971/956/910
f 899/1028/959 900/1027/958 909/1010/944 908/1053/974
f 943/915/875 944/914/874 953/1064/984 952/983/994
f 956/959/913 957/1042/960 966/918/878 965/917/877
f 897/987/737 898/986/737 907/1054/737 906/1079/737
f 954/1001/937 963/954/908 962/957/911 953/1064/984
f 974/916/876 975/919/879 876/1003/886 875/1002/938
f 914/1080/995 923/1081/996 867/922/737
f 892/990/930 901/1082/997 900/1027/958 891/989/929
f 940/1063/707 931/1069/707 868/945/707
f 906/1079/737 907/1054/737 916/1036/737 915/1035/737
f 914/1078/992 915/1077/991 924/1083/898 923/1084/898
f 895/980/707 868/945/707 904/1051/707
f 953/1064/984 962/957/911 961/984/998 952/983/994
f 870/978/737 871/977/737 880/953/737 879/1071/737
f 923/1081/996 932/1085/999 867/922/737
f 918/1009/943 927/997/934 926/1046/969 917/1045/968
f 910/1076/990 911/1049/973 920/926/885 919/1070/986
f 870/949/903 869/948/903 968/1034/964 969/1033/963
f 905/921/881 914/1080/995 867/922/737
f 932/1085/999 941/1060/981 867/922/737
f 908/1053/974 917/1045/968 916/1036/967 907/1054/975
f 900/1027/958 901/1082/997 910/1007/941 909/1010/944
f 972/955/909 873/935/894 872/1015/950 971/956/910
f 874/1061/982 973/1074/989 974/916/876 875/1002/938
f 933/940/899 942/1048/972 941/1047/971 932/941/900
f 961/984/998 962/957/911 971/956/910 970/976/993
f 869/1011/945 867/922/737 968/1039/965
f 1054/1086/1000 1055/1087/1001 1022/1088/1002 1021/1089/1003
f 1088/1090/1004 1062/1091/1005 1028/1092/1006 1089/1093/1007
f 1016/1094/1008 1112/1095/1009 1175/1096/1010 1168/1097/1011
f 1061/1098/1012 1088/1090/1004 1089/1093/1007 1027/1099/1013
f 1136/1100/1014 1152/1101/1015 1116/1102/1016 1060/1103/1017
f 1107/1104/1018 987/1105/1019 986/1106/1020 991/1107/1021
f 1128/1108/1022 1086/1109/1023 1028/1092/1006 1130/1110/1024
f 1062/1091/1005 1088/1090/1004 1030/1111/1025 997/1112/1026
f 1085/1113/1027 1031/1114/1028 1064/1115/1029 1065/1116/1030
f 1064/1115/1029 1031/1114/1028 1086/1117/1023 1063/1118/1031
f 999/1119/1032 1064/1115/1029 1063/1118/1031 998/1120/1033
f 1065/1116/1030 1001/1121/1034 1032/1122/1035 1085/1113/1027
f 1089/1093/1007 1028/1092/1006 1086/1109/1023 1031/1123/1028
f 1056/1124/1036 1057/1125/1037 1024/1126/1038 1023/1127/1039
f 1000/1128/1040 1066/1129/1041 1001/1121/1034 1065/1116/1030
f 1090/1130/1042 1027/1099/1013 1085/1131/1027 1032/1132/1035
f 1035/1133/1043 1034/1134/1044 978/1135/1045 979/1136/1046
f 1126/1137/1047 1033/1138/1048 998/1120/1033 1132/1139/1049
f 1119/1140/1050 1121/1141/1051 1125/1142/1052 1131/1143/1053 1123/1144/1054 1127/1145/1055 1129/1146/1056 1117/1147/1057
f 1086/1117/1023 1128/1148/1022 1124/1149/1058 1063/1118/1031
f 1039/1150/1059 1040/1151/1060 1007/1152/1061 1006/1153/1062
f 1053/1154/1063 991/1155/1021 992/1156/1064 1054/1086/1000
f 1106/1157/1065 1072/1158/1066 1080/1159/1067 1081/1160/1068
f 1022/1088/1002 1105/1161/1069 1081/1162/1068 1021/1089/1003
f 1055/1087/1001 1054/1086/1000 992/1156/1064 993/1163/1070
f 980/1164/1071 1036/1165/1072 1003/1166/1073 1002/1167/1074
f 1137/1168/1075 1066/1129/1041 1029/1169/1076 1153/1170/1077
f 1058/1171/1078 1059/1172/1079 1026/1173/1080 1025/1174/1081
f 1061/1098/1012 1027/1099/1013 1090/1130/1042 1097/1175/1082
f 993/1176/1070 984/1177/1083 1104/1178/1084 1102/1179/1085
f 1177/1180/1086 1113/1181/1087 1114/1182/1088 1180/1183/1089
f 1036/1165/1072 980/1164/1071 1093/1184/1090 981/1185/1091
f 1041/1186/1092 1040/1151/1060 984/1177/1083 985/1187/1093
f 1040/1151/1060 1039/1150/1059 1104/1178/1084 984/1177/1083
f 996/1188/1094 1030/1111/1025 1088/1090/1004 1061/1098/1012
f 1024/1126/1038 1025/1189/1081 1100/1190/1095 1083/1191/1096
f 996/1192/1094 1096/1193/1097 1087/1194/1098 979/1136/1046
f 1113/1195/1087 1048/1196/1099 1049/1197/1100
f 1114/1198/1088 1046/1199/1101 1047/1200/1102
f 1061/1098/1012 1097/1175/1082 1096/1201/1097 996/1188/1094
f 1068/1202/1103 1069/1203/1104 1100/1204/1095 1099/1205/1105
f 1056/1124/1036 1102/1206/1085 1101/1207/1106 1057/1125/1037
f 1055/1087/1001 1056/1124/1036 1023/1127/1039 1022/1088/1002
f 1003/1166/1073 1068/1202/1103 1067/1208/1107 1002/1167/1074
f 1058/1209/1078 1057/1125/1037 1101/1207/1106 994/1210/1108
f 1037/1211/1109 1036/1165/1072 981/1185/1091 982/1212/1110
f 1006/1153/1062 1103/1213/1111 1070/1214/1112 1005/1215/1113
f 998/1120/1033 1033/1138/1048 1034/1134/1044 999/1119/1032
f 1004/1216/1114 1005/1215/1113 1070/1214/1112 1069/1217/1104
f 1060/1103/1017 1059/1172/1079 1098/1218/1115 995/1219/1116
f 1035/1133/1043 979/1136/1046 1087/1194/1098 1029/1169/1076
f 1038/1220/1117 1037/1221/1109 982/1222/1110 983/1223/1118
f 1083/1224/1096 1070/1214/1112 1103/1213/1111 1082/1225/1119
f 1102/1179/1085 1104/1178/1084 983/1223/1118 1101/1226/1106
f 1025/1174/1081 1026/1173/1080 1099/1227/1105 1100/1228/1095
f 1027/1099/1013 1089/1093/1007 1031/1123/1028 1085/1131/1027
f 1034/1134/1044 1033/1138/1048 977/1229/1120 978/1135/1045
f 1056/1124/1036 1055/1087/1001 993/1163/1070 1102/1206/1085
f 1122/1230/1121 977/1229/1120 1033/1138/1048 1126/1137/1047
f 1141/1231/1122 1161/1232/1123 1067/1208/1107 1084/1233/1124
f 1137/1168/1075 1164/1234/1125 1001/1121/1034 1066/1129/1041
f 1165/1235/1126 1174/1236/1127 1111/1237/1128 1013/1238/1129
f 1051/1239/1130 1109/1240/1131 1107/1241/1018 1052/1242/1132
f 1067/1208/1107 1068/1202/1103 1099/1205/1105 1084/1233/1124
f 1003/1166/1073 1004/1243/1114 1069/1203/1104 1068/1202/1103
f 1101/1226/1106 983/1223/1118 982/1222/1110 994/1244/1108
f 1058/1171/1078 994/1245/1108 1098/1218/1115 1059/1172/1079
f 981/1185/1091 1093/1184/1090 995/1246/1116 1098/1247/1115
f 996/1192/1094 979/1136/1046 978/1135/1045 1030/1248/1025
f 1024/1126/1038 1083/1191/1096 1082/1249/1119 1023/1127/1039
f 1062/1091/1005 997/1112/1026 1120/1250/1133 1118/1251/1134
f 1023/1127/1039 1082/1249/1119 1105/1161/1069 1022/1088/1002
f 1105/1252/1069 1082/1225/1119 1103/1213/1111 1071/1253/1135
f 1042/1254/1136 1041/1186/1092 985/1187/1093 986/1106/1020
f 1006/1153/1062 1007/1152/1061 1071/1253/1135 1103/1213/1111
f 1009/1255/1137 1072/1158/1066 1106/1157/1065 1008/1256/1138
f 1021/1089/1003 1081/1162/1068 1080/1257/1067 1020/1258/1139
f 999/1119/1032 1034/1134/1044 1035/1133/1043 1000/1128/1040
f 1108/1259/1140 1080/1159/1067 1072/1158/1066 1073/1260/1141
f 986/1106/1020 987/1105/1019 1043/1261/1142 1042/1254/1136
f 1019/1262/1143 1020/1258/1139 1080/1257/1067 1108/1263/1140
f 1019/1262/1143 1052/1242/1132 1053/1154/1063 1020/1258/1139
f 1079/1264/1144 1108/1259/1140 1073/1260/1141 1074/1265/1145
f 1018/1266/1146 1019/1262/1143 1108/1263/1140 1079/1267/1144
f 1092/1268/1147 1095/1269/1148 1109/1240/1131 1051/1239/1130
f 1091/1270/1149 1044/1271/1150 988/1272/1151 1094/1273/1152
f 1109/1274/1131 988/1272/1151 987/1105/1019 1107/1104/1018
f 1050/1275/1153 990/1276/1154 1095/1269/1148 1092/1268/1147
f 1091/1270/1149 1094/1273/1152 989/1277/1155 1045/1278/1156
f 1111/1237/1128 1174/1236/1127 1175/1279/1010 1112/1280/1009
f 1169/1281/1157 1180/1183/1089 1114/1182/1088 1047/1282/1102
f 1042/1254/1136 1043/1261/1142 1010/1283/1158 1009/1255/1137
f 1047/1282/1102 1077/1284/1159 1166/1285/1160 1169/1281/1157
f 1170/1286/1161 1045/1278/1156 989/1277/1155 1179/1287/1162
f 1048/1288/1099 1113/1289/1087 1177/1290/1086 1172/1291/1163
f 1171/1292/1164 1178/1293/1165 990/1276/1154 1050/1275/1153
f 1017/1294/1166 1110/1295/1167 1112/1095/1009 1016/1094/1008
f 1018/1266/1146 1079/1267/1144 1110/1295/1167 1017/1294/1166
f 1076/1296/1168 1115/1297/1169 1176/1298/1170 1173/1299/1171
f 1010/1283/1158 1011/1300/1172 1074/1265/1145 1073/1260/1141
f 1012/1301/1173 1075/1302/1174 1074/1265/1145 1011/1300/1172
f 1013/1238/1129 1111/1237/1128 1075/1302/1174 1012/1301/1173
f 984/1177/1083 993/1176/1070 992/1303/1064 985/1187/1093
f 991/1107/1021 986/1106/1020 985/1187/1093 992/1303/1064
f 1136/1100/1014 1060/1103/1017 995/1219/1116 1148/1304/1175
f 1039/1150/1059 1038/1220/1117 983/1223/1118 1104/1178/1084
f 1083/1224/1096 1100/1305/1095 1069/1217/1104 1070/1214/1112
f 1026/1173/1080 1116/1102/1016 1084/1306/1124 1099/1227/1105
f 981/1185/1091 1098/1247/1115 994/1307/1108 982/1212/1110
f 1132/1139/1049 998/1120/1033 1063/1118/1031 1124/1149/1058
f 990/1308/1154 989/1277/1155 1094/1273/1152 1095/1309/1148
f 1008/1256/1138 1106/1157/1065 1071/1253/1135 1007/1152/1061
f 999/1119/1032 1000/1128/1040 1065/1116/1030 1064/1115/1029
f 1015/1310/1176 1115/1311/1169 1078/1312/1177
f 1014/1313/1178 1076/1314/1168 1077/1315/1159
f 1059/1172/1079 1060/1103/1017 1116/1102/1016 1026/1173/1080
f 1052/1242/1132 1107/1241/1018 991/1155/1021 1053/1154/1063
f 1057/1125/1037 1058/1209/1078 1025/1189/1081 1024/1126/1038
f 1047/1200/1102 1046/1199/1101 1014/1313/1178 1077/1315/1159
f 1081/1160/1068 1105/1252/1069 1071/1253/1135 1106/1157/1065
f 1053/1154/1063 1054/1086/1000 1021/1089/1003 1020/1258/1139
f 1012/1301/1173 1091/1270/1149 1045/1278/1156 1013/1238/1129
f 1040/1151/1060 1041/1186/1092 1008/1256/1138 1007/1152/1061
f 1038/1220/1117 1039/1150/1059 1006/1153/1062 1005/1215/1113
f 1092/1268/1147 1017/1294/1166 1016/1094/1008 1050/1275/1153
f 1037/1221/1109 1038/1220/1117 1005/1215/1113 1004/1216/1114
f 1051/1239/1130 1018/1266/1146 1017/1294/1166 1092/1268/1147
f 1077/1284/1159 1076/1296/1168 1173/1299/1171 1166/1285/1160
f 1046/1199/1101 1049/1197/1100 1078/1312/1177 1014/1313/1178
f 1015/1316/1176 1167/1317/1179 1176/1318/1170 1115/1319/1169
f 1091/1270/1149 1012/1301/1173 1011/1300/1172 1044/1271/1150
f 1052/1242/1132 1019/1262/1143 1018/1266/1146 1051/1239/1130
f 1049/1197/1100 1048/1196/1099 1015/1310/1176 1078/1312/1177
f 1168/1097/1011 1171/1292/1164 1050/1275/1153 1016/1094/1008
f 1153/1170/1077 1029/1169/1076 1087/1194/1098 1157/1320/1180
f 1109/1274/1131 1095/1309/1148 1094/1273/1152 988/1272/1151
f 1110/1321/1167 1075/1302/1174 1111/1237/1128 1112/1280/1009
f 1044/1271/1150 1011/1300/1172 1010/1283/1158 1043/1261/1142
f 1079/1264/1144 1074/1265/1145 1075/1302/1174 1110/1321/1167
f 1042/1254/1136 1009/1255/1137 1008/1256/1138 1041/1186/1092
f 1036/1165/1072 1037/1211/1109 1004/1243/1114 1003/1166/1073
f 1000/1128/1040 1035/1133/1043 1029/1169/1076 1066/1129/1041
f 1014/1313/1178 1078/1312/1177 1115/1311/1169 1076/1314/1168
f 1046/1199/1101 1114/1198/1088 1113/1195/1087 1049/1197/1100
f 1172/1291/1163 1167/1317/1179 1015/1316/1176 1048/1288/1099
f 1152/1101/1015 1141/1322/1122 1084/1306/1124 1116/1102/1016
f 1148/1323/1175 995/1246/1116 1093/1184/1090 1160/1324/1181
f 1178/1325/1165 1179/1287/1162 989/1277/1155 990/1308/1154
f 977/1229/1120 997/1326/1026 1030/1248/1025 978/1135/1045
f 1009/1255/1137 1010/1283/1158 1073/1260/1141 1072/1158/1066
f 1122/1230/1121 1120/1327/1133 997/1326/1026 977/1229/1120
f 1119/1140/1050 1117/1147/1057 1118/1328/1134 1120/1329/1133
f 1124/1330/1058 1128/1331/1022 1127/1145/1055 1123/1144/1054
f 1129/1146/1056 1127/1145/1055 1128/1331/1022 1130/1332/1024
f 1123/1144/1054 1131/1143/1053 1132/1333/1049 1124/1330/1058
f 1126/1334/1047 1132/1333/1049 1131/1143/1053 1125/1142/1052
f 1117/1147/1057 1129/1146/1056 1130/1332/1024 1118/1328/1134
f 1120/1329/1133 1122/1335/1121 1121/1141/1051 1119/1140/1050
f 1125/1142/1052 1121/1141/1051 1122/1335/1121 1126/1334/1047
f 1118/1251/1134 1130/1110/1024 1028/1092/1006 1062/1091/1005
f 1096/1193/1097 1145/1336/1182 1157/1320/1180 1087/1194/1098
f 1145/1336/1182 1146/1337/1183 1158/1338/1184 1157/1320/1180
f 1146/1337/1183 1147/1339/1185 1159/1340/1186 1158/1338/1184
f 1147/1339/1185 1148/1323/1175 1160/1324/1181 1159/1340/1186
f 1090/1130/1042 1032/1132/1035 1144/1341/1187 1149/1342/1188
f 1149/1342/1188 1144/1341/1187 1143/1343/1189 1150/1344/1190
f 1150/1344/1190 1143/1343/1189 1142/1345/1191 1151/1346/1192
f 1151/1346/1192 1142/1345/1191 1141/1322/1122 1152/1101/1015
f 980/1164/1071 1156/1347/1193 1160/1324/1181 1093/1184/1090
f 1156/1347/1193 1155/1348/1194 1159/1340/1186 1160/1324/1181
f 1155/1348/1194 1154/1349/1195 1158/1338/1184 1159/1340/1186
f 1154/1349/1195 1153/1170/1077 1157/1320/1180 1158/1338/1184
f 1097/1175/1082 1133/1350/1196 1145/1351/1182 1096/1201/1097
f 1133/1350/1196 1134/1352/1197 1146/1353/1183 1145/1351/1182
f 1134/1352/1197 1135/1354/1198 1147/1355/1185 1146/1353/1183
f 1135/1354/1198 1136/1100/1014 1148/1304/1175 1147/1355/1185
f 1002/1167/1074 1067/1208/1107 1161/1232/1123 1140/1356/1199
f 1140/1356/1199 1161/1232/1123 1162/1357/1200 1139/1358/1201
f 1139/1358/1201 1162/1357/1200 1163/1359/1202 1138/1360/1203
f 1138/1360/1203 1163/1359/1202 1164/1234/1125 1137/1168/1075
f 1032/1122/1035 1001/1121/1034 1164/1234/1125 1144/1361/1187
f 1144/1361/1187 1164/1234/1125 1163/1359/1202 1143/1362/1189
f 1143/1362/1189 1163/1359/1202 1162/1357/1200 1142/1363/1191
f 1142/1363/1191 1162/1357/1200 1161/1232/1123 1141/1231/1122
f 1002/1167/1074 1140/1356/1199 1156/1347/1193 980/1164/1071
f 1140/1356/1199 1139/1358/1201 1155/1348/1194 1156/1347/1193
f 1139/1358/1201 1138/1360/1203 1154/1349/1195 1155/1348/1194
f 1138/1360/1203 1137/1168/1075 1153/1170/1077 1154/1349/1195
f 1097/1175/1082 1090/1130/1042 1149/1342/1188 1133/1350/1196
f 1133/1350/1196 1149/1342/1188 1150/1344/1190 1134/1352/1197
f 1134/1352/1197 1150/1344/1190 1151/1346/1192 1135/1354/1198
f 1135/1354/1198 1151/1346/1192 1152/1101/1015 1136/1100/1014
f 1044/1271/1150 1043/1261/1142 987/1105/1019 988/1272/1151
f 1180/1183/1089 1169/1281/1157 1170/1286/1161 1179/1287/1162
f 1166/1285/1160 1173/1299/1171 1174/1236/1127 1165/1235/1126
f 1178/1293/1165 1171/1292/1164 1172/1291/1163 1177/1290/1086
f 1168/1097/1011 1175/1096/1010 1176/1318/1170 1167/1317/1179
f 1173/1299/1171 1176/1298/1170 1175/1279/1010 1174/1236/1127
f 1177/1180/1086 1180/1183/1089 1179/1287/1162 1178/1325/1165
f 1169/1281/1157 1166/1285/1160 1165/1235/1126 1170/1286/1161
f 1171/1292/1164 1168/1097/1011 1167/1317/1179 1172/1291/1163
f 1170/1286/1161 1165/1235/1126 1013/1238/1129 1045/1278/1156
f 1191/1364/1204 1190/1365/1205 1182/1366/1205 1183/1367/1204
f 1193/1368/1206 1185/1369/1206 1186/1370/1207 1194/1371/1207
f 1194/1372/1207 1186/1373/1207 1187/1374/1208 1195/1375/1208
f 1183/1376/1204 1184/1377/1209 1192/1378/1209 1191/1379/1204
f 1188/1380/1210 1206/1381/1211 1202/1382/1211 1196/1383/1212
f 1184/1377/1209 1185/1369/1206 1193/1368/1206 1192/1378/1209
f 1195/1375/1208 1187/1374/1208 1188/1380/1210 1196/1383/1212
f 1197/1384/1213 1198/1385/1213 1200/1386/1213 1199/1387/1213
f 1181/1388/1214 1189/1389/1215 1205/1390/1216 1201/1391/1216
f 1202/1392/1217 1217/1393/1218 1219/1394/1218 1205/1395/1217
f 1186/1396/1219 1185/1397/1219 1184/1398/1219 1183/1399/1219 1182/1400/1219 1181/1401/1220 1188/1402/1220 1187/1403/1219
f 1190/1404/1221 1191/1405/1221 1192/1406/1221 1193/1407/1221 1194/1408/1221 1195/1409/1221 1196/1410/1221 1202/1392/1217 1205/1395/1217 1189/1411/1221
f 1207/1412/1222 1204/1413/1222 1200/1414/1223 1198/1415/1223
f 1200/1416/1211 1204/1417/1211 1208/1418/1211 1199/1419/1211
f 1212/1420/1216 1222/1421/1216 1209/1422/1216 1223/1423/1216
f 1204/1417/1211 1220/1424/1211 1208/1418/1211
f 1211/1425/1211 1221/1426/1211 1213/1427/1211
f 1210/1428/1224 1204/1413/1222 1207/1412/1222 1212/1429/1224
f 1224/1430/1211 1210/1431/1211 1221/1426/1211 1211/1425/1211
f 1220/1432/1225 1218/1433/1225 1203/1434/1226 1208/1435/1226
f 1203/1436/1216 1207/1437/1216 1198/1438/1216 1197/1439/1216
f 1215/1440/1216 1223/1423/1216 1209/1422/1216
f 1214/1441/1216 1222/1421/1216 1212/1420/1216
f 1203/1436/1216 1218/1442/1216 1207/1437/1216
f 1221/1443/1227 1210/1428/1224 1212/1429/1224 1223/1444/1227
f 1211/1445/1228 1209/1446/1228 1222/1447/1229 1224/1448/1229
f 1210/1431/1211 1216/1449/1211 1220/1424/1211 1204/1417/1211
f 1212/1420/1216 1207/1437/1216 1218/1442/1216 1214/1441/1216
f 1209/1422/1216 1201/1391/1216 1219/1450/1216 1215/1440/1216
f 1216/1449/1211 1210/1431/1211 1224/1430/1211
f 1213/1451/1230 1221/1443/1227 1223/1444/1227 1215/1452/1230
f 1208/1435/1226 1203/1434/1226 1197/1453/1231 1199/1454/1231
f 1206/1381/1211 1211/1425/1211 1213/1427/1211 1217/1455/1211
f 1202/1382/1211 1206/1381/1211 1217/1455/1211
f 1201/1456/1232 1209/1446/1228 1211/1445/1228 1206/1457/1232
f 1216/1458/1233 1214/1459/1233 1218/1433/1225 1220/1432/1225
f 1181/1401/1220 1201/1456/1232 1206/1457/1232 1188/1402/1220
f 1224/1448/1229 1222/1447/1229 1214/1459/1233 1216/1458/1233
f 1217/1393/1218 1213/1451/1230 1215/1452/1230 1219/1394/1218
f 1205/1390/1216 1219/1450/1216 1201/1391/1216
f 1189/1389/1215 1181/1388/1214 1182/1366/1205 1190/1365/1205
f 1265/1460/1234 1253/1461/1234 1254/1462/1235 1266/1463/1235
f 1249/1464/1236 1242/1465/1236 1243/1466/1236
f 1232/1467/1237 1240/1468/1237 1239/1469/1237 1233/1470/1237
f 1252/1471/1238 1264/1472/1238 1263/1473/1239 1251/1474/1240
f 1234/1475/1241 1238/1476/1241 1237/1477/1241 1244/1478/1241 1229/1479/1241 1235/1480/1241
f 1256/1481/1242 1268/1482/1242 1267/1483/1243 1255/1484/1243
f 1264/1472/1238 1252/1471/1238 1253/1461/1234 1265/1460/1234
f 1266/1463/1235 1254/1462/1235 1255/1484/1243 1267/1483/1243
f 1257/1485/1244 1269/1486/1244 1268/1482/1242 1256/1481/1242
f 1247/1487/1245 1262/1488/1245 1227/1489/1246 1246/1490/1247
f 1228/1491/1248 1261/1492/1248 1260/1493/1248 1248/1494/1248 1249/1495/1248 1243/1496/1248
f 1245/1497/1249 1271/1498/1249 1259/1499/1249 1241/1500/1249 1248/1501/1249 1260/1502/1249
f 1239/1503/1250 1240/1504/1250 1236/1505/1250 1242/1506/1250 1237/1507/1250 1238/1508/1250
f 1225/1509/1251 1226/1510/1251 1237/1477/1251 1242/1465/1236
f 1233/1511/1252 1234/1512/1252 1235/1513/1252 1230/1514/1252 1231/1515/1252 1232/1516/1252
f 1230/1517/1251 1235/1480/1251 1247/1518/1251 1246/1519/1251
f 1235/1480/1251 1229/1479/1253 1262/1520/1236
f 1239/1521/1254 1238/1522/1254 1234/1523/1254 1233/1524/1254
f 1258/1525/1255 1270/1526/1255 1269/1486/1244 1257/1485/1244
f 1259/1527/1256 1271/1528/1256 1270/1526/1256 1258/1525/1256
f 1228/1529/1257 1243/1466/1257 1242/1465/1257 1236/1530/1257 1231/1531/1257 1230/1517/1257
f 1229/1532/1258 1244/1533/1258 1250/1534/1258 1272/1535/1259 1227/1536/1260 1262/1537/1258
f 1226/1510/1251 1250/1538/1251 1237/1477/1251
f 1261/1539/1261 1246/1490/1247 1245/1540/1262 1260/1541/1261
f 1228/1529/1251 1230/1517/1251 1261/1542/1251
f 1249/1464/1236 1225/1509/1251 1242/1465/1236
f 1230/1517/1251 1246/1519/1251 1261/1542/1251
f 1247/1518/1251 1235/1480/1251 1262/1520/1236
f 1270/1543/1263 1271/1544/1263 1245/1540/1262 1246/1490/1247 1227/1489/1246 1263/1545/1263 1264/1546/1263 1265/1547/1263 1266/1548/1263 1267/1549/1263 1268/1550/1263 1269/1551/1263
f 1241/1552/1264 1225/1553/1265 1249/1554/1266 1248/1555/1266
f 1251/1474/1240 1263/1473/1239 1227/1536/1260 1272/1535/1259
f 1272/1556/1267 1250/1557/1268 1226/1558/1268 1225/1553/1265
f 1232/1559/1269 1231/1560/1269 1236/1561/1269 1240/1562/1269
f 1251/1563/1270 1272/1556/1267 1225/1553/1265 1241/1552/1264 1259/1564/1270 1258/1565/1270 1257/1566/1270 1256/1567/1270 1255/1568/1270 1254/1569/1270 1253/1570/1270 1252/1571/1270
f 1250/1538/1251 1244/1478/1251 1237/1477/1251
f 1275/1572/1271 1291/1573/1272 1280/1574/1271 1294/1575/1273
f 1290/1576/1274 1276/1577/1275 1289/1578/1275 1280/1579/1274
f 1281/1580/1276 1287/1581/1276 1292/1582/1277 1282/1583/1277
f 1282/1584/1278 1292/1585/1279 1277/1586/1280 1293/1587/1281
f 1283/1588/1282 1397/1589/1283 1410/1590/1284 1286/1591/1282
f 1404/1592/1285 1365/1593/1211 1282/1594/1286 1293/1595/1252
f 1277/1586/1280 1285/1596/1287 1284/1597/1288 1273/1598/1289
f 1292/1599/1290 1392/1600/1290 1412/1601/1290 1285/1602/1290
f 1283/1603/1291 1286/1604/1291 1275/1572/1271 1274/1605/1292
f 1387/1606/1293 1363/1607/1294 1350/1608/1295 1374/1609/1296
f 1405/1610/1285 1396/1611/1297 1279/1612/1298 1294/1613/1252
f 1366/1614/1299 1367/1615/1300 1300/1616/1301 1299/1617/1302
f 1365/1618/1303 1297/1619/1303 1296/1620/1304 1364/1621/1305
f 1365/1622/1306 1398/1623/1307 1298/1624/1308 1297/1625/1306
f 1398/1623/1307 1401/1626/1309 1407/1627/1310 1298/1624/1308
f 1385/1628/1311 1386/1629/1312 1316/1630/1313 1411/1631/1314
f 1394/1632/1315 1366/1614/1299 1299/1617/1302 1409/1633/1315
f 1300/1616/1301 1367/1615/1300 1368/1634/1316 1301/1635/1316
f 1383/1636/1317 1384/1637/1318 1413/1638/1319 1406/1639/1320
f 1369/1640/1321 1370/1641/1322 1303/1642/1322 1302/1643/1321
f 1348/1644/1323 1349/1645/1324 1373/1646/1325 1372/1647/1323
f 1387/1606/1293 1374/1609/1296 1307/1648/1326 1317/1649/1327
f 1380/1650/1328 1356/1651/1329 1357/1652/1324 1381/1653/1330
f 1357/1652/1324 1358/1654/1323 1382/1655/1331 1381/1653/1330
f 1312/1656/1332 1379/1657/1333 1380/1650/1328 1313/1658/1334
f 1413/1638/1319 1384/1637/1318 1385/1659/1311 1411/1660/1314
f 1386/1629/1312 1387/1606/1293 1317/1649/1327 1316/1630/1313
f 1347/1661/1335 1346/1662/1322 1326/1663/1322 1325/1664/1335
f 1339/1665/1216 1324/1666/1216 1325/1667/1216 1338/1668/1216
f 1324/1666/1216 1339/1665/1216 1340/1669/1216 1323/1670/1216
f 1399/1671/1336 1412/1672/1284 1320/1673/1250 1331/1674/1282
f 1328/1675/1216 1329/1676/1216 1334/1677/1216 1335/1678/1216
f 1337/1679/1216 1338/1668/1216 1325/1667/1216 1326/1680/1216
f 1330/1681/1216 1333/1682/1216 1334/1677/1216 1329/1676/1216
f 1327/1683/1216 1328/1675/1216 1335/1678/1216 1336/1684/1216
f 1332/1685/1337 1333/1682/1216 1330/1681/1216 1410/1590/1284
f 1343/1686/1338 1395/1687/1339 1410/1688/1339 1330/1689/1338
f 1288/1690/1340 1343/1686/1338 1330/1689/1338 1329/1691/1341
f 1344/1692/1316 1288/1690/1340 1329/1691/1341 1328/1693/1316
f 1345/1694/1321 1344/1692/1316 1328/1693/1316 1327/1695/1342
f 1383/1636/1317 1382/1696/1331 1358/1697/1323 1359/1698/1335
f 1386/1629/1312 1385/1628/1311 1361/1699/1321 1362/1700/1316
f 1349/1645/1324 1323/1701/1324 1322/1702/1343 1341/1703/1344
f 1303/1642/1322 1370/1641/1322 1371/1704/1335 1304/1705/1335
f 1378/1706/1345 1379/1657/1333 1312/1656/1332 1311/1707/1346
f 1385/1659/1311 1384/1637/1318 1360/1708/1322 1361/1709/1321
f 1327/1710/1342 1326/1663/1322 1346/1662/1322 1345/1711/1321
f 1373/1646/1325 1349/1645/1324 1341/1703/1344 1388/1712/1347
f 1374/1609/1296 1350/1608/1295 1351/1713/1348 1375/1714/1349
f 1375/1715/1349 1376/1716/1350 1309/1717/1351 1308/1718/1352
f 1355/1719/1353 1356/1651/1329 1380/1650/1328 1379/1657/1333
f 1368/1634/1316 1369/1720/1321 1302/1721/1321 1301/1635/1316
f 1375/1715/1349 1351/1722/1348 1352/1723/1354 1376/1716/1350
f 1359/1698/1335 1360/1708/1322 1384/1637/1318 1383/1636/1317
f 1372/1724/1323 1371/1704/1335 1347/1661/1335 1348/1725/1323
f 1367/1615/1300 1288/1690/1340 1344/1692/1316 1368/1634/1316
f 1313/1658/1334 1380/1650/1328 1381/1653/1330 1314/1726/1355
f 1378/1706/1345 1354/1727/1356 1355/1719/1353 1379/1657/1333
f 1377/1728/1357 1353/1729/1358 1354/1730/1356 1378/1731/1345
f 1346/1662/1322 1347/1661/1335 1371/1704/1335 1370/1641/1322
f 1374/1609/1296 1375/1714/1349 1308/1732/1352 1307/1648/1326
f 1310/1733/1211 1303/1734/1211 1304/1735/1211 1309/1736/1211
f 1324/1737/1323 1323/1701/1324 1349/1645/1324 1348/1644/1323
f 1382/1696/1331 1383/1636/1317 1406/1639/1320 1315/1738/1359
f 1369/1720/1321 1368/1634/1316 1344/1692/1316 1345/1694/1321
f 1310/1739/1360 1377/1728/1357 1378/1731/1345 1311/1740/1346
f 1296/1741/1211 1316/1742/1211 1317/1743/1211 1295/1744/1211
f 1306/1745/1211 1295/1744/1211 1317/1743/1211 1307/1746/1211
f 1411/1747/1211 1316/1742/1211 1296/1741/1211 1297/1748/1211
f 1308/1749/1211 1305/1750/1211 1306/1745/1211 1307/1746/1211
f 1308/1749/1211 1309/1736/1211 1304/1735/1211 1305/1750/1211
f 1348/1725/1323 1347/1661/1335 1325/1664/1335 1324/1751/1323
f 1386/1629/1312 1362/1700/1316 1363/1607/1294 1387/1606/1293
f 1391/1752/1283 1284/1753/1282 1285/1754/1282 1412/1672/1284
f 1293/1595/1252 1278/1755/1285 1390/1756/1297 1404/1592/1285
f 1343/1757/1216 1288/1758/1216 1276/1759/1216
f 1371/1704/1335 1372/1724/1323 1305/1760/1323 1304/1705/1335
f 1294/1613/1252 1280/1761/1286 1394/1762/1286 1405/1610/1285
f 1291/1763/1361 1286/1764/1361 1410/1765/1361 1395/1766/1361
f 1389/1767/1336 1391/1752/1283 1412/1672/1284 1399/1671/1336
f 1376/1716/1350 1377/1728/1357 1310/1739/1360 1309/1717/1351
f 1401/1768/1362 1398/1769/1363 1402/1770/1364 1403/1771/1363
f 1398/1769/1363 1404/1592/1285 1390/1756/1297 1402/1770/1364
f 1403/1771/1363 1396/1611/1297 1405/1610/1285 1401/1768/1362
f 1406/1772/1211 1407/1773/1211 1409/1774/1211 1315/1775/1211
f 1400/1776/1336 1399/1671/1336 1331/1674/1282 1408/1777/1282
f 1280/1574/1271 1291/1573/1272 1290/1778/1294
f 1279/1779/1273 1274/1605/1292 1275/1572/1271 1294/1575/1273
f 1342/1780/1216 1292/1781/1216 1287/1782/1216
f 1341/1783/1216 1342/1780/1216 1287/1782/1216
f 1364/1784/1211 1282/1594/1286 1365/1593/1211
f 1282/1594/1286 1364/1784/1211 1281/1785/1365
f 1281/1785/1365 1364/1784/1211 1388/1786/1366
f 1295/1787/1367 1388/1712/1347 1364/1621/1305 1296/1620/1304
f 1292/1585/1279 1285/1596/1287 1277/1586/1280
f 1275/1572/1271 1286/1604/1291 1291/1573/1272
f 1321/1788/1368 1412/1789/1369 1392/1790/1369 1342/1791/1368
f 1306/1792/1370 1373/1646/1325 1388/1712/1347 1295/1787/1367
f 1406/1772/1211 1413/1793/1211 1298/1794/1211 1407/1773/1211
f 1381/1653/1330 1382/1655/1331 1315/1795/1359 1314/1726/1355
f 1401/1626/1309 1394/1796/1371 1409/1797/1371 1407/1627/1310
f 1369/1640/1321 1345/1711/1321 1346/1662/1322 1370/1641/1322
f 1310/1733/1211 1311/1798/1211 1302/1799/1211 1303/1734/1211
f 1372/1647/1323 1373/1646/1325 1306/1792/1370 1305/1800/1323
f 1393/1801/1336 1400/1776/1336 1410/1590/1284 1397/1589/1283
f 1289/1578/1275 1276/1577/1275 1288/1802/1372 1367/1803/1372
f 1352/1723/1354 1353/1729/1358 1377/1728/1357 1376/1716/1350
f 1323/1670/1216 1340/1669/1216 1318/1804/1216 1322/1805/1216
f 1327/1683/1216 1336/1684/1216 1337/1679/1216 1326/1680/1216
f 1341/1703/1344 1322/1702/1343 1321/1788/1368 1342/1791/1368
f 1395/1806/1216 1343/1757/1216 1290/1807/1216
f 1289/1808/1373 1367/1809/1374 1366/1810/1211
f 1343/1757/1216 1276/1759/1216 1290/1807/1216
f 1366/1810/1211 1280/1761/1286 1289/1808/1373
f 1280/1761/1286 1366/1810/1211 1394/1762/1286
f 1393/1801/1336 1389/1767/1336 1399/1671/1336 1400/1776/1336
f 1291/1811/1216 1395/1806/1216 1290/1807/1216
f 1405/1610/1285 1394/1762/1286 1401/1768/1362
f 1341/1812/1375 1287/1581/1276 1281/1580/1276 1388/1813/1375
f 1332/1685/1337 1410/1590/1284 1400/1776/1336 1408/1777/1282
f 1299/1814/1211 1314/1815/1211 1315/1775/1211 1409/1774/1211
f 1314/1815/1211 1299/1814/1211 1300/1816/1211 1313/1817/1211
f 1301/1818/1211 1312/1819/1211 1313/1817/1211 1300/1816/1211
f 1297/1748/1211 1298/1794/1211 1413/1793/1211 1411/1747/1211
f 1312/1819/1211 1301/1818/1211 1302/1799/1211 1311/1798/1211
f 1321/1820/1216 1319/1821/1216 1320/1673/1250 1412/1672/1284
f 1398/1769/1363 1365/1593/1211 1404/1592/1285
f 1322/1805/1216 1318/1804/1216 1319/1821/1216 1321/1820/1216
f 1392/1822/1216 1292/1781/1216 1342/1780/1216
f 1277/1586/1280 1273/1598/1289 1278/1823/1376 1293/1587/1281
f 1416/1572/1377 1435/1575/1378 1421/1574/1377 1432/1573/1272
f 1431/1576/1379 1421/1579/1379 1430/1578/1380 1417/1577/1380
f 1422/1580/1381 1423/1583/1382 1433/1582/1382 1428/1581/1381
f 1423/1584/1383 1434/1587/1384 1418/1586/1385 1433/1585/1386
f 1424/1588/1387 1427/1591/1387 1551/1590/1388 1538/1589/1389
f 1545/1592/1390 1434/1595/1391 1423/1594/1250 1506/1593/1216
f 1418/1586/1385 1414/1598/1392 1425/1597/1288 1426/1596/1287
f 1433/1599/1393 1426/1602/1393 1553/1601/1393 1533/1600/1393
f 1424/1603/1291 1415/1605/1394 1416/1572/1377 1427/1604/1291
f 1528/1606/1395 1515/1609/1396 1491/1608/1295 1504/1607/1294
f 1546/1610/1390 1435/1613/1391 1420/1612/1397 1537/1611/1398
f 1507/1614/1399 1440/1617/1400 1441/1616/1401 1508/1615/1402
f 1506/1618/1403 1505/1621/1404 1437/1620/1405 1438/1619/1403
f 1506/1622/1406 1438/1625/1406 1439/1624/1407 1539/1623/1408
f 1539/1623/1408 1439/1624/1407 1548/1627/1409 1542/1626/1410
f 1526/1628/1411 1552/1631/1412 1457/1630/1413 1527/1629/1414
f 1535/1632/1415 1550/1633/1415 1440/1617/1400 1507/1614/1399
f 1441/1616/1401 1442/1635/1316 1509/1634/1316 1508/1615/1402
f 1524/1636/1416 1547/1639/1417 1554/1638/1418 1525/1637/1419
f 1510/1640/1321 1443/1643/1321 1444/1642/1322 1511/1641/1322
f 1489/1644/1323 1513/1647/1323 1514/1646/1420 1490/1645/1324
f 1528/1606/1395 1458/1649/1421 1448/1648/1422 1515/1609/1396
f 1521/1650/1423 1522/1653/1424 1498/1652/1324 1497/1651/1329
f 1498/1652/1324 1522/1653/1424 1523/1655/1425 1499/1654/1323
f 1453/1656/1426 1454/1658/1427 1521/1650/1423 1520/1657/1428
f 1554/1638/1418 1552/1660/1412 1526/1659/1411 1525/1637/1419
f 1527/1629/1414 1457/1630/1413 1458/1649/1421 1528/1606/1395
f 1488/1661/1335 1466/1664/1335 1467/1663/1322 1487/1662/1322
f 1480/1665/1211 1479/1668/1211 1466/1667/1211 1465/1666/1211
f 1465/1666/1211 1464/1670/1211 1481/1669/1211 1480/1665/1211
f 1540/1671/1429 1472/1674/1387 1461/1673/1286 1553/1672/1388
f 1469/1675/1211 1476/1678/1211 1475/1677/1211 1470/1676/1211
f 1478/1679/1211 1467/1680/1211 1466/1667/1211 1479/1668/1211
f 1471/1681/1211 1470/1676/1211 1475/1677/1211 1474/1682/1211
f 1468/1683/1211 1477/1684/1211 1476/1678/1211 1469/1675/1211
f 1473/1685/1430 1551/1590/1388 1471/1681/1211 1474/1682/1211
f 1484/1686/1338 1471/1689/1338 1551/1688/1339 1536/1687/1339
f 1429/1690/1340 1470/1691/1341 1471/1689/1338 1484/1686/1338
f 1485/1692/1316 1469/1693/1316 1470/1691/1341 1429/1690/1340
f 1486/1694/1321 1468/1695/1342 1469/1693/1316 1485/1692/1316
f 1524/1636/1416 1500/1698/1335 1499/1697/1323 1523/1696/1425
f 1527/1629/1414 1503/1700/1316 1502/1699/1321 1526/1628/1411
f 1490/1645/1324 1482/1703/1344 1463/1702/1431 1464/1701/1324
f 1444/1642/1322 1445/1705/1335 1512/1704/1335 1511/1641/1322
f 1519/1706/1432 1452/1707/1433 1453/1656/1426 1520/1657/1428
f 1526/1659/1411 1502/1709/1321 1501/1708/1322 1525/1637/1419
f 1468/1710/1342 1486/1711/1321 1487/1662/1322 1467/1663/1322
f 1514/1646/1420 1529/1712/1434 1482/1703/1344 1490/1645/1324
f 1515/1609/1396 1516/1714/1435 1492/1713/1348 1491/1608/1295
f 1516/1715/1435 1449/1718/1436 1450/1717/1437 1517/1716/1438
f 1496/1719/1353 1520/1657/1428 1521/1650/1423 1497/1651/1329
f 1509/1634/1316 1442/1635/1316 1443/1721/1321 1510/1720/1321
f 1516/1715/1435 1517/1716/1438 1493/1723/1354 1492/1722/1348
f 1500/1698/1335 1524/1636/1416 1525/1637/1419 1501/1708/1322
f 1513/1724/1323 1489/1725/1323 1488/1661/1335 1512/1704/1335
f 1508/1615/1402 1509/1634/1316 1485/1692/1316 1429/1690/1340
f 1454/1658/1427 1455/1726/1439 1522/1653/1424 1521/1650/1423
f 1519/1706/1432 1520/1657/1428 1496/1719/1353 1495/1727/1356
f 1518/1728/1440 1519/1731/1432 1495/1730/1356 1494/1729/1358
f 1487/1662/1322 1511/1641/1322 1512/1704/1335 1488/1661/1335
f 1515/1609/1396 1448/1648/1422 1449/1732/1436 1516/1714/1435
f 1451/1733/1216 1450/1736/1216 1445/1735/1216 1444/1734/1216
f 1465/1737/1323 1489/1644/1323 1490/1645/1324 1464/1701/1324
f 1523/1696/1425 1456/1738/1441 1547/1639/1417 1524/1636/1416
f 1510/1720/1321 1486/1694/1321 1485/1692/1316 1509/1634/1316
f 1451/1739/1442 1452/1740/1433 1519/1731/1432 1518/1728/1440
f 1437/1741/1216 1436/1744/1216 1458/1743/1216 1457/1742/1216
f 1447/1745/1216 1448/1746/1216 1458/1743/1216 1436/1744/1216
f 1552/1747/1216 1438/1748/1216 1437/1741/1216 1457/1742/1216
f 1449/1749/1216 1448/1746/1216 1447/1745/1216 1446/1750/1216
f 1449/1749/1216 1446/1750/1216 1445/1735/1216 1450/1736/1216
f 1489/1725/1323 1465/1751/1323 1466/1664/1335 1488/1661/1335
f 1527/1629/1414 1528/1606/1395 1504/1607/1294 1503/1700/1316
f 1532/1752/1389 1553/1672/1388 1426/1754/1387 1425/1753/1387
f 1434/1595/1391 1545/1592/1390 1531/1756/1398 1419/1755/1390
f 1484/1757/1211 1417/1759/1211 1429/1758/1211
f 1512/1704/1335 1445/1705/1335 1446/1760/1323 1513/1724/1323
f 1435/1613/1391 1546/1610/1390 1535/1762/1250 1421/1761/1250
f 1432/1763/1361 1536/1766/1361 1551/1765/1361 1427/1764/1361
f 1530/1767/1429 1540/1671/1429 1553/1672/1388 1532/1752/1389
f 1517/1716/1438 1450/1717/1437 1451/1739/1442 1518/1728/1440
f 1542/1768/1443 1544/1771/1444 1543/1770/1445 1539/1769/1444
f 1539/1769/1444 1543/1770/1445 1531/1756/1398 1545/1592/1390
f 1544/1771/1444 1542/1768/1443 1546/1610/1390 1537/1611/1398
f 1547/1772/1216 1456/1775/1216 1550/1774/1216 1548/1773/1216
f 1541/1776/1429 1549/1777/1387 1472/1674/1387 1540/1671/1429
f 1421/1574/1377 1431/1778/1294 1432/1573/1272
f 1420/1779/1378 1435/1575/1378 1416/1572/1377 1415/1605/1394
f 1483/1780/1211 1428/1782/1211 1433/1781/1211
f 1482/1783/1211 1428/1782/1211 1483/1780/1211
f 1505/1784/1216 1506/1593/1216 1423/1594/1250
f 1423/1594/1250 1422/1785/1446 1505/1784/1216
f 1422/1785/1446 1529/1786/1447 1505/1784/1216
f 1436/1787/1448 1437/1620/1405 1505/1621/1404 1529/1712/1434
f 1433/1585/1386 1418/1586/1385 1426/1596/1287
f 1416/1572/1377 1432/1573/1272 1427/1604/1291
f 1462/1788/1449 1483/1791/1449 1533/1790/1450 1553/1789/1450
f 1447/1792/1451 1436/1787/1448 1529/1712/1434 1514/1646/1420
f 1547/1772/1216 1548/1773/1216 1439/1794/1216 1554/1793/1216
f 1522/1653/1424 1455/1726/1439 1456/1795/1441 1523/1655/1425
f 1542/1626/1410 1548/1627/1409 1550/1797/1452 1535/1796/1452
f 1510/1640/1321 1511/1641/1322 1487/1662/1322 1486/1711/1321
f 1451/1733/1216 1444/1734/1216 1443/1799/1216 1452/1798/1216
f 1513/1647/1323 1446/1800/1323 1447/1792/1451 1514/1646/1420
f 1534/1801/1429 1538/1589/1389 1551/1590/1388 1541/1776/1429
f 1430/1578/1380 1508/1803/1372 1429/1802/1372 1417/1577/1380
f 1493/1723/1354 1517/1716/1438 1518/1728/1440 1494/1729/1358
f 1464/1670/1211 1463/1805/1211 1459/1804/1211 1481/1669/1211
f 1468/1683/1211 1467/1680/1211 1478/1679/1211 1477/1684/1211
f 1482/1703/1344 1483/1791/1449 1462/1788/1449 1463/1702/1431
f 1536/1806/1211 1431/1807/1211 1484/1757/1211
f 1430/1808/1453 1507/1810/1216 1508/1809/1454
f 1484/1757/1211 1431/1807/1211 1417/1759/1211
f 1507/1810/1216 1430/1808/1453 1421/1761/1250
f 1421/1761/1250 1535/1762/1250 1507/1810/1216
f 1534/1801/1429 1541/1776/1429 1540/1671/1429 1530/1767/1429
f 1432/1811/1211 1431/1807/1211 1536/1806/1211
f 1546/1610/1390 1542/1768/1443 1535/1762/1250
f 1482/1812/1375 1529/1813/1375 1422/1580/1381 1428/1581/1381
f 1473/1685/1430 1549/1777/1387 1541/1776/1429 1551/1590/1388
f 1440/1814/1216 1550/1774/1216 1456/1775/1216 1455/1815/1216
f 1455/1815/1216 1454/1817/1216 1441/1816/1216 1440/1814/1216
f 1442/1818/1216 1441/1816/1216 1454/1817/1216 1453/1819/1216
f 1438/1748/1216 1552/1747/1216 1554/1793/1216 1439/1794/1216
f 1453/1819/1216 1452/1798/1216 1443/1799/1216 1442/1818/1216
f 1462/1820/1211 1553/1672/1388 1461/1673/1286 1460/1821/1211
f 1539/1769/1444 1545/1592/1390 1506/1593/1216
f 1463/1805/1211 1462/1820/1211 1460/1821/1211 1459/1804/1211
f 1533/1822/1211 1483/1780/1211 1433/1781/1211
f 1418/1586/1385 1434/1587/1384 1419/1823/1455 1414/1598/1392
f 1601/1824/1456 1561/1825/1456 1622/1826/1457 1621/1827/1457 1620/1828/1457 1572/1829/1457 1665/1830/1457 1664/1831/1457
f 1581/1832/1458 1619/1833/1459 1617/1834/1460 1580/1835/1461
f 1687/1836/1462 1590/1837/1463 1589/1838/1464 1686/1839/1465
f 1585/1840/1466 1632/1841/1467 1629/1842/1468 1584/1843/1469
f 1629/1842/1468 1628/1844/1470 1626/1845/1471 1627/1846/1472
f 1606/1847/1473 1696/1848/1474 1556/1849/1475 1604/1850/1476
f 1651/1851/1477 1658/1852/1478 1570/1853/1479 1567/1854/1480
f 1624/1855/1481 1626/1845/1471 1704/1856/1482 1623/1857/1483
f 1629/1842/1468 1632/1841/1467 1631/1858/1484 1628/1844/1470
f 1613/1859/1485 1614/1860/1486 1698/1861/1487 1578/1862/1488
f 1674/1863/1489 1580/1835/1461 1579/1864/1490 1673/1865/1491
f 1600/1866/1492 1565/1867/1492 1644/1868/1493 1643/1869/1493 1591/1870/1493 1571/1871/1493 1663/1872/1493 1662/1873/1493
f 1577/1874/1494 1611/1875/1495 1609/1876/1496 1576/1877/1497
f 1678/1878/1498 1582/1879/1499 1561/1880/1500 1677/1881/1501
f 1684/1882/1502 1587/1883/1503 1562/1884/1504 1683/1885/1505
f 1612/1886/1506 1613/1859/1485 1655/1887/1507 1656/1888/1508
f 1646/1889/1509 1645/1890/1510 1643/1891/1511 1644/1892/1512
f 1618/1893/1513 1665/1894/1514 1572/1895/1515 1560/1896/1516
f 1599/1897/1517 1682/1898/1518 1683/1899/1518 1562/1900/1517
f 1676/1901/1519 1601/1902/1520 1581/1832/1458 1675/1903/1521
f 1608/1904/1522 1609/1876/1496 1611/1875/1495 1610/1905/1523
f 1705/1906/1524 1630/1907/1525 1563/1908/1526 1701/1909/1527
f 1607/1910/1528 1606/1847/1473 1604/1850/1476 1605/1911/1529
f 1610/1905/1523 1654/1912/1530 1568/1913/1531 1558/1914/1532
f 1556/1915/1475 1567/1916/1480 1570/1917/1479 1573/1918/1533
f 1593/1919/1534 1648/1920/1535 1646/1889/1509 1592/1921/1536
f 1593/1919/1534 1594/1922/1537 1650/1923/1538 1648/1920/1535
f 1667/1924/1539 1574/1925/1540 1555/1926/1541 1666/1927/1542
f 1580/1835/1461 1617/1834/1460 1615/1928/1543 1579/1864/1490
f 1615/1928/1543 1614/1860/1486 1613/1859/1485 1612/1886/1506
f 1601/1902/1520 1664/1929/1544 1619/1833/1459 1581/1832/1458
f 1589/1838/1464 1590/1837/1463 1642/1930/1545 1640/1931/1546
f 1575/1932/1547 1576/1877/1497 1609/1876/1496 1607/1910/1528
f 1575/1932/1547 1607/1910/1528 1605/1911/1529 1574/1925/1540
f 1605/1911/1529 1604/1850/1476 1602/1933/1548 1603/1934/1549
f 1598/1935/1550 1657/1936/1551 1652/1937/1552 1595/1938/1553
f 1595/1938/1553 1652/1937/1552 1650/1923/1538 1594/1922/1537
f 1649/1939/1554 1651/1851/1477 1567/1854/1480 1702/1940/1555
f 1592/1921/1536 1646/1889/1509 1644/1892/1512 1565/1941/1556
f 1699/1942/1557 1698/1861/1487 1614/1860/1486 1616/1943/1558
f 1583/1944/1559 1584/1843/1469 1629/1842/1468 1627/1846/1472
f 1588/1945/1560 1589/1838/1464 1640/1931/1546 1638/1946/1561
f 1588/1945/1560 1638/1946/1561 1636/1947/1562 1587/1883/1503
f 1587/1883/1503 1636/1947/1562 1634/1948/1563 1562/1884/1504
f 1599/1949/1564 1659/1950/1565 1632/1841/1467 1585/1840/1466
f 1671/1951/1566 1596/1952/1567 1577/1874/1494 1670/1953/1568
f 1596/1952/1567 1653/1954/1569 1611/1875/1495 1577/1874/1494
f 1582/1879/1499 1625/1955/1570 1622/1956/1571 1561/1880/1500
f 1559/1957/1572 1612/1886/1506 1656/1888/1508 1569/1958/1573
f 1575/1932/1547 1668/1959/1574 1669/1960/1575 1576/1877/1497
f 1643/1891/1511 1645/1890/1510 1566/1961/1576 1591/1962/1577
f 1574/1925/1540 1605/1911/1529 1603/1934/1549 1555/1926/1541
f 1645/1890/1510 1647/1963/1578 1703/1964/1579 1566/1961/1576
f 1640/1931/1546 1639/1965/1580 1637/1966/1581 1638/1946/1561
f 1647/1963/1578 1649/1939/1554 1702/1940/1555 1703/1964/1579
f 1639/1965/1580 1700/1967/1582 1701/1968/1527 1637/1966/1581
f 1641/1969/1583 1663/1970/1584 1571/1971/1585 1564/1972/1586
f 1593/1919/1534 1691/1973/1587 1692/1974/1588 1594/1922/1537
f 1655/1887/1507 1613/1859/1485 1578/1862/1488 1597/1975/1589
f 1619/1833/1459 1664/1929/1544 1665/1894/1514 1618/1893/1513
f 1617/1834/1460 1619/1833/1459 1618/1893/1513 1616/1943/1558
f 1636/1947/1562 1638/1946/1561 1637/1966/1581 1635/1976/1590
f 1635/1976/1590 1637/1966/1581 1701/1968/1527 1563/1977/1526
f 1618/1893/1513 1560/1896/1516 1699/1942/1557 1616/1943/1558
f 1650/1923/1538 1649/1939/1554 1647/1963/1578 1648/1920/1535
f 1583/1944/1559 1627/1846/1472 1625/1955/1570 1582/1879/1499
f 1608/1904/1522 1697/1978/1591 1696/1848/1474 1606/1847/1473
f 1653/1954/1569 1654/1912/1530 1610/1905/1523 1611/1875/1495
f 1627/1846/1472 1626/1845/1471 1624/1855/1481 1625/1955/1570
f 1579/1864/1490 1615/1928/1543 1612/1886/1506 1559/1957/1572
f 1696/1979/1474 1702/1980/1555 1567/1916/1480 1556/1915/1475
f 1604/1850/1476 1556/1849/1475 1573/1981/1533 1602/1933/1548
f 1703/1982/1579 1700/1983/1582 1564/1984/1586 1566/1985/1576
f 1566/1985/1576 1564/1984/1586 1571/1986/1585 1591/1987/1577
f 1705/1988/1524 1628/1844/1470 1631/1858/1484 1630/1989/1525
f 1617/1834/1460 1616/1943/1558 1614/1860/1486 1615/1928/1543
f 1626/1845/1471 1628/1844/1470 1705/1988/1524 1704/1856/1482
f 1686/1839/1465 1589/1838/1464 1588/1945/1560 1685/1990/1592
f 1659/1950/1565 1660/1991/1593 1631/1858/1484 1632/1841/1467
f 1631/1858/1484 1660/1991/1593 1661/1992/1594 1630/1989/1525
f 1662/1993/1595 1663/1970/1584 1641/1969/1583 1642/1930/1545
f 1623/1994/1483 1560/1995/1516 1572/1996/1515 1620/1997/1596
f 1564/1972/1586 1700/1967/1582 1639/1965/1580 1641/1969/1583
f 1610/1905/1523 1558/1914/1532 1697/1978/1591 1608/1904/1522
f 1657/1936/1551 1658/1852/1478 1651/1851/1477 1652/1937/1552
f 1680/1998/1597 1584/1843/1469 1583/1944/1559 1679/1999/1598
f 1633/2000/1599 1635/1976/1590 1563/1977/1526 1586/2001/1600
f 1636/1947/1562 1635/1976/1590 1633/2000/1599 1634/1948/1563
f 1648/1920/1535 1647/1963/1578 1645/1890/1510 1646/1889/1509
f 1623/1994/1483 1704/2002/1482 1699/2003/1557 1560/1995/1516
f 1609/1876/1496 1608/1904/1522 1606/1847/1473 1607/1910/1528
f 1600/2004/1601 1662/1993/1595 1642/1930/1545 1590/1837/1463
f 1698/2005/1487 1697/2006/1591 1558/2007/1532 1578/2008/1488
f 1625/1955/1570 1624/1855/1481 1621/2009/1602 1622/1956/1571
f 1630/1907/1525 1661/2010/1594 1586/2011/1600 1563/1908/1526
f 1649/1939/1554 1650/1923/1538 1652/1937/1552 1651/1851/1477
f 1596/2012/1603 1569/2013/1603 1656/2014/1604 1655/2015/1604 1597/2016/1604 1568/2017/1604 1654/2018/1604 1653/2019/1604
f 1693/2020/1605 1595/1938/1553 1594/1922/1537 1692/1974/1588
f 1670/1953/1568 1577/1874/1494 1576/1877/1497 1669/1960/1575
f 1673/1865/1491 1579/1864/1490 1559/1957/1572 1672/2021/1606
f 1679/1999/1598 1583/1944/1559 1582/1879/1499 1678/1878/1498
f 1668/1959/1574 1575/1932/1547 1574/1925/1540 1667/1924/1539
f 1675/1903/1521 1581/1832/1458 1580/1835/1461 1674/1863/1489
f 1690/2022/1607 1592/1921/1536 1565/1941/1556 1689/2023/1608
f 1691/1973/1587 1593/1919/1534 1592/1921/1536 1690/2022/1607
f 1694/2024/1609 1598/1935/1550 1595/1938/1553 1693/2020/1605
f 1688/2025/1610 1600/2004/1601 1590/1837/1463 1687/1836/1462
f 1685/1990/1592 1588/1945/1560 1587/1883/1503 1684/1882/1502
f 1682/2026/1611 1599/1949/1564 1585/1840/1466 1681/2027/1612
f 1681/2027/1612 1585/1840/1466 1584/1843/1469 1680/1998/1597
f 1695/2028/1613 1672/2021/1606 1559/1957/1572 1569/1958/1573
f 1555/2029/1614 1598/2030/1614 1694/2031/1615 1666/2032/1615
f 1621/2009/1602 1624/1855/1481 1623/1857/1483 1620/2033/1596
f 1578/2008/1488 1558/2007/1532 1568/2034/1531 1597/2035/1589
f 1557/2036/1616 1696/1979/1474 1697/2006/1591
f 1557/2036/1616 1698/2005/1487 1699/2003/1557
f 1557/2036/1616 1701/1909/1527 1700/1983/1582
f 1557/2036/1616 1703/1982/1579 1702/1980/1555
f 1557/2036/1616 1700/1983/1582 1703/1982/1579
f 1557/2036/1616 1702/1980/1555 1696/1979/1474
f 1557/2036/1616 1704/2002/1482 1705/1906/1524
f 1557/2036/1616 1697/2006/1591 1698/2005/1487
f 1557/2036/1616 1699/2003/1557 1704/2002/1482
f 1557/2036/1616 1705/1906/1524 1701/1909/1527
f 1642/1930/1545 1641/1969/1583 1639/1965/1580 1640/1931/1546
f 1672/2037/707 1695/2038/707 1671/2039/707 1670/2040/707 1669/2041/707 1668/2042/707 1667/2043/707 1666/2044/707 1694/2045/707 1693/2046/707 1692/2047/707 1691/2048/707 1690/2049/707 1689/2050/707 1688/2051/707 1687/2052/707 1686/2053/707 1685/2054/707 1684/2055/707 1683/2056/707 1682/2057/707 1681/2058/707 1680/2059/707 1679/2060/707 1678/2061/707 1677/2062/707 1676/2063/707 1675/2064/707 1674/2065/707 1673/2066/707
f 1603/2067/1617 1602/2068/1617 1573/2069/1617 1570/2070/1617 1658/2071/1617 1657/2072/1617 1598/2030/1614 1555/2029/1614
f 1671/2073/1618 1695/2074/1618 1569/2013/1603 1596/2012/1603
f 1676/2075/1619 1677/2076/1619 1561/1825/1456 1601/1824/1456
f 1659/2077/853 1599/1897/1517 1562/1900/1517 1634/2078/853 1633/2079/853 1586/2080/853 1661/2081/853 1660/2082/853
f 1688/2083/1620 1689/2084/1620 1565/1867/1492 1600/1866/1492
f 1783/1086/1621 1750/1089/1622 1751/1088/1623 1784/1087/1624
f 1817/1090/1625 1818/1093/1626 1757/1092/1627 1791/1091/1628
f 1745/1094/1629 1897/1097/1630 1904/1096/1631 1841/1095/1632
f 1790/1098/1633 1756/1099/1634 1818/1093/1626 1817/1090/1625
f 1865/1100/1635 1789/1103/1636 1845/1102/1637 1881/1101/1638
f 1836/1104/1639 1720/1107/1640 1715/1106/1641 1716/1105/1642
f 1857/1108/1643 1859/1110/1644 1757/1092/1627 1815/1109/1645
f 1791/1091/1628 1726/1112/1646 1759/1111/1647 1817/1090/1625
f 1814/1113/1648 1794/1116/1649 1793/1115/1650 1760/1114/1651
f 1793/1115/1650 1792/1118/1652 1815/1117/1645 1760/1114/1651
f 1728/1119/1653 1727/1120/1654 1792/1118/1652 1793/1115/1650
f 1794/1116/1649 1814/1113/1648 1761/1122/1655 1730/1121/1656
f 1818/1093/1626 1760/1123/1651 1815/1109/1645 1757/1092/1627
f 1785/1124/1657 1752/1127/1658 1753/1126/1659 1786/1125/1660
f 1729/1128/1661 1794/1116/1649 1730/1121/1656 1795/1129/1662
f 1819/1130/1663 1761/1132/1655 1814/1131/1648 1756/1099/1634
f 1764/1133/1664 1708/1136/1665 1707/1135/1666 1763/1134/1667
f 1855/1137/1668 1861/1139/1669 1727/1120/1654 1762/1138/1670
f 1848/1140/1671 1846/1147/1672 1858/1146/1673 1856/1145/1674 1852/1144/1675 1860/1143/1676 1854/1142/1677 1850/1141/1678
f 1815/1117/1645 1792/1118/1652 1853/1149/1679 1857/1148/1643
f 1768/1150/1680 1735/1153/1681 1736/1152/1682 1769/1151/1683
f 1782/1154/1684 1783/1086/1621 1721/1156/1685 1720/1155/1640
f 1835/1157/1686 1810/1160/1687 1809/1159/1688 1801/1158/1689
f 1751/1088/1623 1750/1089/1622 1810/1162/1687 1834/1161/1690
f 1784/1087/1624 1722/1163/1691 1721/1156/1685 1783/1086/1621
f 1709/1164/1692 1731/1167/1693 1732/1166/1694 1765/1165/1695
f 1866/1168/1696 1882/1170/1697 1758/1169/1698 1795/1129/1662
f 1787/1171/1699 1754/1174/1700 1755/1173/1701 1788/1172/1702
f 1790/1098/1633 1826/1175/1703 1819/1130/1663 1756/1099/1634
f 1722/1176/1691 1831/1179/1704 1833/1178/1705 1713/1177/1706
f 1906/1180/1707 1909/1183/1708 1843/1182/1709 1842/1181/1710
f 1765/1165/1695 1710/1185/1711 1822/1184/1712 1709/1164/1692
f 1770/1186/1713 1714/1187/1714 1713/1177/1706 1769/1151/1683
f 1769/1151/1683 1713/1177/1706 1833/1178/1705 1768/1150/1680
f 1725/1188/1715 1790/1098/1633 1817/1090/1625 1759/1111/1647
f 1753/1126/1659 1812/1191/1716 1829/1190/1717 1754/1189/1700
f 1725/1192/1715 1708/1136/1665 1816/1194/1718 1825/1193/1719
f 1842/1195/1710 1778/1197/1720 1777/1196/1721
f 1843/1198/1709 1776/1200/1722 1775/1199/1723
f 1790/1098/1633 1725/1188/1715 1825/1201/1719 1826/1175/1703
f 1797/1202/1724 1828/1205/1725 1829/1204/1717 1798/1203/1726
f 1785/1124/1657 1786/1125/1660 1830/1207/1727 1831/1206/1704
f 1784/1087/1624 1751/1088/1623 1752/1127/1658 1785/1124/1657
f 1732/1166/1694 1731/1167/1693 1796/1208/1728 1797/1202/1724
f 1787/1209/1699 1723/1210/1729 1830/1207/1727 1786/1125/1660
f 1766/1211/1730 1711/1212/1731 1710/1185/1711 1765/1165/1695
f 1735/1153/1681 1734/1215/1732 1799/1214/1733 1832/1213/1734
f 1727/1120/1654 1728/1119/1653 1763/1134/1667 1762/1138/1670
f 1733/1216/1735 1798/1217/1726 1799/1214/1733 1734/1215/1732
f 1789/1103/1636 1724/1219/1736 1827/1218/1737 1788/1172/1702
f 1764/1133/1664 1758/1169/1698 1816/1194/1718 1708/1136/1665
f 1767/1220/1738 1712/1223/1739 1711/1222/1731 1766/1221/1730
f 1812/1224/1716 1811/1225/1740 1832/1213/1734 1799/1214/1733
f 1831/1179/1704 1830/1226/1727 1712/1223/1739 1833/1178/1705
f 1754/1174/1700 1829/1228/1717 1828/1227/1725 1755/1173/1701
f 1756/1099/1634 1814/1131/1648 1760/1123/1651 1818/1093/1626
f 1763/1134/1667 1707/1135/1666 1706/1229/1741 1762/1138/1670
f 1785/1124/1657 1831/1206/1704 1722/1163/1691 1784/1087/1624
f 1851/1230/1742 1855/1137/1668 1762/1138/1670 1706/1229/1741
f 1870/1231/1743 1813/1233/1744 1796/1208/1728 1890/1232/1745
f 1866/1168/1696 1795/1129/1662 1730/1121/1656 1893/1234/1746
f 1894/1235/1747 1742/1238/1748 1840/1237/1749 1903/1236/1750
f 1780/1239/1751 1781/1242/1752 1836/1241/1639 1838/1240/1753
f 1796/1208/1728 1813/1233/1744 1828/1205/1725 1797/1202/1724
f 1732/1166/1694 1797/1202/1724 1798/1203/1726 1733/1243/1735
f 1830/1226/1727 1723/1244/1729 1711/1222/1731 1712/1223/1739
f 1787/1171/1699 1788/1172/1702 1827/1218/1737 1723/1245/1729
f 1710/1185/1711 1827/1247/1737 1724/1246/1736 1822/1184/1712
f 1725/1192/1715 1759/1248/1647 1707/1135/1666 1708/1136/1665
f 1753/1126/1659 1752/1127/1658 1811/1249/1740 1812/1191/1716
f 1791/1091/1628 1847/1251/1754 1849/1250/1755 1726/1112/1646
f 1752/1127/1658 1751/1088/1623 1834/1161/1690 1811/1249/1740
f 1834/1252/1690 1800/1253/1756 1832/1213/1734 1811/1225/1740
f 1771/1254/1757 1715/1106/1641 1714/1187/1714 1770/1186/1713
f 1735/1153/1681 1832/1213/1734 1800/1253/1756 1736/1152/1682
f 1738/1255/1758 1737/1256/1759 1835/1157/1686 1801/1158/1689
f 1750/1089/1622 1749/1258/1760 1809/1257/1688 1810/1162/1687
f 1728/1119/1653 1729/1128/1661 1764/1133/1664 1763/1134/1667
f 1837/1259/1761 1802/1260/1762 1801/1158/1689 1809/1159/1688
f 1715/1106/1641 1771/1254/1757 1772/1261/1763 1716/1105/1642
f 1748/1262/1764 1837/1263/1761 1809/1257/1688 1749/1258/1760
f 1748/1262/1764 1749/1258/1760 1782/1154/1684 1781/1242/1752
f 1808/1264/1765 1803/1265/1766 1802/1260/1762 1837/1259/1761
f 1747/1266/1767 1808/1267/1765 1837/1263/1761 1748/1262/1764
f 1821/1268/1768 1780/1239/1751 1838/1240/1753 1824/1269/1769
f 1820/1270/1770 1823/1273/1771 1717/1272/1772 1773/1271/1773
f 1838/1274/1753 1836/1104/1639 1716/1105/1642 1717/1272/1772
f 1779/1275/1774 1821/1268/1768 1824/1269/1769 1719/1276/1775
f 1820/1270/1770 1774/1278/1776 1718/1277/1777 1823/1273/1771
f 1840/1237/1749 1841/1280/1632 1904/1279/1631 1903/1236/1750
f 1898/1281/1778 1776/1282/1722 1843/1182/1709 1909/1183/1708
f 1771/1254/1757 1738/1255/1758 1739/1283/1779 1772/1261/1763
f 1776/1282/1722 1898/1281/1778 1895/1285/1780 1806/1284/1781
f 1899/1286/1782 1908/1287/1783 1718/1277/1777 1774/1278/1776
f 1777/1288/1721 1901/1291/1784 1906/1290/1707 1842/1289/1710
f 1900/1292/1785 1779/1275/1774 1719/1276/1775 1907/1293/1786
f 1746/1294/1787 1745/1094/1629 1841/1095/1632 1839/1295/1788
f 1747/1266/1767 1746/1294/1787 1839/1295/1788 1808/1267/1765
f 1805/1296/1789 1902/1299/1790 1905/1298/1791 1844/1297/1792
f 1739/1283/1779 1802/1260/1762 1803/1265/1766 1740/1300/1793
f 1741/1301/1794 1740/1300/1793 1803/1265/1766 1804/1302/1795
f 1742/1238/1748 1741/1301/1794 1804/1302/1795 1840/1237/1749
f 1713/1177/1706 1714/1187/1714 1721/1303/1685 1722/1176/1691
f 1720/1107/1640 1721/1303/1685 1714/1187/1714 1715/1106/1641
f 1865/1100/1635 1877/1304/1796 1724/1219/1736 1789/1103/1636
f 1768/1150/1680 1833/1178/1705 1712/1223/1739 1767/1220/1738
f 1812/1224/1716 1799/1214/1733 1798/1217/1726 1829/1305/1717
f 1755/1173/1701 1828/1227/1725 1813/1306/1744 1845/1102/1637
f 1710/1185/1711 1711/1212/1731 1723/1307/1729 1827/1247/1737
f 1861/1139/1669 1853/1149/1679 1792/1118/1652 1727/1120/1654
f 1719/1308/1775 1824/1309/1769 1823/1273/1771 1718/1277/1777
f 1737/1256/1759 1736/1152/1682 1800/1253/1756 1835/1157/1686
f 1728/1119/1653 1793/1115/1650 1794/1116/1649 1729/1128/1661
f 1744/1310/1797 1807/1312/1798 1844/1311/1792
f 1743/1313/1799 1806/1315/1781 1805/1314/1789
f 1788/1172/1702 1755/1173/1701 1845/1102/1637 1789/1103/1636
f 1781/1242/1752 1782/1154/1684 1720/1155/1640 1836/1241/1639
f 1786/1125/1660 1753/1126/1659 1754/1189/1700 1787/1209/1699
f 1776/1200/1722 1806/1315/1781 1743/1313/1799 1775/1199/1723
f 1810/1160/1687 1835/1157/1686 1800/1253/1756 1834/1252/1690
f 1782/1154/1684 1749/1258/1760 1750/1089/1622 1783/1086/1621
f 1741/1301/1794 1742/1238/1748 1774/1278/1776 1820/1270/1770
f 1769/1151/1683 1736/1152/1682 1737/1256/1759 1770/1186/1713
f 1767/1220/1738 1734/1215/1732 1735/1153/1681 1768/1150/1680
f 1821/1268/1768 1779/1275/1774 1745/1094/1629 1746/1294/1787
f 1766/1221/1730 1733/1216/1735 1734/1215/1732 1767/1220/1738
f 1780/1239/1751 1821/1268/1768 1746/1294/1787 1747/1266/1767
f 1806/1284/1781 1895/1285/1780 1902/1299/1790 1805/1296/1789
f 1775/1199/1723 1743/1313/1799 1807/1312/1798 1778/1197/1720
f 1744/1316/1797 1844/1319/1792 1905/1318/1791 1896/1317/1800
f 1820/1270/1770 1773/1271/1773 1740/1300/1793 1741/1301/1794
f 1781/1242/1752 1780/1239/1751 1747/1266/1767 1748/1262/1764
f 1778/1197/1720 1807/1312/1798 1744/1310/1797 1777/1196/1721
f 1897/1097/1630 1745/1094/1629 1779/1275/1774 1900/1292/1785
f 1882/1170/1697 1886/1320/1801 1816/1194/1718 1758/1169/1698
f 1838/1274/1753 1717/1272/1772 1823/1273/1771 1824/1309/1769
f 1839/1321/1788 1841/1280/1632 1840/1237/1749 1804/1302/1795
f 1773/1271/1773 1772/1261/1763 1739/1283/1779 1740/1300/1793
f 1808/1264/1765 1839/1321/1788 1804/1302/1795 1803/1265/1766
f 1771/1254/1757 1770/1186/1713 1737/1256/1759 1738/1255/1758
f 1765/1165/1695 1732/1166/1694 1733/1243/1735 1766/1211/1730
f 1729/1128/1661 1795/1129/1662 1758/1169/1698 1764/1133/1664
f 1743/1313/1799 1805/1314/1789 1844/1311/1792 1807/1312/1798
f 1775/1199/1723 1778/1197/1720 1842/1195/1710 1843/1198/1709
f 1901/1291/1784 1777/1288/1721 1744/1316/1797 1896/1317/1800
f 1881/1101/1638 1845/1102/1637 1813/1306/1744 1870/1322/1743
f 1877/1323/1796 1889/1324/1802 1822/1184/1712 1724/1246/1736
f 1907/1325/1786 1719/1308/1775 1718/1277/1777 1908/1287/1783
f 1706/1229/1741 1707/1135/1666 1759/1248/1647 1726/1326/1646
f 1738/1255/1758 1801/1158/1689 1802/1260/1762 1739/1283/1779
f 1851/1230/1742 1706/1229/1741 1726/1326/1646 1849/1327/1755
f 1848/1140/1671 1849/1329/1755 1847/1328/1754 1846/1147/1672
f 1853/1330/1679 1852/1144/1675 1856/1145/1674 1857/1331/1643
f 1858/1146/1673 1859/1332/1644 1857/1331/1643 1856/1145/1674
f 1852/1144/1675 1853/1330/1679 1861/1333/1669 1860/1143/1676
f 1855/1334/1668 1854/1142/1677 1860/1143/1676 1861/1333/1669
f 1846/1147/1672 1847/1328/1754 1859/1332/1644 1858/1146/1673
f 1849/1329/1755 1848/1140/1671 1850/1141/1678 1851/1335/1742
f 1854/1142/1677 1855/1334/1668 1851/1335/1742 1850/1141/1678
f 1847/1251/1754 1791/1091/1628 1757/1092/1627 1859/1110/1644
f 1825/1193/1719 1816/1194/1718 1886/1320/1801 1874/1336/1803
f 1874/1336/1803 1886/1320/1801 1887/1338/1804 1875/1337/1805
f 1875/1337/1805 1887/1338/1804 1888/1340/1806 1876/1339/1807
f 1876/1339/1807 1888/1340/1806 1889/1324/1802 1877/1323/1796
f 1819/1130/1663 1878/1342/1808 1873/1341/1809 1761/1132/1655
f 1878/1342/1808 1879/1344/1810 1872/1343/1811 1873/1341/1809
f 1879/1344/1810 1880/1346/1812 1871/1345/1813 1872/1343/1811
f 1880/1346/1812 1881/1101/1638 1870/1322/1743 1871/1345/1813
f 1709/1164/1692 1822/1184/1712 1889/1324/1802 1885/1347/1814
f 1885/1347/1814 1889/1324/1802 1888/1340/1806 1884/1348/1815
f 1884/1348/1815 1888/1340/1806 1887/1338/1804 1883/1349/1816
f 1883/1349/1816 1887/1338/1804 1886/1320/1801 1882/1170/1697
f 1826/1175/1703 1825/1201/1719 1874/1351/1803 1862/1350/1817
f 1862/1350/1817 1874/1351/1803 1875/1353/1805 1863/1352/1818
f 1863/1352/1818 1875/1353/1805 1876/1355/1807 1864/1354/1819
f 1864/1354/1819 1876/1355/1807 1877/1304/1796 1865/1100/1635
f 1731/1167/1693 1869/1356/1820 1890/1232/1745 1796/1208/1728
f 1869/1356/1820 1868/1358/1821 1891/1357/1822 1890/1232/1745
f 1868/1358/1821 1867/1360/1823 1892/1359/1824 1891/1357/1822
f 1867/1360/1823 1866/1168/1696 1893/1234/1746 1892/1359/1824
f 1761/1122/1655 1873/1361/1809 1893/1234/1746 1730/1121/1656
f 1873/1361/1809 1872/1362/1811 1892/1359/1824 1893/1234/1746
f 1872/1362/1811 1871/1363/1813 1891/1357/1822 1892/1359/1824
f 1871/1363/1813 1870/1231/1743 1890/1232/1745 1891/1357/1822
f 1731/1167/1693 1709/1164/1692 1885/1347/1814 1869/1356/1820
f 1869/1356/1820 1885/1347/1814 1884/1348/1815 1868/1358/1821
f 1868/1358/1821 1884/1348/1815 1883/1349/1816 1867/1360/1823
f 1867/1360/1823 1883/1349/1816 1882/1170/1697 1866/1168/1696
f 1826/1175/1703 1862/1350/1817 1878/1342/1808 1819/1130/1663
f 1862/1350/1817 1863/1352/1818 1879/1344/1810 1878/1342/1808
f 1863/1352/1818 1864/1354/1819 1880/1346/1812 1879/1344/1810
f 1864/1354/1819 1865/1100/1635 1881/1101/1638 1880/1346/1812
f 1773/1271/1773 1717/1272/1772 1716/1105/1642 1772/1261/1763
f 1909/1183/1708 1908/1287/1783 1899/1286/1782 1898/1281/1778
f 1895/1285/1780 1894/1235/1747 1903/1236/1750 1902/1299/1790
f 1907/1293/1786 1906/1290/1707 1901/1291/1784 1900/1292/1785
f 1897/1097/1630 1896/1317/1800 1905/1318/1791 1904/1096/1631
f 1902/1299/1790 1903/1236/1750 1904/1279/1631 1905/1298/1791
f 1906/1180/1707 1907/1325/1786 1908/1287/1783 1909/1183/1708
f 1898/1281/1778 1899/1286/1782 1894/1235/1747 1895/1285/1780
f 1900/1292/1785 1901/1291/1784 1896/1317/1800 1897/1097/1630
f 1899/1286/1782 1774/1278/1776 1742/1238/1748 1894/1235/1747
f 1912/2085/1825 1911/2086/1826 1924/2087/1827 1925/2088/1828
f 1913/2089/1829 1914/2090/1830 2161/2091/1831 2160/2092/1832
f 2109/2093/1833 2108/2094/1834 2121/2095/1835 2122/2096/1836
f 2042/2097/1837 2043/2098/1838 2030/2099/1839 2029/2100/1840
f 2029/2100/1840 2030/2099/1839 2017/2101/1841 2016/2102/1842
f 2161/2091/1831 1914/2090/1830 1915/2103/1843 2162/2104/1844
f 1915/2103/1843 1916/2105/1845 2163/2106/1846 2162/2104/1844
f 2033/2107/1847 2032/2108/1848 2045/2109/1849 2046/2110/1850
f 1916/2105/1851 1917/2111/1851 2164/2112/1852 2163/2106/1852
f 1968/2113/1853 1981/2114/1854 1982/2115/1855 1969/2116/1856
f 1995/2117/1857 2008/2118/1858 2009/2119/1859 1996/2120/1860
f 2034/2121/1861 2047/2122/1862 2048/2123/1863 2035/2124/1864
f 2049/2125/1865 2048/2123/1863 2061/2126/1866 2062/2127/1867
f 2155/2128/1868 2142/2129/1869 2141/2130/1870 2154/2131/1871
f 1960/2132/1872 1959/2133/1873 1972/2134/1874 1973/2135/1875
f 2115/2136/1876 2116/2137/1877 2103/2138/1878 2102/2139/1879
f 1959/2133/1873 1958/2140/1880 1971/2141/1881 1972/2134/1874
f 2036/2142/1882 2049/2125/1865 2050/2143/1883 2037/2144/1884
f 1960/2145/1872 1947/2146/1885 1946/2147/1886 1959/2148/1873
f 2090/2149/1887 2103/2138/1888 2104/2150/1888 2091/2151/1887
f 2146/2152/1889 2145/2153/1890 2158/2154/1891 2159/2155/1892
f 2031/2156/1893 2030/2099/1839 2043/2098/1838 2044/2157/1894
f 2070/2158/1895 2069/2159/1896 2082/2160/1897 2083/2161/1898
f 1965/2162/1899 1964/2163/1900 1977/2164/1901 1978/2165/1902
f 1912/2085/1825 1913/2089/1829 2160/2092/1832 2159/2155/1892
f 2044/2157/1894 2045/2109/1849 2032/2108/1848 2031/2156/1893
f 2150/2166/1903 2163/2106/1852 2164/2112/1852 2151/2167/1903
f 1943/2168/1904 1956/2169/1905 1957/2170/1906 1944/2171/1907
f 2021/2172/1908 2034/2121/1861 2035/2124/1864 2022/2173/1909
f 2035/2124/1864 2036/2142/1882 2023/2174/1910 2022/2173/1909
f 2050/2143/1883 2051/2175/1911 2038/2176/1912 2037/2144/1884
f 1919/2177/1913 1920/2178/1914 2167/2179/1915 2166/2180/1916
f 1932/2181/1917 1945/2182/1918 1946/2147/1886 1933/2183/1919
f 1960/2132/1920 1973/2135/1921 1974/2184/1921 1961/2185/1920
f 2041/2186/1922 2040/2187/1923 2053/2188/1924 2054/2189/1925
f 1911/2086/1826 1912/2085/1825 2159/2155/1892 2158/2154/1891
f 2148/2190/1926 2147/2191/1927 2160/2092/1832 2161/2091/1831
f 1952/2192/1928 1953/2193/1929 1940/2194/1930 1939/2195/1931
f 2069/2159/1896 2068/2196/1932 2081/2197/1933 2082/2160/1897
f 2148/2190/1926 2161/2091/1831 2162/2104/1844 2149/2198/1934
f 2150/2166/1935 2149/2198/1934 2162/2104/1844 2163/2106/1846
f 2009/2119/1859 2010/2199/1936 1997/2200/1937 1996/2120/1860
f 1933/2183/1919 1946/2147/1886 1947/2146/1885 1934/2201/1938
f 2011/2202/1939 2010/2199/1936 2023/2174/1910 2024/2203/1940
f 2036/2142/1882 2037/2144/1884 2024/2203/1940 2023/2174/1910
f 2115/2136/1876 2114/2204/1941 2127/2205/1942 2128/2206/1943
f 2153/2207/1944 2166/2180/1916 2167/2179/1915 2154/2131/1871
f 2118/2208/1945 2119/2209/1946 2106/2210/1947 2105/2211/1948
f 1934/2201/1938 1921/2212/1949 1920/2178/1914 1933/2183/1919
f 2155/2128/1950 2168/2213/1951 2169/2214/1951 2156/2215/1950
f 2040/2187/1923 2041/2186/1922 2028/2216/1952 2027/2217/1953
f 2055/2218/1954 2054/2189/1925 2067/2219/1955 2068/2196/1932
f 1992/2220/1956 1991/2221/1957 2004/2222/1958 2005/2223/1959
f 2005/2223/1959 2004/2222/1958 2017/2101/1841 2018/2224/1960
f 1990/2225/1961 1991/2221/1957 1978/2165/1902 1977/2164/1901
f 1964/2163/1900 1965/2162/1899 1952/2226/1928 1951/2227/1962
f 2031/2156/1893 2032/2108/1848 2019/2228/1963 2018/2224/1960
f 2020/2229/1964 2033/2107/1965 2034/2121/1965 2021/2172/1964
f 2046/2110/1966 2059/2230/1967 2060/2231/1967 2047/2122/1968
f 2060/2231/1969 2073/2232/1970 2074/2233/1971 2061/2126/1866
f 2112/2234/1972 2125/2235/1973 2126/2236/1974 2113/2237/1975
f 1958/2140/1880 1957/2238/1906 1970/2239/1976 1971/2141/1881
f 2088/2240/1977 2101/2241/1978 2102/2139/1879 2089/2242/1979
f 1947/2146/1980 1960/2145/1920 1961/2243/1920 1948/2244/1980
f 2028/2216/1952 2029/2100/1840 2016/2102/1842 2015/2245/1981
f 1979/2246/1982 1978/2165/1902 1991/2221/1957 1992/2220/1956
f 1953/2247/1929 1952/2226/1928 1965/2162/1899 1966/2248/1983
f 2068/2196/1932 2069/2159/1896 2056/2249/1984 2055/2218/1954
f 2043/2098/1838 2042/2097/1837 2055/2218/1954 2056/2249/1984
f 1927/2250/1985 1940/2194/1930 1941/2251/1986 1928/2252/1987
f 2058/2253/1988 2059/2230/1989 2046/2110/1850 2045/2109/1849
f 2047/2122/1862 2060/2231/1969 2061/2126/1866 2048/2123/1863
f 1918/2254/1990 1919/2177/1913 2166/2180/1916 2165/2255/1991
f 2063/2256/1992 2062/2127/1867 2075/2257/1993 2076/2258/1994
f 1999/2259/1995 2012/2260/1996 2013/2261/1996 2000/2262/1995
f 1966/2248/1983 1965/2162/1899 1978/2165/1902 1979/2246/1982
f 2094/2263/1997 2095/2264/1998 2082/2160/1897 2081/2197/1933
f 2133/2265/1999 2134/2266/2000 2121/2095/1835 2120/2267/2001
f 2109/2093/1833 2122/2096/1836 2123/2268/2002 2110/2269/2003
f 2006/2270/2004 2019/2228/1963 2020/2229/2005 2007/2271/2006
f 2072/2272/2007 2085/2273/2008 2086/2274/2008 2073/2232/2007
f 2076/2258/1994 2077/2275/2009 2064/2276/2010 2063/2256/1992
f 2024/2203/1940 2025/2277/2011 2012/2260/2012 2011/2202/1939
f 2050/2143/1883 2049/2125/1865 2062/2127/1867 2063/2256/1992
f 2140/2278/2013 2153/2207/1944 2154/2131/1871 2141/2130/1870
f 2101/2241/1978 2114/2204/1941 2115/2136/1876 2102/2139/1879
f 2038/2176/2014 2051/2175/2015 2052/2279/2015 2039/2280/2014
f 2027/2217/1953 2028/2216/1952 2015/2245/1981 2014/2281/2016
f 2044/2157/1894 2057/2282/2017 2058/2253/1988 2045/2109/1849
f 2085/2273/2018 2084/2283/2019 2097/2284/2020 2098/2285/2021
f 2124/2286/2022 2137/2287/2023 2138/2288/2023 2125/2235/2024
f 2138/2288/2025 2151/2167/2026 2152/2289/2027 2139/2290/2028
f 1919/2177/1913 1918/2254/1990 1931/2291/2029 1932/2181/1917
f 2088/2240/1977 2087/2292/2030 2100/2293/2031 2101/2241/1978
f 2155/2128/1868 2154/2131/1871 2167/2179/1915 2168/2213/2032
f 2011/2202/1939 2012/2260/2012 1999/2259/2033 1998/2294/2034
f 1985/2295/2035 1984/2296/2036 1997/2200/1937 1998/2294/2034
f 2129/2297/2037 2142/2129/2038 2143/2298/2038 2130/2299/2037
f 2001/2300/2039 2002/2301/2040 1989/2302/2041 1988/2303/2042
f 2015/2245/1981 2016/2102/1842 2003/2304/2043 2002/2301/2040
f 2056/2249/1984 2057/2282/2017 2044/2157/1894 2043/2098/1838
f 2149/2198/1934 2150/2166/1935 2137/2287/2044 2136/2305/2045
f 1980/2306/2046 1993/2307/2047 1994/2308/2048 1981/2114/2049
f 1916/2105/1851 1929/2309/2050 1930/2310/2050 1917/2111/1851
f 1969/2116/2051 1982/2115/2052 1983/2311/2053 1970/2239/1976
f 2151/2167/2026 2164/2112/2054 2165/2255/1991 2152/2289/2027
f 2063/2256/1992 2064/2276/2010 2051/2175/1911 2050/2143/1883
f 1998/2294/2034 1999/2259/2033 1986/2312/2055 1985/2295/2035
f 2075/2257/1993 2088/2240/1977 2089/2242/1979 2076/2258/1994
f 1973/2135/1921 1986/2312/2056 1987/2313/2056 1974/2184/1921
f 2002/2301/2040 2001/2300/2039 2014/2281/2016 2015/2245/1981
f 2029/2100/1840 2028/2216/1952 2041/2186/1922 2042/2097/1837
f 2003/2304/2043 2004/2222/1958 1991/2221/1957 1990/2225/1961
f 1940/2194/1930 1953/2193/1929 1954/2314/2057 1941/2251/1986
f 2019/2228/1963 2032/2108/1848 2033/2107/1847 2020/2229/2005
f 2098/2285/2021 2097/2284/2020 2110/2269/2003 2111/2315/2058
f 2085/2273/2008 2098/2285/2059 2099/2316/2059 2086/2274/2008
f 2125/2235/1973 2138/2288/2025 2139/2290/2028 2126/2236/1974
f 2086/2274/2060 2099/2316/2061 2100/2293/2031 2087/2292/2030
f 1944/2171/1907 1945/2182/1918 1932/2181/1917 1931/2291/2029
f 2128/2206/1943 2129/2297/2062 2116/2137/1877 2115/2136/1876
f 1997/2200/1937 2010/2199/1936 2011/2202/1939 1998/2294/2034
f 2051/2175/2015 2064/2276/2063 2065/2317/2063 2052/2279/2015
f 1927/2250/1985 1926/2318/2064 1939/2195/1931 1940/2194/1930
f 2017/2101/1841 2030/2099/1839 2031/2156/1893 2018/2224/1960
f 2016/2102/1842 2017/2101/1841 2004/2222/1958 2003/2304/2043
f 2005/2223/1959 2006/2270/2004 1993/2307/2047 1992/2220/1956
f 1994/2308/2048 1993/2307/2047 2006/2270/2004 2007/2271/2006
f 2058/2253/1988 2071/2319/2065 2072/2272/2066 2059/2230/1989
f 1994/2308/2067 2007/2271/2068 2008/2118/2068 1995/2117/2067
f 1929/2309/2050 1942/2320/2069 1943/2168/2069 1930/2310/2050
f 2008/2118/1858 2021/2172/1908 2022/2173/1909 2009/2119/1859
f 1956/2321/1905 1969/2116/2051 1970/2239/1976 1957/2238/1906
f 1920/2178/1914 1921/2212/1949 2168/2213/2032 2167/2179/1915
f 1945/2182/1918 1958/2322/1880 1959/2148/1873 1946/2147/1886
f 2054/2189/1925 2053/2188/1924 2066/2323/2070 2067/2219/1955
f 2145/2153/1890 2146/2152/1889 2133/2265/1999 2132/2324/2071
f 2096/2325/2072 2095/2264/1998 2108/2094/1834 2109/2093/1833
f 2146/2152/1889 2147/2191/1927 2134/2266/2000 2133/2265/1999
f 1939/2195/1931 1938/2326/2073 1951/2327/1962 1952/2192/1928
f 2070/2158/1895 2083/2161/1898 2084/2283/2019 2071/2319/2065
f 2072/2272/2066 2071/2319/2065 2084/2283/2019 2085/2273/2018
f 2059/2230/1967 2072/2272/2007 2073/2232/2007 2060/2231/1967
f 1982/2115/2052 1995/2117/1857 1996/2120/1860 1983/2311/2053
f 1934/2201/2074 1947/2146/1980 1948/2244/1980 1935/2328/2074
f 2144/2329/2075 2145/2153/1890 2132/2324/2071 2131/2330/2076
f 1963/2331/2077 1964/2163/1900 1951/2227/1962 1950/2332/2078
f 1914/2090/1830 1913/2089/1829 1926/2318/2064 1927/2250/1985
f 1928/2252/1987 1941/2251/1986 1942/2320/2079 1929/2309/2080
f 2007/2271/2068 2020/2229/1964 2021/2172/1964 2008/2118/2068
f 2036/2142/1882 2035/2124/1864 2048/2123/1863 2049/2125/1865
f 1972/2134/1874 1971/2141/1881 1984/2296/2036 1985/2295/2035
f 2116/2137/2081 2129/2297/2037 2130/2299/2037 2117/2333/2081
f 1913/2089/1829 1912/2085/1825 1925/2088/1828 1926/2318/2064
f 2123/2268/2002 2124/2286/2082 2111/2315/2058 2110/2269/2003
f 2073/2232/1970 2086/2274/2060 2087/2292/2030 2074/2233/1971
f 1917/2111/2083 1930/2310/2084 1931/2291/2029 1918/2254/1990
f 1984/2296/2036 1983/2311/2053 1996/2120/1860 1997/2200/1937
f 2102/2139/1879 2103/2138/1878 2090/2149/2085 2089/2242/1979
f 1992/2220/1956 1993/2307/2047 1980/2306/2046 1979/2246/1982
f 2033/2107/1965 2046/2110/1966 2047/2122/1968 2034/2121/1965
f 2113/2237/1975 2114/2204/1941 2101/2241/1978 2100/2293/2031
f 1975/2334/2086 1976/2335/2087 1963/2331/2077 1962/2336/2088
f 1937/2337/2089 1938/2326/2073 1925/2088/1828 1924/2087/1827
f 2095/2264/1998 2094/2263/1997 2107/2338/2090 2108/2094/1834
f 2135/2339/2091 2136/2305/2045 2123/2268/2002 2122/2096/1836
f 1981/2114/1854 1994/2308/2067 1995/2117/2067 1982/2115/1855
f 1955/2340/2092 1968/2113/1853 1969/2116/1856 1956/2321/2092
f 2152/2289/2027 2153/2207/1944 2140/2278/2013 2139/2290/2028
f 1920/2178/1914 1919/2177/1913 1932/2181/1917 1933/2183/1919
f 2038/2176/1912 2025/2277/2011 2024/2203/1940 2037/2144/1884
f 2142/2129/2038 2155/2128/1950 2156/2215/1950 2143/2298/2038
f 2095/2264/1998 2096/2325/2072 2083/2161/1898 2082/2160/1897
f 1979/2246/1982 1980/2306/2046 1967/2341/2093 1966/2248/1983
f 1954/2342/2057 1967/2341/2093 1968/2113/2094 1955/2340/2095
f 1971/2141/1881 1970/2239/1976 1983/2311/2053 1984/2296/2036
f 2141/2130/1870 2142/2129/1869 2129/2297/2062 2128/2206/1943
f 1988/2303/2042 1989/2302/2041 1976/2335/2087 1975/2334/2086
f 1950/2343/2078 1951/2327/1962 1938/2326/2073 1937/2337/2089
f 2057/2282/2017 2056/2249/1984 2069/2159/1896 2070/2158/1895
f 2147/2191/1927 2146/2152/1889 2159/2155/1892 2160/2092/1832
f 1967/2341/2093 1980/2306/2046 1981/2114/2049 1968/2113/2094
f 2111/2315/2096 2124/2286/2022 2125/2235/2024 2112/2234/2096
f 1957/2170/1906 1958/2322/1880 1945/2182/1918 1944/2171/1907
f 1964/2163/1900 1963/2331/2077 1976/2335/2087 1977/2164/1901
f 2120/2267/2001 2121/2095/1835 2108/2094/1834 2107/2338/2090
f 2135/2339/2091 2148/2190/1926 2149/2198/1934 2136/2305/2045
f 1915/2103/1843 1928/2252/1987 1929/2309/2080 1916/2105/1845
f 2098/2285/2059 2111/2315/2096 2112/2234/2096 2099/2316/2059
f 2139/2290/2028 2140/2278/2013 2127/2205/1942 2126/2236/1974
f 1923/2344/2097 1924/2087/1827 1911/2086/1826 1910/2345/2098
f 2096/2325/2072 2097/2284/2020 2084/2283/2019 2083/2161/1898
f 2099/2316/2061 2112/2234/1972 2113/2237/1975 2100/2293/2031
f 1921/2212/2099 1934/2201/2074 1935/2328/2074 1922/2346/2099
f 2145/2153/1890 2144/2329/2075 2157/2347/2100 2158/2154/1891
f 1989/2302/2041 1990/2225/1961 1977/2164/1901 1976/2335/2087
f 2070/2158/1895 2071/2319/2065 2058/2253/1988 2057/2282/2017
f 2114/2204/1941 2113/2237/1975 2126/2236/1974 2127/2205/1942
f 2127/2205/1942 2140/2278/2013 2141/2130/1870 2128/2206/1943
f 1986/2312/2056 1999/2259/1995 2000/2262/1995 1987/2313/2056
f 1962/2336/2088 1963/2331/2077 1950/2332/2078 1949/2348/2101
f 2068/2196/1932 2067/2219/1955 2080/2349/2102 2081/2197/1933
f 2010/2199/1936 2009/2119/1859 2022/2173/1909 2023/2174/1910
f 2094/2263/1997 2093/2350/2103 2106/2210/1947 2107/2338/2090
f 2137/2287/2023 2150/2166/1903 2151/2167/1903 2138/2288/2023
f 2075/2257/1993 2074/2233/1971 2087/2292/2030 2088/2240/1977
f 2096/2325/2072 2109/2093/1833 2110/2269/2003 2097/2284/2020
f 1942/2320/2069 1955/2351/2092 1956/2169/2092 1943/2168/2069
f 2119/2209/1946 2120/2267/2001 2107/2338/2090 2106/2210/1947
f 2089/2242/1979 2090/2149/2085 2077/2275/2009 2076/2258/1994
f 2123/2268/2002 2136/2305/2045 2137/2287/2044 2124/2286/2082
f 1930/2310/2084 1943/2168/1904 1944/2171/1907 1931/2291/2029
f 2077/2275/2104 2090/2149/1887 2091/2151/1887 2078/2352/2104
f 1924/2087/1827 1923/2344/2097 1936/2353/2105 1937/2337/2089
f 2132/2324/2071 2133/2265/1999 2120/2267/2001 2119/2209/1946
f 1926/2318/2064 1925/2088/1828 1938/2326/2073 1939/2195/1931
f 2153/2207/1944 2152/2289/2027 2165/2255/1991 2166/2180/1916
f 2093/2350/2103 2094/2263/1997 2081/2197/1933 2080/2349/2102
f 1927/2250/1985 1928/2252/1987 1915/2103/1843 1914/2090/1830
f 1941/2251/1986 1954/2314/2057 1955/2351/2095 1942/2320/2079
f 2092/2354/2106 2093/2350/2103 2080/2349/2102 2079/2355/2107
f 1990/2225/1961 1989/2302/2041 2002/2301/2040 2003/2304/2043
f 2147/2191/1927 2148/2190/1926 2135/2339/2091 2134/2266/2000
f 1922/2346/2099 2169/2214/1951 2168/2213/1951 1921/2212/2099
f 2042/2097/1837 2041/2186/1922 2054/2189/1925 2055/2218/1954
f 2079/2355/2107 2080/2349/2102 2067/2219/1955 2066/2323/2070
f 2064/2276/2063 2077/2275/2104 2078/2352/2104 2065/2317/2063
f 1937/2337/2089 1936/2353/2105 1949/2356/2101 1950/2343/2078
f 2122/2096/1836 2121/2095/1835 2134/2266/2000 2135/2339/2091
f 2025/2277/2108 2038/2176/2014 2039/2280/2014 2026/2357/2108
f 2012/2260/1996 2025/2277/2108 2026/2357/2108 2013/2261/1996
f 2018/2224/1960 2019/2228/1963 2006/2270/2004 2005/2223/1959
f 1966/2248/1983 1967/2341/2093 1954/2342/2057 1953/2247/1929
f 2074/2233/1971 2075/2257/1993 2062/2127/1867 2061/2126/1866
f 1917/2111/2083 1918/2254/1990 2165/2255/1991 2164/2112/2054
f 2103/2138/1888 2116/2137/2081 2117/2333/2081 2104/2150/1888
f 2119/2209/1946 2118/2208/1945 2131/2330/2076 2132/2324/2071
f 2093/2350/2103 2092/2354/2106 2105/2211/1948 2106/2210/1947
f 1985/2295/2035 1986/2312/2055 1973/2135/1875 1972/2134/1874
f 2169/2358/737 1922/2359/737 1935/2360/737 1948/2361/737 1961/2362/737 1974/2363/737 1987/2364/737 2000/2365/737 2013/2366/737 2026/2367/737 2039/2368/737 2052/2369/737 2065/2370/737 2078/2371/737 2091/2372/737 2104/2373/737 2117/2374/737 2130/2375/737 2143/2376/737 2156/2377/737
f 1910/2345/2098 1911/2086/1826 2158/2154/1891 2157/2347/2100
f 2198/2378/2109 2200/2379/2110 2181/2380/2111 2179/2381/2112
f 2194/2382/2113 2196/2383/2114 2177/2384/2115 2175/2385/2116
f 2206/2386/2117 2188/2387/2118 2209/2388/2119 2187/2389/2120
f 2191/2390/2121 2171/2391/2122 2174/2392/2123 2194/2393/2113
f 2204/2394/2124 2206/2386/2117 2187/2389/2120 2185/2395/2125
f 2200/2379/2110 2202/2396/2126 2183/2397/2127 2181/2380/2111
f 2202/2396/2126 2204/2394/2124 2185/2395/2125 2183/2397/2127
f 2196/2383/2114 2198/2378/2109 2179/2381/2112 2177/2384/2115
f 2178/2398/2128 2176/2399/2129 2174/2392/2123 2171/2391/2122 2186/2400/2130 2184/2401/2131 2182/2402/2132 2180/2403/2133
f 2207/2404/2134 2192/2405/2135 2195/2406/2136 2197/2407/2137 2199/2408/2138 2201/2409/2139 2203/2410/2140 2205/2411/2141
f 2170/2412/2142 2191/2413/2121 2172/2414/2143 2173/2415/2144
f 2192/2405/2135 2207/2404/2134 2189/2416/2145 2193/2417/2146
f 2186/2400/2130 2171/2391/2122 2190/2418/2147 2208/2419/2148
f 2202/2420/2126 2200/2421/2110 2180/2403/2133 2182/2402/2132
f 2170/2422/2142 2190/2418/2147 2171/2391/2122 2191/2390/2121
f 2201/2409/2139 2181/2423/2111 2183/2424/2127 2203/2410/2140
f 2197/2407/2137 2177/2425/2115 2179/2426/2112 2199/2408/2138
f 2172/2427/2143 2175/2428/2116 2195/2406/2136 2192/2405/2135
f 2198/2429/2109 2178/2398/2128 2180/2403/2133 2200/2421/2110
f 2199/2408/2138 2179/2426/2112 2181/2423/2111 2201/2409/2139
f 2183/2424/2127 2185/2430/2125 2205/2411/2141 2203/2410/2140
f 2202/2420/2126 2182/2402/2132 2184/2401/2131 2204/2431/2124
f 2172/2427/2143 2192/2405/2135 2193/2417/2146 2173/2432/2144
f 2196/2433/2114 2176/2399/2129 2178/2398/2128 2198/2429/2109
f 2185/2430/2125 2187/2434/2120 2207/2404/2134 2205/2411/2141
f 2206/2435/2117 2204/2431/2124 2184/2401/2131 2186/2400/2130
f 2209/2436/2119 2189/2416/2145 2207/2404/2134 2187/2434/2120
f 2175/2428/2116 2177/2425/2115 2197/2407/2137 2195/2406/2136
f 2176/2399/2129 2196/2433/2114 2194/2393/2113 2174/2392/2123
f 2206/2435/2117 2186/2400/2130 2208/2419/2148 2188/2437/2118
f 2191/2438/2121 2194/2382/2113 2175/2385/2116 2172/2439/2143
f 2238/2378/2149 2240/2379/2150 2221/2380/2151 2219/2381/2152
f 2234/2382/2153 2236/2383/2154 2217/2384/2155 2215/2385/2156
f 2246/2386/2157 2228/2387/2158 2249/2388/2159 2227/2389/2160
f 2231/2390/2161 2211/2391/2162 2214/2392/2163 2234/2393/2153
f 2244/2394/2164 2246/2386/2157 2227/2389/2160 2225/2395/2165
f 2240/2379/2150 2242/2396/2166 2223/2397/2167 2221/2380/2151
f 2242/2396/2166 2244/2394/2164 2225/2395/2165 2223/2397/2167
f 2236/2383/2154 2238/2378/2149 2219/2381/2152 2217/2384/2155
f 2218/2398/2168 2216/2399/2169 2214/2392/2163 2211/2391/2162 2226/2400/2170 2224/2401/2171 2222/2402/2172 2220/2403/2173
f 2247/2404/2174 2232/2405/2175 2235/2406/2176 2237/2407/2177 2239/2408/2178 2241/2409/2179 2243/2410/2180 2245/2411/2181
f 2210/2412/2182 2231/2413/2161 2212/2414/2183 2213/2415/2184
f 2232/2405/2175 2247/2404/2174 2229/2416/2185 2233/2417/2186
f 2226/2400/2170 2211/2391/2162 2230/2418/2187 2248/2419/2188
f 2242/2420/2166 2240/2421/2150 2220/2403/2173 2222/2402/2172
f 2210/2422/2182 2230/2418/2187 2211/2391/2162 2231/2390/2161
f 2241/2409/2179 2221/2423/2151 2223/2424/2167 2243/2410/2180
f 2237/2407/2177 2217/2425/2155 2219/2426/2152 2239/2408/2178
f 2212/2427/2183 2215/2428/2156 2235/2406/2176 2232/2405/2175
f 2238/2429/2149 2218/2398/2168 2220/2403/2173 2240/2421/2150
f 2239/2408/2178 2219/2426/2152 2221/2423/2151 2241/2409/2179
f 2223/2424/2167 2225/2430/2165 2245/2411/2181 2243/2410/2180
f 2242/2420/2166 2222/2402/2172 2224/2401/2171 2244/2431/2164
f 2212/2427/2183 2232/2405/2175 2233/2417/2186 2213/2432/2184
f 2236/2433/2154 2216/2399/2169 2218/2398/2168 2238/2429/2149
f 2225/2430/2165 2227/2434/2160 2247/2404/2174 2245/2411/2181
f 2246/2435/2157 2244/2431/2164 2224/2401/2171 2226/2400/2170
f 2249/2436/2159 2229/2416/2185 2247/2404/2174 2227/2434/2160
f 2215/2428/2156 2217/2425/2155 2237/2407/2177 2235/2406/2176
f 2216/2399/2169 2236/2433/2154 2234/2393/2153 2214/2392/2163
f 2246/2435/2157 2226/2400/2170 2248/2419/2188 2228/2437/2158
f 2231/2438/2161 2234/2382/2153 2215/2385/2156 2212/2439/2183
f 2278/2378/2189 2280/2379/2190 2261/2380/2191 2259/2381/2192
f 2274/2382/2193 2276/2383/2194 2257/2384/2195 2255/2385/2196
f 2286/2386/2197 2268/2387/2198 2289/2388/2199 2267/2389/2200
f 2271/2390/2201 2251/2391/2202 2254/2392/2203 2274/2393/2193
f 2284/2394/2204 2286/2386/2197 2267/2389/2200 2265/2395/2205
f 2280/2379/2190 2282/2396/2206 2263/2397/2207 2261/2380/2191
f 2282/2396/2206 2284/2394/2204 2265/2395/2205 2263/2397/2207
f 2276/2383/2194 2278/2378/2189 2259/2381/2192 2257/2384/2195
f 2258/2398/2208 2256/2399/2209 2254/2392/2203 2251/2391/2202 2266/2400/2210 2264/2401/2211 2262/2402/2212 2260/2403/2213
f 2287/2404/2214 2272/2405/2215 2275/2406/2216 2277/2407/2217 2279/2408/2218 2281/2409/2219 2283/2410/2220 2285/2411/2221
f 2250/2412/2222 2271/2413/2201 2252/2414/2223 2253/2415/2224
f 2272/2405/2215 2287/2404/2214 2269/2416/2225 2273/2417/2226
f 2266/2400/2210 2251/2391/2202 2270/2418/2227 2288/2419/2228
f 2282/2420/2206 2280/2421/2190 2260/2403/2213 2262/2402/2212
f 2250/2422/2222 2270/2418/2227 2251/2391/2202 2271/2390/2201
f 2281/2409/2219 2261/2423/2191 2263/2424/2207 2283/2410/2220
f 2277/2407/2217 2257/2425/2195 2259/2426/2192 2279/2408/2218
f 2252/2427/2223 2255/2428/2196 2275/2406/2216 2272/2405/2215
f 2278/2429/2189 2258/2398/2208 2260/2403/2213 2280/2421/2190
f 2279/2408/2218 2259/2426/2192 2261/2423/2191 2281/2409/2219
f 2263/2424/2207 2265/2430/2205 2285/2411/2221 2283/2410/2220
f 2282/2420/2206 2262/2402/2212 2264/2401/2211 2284/2431/2204
f 2252/2427/2223 2272/2405/2215 2273/2417/2226 2253/2432/2224
f 2276/2433/2194 2256/2399/2209 2258/2398/2208 2278/2429/2189
f 2265/2430/2205 2267/2434/2200 2287/2404/2214 2285/2411/2221
f 2286/2435/2197 2284/2431/2204 2264/2401/2211 2266/2400/2210
f 2289/2436/2199 2269/2416/2225 2287/2404/2214 2267/2434/2200
f 2255/2428/2196 2257/2425/2195 2277/2407/2217 2275/2406/2216
f 2256/2399/2209 2276/2433/2194 2274/2393/2193 2254/2392/2203
f 2286/2435/2197 2266/2400/2210 2288/2419/2228 2268/2437/2198
f 2271/2438/2201 2274/2382/2193 2255/2385/2196 2252/2439/2223
f 2318/2378/2229 2320/2379/2230 2301/2380/2231 2299/2381/2232
f 2314/2382/2233 2316/2383/2234 2297/2384/2235 2295/2385/2236
f 2326/2386/2237 2308/2387/2238 2329/2388/2239 2307/2389/2240
f 2311/2390/2241 2291/2391/2242 2294/2392/2243 2314/2393/2233
f 2324/2394/2244 2326/2386/2237 2307/2389/2240 2305/2395/2245
f 2320/2379/2230 2322/2396/2246 2303/2397/2247 2301/2380/2231
f 2322/2396/2246 2324/2394/2244 2305/2395/2245 2303/2397/2247
f 2316/2383/2234 2318/2378/2229 2299/2381/2232 2297/2384/2235
f 2298/2398/2248 2296/2399/2249 2294/2392/2243 2291/2391/2242 2306/2400/2250 2304/2401/2251 2302/2402/2252 2300/2403/2253
f 2327/2404/2254 2312/2405/2255 2315/2406/2256 2317/2407/2257 2319/2408/2258 2321/2409/2259 2323/2410/2260 2325/2411/2261
f 2290/2412/2262 2311/2413/2241 2292/2414/2263 2293/2415/2264
f 2312/2405/2255 2327/2404/2254 2309/2416/2265 2313/2417/2266
f 2306/2400/2250 2291/2391/2242 2310/2418/2267 2328/2419/2268
f 2322/2420/2246 2320/2421/2230 2300/2403/2253 2302/2402/2252
f 2290/2422/2262 2310/2418/2267 2291/2391/2242 2311/2390/2241
f 2321/2409/2259 2301/2423/2231 2303/2424/2247 2323/2410/2260
f 2317/2407/2257 2297/2425/2235 2299/2426/2232 2319/2408/2258
f 2292/2427/2263 2295/2428/2236 2315/2406/2256 2312/2405/2255
f 2318/2429/2229 2298/2398/2248 2300/2403/2253 2320/2421/2230
f 2319/2408/2258 2299/2426/2232 2301/2423/2231 2321/2409/2259
f 2303/2424/2247 2305/2430/2245 2325/2411/2261 2323/2410/2260
f 2322/2420/2246 2302/2402/2252 2304/2401/2251 2324/2431/2244
f 2292/2427/2263 2312/2405/2255 2313/2417/2266 2293/2432/2264
f 2316/2433/2234 2296/2399/2249 2298/2398/2248 2318/2429/2229
f 2305/2430/2245 2307/2434/2240 2327/2404/2254 2325/2411/2261
f 2326/2435/2237 2324/2431/2244 2304/2401/2251 2306/2400/2250
f 2329/2436/2239 2309/2416/2265 2327/2404/2254 2307/2434/2240
f 2295/2428/2236 2297/2425/2235 2317/2407/2257 2315/2406/2256
f 2296/2399/2249 2316/2433/2234 2314/2393/2233 2294/2392/2243
f 2326/2435/2237 2306/2400/2250 2328/2419/2268 2308/2437/2238
f 2311/2438/2241 2314/2382/2233 2295/2385/2236 2292/2439/2263
f 2358/2378/2269 2360/2379/2270 2341/2380/2271 2339/2381/2272
f 2354/2382/2273 2356/2383/2274 2337/2384/2275 2335/2385/2276
f 2366/2386/2277 2348/2387/2278 2369/2388/2279 2347/2389/2280
f 2351/2390/2281 2331/2391/2282 2334/2392/2283 2354/2393/2273
f 2364/2394/2284 2366/2386/2277 2347/2389/2280 2345/2395/2285
f 2360/2379/2270 2362/2396/2286 2343/2397/2287 2341/2380/2271
f 2362/2396/2286 2364/2394/2284 2345/2395/2285 2343/2397/2287
f 2356/2383/2274 2358/2378/2269 2339/2381/2272 2337/2384/2275
f 2338/2398/2288 2336/2399/2289 2334/2392/2283 2331/2391/2282 2346/2400/2290 2344/2401/2291 2342/2402/2292 2340/2403/2293
f 2367/2404/2294 2352/2405/2295 2355/2406/2296 2357/2407/2297 2359/2408/2298 2361/2409/2299 2363/2410/2300 2365/2411/2301
f 2330/2412/2302 2351/2413/2281 2332/2414/2303 2333/2415/2304
f 2352/2405/2295 2367/2404/2294 2349/2416/2305 2353/2417/2306
f 2346/2400/2290 2331/2391/2282 2350/2418/2307 2368/2419/2308
f 2362/2420/2286 2360/2421/2270 2340/2403/2293 2342/2402/2292
f 2330/2422/2302 2350/2418/2307 2331/2391/2282 2351/2390/2281
f 2361/2409/2299 2341/2423/2271 2343/2424/2287 2363/2410/2300
f 2357/2407/2297 2337/2425/2275 2339/2426/2272 2359/2408/2298
f 2332/2427/2303 2335/2428/2276 2355/2406/2296 2352/2405/2295
f 2358/2429/2269 2338/2398/2288 2340/2403/2293 2360/2421/2270
f 2359/2408/2298 2339/2426/2272 2341/2423/2271 2361/2409/2299
f 2343/2424/2287 2345/2430/2285 2365/2411/2301 2363/2410/2300
f 2362/2420/2286 2342/2402/2292 2344/2401/2291 2364/2431/2284
f 2332/2427/2303 2352/2405/2295 2353/2417/2306 2333/2432/2304
f 2356/2433/2274 2336/2399/2289 2338/2398/2288 2358/2429/2269
f 2345/2430/2285 2347/2434/2280 2367/2404/2294 2365/2411/2301
f 2366/2435/2277 2364/2431/2284 2344/2401/2291 2346/2400/2290
f 2369/2436/2279 2349/2416/2305 2367/2404/2294 2347/2434/2280
f 2335/2428/2276 2337/2425/2275 2357/2407/2297 2355/2406/2296
f 2336/2399/2289 2356/2433/2274 2354/2393/2273 2334/2392/2283
f 2366/2435/2277 2346/2400/2290 2368/2419/2308 2348/2437/2278
f 2351/2438/2281 2354/2382/2273 2335/2385/2276 2332/2439/2303
f 2406/431/2309 2371/432/2310 2418/433/2311 2383/434/2312
f 2414/435/2313 2396/436/2314 2384/437/2315 2419/438/2316
f 2401/439/2317 2416/440/2318 2370/441/2319 2386/442/2320
f 2410/443/2321 2371/432/2310 2370/441/2319 2413/444/2322
f 2387/445/2323 2412/446/2324 2407/447/2325 2375/448/2325
f 2378/449/2326 2373/450/2327 2415/451/2328 2394/452/2329
f 2386/442/2320 2370/441/2319 2371/432/2310 2406/431/2309
f 2399/453/2330 2385/454/2331 2405/455/2332 2404/456/2333
f 2381/457/2334 2411/458/2335 2377/459/2336 2393/460/2334
f 2417/461/2337 2421/462/2338 2376/463/2339 2409/464/2340
f 2392/465/2341 2414/466/2313 2419/438/2316 2379/467/2341
f 2403/468/2342 2373/450/2327 2372/469/2343 2398/470/2344
f 2389/471/2345 2402/472/2345 2385/473/2331 2399/453/2330
f 2400/474/2346 2391/475/2347 2421/462/2338 2417/476/2337
f 2377/459/2336 2411/477/2335 2412/478/2324 2387/445/2323
f 2373/450/2327 2403/479/2342 2397/480/2348 2415/481/2328
f 2418/482/2311 2371/432/2310 2410/483/2321 2380/484/2349
f 2413/485/2322 2370/441/2319 2416/486/2318 2408/487/2350
f 2395/488/2351 2404/456/2333 2405/489/2332 2382/490/2351
f 2372/469/2343 2373/450/2327 2378/449/2326 2388/491/2352
f 2372/469/2343 2420/492/2353 2390/493/2354 2398/494/2344
f 2374/495/2355 2375/496/2325 2376/497/2339
f 2379/498/2341 2380/484/2349 2381/499/2334
f 2382/500/2351 2383/434/2312 2384/501/2315
f 2389/502/2345 2390/493/2354 2391/503/2347
f 2392/504/2341 2393/460/2334 2394/505/2329
f 2395/488/2351 2396/506/2314 2397/507/2348
f 2400/508/2346 2401/439/2317 2402/509/2345
f 2407/510/2325 2408/487/2350 2409/511/2340
f 2392/504/2341 2379/512/2341 2381/457/2334 2393/460/2334
f 2378/449/2356 2394/452/2329 2393/460/2334 2377/459/2336
f 2395/488/2351 2382/490/2351 2384/513/2315 2396/514/2314
f 2383/434/2312 2418/433/2357 2419/515/2358 2384/501/2315
f 2415/481/2359 2397/480/2348 2396/516/2314 2414/517/2360
f 2406/431/2309 2383/434/2312 2382/500/2351 2405/518/2332
f 2397/480/2348 2403/479/2342 2404/519/2333 2395/520/2351
f 2391/521/2347 2400/522/2346 2402/472/2345 2389/471/2345
f 2388/491/2352 2378/449/2356 2377/459/2336 2387/445/2323
f 2386/442/2320 2406/431/2309 2405/523/2332 2385/524/2331
f 2403/468/2342 2398/470/2344 2399/525/2330 2404/526/2333
f 2411/458/2335 2381/457/2334 2380/484/2349 2410/483/2361
f 2421/527/2347 2391/503/2347 2390/493/2354 2420/492/2362
f 2398/494/2344 2390/493/2354 2389/502/2345 2399/528/2330
f 2401/439/2317 2386/442/2320 2385/529/2331 2402/509/2345
f 2413/485/2322 2408/487/2350 2407/447/2325 2412/446/2324
f 2417/530/2337 2409/511/2340 2408/487/2350 2416/486/2318
f 2379/498/2341 2419/531/2358 2418/482/2357 2380/484/2349
f 2376/497/2339 2421/497/2363 2420/532/2364 2374/495/2355
f 2410/443/2361 2413/444/2322 2412/478/2324 2411/477/2335
f 2375/448/2325 2407/447/2325 2409/533/2340 2376/534/2339
f 2394/452/2329 2415/451/2359 2414/535/2360 2392/536/2341
f 2374/495/2355 2388/491/2352 2387/445/2323 2375/448/2325
f 2400/508/2346 2417/537/2337 2416/440/2318 2401/439/2317
f 2388/491/2352 2374/495/2355 2420/532/2353 2372/469/2343
f 2447/2440/2365 2446/2441/2366 2504/2442/2367 2505/2443/2368
f 2431/2444/2369 2432/2445/2370 2463/2446/2371 2462/2447/2372
f 2424/2448/2373 2425/2449/2374 2456/2450/2375 2454/2451/2376
f 2508/2452/2377 2509/2453/2378 2451/2454/2379 2450/2455/2380
f 2436/2456/2381 2467/2457/2382 2466/2458/2383 2435/2459/2384
f 2432/2445/2370 2433/2460/2385 2464/2461/2386 2463/2446/2371
f 2461/2462/2387 2430/2463/2388 2431/2444/2369 2462/2447/2372
f 2428/2464/2389 2429/2465/2390 2460/2466/2391 2459/2467/2392
f 2429/2465/2390 2430/2463/2388 2461/2462/2387 2460/2466/2391
f 2495/2468/2393 2451/2469/2379 2438/2470/2394 2494/2471/2395
f 2440/2472/2396 2498/2473/2397 2499/2474/2398 2441/2475/2399
f 2458/2476/2400 2427/2477/2401 2428/2464/2389 2459/2467/2392
f 2501/2478/2402 2502/2479/2403 2444/2480/2404 2443/2481/2405
f 2507/2482/2406 2508/2452/2377 2450/2455/2380 2449/2483/2407
f 2496/2484/2408 2497/2485/2409 2439/2486/2410 2438/2487/2394
f 2426/2488/2411 2457/2489/2412 2456/2450/2375 2425/2449/2374
f 2436/2490/2381 2481/2491/2413 2480/2492/2414 2423/2493/2415
f 2423/2493/2415 2480/2492/2414 2478/2494/2416 2424/2495/2373
f 2492/2496/2417 2494/2471/2395 2438/2470/2394 2439/2497/2410
f 2465/2498/2418 2434/2499/2419 2435/2459/2384 2466/2458/2383
f 2503/2500/2420 2504/2442/2367 2446/2441/2366 2445/2501/2421
f 2455/2502/2422 2423/2503/2415 2424/2448/2373 2454/2451/2376
f 2500/2504/2423 2501/2478/2402 2443/2481/2405 2442/2505/2424
f 2427/2477/2401 2458/2476/2400 2457/2489/2412 2426/2488/2411
f 2502/2479/2403 2503/2500/2420 2445/2501/2421 2444/2480/2404
f 2505/2443/2368 2506/2506/2425 2448/2507/2426 2447/2440/2365
f 2499/2474/2398 2500/2504/2423 2442/2505/2424 2441/2475/2399
f 2433/2508/2385 2434/2499/2419 2465/2498/2418 2464/2509/2386
f 2497/2485/2409 2498/2473/2397 2440/2472/2396 2439/2486/2410
f 2448/2510/2426 2506/2511/2425 2507/2482/2406 2449/2483/2407
f 2427/2512/2401 2468/2513/2427 2471/2514/2428 2428/2515/2389
f 2484/2516/2429 2492/2496/2417 2439/2497/2410 2440/2517/2396
f 2493/2518/2430 2450/2519/2380 2451/2469/2379 2495/2468/2393
f 2432/2520/2370 2475/2521/2431 2476/2522/2432 2433/2523/2385
f 2479/2524/2433 2481/2491/2413 2436/2490/2381 2435/2525/2384
f 2472/2526/2434 2473/2527/2435 2430/2528/2388 2429/2529/2390
f 2483/2530/2436 2482/2531/2437 2441/2532/2399 2442/2533/2424
f 2473/2527/2435 2474/2534/2438 2431/2535/2369 2430/2528/2388
f 2446/2536/2366 2488/2537/2439 2487/2538/2440 2445/2539/2421
f 2434/2540/2419 2477/2541/2441 2479/2524/2433 2435/2525/2384
f 2488/2537/2439 2446/2536/2366 2447/2542/2365 2489/2543/2442
f 2425/2544/2374 2470/2545/2443 2469/2546/2444 2426/2547/2411
f 2450/2519/2380 2493/2518/2430 2491/2548/2445 2449/2549/2407
f 2442/2533/2424 2443/2550/2405 2485/2551/2446 2483/2530/2436
f 2433/2523/2385 2476/2522/2432 2477/2541/2441 2434/2540/2419
f 2448/2552/2426 2449/2549/2407 2491/2548/2445 2490/2553/2447
f 2445/2539/2421 2487/2538/2440 2486/2554/2448 2444/2555/2404
f 2489/2543/2442 2447/2542/2365 2448/2552/2426 2490/2553/2447
f 2441/2532/2399 2482/2531/2437 2484/2516/2429 2440/2517/2396
f 2424/2495/2373 2478/2494/2416 2470/2545/2443 2425/2544/2374
f 2474/2534/2438 2475/2521/2431 2432/2520/2370 2431/2535/2369
f 2443/2550/2405 2444/2555/2404 2486/2554/2448 2485/2551/2446
f 2426/2547/2411 2469/2546/2444 2468/2513/2427 2427/2512/2401
f 2471/2514/2428 2472/2526/2434 2429/2529/2390 2428/2515/2389
f 2423/2503/2415 2455/2502/2422 2467/2457/2382 2436/2456/2381
f 2496/2484/2408 2438/2487/2394 2451/2454/2379 2509/2453/2378
f 2437/2556/2449 2455/2557/2450 2454/2558/2451
f 2437/2556/2449 2454/2558/2451 2456/2559/2452
f 2437/2556/2449 2456/2559/2452 2457/2560/2453
f 2437/2556/2449 2457/2560/2453 2458/2561/2454
f 2437/2556/2449 2458/2561/2454 2459/2562/2455
f 2437/2556/2449 2459/2562/2455 2460/2563/2456
f 2437/2556/2449 2460/2563/2456 2461/2564/2457
f 2437/2556/2449 2461/2564/2457 2462/2565/2458
f 2437/2556/2449 2462/2565/2458 2463/2566/2459
f 2437/2556/2449 2463/2566/2459 2464/2567/2460
f 2437/2556/2449 2464/2567/2460 2465/2568/2461
f 2437/2556/2449 2465/2568/2461 2466/2569/2462
f 2437/2556/2449 2466/2569/2462 2467/2570/2463
f 2437/2556/2449 2467/2570/2463 2455/2557/2450
f 2422/2571/2464 2468/2513/2427 2469/2546/2444
f 2422/2571/2464 2469/2546/2444 2470/2545/2443
f 2422/2571/2464 2471/2514/2428 2468/2513/2427
f 2422/2571/2464 2472/2526/2434 2471/2514/2428
f 2422/2571/2464 2473/2527/2435 2472/2526/2434
f 2422/2571/2464 2474/2534/2438 2473/2527/2435
f 2422/2571/2464 2475/2521/2431 2474/2534/2438
f 2422/2571/2464 2476/2522/2432 2475/2521/2431
f 2422/2571/2464 2477/2541/2441 2476/2522/2432
f 2422/2571/2464 2470/2545/2443 2478/2494/2416
f 2422/2571/2464 2479/2524/2433 2477/2541/2441
f 2422/2571/2464 2478/2494/2416 2480/2492/2414
f 2422/2571/2464 2481/2491/2413 2479/2524/2433
f 2422/2571/2464 2480/2492/2414 2481/2491/2413
f 2452/2572/2465 2482/2531/2437 2483/2530/2436
f 2452/2572/2465 2484/2516/2429 2482/2531/2437
f 2452/2572/2465 2483/2530/2436 2485/2551/2446
f 2452/2572/2465 2485/2551/2446 2486/2554/2448
f 2452/2572/2465 2486/2554/2448 2487/2538/2440
f 2452/2572/2465 2487/2538/2440 2488/2537/2439
f 2452/2572/2465 2488/2537/2439 2489/2543/2442
f 2452/2572/2465 2489/2543/2442 2490/2553/2447
f 2452/2572/2465 2490/2553/2447 2491/2548/2445
f 2452/2572/2465 2492/2496/2417 2484/2516/2429
f 2452/2572/2465 2491/2548/2445 2493/2518/2430
f 2452/2572/2465 2494/2471/2395 2492/2496/2417
f 2452/2572/2465 2495/2468/2393 2494/2471/2395
f 2452/2572/2465 2493/2518/2430 2495/2468/2393
f 2453/2573/2464 2497/2574/2464 2496/2575/2464
f 2453/2573/2464 2498/2576/2464 2497/2574/2464
f 2453/2573/2464 2499/2577/2464 2498/2576/2464
f 2453/2573/2464 2500/2578/2464 2499/2577/2464
f 2453/2573/2464 2501/2579/2464 2500/2578/2464
f 2453/2573/2464 2502/2580/2464 2501/2579/2464
f 2453/2573/2464 2503/2581/2464 2502/2580/2464
f 2453/2573/2464 2504/2582/2464 2503/2581/2464
f 2453/2573/2464 2505/2583/2464 2504/2582/2464
f 2453/2573/2464 2506/2584/2464 2505/2583/2464
f 2453/2573/2464 2507/2585/2464 2506/2584/2464
f 2453/2573/2464 2508/2586/2464 2507/2585/2464
f 2453/2573/2464 2509/2587/2464 2508/2586/2464
f 2453/2573/2464 2496/2575/2464 2509/2587/2464
f 2571/2588/737 2572/2589/737 2512/2590/737 2511/2591/737
f 2521/2592/2466 2526/2593/2467 2579/2594/2467 2578/2595/2466
f 2575/2596/2468 2601/2597/2469 2589/2598/2470 2515/2599/2471
f 2511/2591/737 2512/2590/737 2517/2600/737 2516/2601/737
f 2576/2602/2472 2588/2603/2473 2571/2604/2473 2511/2605/2472
f 2575/2606/737 2515/2607/737 2514/2608/737 2574/2609/737
f 2565/2610/2474 2599/2611/2475 2600/2612/2476 2570/2613/2477
f 2562/2614/737 2567/2615/737 2566/2616/737 2561/2617/737
f 2516/2618/2478 2521/2592/2466 2578/2595/2466 2577/2619/2479
f 2567/2615/737 2572/2589/737 2571/2588/737 2566/2616/737
f 2568/2620/2480 2569/2621/2481 2574/2622/2482 2573/2623/2483
f 2569/2624/737 2570/2625/737 2575/2606/737 2574/2609/737
f 2570/2613/2477 2600/2612/2476 2601/2597/2469 2575/2596/2468
f 2513/2626/2484 2514/2627/2485 2519/2628/2486 2518/2629/2487
f 2522/2630/737 2527/2631/737 2526/2632/737 2521/2633/737
f 2515/2607/737 2520/2634/737 2519/2635/737 2514/2608/737
f 2528/2636/2488 2533/2637/2489 2532/2638/2490 2527/2639/2491
f 2597/2640/2492 2598/2641/2493 2560/2642/2494 2555/2643/2495
f 2568/2620/2480 2563/2644/2496 2564/2645/2497 2569/2621/2481
f 2566/2646/2498 2571/2647/2473 2588/2648/2473 2587/2649/2498
f 2517/2600/737 2522/2630/737 2521/2633/737 2516/2601/737
f 2564/2650/737 2565/2651/737 2570/2625/737 2569/2624/737
f 2558/2652/2499 2563/2644/2500 2562/2653/2501 2557/2654/2499
f 2533/2637/2502 2528/2636/2503 2529/2655/2504 2534/2656/2505
f 2513/2626/2484 2573/2657/2483 2574/2658/2482 2514/2627/2485
f 2531/2659/737 2532/2660/737 2537/2661/737 2536/2662/737
f 2558/2652/2506 2553/2663/2507 2554/2664/2508 2559/2665/2509
f 2528/2636/2503 2523/2666/2510 2524/2667/2511 2529/2655/2504
f 2568/2620/2512 2573/2623/2513 2572/2668/2514 2567/2669/2512
f 2554/2670/737 2555/2671/737 2560/2672/737 2559/2673/737
f 2545/2674/2515 2595/2675/2516 2596/2676/2517 2550/2677/2518
f 2519/2635/737 2520/2634/737 2525/2678/737 2524/2679/737
f 2542/2680/2519 2543/2681/2520 2548/2682/2521 2547/2683/2521
f 2561/2684/2522 2566/2646/2498 2587/2649/2498 2586/2685/2523
f 2590/2686/2524 2591/2687/2525 2525/2688/2526 2520/2689/2527
f 2550/2690/737 2555/2671/737 2554/2670/737 2549/2691/737
f 2551/2692/737 2552/2693/737 2557/2694/737 2556/2695/737
f 2582/2696/2528 2541/2697/2528 2546/2698/2529 2583/2699/2529
f 2557/2694/737 2562/2614/737 2561/2617/737 2556/2695/737
f 2537/2661/737 2542/2700/737 2541/2701/737 2536/2662/737
f 2513/2626/2530 2518/2629/2531 2517/2702/2532 2512/2703/2533
f 2558/2652/2506 2559/2665/2509 2564/2645/2497 2563/2644/2496
f 2525/2678/737 2530/2704/737 2529/2705/737 2524/2679/737
f 2542/2700/737 2547/2706/737 2546/2707/737 2541/2701/737
f 2585/2708/2534 2556/2709/2534 2561/2684/2522 2586/2685/2523
f 2518/2629/2487 2519/2628/2486 2524/2667/2511 2523/2666/2510
f 2538/2710/2535 2539/2711/2535 2544/2712/2536 2543/2681/2536
f 2547/2706/737 2552/2693/737 2551/2692/737 2546/2707/737
f 2548/2682/2521 2553/2663/2537 2552/2713/2537 2547/2683/2521
f 2560/2672/737 2565/2651/737 2564/2650/737 2559/2673/737
f 2535/2714/737 2540/2715/737 2539/2716/737 2534/2717/737
f 2548/2682/2538 2543/2681/2536 2544/2712/2536 2549/2718/2539
f 2518/2629/2531 2523/2666/2540 2522/2719/2541 2517/2702/2532
f 2538/2710/2535 2533/2637/2502 2534/2656/2505 2539/2711/2535
f 2526/2593/2467 2531/2720/2542 2580/2721/2542 2579/2594/2467
f 2593/2722/2543 2594/2723/2544 2540/2724/2545 2535/2725/2546
f 2522/2719/2541 2523/2666/2540 2528/2636/2488 2527/2639/2491
f 2596/2676/2517 2597/2640/2492 2555/2643/2495 2550/2677/2518
f 2544/2726/737 2545/2727/737 2550/2690/737 2549/2691/737
f 2592/2728/2547 2593/2722/2543 2535/2725/2546 2530/2729/2548
f 2562/2653/2501 2563/2644/2500 2568/2620/2512 2567/2669/2512
f 2580/2721/2542 2531/2720/2542 2536/2730/2549 2581/2731/2549
f 2539/2716/737 2540/2715/737 2545/2727/737 2544/2726/737
f 2527/2631/737 2532/2660/737 2531/2659/737 2526/2632/737
f 2538/2710/2550 2543/2681/2520 2542/2680/2519 2537/2732/2551
f 2594/2723/2544 2595/2675/2516 2545/2674/2515 2540/2724/2545
f 2525/2688/2526 2591/2687/2525 2592/2728/2547 2530/2729/2548
f 2583/2699/2529 2546/2698/2529 2551/2733/2552 2584/2734/2553
f 2533/2637/2489 2538/2710/2550 2537/2732/2551 2532/2638/2490
f 2553/2663/2537 2558/2652/2499 2557/2654/2499 2552/2713/2537
f 2581/2731/2549 2536/2730/2549 2541/2697/2528 2582/2696/2528
f 2560/2642/2494 2598/2641/2493 2599/2611/2475 2565/2610/2474
f 2551/2733/2552 2556/2709/2534 2585/2708/2534 2584/2734/2553
f 2553/2663/2507 2548/2682/2538 2549/2718/2539 2554/2664/2508
f 2529/2705/737 2530/2704/737 2535/2714/737 2534/2717/737
f 2589/2598/2470 2590/2686/2524 2520/2689/2527 2515/2599/2471
f 2513/2626/2530 2512/2703/2533 2572/2735/2514 2573/2657/2513
f 2510/2736/707 2590/2737/707 2589/2738/707
f 2510/2736/707 2592/2739/707 2591/2740/707
f 2590/2737/707 2510/2736/707 2591/2740/707
f 2510/2736/707 2593/2741/707 2592/2739/707
f 2510/2736/707 2594/2742/707 2593/2741/707
f 2510/2736/707 2595/2743/707 2594/2742/707
f 2510/2736/707 2596/2744/707 2595/2743/707
f 2510/2736/707 2597/2745/707 2596/2744/707
f 2510/2736/707 2598/2746/707 2597/2745/707
f 2510/2736/707 2599/2747/707 2598/2746/707
f 2510/2736/707 2600/2748/707 2599/2747/707
f 2510/2736/707 2601/2749/707 2600/2748/707
f 2601/2749/707 2510/2736/707 2589/2738/707
f 2511/2605/2472 2516/2618/2478 2577/2619/2479 2576/2602/2472
f 2602/2750/2554 2603/2751/2555 2604/2752/2556 2605/2753/2557
f 2602/2750/2554 2606/2754/2558 2607/2755/2559 2603/2751/2555
f 2602/2750/2554 2605/2753/2557 2608/2756/2560 2606/2754/2558
f 2610/2757/2561 2613/2758/2562 2611/2759/2563 2609/2760/2564
f 2609/2760/2564 2611/2759/2563 2612/2761/2565
f 2617/2762/2566 2618/2763/2567 2619/2764/2568 2616/2765/2569
f 2750/2766/2570 2682/2767/2571 2683/2768/2572 2749/2769/2573
f 2751/2770/2574 2617/2762/2566 2616/2765/2569 2748/2771/2575
f 2616/2765/2569 2619/2764/2568 2613/2758/2562 2610/2757/2561
f 2752/2772/2576 2700/2773/2577 2701/2774/2578 2753/2775/2579
f 2619/2764/2568 2618/2763/2567 2620/2776/2580 2621/2777/2581
f 2619/2764/2568 2621/2777/2581 2622/2778/2582 2613/2758/2562
f 2622/2778/2582 2621/2777/2581 2623/2779/2583 2624/2780/2584
f 2622/2778/2582 2624/2780/2584 2625/2781/2585 2626/2782/2586
f 2622/2778/2582 2626/2782/2586 2611/2759/2563 2613/2758/2562
f 2626/2782/2586 2625/2781/2585 2627/2783/2587 2628/2784/2588
f 2626/2782/2586 2628/2784/2588 2612/2761/2565 2611/2759/2563
f 2754/2785/2565 2612/2761/2565 2628/2784/2588 2753/2786/2579
f 2754/2785/2565 2750/2787/2570 2609/2760/2564 2612/2761/2565
f 2756/2788/2589 2755/2789/2590 2702/2790/2591 2703/2791/2592
f 2645/2792/2593 2644/2793/2594 2618/2763/2567 2617/2762/2566
f 2631/2794/2595 2633/2795/2596 2629/2796/2597 2630/2797/2598
f 2631/2794/2595 2634/2798/2599 2632/2799/2600 2633/2795/2596
f 2757/2800/2601 2719/2801/2602 2720/2802/2603 2758/2803/2604
f 2630/2797/2598 2627/2783/2587 2625/2781/2585 2631/2794/2595
f 2635/2804/2605 2637/2805/2606 2632/2799/2600 2634/2798/2599
f 2635/2804/2605 2638/2806/2607 2636/2807/2608 2637/2805/2606
f 2634/2798/2599 2631/2794/2595 2625/2781/2585 2624/2780/2584
f 2634/2798/2599 2624/2780/2584 2623/2779/2583 2635/2804/2605
f 2655/2808/2609 2636/2807/2608 2638/2806/2607 2639/2809/2610
f 2755/2810/2590 2629/2796/2597 2661/2811/2611 2763/2812/2612
f 2638/2806/2607 2635/2804/2605 2623/2779/2583 2640/2813/2613
f 2638/2806/2607 2640/2813/2613 2641/2814/2614 2639/2809/2610
f 2641/2814/2614 2608/2756/2560 2642/2815/2615 2639/2809/2610
f 2641/2814/2614 2640/2813/2613 2620/2776/2580 2643/2816/2616
f 2641/2814/2614 2643/2816/2616 2606/2754/2558 2608/2756/2560
f 2643/2816/2616 2620/2776/2580 2618/2763/2567 2644/2793/2594
f 2643/2816/2616 2644/2793/2594 2607/2755/2559 2606/2754/2558
f 2644/2793/2594 2645/2792/2593 2646/2817/2617 2607/2755/2559
f 2607/2755/2559 2646/2817/2617 2647/2818/2618 2603/2751/2555
f 2648/2819/2619 2604/2752/2556 2603/2751/2555 2647/2818/2618
f 2673/2820/2620 2651/2821/2621 2649/2822/2622 2650/2823/2623
f 2759/2824/2624 2648/2819/2619 2647/2818/2618 2758/2825/2604
f 2759/2824/2624 2760/2826/2625 2649/2822/2622 2648/2819/2619
f 2761/2827/2626 2757/2828/2601 2646/2817/2617 2645/2792/2593
f 2751/2829/2574 2690/2830/2627 2718/2831/2628 2761/2832/2626
f 2760/2833/2625 2722/2834/2629 2723/2835/2630 2762/2836/2631
f 2648/2819/2619 2649/2822/2622 2651/2821/2621 2604/2752/2556
f 2673/2820/2620 2653/2837/2632 2652/2838/2633 2651/2821/2621
f 2650/2823/2623 2615/2839/2634 2672/2840/2635 2673/2820/2620
f 2652/2838/2633 2653/2837/2632 2654/2841/2636 2642/2815/2615
f 2651/2821/2621 2652/2838/2633 2605/2753/2557 2604/2752/2556
f 2639/2809/2610 2642/2815/2615 2654/2841/2636 2655/2808/2609
f 2652/2838/2633 2642/2815/2615 2608/2756/2560 2605/2753/2557
f 2669/2842/2637 2656/2843/2638 2655/2808/2609 2654/2841/2636
f 2655/2808/2609 2656/2843/2638 2657/2844/2639 2636/2807/2608
f 2658/2845/2640 2637/2805/2606 2636/2807/2608 2657/2844/2639
f 2659/2846/2641 2632/2799/2600 2637/2805/2606 2658/2845/2640
f 2660/2847/2642 2633/2795/2596 2632/2799/2600 2659/2846/2641
f 2661/2811/2611 2629/2796/2597 2633/2795/2596 2660/2847/2642
f 2762/2836/2631 2723/2835/2630 2688/2848/2643 2765/2849/2644
f 2654/2841/2636 2653/2837/2632 2670/2850/2645 2669/2842/2637
f 2663/2851/2646 2662/2852/2647 2661/2811/2648 2660/2847/2649
f 2663/2851/2646 2660/2847/2649 2659/2846/2650 2664/2853/2651
f 2665/2854/2652 2664/2853/2651 2659/2846/2650 2658/2845/2653
f 2665/2854/2652 2658/2845/2653 2657/2844/2654 2666/2855/2655
f 2667/2856/2656 2666/2855/2655 2657/2844/2654 2656/2843/2657
f 2667/2856/2656 2656/2843/2657 2669/2842/2658 2668/2857/2659
f 2669/2842/2658 2670/2850/2660 2671/2858/2661 2668/2857/2659
f 2670/2850/2645 2653/2837/2632 2673/2820/2620 2672/2840/2635
f 2614/2859/2662 2674/2860/2663 2672/2840/2664 2615/2839/2662
f 2763/2812/2665 2661/2811/2648 2662/2852/2647 2764/2861/2665
f 2674/2860/2663 2671/2858/2661 2670/2850/2660 2672/2840/2664
f 2752/2862/2576 2627/2783/2587 2630/2797/2598 2756/2863/2589
f 2640/2813/2613 2623/2779/2583 2621/2777/2581 2620/2776/2580
f 2765/2849/2666 2688/2848/2667 2687/2864/2668 2766/2865/2666
f 2678/2866/2669 2677/2867/2670 2676/2868/2671 2675/2869/2672
f 2676/2868/2671 2680/2870/2673 2679/2871/2674 2675/2869/2672
f 2679/2871/2674 2681/2872/2675 2678/2866/2669 2675/2869/2672
f 2684/2873/2676 2686/2874/2677 2683/2768/2572 2682/2767/2571
f 2682/2767/2571 2685/2875/2565 2684/2873/2676
f 2692/2876/2678 2691/2877/2679 2690/2830/2627 2689/2878/2680
f 2683/2768/2572 2686/2874/2677 2692/2876/2678 2689/2878/2680
f 2694/2879/2681 2693/2880/2682 2691/2877/2679 2692/2876/2678
f 2686/2874/2677 2695/2881/2683 2694/2879/2681 2692/2876/2678
f 2697/2882/2684 2696/2883/2685 2694/2879/2681 2695/2881/2683
f 2699/2884/2686 2698/2885/2687 2697/2882/2684 2695/2881/2683
f 2686/2874/2677 2684/2873/2676 2699/2884/2686 2695/2881/2683
f 2701/2774/2578 2700/2773/2577 2698/2885/2687 2699/2884/2686
f 2684/2873/2676 2685/2875/2565 2701/2774/2578 2699/2884/2686
f 2690/2830/2627 2691/2877/2679 2717/2886/2688 2718/2831/2628
f 2702/2790/2591 2706/2887/2689 2704/2888/2690 2703/2791/2592
f 2705/2889/2691 2707/2890/2692 2704/2888/2690 2706/2887/2689
f 2704/2888/2690 2698/2885/2687 2700/2773/2577 2703/2791/2592
f 2705/2889/2691 2710/2891/2693 2708/2892/2694 2707/2890/2692
f 2709/2893/2695 2711/2894/2696 2708/2892/2694 2710/2891/2693
f 2697/2882/2684 2698/2885/2687 2704/2888/2690 2707/2890/2692
f 2708/2892/2694 2696/2883/2685 2697/2882/2684 2707/2890/2692
f 2709/2893/2695 2728/2895/2697 2712/2896/2698 2711/2894/2696
f 2713/2897/2699 2696/2883/2685 2708/2892/2694 2711/2894/2696
f 2712/2896/2698 2714/2898/2700 2713/2897/2699 2711/2894/2696
f 2712/2896/2698 2715/2899/2701 2681/2872/2675 2714/2898/2700
f 2716/2900/2702 2693/2880/2682 2713/2897/2699 2714/2898/2700
f 2681/2872/2675 2679/2871/2674 2716/2900/2702 2714/2898/2700
f 2717/2886/2688 2691/2877/2679 2693/2880/2682 2716/2900/2702
f 2679/2871/2674 2680/2870/2673 2717/2886/2688 2716/2900/2702
f 2719/2801/2602 2718/2831/2628 2717/2886/2688 2680/2870/2673
f 2676/2868/2671 2720/2802/2603 2719/2801/2602 2680/2870/2673
f 2676/2868/2671 2677/2867/2670 2721/2901/2703 2720/2802/2603
f 2722/2834/2629 2724/2902/2704 2746/2903/2705 2723/2835/2630
f 2722/2834/2629 2721/2901/2703 2677/2867/2670 2724/2902/2704
f 2725/2904/2706 2726/2905/2707 2746/2903/2705 2724/2902/2704
f 2688/2848/2643 2723/2835/2630 2746/2903/2705 2745/2906/2708
f 2727/2907/2709 2726/2905/2707 2725/2904/2706 2715/2899/2701
f 2677/2867/2670 2678/2866/2669 2725/2904/2706 2724/2902/2704
f 2715/2899/2701 2712/2896/2698 2728/2895/2697 2727/2907/2709
f 2678/2866/2669 2681/2872/2675 2715/2899/2701 2725/2904/2706
f 2728/2895/2697 2729/2908/2710 2742/2909/2711 2727/2907/2709
f 2730/2910/2712 2729/2908/2710 2728/2895/2697 2709/2893/2695
f 2709/2893/2695 2710/2891/2693 2731/2911/2713 2730/2910/2712
f 2710/2891/2693 2705/2889/2691 2732/2912/2714 2731/2911/2713
f 2705/2889/2691 2706/2887/2689 2733/2913/2715 2732/2912/2714
f 2706/2887/2689 2702/2790/2591 2734/2914/2716 2733/2913/2715
f 2726/2905/2707 2727/2907/2709 2742/2909/2711 2743/2915/2717
f 2733/2913/2718 2734/2914/2719 2735/2916/2720 2736/2917/2721
f 2737/2918/2722 2732/2912/2723 2733/2913/2718 2736/2917/2721
f 2731/2911/2724 2732/2912/2723 2737/2918/2722 2738/2919/2725
f 2739/2920/2726 2730/2910/2727 2731/2911/2724 2738/2919/2725
f 2729/2908/2728 2730/2910/2727 2739/2920/2726 2740/2921/2729
f 2741/2922/2730 2742/2909/2731 2729/2908/2728 2740/2921/2729
f 2741/2922/2730 2744/2923/2732 2743/2915/2733 2742/2909/2731
f 2745/2906/2708 2746/2903/2705 2726/2905/2707 2743/2915/2717
f 2745/2906/2734 2747/2924/2734 2687/2864/2668 2688/2848/2667
f 2745/2906/2734 2743/2915/2733 2744/2923/2732 2747/2924/2734
f 2693/2880/2682 2694/2879/2681 2696/2883/2685 2713/2897/2699
f 2749/2925/2573 2748/2771/2575 2616/2765/2569 2610/2757/2561
f 2683/2768/2572 2689/2878/2680 2748/2926/2575 2749/2769/2573
f 2615/2839/2662 2765/2927/2666 2766/2928/2666 2614/2859/2662
f 2700/2773/2577 2752/2772/2576 2756/2788/2589 2703/2791/2592
f 2734/2914/2719 2763/2929/2665 2764/2930/2665 2735/2916/2720
f 2650/2823/2623 2762/2931/2631 2765/2927/2644 2615/2839/2634
f 2649/2822/2622 2760/2826/2625 2762/2931/2631 2650/2823/2623
f 2617/2762/2566 2751/2770/2574 2761/2827/2626 2645/2792/2593
f 2718/2831/2628 2719/2801/2602 2757/2800/2601 2761/2832/2626
f 2721/2901/2703 2722/2834/2629 2760/2833/2625 2759/2932/2624
f 2721/2901/2703 2759/2932/2624 2758/2803/2604 2720/2802/2603
f 2702/2790/2591 2755/2789/2590 2763/2929/2612 2734/2914/2716
f 2646/2817/2617 2757/2828/2601 2758/2825/2604 2647/2818/2618
f 2630/2797/2598 2629/2796/2597 2755/2810/2590 2756/2863/2589
f 2685/2875/2565 2682/2767/2571 2750/2766/2570 2754/2933/2565
f 2685/2875/2565 2754/2933/2565 2753/2775/2579 2701/2774/2578
f 2627/2783/2587 2752/2862/2576 2753/2786/2579 2628/2784/2588
f 2690/2830/2627 2751/2829/2574 2748/2926/2575 2689/2878/2680
f 2609/2760/2564 2750/2787/2570 2749/2925/2573 2610/2757/2561
f 2792/2440/2735 2791/2441/2736 2849/2442/2737 2850/2443/2738
f 2776/2444/2739 2777/2445/2740 2808/2446/2741 2807/2447/2742
f 2769/2448/2743 2770/2449/2744 2801/2450/2745 2799/2451/2746
f 2853/2452/2747 2854/2453/2748 2796/2454/2749 2795/2455/2750
f 2781/2456/2751 2812/2457/2752 2811/2458/2753 2780/2459/2754
f 2777/2445/2740 2778/2460/2755 2809/2461/2756 2808/2446/2741
f 2806/2462/2757 2775/2463/2758 2776/2444/2739 2807/2447/2742
f 2773/2464/2759 2774/2465/2760 2805/2466/2761 2804/2467/2762
f 2774/2465/2760 2775/2463/2758 2806/2462/2757 2805/2466/2761
f 2840/2468/2763 2796/2469/2749 2783/2470/2764 2839/2471/2765
f 2785/2472/2766 2843/2473/2767 2844/2474/2768 2786/2475/2769
f 2803/2476/2770 2772/2477/2771 2773/2464/2759 2804/2467/2762
f 2846/2478/2772 2847/2479/2773 2789/2480/2774 2788/2481/2775
f 2852/2482/2776 2853/2452/2747 2795/2455/2750 2794/2483/2777
f 2841/2484/2778 2842/2485/2779 2784/2486/2780 2783/2487/2764
f 2771/2488/2781 2802/2489/2782 2801/2450/2745 2770/2449/2744
f 2781/2490/2751 2826/2491/2783 2825/2492/2784 2768/2493/2785
f 2768/2493/2785 2825/2492/2784 2823/2494/2786 2769/2495/2743
f 2837/2496/2787 2839/2471/2765 2783/2470/2764 2784/2497/2780
f 2810/2498/2788 2779/2499/2789 2780/2459/2754 2811/2458/2753
f 2848/2500/2790 2849/2442/2737 2791/2441/2736 2790/2501/2791
f 2800/2502/2792 2768/2503/2785 2769/2448/2743 2799/2451/2746
f 2845/2504/2793 2846/2478/2772 2788/2481/2775 2787/2505/2794
f 2772/2477/2771 2803/2476/2770 2802/2489/2782 2771/2488/2781
f 2847/2479/2773 2848/2500/2790 2790/2501/2791 2789/2480/2774
f 2850/2443/2738 2851/2506/2795 2793/2507/2796 2792/2440/2735
f 2844/2474/2768 2845/2504/2793 2787/2505/2794 2786/2475/2769
f 2778/2508/2755 2779/2499/2789 2810/2498/2788 2809/2509/2756
f 2842/2485/2779 2843/2473/2767 2785/2472/2766 2784/2486/2780
f 2793/2510/2796 2851/2511/2795 2852/2482/2776 2794/2483/2777
f 2772/2512/2771 2813/2513/2797 2816/2514/2798 2773/2515/2759
f 2829/2516/2799 2837/2496/2787 2784/2497/2780 2785/2517/2766
f 2838/2518/2800 2795/2519/2750 2796/2469/2749 2840/2468/2763
f 2777/2520/2740 2820/2521/2801 2821/2522/2802 2778/2523/2755
f 2824/2524/2803 2826/2491/2783 2781/2490/2751 2780/2525/2754
f 2817/2526/2804 2818/2527/2805 2775/2528/2758 2774/2529/2760
f 2828/2530/2806 2827/2531/2807 2786/2532/2769 2787/2533/2794
f 2818/2527/2805 2819/2534/2808 2776/2535/2739 2775/2528/2758
f 2791/2536/2736 2833/2537/2809 2832/2538/2810 2790/2539/2791
f 2779/2540/2789 2822/2541/2811 2824/2524/2803 2780/2525/2754
f 2833/2537/2809 2791/2536/2736 2792/2542/2735 2834/2543/2812
f 2770/2544/2744 2815/2545/2813 2814/2546/2814 2771/2547/2781
f 2795/2519/2750 2838/2518/2800 2836/2548/2815 2794/2549/2777
f 2787/2533/2794 2788/2550/2775 2830/2551/2816 2828/2530/2806
f 2778/2523/2755 2821/2522/2802 2822/2541/2811 2779/2540/2789
f 2793/2552/2796 2794/2549/2777 2836/2548/2815 2835/2553/2817
f 2790/2539/2791 2832/2538/2810 2831/2554/2818 2789/2555/2774
f 2834/2543/2812 2792/2542/2735 2793/2552/2796 2835/2553/2817
f 2786/2532/2769 2827/2531/2807 2829/2516/2799 2785/2517/2766
f 2769/2495/2743 2823/2494/2786 2815/2545/2813 2770/2544/2744
f 2819/2534/2808 2820/2521/2801 2777/2520/2740 2776/2535/2739
f 2788/2550/2775 2789/2555/2774 2831/2554/2818 2830/2551/2816
f 2771/2547/2781 2814/2546/2814 2813/2513/2797 2772/2512/2771
f 2816/2514/2798 2817/2526/2804 2774/2529/2760 2773/2515/2759
f 2768/2503/2785 2800/2502/2792 2812/2457/2752 2781/2456/2751
f 2841/2484/2778 2783/2487/2764 2796/2454/2749 2854/2453/2748
f 2782/2556/2819 2800/2557/2820 2799/2558/2821
f 2782/2556/2819 2799/2558/2821 2801/2559/2822
f 2782/2556/2819 2801/2559/2822 2802/2560/2823
f 2782/2556/2819 2802/2560/2823 2803/2561/2824
f 2782/2556/2819 2803/2561/2824 2804/2562/2825
f 2782/2556/2819 2804/2562/2825 2805/2563/2826
f 2782/2556/2819 2805/2563/2826 2806/2564/2827
f 2782/2556/2819 2806/2564/2827 2807/2565/2828
f 2782/2556/2819 2807/2565/2828 2808/2566/2829
f 2782/2556/2819 2808/2566/2829 2809/2567/2830
f 2782/2556/2819 2809/2567/2830 2810/2568/2831
f 2782/2556/2819 2810/2568/2831 2811/2569/2832
f 2782/2556/2819 2811/2569/2832 2812/2570/2833
f 2782/2556/2819 2812/2570/2833 2800/2557/2820
f 2767/2571/2834 2813/2513/2797 2814/2546/2814
f 2767/2571/2834 2814/2546/2814 2815/2545/2813
f 2767/2571/2834 2816/2514/2798 2813/2513/2797
f 2767/2571/2834 2817/2526/2804 2816/2514/2798
f 2767/2571/2834 2818/2527/2805 2817/2526/2804
f 2767/2571/2834 2819/2534/2808 2818/2527/2805
f 2767/2571/2834 2820/2521/2801 2819/2534/2808
f 2767/2571/2834 2821/2522/2802 2820/2521/2801
f 2767/2571/2834 2822/2541/2811 2821/2522/2802
f 2767/2571/2834 2815/2545/2813 2823/2494/2786
f 2767/2571/2834 2824/2524/2803 2822/2541/2811
f 2767/2571/2834 2823/2494/2786 2825/2492/2784
f 2767/2571/2834 2826/2491/2783 2824/2524/2803
f 2767/2571/2834 2825/2492/2784 2826/2491/2783
f 2797/2572/2835 2827/2531/2807 2828/2530/2806
f 2797/2572/2835 2829/2516/2799 2827/2531/2807
f 2797/2572/2835 2828/2530/2806 2830/2551/2816
f 2797/2572/2835 2830/2551/2816 2831/2554/2818
f 2797/2572/2835 2831/2554/2818 2832/2538/2810
f 2797/2572/2835 2832/2538/2810 2833/2537/2809
f 2797/2572/2835 2833/2537/2809 2834/2543/2812
f 2797/2572/2835 2834/2543/2812 2835/2553/2817
f 2797/2572/2835 2835/2553/2817 2836/2548/2815
f 2797/2572/2835 2837/2496/2787 2829/2516/2799
f 2797/2572/2835 2836/2548/2815 2838/2518/2800
f 2797/2572/2835 2839/2471/2765 2837/2496/2787
f 2797/2572/2835 2840/2468/2763 2839/2471/2765
f 2797/2572/2835 2838/2518/2800 2840/2468/2763
f 2798/2573/2834 2842/2574/2834 2841/2575/2834
f 2798/2573/2834 2843/2576/2834 2842/2574/2834
f 2798/2573/2834 2844/2577/2834 2843/2576/2834
f 2798/2573/2834 2845/2578/2834 2844/2577/2834
f 2798/2573/2834 2846/2579/2834 2845/2578/2834
f 2798/2573/2834 2847/2580/2834 2846/2579/2834
f 2798/2573/2834 2848/2581/2834 2847/2580/2834
f 2798/2573/2834 2849/2582/2834 2848/2581/2834
f 2798/2573/2834 2850/2583/2834 2849/2582/2834
f 2798/2573/2834 2851/2584/2834 2850/2583/2834
f 2798/2573/2834 2852/2585/2834 2851/2584/2834
f 2798/2573/2834 2853/2586/2834 2852/2585/2834
f 2798/2573/2834 2854/2587/2834 2853/2586/2834
f 2798/2573/2834 2841/2575/2834 2854/2587/2834
f 2916/2588/737 2917/2589/737 2857/2590/737 2856/2591/737
f 2866/2592/2836 2871/2593/2837 2924/2594/2837 2923/2595/2836
f 2920/2596/2838 2946/2597/2838 2934/2598/2839 2860/2599/2840
f 2856/2591/737 2857/2590/737 2862/2600/737 2861/2601/737
f 2921/2602/2841 2933/2603/2842 2916/2604/2842 2856/2605/2841
f 2920/2606/737 2860/2607/737 2859/2608/737 2919/2609/737
f 2910/2610/2843 2944/2611/2844 2945/2612/2845 2915/2613/2846
f 2907/2614/737 2912/2615/737 2911/2616/737 2906/2617/737
f 2861/2618/2847 2866/2592/2836 2923/2595/2836 2922/2619/2848
f 2912/2615/737 2917/2589/737 2916/2588/737 2911/2616/737
f 2913/2620/2849 2914/2621/2850 2919/2622/2851 2918/2623/2852
f 2914/2624/737 2915/2625/737 2920/2606/737 2919/2609/737
f 2915/2613/2846 2945/2612/2845 2946/2597/2838 2920/2596/2838
f 2858/2626/2853 2859/2627/2853 2864/2628/2854 2863/2629/2855
f 2867/2630/737 2872/2631/737 2871/2632/737 2866/2633/737
f 2860/2607/737 2865/2634/737 2864/2635/737 2859/2608/737
f 2873/2636/2856 2878/2637/2857 2877/2638/2858 2872/2639/2859
f 2942/2640/2860 2943/2641/2861 2905/2642/2862 2900/2643/2863
f 2913/2620/2849 2908/2644/2864 2909/2645/2865 2914/2621/2850
f 2911/2646/2866 2916/2647/2842 2933/2648/2842 2932/2649/2867
f 2862/2600/737 2867/2630/737 2866/2633/737 2861/2601/737
f 2909/2650/737 2910/2651/737 2915/2625/737 2914/2624/737
f 2903/2652/2868 2908/2644/2869 2907/2653/2869 2902/2654/2868
f 2878/2637/2870 2873/2636/2871 2874/2655/2872 2879/2656/2870
f 2858/2626/2853 2918/2657/2852 2919/2658/2851 2859/2627/2853
f 2876/2659/737 2877/2660/737 2882/2661/737 2881/2662/737
f 2903/2652/2873 2898/2663/2874 2899/2664/2875 2904/2665/2876
f 2873/2636/2871 2868/2666/2877 2869/2667/2878 2874/2655/2872
f 2913/2620/2879 2918/2623/2880 2917/2668/2881 2912/2669/2879
f 2899/2670/737 2900/2671/737 2905/2672/737 2904/2673/737
f 2890/2674/2882 2940/2675/2883 2941/2676/2884 2895/2677/2885
f 2864/2635/737 2865/2634/737 2870/2678/737 2869/2679/737
f 2887/2680/2886 2888/2681/2887 2893/2682/2888 2892/2683/2888
f 2906/2684/2889 2911/2646/2866 2932/2649/2867 2931/2685/2890
f 2935/2686/2891 2936/2687/2892 2870/2688/2893 2865/2689/2894
f 2895/2690/737 2900/2671/737 2899/2670/737 2894/2691/737
f 2896/2692/737 2897/2693/737 2902/2694/737 2901/2695/737
f 2927/2696/2895 2886/2697/2895 2891/2698/2896 2928/2699/2896
f 2902/2694/737 2907/2614/737 2906/2617/737 2901/2695/737
f 2882/2661/737 2887/2700/737 2886/2701/737 2881/2662/737
f 2858/2626/2897 2863/2629/2898 2862/2702/2899 2857/2703/2900
f 2903/2652/2873 2904/2665/2876 2909/2645/2865 2908/2644/2864
f 2870/2678/737 2875/2704/737 2874/2705/737 2869/2679/737
f 2887/2700/737 2892/2706/737 2891/2707/737 2886/2701/737
f 2930/2708/2901 2901/2709/2901 2906/2684/2889 2931/2685/2890
f 2863/2629/2855 2864/2628/2854 2869/2667/2878 2868/2666/2877
f 2883/2710/2902 2884/2711/2903 2889/2712/2904 2888/2681/2904
f 2892/2706/737 2897/2693/737 2896/2692/737 2891/2707/737
f 2893/2682/2888 2898/2663/2905 2897/2713/2906 2892/2683/2888
f 2905/2672/737 2910/2651/737 2909/2650/737 2904/2673/737
f 2880/2714/737 2885/2715/737 2884/2716/737 2879/2717/737
f 2893/2682/2907 2888/2681/2904 2889/2712/2904 2894/2718/2908
f 2863/2629/2898 2868/2666/2909 2867/2719/2910 2862/2702/2899
f 2883/2710/2902 2878/2637/2870 2879/2656/2870 2884/2711/2903
f 2871/2593/2837 2876/2720/2911 2925/2721/2912 2924/2594/2837
f 2938/2722/2913 2939/2723/2914 2885/2724/2915 2880/2725/2916
f 2867/2719/2910 2868/2666/2909 2873/2636/2856 2872/2639/2859
f 2941/2676/2884 2942/2640/2860 2900/2643/2863 2895/2677/2885
f 2889/2726/737 2890/2727/737 2895/2690/737 2894/2691/737
f 2937/2728/2917 2938/2722/2913 2880/2725/2916 2875/2729/2918
f 2907/2653/2869 2908/2644/2869 2913/2620/2879 2912/2669/2879
f 2925/2721/2912 2876/2720/2911 2881/2730/2919 2926/2731/2919
f 2884/2716/737 2885/2715/737 2890/2727/737 2889/2726/737
f 2872/2631/737 2877/2660/737 2876/2659/737 2871/2632/737
f 2883/2710/2920 2888/2681/2887 2887/2680/2886 2882/2732/2921
f 2939/2723/2914 2940/2675/2883 2890/2674/2882 2885/2724/2915
f 2870/2688/2893 2936/2687/2892 2937/2728/2917 2875/2729/2918
f 2928/2699/2896 2891/2698/2896 2896/2733/2922 2929/2734/2922
f 2878/2637/2857 2883/2710/2920 2882/2732/2921 2877/2638/2858
f 2898/2663/2905 2903/2652/2868 2902/2654/2868 2897/2713/2906
f 2926/2731/2919 2881/2730/2919 2886/2697/2895 2927/2696/2895
f 2905/2642/2862 2943/2641/2861 2944/2611/2844 2910/2610/2843
f 2896/2733/2922 2901/2709/2901 2930/2708/2901 2929/2734/2922
f 2898/2663/2874 2893/2682/2907 2894/2718/2908 2899/2664/2875
f 2874/2705/737 2875/2704/737 2880/2714/737 2879/2717/737
f 2934/2598/2839 2935/2686/2891 2865/2689/2894 2860/2599/2840
f 2858/2626/2897 2857/2703/2900 2917/2735/2881 2918/2657/2880
f 2855/2736/707 2935/2737/707 2934/2738/707
f 2855/2736/707 2937/2739/707 2936/2740/707
f 2935/2737/707 2855/2736/707 2936/2740/707
f 2855/2736/707 2938/2741/707 2937/2739/707
f 2855/2736/707 2939/2742/707 2938/2741/707
f 2855/2736/707 2940/2743/707 2939/2742/707
f 2855/2736/707 2941/2744/707 2940/2743/707
f 2855/2736/707 2942/2745/707 2941/2744/707
f 2855/2736/707 2943/2746/707 2942/2745/707
f 2855/2736/707 2944/2747/707 2943/2746/707
f 2855/2736/707 2945/2748/707 2944/2747/707
f 2855/2736/707 2946/2749/707 2945/2748/707
f 2946/2749/707 2855/2736/707 2934/2738/707
f 2856/2605/2841 2861/2618/2847 2922/2619/2848 2921/2602/2841
f 2947/2750/2923 2948/2751/2924 2949/2752/2925 2950/2753/2926
f 2947/2750/2923 2951/2754/2927 2952/2755/2928 2948/2751/2924
f 2947/2750/2923 2950/2753/2926 2953/2756/2929 2951/2754/2927
f 2955/2757/2930 2958/2758/2931 2956/2759/2932 2954/2760/2933
f 2954/2760/2933 2956/2759/2932 2957/2761/2934
f 2962/2762/2935 2963/2763/2936 2964/2764/2937 2961/2765/2938
f 3095/2766/2939 3027/2767/2940 3028/2768/2941 3094/2769/2942
f 3096/2770/2943 2962/2762/2935 2961/2765/2938 3093/2771/2944
f 2961/2765/2938 2964/2764/2937 2958/2758/2931 2955/2757/2930
f 3097/2772/2945 3045/2773/2946 3046/2774/2947 3098/2775/2948
f 2964/2764/2937 2963/2763/2936 2965/2776/2949 2966/2777/2950
f 2964/2764/2937 2966/2777/2950 2967/2778/2951 2958/2758/2931
f 2967/2778/2951 2966/2777/2950 2968/2779/2952 2969/2780/2953
f 2967/2778/2951 2969/2780/2953 2970/2781/2954 2971/2782/2955
f 2967/2778/2951 2971/2782/2955 2956/2759/2932 2958/2758/2931
f 2971/2782/2955 2970/2781/2954 2972/2783/2956 2973/2784/2957
f 2971/2782/2955 2973/2784/2957 2957/2761/2934 2956/2759/2932
f 3099/2785/2934 2957/2761/2934 2973/2784/2957 3098/2786/2948
f 3099/2785/2934 3095/2787/2939 2954/2760/2933 2957/2761/2934
f 3101/2788/2958 3100/2789/2959 3047/2790/2960 3048/2791/2961
f 2990/2792/2962 2989/2793/2963 2963/2763/2936 2962/2762/2935
f 2976/2794/2964 2978/2795/2965 2974/2796/2966 2975/2797/2967
f 2976/2794/2964 2979/2798/2968 2977/2799/2969 2978/2795/2965
f 3102/2800/2970 3064/2801/2971 3065/2802/2972 3103/2803/2973
f 2975/2797/2967 2972/2783/2956 2970/2781/2954 2976/2794/2964
f 2980/2804/2974 2982/2805/2975 2977/2799/2969 2979/2798/2968
f 2980/2804/2974 2983/2806/2976 2981/2807/2977 2982/2805/2975
f 2979/2798/2968 2976/2794/2964 2970/2781/2954 2969/2780/2953
f 2979/2798/2968 2969/2780/2953 2968/2779/2952 2980/2804/2974
f 3000/2808/2978 2981/2807/2977 2983/2806/2976 2984/2809/2979
f 3100/2810/2959 2974/2796/2966 3006/2811/2980 3108/2812/2981
f 2983/2806/2976 2980/2804/2974 2968/2779/2952 2985/2813/2982
f 2983/2806/2976 2985/2813/2982 2986/2814/2983 2984/2809/2979
f 2986/2814/2983 2953/2756/2929 2987/2815/2984 2984/2809/2979
f 2986/2814/2983 2985/2813/2982 2965/2776/2949 2988/2816/2985
f 2986/2814/2983 2988/2816/2985 2951/2754/2927 2953/2756/2929
f 2988/2816/2985 2965/2776/2949 2963/2763/2936 2989/2793/2963
f 2988/2816/2985 2989/2793/2963 2952/2755/2928 2951/2754/2927
f 2989/2793/2963 2990/2792/2962 2991/2817/2986 2952/2755/2928
f 2952/2755/2928 2991/2817/2986 2992/2818/2987 2948/2751/2924
f 2993/2819/2988 2949/2752/2925 2948/2751/2924 2992/2818/2987
f 3018/2820/2989 2996/2821/2990 2994/2822/2991 2995/2823/2992
f 3104/2824/2993 2993/2819/2988 2992/2818/2987 3103/2825/2973
f 3104/2824/2993 3105/2826/2994 2994/2822/2991 2993/2819/2988
f 3106/2827/2995 3102/2828/2970 2991/2817/2986 2990/2792/2962
f 3096/2829/2943 3035/2830/2996 3063/2831/2997 3106/2832/2995
f 3105/2833/2994 3067/2834/2998 3068/2835/2999 3107/2836/3000
f 2993/2819/2988 2994/2822/2991 2996/2821/2990 2949/2752/2925
f 3018/2820/2989 2998/2837/3001 2997/2838/3002 2996/2821/2990
f 2995/2823/2992 2960/2839/3003 3017/2840/3004 3018/2820/2989
f 2997/2838/3002 2998/2837/3001 2999/2841/3005 2987/2815/2984
f 2996/2821/2990 2997/2838/3002 2950/2753/2926 2949/2752/2925
f 2984/2809/2979 2987/2815/2984 2999/2841/3005 3000/2808/2978
f 2997/2838/3002 2987/2815/2984 2953/2756/2929 2950/2753/2926
f 3014/2842/3006 3001/2843/3007 3000/2808/2978 2999/2841/3005
f 3000/2808/2978 3001/2843/3007 3002/2844/3008 2981/2807/2977
f 3003/2845/3009 2982/2805/2975 2981/2807/2977 3002/2844/3008
f 3004/2846/3010 2977/2799/2969 2982/2805/2975 3003/2845/3009
f 3005/2847/3011 2978/2795/2965 2977/2799/2969 3004/2846/3010
f 3006/2811/2980 2974/2796/2966 2978/2795/2965 3005/2847/3011
f 3107/2836/3000 3068/2835/2999 3033/2848/3012 3110/2849/3013
f 2999/2841/3005 2998/2837/3001 3015/2850/3014 3014/2842/3006
f 3008/2851/3015 3007/2852/3016 3006/2811/3017 3005/2847/3018
f 3008/2851/3015 3005/2847/3018 3004/2846/3019 3009/2853/3020
f 3010/2854/2725 3009/2853/3020 3004/2846/3019 3003/2845/2724
f 3010/2854/2725 3003/2845/2724 3002/2844/3021 3011/2855/3022
f 3012/2856/3023 3011/2855/3022 3002/2844/3021 3001/2843/3024
f 3012/2856/3023 3001/2843/3024 3014/2842/3025 3013/2857/3026
f 3014/2842/3025 3015/2850/3027 3016/2858/3028 3013/2857/3026
f 3015/2850/3014 2998/2837/3001 3018/2820/2989 3017/2840/3004
f 2959/2859/3029 3019/2860/3030 3017/2840/3030 2960/2839/3031
f 3108/2812/3032 3006/2811/3017 3007/2852/3016 3109/2861/3032
f 3019/2860/3030 3016/2858/3028 3015/2850/3027 3017/2840/3030
f 3097/2862/2945 2972/2783/2956 2975/2797/2967 3101/2863/2958
f 2985/2813/2982 2968/2779/2952 2966/2777/2950 2965/2776/2949
f 3110/2849/3033 3033/2848/3034 3032/2864/3034 3111/2865/3033
f 3023/2866/3035 3022/2867/3036 3021/2868/3037 3020/2869/3038
f 3021/2868/3037 3025/2870/3039 3024/2871/3040 3020/2869/3038
f 3024/2871/3040 3026/2872/3041 3023/2866/3035 3020/2869/3038
f 3029/2873/3042 3031/2874/3043 3028/2768/2941 3027/2767/2940
f 3027/2767/2940 3030/2875/2934 3029/2873/3042
f 3037/2876/3044 3036/2877/3045 3035/2830/2996 3034/2878/3046
f 3028/2768/2941 3031/2874/3043 3037/2876/3044 3034/2878/3046
f 3039/2879/3047 3038/2880/3048 3036/2877/3045 3037/2876/3044
f 3031/2874/3043 3040/2881/3049 3039/2879/3047 3037/2876/3044
f 3042/2882/3050 3041/2883/3051 3039/2879/3047 3040/2881/3049
f 3044/2884/3052 3043/2885/3053 3042/2882/3050 3040/2881/3049
f 3031/2874/3043 3029/2873/3042 3044/2884/3052 3040/2881/3049
f 3046/2774/2947 3045/2773/2946 3043/2885/3053 3044/2884/3052
f 3029/2873/3042 3030/2875/2934 3046/2774/2947 3044/2884/3052
f 3035/2830/2996 3036/2877/3045 3062/2886/3054 3063/2831/2997
f 3047/2790/2960 3051/2887/3055 3049/2888/3056 3048/2791/2961
f 3050/2889/3057 3052/2890/3058 3049/2888/3056 3051/2887/3055
f 3049/2888/3056 3043/2885/3053 3045/2773/2946 3048/2791/2961
f 3050/2889/3057 3055/2891/3059 3053/2892/3060 3052/2890/3058
f 3054/2893/3061 3056/2894/3062 3053/2892/3060 3055/2891/3059
f 3042/2882/3050 3043/2885/3053 3049/2888/3056 3052/2890/3058
f 3053/2892/3060 3041/2883/3051 3042/2882/3050 3052/2890/3058
f 3054/2893/3061 3073/2895/3063 3057/2896/3064 3056/2894/3062
f 3058/2897/3065 3041/2883/3051 3053/2892/3060 3056/2894/3062
f 3057/2896/3064 3059/2898/3066 3058/2897/3065 3056/2894/3062
f 3057/2896/3064 3060/2899/3067 3026/2872/3041 3059/2898/3066
f 3061/2900/3068 3038/2880/3048 3058/2897/3065 3059/2898/3066
f 3026/2872/3041 3024/2871/3040 3061/2900/3068 3059/2898/3066
f 3062/2886/3054 3036/2877/3045 3038/2880/3048 3061/2900/3068
f 3024/2871/3040 3025/2870/3039 3062/2886/3054 3061/2900/3068
f 3064/2801/2971 3063/2831/2997 3062/2886/3054 3025/2870/3039
f 3021/2868/3037 3065/2802/2972 3064/2801/2971 3025/2870/3039
f 3021/2868/3037 3022/2867/3036 3066/2901/3069 3065/2802/2972
f 3067/2834/2998 3069/2902/3070 3091/2903/3071 3068/2835/2999
f 3067/2834/2998 3066/2901/3069 3022/2867/3036 3069/2902/3070
f 3070/2904/3072 3071/2905/3073 3091/2903/3071 3069/2902/3070
f 3033/2848/3012 3068/2835/2999 3091/2903/3071 3090/2906/3074
f 3072/2907/3075 3071/2905/3073 3070/2904/3072 3060/2899/3067
f 3022/2867/3036 3023/2866/3035 3070/2904/3072 3069/2902/3070
f 3060/2899/3067 3057/2896/3064 3073/2895/3063 3072/2907/3075
f 3023/2866/3035 3026/2872/3041 3060/2899/3067 3070/2904/3072
f 3073/2895/3063 3074/2908/3076 3087/2909/3077 3072/2907/3075
f 3075/2910/3078 3074/2908/3076 3073/2895/3063 3054/2893/3061
f 3054/2893/3061 3055/2891/3059 3076/2911/3079 3075/2910/3078
f 3055/2891/3059 3050/2889/3057 3077/2912/3080 3076/2911/3079
f 3050/2889/3057 3051/2887/3055 3078/2913/3081 3077/2912/3080
f 3051/2887/3055 3047/2790/2960 3079/2914/3082 3078/2913/3081
f 3071/2905/3073 3072/2907/3075 3087/2909/3077 3088/2915/3083
f 3078/2913/3084 3079/2914/3085 3080/2916/3086 3081/2917/3087
f 3082/2918/3088 3077/2912/3089 3078/2913/3084 3081/2917/3087
f 3076/2911/3090 3077/2912/3089 3082/2918/3088 3083/2919/3091
f 3084/2920/3092 3075/2910/3093 3076/2911/3090 3083/2919/3091
f 3074/2908/3094 3075/2910/3093 3084/2920/3092 3085/2921/3095
f 3086/2922/3096 3087/2909/3096 3074/2908/3094 3085/2921/3095
f 3086/2922/3096 3089/2923/3097 3088/2915/3097 3087/2909/3096
f 3090/2906/3074 3091/2903/3071 3071/2905/3073 3088/2915/3083
f 3090/2906/3098 3092/2924/3098 3032/2864/3034 3033/2848/3034
f 3090/2906/3098 3088/2915/3097 3089/2923/3097 3092/2924/3098
f 3038/2880/3048 3039/2879/3047 3041/2883/3051 3058/2897/3065
f 3094/2925/2942 3093/2771/2944 2961/2765/2938 2955/2757/2930
f 3028/2768/2941 3034/2878/3046 3093/2926/2944 3094/2769/2942
f 2960/2839/3031 3110/2927/3033 3111/2928/3033 2959/2859/3029
f 3045/2773/2946 3097/2772/2945 3101/2788/2958 3048/2791/2961
f 3079/2914/3085 3108/2929/3032 3109/2930/3032 3080/2916/3086
f 2995/2823/2992 3107/2931/3000 3110/2927/3013 2960/2839/3003
f 2994/2822/2991 3105/2826/2994 3107/2931/3000 2995/2823/2992
f 2962/2762/2935 3096/2770/2943 3106/2827/2995 2990/2792/2962
f 3063/2831/2997 3064/2801/2971 3102/2800/2970 3106/2832/2995
f 3066/2901/3069 3067/2834/2998 3105/2833/2994 3104/2932/2993
f 3066/2901/3069 3104/2932/2993 3103/2803/2973 3065/2802/2972
f 3047/2790/2960 3100/2789/2959 3108/2929/2981 3079/2914/3082
f 2991/2817/2986 3102/2828/2970 3103/2825/2973 2992/2818/2987
f 2975/2797/2967 2974/2796/2966 3100/2810/2959 3101/2863/2958
f 3030/2875/2934 3027/2767/2940 3095/2766/2939 3099/2933/2934
f 3030/2875/2934 3099/2933/2934 3098/2775/2948 3046/2774/2947
f 2972/2783/2956 3097/2862/2945 3098/2786/2948 2973/2784/2957
f 3035/2830/2996 3096/2829/2943 3093/2926/2944 3034/2878/3046
f 2954/2760/2933 3095/2787/2939 3094/2925/2942 2955/2757/2930
f 3137/2440/3099 3136/2441/3100 3194/2442/3101 3195/2443/3102
f 3121/2444/3103 3122/2445/3104 3153/2446/3105 3152/2447/3106
f 3114/2448/3107 3115/2449/3108 3146/2450/3109 3144/2451/3110
f 3198/2452/3111 3199/2453/3112 3141/2454/3113 3140/2455/3114
f 3126/2456/3115 3157/2457/3116 3156/2458/3117 3125/2459/3118
f 3122/2445/3104 3123/2460/3119 3154/2461/3120 3153/2446/3105
f 3151/2462/3121 3120/2463/3122 3121/2444/3103 3152/2447/3106
f 3118/2464/3123 3119/2465/3124 3150/2466/3125 3149/2467/3126
f 3119/2465/3124 3120/2463/3122 3151/2462/3121 3150/2466/3125
f 3185/2468/3127 3141/2469/3113 3128/2470/3128 3184/2471/3129
f 3130/2472/3130 3188/2473/3131 3189/2474/3132 3131/2475/3133
f 3148/2476/3134 3117/2477/3135 3118/2464/3123 3149/2467/3126
f 3191/2478/3136 3192/2479/3137 3134/2480/3138 3133/2481/3139
f 3197/2482/3140 3198/2452/3111 3140/2455/3114 3139/2483/3141
f 3186/2484/3142 3187/2485/3143 3129/2486/3144 3128/2487/3128
f 3116/2488/3145 3147/2489/3146 3146/2450/3109 3115/2449/3108
f 3126/2490/3115 3171/2491/3147 3170/2492/3148 3113/2493/3149
f 3113/2493/3149 3170/2492/3148 3168/2494/3150 3114/2495/3107
f 3182/2496/3151 3184/2471/3129 3128/2470/3128 3129/2497/3144
f 3155/2498/3152 3124/2499/3153 3125/2459/3118 3156/2458/3117
f 3193/2500/3154 3194/2442/3101 3136/2441/3100 3135/2501/3155
f 3145/2502/3156 3113/2503/3149 3114/2448/3107 3144/2451/3110
f 3190/2504/3157 3191/2478/3136 3133/2481/3139 3132/2505/3158
f 3117/2477/3135 3148/2476/3134 3147/2489/3146 3116/2488/3145
f 3192/2479/3137 3193/2500/3154 3135/2501/3155 3134/2480/3138
f 3195/2443/3102 3196/2506/3159 3138/2507/3160 3137/2440/3099
f 3189/2474/3132 3190/2504/3157 3132/2505/3158 3131/2475/3133
f 3123/2508/3119 3124/2499/3153 3155/2498/3152 3154/2509/3120
f 3187/2485/3143 3188/2473/3131 3130/2472/3130 3129/2486/3144
f 3138/2510/3160 3196/2511/3159 3197/2482/3140 3139/2483/3141
f 3117/2512/3135 3158/2513/3161 3161/2514/3162 3118/2515/3123
f 3174/2516/3163 3182/2496/3151 3129/2497/3144 3130/2517/3130
f 3183/2518/3164 3140/2519/3114 3141/2469/3113 3185/2468/3127
f 3122/2520/3104 3165/2521/3165 3166/2522/3166 3123/2523/3119
f 3169/2524/3167 3171/2491/3147 3126/2490/3115 3125/2525/3118
f 3162/2526/3168 3163/2527/3169 3120/2528/3122 3119/2529/3124
f 3173/2530/3170 3172/2531/3171 3131/2532/3133 3132/2533/3158
f 3163/2527/3169 3164/2534/3172 3121/2535/3103 3120/2528/3122
f 3136/2536/3100 3178/2537/3173 3177/2538/3174 3135/2539/3155
f 3124/2540/3153 3167/2541/3175 3169/2524/3167 3125/2525/3118
f 3178/2537/3173 3136/2536/3100 3137/2542/3099 3179/2543/3176
f 3115/2544/3108 3160/2545/3177 3159/2546/3178 3116/2547/3145
f 3140/2519/3114 3183/2518/3164 3181/2548/3179 3139/2549/3141
f 3132/2533/3158 3133/2550/3139 3175/2551/3180 3173/2530/3170
f 3123/2523/3119 3166/2522/3166 3167/2541/3175 3124/2540/3153
f 3138/2552/3160 3139/2549/3141 3181/2548/3179 3180/2553/3181
f 3135/2539/3155 3177/2538/3174 3176/2554/3182 3134/2555/3138
f 3179/2543/3176 3137/2542/3099 3138/2552/3160 3180/2553/3181
f 3131/2532/3133 3172/2531/3171 3174/2516/3163 3130/2517/3130
f 3114/2495/3107 3168/2494/3150 3160/2545/3177 3115/2544/3108
f 3164/2534/3172 3165/2521/3165 3122/2520/3104 3121/2535/3103
f 3133/2550/3139 3134/2555/3138 3176/2554/3182 3175/2551/3180
f 3116/2547/3145 3159/2546/3178 3158/2513/3161 3117/2512/3135
f 3161/2514/3162 3162/2526/3168 3119/2529/3124 3118/2515/3123
f 3113/2503/3149 3145/2502/3156 3157/2457/3116 3126/2456/3115
f 3186/2484/3142 3128/2487/3128 3141/2454/3113 3199/2453/3112
f 3127/2556/3183 3145/2557/3184 3144/2558/3185
f 3127/2556/3183 3144/2558/3185 3146/2559/3186
f 3127/2556/3183 3146/2559/3186 3147/2560/3187
f 3127/2556/3183 3147/2560/3187 3148/2561/3188
f 3127/2556/3183 3148/2561/3188 3149/2562/3189
f 3127/2556/3183 3149/2562/3189 3150/2563/3190
f 3127/2556/3183 3150/2563/3190 3151/2564/3191
f 3127/2556/3183 3151/2564/3191 3152/2565/3192
f 3127/2556/3183 3152/2565/3192 3153/2566/3193
f 3127/2556/3183 3153/2566/3193 3154/2567/1362
f 3127/2556/3183 3154/2567/1362 3155/2568/3194
f 3127/2556/3183 3155/2568/3194 3156/2569/3195
f 3127/2556/3183 3156/2569/3195 3157/2570/3196
f 3127/2556/3183 3157/2570/3196 3145/2557/3184
f 3112/2571/1216 3158/2513/3161 3159/2546/3178
f 3112/2571/1216 3159/2546/3178 3160/2545/3177
f 3112/2571/1216 3161/2514/3162 3158/2513/3161
f 3112/2571/1216 3162/2526/3168 3161/2514/3162
f 3112/2571/1216 3163/2527/3169 3162/2526/3168
f 3112/2571/1216 3164/2534/3172 3163/2527/3169
f 3112/2571/1216 3165/2521/3165 3164/2534/3172
f 3112/2571/1216 3166/2522/3166 3165/2521/3165
f 3112/2571/1216 3167/2541/3175 3166/2522/3166
f 3112/2571/1216 3160/2545/3177 3168/2494/3150
f 3112/2571/1216 3169/2524/3167 3167/2541/3175
f 3112/2571/1216 3168/2494/3150 3170/2492/3148
f 3112/2571/1216 3171/2491/3147 3169/2524/3167
f 3112/2571/1216 3170/2492/3148 3171/2491/3147
f 3142/2572/1211 3172/2531/3171 3173/2530/3170
f 3142/2572/1211 3174/2516/3163 3172/2531/3171
f 3142/2572/1211 3173/2530/3170 3175/2551/3180
f 3142/2572/1211 3175/2551/3180 3176/2554/3182
f 3142/2572/1211 3176/2554/3182 3177/2538/3174
f 3142/2572/1211 3177/2538/3174 3178/2537/3173
f 3142/2572/1211 3178/2537/3173 3179/2543/3176
f 3142/2572/1211 3179/2543/3176 3180/2553/3181
f 3142/2572/1211 3180/2553/3181 3181/2548/3179
f 3142/2572/1211 3182/2496/3151 3174/2516/3163
f 3142/2572/1211 3181/2548/3179 3183/2518/3164
f 3142/2572/1211 3184/2471/3129 3182/2496/3151
f 3142/2572/1211 3185/2468/3127 3184/2471/3129
f 3142/2572/1211 3183/2518/3164 3185/2468/3127
f 3143/2573/1216 3187/2574/1216 3186/2575/1216
f 3143/2573/1216 3188/2576/1216 3187/2574/1216
f 3143/2573/1216 3189/2577/1216 3188/2576/1216
f 3143/2573/1216 3190/2578/1216 3189/2577/1216
f 3143/2573/1216 3191/2579/1216 3190/2578/1216
f 3143/2573/1216 3192/2580/1216 3191/2579/1216
f 3143/2573/1216 3193/2581/1216 3192/2580/1216
f 3143/2573/1216 3194/2582/1216 3193/2581/1216
f 3143/2573/1216 3195/2583/1216 3194/2582/1216
f 3143/2573/1216 3196/2584/1216 3195/2583/1216
f 3143/2573/1216 3197/2585/1216 3196/2584/1216
f 3143/2573/1216 3198/2586/1216 3197/2585/1216
f 3143/2573/1216 3199/2587/1216 3198/2586/1216
f 3143/2573/1216 3186/2575/1216 3199/2587/1216
f 3261/2588/737 3262/2589/737 3202/2590/737 3201/2591/737
f 3211/2592/3197 3216/2593/3198 3269/2594/3198 3268/2595/3197
f 3265/2596/3199 3291/2597/3199 3279/2598/3200 3205/2599/3201
f 3201/2591/737 3202/2590/737 3207/2600/737 3206/2601/737
f 3266/2602/3202 3278/2603/3203 3261/2604/3203 3201/2605/3202
f 3265/2606/737 3205/2607/737 3204/2608/737 3264/2609/737
f 3255/2610/3204 3289/2611/3205 3290/2612/3206 3260/2613/3207
f 3252/2614/737 3257/2615/737 3256/2616/737 3251/2617/737
f 3206/2618/3208 3211/2592/3197 3268/2595/3197 3267/2619/3209
f 3257/2615/737 3262/2589/737 3261/2588/737 3256/2616/737
f 3258/2620/3210 3259/2621/3211 3264/2622/3212 3263/2623/3213
f 3259/2624/737 3260/2625/737 3265/2606/737 3264/2609/737
f 3260/2613/3207 3290/2612/3206 3291/2597/3199 3265/2596/3199
f 3203/2626/3214 3204/2627/3214 3209/2628/3215 3208/2629/3216
f 3212/2630/737 3217/2631/737 3216/2632/737 3211/2633/737
f 3205/2607/737 3210/2634/737 3209/2635/737 3204/2608/737
f 3218/2636/3217 3223/2637/3218 3222/2638/3219 3217/2639/3220
f 3287/2640/3221 3288/2641/3222 3250/2642/3223 3245/2643/3224
f 3258/2620/3210 3253/2644/3225 3254/2645/3226 3259/2621/3211
f 3256/2646/3227 3261/2647/3203 3278/2648/3203 3277/2649/3227
f 3207/2600/737 3212/2630/737 3211/2633/737 3206/2601/737
f 3254/2650/737 3255/2651/737 3260/2625/737 3259/2624/737
f 3248/2652/3228 3253/2644/3229 3252/2653/3229 3247/2654/3228
f 3223/2637/3230 3218/2636/3231 3219/2655/3232 3224/2656/3230
f 3203/2626/3214 3263/2657/3213 3264/2658/3212 3204/2627/3214
f 3221/2659/737 3222/2660/737 3227/2661/737 3226/2662/737
f 3248/2652/3233 3243/2663/3234 3244/2664/3235 3249/2665/3236
f 3218/2636/3231 3213/2666/3237 3214/2667/3238 3219/2655/3232
f 3258/2620/3239 3263/2623/3240 3262/2668/3240 3257/2669/3241
f 3244/2670/737 3245/2671/737 3250/2672/737 3249/2673/737
f 3235/2674/3242 3285/2675/3243 3286/2676/3244 3240/2677/3244
f 3209/2635/737 3210/2634/737 3215/2678/737 3214/2679/737
f 3232/2680/3245 3233/2681/3246 3238/2682/3247 3237/2683/3247
f 3251/2684/3248 3256/2646/3227 3277/2649/3227 3276/2685/3249
f 3280/2686/3250 3281/2687/3251 3215/2688/3252 3210/2689/3253
f 3240/2690/737 3245/2671/737 3244/2670/737 3239/2691/737
f 3241/2692/737 3242/2693/737 3247/2694/737 3246/2695/737
f 3272/2696/3254 3231/2697/3254 3236/2698/3255 3273/2699/3255
f 3247/2694/737 3252/2614/737 3251/2617/737 3246/2695/737
f 3227/2661/737 3232/2700/737 3231/2701/737 3226/2662/737
f 3203/2626/3256 3208/2629/3257 3207/2702/3258 3202/2703/3259
f 3248/2652/3233 3249/2665/3236 3254/2645/3226 3253/2644/3225
f 3215/2678/737 3220/2704/737 3219/2705/737 3214/2679/737
f 3232/2700/737 3237/2706/737 3236/2707/737 3231/2701/737
f 3275/2708/3260 3246/2709/3260 3251/2684/3248 3276/2685/3249
f 3208/2629/3216 3209/2628/3215 3214/2667/3238 3213/2666/3237
f 3228/2710/3261 3229/2711/3261 3234/2712/3262 3233/2681/3262
f 3237/2706/737 3242/2693/737 3241/2692/737 3236/2707/737
f 3238/2682/3247 3243/2663/3263 3242/2713/3263 3237/2683/3247
f 3250/2672/737 3255/2651/737 3254/2650/737 3249/2673/737
f 3225/2714/737 3230/2715/737 3229/2716/737 3224/2717/737
f 3238/2682/3264 3233/2681/3262 3234/2712/3262 3239/2718/3265
f 3208/2629/3257 3213/2666/3266 3212/2719/3267 3207/2702/3258
f 3228/2710/3261 3223/2637/3230 3224/2656/3230 3229/2711/3261
f 3216/2593/3198 3221/2720/3268 3270/2721/3268 3269/2594/3198
f 3283/2722/3269 3284/2723/3270 3230/2724/3271 3225/2725/3272
f 3212/2719/3267 3213/2666/3266 3218/2636/3217 3217/2639/3220
f 3286/2676/3244 3287/2640/3221 3245/2643/3224 3240/2677/3244
f 3234/2726/737 3235/2727/737 3240/2690/737 3239/2691/737
f 3282/2728/3273 3283/2722/3269 3225/2725/3272 3220/2729/3274
f 3252/2653/3229 3253/2644/3229 3258/2620/3239 3257/2669/3241
f 3270/2721/3268 3221/2720/3268 3226/2730/3275 3271/2731/3276
f 3229/2716/737 3230/2715/737 3235/2727/737 3234/2726/737
f 3217/2631/737 3222/2660/737 3221/2659/737 3216/2632/737
f 3228/2710/3277 3233/2681/3246 3232/2680/3245 3227/2732/3278
f 3284/2723/3270 3285/2675/3243 3235/2674/3242 3230/2724/3271
f 3215/2688/3252 3281/2687/3251 3282/2728/3273 3220/2729/3274
f 3273/2699/3255 3236/2698/3255 3241/2733/3279 3274/2734/3280
f 3223/2637/3218 3228/2710/3277 3227/2732/3278 3222/2638/3219
f 3243/2663/3263 3248/2652/3228 3247/2654/3228 3242/2713/3263
f 3271/2731/3276 3226/2730/3275 3231/2697/3254 3272/2696/3254
f 3250/2642/3223 3288/2641/3222 3289/2611/3205 3255/2610/3204
f 3241/2733/3279 3246/2709/3260 3275/2708/3260 3274/2734/3280
f 3243/2663/3234 3238/2682/3264 3239/2718/3265 3244/2664/3235
f 3219/2705/737 3220/2704/737 3225/2714/737 3224/2717/737
f 3279/2598/3200 3280/2686/3250 3210/2689/3253 3205/2599/3201
f 3203/2626/3256 3202/2703/3259 3262/2735/3240 3263/2657/3240
f 3200/2736/707 3280/2737/707 3279/2738/707
f 3200/2736/707 3282/2739/707 3281/2740/707
f 3280/2737/707 3200/2736/707 3281/2740/707
f 3200/2736/707 3283/2741/707 3282/2739/707
f 3200/2736/707 3284/2742/707 3283/2741/707
f 3200/2736/707 3285/2743/707 3284/2742/707
f 3200/2736/707 3286/2744/707 3285/2743/707
f 3200/2736/707 3287/2745/707 3286/2744/707
f 3200/2736/707 3288/2746/707 3287/2745/707
f 3200/2736/707 3289/2747/707 3288/2746/707
f 3200/2736/707 3290/2748/707 3289/2747/707
f 3200/2736/707 3291/2749/707 3290/2748/707
f 3291/2749/707 3200/2736/707 3279/2738/707
f 3201/2605/3202 3206/2618/3208 3267/2619/3209 3266/2602/3202
f 3292/2750/3281 3293/2751/3282 3294/2752/3283 3295/2753/3284
f 3292/2750/3281 3296/2754/3285 3297/2755/3286 3293/2751/3282
f 3292/2750/3281 3295/2753/3284 3298/2756/3287 3296/2754/3285
f 3300/2757/3288 3303/2758/3289 3301/2759/3290 3299/2760/3291
f 3299/2760/3291 3301/2759/3290 3302/2761/3292
f 3307/2762/3293 3308/2763/3294 3309/2764/3295 3306/2765/3296
f 3440/2766/3297 3372/2767/3298 3373/2768/3299 3439/2769/3300
f 3441/2770/3301 3307/2762/3293 3306/2765/3296 3438/2771/3302
f 3306/2765/3296 3309/2764/3295 3303/2758/3289 3300/2757/3288
f 3442/2772/3303 3390/2773/3304 3391/2774/3305 3443/2775/3306
f 3309/2764/3295 3308/2763/3294 3310/2776/3307 3311/2777/3308
f 3309/2764/3295 3311/2777/3308 3312/2778/3309 3303/2758/3289
f 3312/2778/3309 3311/2777/3308 3313/2779/3310 3314/2780/3311
f 3312/2778/3309 3314/2780/3311 3315/2781/3312 3316/2782/3313
f 3312/2778/3309 3316/2782/3313 3301/2759/3290 3303/2758/3289
f 3316/2782/3313 3315/2781/3312 3317/2783/3314 3318/2784/3315
f 3316/2782/3313 3318/2784/3315 3302/2761/3292 3301/2759/3290
f 3444/2785/3292 3302/2761/3292 3318/2784/3315 3443/2786/3306
f 3444/2785/3292 3440/2787/3297 3299/2760/3291 3302/2761/3292
f 3446/2788/3316 3445/2789/3317 3392/2790/3318 3393/2791/3319
f 3335/2792/3320 3334/2793/3321 3308/2763/3294 3307/2762/3293
f 3321/2794/3322 3323/2795/3323 3319/2796/3324 3320/2797/3325
f 3321/2794/3322 3324/2798/3326 3322/2799/3327 3323/2795/3323
f 3447/2800/3328 3409/2801/3329 3410/2802/3330 3448/2803/3331
f 3320/2797/3325 3317/2783/3314 3315/2781/3312 3321/2794/3322
f 3325/2804/3332 3327/2805/3333 3322/2799/3327 3324/2798/3326
f 3325/2804/3332 3328/2806/3334 3326/2807/3335 3327/2805/3333
f 3324/2798/3326 3321/2794/3322 3315/2781/3312 3314/2780/3311
f 3324/2798/3326 3314/2780/3311 3313/2779/3310 3325/2804/3332
f 3345/2808/3336 3326/2807/3335 3328/2806/3334 3329/2809/3337
f 3445/2810/3317 3319/2796/3324 3351/2811/3338 3453/2812/3339
f 3328/2806/3334 3325/2804/3332 3313/2779/3310 3330/2813/3340
f 3328/2806/3334 3330/2813/3340 3331/2814/3341 3329/2809/3337
f 3331/2814/3341 3298/2756/3287 3332/2815/3342 3329/2809/3337
f 3331/2814/3341 3330/2813/3340 3310/2776/3307 3333/2816/3343
f 3331/2814/3341 3333/2816/3343 3296/2754/3285 3298/2756/3287
f 3333/2816/3343 3310/2776/3307 3308/2763/3294 3334/2793/3321
f 3333/2816/3343 3334/2793/3321 3297/2755/3286 3296/2754/3285
f 3334/2793/3321 3335/2792/3320 3336/2817/3344 3297/2755/3286
f 3297/2755/3286 3336/2817/3344 3337/2818/3345 3293/2751/3282
f 3338/2819/3346 3294/2752/3283 3293/2751/3282 3337/2818/3345
f 3363/2820/3347 3341/2821/3348 3339/2822/3349 3340/2823/3350
f 3449/2824/3351 3338/2819/3346 3337/2818/3345 3448/2825/3331
f 3449/2824/3351 3450/2826/3352 3339/2822/3349 3338/2819/3346
f 3451/2827/3353 3447/2828/3328 3336/2817/3344 3335/2792/3320
f 3441/2829/3301 3380/2830/3354 3408/2831/3355 3451/2832/3353
f 3450/2833/3352 3412/2834/3356 3413/2835/3357 3452/2836/3358
f 3338/2819/3346 3339/2822/3349 3341/2821/3348 3294/2752/3283
f 3363/2820/3347 3343/2837/3359 3342/2838/3360 3341/2821/3348
f 3340/2823/3350 3305/2839/3361 3362/2840/3362 3363/2820/3347
f 3342/2838/3360 3343/2837/3359 3344/2841/3363 3332/2815/3342
f 3341/2821/3348 3342/2838/3360 3295/2753/3284 3294/2752/3283
f 3329/2809/3337 3332/2815/3342 3344/2841/3363 3345/2808/3336
f 3342/2838/3360 3332/2815/3342 3298/2756/3287 3295/2753/3284
f 3359/2842/3364 3346/2843/3365 3345/2808/3336 3344/2841/3363
f 3345/2808/3336 3346/2843/3365 3347/2844/3366 3326/2807/3335
f 3348/2845/3367 3327/2805/3333 3326/2807/3335 3347/2844/3366
f 3349/2846/3368 3322/2799/3327 3327/2805/3333 3348/2845/3367
f 3350/2847/3369 3323/2795/3323 3322/2799/3327 3349/2846/3368
f 3351/2811/3338 3319/2796/3324 3323/2795/3323 3350/2847/3369
f 3452/2836/3358 3413/2835/3357 3378/2848/3370 3455/2849/3371
f 3344/2841/3363 3343/2837/3359 3360/2850/3372 3359/2842/3364
f 3353/2851/2721 3352/2852/3373 3351/2811/3374 3350/2847/3375
f 3353/2851/2721 3350/2847/3375 3349/2846/2723 3354/2853/3376
f 3355/2854/3377 3354/2853/3376 3349/2846/2723 3348/2845/3378
f 3355/2854/3377 3348/2845/3378 3347/2844/3379 3356/2855/3380
f 3357/2856/3381 3356/2855/3380 3347/2844/3379 3346/2843/3382
f 3357/2856/3381 3346/2843/3382 3359/2842/3383 3358/2857/3384
f 3359/2842/3383 3360/2850/3385 3361/2858/3386 3358/2857/3384
f 3360/2850/3372 3343/2837/3359 3363/2820/3347 3362/2840/3362
f 3304/2859/3387 3364/2860/3388 3362/2840/3388 3305/2839/3387
f 3453/2812/3389 3351/2811/3374 3352/2852/3373 3454/2861/3389
f 3364/2860/3388 3361/2858/3386 3360/2850/3385 3362/2840/3388
f 3442/2862/3303 3317/2783/3314 3320/2797/3325 3446/2863/3316
f 3330/2813/3340 3313/2779/3310 3311/2777/3308 3310/2776/3307
f 3455/2849/3390 3378/2848/3391 3377/2864/3391 3456/2865/3390
f 3368/2866/3392 3367/2867/3393 3366/2868/3394 3365/2869/3395
f 3366/2868/3394 3370/2870/3396 3369/2871/3397 3365/2869/3395
f 3369/2871/3397 3371/2872/3398 3368/2866/3392 3365/2869/3395
f 3374/2873/3399 3376/2874/3400 3373/2768/3299 3372/2767/3298
f 3372/2767/3298 3375/2875/3292 3374/2873/3399
f 3382/2876/3401 3381/2877/3402 3380/2830/3354 3379/2878/3403
f 3373/2768/3299 3376/2874/3400 3382/2876/3401 3379/2878/3403
f 3384/2879/3404 3383/2880/3405 3381/2877/3402 3382/2876/3401
f 3376/2874/3400 3385/2881/3406 3384/2879/3404 3382/2876/3401
f 3387/2882/3407 3386/2883/3408 3384/2879/3404 3385/2881/3406
f 3389/2884/3409 3388/2885/3410 3387/2882/3407 3385/2881/3406
f 3376/2874/3400 3374/2873/3399 3389/2884/3409 3385/2881/3406
f 3391/2774/3305 3390/2773/3304 3388/2885/3410 3389/2884/3409
f 3374/2873/3399 3375/2875/3292 3391/2774/3305 3389/2884/3409
f 3380/2830/3354 3381/2877/3402 3407/2886/3411 3408/2831/3355
f 3392/2790/3318 3396/2887/3412 3394/2888/3413 3393/2791/3319
f 3395/2889/3414 3397/2890/3415 3394/2888/3413 3396/2887/3412
f 3394/2888/3413 3388/2885/3410 3390/2773/3304 3393/2791/3319
f 3395/2889/3414 3400/2891/3416 3398/2892/3417 3397/2890/3415
f 3399/2893/3418 3401/2894/3419 3398/2892/3417 3400/2891/3416
f 3387/2882/3407 3388/2885/3410 3394/2888/3413 3397/2890/3415
f 3398/2892/3417 3386/2883/3408 3387/2882/3407 3397/2890/3415
f 3399/2893/3418 3418/2895/3420 3402/2896/3421 3401/2894/3419
f 3403/2897/3422 3386/2883/3408 3398/2892/3417 3401/2894/3419
f 3402/2896/3421 3404/2898/3423 3403/2897/3422 3401/2894/3419
f 3402/2896/3421 3405/2899/3424 3371/2872/3398 3404/2898/3423
f 3406/2900/3425 3383/2880/3405 3403/2897/3422 3404/2898/3423
f 3371/2872/3398 3369/2871/3397 3406/2900/3425 3404/2898/3423
f 3407/2886/3411 3381/2877/3402 3383/2880/3405 3406/2900/3425
f 3369/2871/3397 3370/2870/3396 3407/2886/3411 3406/2900/3425
f 3409/2801/3329 3408/2831/3355 3407/2886/3411 3370/2870/3396
f 3366/2868/3394 3410/2802/3330 3409/2801/3329 3370/2870/3396
f 3366/2868/3394 3367/2867/3393 3411/2901/3426 3410/2802/3330
f 3412/2834/3356 3414/2902/3427 3436/2903/3428 3413/2835/3357
f 3412/2834/3356 3411/2901/3426 3367/2867/3393 3414/2902/3427
f 3415/2904/3429 3416/2905/3430 3436/2903/3428 3414/2902/3427
f 3378/2848/3370 3413/2835/3357 3436/2903/3428 3435/2906/3431
f 3417/2907/3432 3416/2905/3430 3415/2904/3429 3405/2899/3424
f 3367/2867/3393 3368/2866/3392 3415/2904/3429 3414/2902/3427
f 3405/2899/3424 3402/2896/3421 3418/2895/3420 3417/2907/3432
f 3368/2866/3392 3371/2872/3398 3405/2899/3424 3415/2904/3429
f 3418/2895/3420 3419/2908/3433 3432/2909/3434 3417/2907/3432
f 3420/2910/3435 3419/2908/3433 3418/2895/3420 3399/2893/3418
f 3399/2893/3418 3400/2891/3416 3421/2911/3436 3420/2910/3435
f 3400/2891/3416 3395/2889/3414 3422/2912/3437 3421/2911/3436
f 3395/2889/3414 3396/2887/3412 3423/2913/3438 3422/2912/3437
f 3396/2887/3412 3392/2790/3318 3424/2914/3439 3423/2913/3438
f 3416/2905/3430 3417/2907/3432 3432/2909/3434 3433/2915/3440
f 3423/2913/3441 3424/2914/3442 3425/2916/3443 3426/2917/3015
f 3427/2918/3444 3422/2912/3019 3423/2913/3441 3426/2917/3015
f 3421/2911/3445 3422/2912/3019 3427/2918/3444 3428/2919/3446
f 3429/2920/3447 3420/2910/3448 3421/2911/3445 3428/2919/3446
f 3419/2908/3449 3420/2910/3448 3429/2920/3447 3430/2921/3450
f 3431/2922/3451 3432/2909/3451 3419/2908/3449 3430/2921/3450
f 3431/2922/3451 3434/2923/3452 3433/2915/3453 3432/2909/3451
f 3435/2906/3431 3436/2903/3428 3416/2905/3430 3433/2915/3440
f 3435/2906/3454 3437/2924/3455 3377/2864/3391 3378/2848/3391
f 3435/2906/3454 3433/2915/3453 3434/2923/3452 3437/2924/3455
f 3383/2880/3405 3384/2879/3404 3386/2883/3408 3403/2897/3422
f 3439/2925/3300 3438/2771/3302 3306/2765/3296 3300/2757/3288
f 3373/2768/3299 3379/2878/3403 3438/2926/3302 3439/2769/3300
f 3305/2839/3387 3455/2927/3390 3456/2928/3390 3304/2859/3387
f 3390/2773/3304 3442/2772/3303 3446/2788/3316 3393/2791/3319
f 3424/2914/3442 3453/2929/3389 3454/2930/3389 3425/2916/3443
f 3340/2823/3350 3452/2931/3358 3455/2927/3371 3305/2839/3361
f 3339/2822/3349 3450/2826/3352 3452/2931/3358 3340/2823/3350
f 3307/2762/3293 3441/2770/3301 3451/2827/3353 3335/2792/3320
f 3408/2831/3355 3409/2801/3329 3447/2800/3328 3451/2832/3353
f 3411/2901/3426 3412/2834/3356 3450/2833/3352 3449/2932/3351
f 3411/2901/3426 3449/2932/3351 3448/2803/3331 3410/2802/3330
f 3392/2790/3318 3445/2789/3317 3453/2929/3339 3424/2914/3439
f 3336/2817/3344 3447/2828/3328 3448/2825/3331 3337/2818/3345
f 3320/2797/3325 3319/2796/3324 3445/2810/3317 3446/2863/3316
f 3375/2875/3292 3372/2767/3298 3440/2766/3297 3444/2933/3292
f 3375/2875/3292 3444/2933/3292 3443/2775/3306 3391/2774/3305
f 3317/2783/3314 3442/2862/3303 3443/2786/3306 3318/2784/3315
f 3380/2830/3354 3441/2829/3301 3438/2926/3302 3379/2878/3403
f 3299/2760/3291 3440/2787/3297 3439/2925/3300 3300/2757/3288
f 3482/2440/3456 3481/2441/3457 3539/2442/3458 3540/2443/3459
f 3466/2444/3460 3467/2445/3461 3498/2446/3462 3497/2447/3463
f 3459/2448/3464 3460/2449/3465 3491/2450/3466 3489/2451/3467
f 3543/2452/3468 3544/2453/3469 3486/2454/3470 3485/2455/3471
f 3471/2456/3472 3502/2457/3473 3501/2458/3474 3470/2459/3475
f 3467/2445/3461 3468/2460/3476 3499/2461/3477 3498/2446/3462
f 3496/2462/3478 3465/2463/3479 3466/2444/3460 3497/2447/3463
f 3463/2464/3480 3464/2465/3481 3495/2466/3482 3494/2467/3483
f 3464/2465/3481 3465/2463/3479 3496/2462/3478 3495/2466/3482
f 3530/2468/3484 3486/2469/3470 3473/2470/3485 3529/2471/3486
f 3475/2472/3487 3533/2473/3488 3534/2474/3489 3476/2475/3490
f 3493/2476/3491 3462/2477/3492 3463/2464/3480 3494/2467/3483
f 3536/2478/3493 3537/2479/3494 3479/2480/3495 3478/2481/3496
f 3542/2482/3497 3543/2452/3468 3485/2455/3471 3484/2483/3498
f 3531/2484/3499 3532/2485/3500 3474/2486/3501 3473/2487/3485
f 3461/2488/3502 3492/2489/3503 3491/2450/3466 3460/2449/3465
f 3471/2490/3472 3516/2491/3504 3515/2492/3505 3458/2493/3506
f 3458/2493/3506 3515/2492/3505 3513/2494/3507 3459/2495/3464
f 3527/2496/3508 3529/2471/3486 3473/2470/3485 3474/2497/3501
f 3500/2498/3509 3469/2499/3510 3470/2459/3475 3501/2458/3474
f 3538/2500/3511 3539/2442/3458 3481/2441/3457 3480/2501/3512
f 3490/2502/3513 3458/2503/3506 3459/2448/3464 3489/2451/3467
f 3535/2504/3514 3536/2478/3493 3478/2481/3496 3477/2505/3515
f 3462/2477/3492 3493/2476/3491 3492/2489/3503 3461/2488/3502
f 3537/2479/3494 3538/2500/3511 3480/2501/3512 3479/2480/3495
f 3540/2443/3459 3541/2506/3516 3483/2507/3517 3482/2440/3456
f 3534/2474/3489 3535/2504/3514 3477/2505/3515 3476/2475/3490
f 3468/2508/3476 3469/2499/3510 3500/2498/3509 3499/2509/3477
f 3532/2485/3500 3533/2473/3488 3475/2472/3487 3474/2486/3501
f 3483/2510/3517 3541/2511/3516 3542/2482/3497 3484/2483/3498
f 3462/2512/3492 3503/2513/3518 3506/2514/3519 3463/2515/3480
f 3519/2516/3520 3527/2496/3508 3474/2497/3501 3475/2517/3487
f 3528/2518/3521 3485/2519/3471 3486/2469/3470 3530/2468/3484
f 3467/2520/3461 3510/2521/3522 3511/2522/3523 3468/2523/3476
f 3514/2524/3524 3516/2491/3504 3471/2490/3472 3470/2525/3475
f 3507/2526/3525 3508/2527/3526 3465/2528/3479 3464/2529/3481
f 3518/2530/3527 3517/2531/3528 3476/2532/3490 3477/2533/3515
f 3508/2527/3526 3509/2534/3529 3466/2535/3460 3465/2528/3479
f 3481/2536/3457 3523/2537/3530 3522/2538/3531 3480/2539/3512
f 3469/2540/3510 3512/2541/3532 3514/2524/3524 3470/2525/3475
f 3523/2537/3530 3481/2536/3457 3482/2542/3456 3524/2543/3533
f 3460/2544/3465 3505/2545/3534 3504/2546/3535 3461/2547/3502
f 3485/2519/3471 3528/2518/3521 3526/2548/3536 3484/2549/3498
f 3477/2533/3515 3478/2550/3496 3520/2551/3537 3518/2530/3527
f 3468/2523/3476 3511/2522/3523 3512/2541/3532 3469/2540/3510
f 3483/2552/3517 3484/2549/3498 3526/2548/3536 3525/2553/3538
f 3480/2539/3512 3522/2538/3531 3521/2554/3539 3479/2555/3495
f 3524/2543/3533 3482/2542/3456 3483/2552/3517 3525/2553/3538
f 3476/2532/3490 3517/2531/3528 3519/2516/3520 3475/2517/3487
f 3459/2495/3464 3513/2494/3507 3505/2545/3534 3460/2544/3465
f 3509/2534/3529 3510/2521/3522 3467/2520/3461 3466/2535/3460
f 3478/2550/3496 3479/2555/3495 3521/2554/3539 3520/2551/3537
f 3461/2547/3502 3504/2546/3535 3503/2513/3518 3462/2512/3492
f 3506/2514/3519 3507/2526/3525 3464/2529/3481 3463/2515/3480
f 3458/2503/3506 3490/2502/3513 3502/2457/3473 3471/2456/3472
f 3531/2484/3499 3473/2487/3485 3486/2454/3470 3544/2453/3469
f 3472/2556/3540 3490/2557/3541 3489/2558/3542
f 3472/2556/3540 3489/2558/3542 3491/2559/3543
f 3472/2556/3540 3491/2559/3543 3492/2560/3544
f 3472/2556/3540 3492/2560/3544 3493/2561/3545
f 3472/2556/3540 3493/2561/3545 3494/2562/3546
f 3472/2556/3540 3494/2562/3546 3495/2563/3547
f 3472/2556/3540 3495/2563/3547 3496/2564/3548
f 3472/2556/3540 3496/2564/3548 3497/2565/3549
f 3472/2556/3540 3497/2565/3549 3498/2566/3550
f 3472/2556/3540 3498/2566/3550 3499/2567/3551
f 3472/2556/3540 3499/2567/3551 3500/2568/3552
f 3472/2556/3540 3500/2568/3552 3501/2569/3553
f 3472/2556/3540 3501/2569/3553 3502/2570/3554
f 3472/2556/3540 3502/2570/3554 3490/2557/3541
f 3457/2571/3555 3503/2513/3518 3504/2546/3535
f 3457/2571/3555 3504/2546/3535 3505/2545/3534
f 3457/2571/3555 3506/2514/3519 3503/2513/3518
f 3457/2571/3555 3507/2526/3525 3506/2514/3519
f 3457/2571/3555 3508/2527/3526 3507/2526/3525
f 3457/2571/3555 3509/2534/3529 3508/2527/3526
f 3457/2571/3555 3510/2521/3522 3509/2534/3529
f 3457/2571/3555 3511/2522/3523 3510/2521/3522
f 3457/2571/3555 3512/2541/3532 3511/2522/3523
f 3457/2571/3555 3505/2545/3534 3513/2494/3507
f 3457/2571/3555 3514/2524/3524 3512/2541/3532
f 3457/2571/3555 3513/2494/3507 3515/2492/3505
f 3457/2571/3555 3516/2491/3504 3514/2524/3524
f 3457/2571/3555 3515/2492/3505 3516/2491/3504
f 3487/2572/3556 3517/2531/3528 3518/2530/3527
f 3487/2572/3556 3519/2516/3520 3517/2531/3528
f 3487/2572/3556 3518/2530/3527 3520/2551/3537
f 3487/2572/3556 3520/2551/3537 3521/2554/3539
f 3487/2572/3556 3521/2554/3539 3522/2538/3531
f 3487/2572/3556 3522/2538/3531 3523/2537/3530
f 3487/2572/3556 3523/2537/3530 3524/2543/3533
f 3487/2572/3556 3524/2543/3533 3525/2553/3538
f 3487/2572/3556 3525/2553/3538 3526/2548/3536
f 3487/2572/3556 3527/2496/3508 3519/2516/3520
f 3487/2572/3556 3526/2548/3536 3528/2518/3521
f 3487/2572/3556 3529/2471/3486 3527/2496/3508
f 3487/2572/3556 3530/2468/3484 3529/2471/3486
f 3487/2572/3556 3528/2518/3521 3530/2468/3484
f 3488/2573/3555 3532/2574/3555 3531/2575/3555
f 3488/2573/3555 3533/2576/3555 3532/2574/3555
f 3488/2573/3555 3534/2577/3555 3533/2576/3555
f 3488/2573/3555 3535/2578/3555 3534/2577/3555
f 3488/2573/3555 3536/2579/3555 3535/2578/3555
f 3488/2573/3555 3537/2580/3555 3536/2579/3555
f 3488/2573/3555 3538/2581/3555 3537/2580/3555
f 3488/2573/3555 3539/2582/3555 3538/2581/3555
f 3488/2573/3555 3540/2583/3555 3539/2582/3555
f 3488/2573/3555 3541/2584/3555 3540/2583/3555
f 3488/2573/3555 3542/2585/3555 3541/2584/3555
f 3488/2573/3555 3543/2586/3555 3542/2585/3555
f 3488/2573/3555 3544/2587/3555 3543/2586/3555
f 3488/2573/3555 3531/2575/3555 3544/2587/3555
f 3606/2588/737 3607/2589/737 3547/2590/737 3546/2591/737
f 3556/2592/3557 3561/2593/3558 3614/2594/3559 3613/2595/3557
f 3610/2596/3560 3636/2597/3560 3624/2598/3561 3550/2599/3562
f 3546/2591/737 3547/2590/737 3552/2600/737 3551/2601/737
f 3611/2602/3563 3623/2603/3564 3606/2604/3564 3546/2605/3563
f 3610/2606/737 3550/2607/737 3549/2608/737 3609/2609/737
f 3600/2610/3565 3634/2611/3566 3635/2612/3567 3605/2613/3568
f 3597/2614/737 3602/2615/737 3601/2616/737 3596/2617/737
f 3551/2618/3569 3556/2592/3557 3613/2595/3557 3612/2619/3570
f 3602/2615/737 3607/2589/737 3606/2588/737 3601/2616/737
f 3603/2620/3571 3604/2621/3572 3609/2622/3573 3608/2623/3574
f 3604/2624/737 3605/2625/737 3610/2606/737 3609/2609/737
f 3605/2613/3568 3635/2612/3567 3636/2597/3560 3610/2596/3560
f 3548/2626/3575 3549/2627/3576 3554/2628/3577 3553/2629/3578
f 3557/2630/737 3562/2631/737 3561/2632/737 3556/2633/737
f 3550/2607/737 3555/2634/737 3554/2635/737 3549/2608/737
f 3563/2636/3579 3568/2637/3580 3567/2638/3581 3562/2639/3582
f 3632/2640/3583 3633/2641/3584 3595/2642/3585 3590/2643/3586
f 3603/2620/3571 3598/2644/3587 3599/2645/3588 3604/2621/3572
f 3601/2646/3589 3606/2647/3564 3623/2648/3564 3622/2649/3589
f 3552/2600/737 3557/2630/737 3556/2633/737 3551/2601/737
f 3599/2650/737 3600/2651/737 3605/2625/737 3604/2624/737
f 3593/2652/3590 3598/2644/3591 3597/2653/3591 3592/2654/3590
f 3568/2637/3592 3563/2636/3593 3564/2655/3594 3569/2656/3595
f 3548/2626/3575 3608/2657/3574 3609/2658/3573 3549/2627/3576
f 3566/2659/737 3567/2660/737 3572/2661/737 3571/2662/737
f 3593/2652/3596 3588/2663/3597 3589/2664/3598 3594/2665/3599
f 3563/2636/3593 3558/2666/3600 3559/2667/3601 3564/2655/3594
f 3603/2620/3602 3608/2623/3603 3607/2668/3604 3602/2669/3605
f 3589/2670/737 3590/2671/737 3595/2672/737 3594/2673/737
f 3580/2674/3606 3630/2675/3607 3631/2676/3608 3585/2677/3608
f 3554/2635/737 3555/2634/737 3560/2678/737 3559/2679/737
f 3577/2680/3609 3578/2681/3610 3583/2682/3611 3582/2683/3612
f 3596/2684/3613 3601/2646/3589 3622/2649/3589 3621/2685/3614
f 3625/2686/3615 3626/2687/3616 3560/2688/3617 3555/2689/3618
f 3585/2690/737 3590/2671/737 3589/2670/737 3584/2691/737
f 3586/2692/737 3587/2693/737 3592/2694/737 3591/2695/737
f 3617/2696/3619 3576/2697/3619 3581/2698/3620 3618/2699/3620
f 3592/2694/737 3597/2614/737 3596/2617/737 3591/2695/737
f 3572/2661/737 3577/2700/737 3576/2701/737 3571/2662/737
f 3548/2626/3621 3553/2629/3622 3552/2702/3623 3547/2703/3624
f 3593/2652/3596 3594/2665/3599 3599/2645/3588 3598/2644/3587
f 3560/2678/737 3565/2704/737 3564/2705/737 3559/2679/737
f 3577/2700/737 3582/2706/737 3581/2707/737 3576/2701/737
f 3620/2708/3625 3591/2709/3625 3596/2684/3613 3621/2685/3614
f 3553/2629/3578 3554/2628/3577 3559/2667/3601 3558/2666/3600
f 3573/2710/3626 3574/2711/3627 3579/2712/3628 3578/2681/3628
f 3582/2706/737 3587/2693/737 3586/2692/737 3581/2707/737
f 3583/2682/3611 3588/2663/3629 3587/2713/3629 3582/2683/3612
f 3595/2672/737 3600/2651/737 3599/2650/737 3594/2673/737
f 3570/2714/737 3575/2715/737 3574/2716/737 3569/2717/737
f 3583/2682/3630 3578/2681/3628 3579/2712/3628 3584/2718/3630
f 3553/2629/3622 3558/2666/3631 3557/2719/3632 3552/2702/3623
f 3573/2710/3626 3568/2637/3592 3569/2656/3595 3574/2711/3627
f 3561/2593/3558 3566/2720/3633 3615/2721/3633 3614/2594/3559
f 3628/2722/3634 3629/2723/3635 3575/2724/3636 3570/2725/3637
f 3557/2719/3632 3558/2666/3631 3563/2636/3579 3562/2639/3582
f 3631/2676/3608 3632/2640/3583 3590/2643/3586 3585/2677/3608
f 3579/2726/737 3580/2727/737 3585/2690/737 3584/2691/737
f 3627/2728/3638 3628/2722/3634 3570/2725/3637 3565/2729/3639
f 3597/2653/3591 3598/2644/3591 3603/2620/3602 3602/2669/3605
f 3615/2721/3633 3566/2720/3633 3571/2730/3640 3616/2731/3641
f 3574/2716/737 3575/2715/737 3580/2727/737 3579/2726/737
f 3562/2631/737 3567/2660/737 3566/2659/737 3561/2632/737
f 3573/2710/3642 3578/2681/3610 3577/2680/3609 3572/2732/3643
f 3629/2723/3635 3630/2675/3607 3580/2674/3606 3575/2724/3636
f 3560/2688/3617 3626/2687/3616 3627/2728/3638 3565/2729/3639
f 3618/2699/3620 3581/2698/3620 3586/2733/3644 3619/2734/3644
f 3568/2637/3580 3573/2710/3642 3572/2732/3643 3567/2638/3581
f 3588/2663/3629 3593/2652/3590 3592/2654/3590 3587/2713/3629
f 3616/2731/3641 3571/2730/3640 3576/2697/3619 3617/2696/3619
f 3595/2642/3585 3633/2641/3584 3634/2611/3566 3600/2610/3565
f 3586/2733/3644 3591/2709/3625 3620/2708/3625 3619/2734/3644
f 3588/2663/3597 3583/2682/3630 3584/2718/3630 3589/2664/3598
f 3564/2705/737 3565/2704/737 3570/2714/737 3569/2717/737
f 3624/2598/3561 3625/2686/3615 3555/2689/3618 3550/2599/3562
f 3548/2626/3621 3547/2703/3624 3607/2735/3604 3608/2657/3603
f 3545/2736/707 3625/2737/707 3624/2738/707
f 3545/2736/707 3627/2739/707 3626/2740/707
f 3625/2737/707 3545/2736/707 3626/2740/707
f 3545/2736/707 3628/2741/707 3627/2739/707
f 3545/2736/707 3629/2742/707 3628/2741/707
f 3545/2736/707 3630/2743/707 3629/2742/707
f 3545/2736/707 3631/2744/707 3630/2743/707
f 3545/2736/707 3632/2745/707 3631/2744/707
f 3545/2736/707 3633/2746/707 3632/2745/707
f 3545/2736/707 3634/2747/707 3633/2746/707
f 3545/2736/707 3635/2748/707 3634/2747/707
f 3545/2736/707 3636/2749/707 3635/2748/707
f 3636/2749/707 3545/2736/707 3624/2738/707
f 3546/2605/3563 3551/2618/3569 3612/2619/3570 3611/2602/3563
f 3637/2750/3645 3638/2751/3646 3639/2752/3647 3640/2753/3648
f 3637/2750/3645 3641/2754/3649 3642/2755/3650 3638/2751/3646
f 3637/2750/3645 3640/2753/3648 3643/2756/3651 3641/2754/3649
f 3645/2757/3652 3648/2758/3653 3646/2759/3654 3644/2760/3655
f 3644/2760/3655 3646/2759/3654 3647/2761/3656
f 3652/2762/3657 3653/2763/3658 3654/2764/3659 3651/2765/3660
f 3785/2766/3661 3717/2767/3662 3718/2768/3663 3784/2769/3664
f 3786/2770/3665 3652/2762/3657 3651/2765/3660 3783/2771/3666
f 3651/2765/3660 3654/2764/3659 3648/2758/3653 3645/2757/3652
f 3787/2772/3667 3735/2773/3668 3736/2774/3669 3788/2775/3670
f 3654/2764/3659 3653/2763/3658 3655/2776/3671 3656/2777/3672
f 3654/2764/3659 3656/2777/3672 3657/2778/3673 3648/2758/3653
f 3657/2778/3673 3656/2777/3672 3658/2779/3674 3659/2780/3675
f 3657/2778/3673 3659/2780/3675 3660/2781/3676 3661/2782/3677
f 3657/2778/3673 3661/2782/3677 3646/2759/3654 3648/2758/3653
f 3661/2782/3677 3660/2781/3676 3662/2783/3678 3663/2784/3679
f 3661/2782/3677 3663/2784/3679 3647/2761/3656 3646/2759/3654
f 3789/2785/3656 3647/2761/3656 3663/2784/3679 3788/2786/3670
f 3789/2785/3656 3785/2787/3661 3644/2760/3655 3647/2761/3656
f 3791/2788/3680 3790/2789/3681 3737/2790/3682 3738/2791/3683
f 3680/2792/3684 3679/2793/3685 3653/2763/3658 3652/2762/3657
f 3666/2794/3686 3668/2795/3687 3664/2796/3688 3665/2797/3689
f 3666/2794/3686 3669/2798/3690 3667/2799/3691 3668/2795/3687
f 3792/2800/3692 3754/2801/3693 3755/2802/3694 3793/2803/3695
f 3665/2797/3689 3662/2783/3678 3660/2781/3676 3666/2794/3686
f 3670/2804/3696 3672/2805/3697 3667/2799/3691 3669/2798/3690
f 3670/2804/3696 3673/2806/3698 3671/2807/3699 3672/2805/3697
f 3669/2798/3690 3666/2794/3686 3660/2781/3676 3659/2780/3675
f 3669/2798/3690 3659/2780/3675 3658/2779/3674 3670/2804/3696
f 3690/2808/3700 3671/2807/3699 3673/2806/3698 3674/2809/3701
f 3790/2810/3681 3664/2796/3688 3696/2811/3702 3798/2812/3703
f 3673/2806/3698 3670/2804/3696 3658/2779/3674 3675/2813/3704
f 3673/2806/3698 3675/2813/3704 3676/2814/3705 3674/2809/3701
f 3676/2814/3705 3643/2756/3651 3677/2815/3706 3674/2809/3701
f 3676/2814/3705 3675/2813/3704 3655/2776/3671 3678/2816/3707
f 3676/2814/3705 3678/2816/3707 3641/2754/3649 3643/2756/3651
f 3678/2816/3707 3655/2776/3671 3653/2763/3658 3679/2793/3685
f 3678/2816/3707 3679/2793/3685 3642/2755/3650 3641/2754/3649
f 3679/2793/3685 3680/2792/3684 3681/2817/3708 3642/2755/3650
f 3642/2755/3650 3681/2817/3708 3682/2818/3709 3638/2751/3646
f 3683/2819/3710 3639/2752/3647 3638/2751/3646 3682/2818/3709
f 3708/2820/3711 3686/2821/3712 3684/2822/3713 3685/2823/3714
f 3794/2824/3715 3683/2819/3710 3682/2818/3709 3793/2825/3695
f 3794/2824/3715 3795/2826/3716 3684/2822/3713 3683/2819/3710
f 3796/2827/3717 3792/2828/3692 3681/2817/3708 3680/2792/3684
f 3786/2829/3665 3725/2830/3718 3753/2831/3719 3796/2832/3717
f 3795/2833/3716 3757/2834/3720 3758/2835/3721 3797/2836/3722
f 3683/2819/3710 3684/2822/3713 3686/2821/3712 3639/2752/3647
f 3708/2820/3711 3688/2837/3723 3687/2838/3724 3686/2821/3712
f 3685/2823/3714 3650/2839/3725 3707/2840/3726 3708/2820/3711
f 3687/2838/3724 3688/2837/3723 3689/2841/3727 3677/2815/3706
f 3686/2821/3712 3687/2838/3724 3640/2753/3648 3639/2752/3647
f 3674/2809/3701 3677/2815/3706 3689/2841/3727 3690/2808/3700
f 3687/2838/3724 3677/2815/3706 3643/2756/3651 3640/2753/3648
f 3704/2842/3728 3691/2843/3729 3690/2808/3700 3689/2841/3727
f 3690/2808/3700 3691/2843/3729 3692/2844/3730 3671/2807/3699
f 3693/2845/3731 3672/2805/3697 3671/2807/3699 3692/2844/3730
f 3694/2846/3732 3667/2799/3691 3672/2805/3697 3693/2845/3731
f 3695/2847/3733 3668/2795/3687 3667/2799/3691 3694/2846/3732
f 3696/2811/3702 3664/2796/3688 3668/2795/3687 3695/2847/3733
f 3797/2836/3722 3758/2835/3721 3723/2848/3734 3800/2849/3735
f 3689/2841/3727 3688/2837/3723 3705/2850/3736 3704/2842/3728
f 3698/2851/3087 3697/2852/3737 3696/2811/3738 3695/2847/3739
f 3698/2851/3087 3695/2847/3739 3694/2846/3089 3699/2853/3740
f 3700/2854/3741 3699/2853/3740 3694/2846/3089 3693/2845/3445
f 3700/2854/3741 3693/2845/3445 3692/2844/3742 3701/2855/3743
f 3702/2856/3744 3701/2855/3743 3692/2844/3742 3691/2843/3745
f 3702/2856/3744 3691/2843/3745 3704/2842/3746 3703/2857/3746
f 3704/2842/3746 3705/2850/3747 3706/2858/3748 3703/2857/3746
f 3705/2850/3736 3688/2837/3723 3708/2820/3711 3707/2840/3726
f 3649/2859/3749 3709/2860/3750 3707/2840/3750 3650/2839/3749
f 3798/2812/3751 3696/2811/3738 3697/2852/3737 3799/2861/3751
f 3709/2860/3750 3706/2858/3748 3705/2850/3747 3707/2840/3750
f 3787/2862/3667 3662/2783/3678 3665/2797/3689 3791/2863/3680
f 3675/2813/3704 3658/2779/3674 3656/2777/3672 3655/2776/3671
f 3800/2849/3752 3723/2848/3753 3722/2864/3754 3801/2865/3752
f 3713/2866/3755 3712/2867/3756 3711/2868/3757 3710/2869/3758
f 3711/2868/3757 3715/2870/3759 3714/2871/3760 3710/2869/3758
f 3714/2871/3760 3716/2872/3761 3713/2866/3755 3710/2869/3758
f 3719/2873/3762 3721/2874/3763 3718/2768/3663 3717/2767/3662
f 3717/2767/3662 3720/2875/3656 3719/2873/3762
f 3727/2876/3764 3726/2877/3765 3725/2830/3718 3724/2878/3766
f 3718/2768/3663 3721/2874/3763 3727/2876/3764 3724/2878/3766
f 3729/2879/3767 3728/2880/3768 3726/2877/3765 3727/2876/3764
f 3721/2874/3763 3730/2881/3769 3729/2879/3767 3727/2876/3764
f 3732/2882/3770 3731/2883/3771 3729/2879/3767 3730/2881/3769
f 3734/2884/3772 3733/2885/3773 3732/2882/3770 3730/2881/3769
f 3721/2874/3763 3719/2873/3762 3734/2884/3772 3730/2881/3769
f 3736/2774/3669 3735/2773/3668 3733/2885/3773 3734/2884/3772
f 3719/2873/3762 3720/2875/3656 3736/2774/3669 3734/2884/3772
f 3725/2830/3718 3726/2877/3765 3752/2886/3774 3753/2831/3719
f 3737/2790/3682 3741/2887/3775 3739/2888/3776 3738/2791/3683
f 3740/2889/3777 3742/2890/3778 3739/2888/3776 3741/2887/3775
f 3739/2888/3776 3733/2885/3773 3735/2773/3668 3738/2791/3683
f 3740/2889/3777 3745/2891/3779 3743/2892/3780 3742/2890/3778
f 3744/2893/3781 3746/2894/3782 3743/2892/3780 3745/2891/3779
f 3732/2882/3770 3733/2885/3773 3739/2888/3776 3742/2890/3778
f 3743/2892/3780 3731/2883/3771 3732/2882/3770 3742/2890/3778
f 3744/2893/3781 3763/2895/3783 3747/2896/3784 3746/2894/3782
f 3748/2897/3785 3731/2883/3771 3743/2892/3780 3746/2894/3782
f 3747/2896/3784 3749/2898/3786 3748/2897/3785 3746/2894/3782
f 3747/2896/3784 3750/2899/3787 3716/2872/3761 3749/2898/3786
f 3751/2900/3788 3728/2880/3768 3748/2897/3785 3749/2898/3786
f 3716/2872/3761 3714/2871/3760 3751/2900/3788 3749/2898/3786
f 3752/2886/3774 3726/2877/3765 3728/2880/3768 3751/2900/3788
f 3714/2871/3760 3715/2870/3759 3752/2886/3774 3751/2900/3788
f 3754/2801/3693 3753/2831/3719 3752/2886/3774 3715/2870/3759
f 3711/2868/3757 3755/2802/3694 3754/2801/3693 3715/2870/3759
f 3711/2868/3757 3712/2867/3756 3756/2901/3789 3755/2802/3694
f 3757/2834/3720 3759/2902/3790 3781/2903/3791 3758/2835/3721
f 3757/2834/3720 3756/2901/3789 3712/2867/3756 3759/2902/3790
f 3760/2904/3792 3761/2905/3793 3781/2903/3791 3759/2902/3790
f 3723/2848/3734 3758/2835/3721 3781/2903/3791 3780/2906/3794
f 3762/2907/3795 3761/2905/3793 3760/2904/3792 3750/2899/3787
f 3712/2867/3756 3713/2866/3755 3760/2904/3792 3759/2902/3790
f 3750/2899/3787 3747/2896/3784 3763/2895/3783 3762/2907/3795
f 3713/2866/3755 3716/2872/3761 3750/2899/3787 3760/2904/3792
f 3763/2895/3783 3764/2908/3796 3777/2909/3797 3762/2907/3795
f 3765/2910/3798 3764/2908/3796 3763/2895/3783 3744/2893/3781
f 3744/2893/3781 3745/2891/3779 3766/2911/3799 3765/2910/3798
f 3745/2891/3779 3740/2889/3777 3767/2912/3800 3766/2911/3799
f 3740/2889/3777 3741/2887/3775 3768/2913/3801 3767/2912/3800
f 3741/2887/3775 3737/2790/3682 3769/2914/3802 3768/2913/3801
f 3761/2905/3793 3762/2907/3795 3777/2909/3797 3778/2915/3803
f 3768/2913/3804 3769/2914/3805 3770/2916/3806 3771/2917/3807
f 3772/2918/3808 3767/2912/3809 3768/2913/3804 3771/2917/3807
f 3766/2911/2653 3767/2912/3809 3772/2918/3808 3773/2919/2652
f 3774/2920/3810 3765/2910/3811 3766/2911/2653 3773/2919/2652
f 3764/2908/3812 3765/2910/3811 3774/2920/3810 3775/2921/3813
f 3776/2922/3814 3777/2909/3814 3764/2908/3812 3775/2921/3813
f 3776/2922/3814 3779/2923/3815 3778/2915/3816 3777/2909/3814
f 3780/2906/3794 3781/2903/3791 3761/2905/3793 3778/2915/3803
f 3780/2906/3817 3782/2924/3818 3722/2864/3754 3723/2848/3753
f 3780/2906/3817 3778/2915/3816 3779/2923/3815 3782/2924/3818
f 3728/2880/3768 3729/2879/3767 3731/2883/3771 3748/2897/3785
f 3784/2925/3664 3783/2771/3666 3651/2765/3660 3645/2757/3652
f 3718/2768/3663 3724/2878/3766 3783/2926/3666 3784/2769/3664
f 3650/2839/3749 3800/2927/3752 3801/2928/3752 3649/2859/3749
f 3735/2773/3668 3787/2772/3667 3791/2788/3680 3738/2791/3683
f 3769/2914/3805 3798/2929/3751 3799/2930/3751 3770/2916/3806
f 3685/2823/3714 3797/2931/3722 3800/2927/3735 3650/2839/3725
f 3684/2822/3713 3795/2826/3716 3797/2931/3722 3685/2823/3714
f 3652/2762/3657 3786/2770/3665 3796/2827/3717 3680/2792/3684
f 3753/2831/3719 3754/2801/3693 3792/2800/3692 3796/2832/3717
f 3756/2901/3789 3757/2834/3720 3795/2833/3716 3794/2932/3715
f 3756/2901/3789 3794/2932/3715 3793/2803/3695 3755/2802/3694
f 3737/2790/3682 3790/2789/3681 3798/2929/3703 3769/2914/3802
f 3681/2817/3708 3792/2828/3692 3793/2825/3695 3682/2818/3709
f 3665/2797/3689 3664/2796/3688 3790/2810/3681 3791/2863/3680
f 3720/2875/3656 3717/2767/3662 3785/2766/3661 3789/2933/3656
f 3720/2875/3656 3789/2933/3656 3788/2775/3670 3736/2774/3669
f 3662/2783/3678 3787/2862/3667 3788/2786/3670 3663/2784/3679
f 3725/2830/3718 3786/2829/3665 3783/2926/3666 3724/2878/3766
f 3644/2760/3655 3785/2787/3661 3784/2925/3664 3645/2757/3652
f 3827/2440/3819 3826/2441/3820 3884/2442/3821 3885/2443/3822
f 3811/2444/3823 3812/2445/3824 3843/2446/3825 3842/2447/3826
f 3804/2448/3827 3805/2449/3828 3836/2450/3829 3834/2451/3830
f 3888/2452/3831 3889/2453/3832 3831/2454/3833 3830/2455/3834
f 3816/2456/3835 3847/2457/3836 3846/2458/3837 3815/2459/3838
f 3812/2445/3824 3813/2460/3839 3844/2461/3840 3843/2446/3825
f 3841/2462/3841 3810/2463/3842 3811/2444/3823 3842/2447/3826
f 3808/2464/3843 3809/2465/3844 3840/2466/3845 3839/2467/3846
f 3809/2465/3844 3810/2463/3842 3841/2462/3841 3840/2466/3845
f 3875/2468/3847 3831/2469/3833 3818/2470/3848 3874/2471/3849
f 3820/2472/3850 3878/2473/3851 3879/2474/3852 3821/2475/3853
f 3838/2476/3854 3807/2477/3855 3808/2464/3843 3839/2467/3846
f 3881/2478/3856 3882/2479/3857 3824/2480/3858 3823/2481/3859
f 3887/2482/3860 3888/2452/3831 3830/2455/3834 3829/2483/3861
f 3876/2484/3862 3877/2485/3863 3819/2486/3864 3818/2487/3848
f 3806/2488/3865 3837/2489/3866 3836/2450/3829 3805/2449/3828
f 3816/2490/3835 3861/2491/3867 3860/2492/3868 3803/2493/3869
f 3803/2493/3869 3860/2492/3868 3858/2494/3870 3804/2495/3827
f 3872/2496/3871 3874/2471/3849 3818/2470/3848 3819/2497/3864
f 3845/2498/3872 3814/2499/3873 3815/2459/3838 3846/2458/3837
f 3883/2500/3874 3884/2442/3821 3826/2441/3820 3825/2501/3875
f 3835/2502/3876 3803/2503/3869 3804/2448/3827 3834/2451/3830
f 3880/2504/3877 3881/2478/3856 3823/2481/3859 3822/2505/3878
f 3807/2477/3855 3838/2476/3854 3837/2489/3866 3806/2488/3865
f 3882/2479/3857 3883/2500/3874 3825/2501/3875 3824/2480/3858
f 3885/2443/3822 3886/2506/3879 3828/2507/3880 3827/2440/3819
f 3879/2474/3852 3880/2504/3877 3822/2505/3878 3821/2475/3853
f 3813/2508/3839 3814/2499/3873 3845/2498/3872 3844/2509/3840
f 3877/2485/3863 3878/2473/3851 3820/2472/3850 3819/2486/3864
f 3828/2510/3880 3886/2511/3879 3887/2482/3860 3829/2483/3861
f 3807/2512/3855 3848/2513/3881 3851/2514/3882 3808/2515/3843
f 3864/2516/3883 3872/2496/3871 3819/2497/3864 3820/2517/3850
f 3873/2518/3884 3830/2519/3834 3831/2469/3833 3875/2468/3847
f 3812/2520/3824 3855/2521/3885 3856/2522/3886 3813/2523/3839
f 3859/2524/3887 3861/2491/3867 3816/2490/3835 3815/2525/3838
f 3852/2526/3888 3853/2527/3889 3810/2528/3842 3809/2529/3844
f 3863/2530/3890 3862/2531/3891 3821/2532/3853 3822/2533/3878
f 3853/2527/3889 3854/2534/3892 3811/2535/3823 3810/2528/3842
f 3826/2536/3820 3868/2537/3893 3867/2538/3894 3825/2539/3875
f 3814/2540/3873 3857/2541/3895 3859/2524/3887 3815/2525/3838
f 3868/2537/3893 3826/2536/3820 3827/2542/3819 3869/2543/3896
f 3805/2544/3828 3850/2545/3897 3849/2546/3898 3806/2547/3865
f 3830/2519/3834 3873/2518/3884 3871/2548/3899 3829/2549/3861
f 3822/2533/3878 3823/2550/3859 3865/2551/3900 3863/2530/3890
f 3813/2523/3839 3856/2522/3886 3857/2541/3895 3814/2540/3873
f 3828/2552/3880 3829/2549/3861 3871/2548/3899 3870/2553/3901
f 3825/2539/3875 3867/2538/3894 3866/2554/3902 3824/2555/3858
f 3869/2543/3896 3827/2542/3819 3828/2552/3880 3870/2553/3901
f 3821/2532/3853 3862/2531/3891 3864/2516/3883 3820/2517/3850
f 3804/2495/3827 3858/2494/3870 3850/2545/3897 3805/2544/3828
f 3854/2534/3892 3855/2521/3885 3812/2520/3824 3811/2535/3823
f 3823/2550/3859 3824/2555/3858 3866/2554/3902 3865/2551/3900
f 3806/2547/3865 3849/2546/3898 3848/2513/3881 3807/2512/3855
f 3851/2514/3882 3852/2526/3888 3809/2529/3844 3808/2515/3843
f 3803/2503/3869 3835/2502/3876 3847/2457/3836 3816/2456/3835
f 3876/2484/3862 3818/2487/3848 3831/2454/3833 3889/2453/3832
f 3817/2556/3903 3835/2557/3904 3834/2558/3905
f 3817/2556/3903 3834/2558/3905 3836/2559/3906
f 3817/2556/3903 3836/2559/3906 3837/2560/3907
f 3817/2556/3903 3837/2560/3907 3838/2561/3908
f 3817/2556/3903 3838/2561/3908 3839/2562/3909
f 3817/2556/3903 3839/2562/3909 3840/2563/3910
f 3817/2556/3903 3840/2563/3910 3841/2564/3911
f 3817/2556/3903 3841/2564/3911 3842/2565/3912
f 3817/2556/3903 3842/2565/3912 3843/2566/3913
f 3817/2556/3903 3843/2566/3913 3844/2567/3914
f 3817/2556/3903 3844/2567/3914 3845/2568/3915
f 3817/2556/3903 3845/2568/3915 3846/2569/3916
f 3817/2556/3903 3846/2569/3916 3847/2570/3917
f 3817/2556/3903 3847/2570/3917 3835/2557/3904
f 3802/2571/3918 3848/2513/3881 3849/2546/3898
f 3802/2571/3918 3849/2546/3898 3850/2545/3897
f 3802/2571/3918 3851/2514/3882 3848/2513/3881
f 3802/2571/3918 3852/2526/3888 3851/2514/3882
f 3802/2571/3918 3853/2527/3889 3852/2526/3888
f 3802/2571/3918 3854/2534/3892 3853/2527/3889
f 3802/2571/3918 3855/2521/3885 3854/2534/3892
f 3802/2571/3918 3856/2522/3886 3855/2521/3885
f 3802/2571/3918 3857/2541/3895 3856/2522/3886
f 3802/2571/3918 3850/2545/3897 3858/2494/3870
f 3802/2571/3918 3859/2524/3887 3857/2541/3895
f 3802/2571/3918 3858/2494/3870 3860/2492/3868
f 3802/2571/3918 3861/2491/3867 3859/2524/3887
f 3802/2571/3918 3860/2492/3868 3861/2491/3867
f 3832/2572/3919 3862/2531/3891 3863/2530/3890
f 3832/2572/3919 3864/2516/3883 3862/2531/3891
f 3832/2572/3919 3863/2530/3890 3865/2551/3900
f 3832/2572/3919 3865/2551/3900 3866/2554/3902
f 3832/2572/3919 3866/2554/3902 3867/2538/3894
f 3832/2572/3919 3867/2538/3894 3868/2537/3893
f 3832/2572/3919 3868/2537/3893 3869/2543/3896
f 3832/2572/3919 3869/2543/3896 3870/2553/3901
f 3832/2572/3919 3870/2553/3901 3871/2548/3899
f 3832/2572/3919 3872/2496/3871 3864/2516/3883
f 3832/2572/3919 3871/2548/3899 3873/2518/3884
f 3832/2572/3919 3874/2471/3849 3872/2496/3871
f 3832/2572/3919 3875/2468/3847 3874/2471/3849
f 3832/2572/3919 3873/2518/3884 3875/2468/3847
f 3833/2573/3918 3877/2574/3918 3876/2575/3918
f 3833/2573/3918 3878/2576/3918 3877/2574/3918
f 3833/2573/3918 3879/2577/3918 3878/2576/3918
f 3833/2573/3918 3880/2578/3918 3879/2577/3918
f 3833/2573/3918 3881/2579/3918 3880/2578/3918
f 3833/2573/3918 3882/2580/3918 3881/2579/3918
f 3833/2573/3918 3883/2581/3918 3882/2580/3918
f 3833/2573/3918 3884/2582/3918 3883/2581/3918
f 3833/2573/3918 3885/2583/3918 3884/2582/3918
f 3833/2573/3918 3886/2584/3918 3885/2583/3918
f 3833/2573/3918 3887/2585/3918 3886/2584/3918
f 3833/2573/3918 3888/2586/3918 3887/2585/3918
f 3833/2573/3918 3889/2587/3918 3888/2586/3918
f 3833/2573/3918 3876/2575/3918 3889/2587/3918
f 3951/2588/737 3952/2589/737 3892/2590/737 3891/2591/737
f 3901/2592/3920 3906/2593/3921 3959/2594/3921 3958/2595/3920
f 3955/2596/3922 3981/2597/3923 3969/2598/3924 3895/2599/3925
f 3891/2591/737 3892/2590/737 3897/2600/737 3896/2601/737
f 3956/2602/3926 3968/2603/3927 3951/2604/3927 3891/2605/3926
f 3955/2606/737 3895/2607/737 3894/2608/737 3954/2609/737
f 3945/2610/3928 3979/2611/3929 3980/2612/3930 3950/2613/3931
f 3942/2614/737 3947/2615/737 3946/2616/737 3941/2617/737
f 3896/2618/3932 3901/2592/3920 3958/2595/3920 3957/2619/3932
f 3947/2615/737 3952/2589/737 3951/2588/737 3946/2616/737
f 3948/2620/3933 3949/2621/3934 3954/2622/3935 3953/2623/3936
f 3949/2624/737 3950/2625/737 3955/2606/737 3954/2609/737
f 3950/2613/3931 3980/2612/3930 3981/2597/3923 3955/2596/3922
f 3893/2626/3937 3894/2627/3937 3899/2628/3938 3898/2629/3939
f 3902/2630/737 3907/2631/737 3906/2632/737 3901/2633/737
f 3895/2607/737 3900/2634/737 3899/2635/737 3894/2608/737
f 3908/2636/3940 3913/2637/3941 3912/2638/3942 3907/2639/3943
f 3977/2640/3944 3978/2641/3945 3940/2642/3946 3935/2643/3947
f 3948/2620/3933 3943/2644/3948 3944/2645/3949 3949/2621/3934
f 3946/2646/3950 3951/2647/3927 3968/2648/3927 3967/2649/3950
f 3897/2600/737 3902/2630/737 3901/2633/737 3896/2601/737
f 3944/2650/737 3945/2651/737 3950/2625/737 3949/2624/737
f 3938/2652/3951 3943/2644/3952 3942/2653/3953 3937/2654/3951
f 3913/2637/3954 3908/2636/3955 3909/2655/3956 3914/2656/3954
f 3893/2626/3937 3953/2657/3936 3954/2658/3935 3894/2627/3937
f 3911/2659/737 3912/2660/737 3917/2661/737 3916/2662/737
f 3938/2652/3957 3933/2663/3958 3934/2664/3959 3939/2665/3960
f 3908/2636/3955 3903/2666/3961 3904/2667/3962 3909/2655/3956
f 3948/2620/3963 3953/2623/3964 3952/2668/3965 3947/2669/3963
f 3934/2670/737 3935/2671/737 3940/2672/737 3939/2673/737
f 3925/2674/3966 3975/2675/3967 3976/2676/3968 3930/2677/3969
f 3899/2635/737 3900/2634/737 3905/2678/737 3904/2679/737
f 3922/2680/3970 3923/2681/3971 3928/2682/3972 3927/2683/3972
f 3941/2684/3973 3946/2646/3950 3967/2649/3950 3966/2685/3974
f 3970/2686/3975 3971/2687/3976 3905/2688/3977 3900/2689/3978
f 3930/2690/737 3935/2671/737 3934/2670/737 3929/2691/737
f 3931/2692/737 3932/2693/737 3937/2694/737 3936/2695/737
f 3962/2696/3979 3921/2697/3979 3926/2698/3980 3963/2699/3980
f 3937/2694/737 3942/2614/737 3941/2617/737 3936/2695/737
f 3917/2661/737 3922/2700/737 3921/2701/737 3916/2662/737
f 3893/2626/3981 3898/2629/3982 3897/2702/3983 3892/2703/3984
f 3938/2652/3957 3939/2665/3960 3944/2645/3949 3943/2644/3948
f 3905/2678/737 3910/2704/737 3909/2705/737 3904/2679/737
f 3922/2700/737 3927/2706/737 3926/2707/737 3921/2701/737
f 3965/2708/3985 3936/2709/3986 3941/2684/3973 3966/2685/3974
f 3898/2629/3939 3899/2628/3938 3904/2667/3962 3903/2666/3961
f 3918/2710/3987 3919/2711/3987 3924/2712/3988 3923/2681/3989
f 3927/2706/737 3932/2693/737 3931/2692/737 3926/2707/737
f 3928/2682/3972 3933/2663/3990 3932/2713/3990 3927/2683/3972
f 3940/2672/737 3945/2651/737 3944/2650/737 3939/2673/737
f 3915/2714/737 3920/2715/737 3919/2716/737 3914/2717/737
f 3928/2682/3991 3923/2681/3989 3924/2712/3988 3929/2718/3992
f 3898/2629/3982 3903/2666/3993 3902/2719/3994 3897/2702/3983
f 3918/2710/3987 3913/2637/3954 3914/2656/3954 3919/2711/3987
f 3906/2593/3921 3911/2720/3995 3960/2721/3996 3959/2594/3921
f 3973/2722/3997 3974/2723/3998 3920/2724/3999 3915/2725/4000
f 3902/2719/3994 3903/2666/3993 3908/2636/3940 3907/2639/3943
f 3976/2676/3968 3977/2640/3944 3935/2643/3947 3930/2677/3969
f 3924/2726/737 3925/2727/737 3930/2690/737 3929/2691/737
f 3972/2728/4001 3973/2722/3997 3915/2725/4000 3910/2729/4002
f 3942/2653/3953 3943/2644/3952 3948/2620/3963 3947/2669/3963
f 3960/2721/3996 3911/2720/3995 3916/2730/4003 3961/2731/4003
f 3919/2716/737 3920/2715/737 3925/2727/737 3924/2726/737
f 3907/2631/737 3912/2660/737 3911/2659/737 3906/2632/737
f 3918/2710/4004 3923/2681/3971 3922/2680/3970 3917/2732/4005
f 3974/2723/3998 3975/2675/3967 3925/2674/3966 3920/2724/3999
f 3905/2688/3977 3971/2687/3976 3972/2728/4001 3910/2729/4002
f 3963/2699/3980 3926/2698/3980 3931/2733/4006 3964/2734/4007
f 3913/2637/3941 3918/2710/4004 3917/2732/4005 3912/2638/3942
f 3933/2663/3990 3938/2652/3951 3937/2654/3951 3932/2713/3990
f 3961/2731/4003 3916/2730/4003 3921/2697/3979 3962/2696/3979
f 3940/2642/3946 3978/2641/3945 3979/2611/3929 3945/2610/3928
f 3931/2733/4006 3936/2709/3986 3965/2708/3985 3964/2734/4007
f 3933/2663/3958 3928/2682/3991 3929/2718/3992 3934/2664/3959
f 3909/2705/737 3910/2704/737 3915/2714/737 3914/2717/737
f 3969/2598/3924 3970/2686/3975 3900/2689/3978 3895/2599/3925
f 3893/2626/3981 3892/2703/3984 3952/2735/3965 3953/2657/3964
f 3890/2736/707 3970/2737/707 3969/2738/707
f 3890/2736/707 3972/2739/707 3971/2740/707
f 3970/2737/707 3890/2736/707 3971/2740/707
f 3890/2736/707 3973/2741/707 3972/2739/707
f 3890/2736/707 3974/2742/707 3973/2741/707
f 3890/2736/707 3975/2743/707 3974/2742/707
f 3890/2736/707 3976/2744/707 3975/2743/707
f 3890/2736/707 3977/2745/707 3976/2744/707
f 3890/2736/707 3978/2746/707 3977/2745/707
f 3890/2736/707 3979/2747/707 3978/2746/707
f 3890/2736/707 3980/2748/707 3979/2747/707
f 3890/2736/707 3981/2749/707 3980/2748/707
f 3981/2749/707 3890/2736/707 3969/2738/707
f 3891/2605/3926 3896/2618/3932 3957/2619/3932 3956/2602/3926
f 3982/2750/4008 3983/2751/4009 3984/2752/4010 3985/2753/4011
f 3982/2750/4008 3986/2754/4012 3987/2755/4013 3983/2751/4009
f 3982/2750/4008 3985/2753/4011 3988/2756/4014 3986/2754/4012
f 3990/2757/4015 3993/2758/4016 3991/2759/4017 3989/2760/4018
f 3989/2760/4018 3991/2759/4017 3992/2761/4019
f 3997/2762/4020 3998/2763/4021 3999/2764/4022 3996/2765/4023
f 4130/2766/4024 4062/2767/4025 4063/2768/4026 4129/2769/4027
f 4131/2770/4028 3997/2762/4020 3996/2765/4023 4128/2771/4029
f 3996/2765/4023 3999/2764/4022 3993/2758/4016 3990/2757/4015
f 4132/2772/4030 4080/2773/4031 4081/2774/4032 4133/2775/4033
f 3999/2764/4022 3998/2763/4021 4000/2776/4034 4001/2777/4035
f 3999/2764/4022 4001/2777/4035 4002/2778/4036 3993/2758/4016
f 4002/2778/4036 4001/2777/4035 4003/2779/4037 4004/2780/4038
f 4002/2778/4036 4004/2780/4038 4005/2781/4039 4006/2782/4040
f 4002/2778/4036 4006/2782/4040 3991/2759/4017 3993/2758/4016
f 4006/2782/4040 4005/2781/4039 4007/2783/4041 4008/2784/4042
f 4006/2782/4040 4008/2784/4042 3992/2761/4019 3991/2759/4017
f 4134/2785/4019 3992/2761/4019 4008/2784/4042 4133/2786/4033
f 4134/2785/4019 4130/2787/4024 3989/2760/4018 3992/2761/4019
f 4136/2788/4043 4135/2789/4044 4082/2790/4045 4083/2791/4046
f 4025/2792/4047 4024/2793/4048 3998/2763/4021 3997/2762/4020
f 4011/2794/4049 4013/2795/4050 4009/2796/4051 4010/2797/4052
f 4011/2794/4049 4014/2798/4053 4012/2799/4054 4013/2795/4050
f 4137/2800/4055 4099/2801/4056 4100/2802/4057 4138/2803/4058
f 4010/2797/4052 4007/2783/4041 4005/2781/4039 4011/2794/4049
f 4015/2804/4059 4017/2805/4060 4012/2799/4054 4014/2798/4053
f 4015/2804/4059 4018/2806/4061 4016/2807/4062 4017/2805/4060
f 4014/2798/4053 4011/2794/4049 4005/2781/4039 4004/2780/4038
f 4014/2798/4053 4004/2780/4038 4003/2779/4037 4015/2804/4059
f 4035/2808/4063 4016/2807/4062 4018/2806/4061 4019/2809/4064
f 4135/2810/4044 4009/2796/4051 4041/2811/4065 4143/2812/4066
f 4018/2806/4061 4015/2804/4059 4003/2779/4037 4020/2813/4067
f 4018/2806/4061 4020/2813/4067 4021/2814/4068 4019/2809/4064
f 4021/2814/4068 3988/2756/4014 4022/2815/4069 4019/2809/4064
f 4021/2814/4068 4020/2813/4067 4000/2776/4034 4023/2816/4070
f 4021/2814/4068 4023/2816/4070 3986/2754/4012 3988/2756/4014
f 4023/2816/4070 4000/2776/4034 3998/2763/4021 4024/2793/4048
f 4023/2816/4070 4024/2793/4048 3987/2755/4013 3986/2754/4012
f 4024/2793/4048 4025/2792/4047 4026/2817/4071 3987/2755/4013
f 3987/2755/4013 4026/2817/4071 4027/2818/4072 3983/2751/4009
f 4028/2819/4073 3984/2752/4010 3983/2751/4009 4027/2818/4072
f 4053/2820/4074 4031/2821/4075 4029/2822/4076 4030/2823/4077
f 4139/2824/4078 4028/2819/4073 4027/2818/4072 4138/2825/4058
f 4139/2824/4078 4140/2826/4079 4029/2822/4076 4028/2819/4073
f 4141/2827/4080 4137/2828/4055 4026/2817/4071 4025/2792/4047
f 4131/2829/4028 4070/2830/4081 4098/2831/4082 4141/2832/4080
f 4140/2833/4079 4102/2834/4083 4103/2835/4084 4142/2836/4085
f 4028/2819/4073 4029/2822/4076 4031/2821/4075 3984/2752/4010
f 4053/2820/4074 4033/2837/4086 4032/2838/4087 4031/2821/4075
f 4030/2823/4077 3995/2839/4088 4052/2840/4089 4053/2820/4074
f 4032/2838/4087 4033/2837/4086 4034/2841/4090 4022/2815/4069
f 4031/2821/4075 4032/2838/4087 3985/2753/4011 3984/2752/4010
f 4019/2809/4064 4022/2815/4069 4034/2841/4090 4035/2808/4063
f 4032/2838/4087 4022/2815/4069 3988/2756/4014 3985/2753/4011
f 4049/2842/4091 4036/2843/4092 4035/2808/4063 4034/2841/4090
f 4035/2808/4063 4036/2843/4092 4037/2844/4093 4016/2807/4062
f 4038/2845/4094 4017/2805/4060 4016/2807/4062 4037/2844/4093
f 4039/2846/4095 4012/2799/4054 4017/2805/4060 4038/2845/4094
f 4040/2847/4096 4013/2795/4050 4012/2799/4054 4039/2846/4095
f 4041/2811/4065 4009/2796/4051 4013/2795/4050 4040/2847/4096
f 4142/2836/4085 4103/2835/4084 4068/2848/4097 4145/2849/4098
f 4034/2841/4090 4033/2837/4086 4050/2850/4099 4049/2842/4091
f 4043/2851/3807 4042/2852/4100 4041/2811/4101 4040/2847/4102
f 4043/2851/3807 4040/2847/4102 4039/2846/3809 4044/2853/4103
f 4045/2854/3091 4044/2853/4103 4039/2846/3809 4038/2845/3090
f 4045/2854/3091 4038/2845/3090 4037/2844/4104 4046/2855/4105
f 4047/2856/4106 4046/2855/4105 4037/2844/4104 4036/2843/4107
f 4047/2856/4106 4036/2843/4107 4049/2842/4108 4048/2857/4109
f 4049/2842/4108 4050/2850/4110 4051/2858/4111 4048/2857/4109
f 4050/2850/4099 4033/2837/4086 4053/2820/4074 4052/2840/4089
f 3994/2859/4112 4054/2860/4113 4052/2840/4114 3995/2839/4115
f 4143/2812/4116 4041/2811/4101 4042/2852/4100 4144/2861/4116
f 4054/2860/4113 4051/2858/4111 4050/2850/4110 4052/2840/4114
f 4132/2862/4030 4007/2783/4041 4010/2797/4052 4136/2863/4043
f 4020/2813/4067 4003/2779/4037 4001/2777/4035 4000/2776/4034
f 4145/2849/4117 4068/2848/4118 4067/2864/4118 4146/2865/4117
f 4058/2866/4119 4057/2867/4120 4056/2868/4121 4055/2869/4122
f 4056/2868/4121 4060/2870/4123 4059/2871/4124 4055/2869/4122
f 4059/2871/4124 4061/2872/4125 4058/2866/4119 4055/2869/4122
f 4064/2873/4126 4066/2874/4127 4063/2768/4026 4062/2767/4025
f 4062/2767/4025 4065/2875/4019 4064/2873/4126
f 4072/2876/4128 4071/2877/4129 4070/2830/4081 4069/2878/4130
f 4063/2768/4026 4066/2874/4127 4072/2876/4128 4069/2878/4130
f 4074/2879/4131 4073/2880/4132 4071/2877/4129 4072/2876/4128
f 4066/2874/4127 4075/2881/4133 4074/2879/4131 4072/2876/4128
f 4077/2882/4134 4076/2883/4135 4074/2879/4131 4075/2881/4133
f 4079/2884/4136 4078/2885/4137 4077/2882/4134 4075/2881/4133
f 4066/2874/4127 4064/2873/4126 4079/2884/4136 4075/2881/4133
f 4081/2774/4032 4080/2773/4031 4078/2885/4137 4079/2884/4136
f 4064/2873/4126 4065/2875/4019 4081/2774/4032 4079/2884/4136
f 4070/2830/4081 4071/2877/4129 4097/2886/4138 4098/2831/4082
f 4082/2790/4045 4086/2887/4139 4084/2888/4140 4083/2791/4046
f 4085/2889/4141 4087/2890/4142 4084/2888/4140 4086/2887/4139
f 4084/2888/4140 4078/2885/4137 4080/2773/4031 4083/2791/4046
f 4085/2889/4141 4090/2891/4143 4088/2892/4144 4087/2890/4142
f 4089/2893/4145 4091/2894/4146 4088/2892/4144 4090/2891/4143
f 4077/2882/4134 4078/2885/4137 4084/2888/4140 4087/2890/4142
f 4088/2892/4144 4076/2883/4135 4077/2882/4134 4087/2890/4142
f 4089/2893/4145 4108/2895/4147 4092/2896/4148 4091/2894/4146
f 4093/2897/4149 4076/2883/4135 4088/2892/4144 4091/2894/4146
f 4092/2896/4148 4094/2898/4150 4093/2897/4149 4091/2894/4146
f 4092/2896/4148 4095/2899/4151 4061/2872/4125 4094/2898/4150
f 4096/2900/4152 4073/2880/4132 4093/2897/4149 4094/2898/4150
f 4061/2872/4125 4059/2871/4124 4096/2900/4152 4094/2898/4150
f 4097/2886/4138 4071/2877/4129 4073/2880/4132 4096/2900/4152
f 4059/2871/4124 4060/2870/4123 4097/2886/4138 4096/2900/4152
f 4099/2801/4056 4098/2831/4082 4097/2886/4138 4060/2870/4123
f 4056/2868/4121 4100/2802/4057 4099/2801/4056 4060/2870/4123
f 4056/2868/4121 4057/2867/4120 4101/2901/4153 4100/2802/4057
f 4102/2834/4083 4104/2902/4154 4126/2903/4155 4103/2835/4084
f 4102/2834/4083 4101/2901/4153 4057/2867/4120 4104/2902/4154
f 4105/2904/4156 4106/2905/4157 4126/2903/4155 4104/2902/4154
f 4068/2848/4097 4103/2835/4084 4126/2903/4155 4125/2906/4158
f 4107/2907/4159 4106/2905/4157 4105/2904/4156 4095/2899/4151
f 4057/2867/4120 4058/2866/4119 4105/2904/4156 4104/2902/4154
f 4095/2899/4151 4092/2896/4148 4108/2895/4147 4107/2907/4159
f 4058/2866/4119 4061/2872/4125 4095/2899/4151 4105/2904/4156
f 4108/2895/4147 4109/2908/4160 4122/2909/4161 4107/2907/4159
f 4110/2910/4162 4109/2908/4160 4108/2895/4147 4089/2893/4145
f 4089/2893/4145 4090/2891/4143 4111/2911/4163 4110/2910/4162
f 4090/2891/4143 4085/2889/4141 4112/2912/4164 4111/2911/4163
f 4085/2889/4141 4086/2887/4139 4113/2913/4165 4112/2912/4164
f 4086/2887/4139 4082/2790/4045 4114/2914/4166 4113/2913/4165
f 4106/2905/4157 4107/2907/4159 4122/2909/4161 4123/2915/4167
f 4113/2913/4168 4114/2914/4169 4115/2916/4170 4116/2917/2646
f 4117/2918/4171 4112/2912/2650 4113/2913/4168 4116/2917/2646
f 4111/2911/3378 4112/2912/2650 4117/2918/4171 4118/2919/4172
f 4119/2920/4173 4110/2910/4174 4111/2911/3378 4118/2919/4172
f 4109/2908/4175 4110/2910/4174 4119/2920/4173 4120/2921/4176
f 4121/2922/4177 4122/2909/4178 4109/2908/4175 4120/2921/4176
f 4121/2922/4177 4124/2923/4179 4123/2915/4180 4122/2909/4178
f 4125/2906/4158 4126/2903/4155 4106/2905/4157 4123/2915/4167
f 4125/2906/4181 4127/2924/4182 4067/2864/4118 4068/2848/4118
f 4125/2906/4181 4123/2915/4180 4124/2923/4179 4127/2924/4182
f 4073/2880/4132 4074/2879/4131 4076/2883/4135 4093/2897/4149
f 4129/2925/4027 4128/2771/4029 3996/2765/4023 3990/2757/4015
f 4063/2768/4026 4069/2878/4130 4128/2926/4029 4129/2769/4027
f 3995/2839/4115 4145/2927/4117 4146/2928/4117 3994/2859/4112
f 4080/2773/4031 4132/2772/4030 4136/2788/4043 4083/2791/4046
f 4114/2914/4169 4143/2929/4116 4144/2930/4116 4115/2916/4170
f 4030/2823/4077 4142/2931/4085 4145/2927/4098 3995/2839/4088
f 4029/2822/4076 4140/2826/4079 4142/2931/4085 4030/2823/4077
f 3997/2762/4020 4131/2770/4028 4141/2827/4080 4025/2792/4047
f 4098/2831/4082 4099/2801/4056 4137/2800/4055 4141/2832/4080
f 4101/2901/4153 4102/2834/4083 4140/2833/4079 4139/2932/4078
f 4101/2901/4153 4139/2932/4078 4138/2803/4058 4100/2802/4057
f 4082/2790/4045 4135/2789/4044 4143/2929/4066 4114/2914/4166
f 4026/2817/4071 4137/2828/4055 4138/2825/4058 4027/2818/4072
f 4010/2797/4052 4009/2796/4051 4135/2810/4044 4136/2863/4043
f 4065/2875/4019 4062/2767/4025 4130/2766/4024 4134/2933/4019
f 4065/2875/4019 4134/2933/4019 4133/2775/4033 4081/2774/4032
f 4007/2783/4041 4132/2862/4030 4133/2786/4033 4008/2784/4042
f 4070/2830/4081 4131/2829/4028 4128/2926/4029 4069/2878/4130
f 3989/2760/4018 4130/2787/4024 4129/2925/4027 3990/2757/4015
f 4161/2934/4183 4162/2935/4184 4160/2936/4185 4159/2937/4186
f 4161/2934/4183 4163/2938/4187 4164/2939/4188 4162/2935/4184
f 4153/2940/4189 4155/2941/4190 4156/2942/4191 4154/2943/4192
f 4148/2944/4193 4149/2945/4194 4150/2946/4195 4147/2947/4196
f 4173/2948/4197 4174/2949/4198 4172/2950/4199 4171/2951/4200
f 4149/2945/4194 4151/2952/4201 4152/2953/4202 4150/2946/4195
f 4163/2938/4187 4165/2954/4203 4166/2955/4204 4164/2939/4188
f 4159/2937/4186 4160/2936/4185 4158/2956/4205 4157/2957/4206
f 4148/2944/4193 4147/2947/4196 4182/2958/4207 4181/2959/4208
f 4187/2960/4209 4186/2961/4210 4182/2958/4207 4147/2947/4196
f 4154/2943/4192 4190/2962/4211 4189/2963/4212 4152/2953/4202
f 4176/2964/4213 4178/2965/4214 4184/2966/4215 4183/2967/4216
f 4160/2936/4185 4162/2935/4184 4194/2968/4217 4193/2969/4218
f 4197/2970/4219 4168/2971/4220 4170/2972/4221 4198/2973/4222
f 4164/2939/4188 4166/2955/4204 4196/2974/4223 4195/2975/4224
f 4186/2961/4210 4185/2976/4225 4180/2977/4226 4182/2958/4207
f 4192/2978/4227 4158/2956/4205 4160/2936/4185 4193/2969/4218
f 4156/2942/4191 4191/2979/4228 4190/2962/4211 4154/2943/4192
f 4169/2980/4229 4170/2972/4221 4168/2971/4220 4167/2981/4230
f 4171/2951/4200 4172/2950/4199 4170/2972/4221 4169/2980/4229
f 4155/2941/4190 4157/2957/4206 4158/2956/4205 4156/2942/4191
f 4181/2959/4208 4182/2958/4207 4180/2977/4226 4179/2982/4231
f 4173/2948/4197 4175/2983/4232 4176/2964/4213 4174/2949/4198
f 4177/2984/4233 4178/2965/4214 4176/2964/4213 4175/2983/4232
f 4151/2952/4201 4153/2940/4189 4154/2943/4192 4152/2953/4202
f 4177/2984/4233 4179/2982/4231 4180/2977/4226 4178/2965/4214
f 4168/2971/4220 4197/2970/4219 4196/2974/4223 4166/2955/4204
f 4197/2970/4219 4198/2973/4222 4199/2985/4234 4200/2986/4235 4183/2967/4216 4184/2966/4215 4185/2976/4225 4186/2961/4210 4187/2960/4209 4188/2987/4236 4189/2963/4212 4190/2962/4211 4191/2979/4228 4192/2978/4227 4193/2969/4218 4194/2968/4217 4195/2975/4224 4196/2974/4223
f 4162/2935/4184 4164/2939/4188 4195/2975/4224 4194/2968/4217
f 4178/2965/4214 4180/2977/4226 4185/2976/4225 4184/2966/4215
f 4191/2979/4228 4156/2942/4191 4158/2956/4205 4192/2978/4227
f 4174/2949/4198 4176/2964/4213 4183/2967/4216 4200/2986/4235
f 4150/2946/4195 4188/2987/4236 4187/2960/4209 4147/2947/4196
f 4172/2950/4199 4174/2949/4198 4200/2986/4235 4199/2985/4234
f 4198/2973/4222 4170/2972/4221 4172/2950/4199 4199/2985/4234
f 4152/2953/4202 4189/2963/4212 4188/2987/4236 4150/2946/4195
f 4167/2981/4230 4168/2971/4220 4166/2955/4204 4165/2954/4203
f 4201/2988/4237 4212/2989/4238 4213/2990/4239 4210/2991/4240
f 4202/2992/4241 4217/2993/4242 4218/2994/4243 4219/2995/4244
f 4202/2992/4241 4219/2995/4244 4220/2996/4245 4221/2997/4246
f 4202/2992/4241 4221/2997/4246 4209/2998/4247 4217/2993/4242
f 4203/2999/4248 4223/3000/4249 4224/3001/4250 4222/3002/4251
f 4270/3003/4252 4271/3004/4253 4269/3005/4254 4268/3006/4255
f 4628/3007/4256 4629/3008/4257 4621/3009/4258 4626/3010/4259
f 4206/3011/4260 4233/3012/4261 4234/3013/4262 4235/3014/4263
f 4206/3011/4260 4235/3014/4263 4236/3015/4264 4237/3016/4265
f 4206/3011/4260 4237/3016/4265 4238/3017/4266 4233/3012/4261
f 4207/3018/4267 4239/3019/4268 4240/3020/4269 4241/3021/4270
f 4207/3018/4267 4242/3022/4271 4243/3023/4272 4239/3019/4268
f 4207/3018/4267 4244/3024/4273 4245/3025/4274 4242/3022/4271
f 4207/3018/4267 4241/3021/4270 4246/3026/4275 4247/3027/4276
f 4488/3028/4277 4208/3029/4278 4249/3030/4279 4485/3031/4280
f 4260/3032/4281 4261/3033/4282 4262/3034/4283
f 4208/3029/4278 4226/3035/4284 4248/3036/4285
f 4250/3037/4286 4251/3038/4287 4252/3039/4288 4253/3040/4289
f 4209/2998/4247 4254/3041/4290 4251/3038/4287 4217/2993/4242
f 4209/2998/4247 4221/2997/4246 4255/3042/4291 4256/3043/4292
f 4209/2998/4247 4257/3044/4293 4258/3045/4294 4254/3041/4290
f 4209/2998/4247 4256/3043/4292 4259/3046/4295 4257/3044/4293
f 4263/3047/4296 4264/3048/4297 4265/3049/4298 4266/3050/4299
f 4300/3051/4300 4274/3052/4301 4271/3004/4253 4270/3003/4252
f 4292/3053/4302 4293/3054/4303 4291/3055/4304 4290/3056/4305
f 4271/3004/4253 4272/3057/4306 4273/3058/4307 4269/3005/4254
f 4271/3004/4253 4274/3052/4301 4275/3059/4308 4272/3057/4306
f 4275/3059/4308 4274/3052/4301 4276/3060/4309 4277/3061/4310
f 4306/3062/4311 4277/3061/4310 4644/3063/4312 4303/3064/4313
f 4280/3065/4314 4281/3066/4315 4282/3067/4316 4279/3068/4317
f 4297/3069/4318 4268/3006/4255 4267/3070/4319 4296/3071/4320
f 4282/3067/4316 4281/3066/4315 4283/3072/4321 4284/3073/4322
f 4282/3074/4316 4284/3075/4322 4265/3049/4298 4264/3048/4297
f 4284/3073/4322 4283/3072/4321 4285/3076/4323 4286/3077/4324
f 4284/3075/4322 4286/3078/4324 4287/3079/4325 4265/3049/4298
f 4287/3079/4325 4286/3078/4324 4288/3080/4326 4289/3081/4327
f 4287/3079/4325 4289/3081/4327 4290/3056/4305 4291/3055/4304
f 4287/3079/4325 4291/3055/4304 4266/3050/4299 4265/3049/4298
f 4342/3082/4328 4301/3083/4329 4300/3051/4300 4299/3084/4330
f 4270/3003/4252 4268/3006/4255 4297/3069/4318 4298/3085/4331
f 4299/3084/4330 4300/3051/4300 4270/3003/4252 4298/3085/4331
f 4321/3086/4332 4323/3087/4333 4324/3088/4334 4322/3089/4335
f 4678/3090/4336 4302/3091/4337 4276/3060/4309 4301/3083/4329
f 4276/3060/4309 4274/3052/4301 4300/3051/4300 4301/3083/4329
f 4328/3092/4338 4325/3093/4339 4324/3088/4334 4323/3087/4333
f 4326/3094/4340 4327/3095/4341 4293/3054/4303 4292/3053/4302
f 4302/3091/4337 4644/3063/4312 4277/3061/4310 4276/3060/4309
f 4666/3096/4342 4305/3097/4343 4306/3098/4311 4303/3099/4313
f 4306/3098/4311 4305/3097/4343 4307/3100/4344 4278/3101/4345
f 4307/3100/4344 4280/3065/4314 4279/3068/4317 4278/3101/4345
f 4285/3076/4323 4283/3072/4321 4311/3102/4346 4312/3103/4347
f 4350/3104/4348 4315/3105/4349 4314/3106/4350 4313/3107/4351
f 4317/3108/4352 4315/3105/4349 4350/3104/4348 4351/3109/4353
f 4428/3110/4354 4431/3111/4355 4354/3112/4356 4427/3113/4357
f 4624/3114/4358 4626/3010/4259 4621/3009/4258 4623/3115/4359
f 4352/3116/4360 4353/3117/4361 4317/3108/4352 4351/3109/4353
f 4314/3106/4350 4315/3105/4349 4316/3118/4362 4288/3119/4326
f 4314/3106/4350 4288/3119/4326 4286/3077/4324 4285/3076/4323
f 4316/3118/4362 4315/3105/4349 4317/3108/4352 4318/3120/4363
f 4316/3121/4362 4318/3122/4363 4319/3123/4364 4320/3124/4365
f 4316/3121/4362 4320/3124/4365 4289/3081/4327 4288/3080/4326
f 4320/3124/4365 4319/3123/4364 4321/3086/4332 4322/3089/4335
f 4320/3124/4365 4322/3089/4335 4290/3056/4305 4289/3081/4327
f 4446/3125/4366 4388/3126/4367 4448/3127/4368 4447/3128/4369
f 4325/3093/4339 4326/3094/4340 4292/3053/4302 4324/3088/4334
f 4325/3093/4339 4330/3129/4370 4223/3000/4249 4326/3094/4340
f 4328/3092/4338 4329/3130/4371 4330/3129/4370 4325/3093/4339
f 4339/3131/4372 4298/3085/4331 4297/3069/4318 4338/3132/4373
f 4222/3002/4251 4336/3133/4374 4296/3071/4320 4295/3134/4375
f 4214/3135/4376 4409/3136/4377 4410/3137/4378 4407/3138/4379
f 4330/3129/4370 4329/3130/4371 4331/3139/4380 4332/3140/4381
f 4330/3129/4370 4332/3140/4381 4224/3001/4250 4223/3000/4249
f 4332/3140/4381 4331/3139/4380 4333/3141/4382 4334/3142/4383
f 4332/3140/4381 4334/3142/4383 4335/3143/4384 4224/3001/4250
f 4335/3143/4384 4336/3133/4374 4222/3002/4251 4224/3001/4250
f 4333/3141/4382 4372/3144/4385 4373/3145/4386 4334/3142/4383
f 4341/3146/4387 4342/3082/4328 4299/3084/4330 4340/3147/4388
f 4231/3148/4389 4466/3149/4390 4205/3150/4391
f 4343/3151/4392 4678/3090/4336 4301/3083/4329 4342/3082/4328
f 4667/3152/4393 4661/3153/4394 4344/3154/4395 4345/3155/4396
f 4406/3156/4397 4407/3138/4379 4408/3157/4398 4345/3155/4396
f 4227/3158/4399 4351/3109/4353 4350/3104/4348
f 4312/3103/4347 4311/3102/4346 4227/3159/4399
f 4227/3160/4399 4428/3110/4354 4427/3113/4357
f 4614/3161/4400 4613/3162/4401 4633/3163/4402 4634/3164/4403
f 4227/3165/4399 4510/3166/4404 4429/3167/4405
f 4227/3168/4399 4427/3113/4357 4352/3116/4360
f 4427/3113/4357 4354/3112/4356 4353/3117/4361 4352/3116/4360
f 4486/3169/4406 4485/3031/4280 4249/3030/4279 4533/3170/4407
f 4608/3171/4408 4610/3172/4409 4611/3173/4410 4609/3174/4411
f 4353/3117/4361 4354/3112/4356 4355/3175/4412 4356/3176/4413
f 4353/3117/4361 4356/3176/4413 4318/3120/4363 4317/3108/4352
f 4356/3177/4413 4355/3178/4412 4357/3179/4414 4358/3180/4415
f 4356/3177/4413 4358/3180/4415 4319/3123/4364 4318/3122/4363
f 4358/3180/4415 4357/3179/4414 4359/3181/4416 4360/3182/4417
f 4358/3180/4415 4360/3182/4417 4321/3086/4332 4319/3123/4364
f 4607/3183/4418 4608/3171/4408 4225/3184/4419
f 4366/3185/4420 4365/3186/4421 4367/3187/4422 4368/3188/4423
f 4366/3185/4420 4368/3188/4423 4331/3139/4380 4329/3130/4371
f 4368/3188/4423 4367/3187/4422 4369/3189/4424 4370/3190/4425
f 4368/3188/4423 4370/3190/4425 4333/3141/4382 4331/3139/4380
f 4275/3059/4308 4278/3191/4345 4279/3192/4317 4272/3057/4306
f 4373/3145/4386 4372/3144/4385 4374/3193/4426 4375/3194/4427
f 4373/3145/4386 4375/3194/4427 4376/3195/4428 4337/3196/4429
f 4376/3195/4428 4339/3131/4372 4338/3132/4373 4337/3196/4429
f 4376/3195/4428 4375/3194/4427 4377/3197/4430 4378/3198/4431
f 4376/3195/4428 4378/3198/4431 4340/3147/4388 4339/3131/4372
f 4378/3198/4431 4377/3197/4430 4379/3199/4432 4380/3200/4433
f 4378/3198/4431 4380/3200/4433 4341/3146/4387 4340/3147/4388
f 4380/3200/4433 4379/3199/4432 4650/3201/4434 4651/3202/4435
f 4380/3200/4433 4651/3202/4435 4662/3203/4436 4341/3146/4387
f 4675/3204/4437 4670/3205/4438 4382/3206/4439 4238/3017/4266
f 4675/3204/4437 4238/3017/4266 4237/3016/4265 4679/3207/4440
f 4382/3206/4439 4383/3208/4441 4384/3209/4442 4385/3210/4443
f 4382/3206/4439 4385/3210/4443 4233/3012/4261 4238/3017/4266
f 4382/3206/4439 4670/3205/4438 4381/3211/4444 4383/3208/4441
f 4385/3210/4443 4384/3209/4442 4386/3212/4445 4387/3213/4446
f 4385/3210/4443 4387/3213/4446 4234/3013/4262 4233/3012/4261
f 4387/3213/4446 4386/3212/4445 4388/3126/4367 4389/3214/4447
f 4387/3213/4446 4389/3214/4447 4390/3215/4448 4234/3013/4262
f 4390/3215/4448 4391/3216/4449 4235/3014/4263 4234/3013/4262
f 4297/3069/4318 4296/3071/4320 4336/3133/4374 4338/3132/4373
f 4391/3216/4449 4392/3217/4450 4236/3015/4264 4235/3014/4263
f 4269/3005/4254 4263/3047/4296 4267/3070/4319 4268/3006/4255
f 4392/3217/4450 4676/3218/4451 4680/3219/4452 4236/3015/4264
f 4680/3219/4452 4679/3207/4440 4237/3016/4265 4236/3015/4264
f 4393/3220/4453 4392/3217/4450 4391/3216/4449 4211/3221/4454
f 4393/3220/4453 4211/3221/4454 4394/3222/4455 4395/3223/4456
f 4393/3220/4453 4395/3223/4456 4653/3224/4457 4652/3225/4458
f 4653/3224/4457 4395/3223/4456 4396/3226/4459 4397/3227/4460
f 4645/3228/4461 4397/3227/4460 4396/3226/4459 4398/3229/4462
f 4645/3228/4461 4398/3229/4462 4399/3230/4463 4660/3231/4464
f 4399/3230/4463 4398/3229/4462 4400/3232/4465 4401/3233/4466
f 4399/3230/4463 4401/3233/4466 4402/3234/4467 4344/3154/4395
f 4399/3230/4463 4344/3154/4395 4661/3153/4394 4660/3231/4464
f 4402/3234/4467 4401/3233/4466 4403/3235/4468 4404/3236/4469
f 4402/3234/4467 4404/3236/4469 4405/3237/4470 4406/3156/4397
f 4402/3234/4467 4406/3156/4397 4345/3155/4396 4344/3154/4395
f 4476/3238/4471 4479/3239/4472 4216/3240/4473 4228/3241/4474
f 4426/3242/4475 4671/3243/4476 4668/3244/4477 4408/3157/4398
f 4426/3242/4475 4408/3157/4398 4407/3138/4379 4410/3137/4378
f 4418/3245/4478 4243/3023/4272 4242/3022/4271 4417/3246/4479
f 4478/3247/4480 4481/3248/4481 4480/3249/4482 4479/3239/4472
f 4411/3250/4483 4412/3251/4484 4413/3252/4485 4414/3253/4486
f 4411/3250/4483 4414/3253/4486 4410/3137/4378 4409/3136/4377
f 4310/3254/4487 4281/3066/4315 4280/3065/4314 4309/3255/4488
f 4416/3256/4489 4255/3042/4291 4221/2997/4246 4220/2996/4245
f 4416/3256/4489 4220/2996/4245 4239/3019/4268 4243/3023/4272
f 4418/3245/4478 4417/3246/4479 4419/3257/4490 4420/3258/4491
f 4418/3245/4478 4420/3258/4491 4421/3259/4492 4415/3260/4493
f 4421/3259/4492 4420/3258/4491 4422/3261/4494 4423/3262/4495
f 4421/3259/4492 4423/3262/4495 4424/3263/4496 4413/3252/4485
f 4421/3259/4492 4413/3252/4485 4412/3251/4484 4415/3260/4493
f 4424/3263/4496 4423/3262/4495 4657/3264/4497 4663/3265/4498
f 4424/3263/4496 4663/3265/4498 4665/3266/4499 4425/3267/4500
f 4424/3263/4496 4425/3267/4500 4414/3253/4486 4413/3252/4485
f 4425/3267/4500 4665/3266/4499 4671/3243/4476 4426/3242/4475
f 4425/3267/4500 4426/3242/4475 4410/3137/4378 4414/3253/4486
f 4479/3239/4472 4480/3249/4482 4258/3045/4294 4216/3240/4473
f 4631/3268/4501 4617/3269/4502 4622/3270/4503 4630/3271/4504
f 4431/3111/4355 4430/3272/4505 4432/3273/4506 4433/3274/4507
f 4431/3111/4355 4433/3274/4507 4355/3175/4412 4354/3112/4356
f 4433/3275/4507 4432/3276/4506 4434/3277/4508 4435/3278/4509
f 4433/3275/4507 4435/3278/4509 4357/3179/4414 4355/3178/4412
f 4435/3278/4509 4434/3277/4508 4436/3279/4510 4437/3280/4511
f 4435/3278/4509 4437/3280/4511 4359/3181/4416 4357/3179/4414
f 4440/3281/4512 4442/3282/4513 4443/3283/4514 4441/3284/4515
f 4441/3284/4515 4443/3283/4514 4365/3186/4421 4363/3285/4516
f 4523/3286/4517 4463/3287/4518 4442/3282/4513 4440/3281/4512
f 4443/3283/4514 4442/3282/4513 4444/3288/4519 4445/3289/4520
f 4443/3283/4514 4445/3289/4520 4367/3187/4422 4365/3186/4421
f 4445/3289/4520 4444/3288/4519 4446/3125/4366 4447/3128/4369
f 4445/3289/4520 4447/3128/4369 4369/3189/4424 4367/3187/4422
f 4449/3290/4521 4448/3127/4368 4450/3291/4522 4451/3292/4523
f 4449/3290/4521 4451/3292/4523 4452/3293/4524 4371/3294/4525
f 4452/3293/4524 4374/3193/4426 4372/3144/4385 4371/3294/4525
f 4452/3293/4524 4451/3292/4523 4453/3295/4526 4454/3296/4527
f 4452/3293/4524 4454/3296/4527 4455/3297/4528 4374/3193/4426
f 4455/3297/4528 4377/3197/4430 4375/3194/4427 4374/3193/4426
f 4455/3297/4528 4454/3296/4527 4456/3298/4529 4457/3299/4530
f 4455/3297/4528 4457/3299/4530 4379/3199/4432 4377/3197/4430
f 4457/3299/4530 4456/3298/4529 4681/3300/4531 4654/3301/4532
f 4457/3299/4530 4654/3301/4532 4650/3201/4434 4379/3199/4432
f 4647/3302/4533 4646/3303/4534 4458/3304/4535 4459/3305/4536
f 4647/3302/4533 4459/3305/4536 4383/3208/4441 4381/3211/4444
f 4459/3305/4536 4458/3304/4535 4453/3295/4526 4460/3306/4537
f 4459/3305/4536 4460/3306/4537 4384/3209/4442 4383/3208/4441
f 4460/3306/4537 4453/3295/4526 4451/3292/4523 4450/3291/4522
f 4460/3306/4537 4450/3291/4522 4386/3212/4445 4384/3209/4442
f 4458/3304/4535 4456/3298/4529 4454/3296/4527 4453/3295/4526
f 4458/3304/4535 4646/3303/4534 4681/3300/4531 4456/3298/4529
f 4450/3291/4522 4448/3127/4368 4388/3126/4367 4386/3212/4445
f 4337/3196/4429 4338/3132/4373 4336/3133/4374 4335/3143/4384
f 4461/3307/4538 4446/3125/4366 4444/3288/4519 4462/3308/4539
f 4461/3307/4538 4462/3308/4539 4212/2989/4238 4201/2988/4237
f 4462/3308/4539 4444/3288/4519 4442/3282/4513 4463/3287/4518
f 4462/3308/4539 4463/3287/4518 4464/3309/4540 4212/2989/4238
f 4464/3309/4540 4465/3310/4541 4213/2990/4239 4212/2989/4238
f 4264/3048/4297 4273/3058/4307 4272/3057/4306 4279/3192/4317 4282/3074/4316
f 4465/3310/4541 4466/3149/4390 4467/3311/4542 4213/2990/4239
f 4467/3311/4542 4466/3149/4390 4231/3148/4389 4468/3312/4543
f 4467/3311/4542 4468/3312/4543 4469/3313/4544 4470/3314/4545
f 4467/3311/4542 4470/3314/4545 4210/2991/4240 4213/2990/4239
f 4470/3314/4545 4469/3313/4544 4471/3315/4546 4394/3222/4455
f 4470/3314/4545 4394/3222/4455 4211/3221/4454 4210/2991/4240
f 4471/3315/4546 4469/3313/4544 4472/3316/4547 4400/3232/4465
f 4471/3315/4546 4400/3232/4465 4398/3229/4462 4396/3226/4459
f 4471/3315/4546 4396/3226/4459 4395/3223/4456 4394/3222/4455
f 4472/3316/4547 4469/3313/4544 4468/3312/4543 4473/3317/4548
f 4472/3316/4547 4473/3317/4548 4474/3318/4549 4403/3235/4468
f 4472/3316/4547 4403/3235/4468 4401/3233/4466 4400/3232/4465
f 4474/3318/4549 4473/3317/4548 4230/3319/4550 4475/3320/4551
f 4474/3318/4549 4475/3320/4551 4476/3238/4471 4477/3321/4552
f 4474/3318/4549 4477/3321/4552 4404/3236/4469 4403/3235/4468
f 4477/3321/4552 4476/3238/4471 4228/3241/4474 4229/3322/4553
f 4477/3321/4552 4229/3322/4553 4405/3237/4470 4404/3236/4469
f 4216/3240/4473 4215/3323/4554 4229/3322/4553 4228/3241/4474
f 4480/3249/4482 4481/3248/4481 4482/3324/4555 4483/3325/4556
f 4480/3249/4482 4483/3325/4556 4254/3041/4290 4258/3045/4294
f 4478/3247/4480 4232/3326/4557 4489/3327/4558 4481/3248/4481
f 4483/3325/4556 4482/3324/4555 4484/3328/4559 4252/3039/4288
f 4483/3325/4556 4252/3039/4288 4251/3038/4287 4254/3041/4290
f 4484/3328/4559 4485/3031/4280 4486/3169/4406 4487/3329/4560
f 4484/3328/4559 4487/3329/4560 4253/3040/4289 4252/3039/4288
f 4484/3328/4559 4482/3324/4555 4488/3028/4277 4485/3031/4280
f 4488/3028/4277 4482/3324/4555 4481/3248/4481 4489/3327/4558
f 4487/3329/4560 4486/3169/4406 4490/3330/4561 4491/3331/4562
f 4487/3329/4560 4491/3331/4562 4492/3332/4563 4253/3040/4289
f 4492/3332/4563 4491/3331/4562 4241/3021/4270 4240/3020/4269
f 4492/3332/4563 4240/3020/4269 4219/2995/4244 4218/2994/4243
f 4492/3332/4563 4218/2994/4243 4250/3037/4286 4253/3040/4289
f 4491/3331/4562 4490/3330/4561 4246/3026/4275 4241/3021/4270
f 4539/3333/4564 4498/3334/4565 4497/3335/4566 4496/3336/4567
f 4498/3334/4565 4539/3333/4564 4262/3034/4283 4261/3033/4282
f 4497/3335/4566 4498/3334/4565 4499/3337/4568 4244/3024/4273
f 4497/3335/4566 4244/3024/4273 4207/3018/4267 4247/3027/4276
f 4499/3337/4568 4500/3338/4569 4501/3339/4570 4502/3340/4571
f 4499/3337/4568 4502/3340/4571 4245/3025/4274 4244/3024/4273
f 4499/3337/4568 4498/3334/4565 4261/3033/4282 4500/3338/4569
f 4504/3341/4572 4503/3342/4573 4505/3343/4574 4506/3344/4575
f 4504/3341/4572 4506/3344/4575 4419/3257/4490 4417/3246/4479
f 4506/3344/4575 4505/3343/4574 4507/3345/4576 4508/3346/4577
f 4506/3344/4575 4508/3346/4577 4509/3347/4578 4419/3257/4490
f 4509/3347/4578 4508/3346/4577 4672/3348/4579 4673/3349/4580
f 4509/3347/4578 4673/3349/4580 4658/3350/4581 4422/3261/4494
f 4509/3347/4578 4422/3261/4494 4420/3258/4491 4419/3257/4490
f 4658/3350/4581 4657/3264/4497 4423/3262/4495 4422/3261/4494
f 4545/3351/4582 4546/3352/4583 4501/3339/4570 4544/3353/4584
f 4642/3354/4585 4638/3355/4586 4637/3356/4587 4641/3357/4588
f 4513/3358/4589 4512/3359/4590 4514/3360/4591 4515/3361/4592
f 4513/3358/4589 4515/3361/4592 4432/3273/4506 4430/3272/4505
f 4515/3362/4592 4514/3363/4591 4516/3364/4593 4517/3365/4594
f 4515/3362/4592 4517/3365/4594 4434/3277/4508 4432/3276/4506
f 4517/3365/4594 4516/3364/4593 4518/3366/4595 4519/3367/4596
f 4517/3365/4594 4519/3367/4596 4436/3279/4510 4434/3277/4508
f 4524/3368/4597 4526/3369/4598 4527/3370/4599 4525/3371/4600
f 4538/3372/4601 4540/3373/4602 4262/3034/4283 4539/3333/4564
f 4526/3369/4598 4524/3368/4597 4522/3374/4603 4520/3375/4604
f 4496/3336/4567 4495/3376/4605 4536/3377/4606 4537/3378/4607
f 4522/3374/4603 4524/3368/4597 4465/3310/4541 4464/3309/4540
f 4536/3377/4606 4495/3376/4605 4494/3379/4608 4535/3380/4609
f 4529/3381/4610 4530/3382/4611 4248/3036/4285 4528/3383/4612
f 4532/3384/4613 4534/3385/4614 4493/3386/4615 4533/3170/4407
f 4538/3372/4601 4539/3333/4564 4496/3336/4567 4537/3378/4607
f 4535/3380/4609 4494/3379/4608 4493/3386/4615 4534/3385/4614
f 4364/3387/4616 4328/3092/4338 4323/3087/4333 4362/3388/4617
f 4533/3170/4407 4493/3386/4615 4490/3330/4561 4486/3169/4406
f 4542/3389/4618 4543/3390/4619 4260/3032/4281 4541/3391/4620
f 4593/3392/4621 4594/3393/4622 4677/3394/4623 4549/3395/4624
f 4546/3352/4583 4547/3396/4625 4505/3343/4574 4503/3342/4573
f 4547/3396/4625 4548/3397/4626 4507/3345/4576 4505/3343/4574
f 4543/3390/4619 4500/3338/4569 4261/3033/4282 4260/3032/4281
f 4548/3397/4626 4659/3398/4627 4664/3399/4628 4507/3345/4576
f 4664/3399/4628 4672/3348/4579 4508/3346/4577 4507/3345/4576
f 4409/3136/4377 4259/3046/4295 4256/3043/4292 4411/3250/4483
f 4225/3400/4419 4606/3401/4629 4607/3183/4418
f 4556/3402/4630 4555/3403/4631 4557/3404/4632 4558/3405/4633
f 4556/3402/4630 4558/3405/4633 4514/3360/4591 4512/3359/4590
f 4558/3406/4633 4557/3407/4632 4559/3408/4634 4560/3409/4635
f 4558/3406/4633 4560/3409/4635 4516/3364/4593 4514/3363/4591
f 4560/3409/4635 4559/3408/4634 4561/3410/4636 4562/3411/4637
f 4560/3409/4635 4562/3411/4637 4518/3366/4595 4516/3364/4593
f 4591/3412/4638 4592/3413/4639 4545/3351/4582 4590/3414/4640
f 4561/3410/4636 4559/3408/4634 4563/3415/4641 4529/3381/4610
f 4563/3415/4641 4559/3408/4634 4557/3407/4632 4564/3416/4642
f 4563/3415/4641 4564/3416/4642 4565/3417/4643 4566/3418/4644
f 4563/3415/4641 4566/3418/4644 4530/3382/4611 4529/3381/4610
f 4566/3418/4644 4565/3417/4643 4567/3419/4645 4568/3420/4646
f 4566/3418/4644 4568/3420/4646 4531/3421/4647 4530/3382/4611
f 4568/3420/4646 4567/3419/4645 4569/3422/4648 4570/3423/4649
f 4568/3420/4646 4570/3423/4649 4532/3384/4613 4531/3421/4647
f 4570/3423/4649 4569/3422/4648 4571/3424/4650 4572/3425/4651
f 4570/3423/4649 4572/3425/4651 4534/3385/4614 4532/3384/4613
f 4572/3425/4651 4571/3424/4650 4573/3426/4652 4574/3427/4653
f 4572/3425/4651 4574/3427/4653 4535/3380/4609 4534/3385/4614
f 4574/3427/4653 4573/3426/4652 4575/3428/4654 4576/3429/4655
f 4574/3427/4653 4576/3429/4655 4536/3377/4606 4535/3380/4609
f 4576/3429/4655 4575/3428/4654 4577/3430/4656 4578/3431/4657
f 4576/3429/4655 4578/3431/4657 4537/3378/4607 4536/3377/4606
f 4578/3431/4657 4577/3430/4656 4579/3432/4658 4580/3433/4659
f 4578/3431/4657 4580/3433/4659 4538/3372/4601 4537/3378/4607
f 4580/3433/4659 4579/3432/4658 4581/3434/4660 4582/3435/4661
f 4580/3433/4659 4582/3435/4661 4540/3373/4602 4538/3372/4601
f 4610/3172/4409 4643/3436/4662 4583/3437/4663 4581/3438/4660
f 4584/3439/4664 4583/3440/4663 4585/3441/4665 4586/3442/4666
f 4584/3439/4664 4586/3442/4666 4542/3389/4618 4541/3391/4620
f 4586/3442/4666 4585/3441/4665 4587/3443/4667 4588/3444/4668
f 4586/3442/4666 4588/3444/4668 4589/3445/4669 4542/3389/4618
f 4588/3444/4668 4587/3443/4667 4600/3446/4670 4599/3447/4671
f 4521/3448/4672 4523/3286/4517 4440/3281/4512 4438/3449/4673
f 4364/3387/4616 4366/3185/4420 4329/3130/4371 4328/3092/4338
f 4521/3448/4672 4438/3449/4673 4436/3279/4510 4519/3367/4596
f 4594/3393/4622 4595/3450/4674 4656/3451/4675 4677/3394/4623
f 4594/3393/4622 4591/3412/4638 4596/3452/4676 4595/3450/4674
f 4596/3452/4676 4597/3453/4677 4598/3454/4678 4595/3450/4674
f 4596/3452/4676 4591/3412/4638 4590/3414/4640 4599/3447/4671
f 4596/3452/4676 4599/3447/4671 4600/3446/4670 4597/3453/4677
f 4600/3455/4670 4601/3456/4679 4602/3457/4680 4597/3458/4677
f 4603/3459/4681 4604/3460/4682 4636/3461/4683 4601/3456/4679
f 4620/3462/4684 4623/3115/4359 4621/3009/4258 4622/3270/4503
f 4225/3463/4419 4604/3460/4682 4606/3401/4629
f 4618/3464/4685 4616/3465/4686 4619/3466/4687 4617/3269/4502
f 4618/3464/4685 4613/3162/4401 4615/3467/4688 4616/3465/4686
f 4611/3173/4410 4610/3172/4409 4581/3438/4660 4579/3468/4658
f 4611/3173/4410 4579/3468/4658 4577/3469/4656 4612/3470/4689
f 4625/3471/4690 4627/3472/4691 4555/3403/4631 4553/3473/4692
f 4615/3467/4688 4612/3470/4689 4577/3469/4656 4575/3474/4654
f 4615/3467/4688 4575/3474/4654 4573/3475/4652 4616/3465/4686
f 4619/3466/4687 4616/3465/4686 4573/3475/4652 4571/3476/4650
f 4619/3466/4687 4571/3476/4650 4569/3477/4648 4620/3462/4684
f 4649/3478/4693 4648/3479/4694 4639/3480/4695 4638/3355/4586
f 4623/3115/4359 4620/3462/4684 4569/3477/4648 4567/3481/4645
f 4623/3115/4359 4567/3481/4645 4565/3482/4643 4624/3114/4358
f 4602/3457/4680 4601/3456/4679 4636/3461/4683 4637/3356/4587
f 4627/3472/4691 4624/3114/4358 4565/3482/4643 4564/3483/4642
f 4627/3472/4691 4564/3483/4642 4557/3404/4632 4555/3403/4631
f 4632/3484/4696 4618/3464/4685 4617/3269/4502 4631/3268/4501
f 4613/3162/4401 4618/3464/4685 4632/3484/4696 4633/3163/4402
f 4225/3485/4419 4609/3174/4411 4614/3161/4400 4634/3164/4403
f 4608/3171/4408 4609/3174/4411 4225/3486/4419
f 4649/3478/4693 4638/3355/4586 4642/3354/4585 4674/3487/4697
f 4429/3167/4405 4428/3110/4354 4227/3488/4399
f 4227/3489/4399 4313/3107/4351 4312/3103/4347
f 4638/3355/4586 4639/3480/4695 4602/3457/4680 4637/3356/4587
f 4639/3480/4695 4648/3479/4694 4655/3490/4698 4598/3491/4678
f 4639/3480/4695 4598/3491/4678 4597/3458/4677 4602/3457/4680
f 4655/3492/4698 4656/3451/4675 4595/3450/4674 4598/3454/4678
f 4641/3357/4588 4637/3356/4587 4636/3461/4683 4635/3493/4699
f 4502/3340/4571 4503/3342/4573 4504/3341/4572 4245/3025/4274
f 4643/3436/4662 4605/3494/4700 4585/3495/4665 4583/3437/4663
f 4605/3494/4700 4603/3459/4681 4587/3496/4667 4585/3495/4665
f 4478/3247/4480 4479/3239/4472 4476/3238/4471 4475/3320/4551
f 4473/3317/4548 4468/3312/4543 4231/3148/4389 4230/3319/4550
f 4478/3247/4480 4475/3320/4551 4230/3319/4550 4232/3326/4557
f 4662/3203/4436 4343/3151/4392 4342/3082/4328 4341/3146/4387
f 4249/3030/4279 4208/3029/4278 4248/3036/4285
f 4251/3038/4287 4250/3037/4286 4218/2994/4243 4217/2993/4242
f 4240/3020/4269 4239/3019/4268 4220/2996/4245 4219/2995/4244
f 4201/2988/4237 4210/2991/4240 4211/3221/4454 4391/3216/4449
f 4582/3435/4661 4584/3439/4664 4541/3391/4620 4540/3373/4602
f 4405/3237/4470 4214/3135/4376 4407/3138/4379 4406/3156/4397
f 4488/3028/4277 4489/3327/4558 4226/3035/4284 4208/3029/4278
f 4489/3327/4558 4232/3326/4557 4205/3150/4391 4204/3497/4701 4226/3035/4284
f 4327/3095/4341 4203/2999/4248 4222/3002/4251 4295/3134/4375
f 4327/3095/4341 4326/3094/4340 4223/3000/4249 4203/2999/4248
f 4437/3280/4511 4439/3498/4702 4361/3499/4703 4359/3181/4416
f 4561/3410/4636 4529/3381/4610 4528/3383/4612 4527/3370/4599
f 4461/3307/4538 4389/3214/4447 4388/3126/4367 4446/3125/4366
f 4523/3286/4517 4522/3374/4603 4464/3309/4540 4463/3287/4518
f 4294/3500/4704 4267/3070/4319 4263/3047/4296 4266/3050/4299
f 4327/3095/4341 4295/3134/4375 4294/3500/4704 4293/3054/4303
f 4314/3106/4350 4285/3076/4323 4312/3103/4347 4313/3107/4351
f 4620/3462/4684 4622/3270/4503 4617/3269/4502 4619/3466/4687
f 4307/3100/4344 4308/3501/4705 4309/3255/4488 4280/3065/4314
f 4438/3449/4673 4440/3281/4512 4441/3284/4515 4439/3498/4702
f 4436/3279/4510 4438/3449/4673 4439/3498/4702 4437/3280/4511
f 4589/3445/4669 4544/3353/4584 4543/3390/4619 4542/3389/4618
f 4299/3084/4330 4298/3085/4331 4339/3131/4372 4340/3147/4388
f 4562/3411/4637 4526/3369/4598 4520/3375/4604 4518/3366/4595
f 4461/3307/4538 4201/2988/4237 4390/3215/4448 4389/3214/4447
f 4370/3190/4425 4371/3294/4525 4372/3144/4385 4333/3141/4382
f 4294/3500/4704 4295/3134/4375 4296/3071/4320 4267/3070/4319
f 4527/3370/4599 4526/3369/4598 4562/3411/4637 4561/3410/4636
f 4229/3322/4553 4215/3323/4554 4214/3135/4376 4405/3237/4470
f 4256/3043/4292 4255/3042/4291 4412/3251/4484 4411/3250/4483
f 4346/3502/4706 4348/3503/4707 4308/3501/4705 4347/3504/4708
f 4640/3505/4709 4628/3007/4256 4626/3010/4259 4625/3471/4690
f 4227/3506/4399 4350/3104/4348 4313/3107/4351
f 4346/3502/4706 4347/3504/4708 4304/3507/4710 4669/3508/4711
f 4347/3504/4708 4305/3097/4343 4666/3096/4342 4304/3507/4710
f 4322/3089/4335 4324/3088/4334 4292/3053/4302 4290/3056/4305
f 4449/3290/4521 4371/3294/4525 4370/3190/4425 4369/3189/4424
f 4306/3062/4311 4278/3191/4345 4275/3059/4308 4277/3061/4310
f 4269/3005/4254 4273/3058/4307 4264/3048/4297 4263/3047/4296
f 4652/3225/4458 4676/3218/4451 4392/3217/4450 4393/3220/4453
f 4390/3215/4448 4201/2988/4237 4391/3216/4449
f 4259/3046/4295 4409/3136/4377 4214/3135/4376 4215/3323/4554
f 4257/3044/4293 4259/3046/4295 4215/3323/4554
f 4204/3497/4701 4528/3383/4612 4226/3035/4284
f 4255/3042/4291 4416/3256/4489 4415/3260/4493 4412/3251/4484
f 4418/3245/4478 4415/3260/4493 4416/3256/4489 4243/3023/4272
f 4545/3351/4582 4544/3353/4584 4589/3445/4669 4590/3414/4640
f 4624/3114/4358 4627/3472/4691 4625/3471/4690 4626/3010/4259
f 4439/3498/4702 4441/3284/4515 4363/3285/4516 4361/3499/4703
f 4447/3128/4369 4448/3127/4368 4449/3290/4521 4369/3189/4424
f 4257/3044/4293 4215/3323/4554 4216/3240/4473 4258/3045/4294
f 4493/3386/4615 4494/3379/4608 4246/3026/4275 4490/3330/4561
f 4247/3027/4276 4246/3026/4275 4494/3379/4608 4495/3376/4605
f 4309/3255/4488 4349/3509/4712 4227/3510/4399 4310/3254/4487
f 4311/3102/4346 4283/3072/4321 4281/3066/4315 4310/3254/4487
f 4520/3375/4604 4522/3374/4603 4523/3286/4517 4521/3448/4672
f 4525/3371/4600 4527/3370/4599 4528/3383/4612 4204/3497/4701
f 4466/3149/4390 4525/3371/4600 4204/3497/4701 4205/3150/4391
f 4594/3393/4622 4593/3392/4621 4592/3413/4639 4591/3412/4638
f 4524/3368/4597 4525/3371/4600 4466/3149/4390 4465/3310/4541
f 4363/3285/4516 4364/3387/4616 4362/3388/4617 4361/3499/4703
f 4359/3181/4416 4361/3499/4703 4362/3388/4617 4360/3182/4417
f 4260/3032/4281 4262/3034/4283 4540/3373/4602 4541/3391/4620
f 4520/3375/4604 4521/3448/4672 4519/3367/4596 4518/3366/4595
f 4592/3413/4639 4593/3392/4621 4548/3397/4626 4547/3396/4625
f 4592/3413/4639 4547/3396/4625 4546/3352/4583 4545/3351/4582
f 4501/3339/4570 4500/3338/4569 4543/3390/4619 4544/3353/4584
f 4593/3392/4621 4549/3395/4624 4659/3398/4627 4548/3397/4626
f 4546/3352/4583 4503/3342/4573 4502/3340/4571 4501/3339/4570
f 4349/3509/4712 4309/3255/4488 4308/3501/4705 4348/3503/4707
f 4510/3166/4404 4513/3358/4589 4430/3272/4505 4429/3167/4405
f 4643/3436/4662 4607/3183/4418 4606/3401/4629 4605/3494/4700
f 4360/3182/4417 4362/3388/4617 4323/3087/4333 4321/3086/4332
f 4363/3285/4516 4365/3186/4421 4366/3185/4420 4364/3387/4616
f 4496/3336/4567 4497/3335/4566 4247/3027/4276 4495/3376/4605
f 4581/3434/4660 4583/3440/4663 4584/3439/4664 4582/3435/4661
f 4242/3022/4271 4245/3025/4274 4504/3341/4572 4417/3246/4479
f 4249/3030/4279 4248/3036/4285 4530/3382/4611 4531/3421/4647
f 4532/3384/4613 4533/3170/4407 4249/3030/4279 4531/3421/4647
f 4554/3511/4713 4556/3402/4630 4512/3359/4590 4511/3512/4714
f 4511/3512/4714 4512/3359/4590 4513/3358/4589 4510/3166/4404
f 4605/3494/4700 4606/3401/4629 4604/3460/4682 4603/3459/4681
f 4553/3473/4692 4555/3403/4631 4556/3402/4630 4554/3511/4713
f 4612/3470/4689 4614/3161/4400 4609/3174/4411 4611/3173/4410
f 4612/3470/4689 4615/3467/4688 4613/3162/4401 4614/3161/4400
f 4347/3504/4708 4308/3501/4705 4307/3100/4344 4305/3097/4343
f 4553/3473/4692 4554/3511/4713 4551/3513/4715 4552/3514/4716
f 4622/3270/4503 4621/3009/4258 4629/3008/4257 4630/3271/4504
f 4551/3513/4715 4554/3511/4713 4511/3512/4714 4550/3515/4717
f 4227/3516/4399 4352/3116/4360 4351/3109/4353
f 4227/3517/4399 4311/3102/4346 4310/3254/4487
f 4640/3505/4709 4625/3471/4690 4553/3473/4692 4552/3514/4716
f 4550/3515/4717 4511/3512/4714 4510/3166/4404 4227/3165/4399
f 4429/3167/4405 4430/3272/4505 4431/3111/4355 4428/3110/4354
f 4599/3447/4671 4590/3414/4640 4589/3445/4669 4588/3444/4668
f 4587/3496/4667 4603/3459/4681 4601/3456/4679 4600/3455/4670
f 4636/3461/4683 4604/3460/4682 4225/3463/4419 4635/3493/4699
f 4608/3171/4408 4607/3183/4418 4643/3436/4662 4610/3172/4409
f 4408/3157/4398 4668/3244/4477 4667/3152/4393 4345/3155/4396
f 4293/3054/4303 4294/3500/4704 4266/3050/4299 4291/3055/4304
f 4373/3145/4386 4337/3196/4429 4335/3143/4384 4334/3142/4383
f 4528/3383/4612 4248/3036/4285 4226/3035/4284
f 4205/3150/4391 4232/3326/4557 4230/3319/4550 4231/3148/4389
f 4682/2988/4718 4691/2991/4719 4694/2990/4720 4693/2989/4721
f 4683/2992/4722 4700/2995/4723 4699/2994/4724 4698/2993/4725
f 4683/2992/4722 4702/2997/4726 4701/2996/4727 4700/2995/4723
f 4683/2992/4722 4698/2993/4725 4690/2998/4728 4702/2997/4726
f 4684/2999/4729 4703/3002/4730 4705/3001/4731 4704/3000/4732
f 4751/3003/4733 4749/3006/4734 4750/3005/4735 4752/3004/4736
f 5102/3007/4737 5100/3010/4738 5095/3009/4739 5103/3008/4740
f 4687/3011/4741 4716/3014/4742 4715/3013/4743 4714/3012/4744
f 4687/3011/4741 4718/3016/4745 4717/3015/4746 4716/3014/4742
f 4687/3011/4741 4714/3012/4744 4719/3017/4747 4718/3016/4745
f 4688/3018/4748 4722/3021/4749 4721/3020/4750 4720/3019/4751
f 4688/3018/4748 4720/3019/4751 4724/3023/4752 4723/3022/4753
f 4688/3018/4748 4723/3022/4753 4726/3025/4754 4725/3024/4755
f 4688/3018/4748 4728/3027/4756 4727/3026/4757 4722/3021/4749
f 4963/3028/4758 4960/3031/4759 4730/3030/4760 4689/3029/4761
f 4741/3032/4762 4743/3034/4763 4742/3033/4764
f 4689/3029/4761 4729/3036/4765 4707/3035/4766
f 4731/3037/4767 4734/3040/4768 4733/3039/4769 4732/3038/4770
f 4690/2998/4728 4698/2993/4725 4732/3038/4770 4735/3041/4771
f 4690/2998/4728 4737/3043/4772 4736/3042/4773 4702/2997/4726
f 4690/2998/4728 4735/3041/4771 4739/3045/4774 4738/3044/4775
f 4690/2998/4728 4738/3044/4775 4740/3046/4776 4737/3043/4772
f 4744/3047/4777 4747/3050/4778 4746/3049/4779 4745/3048/4780
f 4781/3051/4781 4751/3003/4733 4752/3004/4736 4755/3052/4782
f 4773/3053/4783 4771/3056/4784 4772/3055/4785 4774/3054/4786
f 4752/3004/4736 4750/3005/4735 4754/3058/4787 4753/3057/4788
f 4752/3004/4736 4753/3057/4788 4756/3059/4789 4755/3052/4782
f 4756/3059/4789 4758/3061/4790 4757/3060/4791 4755/3052/4782
f 4784/3062/4792 4303/3064/4313 4644/3063/4312 4758/3061/4790
f 4761/3065/4793 4760/3068/4794 4763/3067/4795 4762/3066/4796
f 4778/3069/4797 4777/3071/4798 4748/3070/4799 4749/3006/4734
f 4763/3067/4795 4765/3073/4800 4764/3072/4801 4762/3066/4796
f 4763/3074/4795 4745/3048/4780 4746/3049/4779 4765/3075/4800
f 4765/3073/4800 4767/3077/4802 4766/3076/4803 4764/3072/4801
f 4765/3075/4800 4746/3049/4779 4768/3079/4804 4767/3078/4802
f 4768/3079/4804 4770/3081/4805 4769/3080/4806 4767/3078/4802
f 4768/3079/4804 4772/3055/4785 4771/3056/4784 4770/3081/4805
f 4768/3079/4804 4746/3049/4779 4747/3050/4778 4772/3055/4785
f 4820/3082/4807 4780/3084/4808 4781/3051/4781 4782/3083/4809
f 4751/3003/4733 4779/3085/4810 4778/3069/4797 4749/3006/4734
f 4780/3084/4808 4779/3085/4810 4751/3003/4733 4781/3051/4781
f 4799/3086/4811 4800/3089/4812 4802/3088/4813 4801/3087/4814
f 4678/3090/4336 4782/3083/4809 4757/3060/4791 4302/3091/4337
f 4757/3060/4791 4782/3083/4809 4781/3051/4781 4755/3052/4782
f 4806/3092/4815 4801/3087/4814 4802/3088/4813 4803/3093/4816
f 4804/3094/4817 4773/3053/4783 4774/3054/4786 4805/3095/4818
f 4302/3091/4337 4757/3060/4791 4758/3061/4790 4644/3063/4312
f 4666/3096/4342 4303/3099/4313 4784/3098/4792 4783/3097/4819
f 4784/3098/4792 4759/3101/4820 4785/3100/4821 4783/3097/4819
f 4785/3100/4821 4759/3101/4820 4760/3068/4794 4761/3065/4793
f 4766/3076/4803 4790/3103/4822 4789/3102/4823 4764/3072/4801
f 4827/3104/4824 4791/3107/4825 4792/3106/4826 4793/3105/4827
f 4795/3108/4828 4828/3109/4829 4827/3104/4824 4793/3105/4827
f 4903/3110/4830 4902/3113/4831 4831/3112/4832 4906/3111/4833
f 5098/3114/4834 5097/3115/4835 5095/3009/4739 5100/3010/4738
f 4829/3116/4836 4828/3109/4829 4795/3108/4828 4830/3117/4837
f 4792/3106/4826 4769/3119/4806 4794/3118/4838 4793/3105/4827
f 4792/3106/4826 4766/3076/4803 4767/3077/4802 4769/3119/4806
f 4794/3118/4838 4796/3120/4839 4795/3108/4828 4793/3105/4827
f 4794/3121/4838 4798/3124/4840 4797/3123/4841 4796/3122/4839
f 4794/3121/4838 4769/3080/4806 4770/3081/4805 4798/3124/4840
f 4798/3124/4840 4800/3089/4812 4799/3086/4811 4797/3123/4841
f 4798/3124/4840 4770/3081/4805 4771/3056/4784 4800/3089/4812
f 4921/3125/4842 4922/3128/4843 4923/3127/4844 4864/3126/4845
f 4803/3093/4816 4802/3088/4813 4773/3053/4783 4804/3094/4817
f 4803/3093/4816 4804/3094/4817 4704/3000/4732 4808/3129/4846
f 4806/3092/4815 4803/3093/4816 4808/3129/4846 4807/3130/4847
f 4817/3131/4848 4816/3132/4849 4778/3069/4797 4779/3085/4810
f 4703/3002/4730 4776/3134/4850 4777/3071/4798 4814/3133/4851
f 4695/3135/4852 4882/3138/4853 4885/3137/4854 4884/3136/4855
f 4808/3129/4846 4810/3140/4856 4809/3139/4857 4807/3130/4847
f 4808/3129/4846 4704/3000/4732 4705/3001/4731 4810/3140/4856
f 4810/3140/4856 4812/3142/4858 4811/3141/4859 4809/3139/4857
f 4810/3140/4856 4705/3001/4731 4813/3143/4860 4812/3142/4858
f 4813/3143/4860 4705/3001/4731 4703/3002/4730 4814/3133/4851
f 4811/3141/4859 4812/3142/4858 4850/3145/4861 4849/3144/4862
f 4819/3146/4863 4818/3147/4864 4780/3084/4808 4820/3082/4807
f 4712/3148/4865 4686/3150/4866 4941/3149/4867
f 4343/3151/4392 4820/3082/4807 4782/3083/4809 4678/3090/4336
f 4667/3152/4393 4822/3155/4868 4821/3154/4869 4661/3153/4394
f 4881/3156/4870 4822/3155/4868 4883/3157/4871 4882/3138/4853
f 4708/3158/4872 4827/3104/4824 4828/3109/4829
f 4790/3103/4822 4708/3159/4872 4789/3102/4823
f 4708/3160/4872 4902/3113/4831 4903/3110/4830
f 5088/3161/4873 5108/3164/4874 5107/3163/4875 5087/3162/4876
f 4708/3165/4872 4904/3167/4877 4985/3166/4878
f 4708/3168/4872 4829/3116/4836 4902/3113/4831
f 4902/3113/4831 4829/3116/4836 4830/3117/4837 4831/3112/4832
f 4961/3169/4879 5008/3170/4880 4730/3030/4760 4960/3031/4759
f 5082/3171/4881 5083/3174/4882 5085/3173/4883 5084/3172/4884
f 4830/3117/4837 4833/3176/4885 4832/3175/4886 4831/3112/4832
f 4830/3117/4837 4795/3108/4828 4796/3120/4839 4833/3176/4885
f 4833/3177/4885 4835/3180/4887 4834/3179/4888 4832/3178/4886
f 4833/3177/4885 4796/3122/4839 4797/3123/4841 4835/3180/4887
f 4835/3180/4887 4837/3182/4889 4836/3181/4890 4834/3179/4888
f 4835/3180/4887 4797/3123/4841 4799/3086/4811 4837/3182/4889
f 5081/3183/4891 4706/3184/4892 5082/3171/4881
f 4843/3185/4893 4845/3188/4894 4844/3187/4895 4842/3186/4896
f 4843/3185/4893 4807/3130/4847 4809/3139/4857 4845/3188/4894
f 4845/3188/4894 4847/3190/4897 4846/3189/4898 4844/3187/4895
f 4845/3188/4894 4809/3139/4857 4811/3141/4859 4847/3190/4897
f 4756/3059/4789 4753/3057/4788 4760/3192/4794 4759/3191/4820
f 4850/3145/4861 4852/3194/4899 4851/3193/4900 4849/3144/4862
f 4850/3145/4861 4815/3196/4901 4853/3195/4902 4852/3194/4899
f 4853/3195/4902 4815/3196/4901 4816/3132/4849 4817/3131/4848
f 4853/3195/4902 4855/3198/4903 4854/3197/4904 4852/3194/4899
f 4853/3195/4902 4817/3131/4848 4818/3147/4864 4855/3198/4903
f 4855/3198/4903 4857/3200/4905 4856/3199/4906 4854/3197/4904
f 4855/3198/4903 4818/3147/4864 4819/3146/4863 4857/3200/4905
f 4857/3200/4905 4651/3202/4435 4650/3201/4434 4856/3199/4906
f 4857/3200/4905 4819/3146/4863 4662/3203/4436 4651/3202/4435
f 4675/3204/4437 4719/3017/4747 4858/3206/4907 4670/3205/4438
f 4675/3204/4437 4679/3207/4440 4718/3016/4745 4719/3017/4747
f 4858/3206/4907 4861/3210/4908 4860/3209/4909 4859/3208/4910
f 4858/3206/4907 4719/3017/4747 4714/3012/4744 4861/3210/4908
f 4858/3206/4907 4859/3208/4910 4381/3211/4444 4670/3205/4438
f 4861/3210/4908 4863/3213/4911 4862/3212/4912 4860/3209/4909
f 4861/3210/4908 4714/3012/4744 4715/3013/4743 4863/3213/4911
f 4863/3213/4911 4865/3214/4913 4864/3126/4845 4862/3212/4912
f 4863/3213/4911 4715/3013/4743 4866/3215/4914 4865/3214/4913
f 4866/3215/4914 4715/3013/4743 4716/3014/4742 4867/3216/4915
f 4778/3069/4797 4816/3132/4849 4814/3133/4851 4777/3071/4798
f 4867/3216/4915 4716/3014/4742 4717/3015/4746 4868/3217/4916
f 4750/3005/4735 4749/3006/4734 4748/3070/4799 4744/3047/4777
f 4868/3217/4916 4717/3015/4746 4680/3219/4452 4676/3218/4451
f 4680/3219/4452 4717/3015/4746 4718/3016/4745 4679/3207/4440
f 4869/3220/4917 4692/3221/4918 4867/3216/4915 4868/3217/4916
f 4869/3220/4917 4871/3223/4919 4870/3222/4920 4692/3221/4918
f 4869/3220/4917 4652/3225/4458 4653/3224/4457 4871/3223/4919
f 4653/3224/4457 4397/3227/4460 4872/3226/4921 4871/3223/4919
f 4645/3228/4461 4873/3229/4922 4872/3226/4921 4397/3227/4460
f 4645/3228/4461 4660/3231/4464 4874/3230/4923 4873/3229/4922
f 4874/3230/4923 4876/3233/4924 4875/3232/4925 4873/3229/4922
f 4874/3230/4923 4821/3154/4869 4877/3234/4926 4876/3233/4924
f 4874/3230/4923 4660/3231/4464 4661/3153/4394 4821/3154/4869
f 4877/3234/4926 4879/3236/4927 4878/3235/4928 4876/3233/4924
f 4877/3234/4926 4881/3156/4870 4880/3237/4929 4879/3236/4927
f 4877/3234/4926 4821/3154/4869 4822/3155/4868 4881/3156/4870
f 4951/3238/4930 4709/3241/4931 4697/3240/4932 4954/3239/4933
f 4901/3242/4934 4883/3157/4871 4668/3244/4477 4671/3243/4476
f 4901/3242/4934 4885/3137/4854 4882/3138/4853 4883/3157/4871
f 4893/3245/4935 4892/3246/4936 4723/3022/4753 4724/3023/4752
f 4953/3247/4937 4954/3239/4933 4955/3249/4938 4956/3248/4939
f 4886/3250/4940 4889/3253/4941 4888/3252/4942 4887/3251/4943
f 4886/3250/4940 4884/3136/4855 4885/3137/4854 4889/3253/4941
f 4788/3254/4944 4787/3255/4945 4761/3065/4793 4762/3066/4796
f 4891/3256/4946 4701/2996/4727 4702/2997/4726 4736/3042/4773
f 4891/3256/4946 4724/3023/4752 4720/3019/4751 4701/2996/4727
f 4893/3245/4935 4895/3258/4947 4894/3257/4948 4892/3246/4936
f 4893/3245/4935 4890/3260/4949 4896/3259/4950 4895/3258/4947
f 4896/3259/4950 4898/3262/4951 4897/3261/4952 4895/3258/4947
f 4896/3259/4950 4888/3252/4942 4899/3263/4953 4898/3262/4951
f 4896/3259/4950 4890/3260/4949 4887/3251/4943 4888/3252/4942
f 4899/3263/4953 4663/3265/4498 4657/3264/4497 4898/3262/4951
f 4899/3263/4953 4900/3267/4954 4665/3266/4499 4663/3265/4498
f 4899/3263/4953 4888/3252/4942 4889/3253/4941 4900/3267/4954
f 4900/3267/4954 4901/3242/4934 4671/3243/4476 4665/3266/4499
f 4900/3267/4954 4889/3253/4941 4885/3137/4854 4901/3242/4934
f 4954/3239/4933 4697/3240/4932 4739/3045/4774 4955/3249/4938
f 5105/3268/4955 5104/3271/4956 5096/3270/4957 5091/3269/4958
f 4906/3111/4833 4908/3274/4959 4907/3273/4960 4905/3272/4961
f 4906/3111/4833 4831/3112/4832 4832/3175/4886 4908/3274/4959
f 4908/3275/4959 4910/3278/4962 4909/3277/4963 4907/3276/4960
f 4908/3275/4959 4832/3178/4886 4834/3179/4888 4910/3278/4962
f 4910/3278/4962 4912/3280/4964 4911/3279/4965 4909/3277/4963
f 4910/3278/4962 4834/3179/4888 4836/3181/4890 4912/3280/4964
f 4915/3281/4966 4916/3284/4967 4918/3283/4968 4917/3282/4969
f 4916/3284/4967 4840/3285/4970 4842/3186/4896 4918/3283/4968
f 4998/3286/4971 4915/3281/4966 4917/3282/4969 4938/3287/4972
f 4918/3283/4968 4920/3289/4973 4919/3288/4974 4917/3282/4969
f 4918/3283/4968 4842/3186/4896 4844/3187/4895 4920/3289/4973
f 4920/3289/4973 4922/3128/4843 4921/3125/4842 4919/3288/4974
f 4920/3289/4973 4844/3187/4895 4846/3189/4898 4922/3128/4843
f 4924/3290/4975 4926/3292/4976 4925/3291/4977 4923/3127/4844
f 4924/3290/4975 4848/3294/4978 4927/3293/4979 4926/3292/4976
f 4927/3293/4979 4848/3294/4978 4849/3144/4862 4851/3193/4900
f 4927/3293/4979 4929/3296/4980 4928/3295/4981 4926/3292/4976
f 4927/3293/4979 4851/3193/4900 4930/3297/4982 4929/3296/4980
f 4930/3297/4982 4851/3193/4900 4852/3194/4899 4854/3197/4904
f 4930/3297/4982 4932/3299/4983 4931/3298/4984 4929/3296/4980
f 4930/3297/4982 4854/3197/4904 4856/3199/4906 4932/3299/4983
f 4932/3299/4983 4654/3301/4532 4681/3300/4531 4931/3298/4984
f 4932/3299/4983 4856/3199/4906 4650/3201/4434 4654/3301/4532
f 4647/3302/4533 4934/3305/4985 4933/3304/4986 4646/3303/4534
f 4647/3302/4533 4381/3211/4444 4859/3208/4910 4934/3305/4985
f 4934/3305/4985 4935/3306/4987 4928/3295/4981 4933/3304/4986
f 4934/3305/4985 4859/3208/4910 4860/3209/4909 4935/3306/4987
f 4935/3306/4987 4925/3291/4977 4926/3292/4976 4928/3295/4981
f 4935/3306/4987 4860/3209/4909 4862/3212/4912 4925/3291/4977
f 4933/3304/4986 4928/3295/4981 4929/3296/4980 4931/3298/4984
f 4933/3304/4986 4931/3298/4984 4681/3300/4531 4646/3303/4534
f 4925/3291/4977 4862/3212/4912 4864/3126/4845 4923/3127/4844
f 4815/3196/4901 4813/3143/4860 4814/3133/4851 4816/3132/4849
f 4936/3307/4988 4937/3308/4989 4919/3288/4974 4921/3125/4842
f 4936/3307/4988 4682/2988/4718 4693/2989/4721 4937/3308/4989
f 4937/3308/4989 4938/3287/4972 4917/3282/4969 4919/3288/4974
f 4937/3308/4989 4693/2989/4721 4939/3309/4990 4938/3287/4972
f 4939/3309/4990 4693/2989/4721 4694/2990/4720 4940/3310/4991
f 4745/3048/4780 4763/3074/4795 4760/3192/4794 4753/3057/4788 4754/3058/4787
f 4940/3310/4991 4694/2990/4720 4942/3311/4992 4941/3149/4867
f 4942/3311/4992 4943/3312/4993 4712/3148/4865 4941/3149/4867
f 4942/3311/4992 4945/3314/4994 4944/3313/4995 4943/3312/4993
f 4942/3311/4992 4694/2990/4720 4691/2991/4719 4945/3314/4994
f 4945/3314/4994 4870/3222/4920 4946/3315/4996 4944/3313/4995
f 4945/3314/4994 4691/2991/4719 4692/3221/4918 4870/3222/4920
f 4946/3315/4996 4875/3232/4925 4947/3316/4997 4944/3313/4995
f 4946/3315/4996 4872/3226/4921 4873/3229/4922 4875/3232/4925
f 4946/3315/4996 4870/3222/4920 4871/3223/4919 4872/3226/4921
f 4947/3316/4997 4948/3317/4998 4943/3312/4993 4944/3313/4995
f 4947/3316/4997 4878/3235/4928 4949/3318/4999 4948/3317/4998
f 4947/3316/4997 4875/3232/4925 4876/3233/4924 4878/3235/4928
f 4949/3318/4999 4950/3320/5000 4711/3319/5001 4948/3317/4998
f 4949/3318/4999 4952/3321/5002 4951/3238/4930 4950/3320/5000
f 4949/3318/4999 4878/3235/4928 4879/3236/4927 4952/3321/5002
f 4952/3321/5002 4710/3322/5003 4709/3241/4931 4951/3238/4930
f 4952/3321/5002 4879/3236/4927 4880/3237/4929 4710/3322/5003
f 4697/3240/4932 4709/3241/4931 4710/3322/5003 4696/3323/5004
f 4955/3249/4938 4958/3325/5005 4957/3324/5006 4956/3248/4939
f 4955/3249/4938 4739/3045/4774 4735/3041/4771 4958/3325/5005
f 4953/3247/4937 4956/3248/4939 4964/3327/5007 4713/3326/5008
f 4958/3325/5005 4733/3039/4769 4959/3328/5009 4957/3324/5006
f 4958/3325/5005 4735/3041/4771 4732/3038/4770 4733/3039/4769
f 4959/3328/5009 4962/3329/5010 4961/3169/4879 4960/3031/4759
f 4959/3328/5009 4733/3039/4769 4734/3040/4768 4962/3329/5010
f 4959/3328/5009 4960/3031/4759 4963/3028/4758 4957/3324/5006
f 4963/3028/4758 4964/3327/5007 4956/3248/4939 4957/3324/5006
f 4962/3329/5010 4966/3331/5011 4965/3330/5012 4961/3169/4879
f 4962/3329/5010 4734/3040/4768 4967/3332/5013 4966/3331/5011
f 4967/3332/5013 4721/3020/4750 4722/3021/4749 4966/3331/5011
f 4967/3332/5013 4699/2994/4724 4700/2995/4723 4721/3020/4750
f 4967/3332/5013 4734/3040/4768 4731/3037/4767 4699/2994/4724
f 4966/3331/5011 4722/3021/4749 4727/3026/4757 4965/3330/5012
f 5014/3333/5014 4971/3336/5015 4972/3335/5016 4973/3334/5017
f 4973/3334/5017 4742/3033/4764 4743/3034/4763 5014/3333/5014
f 4972/3335/5016 4725/3024/4755 4974/3337/5018 4973/3334/5017
f 4972/3335/5016 4728/3027/4756 4688/3018/4748 4725/3024/4755
f 4974/3337/5018 4977/3340/5019 4976/3339/5020 4975/3338/5021
f 4974/3337/5018 4725/3024/4755 4726/3025/4754 4977/3340/5019
f 4974/3337/5018 4975/3338/5021 4742/3033/4764 4973/3334/5017
f 4979/3341/5022 4981/3344/5023 4980/3343/5024 4978/3342/5025
f 4979/3341/5022 4892/3246/4936 4894/3257/4948 4981/3344/5023
f 4981/3344/5023 4983/3346/5026 4982/3345/5027 4980/3343/5024
f 4981/3344/5023 4894/3257/4948 4984/3347/5028 4983/3346/5026
f 4984/3347/5028 4673/3349/4580 4672/3348/4579 4983/3346/5026
f 4984/3347/5028 4897/3261/4952 4658/3350/4581 4673/3349/4580
f 4984/3347/5028 4894/3257/4948 4895/3258/4947 4897/3261/4952
f 4658/3350/4581 4897/3261/4952 4898/3262/4951 4657/3264/4497
f 5020/3351/5029 5019/3353/5030 4976/3339/5020 5021/3352/5031
f 5116/3354/5032 5115/3357/5033 5111/3356/5034 5112/3355/5035
f 4988/3358/5036 4990/3361/5037 4989/3360/5038 4987/3359/5039
f 4988/3358/5036 4905/3272/4961 4907/3273/4960 4990/3361/5037
f 4990/3362/5037 4992/3365/5040 4991/3364/5041 4989/3363/5038
f 4990/3362/5037 4907/3276/4960 4909/3277/4963 4992/3365/5040
f 4992/3365/5040 4994/3367/5042 4993/3366/5043 4991/3364/5041
f 4992/3365/5040 4909/3277/4963 4911/3279/4965 4994/3367/5042
f 4999/3368/5044 5000/3371/5045 5002/3370/5046 5001/3369/5047
f 5013/3372/5048 5014/3333/5014 4743/3034/4763 5015/3373/5049
f 5001/3369/5047 4995/3375/5050 4997/3374/5051 4999/3368/5044
f 4971/3336/5015 5012/3378/5052 5011/3377/5053 4970/3376/5054
f 4997/3374/5051 4939/3309/4990 4940/3310/4991 4999/3368/5044
f 5011/3377/5053 5010/3380/5055 4969/3379/5056 4970/3376/5054
f 5004/3381/5057 5003/3383/5058 4729/3036/4765 5005/3382/5059
f 5007/3384/5060 5008/3170/4880 4968/3386/5061 5009/3385/5062
f 5013/3372/5048 5012/3378/5052 4971/3336/5015 5014/3333/5014
f 5010/3380/5055 5009/3385/5062 4968/3386/5061 4969/3379/5056
f 4841/3387/5063 4839/3388/5064 4801/3087/4814 4806/3092/4815
f 5008/3170/4880 4961/3169/4879 4965/3330/5012 4968/3386/5061
f 5017/3389/5065 5016/3391/5066 4741/3032/4762 5018/3390/5067
f 5067/3392/5068 4549/3395/4624 4677/3394/4623 5068/3393/5069
f 5021/3352/5031 4978/3342/5025 4980/3343/5024 5022/3396/5070
f 5022/3396/5070 4980/3343/5024 4982/3345/5027 5023/3397/5071
f 5018/3390/5067 4741/3032/4762 4742/3033/4764 4975/3338/5021
f 5023/3397/5071 4982/3345/5027 4664/3399/4628 4659/3398/4627
f 4664/3399/4628 4982/3345/5027 4983/3346/5026 4672/3348/4579
f 4884/3136/4855 4886/3250/4940 4737/3043/4772 4740/3046/4776
f 4706/3400/4892 5081/3183/4891 5080/3401/5072
f 5030/3402/5073 5032/3405/5074 5031/3404/5075 5029/3403/5076
f 5030/3402/5073 4987/3359/5039 4989/3360/5038 5032/3405/5074
f 5032/3406/5074 5034/3409/5077 5033/3408/5078 5031/3407/5075
f 5032/3406/5074 4989/3363/5038 4991/3364/5041 5034/3409/5077
f 5034/3409/5077 5036/3411/5079 5035/3410/5080 5033/3408/5078
f 5034/3409/5077 4991/3364/5041 4993/3366/5043 5036/3411/5079
f 5065/3412/4638 5064/3414/5081 5020/3351/5029 5066/3413/5082
f 5035/3410/5080 5004/3381/5057 5037/3415/5083 5033/3408/5078
f 5037/3415/5083 5038/3416/5084 5031/3407/5075 5033/3408/5078
f 5037/3415/5083 5040/3418/5085 5039/3417/5086 5038/3416/5084
f 5037/3415/5083 5004/3381/5057 5005/3382/5059 5040/3418/5085
f 5040/3418/5085 5042/3420/5087 5041/3419/5088 5039/3417/5086
f 5040/3418/5085 5005/3382/5059 5006/3421/5089 5042/3420/5087
f 5042/3420/5087 5044/3423/5090 5043/3422/5091 5041/3419/5088
f 5042/3420/5087 5006/3421/5089 5007/3384/5060 5044/3423/5090
f 5044/3423/5090 5046/3425/5092 5045/3424/5093 5043/3422/5091
f 5044/3423/5090 5007/3384/5060 5009/3385/5062 5046/3425/5092
f 5046/3425/5092 5048/3427/5094 5047/3426/5095 5045/3424/5093
f 5046/3425/5092 5009/3385/5062 5010/3380/5055 5048/3427/5094
f 5048/3427/5094 5050/3429/5096 5049/3428/5097 5047/3426/5095
f 5048/3427/5094 5010/3380/5055 5011/3377/5053 5050/3429/5096
f 5050/3429/5096 5052/3431/5098 5051/3430/5099 5049/3428/5097
f 5050/3429/5096 5011/3377/5053 5012/3378/5052 5052/3431/5098
f 5052/3431/5098 5054/3433/5100 5053/3432/5101 5051/3430/5099
f 5052/3431/5098 5012/3378/5052 5013/3372/5048 5054/3433/5100
f 5054/3433/5100 5056/3435/5102 5055/3434/5103 5053/3432/5101
f 5054/3433/5100 5013/3372/5048 5015/3373/5049 5056/3435/5102
f 5084/3172/4884 5055/3438/5103 5057/3437/5104 5117/3436/5105
f 5058/3439/5106 5060/3442/5107 5059/3441/5108 5057/3440/5104
f 5058/3439/5106 5016/3391/5066 5017/3389/5065 5060/3442/5107
f 5060/3442/5107 5062/3444/5109 5061/3443/5110 5059/3441/5108
f 5060/3442/5107 5017/3389/5065 5063/3445/5111 5062/3444/5109
f 5062/3444/5109 5073/3447/5112 5074/3446/5113 5061/3443/5110
f 4996/3448/5114 4913/3449/5115 4915/3281/4966 4998/3286/4971
f 4841/3387/5063 4806/3092/4815 4807/3130/4847 4843/3185/4893
f 4996/3448/5114 4994/3367/5042 4911/3279/4965 4913/3449/5115
f 5068/3393/5069 4677/3394/4623 4656/3451/4675 5069/3450/5116
f 5068/3393/5069 5069/3450/5116 5070/3452/5117 5065/3412/4638
f 5070/3452/5117 5069/3450/5116 5072/3454/5118 5071/3453/5119
f 5070/3452/5117 5073/3447/5112 5064/3414/5081 5065/3412/4638
f 5070/3452/5117 5071/3453/5119 5074/3446/5113 5073/3447/5112
f 5074/3455/5113 5071/3458/5119 5076/3457/5120 5075/3456/5121
f 5077/3459/5122 5075/3456/5121 5110/3461/5123 5078/3460/5124
f 5094/3462/5125 5096/3270/4957 5095/3009/4739 5097/3115/4835
f 4706/3463/4892 5080/3401/5072 5078/3460/5124
f 5092/3464/5126 5091/3269/4958 5093/3466/5127 5090/3465/5128
f 5092/3464/5126 5090/3465/5128 5089/3467/5129 5087/3162/4876
f 5085/3173/4883 5053/3468/5101 5055/3438/5103 5084/3172/4884
f 5085/3173/4883 5086/3470/5130 5051/3469/5099 5053/3468/5101
f 5099/3471/5131 5027/3473/5132 5029/3403/5076 5101/3472/5133
f 5089/3467/5129 5049/3474/5097 5051/3469/5099 5086/3470/5130
f 5089/3467/5129 5090/3465/5128 5047/3475/5095 5049/3474/5097
f 5093/3466/5127 5045/3476/5093 5047/3475/5095 5090/3465/5128
f 5093/3466/5127 5094/3462/5125 5043/3477/5091 5045/3476/5093
f 4649/3478/4693 5112/3355/5035 5113/3480/5134 4648/3479/4694
f 5097/3115/4835 5041/3481/5088 5043/3477/5091 5094/3462/5125
f 5097/3115/4835 5098/3114/4834 5039/3482/5086 5041/3481/5088
f 5076/3457/5120 5111/3356/5034 5110/3461/5123 5075/3456/5121
f 5101/3472/5133 5038/3483/5084 5039/3482/5086 5098/3114/4834
f 5101/3472/5133 5029/3403/5076 5031/3404/5075 5038/3483/5084
f 5106/3484/5135 5105/3268/4955 5091/3269/4958 5092/3464/5126
f 5087/3162/4876 5107/3163/4875 5106/3484/5135 5092/3464/5126
f 4706/3485/4892 5108/3164/4874 5088/3161/4873 5083/3174/4882
f 5082/3171/4881 4706/3486/4892 5083/3174/4882
f 4649/3478/4693 4674/3487/4697 5116/3354/5032 5112/3355/5035
f 4904/3167/4877 4708/3488/4872 4903/3110/4830
f 4708/3489/4872 4790/3103/4822 4791/3107/4825
f 5112/3355/5035 5111/3356/5034 5076/3457/5120 5113/3480/5134
f 5113/3480/5134 5072/3491/5118 4655/3490/4698 4648/3479/4694
f 5113/3480/5134 5076/3457/5120 5071/3458/5119 5072/3491/5118
f 4655/3492/4698 5072/3454/5118 5069/3450/5116 4656/3451/4675
f 5115/3357/5033 5109/3493/5136 5110/3461/5123 5111/3356/5034
f 4977/3340/5019 4726/3025/4754 4979/3341/5022 4978/3342/5025
f 5117/3436/5105 5057/3437/5104 5059/3495/5108 5079/3494/5137
f 5079/3494/5137 5059/3495/5108 5061/3496/5110 5077/3459/5122
f 4953/3247/4937 4950/3320/5000 4951/3238/4930 4954/3239/4933
f 4948/3317/4998 4711/3319/5001 4712/3148/4865 4943/3312/4993
f 4953/3247/4937 4713/3326/5008 4711/3319/5001 4950/3320/5000
f 4662/3203/4436 4819/3146/4863 4820/3082/4807 4343/3151/4392
f 4730/3030/4760 4729/3036/4765 4689/3029/4761
f 4732/3038/4770 4698/2993/4725 4699/2994/4724 4731/3037/4767
f 4721/3020/4750 4700/2995/4723 4701/2996/4727 4720/3019/4751
f 4682/2988/4718 4867/3216/4915 4692/3221/4918 4691/2991/4719
f 5056/3435/5102 5015/3373/5049 5016/3391/5066 5058/3439/5106
f 4880/3237/4929 4881/3156/4870 4882/3138/4853 4695/3135/4852
f 4963/3028/4758 4689/3029/4761 4707/3035/4766 4964/3327/5007
f 4964/3327/5007 4707/3035/4766 4685/3497/5138 4686/3150/4866 4713/3326/5008
f 4805/3095/4818 4776/3134/4850 4703/3002/4730 4684/2999/4729
f 4805/3095/4818 4684/2999/4729 4704/3000/4732 4804/3094/4817
f 4912/3280/4964 4836/3181/4890 4838/3499/5139 4914/3498/5140
f 5035/3410/5080 5002/3370/5046 5003/3383/5058 5004/3381/5057
f 4936/3307/4988 4921/3125/4842 4864/3126/4845 4865/3214/4913
f 4998/3286/4971 4938/3287/4972 4939/3309/4990 4997/3374/5051
f 4775/3500/5141 4747/3050/4778 4744/3047/4777 4748/3070/4799
f 4805/3095/4818 4774/3054/4786 4775/3500/5141 4776/3134/4850
f 4792/3106/4826 4791/3107/4825 4790/3103/4822 4766/3076/4803
f 5094/3462/5125 5093/3466/5127 5091/3269/4958 5096/3270/4957
f 4785/3100/4821 4761/3065/4793 4787/3255/4945 4786/3501/5142
f 4913/3449/5115 4914/3498/5140 4916/3284/4967 4915/3281/4966
f 4911/3279/4965 4912/3280/4964 4914/3498/5140 4913/3449/5115
f 5063/3445/5111 5017/3389/5065 5018/3390/5067 5019/3353/5030
f 4780/3084/4808 4818/3147/4864 4817/3131/4848 4779/3085/4810
f 5036/3411/5079 4993/3366/5043 4995/3375/5050 5001/3369/5047
f 4936/3307/4988 4865/3214/4913 4866/3215/4914 4682/2988/4718
f 4847/3190/4897 4811/3141/4859 4849/3144/4862 4848/3294/4978
f 4775/3500/5141 4748/3070/4799 4777/3071/4798 4776/3134/4850
f 5002/3370/5046 5035/3410/5080 5036/3411/5079 5001/3369/5047
f 4710/3322/5003 4880/3237/4929 4695/3135/4852 4696/3323/5004
f 4737/3043/4772 4886/3250/4940 4887/3251/4943 4736/3042/4773
f 4823/3502/5143 4824/3504/5144 4786/3501/5142 4825/3503/5145
f 5114/3505/5146 5099/3471/5131 5100/3010/4738 5102/3007/4737
f 4708/3506/4872 4791/3107/4825 4827/3104/4824
f 4823/3502/5143 4669/3508/4711 4304/3507/4710 4824/3504/5144
f 4824/3504/5144 4304/3507/4710 4666/3096/4342 4783/3097/4819
f 4800/3089/4812 4771/3056/4784 4773/3053/4783 4802/3088/4813
f 4924/3290/4975 4846/3189/4898 4847/3190/4897 4848/3294/4978
f 4784/3062/4792 4758/3061/4790 4756/3059/4789 4759/3191/4820
f 4750/3005/4735 4744/3047/4777 4745/3048/4780 4754/3058/4787
f 4652/3225/4458 4869/3220/4917 4868/3217/4916 4676/3218/4451
f 4866/3215/4914 4867/3216/4915 4682/2988/4718
f 4740/3046/4776 4696/3323/5004 4695/3135/4852 4884/3136/4855
f 4738/3044/4775 4696/3323/5004 4740/3046/4776
f 4685/3497/5138 4707/3035/4766 5003/3383/5058
f 4736/3042/4773 4887/3251/4943 4890/3260/4949 4891/3256/4946
f 4893/3245/4935 4724/3023/4752 4891/3256/4946 4890/3260/4949
f 5020/3351/5029 5064/3414/5081 5063/3445/5111 5019/3353/5030
f 5098/3114/4834 5100/3010/4738 5099/3471/5131 5101/3472/5133
f 4914/3498/5140 4838/3499/5139 4840/3285/4970 4916/3284/4967
f 4922/3128/4843 4846/3189/4898 4924/3290/4975 4923/3127/4844
f 4738/3044/4775 4739/3045/4774 4697/3240/4932 4696/3323/5004
f 4968/3386/5061 4965/3330/5012 4727/3026/4757 4969/3379/5056
f 4728/3027/4756 4970/3376/5054 4969/3379/5056 4727/3026/4757
f 4787/3255/4945 4788/3254/4944 4708/3510/4872 4826/3509/5147
f 4789/3102/4823 4788/3254/4944 4762/3066/4796 4764/3072/4801
f 4995/3375/5050 4996/3448/5114 4998/3286/4971 4997/3374/5051
f 5000/3371/5045 4685/3497/5138 5003/3383/5058 5002/3370/5046
f 4941/3149/4867 4686/3150/4866 4685/3497/5138 5000/3371/5045
f 5068/3393/5069 5065/3412/4638 5066/3413/5082 5067/3392/5068
f 4999/3368/5044 4940/3310/4991 4941/3149/4867 5000/3371/5045
f 4840/3285/4970 4838/3499/5139 4839/3388/5064 4841/3387/5063
f 4836/3181/4890 4837/3182/4889 4839/3388/5064 4838/3499/5139
f 4741/3032/4762 5016/3391/5066 5015/3373/5049 4743/3034/4763
f 4995/3375/5050 4993/3366/5043 4994/3367/5042 4996/3448/5114
f 5066/3413/5082 5022/3396/5070 5023/3397/5071 5067/3392/5068
f 5066/3413/5082 5020/3351/5029 5021/3352/5031 5022/3396/5070
f 4976/3339/5020 5019/3353/5030 5018/3390/5067 4975/3338/5021
f 5067/3392/5068 5023/3397/5071 4659/3398/4627 4549/3395/4624
f 5021/3352/5031 4976/3339/5020 4977/3340/5019 4978/3342/5025
f 4826/3509/5147 4825/3503/5145 4786/3501/5142 4787/3255/4945
f 4985/3166/4878 4904/3167/4877 4905/3272/4961 4988/3358/5036
f 5117/3436/5105 5079/3494/5137 5080/3401/5072 5081/3183/4891
f 4837/3182/4889 4799/3086/4811 4801/3087/4814 4839/3388/5064
f 4840/3285/4970 4841/3387/5063 4843/3185/4893 4842/3186/4896
f 4971/3336/5015 4970/3376/5054 4728/3027/4756 4972/3335/5016
f 5055/3434/5103 5056/3435/5102 5058/3439/5106 5057/3440/5104
f 4723/3022/4753 4892/3246/4936 4979/3341/5022 4726/3025/4754
f 4730/3030/4760 5006/3421/5089 5005/3382/5059 4729/3036/4765
f 5007/3384/5060 5006/3421/5089 4730/3030/4760 5008/3170/4880
f 5028/3511/5148 4986/3512/5149 4987/3359/5039 5030/3402/5073
f 4986/3512/5149 4985/3166/4878 4988/3358/5036 4987/3359/5039
f 5079/3494/5137 5077/3459/5122 5078/3460/5124 5080/3401/5072
f 5027/3473/5132 5028/3511/5148 5030/3402/5073 5029/3403/5076
f 5086/3470/5130 5085/3173/4883 5083/3174/4882 5088/3161/4873
f 5086/3470/5130 5088/3161/4873 5087/3162/4876 5089/3467/5129
f 4824/3504/5144 4783/3097/4819 4785/3100/4821 4786/3501/5142
f 5027/3473/5132 5026/3514/5150 5025/3513/5151 5028/3511/5148
f 5096/3270/4957 5104/3271/4956 5103/3008/4740 5095/3009/4739
f 5025/3513/5151 5024/3515/5152 4986/3512/5149 5028/3511/5148
f 4708/3516/4872 4828/3109/4829 4829/3116/4836
f 4708/3517/4872 4788/3254/4944 4789/3102/4823
f 5114/3505/5146 5026/3514/5150 5027/3473/5132 5099/3471/5131
f 5024/3515/5152 4708/3165/4872 4985/3166/4878 4986/3512/5149
f 4904/3167/4877 4903/3110/4830 4906/3111/4833 4905/3272/4961
f 5073/3447/5112 5062/3444/5109 5063/3445/5111 5064/3414/5081
f 5061/3496/5110 5074/3455/5113 5075/3456/5121 5077/3459/5122
f 5110/3461/5123 5109/3493/5136 4706/3463/4892 5078/3460/5124
f 5082/3171/4881 5084/3172/4884 5117/3436/5105 5081/3183/4891
f 4883/3157/4871 4822/3155/4868 4667/3152/4393 4668/3244/4477
f 4774/3054/4786 4772/3055/4785 4747/3050/4778 4775/3500/5141
f 4850/3145/4861 4812/3142/4858 4813/3143/4860 4815/3196/4901
f 5003/3383/5058 4707/3035/4766 4729/3036/4765
f 4686/3150/4866 4712/3148/4865 4711/3319/5001 4713/3326/5008
f 5182/3518/5153 5397/3519/5154 5396/3520/5155 5181/3521/5156
f 5174/3522/5157 5185/3523/5158 5172/3524/5159 5170/3525/5160
f 5173/3526/5161 5180/3527/5162 5186/3528/5163
f 5199/3529/5164 5265/3530/5165 5198/3531/5166 5210/3532/5167
f 5180/3533/5162 5173/3534/5161 5255/3535/5168
f 5335/3536/5169 5363/3537/5170 5333/3538/5171 5334/3539/5172
f 5175/3540/5173 5179/3541/5174 5178/3542/5175 5177/3543/5176
f 5174/3522/5157 5187/3544/5177 5250/3545/5178 5249/3546/5179
f 5183/3547/5180 5184/3548/5181 5247/3549/5182 5246/3550/5183
f 5183/3551/5180 5188/3552/5184 5219/3553/5185 5172/3554/5159
f 5337/3555/5186 5171/3556/5187 5304/3557/5188 5305/3558/5189
f 5217/3559/5190 5218/3560/5191 5219/3553/5185 5242/3561/5192
f 5172/3554/5159 5219/3553/5185 5218/3560/5191 5190/3562/5193
f 5177/3543/5176 5176/3563/5194 5175/3540/5173
f 5181/3521/5156 5396/3520/5155 5395/3564/5195
f 5129/3565/5196 5359/3566/5197 5392/3567/5198 5133/3568/5199
f 5334/3539/5172 5302/3569/5200 5171/3556/5187 5335/3536/5169
f 5185/3523/5158 5184/3548/5181 5183/3547/5180 5172/3524/5159
f 5190/3562/5193 5269/3570/5201 5256/3571/5202 5170/3572/5160
f 5185/3523/5158 5174/3522/5157 5249/3546/5179
f 5186/3528/5163 5251/3573/5203 5187/3544/5177
f 5171/3556/5187 5302/3569/5200 5303/3574/5204
f 5196/3575/5205 5212/3576/5206 5198/3531/5166 5197/3577/5207
f 5183/3547/5180 5246/3550/5183 5189/3578/5208
f 5170/3572/5160 5256/3571/5202 5255/3535/5168 5173/3534/5161
f 5191/3579/5209 5269/3570/5201 5190/3562/5193 5218/3560/5191
f 5192/3580/5210 5217/3559/5190 5220/3581/5211 5216/3582/5212
f 5190/3562/5193 5170/3572/5160 5172/3554/5159
f 5193/3583/5213 5268/3584/5214 5191/3579/5209 5192/3580/5210
f 5192/3580/5210 5216/3582/5212 5194/3585/5215 5193/3583/5213
f 5195/3586/5216 5267/3587/5217 5193/3583/5213 5194/3585/5215
f 5194/3585/5215 5214/3588/5218 5196/3575/5205 5195/3586/5216
f 5197/3577/5207 5266/3589/5219 5195/3586/5216 5196/3575/5205
f 5222/3590/5220 5236/3591/5221 5223/3592/5222 5211/3593/5223
f 5262/3594/5224 5266/3589/5219 5197/3577/5207 5263/3595/5225
f 5201/3596/5226 5202/3597/5227 5264/3598/5228 5200/3599/5229
f 5207/3600/5230 5208/3601/5231 5226/3602/5232 5231/3603/5233
f 5201/3596/5226 5225/3604/5234 5226/3602/5232 5208/3601/5231
f 5203/3605/5235 5202/3597/5227 5201/3596/5226 5208/3601/5231
f 5118/3606/5236 5125/3607/5237 5204/3608/5238 5206/3609/5239
f 5202/3597/5227 5203/3605/5235 5124/3610/5240 5123/3611/5241
f 5205/3612/5242 5271/3613/5243 5121/3614/5244 5119/3615/5245
f 5204/3608/5238 5207/3600/5230 5227/3616/5246 5206/3609/5239
f 5118/3606/5236 5206/3609/5239 5205/3612/5242 5119/3615/5245
f 5228/3617/5247 5272/3618/5248 5270/3619/5249 5271/3613/5243
f 5301/3620/5250 5272/3618/5248 5302/3569/5200 5334/3539/5172
f 5203/3605/5235 5208/3601/5231 5207/3600/5230 5204/3608/5238
f 5227/3616/5246 5230/3621/5251 5273/3622/5252 5229/3623/5253
f 5205/3612/5242 5229/3623/5253 5228/3617/5247 5271/3613/5243
f 5262/3594/5224 5299/3624/5254 5261/3625/5255 5266/3589/5219
f 5200/3599/5229 5209/3626/5256 5225/3604/5234 5201/3596/5226
f 5199/3529/5164 5210/3532/5167 5209/3626/5256 5200/3599/5229
f 5198/3531/5166 5212/3576/5206 5211/3593/5223 5210/3532/5167
f 5205/3612/5242 5206/3609/5239 5227/3616/5246 5229/3623/5253
f 5196/3575/5205 5214/3588/5218 5213/3627/5257 5212/3576/5206
f 5194/3585/5215 5216/3582/5212 5215/3628/5258 5214/3588/5218
f 5221/3629/5259 5238/3630/5260 5222/3590/5220 5213/3627/5257
f 5191/3579/5209 5218/3560/5191 5217/3559/5190 5192/3580/5210
f 5220/3581/5211 5241/3631/5261 5279/3632/5262 5240/3633/5263
f 5221/3629/5259 5239/3634/5264 5278/3635/5265 5238/3630/5260
f 5215/3628/5258 5216/3582/5212 5220/3581/5211 5240/3633/5263
f 5257/3636/5266 5296/3637/5267 5256/3571/5202 5269/3570/5201
f 5213/3627/5257 5214/3588/5218 5215/3628/5258 5221/3629/5259
f 5211/3593/5223 5212/3576/5206 5213/3627/5257 5222/3590/5220
f 5209/3626/5256 5210/3532/5167 5211/3593/5223 5223/3592/5222
f 5276/3638/5268 5308/3639/5269 5275/3640/5270 5234/3641/5271
f 5224/3642/5272 5225/3604/5234 5209/3626/5256 5223/3592/5222
f 5224/3642/5272 5233/3643/5273 5226/3602/5232 5225/3604/5234
f 5207/3600/5230 5231/3603/5233 5230/3621/5251 5227/3616/5246
f 5322/3644/5274 5355/3645/5275 5354/3646/5276 5353/3647/5277
f 5274/3648/5278 5304/3557/5188 5273/3622/5252 5230/3621/5251
f 5226/3602/5232 5233/3643/5273 5232/3649/5279 5231/3603/5233
f 5275/3640/5270 5306/3650/5280 5274/3648/5278 5232/3649/5279
f 5222/3590/5220 5238/3630/5260 5237/3651/5281 5236/3591/5221
f 5235/3652/5282 5234/3641/5271 5233/3643/5273 5224/3642/5272
f 5224/3642/5272 5223/3592/5222 5236/3591/5221 5235/3652/5282
f 5236/3591/5221 5237/3651/5281 5277/3653/5283 5235/3652/5282
f 5215/3628/5258 5240/3633/5263 5239/3634/5264 5221/3629/5259
f 5239/3634/5264 5240/3633/5263 5279/3632/5262 5313/3654/5284
f 5307/3655/5285 5308/3639/5269 5339/3656/5286 5369/3657/5287
f 5217/3559/5190 5242/3561/5192 5241/3631/5261 5220/3581/5211
f 5295/3658/5288 5296/3637/5267 5257/3636/5266 5258/3659/5289
f 5241/3631/5261 5281/3660/5290 5280/3661/5291 5279/3632/5262
f 5241/3631/5261 5242/3561/5192 5243/3662/5292 5281/3660/5290
f 5219/3553/5185 5188/3552/5184 5243/3662/5292 5242/3561/5192
f 5188/3552/5184 5189/3663/5208 5244/3664/5293 5243/3662/5292
f 5189/3578/5208 5246/3550/5183 5245/3665/5294 5244/3666/5293
f 5245/3665/5294 5246/3550/5183 5247/3549/5182 5285/3667/5295
f 5259/3668/5296 5267/3587/5217 5261/3625/5255 5260/3669/5297
f 5248/3670/5298 5287/3671/5299 5247/3549/5182 5184/3548/5181
f 5184/3548/5181 5185/3523/5158 5249/3546/5179 5248/3670/5298
f 5249/3546/5179 5250/3545/5178 5289/3672/5300 5248/3670/5298
f 5320/3673/5301 5351/3674/5302 5319/3675/5303 5286/3676/5304
f 5253/3677/5305 5293/3678/5306 5292/3679/5307 5251/3573/5203 5252/3680/5308
f 5252/3680/5308 5251/3573/5203 5186/3528/5163
f 5257/3636/5266 5269/3570/5201 5191/3579/5209 5268/3584/5214
f 5180/3533/5162 5255/3535/5168 5254/3681/5309 5253/3682/5305
f 5254/3681/5309 5255/3535/5168 5256/3571/5202 5296/3637/5267
f 5297/3683/5310 5328/3684/5311 5295/3658/5288 5258/3659/5289
f 5257/3636/5266 5268/3584/5214 5259/3668/5296 5258/3659/5289
f 5260/3669/5297 5297/3683/5310 5258/3659/5289 5259/3668/5296
f 5271/3613/5243 5270/3619/5249 5120/3685/5312 5121/3614/5244
f 5270/3619/5249 5300/3686/5313 5127/3687/5314 5120/3685/5312
f 5263/3595/5225 5197/3577/5207 5198/3531/5166 5265/3530/5165
f 5126/3688/5315 5127/3687/5314 5300/3686/5313 5331/3689/5316
f 5122/3690/5317 5264/3598/5228 5202/3597/5227 5123/3611/5241
f 5124/3610/5240 5203/3605/5235 5204/3608/5238 5125/3607/5237
f 5261/3625/5255 5267/3587/5217 5195/3586/5216 5266/3589/5219
f 5259/3668/5296 5268/3584/5214 5193/3583/5213 5267/3587/5217
f 5272/3618/5248 5301/3620/5250 5300/3686/5313 5270/3619/5249
f 5248/3670/5298 5289/3672/5300 5288/3691/5318 5287/3671/5299
f 5237/3651/5281 5311/3692/5319 5310/3693/5320 5277/3653/5283
f 5232/3649/5279 5233/3643/5273 5234/3641/5271 5275/3640/5270
f 5301/3620/5250 5334/3539/5172 5333/3538/5171 5332/3694/5321
f 5228/3617/5247 5303/3574/5204 5302/3569/5200 5272/3618/5248
f 5260/3669/5297 5298/3695/5322 5329/3696/5323 5297/3683/5310
f 5228/3617/5247 5229/3623/5253 5273/3622/5252 5303/3574/5204
f 5230/3621/5251 5231/3603/5233 5232/3649/5279 5274/3648/5278
f 5292/3679/5307 5323/3697/5324 5291/3698/5325 5251/3573/5203
f 5234/3641/5271 5235/3652/5282 5277/3653/5283 5276/3638/5268
f 5278/3635/5265 5312/3699/5326 5341/3700/5327 5311/3692/5319
f 5237/3651/5281 5238/3630/5260 5278/3635/5265 5311/3692/5319
f 5250/3545/5178 5291/3698/5325 5290/3701/5328 5289/3672/5300
f 5280/3661/5291 5281/3660/5290 5282/3702/5329 5316/3703/5330
f 5243/3662/5292 5244/3664/5293 5282/3702/5329 5281/3660/5290
f 5244/3666/5293 5245/3665/5294 5283/3704/5331 5282/3705/5329
f 5245/3665/5294 5285/3667/5295 5284/3706/5332 5283/3704/5331
f 5247/3549/5182 5287/3671/5299 5286/3676/5304 5285/3667/5295
f 5321/3707/5333 5352/3708/5334 5320/3673/5301 5288/3691/5318
f 5290/3701/5328 5321/3707/5333 5288/3691/5318 5289/3672/5300
f 5284/3706/5332 5285/3667/5295 5286/3676/5304 5319/3675/5303
f 5276/3638/5268 5309/3709/5335 5339/3656/5286 5308/3639/5269
f 5323/3697/5324 5324/3710/5336 5355/3645/5275 5322/3644/5274
f 5322/3644/5274 5353/3647/5277 5321/3707/5333 5290/3701/5328
f 5253/3682/5305 5254/3681/5309 5294/3711/5337 5293/3712/5306
f 5254/3681/5309 5296/3637/5267 5295/3658/5288 5294/3711/5337
f 5131/3713/5338 5134/3714/5339 5357/3715/5340 5358/3716/5341
f 5338/3717/5342 5367/3718/5343 5337/3555/5186 5305/3558/5189
f 5387/3719/5344 5419/3720/5345 5354/3646/5276 5355/3645/5275
f 5261/3625/5255 5299/3624/5254 5298/3695/5322 5260/3669/5297
f 5360/3721/5346 5130/3722/5347 5128/3723/5348 5330/3724/5349
f 5301/3620/5250 5332/3694/5321 5331/3689/5316 5300/3686/5313
f 5324/3710/5336 5388/3725/5350 5387/3719/5344 5355/3645/5275
f 5273/3622/5252 5304/3557/5188 5171/3556/5187 5303/3574/5204
f 5274/3648/5278 5306/3650/5280 5305/3558/5189 5304/3557/5188
f 5275/3640/5270 5308/3639/5269 5307/3655/5285 5306/3650/5280
f 5339/3656/5286 5370/3726/5351 5402/3727/5352 5369/3657/5287
f 5310/3693/5320 5309/3709/5335 5276/3638/5268 5277/3653/5283
f 5310/3693/5320 5340/3728/5353 5371/3729/5354 5309/3709/5335
f 5239/3634/5264 5313/3654/5284 5312/3699/5326 5278/3635/5265
f 5357/3715/5340 5422/3730/5355 5356/3731/5356 5329/3696/5323
f 5356/3731/5356 5328/3684/5311 5297/3683/5310 5329/3696/5323
f 5312/3699/5326 5343/3732/5357 5342/3733/5358 5341/3700/5327
f 5312/3699/5326 5313/3654/5284 5314/3734/5359 5343/3732/5357
f 5384/3735/5360 5385/3736/5361 5386/3737/5362 5417/3738/5363
f 5279/3632/5262 5280/3661/5291 5314/3734/5359 5313/3654/5284
f 5280/3661/5291 5316/3703/5330 5315/3739/5364 5314/3734/5359
f 5315/3740/5364 5316/3741/5330 5317/3742/5365 5346/3743/5366
f 5282/3705/5329 5283/3704/5331 5317/3742/5365 5316/3741/5330
f 5283/3704/5331 5284/3706/5332 5318/3744/5367 5317/3742/5365
f 5319/3675/5303 5349/3745/5368 5318/3744/5367 5284/3706/5332
f 5286/3676/5304 5287/3671/5299 5288/3691/5318 5320/3673/5301
f 5319/3675/5303 5351/3674/5302 5350/3746/5369 5349/3745/5368
f 5292/3679/5307 5325/3747/5370 5324/3710/5336 5323/3697/5324
f 5389/3748/5371 5454/3749/5372 5453/3750/5373 5388/3725/5350
f 5291/3698/5325 5323/3697/5324 5322/3644/5274 5290/3701/5328
f 5338/3717/5342 5368/3751/5374 5401/3752/5375 5367/3718/5343
f 5292/3679/5307 5293/3678/5306 5326/3753/5376 5325/3747/5370
f 5293/3712/5306 5294/3711/5337 5327/3754/5377 5326/3755/5376
f 5294/3711/5337 5295/3658/5288 5328/3684/5311 5327/3754/5377
f 5336/3756/5378 5335/3536/5169 5171/3556/5187 5337/3555/5186
f 5126/3688/5315 5331/3689/5316 5330/3724/5349 5128/3723/5348
f 5332/3694/5321 5361/3757/5379 5330/3724/5349 5331/3689/5316
f 5182/3518/5153 5181/3521/5156 5393/3758/5380 5394/3759/5381
f 5362/3760/5382 5361/3757/5379 5332/3694/5321 5333/3538/5171
f 5325/3747/5370 5389/3748/5371 5388/3725/5350 5324/3710/5336
f 5425/3761/5383 5392/3567/5198 5359/3566/5197 5393/3758/5380
f 5353/3647/5277 5385/3736/5361 5352/3708/5334 5321/3707/5333
f 5336/3756/5378 5364/3762/5384 5363/3537/5170 5335/3536/5169
f 5307/3655/5285 5369/3657/5287 5368/3751/5374 5338/3717/5342
f 5305/3558/5189 5306/3650/5280 5307/3655/5285 5338/3717/5342
f 5341/3700/5327 5340/3728/5353 5310/3693/5320 5311/3692/5319
f 5417/3738/5363 5449/3763/5385 5416/3764/5386 5384/3735/5360
f 5342/3733/5358 5343/3732/5357 5344/3765/5387 5376/3766/5388
f 5314/3734/5359 5315/3739/5364 5344/3765/5387 5343/3732/5357
f 5315/3740/5364 5346/3743/5366 5345/3767/5389 5344/3768/5387
f 5345/3767/5389 5346/3743/5366 5347/3769/5390 5380/3770/5391
f 5317/3742/5365 5318/3744/5367 5347/3769/5390 5346/3743/5366
f 5318/3744/5367 5349/3745/5368 5348/3771/5392 5347/3769/5390
f 5383/3772/5393 5415/3773/5394 5350/3746/5369 5351/3674/5302
f 5352/3708/5334 5383/3772/5393 5351/3674/5302 5320/3673/5301
f 5381/3774/5395 5413/3775/5396 5412/3776/5397 5411/3777/5398
f 5400/3778/5399 5431/3779/5400 5459/3780/5401 5430/3781/5402
f 5357/3715/5340 5329/3696/5323 5298/3695/5322 5358/3716/5341
f 5356/3731/5356 5422/3730/5355 5421/3782/5403 5391/3783/5404
f 5366/3784/5405 5433/3785/5406 5432/3786/5407 5365/3787/5408
f 5326/3753/5376 5390/3788/5409 5389/3748/5371 5325/3747/5370
f 5327/3754/5377 5391/3783/5404 5390/3789/5409 5326/3755/5376
f 5328/3684/5311 5356/3731/5356 5391/3783/5404 5327/3754/5377
f 5387/3719/5344 5452/3790/5410 5451/3791/5411 5419/3720/5345
f 5395/3564/5195 5425/3761/5383 5393/3758/5380 5181/3521/5156
f 5182/3518/5153 5362/3760/5382 5398/3792/5412 5397/3519/5154
f 5336/3756/5378 5366/3784/5405 5365/3787/5408 5364/3762/5384
f 5360/3721/5346 5359/3566/5197 5129/3565/5196 5130/3722/5347
f 5416/3764/5386 5447/3793/5413 5414/3794/5414 5415/3773/5394
f 5364/3762/5384 5399/3795/5415 5398/3792/5412 5363/3537/5170
f 5401/3752/5375 5434/3796/5416 5460/3797/5417 5433/3785/5406
f 5337/3555/5186 5367/3718/5343 5366/3784/5405 5336/3756/5378
f 5368/3751/5374 5369/3657/5287 5402/3727/5352 5435/3798/5418
f 5423/3799/5419 5478/3800/5420 5136/3801/5421 5135/3802/5422
f 5309/3709/5335 5371/3729/5354 5370/3726/5351 5339/3656/5286
f 5134/3714/5339 5138/3803/5423 5422/3730/5355 5357/3715/5340
f 5370/3726/5351 5404/3804/5424 5403/3805/5425 5402/3727/5352
f 5370/3726/5351 5371/3729/5354 5372/3806/5426 5404/3804/5424
f 5416/3764/5386 5415/3773/5394 5383/3772/5393 5384/3735/5360
f 5344/3768/5387 5345/3767/5389 5378/3807/5427 5376/3808/5388
f 5340/3728/5353 5373/3809/5428 5372/3806/5426 5371/3729/5354
f 5375/3810/5429 5374/3811/5430 5372/3806/5426 5373/3809/5428
f 5342/3733/5358 5376/3766/5388 5375/3810/5429 5373/3809/5428
f 5340/3728/5353 5341/3700/5327 5342/3733/5358 5373/3809/5428
f 5378/3807/5427 5377/3812/5431 5375/3813/5429 5376/3808/5388
f 5345/3767/5389 5380/3770/5391 5379/3814/5432 5378/3807/5427
f 5347/3769/5390 5348/3771/5392 5381/3774/5395 5380/3770/5391
f 5382/3815/5433 5413/3775/5396 5381/3774/5395 5348/3771/5392
f 5348/3771/5392 5349/3745/5368 5350/3746/5369 5382/3815/5433
f 5409/3816/5434 5410/3817/5435 5443/3818/5436 5408/3819/5437
f 5384/3735/5360 5383/3772/5393 5352/3708/5334 5385/3736/5361
f 5386/3737/5362 5385/3736/5361 5353/3647/5277 5354/3646/5276
f 5363/3537/5170 5398/3792/5412 5362/3760/5382 5333/3538/5171
f 5429/3820/5438 5458/3821/5439 5479/3822/5440 5457/3823/5441
f 5133/3568/5199 5392/3567/5198 5424/3824/5442 5132/3825/5443
f 5392/3567/5198 5425/3761/5383 5455/3826/5444 5424/3824/5442
f 5426/3827/5445 5455/3826/5444 5425/3761/5383 5395/3564/5195
f 5412/3776/5397 5471/3828/5446 5470/3829/5447 5445/3830/5448
f 5394/3759/5381 5393/3758/5380 5359/3566/5197 5360/3721/5346
f 5361/3757/5379 5394/3759/5381 5360/3721/5346 5330/3724/5349
f 5362/3760/5382 5182/3518/5153 5394/3759/5381 5361/3757/5379
f 5386/3737/5362 5418/3831/5449 5450/3832/5450 5417/3738/5363
f 5399/3795/5415 5428/3833/5451 5397/3519/5154 5398/3792/5412
f 5396/3520/5155 5427/3834/5452 5426/3827/5445 5395/3564/5195
f 5397/3519/5154 5428/3833/5451 5427/3834/5452 5396/3520/5155
f 5400/3778/5399 5430/3781/5402 5428/3833/5451 5399/3795/5415
f 5447/3793/5413 5472/3835/5453 5446/3836/5454 5414/3794/5414
f 5400/3778/5399 5399/3795/5415 5364/3762/5384 5365/3787/5408
f 5401/3752/5375 5433/3785/5406 5366/3784/5405 5367/3718/5343
f 5368/3751/5374 5435/3798/5418 5434/3796/5416 5401/3752/5375
f 5416/3764/5386 5449/3763/5385 5448/3837/5455 5447/3793/5413
f 5403/3805/5425 5404/3804/5424 5405/3838/5456 5438/3839/5457
f 5372/3806/5426 5374/3811/5430 5405/3838/5456 5404/3804/5424
f 5374/3840/5430 5407/3841/5458 5406/3842/5459 5405/3843/5456
f 5406/3842/5459 5407/3841/5458 5408/3819/5437 5441/3844/5460
f 5379/3814/5432 5380/3770/5391 5381/3774/5395 5411/3777/5398
f 5377/3812/5431 5409/3816/5434 5408/3819/5437 5407/3841/5458
f 5374/3840/5430 5375/3813/5429 5377/3812/5431 5407/3841/5458
f 5411/3777/5398 5410/3817/5435 5409/3816/5434 5379/3814/5432
f 5377/3812/5431 5378/3807/5427 5379/3814/5432 5409/3816/5434
f 5414/3794/5414 5382/3815/5433 5350/3746/5369 5415/3773/5394
f 5468/3845/5461 5493/3846/5462 5467/3847/5463 5442/3848/5464
f 5354/3646/5276 5419/3720/5345 5418/3831/5449 5386/3737/5362
f 5418/3831/5449 5419/3720/5345 5451/3791/5411 5477/3849/5465
f 5451/3791/5411 5145/3850/5466 5144/3851/5467 5477/3849/5465
f 5365/3787/5408 5432/3786/5407 5431/3779/5400 5400/3778/5399
f 5420/3852/5468 5140/3853/5469 5139/3854/5470 5454/3749/5372
f 5388/3725/5350 5453/3750/5373 5452/3790/5410 5387/3719/5344
f 5139/3854/5470 5147/3855/5471 5453/3750/5373 5454/3749/5372
f 5390/3788/5409 5420/3852/5468 5454/3749/5372 5389/3748/5371
f 5421/3782/5403 5420/3856/5468 5390/3789/5409 5391/3783/5404
f 5479/3822/5440 5503/3857/5472 5456/3858/5473 5457/3823/5441
f 5132/3825/5443 5424/3824/5442 5423/3799/5419 5135/3802/5422
f 5424/3824/5442 5455/3826/5444 5456/3858/5473 5423/3799/5419
f 5458/3821/5439 5505/3859/5474 5504/3860/5475 5479/3822/5440
f 5426/3827/5445 5457/3823/5441 5456/3858/5473 5455/3826/5444
f 5449/3763/5385 5475/3861/5476 5474/3862/5477 5448/3837/5455
f 5449/3763/5385 5417/3738/5363 5450/3832/5450 5475/3861/5476
f 5427/3834/5452 5429/3820/5438 5457/3823/5441 5426/3827/5445
f 5430/3781/5402 5429/3820/5438 5427/3834/5452 5428/3833/5451
f 5432/3786/5407 5484/3863/5478 5481/3864/5479 5431/3779/5400
f 5530/3865/5480 5502/3866/5481 5478/3800/5420 5503/3857/5472
f 5136/3801/5421 5478/3800/5420 5502/3866/5481 5143/3867/5482
f 5434/3796/5416 5462/3868/5483 5461/3869/5484 5460/3797/5417
f 5434/3796/5416 5435/3798/5418 5436/3870/5485 5462/3868/5483
f 5473/3871/5486 5498/3872/5487 5496/3873/5488 5472/3835/5453
f 5402/3727/5352 5403/3805/5425 5436/3870/5485 5435/3798/5418
f 5403/3805/5425 5438/3839/5457 5437/3874/5489 5436/3870/5485
f 5437/3875/5489 5438/3876/5457 5439/3877/5490 5465/3878/5491
f 5405/3843/5456 5406/3842/5459 5439/3877/5490 5438/3876/5457
f 5406/3842/5459 5441/3844/5460 5440/3879/5492 5439/3877/5490
f 5408/3819/5437 5443/3818/5436 5442/3848/5464 5441/3844/5460
f 5446/3836/5454 5471/3828/5446 5412/3776/5397 5413/3775/5396
f 5472/3835/5453 5496/3873/5488 5471/3828/5446 5446/3836/5454
f 5445/3830/5448 5444/3880/5493 5443/3818/5436 5410/3817/5435
f 5410/3817/5435 5411/3777/5398 5412/3776/5397 5445/3830/5448
f 5440/3879/5492 5441/3844/5460 5442/3848/5464 5467/3847/5463
f 5382/3815/5433 5414/3794/5414 5446/3836/5454 5413/3775/5396
f 5473/3871/5486 5472/3835/5453 5447/3793/5413 5448/3837/5455
f 5474/3862/5477 5475/3861/5476 5500/3881/5494 5526/3882/5495
f 5450/3832/5450 5476/3883/5496 5500/3881/5494 5475/3861/5476
f 5423/3799/5419 5456/3858/5473 5503/3857/5472 5478/3800/5420
f 5421/3782/5403 5137/3884/5497 5140/3885/5469 5420/3856/5468
f 5138/3803/5423 5137/3884/5497 5421/3782/5403 5422/3730/5355
f 5473/3871/5486 5499/3886/5498 5524/3887/5499 5498/3872/5487
f 5499/3886/5498 5473/3871/5486 5448/3837/5455 5474/3862/5477
f 5459/3780/5401 5458/3821/5439 5429/3820/5438 5430/3781/5402
f 5460/3797/5417 5484/3863/5478 5432/3786/5407 5433/3785/5406
f 5460/3797/5417 5461/3869/5484 5483/3888/5500 5484/3863/5478
f 5461/3869/5484 5462/3868/5483 5463/3889/5501 5486/3890/5502
f 5436/3870/5485 5437/3874/5489 5463/3889/5501 5462/3868/5483
f 5437/3875/5489 5465/3878/5491 5464/3891/5503 5463/3892/5501
f 5464/3891/5503 5465/3878/5491 5466/3893/5504 5489/3894/5505
f 5439/3877/5490 5440/3879/5492 5466/3893/5504 5465/3878/5491
f 5467/3847/5463 5491/3895/5506 5466/3893/5504 5440/3879/5492
f 5442/3848/5464 5443/3818/5436 5444/3880/5493 5468/3845/5461
f 5517/3896/5507 5541/3897/5508 5516/3898/5509 5490/3899/5510
f 5470/3829/5447 5469/3900/5511 5444/3880/5493 5445/3830/5448
f 5498/3872/5487 5497/3901/5512 5495/3902/5513 5496/3873/5488
f 5500/3881/5494 5150/3903/5514 5154/3904/5515 5526/3882/5495
f 5418/3831/5449 5477/3849/5465 5476/3883/5496 5450/3832/5450
f 5476/3883/5496 5477/3849/5465 5144/3851/5467 5151/3905/5516
f 5148/3906/5517 5527/3907/5518 5549/3908/5519 5153/3909/5520
f 5141/3910/5521 5529/3911/5522 5528/3912/5523 5149/3913/5524
f 5453/3750/5373 5147/3855/5471 5146/3914/5525 5452/3790/5410
f 5452/3790/5410 5146/3914/5525 5145/3850/5466 5451/3791/5411
f 5479/3822/5440 5504/3860/5475 5530/3865/5480 5503/3857/5472
f 5497/3901/5512 5523/3915/5526 5546/3916/5527 5522/3917/5528
f 5444/3880/5493 5469/3900/5511 5494/3918/5529 5468/3845/5461
f 5504/3860/5475 5506/3919/5530 5552/3920/5531 5530/3865/5480
f 5459/3780/5401 5480/3921/5532 5505/3859/5474 5458/3821/5439
f 5431/3779/5400 5481/3864/5479 5480/3921/5532 5459/3780/5401
f 5480/3921/5532 5481/3864/5479 5482/3922/5533 5508/3923/5534
f 5544/3924/5535 5561/3925/5536 5543/3926/5537 5520/3927/5538
f 5484/3863/5478 5483/3888/5500 5482/3922/5533 5481/3864/5479
f 5461/3869/5484 5486/3890/5502 5485/3928/5539 5483/3888/5500
f 5485/3929/5539 5486/3930/5502 5487/3931/5540 5514/3932/5541
f 5463/3892/5501 5464/3891/5503 5487/3931/5540 5486/3930/5502
f 5464/3891/5503 5489/3894/5505 5488/3933/5542 5487/3931/5540
f 5466/3893/5504 5491/3895/5506 5490/3899/5510 5489/3894/5505
f 5467/3847/5463 5493/3846/5462 5492/3934/5543 5491/3895/5506
f 5493/3846/5462 5519/3935/5544 5518/3936/5545 5492/3934/5543
f 5494/3918/5529 5519/3935/5544 5493/3846/5462 5468/3845/5461
f 5488/3933/5542 5489/3894/5505 5490/3899/5510 5516/3898/5509
f 5520/3927/5538 5521/3937/5546 5522/3917/5528 5544/3924/5535
f 5523/3915/5526 5547/3938/5547 5564/3939/5548 5546/3916/5527
f 5470/3829/5447 5495/3902/5513 5521/3937/5546 5469/3900/5511
f 5496/3873/5488 5495/3902/5513 5470/3829/5447 5471/3828/5446
f 5499/3886/5498 5525/3940/5549 5548/3941/5550 5524/3887/5499
f 5482/3922/5533 5513/3942/5551 5510/3943/5552 5508/3923/5534
f 5501/3944/5553 5552/3920/5531 5551/3945/5554 5529/3946/5522
f 5142/3947/5555 5501/3944/5553 5529/3946/5522 5141/3948/5521
f 5502/3866/5481 5501/3944/5553 5142/3947/5555 5143/3867/5482
f 5543/3926/5537 5559/3949/5556 5518/3936/5545 5519/3935/5544
f 5543/3926/5537 5561/3925/5536 5560/3950/5557 5559/3949/5556
f 5507/3951/5558 5506/3919/5530 5504/3860/5475 5505/3859/5474
f 5480/3921/5532 5508/3923/5534 5507/3951/5558 5505/3859/5474
f 5510/3943/5552 5509/3952/5559 5507/3951/5558 5508/3923/5534
f 5513/3953/5551 5512/3954/5560 5511/3955/5561 5510/3956/5552
f 5485/3929/5539 5514/3932/5541 5512/3954/5560 5513/3953/5551
f 5482/3922/5533 5483/3888/5500 5485/3928/5539 5513/3942/5551
f 5512/3954/5560 5514/3932/5541 5515/3957/5562 5537/3958/5563
f 5487/3931/5540 5488/3933/5542 5515/3957/5562 5514/3932/5541
f 5516/3898/5509 5539/3959/5564 5515/3957/5562 5488/3933/5542
f 5490/3899/5510 5491/3895/5506 5492/3934/5543 5517/3896/5507
f 5528/3912/5523 5550/3960/5565 5567/3961/5566 5527/3907/5518
f 5520/3927/5538 5494/3918/5529 5469/3900/5511 5521/3937/5546
f 5546/3916/5527 5564/3939/5548 5563/3962/5567 5545/3963/5568
f 5495/3902/5513 5497/3901/5512 5522/3917/5528 5521/3937/5546
f 5474/3862/5477 5526/3882/5495 5525/3940/5549 5499/3886/5498
f 5524/3887/5499 5523/3915/5526 5497/3901/5512 5498/3872/5487
f 5525/3940/5549 5526/3882/5495 5154/3904/5515 5156/3964/5569
f 5152/3965/5570 5565/3966/5571 5577/3967/5572 5157/3968/5573
f 5476/3883/5496 5151/3905/5516 5150/3903/5514 5500/3881/5494
f 5153/3909/5520 5549/3908/5519 5565/3966/5571 5152/3965/5570
f 5537/3958/5563 5538/3969/5574 5555/3970/5575 5536/3971/5576
f 5511/3955/5561 5512/3954/5560 5537/3958/5563 5536/3971/5576
f 5528/3912/5523 5527/3907/5518 5148/3906/5517 5149/3913/5524
f 5566/3972/5577 5567/3961/5566 5534/3973/5578 5553/3974/5579
f 5536/3971/5576 5555/3970/5575 5554/3975/5580 5535/3976/5581
f 5550/3960/5565 5551/3977/5554 5531/3978/5582 5532/3979/5583
f 5502/3866/5481 5530/3865/5480 5552/3920/5531 5501/3944/5553
f 5531/3980/5582 5551/3945/5554 5552/3920/5531 5506/3919/5530
f 5574/3981/5584 5584/3982/5585 5573/3983/5586 5558/3984/5587
f 5522/3917/5528 5546/3916/5527 5545/3963/5568 5544/3924/5535
f 5532/3979/5583 5534/3973/5578 5567/3961/5566 5550/3960/5565
f 5558/3984/5587 5542/3985/5588 5518/3936/5545 5559/3949/5556
f 5509/3986/5559 5533/3987/5589 5532/3979/5583 5531/3978/5582
f 5506/3919/5530 5507/3951/5558 5509/3952/5559 5531/3980/5582
f 5535/3976/5581 5534/3973/5578 5532/3979/5583 5533/3987/5589
f 5511/3955/5561 5536/3971/5576 5535/3976/5581 5533/3987/5589
f 5509/3986/5559 5510/3956/5552 5511/3955/5561 5533/3987/5589
f 5556/3988/5590 5570/3989/5591 5555/3970/5575 5538/3969/5574
f 5515/3957/5562 5539/3959/5564 5538/3969/5574 5537/3958/5563
f 5516/3898/5509 5541/3897/5508 5540/3990/5592 5539/3959/5564
f 5557/3991/5593 5572/3992/5594 5540/3990/5592 5541/3897/5508
f 5542/3985/5588 5517/3896/5507 5492/3934/5543 5518/3936/5545
f 5585/3993/5595 5575/3994/5596 5586/3995/5597 5593/3996/5598
f 5494/3918/5529 5520/3927/5538 5543/3926/5537 5519/3935/5544
f 5563/3962/5567 5564/3939/5548 5158/3997/5599 5161/3998/5600
f 5547/3938/5547 5159/3999/5601 5158/3997/5599 5564/3939/5548
f 5548/3941/5550 5547/3938/5547 5523/3915/5526 5524/3887/5499
f 5542/3985/5588 5558/3984/5587 5573/3983/5586 5557/3991/5593
f 5551/3977/5554 5550/3960/5565 5528/3912/5523 5529/3911/5522
f 5573/3983/5586 5582/4000/5602 5572/3992/5594 5557/3991/5593
f 5562/4001/5603 5561/3925/5536 5544/3924/5535 5545/3963/5568
f 5553/3974/5579 5568/4002/5604 5578/4003/5605 5566/3972/5577
f 5534/3973/5578 5535/3976/5581 5554/3975/5580 5553/3974/5579
f 5554/3975/5580 5569/4004/5606 5568/4002/5604 5553/3974/5579
f 5555/3970/5575 5570/3989/5591 5569/4004/5606 5554/3975/5580
f 5538/3969/5574 5539/3959/5564 5540/3990/5592 5556/3988/5590
f 5517/3896/5507 5542/3985/5588 5557/3991/5593 5541/3897/5508
f 5562/4001/5603 5576/4005/5607 5586/3995/5597 5575/3994/5596
f 5163/4006/5608 5587/4007/5609 5595/4008/5610 5162/4009/5611
f 5574/3981/5584 5585/3993/5595 5591/4010/5612 5584/3982/5585
f 5548/3941/5550 5155/4011/5613 5159/3999/5601 5547/3938/5547
f 5525/3940/5549 5156/3964/5569 5155/4011/5613 5548/3941/5550
f 5571/4012/5614 5556/3988/5590 5540/3990/5592 5572/3992/5594
f 5549/3908/5519 5566/3972/5577 5578/4003/5605 5565/3966/5571
f 5562/4001/5603 5575/3994/5596 5560/3950/5557 5561/3925/5536
f 5572/3992/5594 5582/4000/5602 5581/4013/5615 5571/4012/5614
f 5580/4014/5616 5579/4015/5617 5569/4004/5606 5570/3989/5591
f 5590/4016/5618 5178/3542/5175 5179/3541/5174 5581/4013/5615
f 5598/4017/5619 5597/4018/5620 5591/4010/5612 5592/4019/5621
f 5558/3984/5587 5559/3949/5556 5560/3950/5557 5574/3981/5584
f 5576/4005/5607 5562/4001/5603 5545/3963/5568 5563/3962/5567
f 5576/4005/5607 5160/4020/5622 5164/4021/5623 5586/3995/5597
f 5556/3988/5590 5571/4012/5614 5580/4014/5616 5570/3989/5591
f 5565/3966/5571 5578/4003/5605 5588/4022/5624 5577/3967/5572
f 5527/3907/5518 5567/3961/5566 5566/3972/5577 5549/3908/5519
f 5588/4022/5624 5578/4003/5605 5568/4002/5604 5589/4023/5625
f 5174/3522/5157 5170/3525/5160 5173/3526/5161 5186/3528/5163
f 5583/4024/5626 5584/3982/5585 5591/4010/5612 5597/4018/5620
f 5569/4004/5606 5579/4015/5617 5589/4023/5625 5568/4002/5604
f 5581/4013/5615 5582/4000/5602 5583/4024/5626 5590/4016/5618
f 5573/3983/5586 5584/3982/5585 5583/4024/5626 5582/4000/5602
f 5575/3994/5596 5585/3993/5595 5574/3981/5584 5560/3950/5557
f 5585/3993/5595 5593/3996/5598 5592/4019/5621 5591/4010/5612
f 5593/3996/5598 5586/3995/5597 5164/4021/5623 5167/4025/5627
f 5563/3962/5567 5161/3998/5600 5160/4020/5622 5576/4005/5607
f 5162/4009/5611 5595/4008/5610 5594/4026/5628 5165/4027/5629
f 5594/4026/5628 5600/4028/5630 5596/4029/5631 5599/4030/5632
f 5179/3541/5174 5580/4014/5616 5571/4012/5614 5581/4013/5615
f 5157/3968/5573 5577/3967/5572 5587/4007/5609 5163/4006/5608
f 5588/4022/5624 5589/4023/5625 5176/3563/5194 5602/4031/5633
f 5579/4015/5617 5175/3540/5173 5176/3563/5194 5589/4023/5625
f 5177/3543/5176 5601/4032/5634 5602/4031/5633 5176/3563/5194
f 5179/3541/5174 5175/3540/5173 5579/4015/5617 5580/4014/5616
f 5593/3996/5598 5167/4025/5627 5166/4033/5635 5592/4019/5621
f 5594/4026/5628 5599/4030/5632 5168/4034/5636 5165/4027/5629
f 5587/4007/5609 5602/4031/5633 5601/4032/5634 5595/4008/5610
f 5583/4024/5626 5597/4018/5620 5596/4029/5631 5590/4016/5618
f 5598/4017/5619 5599/4030/5632 5596/4029/5631 5597/4018/5620
f 5577/3967/5572 5588/4022/5624 5602/4031/5633 5587/4007/5609
f 5178/3542/5175 5600/4028/5630 5601/4032/5634 5177/3543/5176
f 5590/4016/5618 5596/4029/5631 5600/4028/5630 5178/3542/5175
f 5601/4032/5634 5600/4028/5630 5594/4026/5628 5595/4008/5610
f 5598/4017/5619 5169/4035/5637 5168/4034/5636 5599/4030/5632
f 5169/4035/5637 5598/4017/5619 5592/4019/5621 5166/4033/5635
f 5187/3544/5177 5174/3522/5157 5186/3528/5163
f 5180/3527/5162 5253/3677/5305 5252/3680/5308
f 5186/3528/5163 5180/3527/5162 5252/3680/5308
f 5251/3573/5203 5291/3698/5325 5250/3545/5178 5187/3544/5177
f 5188/3552/5184 5183/3551/5180 5189/3663/5208
f 5615/3518/5638 5614/3521/5639 5829/3520/5640 5830/3519/5641
f 5607/3522/5642 5603/3525/5643 5605/3524/5644 5618/3523/5645
f 5606/3526/5646 5619/3528/5647 5613/3527/5648
f 5632/3529/5649 5643/3532/5650 5631/3531/5651 5698/3530/5652
f 5613/3533/5648 5688/3535/5653 5606/3534/5646
f 5768/3536/5654 5767/3539/5655 5766/3538/5656 5796/3537/5657
f 5608/3540/5658 5610/3543/5659 5611/3542/5660 5612/3541/5661
f 5607/3522/5642 5682/3546/5662 5683/3545/5663 5620/3544/5664
f 5616/3547/5665 5679/3550/5666 5680/3549/5667 5617/3548/5668
f 5616/3551/5665 5605/3554/5644 5652/3553/5669 5621/3552/5670
f 5770/3555/5671 5738/3558/5672 5737/3557/5673 5604/3556/5674
f 5650/3559/5675 5675/3561/5676 5652/3553/5669 5651/3560/5677
f 5605/3554/5644 5623/3562/5678 5651/3560/5677 5652/3553/5669
f 5610/3543/5659 5608/3540/5658 5609/3563/5679
f 5614/3521/5639 5828/3564/5680 5829/3520/5640
f 5129/3565/5196 5133/3568/5199 5825/3567/5681 5792/3566/5682
f 5767/3539/5655 5768/3536/5654 5604/3556/5674 5735/3569/5683
f 5618/3523/5645 5605/3524/5644 5616/3547/5665 5617/3548/5668
f 5623/3562/5678 5603/3572/5643 5689/3571/5684 5702/3570/5685
f 5618/3523/5645 5682/3546/5662 5607/3522/5642
f 5619/3528/5647 5620/3544/5664 5684/3573/5686
f 5604/3556/5674 5736/3574/5687 5735/3569/5683
f 5629/3575/5688 5630/3577/5689 5631/3531/5651 5645/3576/5690
f 5616/3547/5665 5622/3578/5691 5679/3550/5666
f 5603/3572/5643 5606/3534/5646 5688/3535/5653 5689/3571/5684
f 5624/3579/5692 5651/3560/5677 5623/3562/5678 5702/3570/5685
f 5625/3580/5693 5649/3582/5694 5653/3581/5695 5650/3559/5675
f 5623/3562/5678 5605/3554/5644 5603/3572/5643
f 5626/3583/5696 5625/3580/5693 5624/3579/5692 5701/3584/5697
f 5625/3580/5693 5626/3583/5696 5627/3585/5698 5649/3582/5694
f 5628/3586/5699 5627/3585/5698 5626/3583/5696 5700/3587/5700
f 5627/3585/5698 5628/3586/5699 5629/3575/5688 5647/3588/5701
f 5630/3577/5689 5629/3575/5688 5628/3586/5699 5699/3589/5702
f 5655/3590/5703 5644/3593/5704 5656/3592/5705 5669/3591/5706
f 5695/3594/5707 5696/3595/5708 5630/3577/5689 5699/3589/5702
f 5634/3596/5709 5633/3599/5710 5697/3598/5711 5635/3597/5712
f 5640/3600/5713 5664/3603/5714 5659/3602/5715 5641/3601/5716
f 5634/3596/5709 5641/3601/5716 5659/3602/5715 5658/3604/5717
f 5636/3605/5718 5641/3601/5716 5634/3596/5709 5635/3597/5712
f 5118/3606/5236 5639/3609/5719 5637/3608/5720 5125/3607/5237
f 5635/3597/5712 5123/3611/5241 5124/3610/5240 5636/3605/5718
f 5638/3612/5721 5119/3615/5245 5121/3614/5244 5704/3613/5722
f 5637/3608/5720 5639/3609/5719 5660/3616/5723 5640/3600/5713
f 5118/3606/5236 5119/3615/5245 5638/3612/5721 5639/3609/5719
f 5661/3617/5724 5704/3613/5722 5703/3619/5725 5705/3618/5726
f 5734/3620/5727 5767/3539/5655 5735/3569/5683 5705/3618/5726
f 5636/3605/5718 5637/3608/5720 5640/3600/5713 5641/3601/5716
f 5660/3616/5723 5662/3623/5728 5706/3622/5729 5663/3621/5730
f 5638/3612/5721 5704/3613/5722 5661/3617/5724 5662/3623/5728
f 5695/3594/5707 5699/3589/5702 5694/3625/5731 5732/3624/5732
f 5633/3599/5710 5634/3596/5709 5658/3604/5717 5642/3626/5733
f 5632/3529/5649 5633/3599/5710 5642/3626/5733 5643/3532/5650
f 5631/3531/5651 5643/3532/5650 5644/3593/5704 5645/3576/5690
f 5638/3612/5721 5662/3623/5728 5660/3616/5723 5639/3609/5719
f 5629/3575/5688 5645/3576/5690 5646/3627/5734 5647/3588/5701
f 5627/3585/5698 5647/3588/5701 5648/3628/5735 5649/3582/5694
f 5654/3629/5736 5646/3627/5734 5655/3590/5703 5671/3630/5737
f 5624/3579/5692 5625/3580/5693 5650/3559/5675 5651/3560/5677
f 5653/3581/5695 5673/3633/5738 5712/3632/5739 5674/3631/5740
f 5654/3629/5736 5671/3630/5737 5711/3635/5741 5672/3634/5742
f 5648/3628/5735 5673/3633/5738 5653/3581/5695 5649/3582/5694
f 5690/3636/5743 5702/3570/5685 5689/3571/5684 5729/3637/5744
f 5646/3627/5734 5654/3629/5736 5648/3628/5735 5647/3588/5701
f 5644/3593/5704 5655/3590/5703 5646/3627/5734 5645/3576/5690
f 5642/3626/5733 5656/3592/5705 5644/3593/5704 5643/3532/5650
f 5709/3638/5745 5667/3641/5746 5708/3640/5747 5741/3639/5748
f 5657/3642/5749 5656/3592/5705 5642/3626/5733 5658/3604/5717
f 5657/3642/5749 5658/3604/5717 5659/3602/5715 5666/3643/5750
f 5640/3600/5713 5660/3616/5723 5663/3621/5730 5664/3603/5714
f 5755/3644/5751 5786/3647/5752 5787/3646/5753 5788/3645/5754
f 5707/3648/5755 5663/3621/5730 5706/3622/5729 5737/3557/5673
f 5659/3602/5715 5664/3603/5714 5665/3649/5756 5666/3643/5750
f 5708/3640/5747 5665/3649/5756 5707/3648/5755 5739/3650/5757
f 5655/3590/5703 5669/3591/5706 5670/3651/5758 5671/3630/5737
f 5668/3652/5759 5657/3642/5749 5666/3643/5750 5667/3641/5746
f 5657/3642/5749 5668/3652/5759 5669/3591/5706 5656/3592/5705
f 5669/3591/5706 5668/3652/5759 5710/3653/5760 5670/3651/5758
f 5648/3628/5735 5654/3629/5736 5672/3634/5742 5673/3633/5738
f 5672/3634/5742 5746/3654/5761 5712/3632/5739 5673/3633/5738
f 5740/3655/5762 5802/3657/5763 5772/3656/5764 5741/3639/5748
f 5650/3559/5675 5653/3581/5695 5674/3631/5740 5675/3561/5676
f 5728/3658/5765 5691/3659/5766 5690/3636/5743 5729/3637/5744
f 5674/3631/5740 5712/3632/5739 5713/3661/5767 5714/3660/5768
f 5674/3631/5740 5714/3660/5768 5676/3662/5769 5675/3561/5676
f 5652/3553/5669 5675/3561/5676 5676/3662/5769 5621/3552/5670
f 5621/3552/5670 5676/3662/5769 5677/3664/5770 5622/3663/5691
f 5622/3578/5691 5677/3666/5770 5678/3665/5771 5679/3550/5666
f 5678/3665/5771 5718/3667/5772 5680/3549/5667 5679/3550/5666
f 5692/3668/5773 5693/3669/5774 5694/3625/5731 5700/3587/5700
f 5681/3670/5775 5617/3548/5668 5680/3549/5667 5720/3671/5776
f 5617/3548/5668 5681/3670/5775 5682/3546/5662 5618/3523/5645
f 5682/3546/5662 5681/3670/5775 5722/3672/5777 5683/3545/5663
f 5753/3673/5778 5719/3676/5779 5752/3675/5780 5784/3674/5781
f 5686/3677/5782 5685/3680/5783 5684/3573/5686 5725/3679/5784 5726/3678/5785
f 5685/3680/5783 5619/3528/5647 5684/3573/5686
f 5690/3636/5743 5701/3584/5697 5624/3579/5692 5702/3570/5685
f 5613/3533/5648 5686/3682/5782 5687/3681/5786 5688/3535/5653
f 5687/3681/5786 5729/3637/5744 5689/3571/5684 5688/3535/5653
f 5730/3683/5787 5691/3659/5766 5728/3658/5765 5761/3684/5788
f 5690/3636/5743 5691/3659/5766 5692/3668/5773 5701/3584/5697
f 5693/3669/5774 5692/3668/5773 5691/3659/5766 5730/3683/5787
f 5704/3613/5722 5121/3614/5244 5120/3685/5312 5703/3619/5725
f 5703/3619/5725 5120/3685/5312 5127/3687/5314 5733/3686/5789
f 5696/3595/5708 5698/3530/5652 5631/3531/5651 5630/3577/5689
f 5126/3688/5315 5764/3689/5790 5733/3686/5789 5127/3687/5314
f 5122/3690/5317 5123/3611/5241 5635/3597/5712 5697/3598/5711
f 5124/3610/5240 5125/3607/5237 5637/3608/5720 5636/3605/5718
f 5694/3625/5731 5699/3589/5702 5628/3586/5699 5700/3587/5700
f 5692/3668/5773 5700/3587/5700 5626/3583/5696 5701/3584/5697
f 5705/3618/5726 5703/3619/5725 5733/3686/5789 5734/3620/5727
f 5681/3670/5775 5720/3671/5776 5721/3691/5791 5722/3672/5777
f 5670/3651/5758 5710/3653/5760 5743/3693/5792 5744/3692/5793
f 5665/3649/5756 5708/3640/5747 5667/3641/5746 5666/3643/5750
f 5734/3620/5727 5765/3694/5794 5766/3538/5656 5767/3539/5655
f 5661/3617/5724 5705/3618/5726 5735/3569/5683 5736/3574/5687
f 5693/3669/5774 5730/3683/5787 5762/3696/5795 5731/3695/5796
f 5661/3617/5724 5736/3574/5687 5706/3622/5729 5662/3623/5728
f 5663/3621/5730 5707/3648/5755 5665/3649/5756 5664/3603/5714
f 5725/3679/5784 5684/3573/5686 5724/3698/5797 5756/3697/5798
f 5667/3641/5746 5709/3638/5745 5710/3653/5760 5668/3652/5759
f 5711/3635/5741 5744/3692/5793 5774/3700/5799 5745/3699/5800
f 5670/3651/5758 5744/3692/5793 5711/3635/5741 5671/3630/5737
f 5683/3545/5663 5722/3672/5777 5723/3701/5801 5724/3698/5797
f 5713/3661/5767 5749/3703/5802 5715/3702/5803 5714/3660/5768
f 5676/3662/5769 5714/3660/5768 5715/3702/5803 5677/3664/5770
f 5677/3666/5770 5715/3705/5803 5716/3704/5804 5678/3665/5771
f 5678/3665/5771 5716/3704/5804 5717/3706/5805 5718/3667/5772
f 5680/3549/5667 5718/3667/5772 5719/3676/5779 5720/3671/5776
f 5754/3707/5806 5721/3691/5791 5753/3673/5778 5785/3708/5807
f 5723/3701/5801 5722/3672/5777 5721/3691/5791 5754/3707/5806
f 5717/3706/5805 5752/3675/5780 5719/3676/5779 5718/3667/5772
f 5709/3638/5745 5741/3639/5748 5772/3656/5764 5742/3709/5808
f 5756/3697/5798 5755/3644/5751 5788/3645/5754 5757/3710/5809
f 5755/3644/5751 5723/3701/5801 5754/3707/5806 5786/3647/5752
f 5686/3682/5782 5726/3712/5785 5727/3711/5810 5687/3681/5786
f 5687/3681/5786 5727/3711/5810 5728/3658/5765 5729/3637/5744
f 5131/3713/5338 5791/3716/5811 5790/3715/5812 5134/3714/5339
f 5771/3717/5813 5738/3558/5672 5770/3555/5671 5800/3718/5814
f 5820/3719/5815 5788/3645/5754 5787/3646/5753 5852/3720/5816
f 5694/3625/5731 5693/3669/5774 5731/3695/5796 5732/3624/5732
f 5793/3721/5817 5763/3724/5818 5128/3723/5348 5130/3722/5347
f 5734/3620/5727 5733/3686/5789 5764/3689/5790 5765/3694/5794
f 5757/3710/5809 5788/3645/5754 5820/3719/5815 5821/3725/5819
f 5706/3622/5729 5736/3574/5687 5604/3556/5674 5737/3557/5673
f 5707/3648/5755 5737/3557/5673 5738/3558/5672 5739/3650/5757
f 5708/3640/5747 5739/3650/5757 5740/3655/5762 5741/3639/5748
f 5772/3656/5764 5802/3657/5763 5835/3727/5820 5803/3726/5821
f 5743/3693/5792 5710/3653/5760 5709/3638/5745 5742/3709/5808
f 5743/3693/5792 5742/3709/5808 5804/3729/5822 5773/3728/5823
f 5672/3634/5742 5711/3635/5741 5745/3699/5800 5746/3654/5761
f 5790/3715/5812 5762/3696/5795 5789/3731/5824 5855/3730/5825
f 5789/3731/5824 5762/3696/5795 5730/3683/5787 5761/3684/5788
f 5745/3699/5800 5774/3700/5799 5775/3733/5826 5776/3732/5827
f 5745/3699/5800 5776/3732/5827 5747/3734/5828 5746/3654/5761
f 5817/3735/5829 5850/3738/5830 5819/3737/5831 5818/3736/5832
f 5712/3632/5739 5746/3654/5761 5747/3734/5828 5713/3661/5767
f 5713/3661/5767 5747/3734/5828 5748/3739/5833 5749/3703/5802
f 5748/3740/5833 5779/3743/5834 5750/3742/5835 5749/3741/5802
f 5715/3705/5803 5749/3741/5802 5750/3742/5835 5716/3704/5804
f 5716/3704/5804 5750/3742/5835 5751/3744/5836 5717/3706/5805
f 5752/3675/5780 5717/3706/5805 5751/3744/5836 5782/3745/5837
f 5719/3676/5779 5753/3673/5778 5721/3691/5791 5720/3671/5776
f 5752/3675/5780 5782/3745/5837 5783/3746/5838 5784/3674/5781
f 5725/3679/5784 5756/3697/5798 5757/3710/5809 5758/3747/5839
f 5822/3748/5840 5821/3725/5819 5886/3750/5841 5887/3749/5842
f 5724/3698/5797 5723/3701/5801 5755/3644/5751 5756/3697/5798
f 5771/3717/5813 5800/3718/5814 5834/3752/5843 5801/3751/5844
f 5725/3679/5784 5758/3747/5839 5759/3753/5845 5726/3678/5785
f 5726/3712/5785 5759/3755/5845 5760/3754/5846 5727/3711/5810
f 5727/3711/5810 5760/3754/5846 5761/3684/5788 5728/3658/5765
f 5769/3756/5847 5770/3555/5671 5604/3556/5674 5768/3536/5654
f 5126/3688/5315 5128/3723/5348 5763/3724/5818 5764/3689/5790
f 5765/3694/5794 5764/3689/5790 5763/3724/5818 5794/3757/5848
f 5615/3518/5638 5827/3759/5849 5826/3758/5850 5614/3521/5639
f 5795/3760/5851 5766/3538/5656 5765/3694/5794 5794/3757/5848
f 5758/3747/5839 5757/3710/5809 5821/3725/5819 5822/3748/5840
f 5858/3761/5852 5826/3758/5850 5792/3566/5682 5825/3567/5681
f 5786/3647/5752 5754/3707/5806 5785/3708/5807 5818/3736/5832
f 5769/3756/5847 5768/3536/5654 5796/3537/5657 5797/3762/5853
f 5740/3655/5762 5771/3717/5813 5801/3751/5844 5802/3657/5763
f 5738/3558/5672 5771/3717/5813 5740/3655/5762 5739/3650/5757
f 5774/3700/5799 5744/3692/5793 5743/3693/5792 5773/3728/5823
f 5850/3738/5830 5817/3735/5829 5849/3764/5854 5882/3763/5855
f 5775/3733/5826 5809/3766/5856 5777/3765/5857 5776/3732/5827
f 5747/3734/5828 5776/3732/5827 5777/3765/5857 5748/3739/5833
f 5748/3740/5833 5777/3768/5857 5778/3767/5858 5779/3743/5834
f 5778/3767/5858 5813/3770/5859 5780/3769/5860 5779/3743/5834
f 5750/3742/5835 5779/3743/5834 5780/3769/5860 5751/3744/5836
f 5751/3744/5836 5780/3769/5860 5781/3771/5861 5782/3745/5837
f 5816/3772/5862 5784/3674/5781 5783/3746/5838 5848/3773/5863
f 5785/3708/5807 5753/3673/5778 5784/3674/5781 5816/3772/5862
f 5814/3774/5864 5844/3777/5865 5845/3776/5866 5846/3775/5867
f 5833/3778/5868 5863/3781/5869 5892/3780/5870 5864/3779/5871
f 5790/3715/5812 5791/3716/5811 5731/3695/5796 5762/3696/5795
f 5789/3731/5824 5824/3783/5872 5854/3782/5873 5855/3730/5825
f 5799/3784/5874 5798/3787/5875 5865/3786/5876 5866/3785/5877
f 5759/3753/5845 5758/3747/5839 5822/3748/5840 5823/3788/5878
f 5760/3754/5846 5759/3755/5845 5823/3789/5878 5824/3783/5872
f 5761/3684/5788 5760/3754/5846 5824/3783/5872 5789/3731/5824
f 5820/3719/5815 5852/3720/5816 5884/3791/5879 5885/3790/5880
f 5828/3564/5680 5614/3521/5639 5826/3758/5850 5858/3761/5852
f 5615/3518/5638 5830/3519/5641 5831/3792/5881 5795/3760/5851
f 5769/3756/5847 5797/3762/5853 5798/3787/5875 5799/3784/5874
f 5793/3721/5817 5130/3722/5347 5129/3565/5196 5792/3566/5682
f 5849/3764/5854 5848/3773/5863 5847/3794/5882 5880/3793/5883
f 5797/3762/5853 5796/3537/5657 5831/3792/5881 5832/3795/5884
f 5834/3752/5843 5866/3785/5877 5893/3797/5885 5867/3796/5886
f 5770/3555/5671 5769/3756/5847 5799/3784/5874 5800/3718/5814
f 5801/3751/5844 5868/3798/5887 5835/3727/5820 5802/3657/5763
f 5856/3799/5888 5135/3802/5422 5136/3801/5421 5911/3800/5889
f 5742/3709/5808 5772/3656/5764 5803/3726/5821 5804/3729/5822
f 5134/3714/5339 5790/3715/5812 5855/3730/5825 5138/3803/5423
f 5803/3726/5821 5835/3727/5820 5836/3805/5890 5837/3804/5891
f 5803/3726/5821 5837/3804/5891 5805/3806/5892 5804/3729/5822
f 5849/3764/5854 5817/3735/5829 5816/3772/5862 5848/3773/5863
f 5777/3768/5857 5809/3808/5856 5811/3807/5893 5778/3767/5858
f 5773/3728/5823 5804/3729/5822 5805/3806/5892 5806/3809/5894
f 5808/3810/5895 5806/3809/5894 5805/3806/5892 5807/3811/5896
f 5775/3733/5826 5806/3809/5894 5808/3810/5895 5809/3766/5856
f 5773/3728/5823 5806/3809/5894 5775/3733/5826 5774/3700/5799
f 5811/3807/5893 5809/3808/5856 5808/3813/5895 5810/3812/5897
f 5778/3767/5858 5811/3807/5893 5812/3814/5898 5813/3770/5859
f 5780/3769/5860 5813/3770/5859 5814/3774/5864 5781/3771/5861
f 5815/3815/5899 5781/3771/5861 5814/3774/5864 5846/3775/5867
f 5781/3771/5861 5815/3815/5899 5783/3746/5838 5782/3745/5837
f 5842/3816/5900 5841/3819/5901 5876/3818/5902 5843/3817/5903
f 5817/3735/5829 5818/3736/5832 5785/3708/5807 5816/3772/5862
f 5819/3737/5831 5787/3646/5753 5786/3647/5752 5818/3736/5832
f 5796/3537/5657 5766/3538/5656 5795/3760/5851 5831/3792/5881
f 5862/3820/5904 5890/3823/5905 5912/3822/5906 5891/3821/5907
f 5133/3568/5199 5132/3825/5443 5857/3824/5908 5825/3567/5681
f 5825/3567/5681 5857/3824/5908 5888/3826/5909 5858/3761/5852
f 5859/3827/5910 5828/3564/5680 5858/3761/5852 5888/3826/5909
f 5845/3776/5866 5878/3830/5911 5903/3829/5912 5904/3828/5913
f 5827/3759/5849 5793/3721/5817 5792/3566/5682 5826/3758/5850
f 5794/3757/5848 5763/3724/5818 5793/3721/5817 5827/3759/5849
f 5795/3760/5851 5794/3757/5848 5827/3759/5849 5615/3518/5638
f 5819/3737/5831 5850/3738/5830 5883/3832/5914 5851/3831/5915
f 5832/3795/5884 5831/3792/5881 5830/3519/5641 5861/3833/5916
f 5829/3520/5640 5828/3564/5680 5859/3827/5910 5860/3834/5917
f 5830/3519/5641 5829/3520/5640 5860/3834/5917 5861/3833/5916
f 5833/3778/5868 5832/3795/5884 5861/3833/5916 5863/3781/5869
f 5880/3793/5883 5847/3794/5882 5879/3836/5918 5905/3835/5919
f 5833/3778/5868 5798/3787/5875 5797/3762/5853 5832/3795/5884
f 5834/3752/5843 5800/3718/5814 5799/3784/5874 5866/3785/5877
f 5801/3751/5844 5834/3752/5843 5867/3796/5886 5868/3798/5887
f 5849/3764/5854 5880/3793/5883 5881/3837/5920 5882/3763/5855
f 5836/3805/5890 5871/3839/5921 5838/3838/5922 5837/3804/5891
f 5805/3806/5892 5837/3804/5891 5838/3838/5922 5807/3811/5896
f 5807/3840/5896 5838/3843/5922 5839/3842/5923 5840/3841/5924
f 5839/3842/5923 5874/3844/5925 5841/3819/5901 5840/3841/5924
f 5812/3814/5898 5844/3777/5865 5814/3774/5864 5813/3770/5859
f 5810/3812/5897 5840/3841/5924 5841/3819/5901 5842/3816/5900
f 5807/3840/5896 5840/3841/5924 5810/3812/5897 5808/3813/5895
f 5844/3777/5865 5812/3814/5898 5842/3816/5900 5843/3817/5903
f 5810/3812/5897 5842/3816/5900 5812/3814/5898 5811/3807/5893
f 5847/3794/5882 5848/3773/5863 5783/3746/5838 5815/3815/5899
f 5901/3845/5926 5875/3848/5927 5900/3847/5928 5926/3846/5929
f 5787/3646/5753 5819/3737/5831 5851/3831/5915 5852/3720/5816
f 5851/3831/5915 5910/3849/5930 5884/3791/5879 5852/3720/5816
f 5884/3791/5879 5910/3849/5930 5144/3851/5467 5145/3850/5466
f 5798/3787/5875 5833/3778/5868 5864/3779/5871 5865/3786/5876
f 5853/3852/5931 5887/3749/5842 5139/3854/5470 5140/3853/5469
f 5821/3725/5819 5820/3719/5815 5885/3790/5880 5886/3750/5841
f 5139/3854/5470 5887/3749/5842 5886/3750/5841 5147/3855/5471
f 5823/3788/5878 5822/3748/5840 5887/3749/5842 5853/3852/5931
f 5854/3782/5873 5824/3783/5872 5823/3789/5878 5853/3856/5931
f 5912/3822/5906 5890/3823/5905 5889/3858/5932 5936/3857/5933
f 5132/3825/5443 5135/3802/5422 5856/3799/5888 5857/3824/5908
f 5857/3824/5908 5856/3799/5888 5889/3858/5932 5888/3826/5909
f 5891/3821/5907 5912/3822/5906 5937/3860/5934 5938/3859/5935
f 5859/3827/5910 5888/3826/5909 5889/3858/5932 5890/3823/5905
f 5882/3763/5855 5881/3837/5920 5907/3862/5936 5908/3861/5937
f 5882/3763/5855 5908/3861/5937 5883/3832/5914 5850/3738/5830
f 5860/3834/5917 5859/3827/5910 5890/3823/5905 5862/3820/5904
f 5863/3781/5869 5861/3833/5916 5860/3834/5917 5862/3820/5904
f 5865/3786/5876 5864/3779/5871 5914/3864/5938 5917/3863/5939
f 5963/3865/5940 5936/3857/5933 5911/3800/5889 5935/3866/5941
f 5136/3801/5421 5143/3867/5482 5935/3866/5941 5911/3800/5889
f 5867/3796/5886 5893/3797/5885 5894/3869/5942 5895/3868/5943
f 5867/3796/5886 5895/3868/5943 5869/3870/5944 5868/3798/5887
f 5906/3871/5945 5905/3835/5919 5929/3873/5946 5931/3872/5947
f 5835/3727/5820 5868/3798/5887 5869/3870/5944 5836/3805/5890
f 5836/3805/5890 5869/3870/5944 5870/3874/5948 5871/3839/5921
f 5870/3875/5948 5898/3878/5949 5872/3877/5950 5871/3876/5921
f 5838/3843/5922 5871/3876/5921 5872/3877/5950 5839/3842/5923
f 5839/3842/5923 5872/3877/5950 5873/3879/5951 5874/3844/5925
f 5841/3819/5901 5874/3844/5925 5875/3848/5927 5876/3818/5902
f 5879/3836/5918 5846/3775/5867 5845/3776/5866 5904/3828/5913
f 5905/3835/5919 5879/3836/5918 5904/3828/5913 5929/3873/5946
f 5878/3830/5911 5843/3817/5903 5876/3818/5902 5877/3880/5952
f 5843/3817/5903 5878/3830/5911 5845/3776/5866 5844/3777/5865
f 5873/3879/5951 5900/3847/5928 5875/3848/5927 5874/3844/5925
f 5815/3815/5899 5846/3775/5867 5879/3836/5918 5847/3794/5882
f 5906/3871/5945 5881/3837/5920 5880/3793/5883 5905/3835/5919
f 5907/3862/5936 5959/3882/5953 5933/3881/5954 5908/3861/5937
f 5883/3832/5914 5908/3861/5937 5933/3881/5954 5909/3883/5955
f 5856/3799/5888 5911/3800/5889 5936/3857/5933 5889/3858/5932
f 5854/3782/5873 5853/3856/5931 5140/3885/5469 5137/3884/5497
f 5138/3803/5423 5855/3730/5825 5854/3782/5873 5137/3884/5497
f 5906/3871/5945 5931/3872/5947 5957/3887/5956 5932/3886/5957
f 5932/3886/5957 5907/3862/5936 5881/3837/5920 5906/3871/5945
f 5892/3780/5870 5863/3781/5869 5862/3820/5904 5891/3821/5907
f 5893/3797/5885 5866/3785/5877 5865/3786/5876 5917/3863/5939
f 5893/3797/5885 5917/3863/5939 5916/3888/5958 5894/3869/5942
f 5894/3869/5942 5919/3890/5959 5896/3889/5960 5895/3868/5943
f 5869/3870/5944 5895/3868/5943 5896/3889/5960 5870/3874/5948
f 5870/3875/5948 5896/3892/5960 5897/3891/5961 5898/3878/5949
f 5897/3891/5961 5922/3894/5962 5899/3893/5963 5898/3878/5949
f 5872/3877/5950 5898/3878/5949 5899/3893/5963 5873/3879/5951
f 5900/3847/5928 5873/3879/5951 5899/3893/5963 5924/3895/5964
f 5875/3848/5927 5901/3845/5926 5877/3880/5952 5876/3818/5902
f 5950/3896/5965 5923/3899/5966 5949/3898/5967 5974/3897/5968
f 5903/3829/5912 5878/3830/5911 5877/3880/5952 5902/3900/5969
f 5931/3872/5947 5929/3873/5946 5928/3902/5970 5930/3901/5971
f 5933/3881/5954 5959/3882/5953 5154/3904/5515 5150/3903/5514
f 5851/3831/5915 5883/3832/5914 5909/3883/5955 5910/3849/5930
f 5909/3883/5955 5151/3905/5516 5144/3851/5467 5910/3849/5930
f 5148/3906/5517 5153/3909/5520 5982/3908/5972 5960/3907/5973
f 5141/3910/5521 5149/3913/5524 5961/3912/5974 5962/3911/5975
f 5886/3750/5841 5885/3790/5880 5146/3914/5525 5147/3855/5471
f 5885/3790/5880 5884/3791/5879 5145/3850/5466 5146/3914/5525
f 5912/3822/5906 5936/3857/5933 5963/3865/5940 5937/3860/5934
f 5930/3901/5971 5955/3917/5976 5979/3916/5977 5956/3915/5978
f 5877/3880/5952 5901/3845/5926 5927/3918/5979 5902/3900/5969
f 5937/3860/5934 5963/3865/5940 5985/3920/5980 5939/3919/5981
f 5892/3780/5870 5891/3821/5907 5938/3859/5935 5913/3921/5982
f 5864/3779/5871 5892/3780/5870 5913/3921/5982 5914/3864/5938
f 5913/3921/5982 5941/3923/5983 5915/3922/5984 5914/3864/5938
f 5977/3924/5985 5953/3927/5986 5976/3926/5987 5994/3925/5988
f 5917/3863/5939 5914/3864/5938 5915/3922/5984 5916/3888/5958
f 5894/3869/5942 5916/3888/5958 5918/3928/5989 5919/3890/5959
f 5918/3929/5989 5947/3932/5990 5920/3931/5991 5919/3930/5959
f 5896/3892/5960 5919/3930/5959 5920/3931/5991 5897/3891/5961
f 5897/3891/5961 5920/3931/5991 5921/3933/5992 5922/3894/5962
f 5899/3893/5963 5922/3894/5962 5923/3899/5966 5924/3895/5964
f 5900/3847/5928 5924/3895/5964 5925/3934/5993 5926/3846/5929
f 5926/3846/5929 5925/3934/5993 5951/3936/5994 5952/3935/5995
f 5927/3918/5979 5901/3845/5926 5926/3846/5929 5952/3935/5995
f 5921/3933/5992 5949/3898/5967 5923/3899/5966 5922/3894/5962
f 5953/3927/5986 5977/3924/5985 5955/3917/5976 5954/3937/5996
f 5956/3915/5978 5979/3916/5977 5997/3939/5997 5980/3938/5998
f 5903/3829/5912 5902/3900/5969 5954/3937/5996 5928/3902/5970
f 5929/3873/5946 5904/3828/5913 5903/3829/5912 5928/3902/5970
f 5932/3886/5957 5957/3887/5956 5981/3941/5999 5958/3940/6000
f 5915/3922/5984 5941/3923/5983 5943/3943/6001 5946/3942/6002
f 5934/3944/6003 5962/3946/5975 5984/3945/6004 5985/3920/5980
f 5142/3947/5555 5141/3948/5521 5962/3946/5975 5934/3944/6003
f 5935/3866/5941 5143/3867/5482 5142/3947/5555 5934/3944/6003
f 5976/3926/5987 5952/3935/5995 5951/3936/5994 5992/3949/6005
f 5976/3926/5987 5992/3949/6005 5993/3950/6006 5994/3925/5988
f 5940/3951/6007 5938/3859/5935 5937/3860/5934 5939/3919/5981
f 5913/3921/5982 5938/3859/5935 5940/3951/6007 5941/3923/5983
f 5943/3943/6001 5941/3923/5983 5940/3951/6007 5942/3952/6008
f 5946/3953/6002 5943/3956/6001 5944/3955/6009 5945/3954/6010
f 5918/3929/5989 5946/3953/6002 5945/3954/6010 5947/3932/5990
f 5915/3922/5984 5946/3942/6002 5918/3928/5989 5916/3888/5958
f 5945/3954/6010 5970/3958/6011 5948/3957/6012 5947/3932/5990
f 5920/3931/5991 5947/3932/5990 5948/3957/6012 5921/3933/5992
f 5949/3898/5967 5921/3933/5992 5948/3957/6012 5972/3959/6013
f 5923/3899/5966 5950/3896/5965 5925/3934/5993 5924/3895/5964
f 5961/3912/5974 5960/3907/5973 6000/3961/6014 5983/3960/6015
f 5953/3927/5986 5954/3937/5996 5902/3900/5969 5927/3918/5979
f 5979/3916/5977 5978/3963/6016 5996/3962/6017 5997/3939/5997
f 5928/3902/5970 5954/3937/5996 5955/3917/5976 5930/3901/5971
f 5907/3862/5936 5932/3886/5957 5958/3940/6000 5959/3882/5953
f 5957/3887/5956 5931/3872/5947 5930/3901/5971 5956/3915/5978
f 5958/3940/6000 5156/3964/5569 5154/3904/5515 5959/3882/5953
f 5152/3965/5570 5157/3968/5573 6010/3967/6018 5998/3966/6019
f 5909/3883/5955 5933/3881/5954 5150/3903/5514 5151/3905/5516
f 5153/3909/5520 5152/3965/5570 5998/3966/6019 5982/3908/5972
f 5970/3958/6011 5969/3971/6020 5988/3970/6021 5971/3969/6022
f 5944/3955/6009 5969/3971/6020 5970/3958/6011 5945/3954/6010
f 5961/3912/5974 5149/3913/5524 5148/3906/5517 5960/3907/5973
f 5999/3972/6023 5986/3974/6024 5967/3973/6025 6000/3961/6014
f 5969/3971/6020 5968/3976/6026 5987/3975/6027 5988/3970/6021
f 5983/3960/6015 5965/3979/6028 5964/3978/6029 5984/3977/6004
f 5935/3866/5941 5934/3944/6003 5985/3920/5980 5963/3865/5940
f 5964/3980/6029 5939/3919/5981 5985/3920/5980 5984/3945/6004
f 6007/3981/6030 5991/3984/6031 6006/3983/6032 6017/3982/6033
f 5955/3917/5976 5977/3924/5985 5978/3963/6016 5979/3916/5977
f 5965/3979/6028 5983/3960/6015 6000/3961/6014 5967/3973/6025
f 5991/3984/6031 5992/3949/6005 5951/3936/5994 5975/3985/6034
f 5942/3986/6008 5964/3978/6029 5965/3979/6028 5966/3987/6035
f 5939/3919/5981 5964/3980/6029 5942/3952/6008 5940/3951/6007
f 5968/3976/6026 5966/3987/6035 5965/3979/6028 5967/3973/6025
f 5944/3955/6009 5966/3987/6035 5968/3976/6026 5969/3971/6020
f 5942/3986/6008 5966/3987/6035 5944/3955/6009 5943/3956/6001
f 5989/3988/6036 5971/3969/6022 5988/3970/6021 6003/3989/6037
f 5948/3957/6012 5970/3958/6011 5971/3969/6022 5972/3959/6013
f 5949/3898/5967 5972/3959/6013 5973/3990/6038 5974/3897/5968
f 5990/3991/6039 5974/3897/5968 5973/3990/6038 6005/3992/6040
f 5975/3985/6034 5951/3936/5994 5925/3934/5993 5950/3896/5965
f 6018/3993/6041 6026/3996/6042 6019/3995/6043 6008/3994/6044
f 5927/3918/5979 5952/3935/5995 5976/3926/5987 5953/3927/5986
f 5996/3962/6017 5161/3998/5600 5158/3997/5599 5997/3939/5997
f 5980/3938/5998 5997/3939/5997 5158/3997/5599 5159/3999/5601
f 5981/3941/5999 5957/3887/5956 5956/3915/5978 5980/3938/5998
f 5975/3985/6034 5990/3991/6039 6006/3983/6032 5991/3984/6031
f 5984/3977/6004 5962/3911/5975 5961/3912/5974 5983/3960/6015
f 6006/3983/6032 5990/3991/6039 6005/3992/6040 6015/4000/6045
f 5995/4001/6046 5978/3963/6016 5977/3924/5985 5994/3925/5988
f 5986/3974/6024 5999/3972/6023 6011/4003/6047 6001/4002/6048
f 5967/3973/6025 5986/3974/6024 5987/3975/6027 5968/3976/6026
f 5987/3975/6027 5986/3974/6024 6001/4002/6048 6002/4004/6049
f 5988/3970/6021 5987/3975/6027 6002/4004/6049 6003/3989/6037
f 5971/3969/6022 5989/3988/6036 5973/3990/6038 5972/3959/6013
f 5950/3896/5965 5974/3897/5968 5990/3991/6039 5975/3985/6034
f 5995/4001/6046 6008/3994/6044 6019/3995/6043 6009/4005/6050
f 5163/4006/5608 5162/4009/5611 6028/4008/6051 6020/4007/6052
f 6007/3981/6030 6017/3982/6033 6024/4010/6053 6018/3993/6041
f 5981/3941/5999 5980/3938/5998 5159/3999/5601 5155/4011/5613
f 5958/3940/6000 5981/3941/5999 5155/4011/5613 5156/3964/5569
f 6004/4012/6054 6005/3992/6040 5973/3990/6038 5989/3988/6036
f 5982/3908/5972 5998/3966/6019 6011/4003/6047 5999/3972/6023
f 5995/4001/6046 5994/3925/5988 5993/3950/6006 6008/3994/6044
f 6005/3992/6040 6004/4012/6054 6014/4013/6055 6015/4000/6045
f 6013/4014/6056 6003/3989/6037 6002/4004/6049 6012/4015/6057
f 6023/4016/6058 6014/4013/6055 5612/3541/5661 5611/3542/5660
f 6031/4017/6059 6025/4019/6060 6024/4010/6053 6030/4018/6061
f 5991/3984/6031 6007/3981/6030 5993/3950/6006 5992/3949/6005
f 6009/4005/6050 5996/3962/6017 5978/3963/6016 5995/4001/6046
f 6009/4005/6050 6019/3995/6043 5164/4021/5623 5160/4020/5622
f 5989/3988/6036 6003/3989/6037 6013/4014/6056 6004/4012/6054
f 5998/3966/6019 6010/3967/6018 6021/4022/6062 6011/4003/6047
f 5960/3907/5973 5982/3908/5972 5999/3972/6023 6000/3961/6014
f 6021/4022/6062 6022/4023/6063 6001/4002/6048 6011/4003/6047
f 5607/3522/5642 5619/3528/5647 5606/3526/5646 5603/3525/5643
f 6016/4024/6064 6030/4018/6061 6024/4010/6053 6017/3982/6033
f 6002/4004/6049 6001/4002/6048 6022/4023/6063 6012/4015/6057
f 6014/4013/6055 6023/4016/6058 6016/4024/6064 6015/4000/6045
f 6006/3983/6032 6015/4000/6045 6016/4024/6064 6017/3982/6033
f 6008/3994/6044 5993/3950/6006 6007/3981/6030 6018/3993/6041
f 6018/3993/6041 6024/4010/6053 6025/4019/6060 6026/3996/6042
f 6026/3996/6042 5167/4025/5627 5164/4021/5623 6019/3995/6043
f 5996/3962/6017 6009/4005/6050 5160/4020/5622 5161/3998/5600
f 5162/4009/5611 5165/4027/5629 6027/4026/6065 6028/4008/6051
f 6027/4026/6065 6032/4030/6066 6029/4029/6067 6033/4028/6068
f 5612/3541/5661 6014/4013/6055 6004/4012/6054 6013/4014/6056
f 5157/3968/5573 5163/4006/5608 6020/4007/6052 6010/3967/6018
f 6021/4022/6062 6035/4031/6069 5609/3563/5679 6022/4023/6063
f 6012/4015/6057 6022/4023/6063 5609/3563/5679 5608/3540/5658
f 5610/3543/5659 5609/3563/5679 6035/4031/6069 6034/4032/6070
f 5612/3541/5661 6013/4014/6056 6012/4015/6057 5608/3540/5658
f 6026/3996/6042 6025/4019/6060 5166/4033/5635 5167/4025/5627
f 6027/4026/6065 5165/4027/5629 5168/4034/5636 6032/4030/6066
f 6020/4007/6052 6028/4008/6051 6034/4032/6070 6035/4031/6069
f 6016/4024/6064 6023/4016/6058 6029/4029/6067 6030/4018/6061
f 6031/4017/6059 6030/4018/6061 6029/4029/6067 6032/4030/6066
f 6010/3967/6018 6020/4007/6052 6035/4031/6069 6021/4022/6062
f 5611/3542/5660 5610/3543/5659 6034/4032/6070 6033/4028/6068
f 6023/4016/6058 5611/3542/5660 6033/4028/6068 6029/4029/6067
f 6034/4032/6070 6028/4008/6051 6027/4026/6065 6033/4028/6068
f 6031/4017/6059 6032/4030/6066 5168/4034/5636 5169/4035/5637
f 5169/4035/5637 5166/4033/5635 6025/4019/6060 6031/4017/6059
f 5620/3544/5664 5619/3528/5647 5607/3522/5642
f 5613/3527/5648 5685/3680/5783 5686/3677/5782
f 5619/3528/5647 5685/3680/5783 5613/3527/5648
f 5684/3573/5686 5620/3544/5664 5683/3545/5663 5724/3698/5797
f 5621/3552/5670 5622/3663/5691 5616/3551/5665
f 6036/1/6071 6038/3/6072 6037/2/6073
f 6041/4/6074 6044/6/6075 6043/5/6076
f 6040/7/6077 6066/10/6078 6115/9/6079 6133/8/6080
f 6042/11/6081 6045/14/6082 6085/13/6083 6046/12/6084
f 6046/12/6084 6096/16/6085 6142/15/6086 6042/11/6081
f 6080/17/6087 6051/20/6088 6050/19/6089 6081/18/6090
f 6166/21/6091 6138/22/6092 6050/19/6089 6051/20/6088
f 6095/23/6093 6044/6/6075 6143/24/6094
f 6071/25/6095 6060/28/6096 6059/27/6097 6072/26/6098
f 6119/29/6099 6055/32/6100 6056/31/6101 6108/30/6102
f 6068/33/6103 6063/36/6104 6062/35/6105 6069/34/6106
f 6103/37/6107 6086/38/6108 6037/2/6073 6038/3/6072
f 6067/39/6109 6064/40/6110 6063/36/6104 6068/33/6103
f 6087/41/6111 6037/2/6073 6170/42/6112
f 6052/43/6113 6131/44/6114 6166/21/6091 6051/20/6088
f 6069/34/6106 6062/35/6105 6061/46/6115 6070/45/6116
f 6074/47/6117 6111/50/6118 6163/49/6119 6073/48/6120
f 6073/48/6120 6058/52/6121 6057/51/6122 6074/47/6117
f 6039/53/6123 6136/56/6124 6157/55/6125 6065/54/6126
f 6041/4/6074 6089/58/6127 6113/57/6128 6044/6/6075
f 6078/59/6129 6053/61/6130 6052/43/6113 6079/60/6131
f 6148/62/6132 6075/65/6133 6076/64/6134 6164/63/6135
f 6109/66/6136 6139/69/6137 6047/68/6138 6048/67/6139
f 6070/45/6116 6128/71/6140 6161/70/6141 6069/34/6106
f 6082/72/6142 6049/74/6143 6048/67/6139 6083/73/6144
f 6084/75/6145 6047/68/6138 6046/77/6084 6085/76/6083
f 6119/29/6099 6151/79/6146 6054/78/6147 6055/32/6100
f 6061/46/6115 6062/35/6105 6124/81/6148 6155/80/6149
f 6071/25/6095 6072/26/6098 6091/83/6150 6162/82/6151
f 6084/75/6145 6085/76/6083 6093/85/6152 6088/84/6153
f 6100/86/6154 6043/5/6076 6044/6/6075 6095/23/6093
f 6045/14/6082 6105/88/6155 6093/87/6152 6085/13/6083
f 6040/7/6077 6133/8/6080 6103/37/6107 6038/3/6072
f 6071/89/6095 6162/90/6151 6128/71/6140 6070/45/6116
f 6171/91/6156 6172/92/6157 6049/74/6143 6082/72/6142
f 6089/58/6127 6041/4/6074 6042/11/6081 6142/15/6086
f 6146/93/6158 6092/94/6159 6082/72/6142 6083/73/6144
f 6045/14/6082 6043/5/6076 6100/86/6154 6105/88/6155
f 6074/47/6117 6057/51/6122 6056/31/6101 6075/65/6133
f 6172/92/6157 6050/19/6089 6138/22/6092 6173/95/6160
f 6036/1/6071 6107/96/6161 6136/56/6124 6039/53/6123
f 6150/97/6162 6037/2/6073 6087/41/6111
f 6171/91/6156 6082/72/6142 6092/94/6159 6175/98/6163
f 6123/99/6164 6060/100/6096 6061/46/6115 6155/80/6149
f 6052/43/6113 6053/61/6130 6168/101/6165 6131/44/6114
f 6076/64/6134 6055/32/6100 6054/78/6147 6077/102/6166
f 6056/31/6101 6057/51/6122 6153/103/6167 6108/30/6102
f 6068/33/6103 6127/105/6168 6159/104/6169 6067/39/6109
f 6080/17/6087 6134/107/6170 6147/106/6171 6079/60/6131
f 6088/84/6153 6146/93/6158 6083/73/6144 6084/75/6145
f 6075/65/6133 6056/31/6101 6055/32/6100 6076/64/6134
f 6059/27/6097 6060/28/6096 6123/109/6164 6154/108/6172
f 6063/36/6104 6064/40/6110 6126/111/6173 6156/110/6174
f 6066/10/6078 6065/54/6126 6064/40/6110 6067/39/6109
f 6039/53/6123 6065/54/6126 6066/10/6078 6040/7/6077
f 6150/97/6162 6107/96/6161 6036/1/6071 6037/2/6073
f 6070/45/6116 6061/46/6115 6060/100/6096 6071/89/6095
f 6079/60/6131 6147/106/6171 6117/112/6175 6078/59/6129
f 6079/60/6131 6052/43/6113 6051/20/6088 6080/17/6087
f 6091/83/6150 6072/26/6098 6073/48/6120 6163/49/6119
f 6157/55/6125 6126/111/6173 6064/40/6110 6065/54/6126
f 6170/42/6112 6037/2/6073 6086/38/6108
f 6117/112/6175 6130/113/6176 6077/102/6166 6078/59/6129
f 6059/27/6097 6154/108/6172 6121/114/6177 6058/52/6121
f 6083/73/6144 6048/67/6139 6047/68/6138 6084/75/6145
f 6046/77/6084 6047/68/6138 6139/69/6137 6096/115/6085
f 6115/9/6079 6066/10/6078 6067/39/6109 6159/104/6169
f 6077/102/6166 6130/113/6176 6164/63/6135 6076/64/6134
f 6063/36/6104 6156/110/6174 6124/81/6148 6062/35/6105
f 6068/33/6103 6069/34/6106 6161/70/6141 6127/105/6168
f 6143/24/6094 6044/6/6075 6113/57/6128
f 6077/102/6166 6054/78/6147 6053/61/6130 6078/59/6129
f 6081/18/6090 6102/116/6178 6134/107/6170 6080/17/6087
f 6054/78/6147 6151/79/6146 6168/101/6165 6053/61/6130
f 6074/47/6117 6075/65/6133 6148/62/6132 6111/50/6118
f 6072/26/6098 6059/27/6097 6058/52/6121 6073/48/6120
f 6057/51/6122 6058/52/6121 6121/114/6177 6153/103/6167
f 6042/11/6081 6041/4/6074 6043/5/6076 6045/14/6082
f 6036/1/6071 6039/53/6123 6040/7/6077 6038/3/6072
f 6109/66/6136 6048/67/6139 6049/74/6143 6098/117/6179
f 6095/23/6093 6094/119/6180 6250/118/6181 6100/86/6154
f 6151/79/6146 6227/121/6182 6169/120/6183 6168/101/6165
f 6227/121/6182 6151/79/6146 6119/29/6099 6118/122/6184
f 6102/116/6178 6101/124/6185 6135/123/6186 6134/107/6170
f 6238/125/6187 6161/70/6141 6128/71/6140 6239/126/6188
f 6113/57/6128 6112/128/6189 6144/127/6190 6143/24/6094
f 6137/129/6191 6136/56/6124 6107/96/6161 6106/130/6192
f 6132/131/6193 6131/44/6114 6168/101/6165 6169/120/6183
f 6230/132/6194 6155/80/6149 6124/81/6148 6231/133/6195
f 6158/134/6196 6157/55/6125 6136/56/6124 6137/129/6191
f 6246/135/6197 6092/94/6159 6146/93/6158 6145/136/6198
f 6229/137/6199 6154/108/6172 6123/109/6164 6122/138/6200
f 6163/49/6119 6242/140/6201 6241/139/6202 6091/83/6150
f 6228/141/6203 6108/30/6102 6153/103/6167 6152/142/6204
f 6234/143/6205 6170/42/6112 6086/38/6108 6235/144/6206
f 6152/142/6204 6153/103/6167 6121/114/6177 6120/145/6207
f 6106/130/6192 6107/96/6161 6150/97/6162 6149/146/6208
f 6237/147/6209 6127/105/6168 6161/70/6141 6238/125/6187
f 6131/44/6114 6132/131/6193 6167/148/6210 6166/21/6091
f 6156/110/6174 6232/149/6211 6231/133/6195 6124/81/6148
f 6232/149/6211 6156/110/6174 6126/111/6173 6125/150/6212
f 6244/151/6213 6147/106/6171 6134/107/6170 6135/123/6186
f 6249/152/6214 6105/88/6155 6100/86/6154 6250/118/6181
f 6239/126/6188 6128/71/6140 6162/90/6151 6240/153/6215
f 6240/154/6215 6162/82/6151 6091/83/6150 6241/139/6202
f 6122/155/6200 6123/99/6164 6155/80/6149 6230/132/6194
f 6236/156/6216 6133/8/6080 6115/9/6079 6114/157/6217
f 6166/21/6091 6167/148/6210 6310/158/6218 6138/22/6092
f 6165/159/6219 6164/63/6135 6130/113/6176 6129/160/6220
f 6118/122/6184 6119/29/6099 6108/30/6102 6228/141/6203
f 6117/112/6175 6116/161/6221 6129/160/6220 6130/113/6176
f 6154/108/6172 6229/137/6199 6120/145/6207 6121/114/6177
f 6173/95/6160 6174/163/6222 6099/162/6223 6098/117/6179
f 6098/117/6179 6099/162/6223 6309/164/6224 6109/66/6136
f 6160/165/6225 6159/104/6169 6127/105/6168 6237/147/6209
f 6125/150/6212 6126/111/6173 6157/55/6125 6158/134/6196
f 6247/166/6226 6088/84/6153 6093/85/6152 6248/167/6227
f 6245/168/6228 6175/98/6163 6092/94/6159 6246/135/6197
f 6142/15/6086 6141/170/6229 6090/169/6230 6089/58/6127
f 6143/24/6094 6144/127/6190 6094/119/6180 6095/23/6093
f 6109/66/6136 6309/164/6224 6140/171/6231 6139/69/6137
f 6133/8/6080 6236/156/6216 6104/172/6232 6103/37/6107
f 6103/37/6107 6104/172/6232 6235/144/6206 6086/38/6108
f 6097/173/6233 6096/115/6085 6139/69/6137 6140/171/6231
f 6242/140/6201 6163/49/6119 6111/50/6118 6110/174/6234
f 6243/175/6235 6148/62/6132 6164/63/6135 6165/159/6219
f 6089/58/6127 6090/169/6230 6112/128/6189 6113/57/6128
f 6159/104/6169 6160/165/6225 6114/157/6217 6115/9/6079
f 6149/146/6208 6150/97/6162 6087/41/6111 6233/176/6236
f 6105/88/6155 6249/152/6214 6248/177/6227 6093/87/6152
f 6141/170/6229 6142/15/6086 6096/16/6085 6097/178/6233
f 6088/84/6153 6247/166/6226 6145/136/6198 6146/93/6158
f 6116/161/6221 6117/112/6175 6147/106/6171 6244/151/6213
f 6148/62/6132 6243/175/6235 6110/174/6234 6111/50/6118
f 6233/176/6236 6087/41/6111 6170/42/6112 6234/143/6205
f 6101/124/6185 6102/116/6178 6175/98/6163 6245/168/6228
f 6138/22/6092 6310/158/6218 6174/163/6222 6173/95/6160
f 6081/18/6090 6171/91/6156 6175/98/6163 6102/116/6178
f 6049/74/6143 6172/92/6157 6173/95/6160 6098/117/6179
f 6081/18/6090 6050/19/6089 6172/92/6157 6171/91/6156
f 6311/179/6237 6301/182/6238 6225/181/6239 6302/180/6240
f 6290/183/6241 6289/186/6242 6213/185/6243 6214/184/6244
f 6218/187/6245 6217/188/6246 6247/166/6247 6248/167/6248
f 6145/136/6249 6216/190/6250 6215/189/6251 6246/135/6252
f 6097/178/6253 6302/180/6240 6225/181/6239 6141/170/6254
f 6313/191/6255 6312/194/6256 6303/193/6257 6304/192/6258
f 6305/195/6259 6304/192/6258 6309/164/6260 6099/162/6261
f 6214/184/6244 6245/168/6262 6246/135/6252 6215/189/6251
f 6306/196/6263 6305/195/6259 6099/162/6261 6174/163/6264
f 6224/197/6265 6090/169/6266 6141/170/6254 6225/181/6239
f 6212/198/6267 6213/185/6243 6289/186/6242 6288/199/6268
f 6304/192/6258 6303/193/6257 6140/171/6269 6309/164/6260
f 6294/200/6270 6293/201/6271 6217/188/6246 6218/187/6245
f 6229/137/6272 6122/138/6273 6185/203/6274 6184/202/6275
f 6216/190/6250 6217/188/6246 6293/201/6271 6292/204/6276
f 6216/190/6250 6145/136/6249 6247/166/6247 6217/188/6246
f 6315/205/6277 6308/207/6278 6306/196/6263 6307/206/6279
f 6186/208/6280 6230/132/6281 6231/133/6282 6187/209/6283
f 6307/206/6279 6310/158/6284 6167/148/6285 6176/210/6286
f 6251/211/6287 6315/205/6277 6307/206/6279 6176/210/6286
f 6211/212/6288 6212/198/6267 6288/199/6268 6287/213/6289
f 6213/185/6243 6101/124/6290 6245/168/6262 6214/184/6244
f 6132/131/6291 6177/214/6292 6176/210/6286 6167/148/6285
f 6308/207/6278 6314/215/6293 6305/195/6259 6306/196/6263
f 6287/213/6289 6286/217/6294 6210/216/6295 6211/212/6288
f 6176/210/6286 6177/214/6292 6252/218/6296 6251/211/6287
f 6177/214/6292 6132/131/6291 6169/120/6297 6178/219/6298
f 6255/220/6299 6254/223/6300 6179/222/6301 6180/221/6302
f 6205/224/6303 6206/227/6304 6282/226/6305 6281/225/6306
f 6199/228/6307 6198/229/6308 6114/157/6309 6160/165/6310
f 6253/230/6311 6178/219/6298 6179/222/6301 6254/223/6300
f 6179/222/6301 6178/219/6298 6169/120/6297 6227/121/6312
f 6253/230/6311 6252/218/6296 6177/214/6292 6178/219/6298
f 6179/222/6301 6227/121/6312 6118/122/6313 6180/221/6302
f 6286/217/6294 6285/232/6314 6209/231/6315 6210/216/6295
f 6237/147/6316 6200/233/6317 6199/228/6307 6160/165/6310
f 6204/234/6318 6280/237/6319 6279/236/6320 6203/235/6321
f 6261/238/6322 6260/240/6323 6185/239/6274 6186/208/6280
f 6180/221/6302 6118/122/6313 6228/141/6324 6181/241/6325
f 6207/242/6326 6243/175/6327 6165/159/6328 6208/243/6329
f 6284/244/6330 6208/243/6329 6209/231/6315 6285/232/6314
f 6298/245/6331 6297/248/6332 6221/247/6333 6222/246/6334
f 6255/220/6299 6180/221/6302 6181/241/6325 6256/249/6335
f 6207/242/6326 6208/243/6329 6284/244/6330 6283/250/6336
f 6181/241/6325 6228/141/6324 6152/142/6337 6182/251/6338
f 6129/160/6339 6209/231/6315 6208/243/6329 6165/159/6328
f 6191/252/6340 6192/255/6341 6267/254/6342 6266/253/6343
f 6300/256/6344 6299/258/6345 6223/257/6346 6224/197/6265
f 6296/259/6347 6295/262/6348 6219/261/6349 6220/260/6350
f 6182/251/6338 6152/142/6337 6120/145/6351 6183/263/6352
f 6264/264/6353 6189/267/6354 6190/266/6355 6265/265/6356
f 6183/263/6352 6120/145/6351 6229/137/6272 6184/202/6275
f 6204/234/6318 6241/139/6357 6242/140/6358 6205/224/6303
f 6184/202/6275 6185/203/6274 6260/269/6323 6259/268/6359
f 6203/235/6321 6240/154/6360 6241/139/6357 6204/234/6318
f 6122/155/6273 6230/132/6281 6186/208/6280 6185/239/6274
f 6214/184/6244 6215/189/6251 6291/270/6361 6290/183/6241
f 6201/271/6362 6238/125/6363 6239/126/6364 6202/272/6365
f 6273/273/6366 6272/276/6367 6197/275/6368 6226/274/6369
f 6196/277/6370 6195/278/6371 6234/143/6372 6235/144/6373
f 6222/246/6334 6144/127/6374 6112/128/6375 6223/257/6346
f 6231/133/6282 6232/149/6376 6188/279/6377 6187/209/6283
f 6258/280/6378 6183/263/6352 6184/202/6275 6259/268/6359
f 6188/279/6377 6232/149/6376 6125/150/6379 6189/267/6354
f 6190/266/6355 6158/134/6380 6137/129/6381 6191/252/6340
f 6209/231/6315 6129/160/6339 6116/161/6382 6210/216/6295
f 6189/267/6354 6125/150/6379 6158/134/6380 6190/266/6355
f 6240/153/6360 6203/281/6321 6202/272/6365 6239/126/6364
f 6263/282/6383 6262/283/6384 6187/209/6283 6188/279/6377
f 6262/283/6384 6261/238/6322 6186/208/6280 6187/209/6283
f 6193/284/6385 6192/255/6341 6106/130/6386 6149/146/6387
f 6277/285/6388 6276/286/6389 6200/233/6317 6201/271/6362
f 6269/287/6390 6268/289/6391 6193/284/6385 6194/288/6392
f 6193/284/6385 6268/289/6391 6267/254/6342 6192/255/6341
f 6233/176/6393 6194/288/6392 6193/284/6385 6149/146/6387
f 6191/252/6340 6137/129/6381 6106/130/6386 6192/255/6341
f 6195/278/6371 6196/277/6370 6271/291/6394 6270/290/6395
f 6194/288/6392 6233/176/6393 6234/143/6372 6195/278/6371
f 6220/260/6350 6219/261/6349 6249/152/6396 6250/118/6397
f 6219/261/6349 6218/292/6245 6248/177/6248 6249/152/6396
f 6197/275/6368 6196/277/6370 6235/144/6373 6104/172/6398
f 6224/197/6265 6225/181/6239 6301/182/6238 6300/256/6344
f 6197/275/6368 6104/172/6398 6236/156/6399 6226/274/6369
f 6198/229/6308 6199/228/6307 6275/294/6400 6274/293/6401
f 6205/224/6303 6281/225/6306 6280/237/6319 6204/234/6318
f 6298/245/6331 6222/246/6334 6223/257/6346 6299/258/6345
f 6276/286/6389 6275/294/6400 6199/228/6307 6200/233/6317
f 6278/295/6402 6277/285/6388 6201/271/6362 6202/272/6365
f 6238/125/6363 6201/271/6362 6200/233/6317 6237/147/6316
f 6278/295/6402 6202/272/6365 6203/281/6321 6279/296/6320
f 6213/185/6243 6212/198/6267 6135/123/6403 6101/124/6290
f 6242/140/6358 6110/174/6404 6206/227/6304 6205/224/6303
f 6283/250/6336 6282/226/6305 6206/227/6304 6207/242/6326
f 6243/175/6327 6207/242/6326 6206/227/6304 6110/174/6404
f 6258/280/6378 6257/297/6405 6182/251/6338 6183/263/6352
f 6292/204/6276 6291/270/6361 6215/189/6251 6216/190/6250
f 6211/212/6288 6244/151/6406 6135/123/6403 6212/198/6267
f 6210/216/6295 6116/161/6382 6244/151/6406 6211/212/6288
f 6114/157/6309 6198/229/6308 6226/274/6369 6236/156/6399
f 6295/262/6348 6294/298/6270 6218/292/6245 6219/261/6349
f 6221/247/6333 6094/119/6407 6144/127/6374 6222/246/6334
f 6297/248/6332 6296/259/6347 6220/260/6350 6221/247/6333
f 6094/119/6407 6221/247/6333 6220/260/6350 6250/118/6397
f 6190/266/6355 6191/252/6340 6266/253/6343 6265/265/6356
f 6223/257/6346 6112/128/6375 6090/169/6266 6224/197/6265
f 6226/274/6369 6198/229/6308 6274/293/6401 6273/273/6366
f 6303/193/6257 6302/299/6240 6097/173/6253 6140/171/6269
f 6314/215/6293 6313/191/6255 6304/192/6258 6305/195/6259
f 6312/194/6256 6311/300/6237 6302/299/6240 6303/193/6257
f 6307/206/6279 6306/196/6263 6174/163/6264 6310/158/6284
f 6270/290/6395 6269/287/6390 6194/288/6392 6195/278/6371
f 6188/279/6377 6189/267/6354 6264/264/6353 6263/282/6383
f 6257/297/6405 6256/249/6335 6181/241/6325 6182/251/6338
f 6272/276/6367 6271/291/6394 6196/277/6370 6197/275/6368
