# Blender v2.79 (sub 0) OBJ File: 'Nightstand.blend'
# www.blender.org
mtllib Nightstand.mtl
o Cube_Cube.001
v -0.332558 0.121873 0.263411
v -0.340138 0.121873 0.255830
v -0.336348 0.121873 0.262395
v -0.339123 0.121873 0.259621
v -0.340138 1.131634 0.255830
v -0.332558 1.131634 0.263411
v -0.339123 1.131634 0.259621
v -0.336348 1.131634 0.262395
v -0.340138 0.121873 -0.255830
v -0.332558 0.121873 -0.263411
v -0.339123 0.121873 -0.259621
v -0.336348 0.121873 -0.262395
v -0.332558 1.131634 -0.263411
v -0.340138 1.131634 -0.255830
v -0.336348 1.131634 -0.262395
v -0.339123 1.131634 -0.259621
v 0.340138 0.121873 0.255830
v 0.332558 0.121873 0.263411
v 0.339123 0.121873 0.259621
v 0.336348 0.121873 0.262395
v 0.332558 1.131634 0.263411
v 0.340138 1.131634 0.255830
v 0.336348 1.131634 0.262395
v 0.339123 1.131634 0.259621
v 0.332558 0.121873 -0.263411
v 0.340138 0.121873 -0.255830
v 0.336348 0.121873 -0.262395
v 0.339123 0.121873 -0.259621
v 0.340138 1.131634 -0.255830
v 0.332558 1.131634 -0.263411
v 0.339123 1.131634 -0.259621
v 0.336348 1.131634 -0.262395
v -0.300800 0.156107 0.262987
v -0.319473 0.174780 0.262987
v -0.310136 0.158608 0.262987
v -0.316971 0.165443 0.262987
v -0.319473 0.483046 0.262987
v -0.300800 0.501720 0.262987
v -0.316971 0.492383 0.262987
v -0.310136 0.499218 0.262987
v 0.300800 0.501720 0.262987
v 0.319473 0.483046 0.262987
v 0.310136 0.499218 0.262987
v 0.316971 0.492383 0.262987
v 0.319473 0.174780 0.262987
v 0.300800 0.156107 0.262987
v 0.316971 0.165443 0.262987
v 0.310136 0.158608 0.262987
v -0.319473 0.174780 0.294127
v -0.300800 0.156107 0.294127
v -0.316971 0.165443 0.294127
v -0.310136 0.158608 0.294127
v -0.300800 0.501720 0.294127
v -0.319473 0.483046 0.294127
v -0.310136 0.499218 0.294127
v -0.316971 0.492383 0.294127
v 0.319473 0.483046 0.294127
v 0.300800 0.501720 0.294127
v 0.316971 0.492383 0.294127
v 0.310136 0.499218 0.294127
v 0.300800 0.156107 0.294127
v 0.319473 0.174780 0.294127
v 0.310136 0.158608 0.294127
v 0.316971 0.165443 0.294127
v -0.304948 0.153034 0.270961
v -0.304948 0.153034 0.286153
v -0.306585 0.151821 0.278557
v -0.314414 0.155570 0.270961
v -0.314414 0.155570 0.286153
v -0.316102 0.154371 0.278557
v -0.321343 0.162499 0.270961
v -0.321343 0.162499 0.286153
v -0.323068 0.161337 0.278557
v -0.323879 0.171965 0.270961
v -0.323879 0.171965 0.286153
v -0.325618 0.170854 0.278557
v -0.304948 0.504793 0.286153
v -0.304948 0.504793 0.270961
v -0.306585 0.506005 0.278557
v -0.314414 0.502256 0.286153
v -0.314414 0.502256 0.270961
v -0.316102 0.503455 0.278557
v -0.321343 0.495327 0.286153
v -0.321343 0.495327 0.270961
v -0.323068 0.496489 0.278557
v -0.323879 0.485862 0.286153
v -0.323879 0.485862 0.270961
v -0.325618 0.486972 0.278557
v 0.323879 0.171965 0.270961
v 0.323879 0.171965 0.286153
v 0.325618 0.170854 0.278557
v 0.321343 0.162499 0.270961
v 0.321343 0.162499 0.286153
v 0.323068 0.161337 0.278557
v 0.314414 0.155570 0.270961
v 0.314414 0.155570 0.286153
v 0.316102 0.154371 0.278557
v 0.304948 0.153034 0.286153
v 0.304948 0.153034 0.270961
v 0.306585 0.151821 0.278557
v 0.304948 0.504793 0.270961
v 0.304948 0.504793 0.286153
v 0.306585 0.506005 0.278557
v 0.314414 0.502256 0.270961
v 0.314414 0.502256 0.286153
v 0.316102 0.503455 0.278557
v 0.321343 0.495327 0.270961
v 0.321343 0.495327 0.286153
v 0.323068 0.496489 0.278557
v 0.323879 0.485862 0.286153
v 0.323879 0.485862 0.270961
v 0.325618 0.486972 0.278557
v -0.000000 0.328913 0.262987
v -0.000000 0.698913 0.262987
v 0.325618 0.856972 0.278557
v 0.323879 0.855862 0.270961
v 0.323879 0.855862 0.286153
v 0.323068 0.866489 0.278557
v 0.321343 0.865327 0.286153
v 0.321343 0.865327 0.270961
v 0.316102 0.873455 0.278557
v 0.314414 0.872256 0.286153
v 0.314414 0.872256 0.270961
v 0.306585 0.876005 0.278557
v 0.304948 0.874793 0.286153
v 0.304948 0.874793 0.270961
v 0.306585 0.521821 0.278557
v 0.304948 0.523034 0.270961
v 0.304948 0.523034 0.286153
v 0.316102 0.524371 0.278557
v 0.314414 0.525570 0.286153
v 0.314414 0.525570 0.270961
v 0.323068 0.531337 0.278557
v 0.321343 0.532499 0.286153
v 0.321343 0.532499 0.270961
v 0.325618 0.540854 0.278557
v 0.323879 0.541965 0.286153
v 0.323879 0.541965 0.270961
v -0.325618 0.856972 0.278557
v -0.323879 0.855862 0.270961
v -0.323879 0.855862 0.286153
v -0.323068 0.866489 0.278557
v -0.321343 0.865327 0.270961
v -0.321343 0.865327 0.286153
v -0.316102 0.873455 0.278557
v -0.314414 0.872256 0.270961
v -0.314414 0.872256 0.286153
v -0.306585 0.876005 0.278557
v -0.304948 0.874793 0.270961
v -0.304948 0.874793 0.286153
v -0.325618 0.540854 0.278557
v -0.323879 0.541965 0.286153
v -0.323879 0.541965 0.270961
v -0.323068 0.531337 0.278557
v -0.321343 0.532499 0.286153
v -0.321343 0.532499 0.270961
v -0.316102 0.524371 0.278557
v -0.314414 0.525570 0.286153
v -0.314414 0.525570 0.270961
v -0.306585 0.521821 0.278557
v -0.304948 0.523034 0.286153
v -0.304948 0.523034 0.270961
v 0.316971 0.535443 0.294127
v 0.310136 0.528608 0.294127
v 0.319473 0.544780 0.294127
v 0.300800 0.526107 0.294127
v 0.310136 0.869218 0.294127
v 0.316971 0.862383 0.294127
v 0.300800 0.871720 0.294127
v 0.319473 0.853046 0.294127
v -0.316971 0.862383 0.294127
v -0.310136 0.869218 0.294127
v -0.319473 0.853046 0.294127
v -0.300800 0.871720 0.294127
v -0.310136 0.528608 0.294127
v -0.316971 0.535443 0.294127
v -0.300800 0.526107 0.294127
v -0.319473 0.544780 0.294127
v 0.310136 0.528608 0.262987
v 0.316971 0.535443 0.262987
v 0.300800 0.526107 0.262987
v 0.319473 0.544780 0.262987
v 0.316971 0.862383 0.262987
v 0.310136 0.869218 0.262987
v 0.319473 0.853046 0.262987
v 0.300800 0.871720 0.262987
v -0.310136 0.869218 0.262987
v -0.316971 0.862383 0.262987
v -0.300800 0.871720 0.262987
v -0.319473 0.853046 0.262987
v -0.316971 0.535443 0.262987
v -0.310136 0.528608 0.262987
v -0.319473 0.544780 0.262987
v -0.300800 0.526107 0.262987
v -0.000000 0.328913 0.294127
v -0.000000 0.698913 0.294127
v -0.323245 0.888507 0.263411
v -0.336348 0.879194 0.262395
v -0.339123 0.879194 0.259621
v -0.340138 0.879194 0.255830
v -0.332558 0.879194 -0.263411
v -0.336348 0.879194 -0.262395
v -0.339123 0.879194 -0.259621
v -0.340138 0.879194 -0.255830
v 0.340138 0.879194 -0.255830
v 0.339123 0.879194 -0.259621
v 0.336348 0.879194 -0.262395
v 0.332558 0.879194 -0.263411
v 0.323245 0.888507 0.263411
v 0.336348 0.879194 0.262395
v 0.339123 0.879194 0.259621
v 0.340138 0.879194 0.255830
v -0.323245 1.109699 0.263411
v -0.336348 1.119012 -0.262395
v -0.339123 1.119012 -0.259621
v -0.340138 1.119012 -0.255830
v 0.339123 1.119012 -0.259621
v 0.336348 1.119012 -0.262395
v 0.332558 1.119012 -0.263411
v 0.336348 1.119012 0.262395
v 0.339123 1.119012 0.259621
v 0.340138 1.119012 0.255830
v -0.336348 1.119012 0.262395
v -0.339123 1.119012 0.259621
v -0.340138 1.119012 0.255830
v -0.332558 1.119012 -0.263411
v 0.340138 1.119012 -0.255830
v 0.323245 1.109699 0.263411
v 0.332558 1.119012 0.263411
v 0.332558 0.879194 0.263411
v -0.332558 0.879194 0.263411
v -0.332558 1.119012 0.263411
v 0.323245 1.109699 -0.111188
v 0.323245 0.888507 -0.111188
v -0.323245 0.888507 -0.111188
v -0.323245 1.109699 -0.111188
v -0.300000 0.087021 -0.225000
v -0.300000 0.069211 -0.243302
v -0.300000 0.031270 -0.248297
v -0.300000 0.019211 -0.243302
v -0.300000 -0.000063 -0.212941
v -0.293530 0.087021 -0.224148
v -0.290849 0.079567 -0.234151
v -0.288793 0.069211 -0.241826
v -0.287500 0.057152 -0.246651
v -0.287059 0.044211 -0.248297
v -0.287500 0.031270 -0.246651
v -0.288793 0.019211 -0.241826
v -0.290849 0.008856 -0.234151
v -0.296651 -0.000063 -0.212500
v -0.287500 0.087021 -0.221651
v -0.282322 0.079567 -0.230619
v -0.278349 0.069211 -0.237500
v -0.275852 0.057152 -0.241826
v -0.275000 0.044211 -0.243302
v -0.275852 0.031270 -0.241826
v -0.278349 0.019211 -0.237500
v -0.282322 0.008856 -0.230619
v -0.293530 -0.000063 -0.211208
v -0.282322 0.087021 -0.217678
v -0.275000 0.079567 -0.225000
v -0.269381 0.069211 -0.230619
v -0.265849 0.057152 -0.234151
v -0.264645 0.044211 -0.235356
v -0.265849 0.031270 -0.234151
v -0.269381 0.019211 -0.230619
v -0.275000 0.008856 -0.225000
v -0.290849 -0.000063 -0.209151
v -0.278349 0.087021 -0.212500
v -0.269381 0.079567 -0.217678
v -0.262500 0.069211 -0.221651
v -0.258174 0.057152 -0.224148
v -0.256699 0.044211 -0.225000
v -0.258174 0.031270 -0.224148
v -0.262500 0.019211 -0.221651
v -0.269381 0.008856 -0.217678
v -0.288793 -0.000063 -0.206471
v -0.275852 0.087021 -0.206471
v -0.265849 0.079567 -0.209151
v -0.258174 0.069211 -0.211208
v -0.253349 0.057152 -0.212500
v -0.251704 0.044211 -0.212941
v -0.253349 0.031270 -0.212500
v -0.258174 0.019211 -0.211208
v -0.265849 0.008856 -0.209151
v -0.287500 -0.000063 -0.203350
v -0.275000 0.087021 -0.200000
v -0.264645 0.079567 -0.200000
v -0.256699 0.069211 -0.200000
v -0.251704 0.057152 -0.200000
v -0.250000 0.044211 -0.200000
v -0.251704 0.031270 -0.200000
v -0.256699 0.019211 -0.200000
v -0.264645 0.008856 -0.200000
v -0.287059 -0.000063 -0.200000
v -0.275852 0.087021 -0.193530
v -0.265849 0.079567 -0.190850
v -0.258174 0.069211 -0.188793
v -0.253349 0.057152 -0.187500
v -0.251704 0.044211 -0.187059
v -0.253349 0.031270 -0.187500
v -0.258174 0.019211 -0.188793
v -0.265849 0.008856 -0.190850
v -0.287500 -0.000063 -0.196651
v -0.278349 0.087021 -0.187500
v -0.269381 0.079567 -0.182323
v -0.262500 0.069211 -0.178350
v -0.258174 0.057152 -0.175852
v -0.256699 0.044211 -0.175000
v -0.258174 0.031270 -0.175852
v -0.262500 0.019211 -0.178350
v -0.269381 0.008856 -0.182323
v -0.288793 -0.000063 -0.193530
v -0.282322 0.087021 -0.182323
v -0.275000 0.079567 -0.175000
v -0.269381 0.069211 -0.169382
v -0.265849 0.057152 -0.165850
v -0.264645 0.044211 -0.164645
v -0.265849 0.031270 -0.165850
v -0.269381 0.019211 -0.169382
v -0.275000 0.008856 -0.175000
v -0.290849 -0.000063 -0.190850
v -0.287500 0.087021 -0.178350
v -0.282322 0.079567 -0.169382
v -0.278349 0.069211 -0.162500
v -0.275852 0.057152 -0.158175
v -0.275000 0.044211 -0.156699
v -0.275852 0.031270 -0.158175
v -0.278349 0.019211 -0.162500
v -0.282322 0.008856 -0.169382
v -0.293530 -0.000063 -0.188793
v -0.293530 0.087021 -0.175852
v -0.290849 0.079567 -0.165850
v -0.288793 0.069211 -0.158175
v -0.287500 0.057152 -0.153350
v -0.287059 0.044211 -0.151704
v -0.287500 0.031270 -0.153350
v -0.288793 0.019211 -0.158175
v -0.290849 0.008856 -0.165850
v -0.296651 -0.000063 -0.187500
v -0.300000 0.087021 -0.175000
v -0.300000 0.079567 -0.164645
v -0.300000 0.069211 -0.156699
v -0.300000 0.057152 -0.151704
v -0.300000 0.044211 -0.150000
v -0.300000 0.031270 -0.151704
v -0.300000 0.019211 -0.156699
v -0.300000 0.008856 -0.164645
v -0.300000 -0.000063 -0.187059
v -0.306471 0.087021 -0.175852
v -0.309151 0.079567 -0.165850
v -0.311207 0.069211 -0.158175
v -0.312500 0.057152 -0.153350
v -0.312941 0.044211 -0.151704
v -0.312500 0.031270 -0.153350
v -0.311207 0.019211 -0.158175
v -0.309151 0.008856 -0.165850
v -0.303349 -0.000063 -0.187500
v -0.312500 0.087021 -0.178350
v -0.317678 0.079567 -0.169382
v -0.321651 0.069211 -0.162500
v -0.324148 0.057152 -0.158175
v -0.325000 0.044211 -0.156699
v -0.324148 0.031270 -0.158175
v -0.321651 0.019211 -0.162500
v -0.317678 0.008856 -0.169382
v -0.306471 -0.000063 -0.188793
v -0.300000 -0.000063 -0.200000
v -0.317678 0.087021 -0.182323
v -0.325000 0.079567 -0.175000
v -0.330619 0.069211 -0.169382
v -0.334151 0.057152 -0.165850
v -0.335355 0.044211 -0.164645
v -0.334151 0.031270 -0.165850
v -0.330619 0.019211 -0.169382
v -0.325000 0.008856 -0.175000
v -0.309151 -0.000063 -0.190850
v -0.321651 0.087021 -0.187500
v -0.330619 0.079567 -0.182323
v -0.337500 0.069211 -0.178350
v -0.341826 0.057152 -0.175852
v -0.343301 0.044211 -0.175000
v -0.341826 0.031270 -0.175852
v -0.337500 0.019211 -0.178350
v -0.330619 0.008856 -0.182323
v -0.311207 -0.000063 -0.193530
v -0.324148 0.087021 -0.193530
v -0.334151 0.079567 -0.190850
v -0.341826 0.069211 -0.188793
v -0.346651 0.057152 -0.187500
v -0.348296 0.044211 -0.187059
v -0.346651 0.031270 -0.187500
v -0.341826 0.019211 -0.188793
v -0.334151 0.008856 -0.190850
v -0.312500 -0.000063 -0.196651
v -0.325000 0.087021 -0.200000
v -0.335355 0.079567 -0.200000
v -0.343301 0.069211 -0.200000
v -0.348296 0.057152 -0.200000
v -0.350000 0.044211 -0.200000
v -0.348296 0.031270 -0.200000
v -0.343301 0.019211 -0.200000
v -0.335355 0.008856 -0.200000
v -0.312941 -0.000063 -0.200000
v -0.324148 0.087021 -0.206471
v -0.334151 0.079567 -0.209151
v -0.341826 0.069211 -0.211208
v -0.346651 0.057152 -0.212500
v -0.348296 0.044211 -0.212941
v -0.346651 0.031270 -0.212500
v -0.341826 0.019211 -0.211208
v -0.334151 0.008856 -0.209151
v -0.312500 -0.000063 -0.203350
v -0.321651 0.087021 -0.212500
v -0.330619 0.079567 -0.217678
v -0.337500 0.069211 -0.221651
v -0.341826 0.057152 -0.224148
v -0.343301 0.044211 -0.225000
v -0.341826 0.031270 -0.224148
v -0.337500 0.019211 -0.221651
v -0.330619 0.008856 -0.217678
v -0.311207 -0.000063 -0.206471
v -0.317678 0.087021 -0.217678
v -0.325000 0.079567 -0.225000
v -0.330619 0.069211 -0.230619
v -0.334151 0.057152 -0.234151
v -0.335355 0.044211 -0.235356
v -0.334151 0.031270 -0.234151
v -0.330619 0.019211 -0.230619
v -0.325000 0.008856 -0.225000
v -0.309151 -0.000063 -0.209151
v -0.312500 0.087021 -0.221651
v -0.317678 0.079567 -0.230619
v -0.321651 0.069211 -0.237500
v -0.324148 0.057152 -0.241826
v -0.325000 0.044211 -0.243302
v -0.324148 0.031270 -0.241826
v -0.321651 0.019211 -0.237500
v -0.317678 0.008856 -0.230619
v -0.306471 -0.000063 -0.211208
v -0.306471 0.087021 -0.224148
v -0.309151 0.079567 -0.234151
v -0.311207 0.069211 -0.241826
v -0.312500 0.057152 -0.246651
v -0.312941 0.044211 -0.248297
v -0.312500 0.031270 -0.246651
v -0.311207 0.019211 -0.241826
v -0.309151 0.008856 -0.234151
v -0.303349 -0.000063 -0.212500
v -0.300000 0.079567 -0.235356
v -0.300000 0.057152 -0.248297
v -0.300000 0.044211 -0.250000
v -0.300000 0.008856 -0.235356
v -0.294078 -0.000063 -0.222104
v -0.293116 0.001314 -0.225692
v -0.293748 0.000122 -0.223333
v -0.293396 0.000626 -0.224646
v -0.286701 0.001314 -0.223035
v -0.288559 -0.000063 -0.219818
v -0.287242 0.000626 -0.222097
v -0.287922 0.000122 -0.220920
v -0.281192 0.001314 -0.218808
v -0.283819 -0.000063 -0.216181
v -0.281958 0.000626 -0.218042
v -0.282919 0.000122 -0.217081
v -0.276965 0.001314 -0.213299
v -0.280183 -0.000063 -0.211442
v -0.277903 0.000626 -0.212758
v -0.279081 0.000122 -0.212078
v -0.274308 0.001314 -0.206884
v -0.277897 -0.000063 -0.205923
v -0.275354 0.000626 -0.206604
v -0.276668 0.000122 -0.206252
v -0.273402 0.001314 -0.200000
v -0.277117 -0.000063 -0.200000
v -0.274485 0.000626 -0.200000
v -0.275845 0.000122 -0.200000
v -0.274308 0.001314 -0.193116
v -0.277897 -0.000063 -0.194078
v -0.275354 0.000626 -0.193396
v -0.276668 0.000122 -0.193748
v -0.276965 0.001314 -0.186701
v -0.280183 -0.000063 -0.188559
v -0.277903 0.000626 -0.187243
v -0.279081 0.000122 -0.187923
v -0.281192 0.001314 -0.181193
v -0.283819 -0.000063 -0.183820
v -0.281958 0.000626 -0.181958
v -0.282919 0.000122 -0.182920
v -0.286701 0.001314 -0.176966
v -0.288559 -0.000063 -0.180183
v -0.287242 0.000626 -0.177903
v -0.287922 0.000122 -0.179081
v -0.293116 0.001314 -0.174308
v -0.294078 -0.000063 -0.177897
v -0.293396 0.000626 -0.175354
v -0.293748 0.000122 -0.176668
v -0.300000 0.001314 -0.173402
v -0.300000 -0.000063 -0.177117
v -0.300000 0.000626 -0.174485
v -0.300000 0.000122 -0.175845
v -0.306884 0.001314 -0.174308
v -0.305923 -0.000063 -0.177897
v -0.306604 0.000626 -0.175354
v -0.306252 0.000122 -0.176668
v -0.313299 0.001314 -0.176966
v -0.311442 -0.000063 -0.180183
v -0.312758 0.000626 -0.177903
v -0.312078 0.000122 -0.179081
v -0.318808 0.001314 -0.181193
v -0.316181 -0.000063 -0.183820
v -0.318042 0.000626 -0.181958
v -0.317081 0.000122 -0.182920
v -0.323035 0.001314 -0.186701
v -0.319817 -0.000063 -0.188559
v -0.322097 0.000626 -0.187243
v -0.320919 0.000122 -0.187923
v -0.325692 0.001314 -0.193116
v -0.322103 -0.000063 -0.194078
v -0.324646 0.000626 -0.193396
v -0.323333 0.000122 -0.193748
v -0.326598 0.001314 -0.200000
v -0.322883 -0.000063 -0.200000
v -0.325516 0.000626 -0.200000
v -0.324156 0.000122 -0.200000
v -0.325692 0.001314 -0.206884
v -0.322103 -0.000063 -0.205923
v -0.324646 0.000626 -0.206604
v -0.323333 0.000122 -0.206252
v -0.323035 0.001314 -0.213299
v -0.319817 -0.000063 -0.211442
v -0.322097 0.000626 -0.212758
v -0.320919 0.000122 -0.212078
v -0.318808 0.001314 -0.218808
v -0.316181 -0.000063 -0.216181
v -0.318042 0.000626 -0.218042
v -0.317081 0.000122 -0.217081
v -0.313299 0.001314 -0.223035
v -0.311442 -0.000063 -0.219818
v -0.312758 0.000626 -0.222097
v -0.312078 0.000122 -0.220920
v -0.306884 0.001314 -0.225692
v -0.305923 -0.000063 -0.222104
v -0.306604 0.000626 -0.224646
v -0.306252 0.000122 -0.223333
v -0.300000 0.001314 -0.226599
v -0.300000 -0.000063 -0.222883
v -0.300000 0.000626 -0.225516
v -0.300000 0.000122 -0.224156
v 0.300000 0.087021 -0.225000
v 0.300000 0.069211 -0.243302
v 0.300000 0.031270 -0.248297
v 0.300000 0.019211 -0.243302
v 0.300000 -0.000063 -0.212941
v 0.293530 0.087021 -0.224148
v 0.290849 0.079567 -0.234151
v 0.288793 0.069211 -0.241826
v 0.287500 0.057152 -0.246651
v 0.287059 0.044211 -0.248297
v 0.287500 0.031270 -0.246651
v 0.288793 0.019211 -0.241826
v 0.290849 0.008856 -0.234151
v 0.296651 -0.000063 -0.212500
v 0.287500 0.087021 -0.221651
v 0.282322 0.079567 -0.230619
v 0.278349 0.069211 -0.237500
v 0.275852 0.057152 -0.241826
v 0.275000 0.044211 -0.243302
v 0.275852 0.031270 -0.241826
v 0.278349 0.019211 -0.237500
v 0.282322 0.008856 -0.230619
v 0.293530 -0.000063 -0.211208
v 0.282322 0.087021 -0.217678
v 0.275000 0.079567 -0.225000
v 0.269381 0.069211 -0.230619
v 0.265849 0.057152 -0.234151
v 0.264645 0.044211 -0.235356
v 0.265849 0.031270 -0.234151
v 0.269381 0.019211 -0.230619
v 0.275000 0.008856 -0.225000
v 0.290849 -0.000063 -0.209151
v 0.278349 0.087021 -0.212500
v 0.269381 0.079567 -0.217678
v 0.262500 0.069211 -0.221651
v 0.258174 0.057152 -0.224148
v 0.256699 0.044211 -0.225000
v 0.258174 0.031270 -0.224148
v 0.262500 0.019211 -0.221651
v 0.269381 0.008856 -0.217678
v 0.288793 -0.000063 -0.206471
v 0.275852 0.087021 -0.206471
v 0.265849 0.079567 -0.209151
v 0.258174 0.069211 -0.211208
v 0.253349 0.057152 -0.212500
v 0.251704 0.044211 -0.212941
v 0.253349 0.031270 -0.212500
v 0.258174 0.019211 -0.211208
v 0.265849 0.008856 -0.209151
v 0.287500 -0.000063 -0.203350
v 0.275000 0.087021 -0.200000
v 0.264645 0.079567 -0.200000
v 0.256699 0.069211 -0.200000
v 0.251704 0.057152 -0.200000
v 0.250000 0.044211 -0.200000
v 0.251704 0.031270 -0.200000
v 0.256699 0.019211 -0.200000
v 0.264645 0.008856 -0.200000
v 0.287059 -0.000063 -0.200000
v 0.275852 0.087021 -0.193530
v 0.265849 0.079567 -0.190850
v 0.258174 0.069211 -0.188793
v 0.253349 0.057152 -0.187500
v 0.251704 0.044211 -0.187059
v 0.253349 0.031270 -0.187500
v 0.258174 0.019211 -0.188793
v 0.265849 0.008856 -0.190850
v 0.287500 -0.000063 -0.196651
v 0.278349 0.087021 -0.187500
v 0.269381 0.079567 -0.182323
v 0.262500 0.069211 -0.178350
v 0.258174 0.057152 -0.175852
v 0.256699 0.044211 -0.175000
v 0.258174 0.031270 -0.175852
v 0.262500 0.019211 -0.178350
v 0.269381 0.008856 -0.182323
v 0.288793 -0.000063 -0.193530
v 0.282322 0.087021 -0.182323
v 0.275000 0.079567 -0.175000
v 0.269381 0.069211 -0.169382
v 0.265849 0.057152 -0.165850
v 0.264645 0.044211 -0.164645
v 0.265849 0.031270 -0.165850
v 0.269381 0.019211 -0.169382
v 0.275000 0.008856 -0.175000
v 0.290849 -0.000063 -0.190850
v 0.287500 0.087021 -0.178350
v 0.282322 0.079567 -0.169382
v 0.278349 0.069211 -0.162500
v 0.275852 0.057152 -0.158175
v 0.275000 0.044211 -0.156699
v 0.275852 0.031270 -0.158175
v 0.278349 0.019211 -0.162500
v 0.282322 0.008856 -0.169382
v 0.293530 -0.000063 -0.188793
v 0.293530 0.087021 -0.175852
v 0.290849 0.079567 -0.165850
v 0.288793 0.069211 -0.158175
v 0.287500 0.057152 -0.153350
v 0.287059 0.044211 -0.151704
v 0.287500 0.031270 -0.153350
v 0.288793 0.019211 -0.158175
v 0.290849 0.008856 -0.165850
v 0.296651 -0.000063 -0.187500
v 0.300000 0.087021 -0.175000
v 0.300000 0.079567 -0.164645
v 0.300000 0.069211 -0.156699
v 0.300000 0.057152 -0.151704
v 0.300000 0.044211 -0.150000
v 0.300000 0.031270 -0.151704
v 0.300000 0.019211 -0.156699
v 0.300000 0.008856 -0.164645
v 0.300000 -0.000063 -0.187059
v 0.306471 0.087021 -0.175852
v 0.309151 0.079567 -0.165850
v 0.311207 0.069211 -0.158175
v 0.312500 0.057152 -0.153350
v 0.312941 0.044211 -0.151704
v 0.312500 0.031270 -0.153350
v 0.311207 0.019211 -0.158175
v 0.309151 0.008856 -0.165850
v 0.303349 -0.000063 -0.187500
v 0.312500 0.087021 -0.178350
v 0.317678 0.079567 -0.169382
v 0.321651 0.069211 -0.162500
v 0.324148 0.057152 -0.158175
v 0.325000 0.044211 -0.156699
v 0.324148 0.031270 -0.158175
v 0.321651 0.019211 -0.162500
v 0.317678 0.008856 -0.169382
v 0.306471 -0.000063 -0.188793
v 0.300000 -0.000063 -0.200000
v 0.317678 0.087021 -0.182323
v 0.325000 0.079567 -0.175000
v 0.330619 0.069211 -0.169382
v 0.334151 0.057152 -0.165850
v 0.335355 0.044211 -0.164645
v 0.334151 0.031270 -0.165850
v 0.330619 0.019211 -0.169382
v 0.325000 0.008856 -0.175000
v 0.309151 -0.000063 -0.190850
v 0.321651 0.087021 -0.187500
v 0.330619 0.079567 -0.182323
v 0.337500 0.069211 -0.178350
v 0.341826 0.057152 -0.175852
v 0.343301 0.044211 -0.175000
v 0.341826 0.031270 -0.175852
v 0.337500 0.019211 -0.178350
v 0.330619 0.008856 -0.182323
v 0.311207 -0.000063 -0.193530
v 0.324148 0.087021 -0.193530
v 0.334151 0.079567 -0.190850
v 0.341826 0.069211 -0.188793
v 0.346651 0.057152 -0.187500
v 0.348296 0.044211 -0.187059
v 0.346651 0.031270 -0.187500
v 0.341826 0.019211 -0.188793
v 0.334151 0.008856 -0.190850
v 0.312500 -0.000063 -0.196651
v 0.325000 0.087021 -0.200000
v 0.335355 0.079567 -0.200000
v 0.343301 0.069211 -0.200000
v 0.348296 0.057152 -0.200000
v 0.350000 0.044211 -0.200000
v 0.348296 0.031270 -0.200000
v 0.343301 0.019211 -0.200000
v 0.335355 0.008856 -0.200000
v 0.312941 -0.000063 -0.200000
v 0.324148 0.087021 -0.206471
v 0.334151 0.079567 -0.209151
v 0.341826 0.069211 -0.211208
v 0.346651 0.057152 -0.212500
v 0.348296 0.044211 -0.212941
v 0.346651 0.031270 -0.212500
v 0.341826 0.019211 -0.211208
v 0.334151 0.008856 -0.209151
v 0.312500 -0.000063 -0.203350
v 0.321651 0.087021 -0.212500
v 0.330619 0.079567 -0.217678
v 0.337500 0.069211 -0.221651
v 0.341826 0.057152 -0.224148
v 0.343301 0.044211 -0.225000
v 0.341826 0.031270 -0.224148
v 0.337500 0.019211 -0.221651
v 0.330619 0.008856 -0.217678
v 0.311207 -0.000063 -0.206471
v 0.317678 0.087021 -0.217678
v 0.325000 0.079567 -0.225000
v 0.330619 0.069211 -0.230619
v 0.334151 0.057152 -0.234151
v 0.335355 0.044211 -0.235356
v 0.334151 0.031270 -0.234151
v 0.330619 0.019211 -0.230619
v 0.325000 0.008856 -0.225000
v 0.309151 -0.000063 -0.209151
v 0.312500 0.087021 -0.221651
v 0.317678 0.079567 -0.230619
v 0.321651 0.069211 -0.237500
v 0.324148 0.057152 -0.241826
v 0.325000 0.044211 -0.243302
v 0.324148 0.031270 -0.241826
v 0.321651 0.019211 -0.237500
v 0.317678 0.008856 -0.230619
v 0.306471 -0.000063 -0.211208
v 0.306471 0.087021 -0.224148
v 0.309151 0.079567 -0.234151
v 0.311207 0.069211 -0.241826
v 0.312500 0.057152 -0.246651
v 0.312941 0.044211 -0.248297
v 0.312500 0.031270 -0.246651
v 0.311207 0.019211 -0.241826
v 0.309151 0.008856 -0.234151
v 0.303349 -0.000063 -0.212500
v 0.300000 0.079567 -0.235356
v 0.300000 0.057152 -0.248297
v 0.300000 0.044211 -0.250000
v 0.300000 0.008856 -0.235356
v 0.294078 -0.000063 -0.222104
v 0.293116 0.001314 -0.225692
v 0.293748 0.000122 -0.223333
v 0.293396 0.000626 -0.224646
v 0.286701 0.001314 -0.223035
v 0.288559 -0.000063 -0.219818
v 0.287242 0.000626 -0.222097
v 0.287922 0.000122 -0.220920
v 0.281192 0.001314 -0.218808
v 0.283819 -0.000063 -0.216181
v 0.281958 0.000626 -0.218042
v 0.282919 0.000122 -0.217081
v 0.276965 0.001314 -0.213299
v 0.280183 -0.000063 -0.211442
v 0.277903 0.000626 -0.212758
v 0.279081 0.000122 -0.212078
v 0.274308 0.001314 -0.206884
v 0.277897 -0.000063 -0.205923
v 0.275354 0.000626 -0.206604
v 0.276668 0.000122 -0.206252
v 0.273402 0.001314 -0.200000
v 0.277117 -0.000063 -0.200000
v 0.274485 0.000626 -0.200000
v 0.275845 0.000122 -0.200000
v 0.274308 0.001314 -0.193116
v 0.277897 -0.000063 -0.194078
v 0.275354 0.000626 -0.193396
v 0.276668 0.000122 -0.193748
v 0.276965 0.001314 -0.186701
v 0.280183 -0.000063 -0.188559
v 0.277903 0.000626 -0.187243
v 0.279081 0.000122 -0.187923
v 0.281192 0.001314 -0.181193
v 0.283819 -0.000063 -0.183820
v 0.281958 0.000626 -0.181958
v 0.282919 0.000122 -0.182920
v 0.286701 0.001314 -0.176966
v 0.288559 -0.000063 -0.180183
v 0.287242 0.000626 -0.177903
v 0.287922 0.000122 -0.179081
v 0.293116 0.001314 -0.174308
v 0.294078 -0.000063 -0.177897
v 0.293396 0.000626 -0.175354
v 0.293748 0.000122 -0.176668
v 0.300000 0.001314 -0.173402
v 0.300000 -0.000063 -0.177117
v 0.300000 0.000626 -0.174485
v 0.300000 0.000122 -0.175845
v 0.306884 0.001314 -0.174308
v 0.305923 -0.000063 -0.177897
v 0.306604 0.000626 -0.175354
v 0.306252 0.000122 -0.176668
v 0.313299 0.001314 -0.176966
v 0.311442 -0.000063 -0.180183
v 0.312758 0.000626 -0.177903
v 0.312078 0.000122 -0.179081
v 0.318808 0.001314 -0.181193
v 0.316181 -0.000063 -0.183820
v 0.318042 0.000626 -0.181958
v 0.317081 0.000122 -0.182920
v 0.323035 0.001314 -0.186701
v 0.319817 -0.000063 -0.188559
v 0.322097 0.000626 -0.187243
v 0.320919 0.000122 -0.187923
v 0.325692 0.001314 -0.193116
v 0.322103 -0.000063 -0.194078
v 0.324646 0.000626 -0.193396
v 0.323333 0.000122 -0.193748
v 0.326598 0.001314 -0.200000
v 0.322883 -0.000063 -0.200000
v 0.325516 0.000626 -0.200000
v 0.324156 0.000122 -0.200000
v 0.325692 0.001314 -0.206884
v 0.322103 -0.000063 -0.205923
v 0.324646 0.000626 -0.206604
v 0.323333 0.000122 -0.206252
v 0.323035 0.001314 -0.213299
v 0.319817 -0.000063 -0.211442
v 0.322097 0.000626 -0.212758
v 0.320919 0.000122 -0.212078
v 0.318808 0.001314 -0.218808
v 0.316181 -0.000063 -0.216181
v 0.318042 0.000626 -0.218042
v 0.317081 0.000122 -0.217081
v 0.313299 0.001314 -0.223035
v 0.311442 -0.000063 -0.219818
v 0.312758 0.000626 -0.222097
v 0.312078 0.000122 -0.220920
v 0.306884 0.001314 -0.225692
v 0.305923 -0.000063 -0.222104
v 0.306604 0.000626 -0.224646
v 0.306252 0.000122 -0.223333
v 0.300000 0.001314 -0.226599
v 0.300000 -0.000063 -0.222883
v 0.300000 0.000626 -0.225516
v 0.300000 0.000122 -0.224156
v -0.300000 0.087021 0.175000
v -0.300000 0.069211 0.156699
v -0.300000 0.031270 0.151704
v -0.300000 0.019211 0.156699
v -0.300000 -0.000063 0.187059
v -0.306471 0.087021 0.175852
v -0.309151 0.079567 0.165850
v -0.311207 0.069211 0.158174
v -0.312500 0.057152 0.153350
v -0.312941 0.044211 0.151704
v -0.312500 0.031270 0.153350
v -0.311207 0.019211 0.158174
v -0.309151 0.008856 0.165850
v -0.303349 -0.000063 0.187500
v -0.312500 0.087021 0.178350
v -0.317678 0.079567 0.169382
v -0.321651 0.069211 0.162500
v -0.324148 0.057152 0.158174
v -0.325000 0.044211 0.156699
v -0.324148 0.031270 0.158174
v -0.321651 0.019211 0.162500
v -0.317678 0.008856 0.169382
v -0.306471 -0.000063 0.188793
v -0.317678 0.087021 0.182323
v -0.325000 0.079567 0.175000
v -0.330619 0.069211 0.169382
v -0.334151 0.057152 0.165850
v -0.335355 0.044211 0.164645
v -0.334151 0.031270 0.165850
v -0.330619 0.019211 0.169382
v -0.325000 0.008856 0.175000
v -0.309151 -0.000063 0.190850
v -0.321651 0.087021 0.187500
v -0.330619 0.079567 0.182323
v -0.337500 0.069211 0.178350
v -0.341826 0.057152 0.175852
v -0.343301 0.044211 0.175000
v -0.341826 0.031270 0.175852
v -0.337500 0.019211 0.178350
v -0.330619 0.008856 0.182323
v -0.311207 -0.000063 0.193530
v -0.324148 0.087021 0.193530
v -0.334151 0.079567 0.190850
v -0.341826 0.069211 0.188793
v -0.346651 0.057152 0.187500
v -0.348296 0.044211 0.187059
v -0.346651 0.031270 0.187500
v -0.341826 0.019211 0.188793
v -0.334151 0.008856 0.190850
v -0.312500 -0.000063 0.196651
v -0.325000 0.087021 0.200000
v -0.335355 0.079567 0.200000
v -0.343301 0.069211 0.200000
v -0.348296 0.057152 0.200000
v -0.350000 0.044211 0.200000
v -0.348296 0.031270 0.200000
v -0.343301 0.019211 0.200000
v -0.335355 0.008856 0.200000
v -0.312941 -0.000063 0.200000
v -0.324148 0.087021 0.206471
v -0.334151 0.079567 0.209151
v -0.341826 0.069211 0.211207
v -0.346651 0.057152 0.212500
v -0.348296 0.044211 0.212941
v -0.346651 0.031270 0.212500
v -0.341826 0.019211 0.211207
v -0.334151 0.008856 0.209151
v -0.312500 -0.000063 0.203350
v -0.321651 0.087021 0.212500
v -0.330619 0.079567 0.217678
v -0.337500 0.069211 0.221651
v -0.341826 0.057152 0.224148
v -0.343301 0.044211 0.225000
v -0.341826 0.031270 0.224148
v -0.337500 0.019211 0.221651
v -0.330619 0.008856 0.217678
v -0.311207 -0.000063 0.206471
v -0.317678 0.087021 0.217678
v -0.325000 0.079567 0.225000
v -0.330619 0.069211 0.230619
v -0.334151 0.057152 0.234151
v -0.335355 0.044211 0.235356
v -0.334151 0.031270 0.234151
v -0.330619 0.019211 0.230619
v -0.325000 0.008856 0.225000
v -0.309151 -0.000063 0.209151
v -0.312500 0.087021 0.221651
v -0.317678 0.079567 0.230619
v -0.321651 0.069211 0.237500
v -0.324148 0.057152 0.241826
v -0.325000 0.044211 0.243301
v -0.324148 0.031270 0.241826
v -0.321651 0.019211 0.237500
v -0.317678 0.008856 0.230619
v -0.306471 -0.000063 0.211207
v -0.306471 0.087021 0.224148
v -0.309151 0.079567 0.234151
v -0.311207 0.069211 0.241826
v -0.312500 0.057152 0.246651
v -0.312941 0.044211 0.248296
v -0.312500 0.031270 0.246651
v -0.311207 0.019211 0.241826
v -0.309151 0.008856 0.234151
v -0.303349 -0.000063 0.212500
v -0.300000 0.087021 0.225000
v -0.300000 0.079567 0.235355
v -0.300000 0.069211 0.243301
v -0.300000 0.057152 0.248296
v -0.300000 0.044211 0.250000
v -0.300000 0.031270 0.248296
v -0.300000 0.019211 0.243301
v -0.300000 0.008856 0.235355
v -0.300000 -0.000063 0.212941
v -0.293530 0.087021 0.224148
v -0.290849 0.079567 0.234151
v -0.288793 0.069211 0.241826
v -0.287500 0.057152 0.246651
v -0.287059 0.044211 0.248296
v -0.287500 0.031270 0.246651
v -0.288793 0.019211 0.241826
v -0.290849 0.008856 0.234151
v -0.296651 -0.000063 0.212500
v -0.287500 0.087021 0.221651
v -0.282322 0.079567 0.230619
v -0.278349 0.069211 0.237500
v -0.275852 0.057152 0.241826
v -0.275000 0.044211 0.243301
v -0.275852 0.031270 0.241826
v -0.278349 0.019211 0.237500
v -0.282322 0.008856 0.230619
v -0.293530 -0.000063 0.211207
v -0.300000 -0.000063 0.200000
v -0.282322 0.087021 0.217678
v -0.275000 0.079567 0.225000
v -0.269382 0.069211 0.230619
v -0.265849 0.057152 0.234151
v -0.264645 0.044211 0.235356
v -0.265849 0.031270 0.234151
v -0.269382 0.019211 0.230619
v -0.275000 0.008856 0.225000
v -0.290849 -0.000063 0.209151
v -0.278349 0.087021 0.212500
v -0.269382 0.079567 0.217678
v -0.262500 0.069211 0.221651
v -0.258174 0.057152 0.224148
v -0.256699 0.044211 0.225000
v -0.258174 0.031270 0.224148
v -0.262500 0.019211 0.221651
v -0.269382 0.008856 0.217678
v -0.288793 -0.000063 0.206471
v -0.275852 0.087021 0.206471
v -0.265849 0.079567 0.209151
v -0.258174 0.069211 0.211207
v -0.253349 0.057152 0.212500
v -0.251704 0.044211 0.212941
v -0.253349 0.031270 0.212500
v -0.258174 0.019211 0.211207
v -0.265849 0.008856 0.209151
v -0.287500 -0.000063 0.203350
v -0.275000 0.087021 0.200000
v -0.264645 0.079567 0.200000
v -0.256699 0.069211 0.200000
v -0.251704 0.057152 0.200000
v -0.250000 0.044211 0.200000
v -0.251704 0.031270 0.200000
v -0.256699 0.019211 0.200000
v -0.264645 0.008856 0.200000
v -0.287059 -0.000063 0.200000
v -0.275852 0.087021 0.193530
v -0.265849 0.079567 0.190850
v -0.258174 0.069211 0.188793
v -0.253349 0.057152 0.187500
v -0.251704 0.044211 0.187059
v -0.253349 0.031270 0.187500
v -0.258174 0.019211 0.188793
v -0.265849 0.008856 0.190850
v -0.287500 -0.000063 0.196651
v -0.278349 0.087021 0.187500
v -0.269382 0.079567 0.182323
v -0.262500 0.069211 0.178350
v -0.258174 0.057152 0.175852
v -0.256699 0.044211 0.175000
v -0.258174 0.031270 0.175852
v -0.262500 0.019211 0.178350
v -0.269382 0.008856 0.182323
v -0.288793 -0.000063 0.193530
v -0.282322 0.087021 0.182323
v -0.275000 0.079567 0.175000
v -0.269382 0.069211 0.169382
v -0.265849 0.057152 0.165850
v -0.264645 0.044211 0.164645
v -0.265849 0.031270 0.165850
v -0.269382 0.019211 0.169382
v -0.275000 0.008856 0.175000
v -0.290849 -0.000063 0.190850
v -0.287500 0.087021 0.178350
v -0.282322 0.079567 0.169382
v -0.278349 0.069211 0.162500
v -0.275852 0.057152 0.158174
v -0.275000 0.044211 0.156699
v -0.275852 0.031270 0.158174
v -0.278349 0.019211 0.162500
v -0.282322 0.008856 0.169382
v -0.293530 -0.000063 0.188793
v -0.293530 0.087021 0.175852
v -0.290849 0.079567 0.165850
v -0.288793 0.069211 0.158174
v -0.287500 0.057152 0.153350
v -0.287059 0.044211 0.151704
v -0.287500 0.031270 0.153350
v -0.288793 0.019211 0.158174
v -0.290849 0.008856 0.165850
v -0.296651 -0.000063 0.187500
v -0.300000 0.079567 0.164645
v -0.300000 0.057152 0.151704
v -0.300000 0.044211 0.150000
v -0.300000 0.008856 0.164645
v -0.305923 -0.000063 0.177897
v -0.306884 0.001314 0.174308
v -0.306252 0.000122 0.176668
v -0.306604 0.000626 0.175354
v -0.313299 0.001314 0.176965
v -0.311442 -0.000063 0.180183
v -0.312758 0.000626 0.177903
v -0.312078 0.000122 0.179081
v -0.318808 0.001314 0.181192
v -0.316181 -0.000063 0.183820
v -0.318042 0.000626 0.181958
v -0.317081 0.000122 0.182920
v -0.323035 0.001314 0.186701
v -0.319817 -0.000063 0.188559
v -0.322097 0.000626 0.187242
v -0.320919 0.000122 0.187922
v -0.325692 0.001314 0.193116
v -0.322103 -0.000063 0.194078
v -0.324646 0.000626 0.193396
v -0.323333 0.000122 0.193748
v -0.326598 0.001314 0.200000
v -0.322883 -0.000063 0.200000
v -0.325516 0.000626 0.200000
v -0.324156 0.000122 0.200000
v -0.325692 0.001314 0.206884
v -0.322103 -0.000063 0.205923
v -0.324646 0.000626 0.206604
v -0.323333 0.000122 0.206252
v -0.323035 0.001314 0.213299
v -0.319817 -0.000063 0.211442
v -0.322097 0.000626 0.212758
v -0.320919 0.000122 0.212078
v -0.318808 0.001314 0.218808
v -0.316181 -0.000063 0.216181
v -0.318042 0.000626 0.218042
v -0.317081 0.000122 0.217081
v -0.313299 0.001314 0.223035
v -0.311442 -0.000063 0.219817
v -0.312758 0.000626 0.222097
v -0.312078 0.000122 0.220920
v -0.306884 0.001314 0.225692
v -0.305923 -0.000063 0.222103
v -0.306604 0.000626 0.224646
v -0.306252 0.000122 0.223333
v -0.300000 0.001314 0.226598
v -0.300000 -0.000063 0.222883
v -0.300000 0.000626 0.225516
v -0.300000 0.000122 0.224156
v -0.293116 0.001314 0.225692
v -0.294078 -0.000063 0.222103
v -0.293396 0.000626 0.224646
v -0.293748 0.000122 0.223333
v -0.286701 0.001314 0.223035
v -0.288559 -0.000063 0.219817
v -0.287242 0.000626 0.222097
v -0.287922 0.000122 0.220920
v -0.281192 0.001314 0.218808
v -0.283819 -0.000063 0.216181
v -0.281958 0.000626 0.218042
v -0.282919 0.000122 0.217081
v -0.276965 0.001314 0.213299
v -0.280183 -0.000063 0.211442
v -0.277903 0.000626 0.212758
v -0.279081 0.000122 0.212078
v -0.274308 0.001314 0.206884
v -0.277897 -0.000063 0.205923
v -0.275354 0.000626 0.206604
v -0.276668 0.000122 0.206252
v -0.273402 0.001314 0.200000
v -0.277117 -0.000063 0.200000
v -0.274485 0.000626 0.200000
v -0.275844 0.000122 0.200000
v -0.274308 0.001314 0.193116
v -0.277897 -0.000063 0.194078
v -0.275354 0.000626 0.193396
v -0.276668 0.000122 0.193748
v -0.276965 0.001314 0.186701
v -0.280183 -0.000063 0.188559
v -0.277903 0.000626 0.187242
v -0.279081 0.000122 0.187922
v -0.281192 0.001314 0.181192
v -0.283819 -0.000063 0.183820
v -0.281958 0.000626 0.181958
v -0.282920 0.000122 0.182920
v -0.286701 0.001314 0.176965
v -0.288559 -0.000063 0.180183
v -0.287242 0.000626 0.177903
v -0.287922 0.000122 0.179081
v -0.293116 0.001314 0.174308
v -0.294078 -0.000063 0.177897
v -0.293396 0.000626 0.175354
v -0.293748 0.000122 0.176668
v -0.300000 0.001314 0.173402
v -0.300000 -0.000063 0.177117
v -0.300000 0.000626 0.174485
v -0.300000 0.000122 0.175845
v 0.300000 0.087021 0.175000
v 0.300000 0.069211 0.156699
v 0.300000 0.031270 0.151704
v 0.300000 0.019211 0.156699
v 0.300000 -0.000063 0.187059
v 0.306471 0.087021 0.175852
v 0.309151 0.079567 0.165850
v 0.311207 0.069211 0.158174
v 0.312500 0.057152 0.153350
v 0.312941 0.044211 0.151704
v 0.312500 0.031270 0.153350
v 0.311207 0.019211 0.158174
v 0.309151 0.008856 0.165850
v 0.303349 -0.000063 0.187500
v 0.312500 0.087021 0.178350
v 0.317678 0.079567 0.169382
v 0.321651 0.069211 0.162500
v 0.324148 0.057152 0.158174
v 0.325000 0.044211 0.156699
v 0.324148 0.031270 0.158174
v 0.321651 0.019211 0.162500
v 0.317678 0.008856 0.169382
v 0.306471 -0.000063 0.188793
v 0.317678 0.087021 0.182323
v 0.325000 0.079567 0.175000
v 0.330619 0.069211 0.169382
v 0.334151 0.057152 0.165850
v 0.335355 0.044211 0.164645
v 0.334151 0.031270 0.165850
v 0.330619 0.019211 0.169382
v 0.325000 0.008856 0.175000
v 0.309151 -0.000063 0.190850
v 0.321651 0.087021 0.187500
v 0.330619 0.079567 0.182323
v 0.337500 0.069211 0.178350
v 0.341826 0.057152 0.175852
v 0.343301 0.044211 0.175000
v 0.341826 0.031270 0.175852
v 0.337500 0.019211 0.178350
v 0.330619 0.008856 0.182323
v 0.311207 -0.000063 0.193530
v 0.324148 0.087021 0.193530
v 0.334151 0.079567 0.190850
v 0.341826 0.069211 0.188793
v 0.346651 0.057152 0.187500
v 0.348296 0.044211 0.187059
v 0.346651 0.031270 0.187500
v 0.341826 0.019211 0.188793
v 0.334151 0.008856 0.190850
v 0.312500 -0.000063 0.196651
v 0.325000 0.087021 0.200000
v 0.335355 0.079567 0.200000
v 0.343301 0.069211 0.200000
v 0.348296 0.057152 0.200000
v 0.350000 0.044211 0.200000
v 0.348296 0.031270 0.200000
v 0.343301 0.019211 0.200000
v 0.335355 0.008856 0.200000
v 0.312941 -0.000063 0.200000
v 0.324148 0.087021 0.206471
v 0.334151 0.079567 0.209151
v 0.341826 0.069211 0.211207
v 0.346651 0.057152 0.212500
v 0.348296 0.044211 0.212941
v 0.346651 0.031270 0.212500
v 0.341826 0.019211 0.211207
v 0.334151 0.008856 0.209151
v 0.312500 -0.000063 0.203350
v 0.321651 0.087021 0.212500
v 0.330619 0.079567 0.217678
v 0.337500 0.069211 0.221651
v 0.341826 0.057152 0.224148
v 0.343301 0.044211 0.225000
v 0.341826 0.031270 0.224148
v 0.337500 0.019211 0.221651
v 0.330619 0.008856 0.217678
v 0.311207 -0.000063 0.206471
v 0.317678 0.087021 0.217678
v 0.325000 0.079567 0.225000
v 0.330619 0.069211 0.230619
v 0.334151 0.057152 0.234151
v 0.335355 0.044211 0.235356
v 0.334151 0.031270 0.234151
v 0.330619 0.019211 0.230619
v 0.325000 0.008856 0.225000
v 0.309151 -0.000063 0.209151
v 0.312500 0.087021 0.221651
v 0.317678 0.079567 0.230619
v 0.321651 0.069211 0.237500
v 0.324148 0.057152 0.241826
v 0.325000 0.044211 0.243301
v 0.324148 0.031270 0.241826
v 0.321651 0.019211 0.237500
v 0.317678 0.008856 0.230619
v 0.306471 -0.000063 0.211207
v 0.306471 0.087021 0.224148
v 0.309151 0.079567 0.234151
v 0.311207 0.069211 0.241826
v 0.312500 0.057152 0.246651
v 0.312941 0.044211 0.248296
v 0.312500 0.031270 0.246651
v 0.311207 0.019211 0.241826
v 0.309151 0.008856 0.234151
v 0.303349 -0.000063 0.212500
v 0.300000 0.087021 0.225000
v 0.300000 0.079567 0.235355
v 0.300000 0.069211 0.243301
v 0.300000 0.057152 0.248296
v 0.300000 0.044211 0.250000
v 0.300000 0.031270 0.248296
v 0.300000 0.019211 0.243301
v 0.300000 0.008856 0.235355
v 0.300000 -0.000063 0.212941
v 0.293530 0.087021 0.224148
v 0.290849 0.079567 0.234151
v 0.288793 0.069211 0.241826
v 0.287500 0.057152 0.246651
v 0.287059 0.044211 0.248296
v 0.287500 0.031270 0.246651
v 0.288793 0.019211 0.241826
v 0.290849 0.008856 0.234151
v 0.296651 -0.000063 0.212500
v 0.287500 0.087021 0.221651
v 0.282322 0.079567 0.230619
v 0.278349 0.069211 0.237500
v 0.275852 0.057152 0.241826
v 0.275000 0.044211 0.243301
v 0.275852 0.031270 0.241826
v 0.278349 0.019211 0.237500
v 0.282322 0.008856 0.230619
v 0.293530 -0.000063 0.211207
v 0.300000 -0.000063 0.200000
v 0.282322 0.087021 0.217678
v 0.275000 0.079567 0.225000
v 0.269382 0.069211 0.230619
v 0.265849 0.057152 0.234151
v 0.264645 0.044211 0.235356
v 0.265849 0.031270 0.234151
v 0.269382 0.019211 0.230619
v 0.275000 0.008856 0.225000
v 0.290849 -0.000063 0.209151
v 0.278349 0.087021 0.212500
v 0.269382 0.079567 0.217678
v 0.262500 0.069211 0.221651
v 0.258174 0.057152 0.224148
v 0.256699 0.044211 0.225000
v 0.258174 0.031270 0.224148
v 0.262500 0.019211 0.221651
v 0.269382 0.008856 0.217678
v 0.288793 -0.000063 0.206471
v 0.275852 0.087021 0.206471
v 0.265849 0.079567 0.209151
v 0.258174 0.069211 0.211207
v 0.253349 0.057152 0.212500
v 0.251704 0.044211 0.212941
v 0.253349 0.031270 0.212500
v 0.258174 0.019211 0.211207
v 0.265849 0.008856 0.209151
v 0.287500 -0.000063 0.203350
v 0.275000 0.087021 0.200000
v 0.264645 0.079567 0.200000
v 0.256699 0.069211 0.200000
v 0.251704 0.057152 0.200000
v 0.250000 0.044211 0.200000
v 0.251704 0.031270 0.200000
v 0.256699 0.019211 0.200000
v 0.264645 0.008856 0.200000
v 0.287059 -0.000063 0.200000
v 0.275852 0.087021 0.193530
v 0.265849 0.079567 0.190850
v 0.258174 0.069211 0.188793
v 0.253349 0.057152 0.187500
v 0.251704 0.044211 0.187059
v 0.253349 0.031270 0.187500
v 0.258174 0.019211 0.188793
v 0.265849 0.008856 0.190850
v 0.287500 -0.000063 0.196651
v 0.278349 0.087021 0.187500
v 0.269382 0.079567 0.182323
v 0.262500 0.069211 0.178350
v 0.258174 0.057152 0.175852
v 0.256699 0.044211 0.175000
v 0.258174 0.031270 0.175852
v 0.262500 0.019211 0.178350
v 0.269382 0.008856 0.182323
v 0.288793 -0.000063 0.193530
v 0.282322 0.087021 0.182323
v 0.275000 0.079567 0.175000
v 0.269382 0.069211 0.169382
v 0.265849 0.057152 0.165850
v 0.264645 0.044211 0.164645
v 0.265849 0.031270 0.165850
v 0.269382 0.019211 0.169382
v 0.275000 0.008856 0.175000
v 0.290849 -0.000063 0.190850
v 0.287500 0.087021 0.178350
v 0.282322 0.079567 0.169382
v 0.278349 0.069211 0.162500
v 0.275852 0.057152 0.158174
v 0.275000 0.044211 0.156699
v 0.275852 0.031270 0.158174
v 0.278349 0.019211 0.162500
v 0.282322 0.008856 0.169382
v 0.293530 -0.000063 0.188793
v 0.293530 0.087021 0.175852
v 0.290849 0.079567 0.165850
v 0.288793 0.069211 0.158174
v 0.287500 0.057152 0.153350
v 0.287059 0.044211 0.151704
v 0.287500 0.031270 0.153350
v 0.288793 0.019211 0.158174
v 0.290849 0.008856 0.165850
v 0.296651 -0.000063 0.187500
v 0.300000 0.079567 0.164645
v 0.300000 0.057152 0.151704
v 0.300000 0.044211 0.150000
v 0.300000 0.008856 0.164645
v 0.305923 -0.000063 0.177897
v 0.306884 0.001314 0.174308
v 0.306252 0.000122 0.176668
v 0.306604 0.000626 0.175354
v 0.313299 0.001314 0.176965
v 0.311442 -0.000063 0.180183
v 0.312758 0.000626 0.177903
v 0.312078 0.000122 0.179081
v 0.318808 0.001314 0.181192
v 0.316181 -0.000063 0.183820
v 0.318042 0.000626 0.181958
v 0.317081 0.000122 0.182920
v 0.323035 0.001314 0.186701
v 0.319817 -0.000063 0.188559
v 0.322097 0.000626 0.187242
v 0.320919 0.000122 0.187922
v 0.325692 0.001314 0.193116
v 0.322103 -0.000063 0.194078
v 0.324646 0.000626 0.193396
v 0.323333 0.000122 0.193748
v 0.326598 0.001314 0.200000
v 0.322883 -0.000063 0.200000
v 0.325516 0.000626 0.200000
v 0.324156 0.000122 0.200000
v 0.325692 0.001314 0.206884
v 0.322103 -0.000063 0.205923
v 0.324646 0.000626 0.206604
v 0.323333 0.000122 0.206252
v 0.323035 0.001314 0.213299
v 0.319817 -0.000063 0.211442
v 0.322097 0.000626 0.212758
v 0.320919 0.000122 0.212078
v 0.318808 0.001314 0.218808
v 0.316181 -0.000063 0.216181
v 0.318042 0.000626 0.218042
v 0.317081 0.000122 0.217081
v 0.313299 0.001314 0.223035
v 0.311442 -0.000063 0.219817
v 0.312758 0.000626 0.222097
v 0.312078 0.000122 0.220920
v 0.306884 0.001314 0.225692
v 0.305923 -0.000063 0.222103
v 0.306604 0.000626 0.224646
v 0.306252 0.000122 0.223333
v 0.300000 0.001314 0.226598
v 0.300000 -0.000063 0.222883
v 0.300000 0.000626 0.225516
v 0.300000 0.000122 0.224156
v 0.293116 0.001314 0.225692
v 0.294078 -0.000063 0.222103
v 0.293396 0.000626 0.224646
v 0.293748 0.000122 0.223333
v 0.286701 0.001314 0.223035
v 0.288559 -0.000063 0.219817
v 0.287242 0.000626 0.222097
v 0.287922 0.000122 0.220920
v 0.281192 0.001314 0.218808
v 0.283819 -0.000063 0.216181
v 0.281958 0.000626 0.218042
v 0.282919 0.000122 0.217081
v 0.276965 0.001314 0.213299
v 0.280183 -0.000063 0.211442
v 0.277903 0.000626 0.212758
v 0.279081 0.000122 0.212078
v 0.274308 0.001314 0.206884
v 0.277897 -0.000063 0.205923
v 0.275354 0.000626 0.206604
v 0.276668 0.000122 0.206252
v 0.273402 0.001314 0.200000
v 0.277117 -0.000063 0.200000
v 0.274485 0.000626 0.200000
v 0.275844 0.000122 0.200000
v 0.274308 0.001314 0.193116
v 0.277897 -0.000063 0.194078
v 0.275354 0.000626 0.193396
v 0.276668 0.000122 0.193748
v 0.276965 0.001314 0.186701
v 0.280183 -0.000063 0.188559
v 0.277903 0.000626 0.187242
v 0.279081 0.000122 0.187922
v 0.281192 0.001314 0.181192
v 0.283819 -0.000063 0.183820
v 0.281958 0.000626 0.181958
v 0.282920 0.000122 0.182920
v 0.286701 0.001314 0.176965
v 0.288559 -0.000063 0.180183
v 0.287242 0.000626 0.177903
v 0.287922 0.000122 0.179081
v 0.293116 0.001314 0.174308
v 0.294078 -0.000063 0.177897
v 0.293396 0.000626 0.175354
v 0.293748 0.000122 0.176668
v 0.300000 0.001314 0.173402
v 0.300000 -0.000063 0.177117
v 0.300000 0.000626 0.174485
v 0.300000 0.000122 0.175845
v -0.365644 0.086778 0.320000
v -0.400000 0.086778 0.285644
v -0.376260 0.086778 0.318318
v -0.385838 0.086778 0.313438
v -0.393438 0.086778 0.305838
v -0.398318 0.086778 0.296260
v 0.400000 0.086778 0.285644
v 0.365644 0.086778 0.320000
v 0.398318 0.086778 0.296260
v 0.393438 0.086778 0.305838
v 0.385838 0.086778 0.313438
v 0.376260 0.086778 0.318318
v -0.365644 0.086778 -0.320000
v -0.400000 0.086778 -0.285644
v -0.376260 0.086778 -0.318318
v -0.385838 0.086778 -0.313438
v -0.393438 0.086778 -0.305838
v -0.398318 0.086778 -0.296260
v 0.365644 0.086778 -0.320000
v 0.400000 0.086778 -0.285644
v 0.376260 0.086778 -0.318318
v 0.385838 0.086778 -0.313438
v 0.393438 0.086778 -0.305838
v 0.398318 0.086778 -0.296260
v -0.385772 0.124371 -0.275483
v -0.385772 0.124371 0.275483
v -0.384151 0.124371 0.285723
v -0.379444 0.124371 0.294959
v -0.372114 0.124371 0.302290
v -0.362877 0.124371 0.306996
v -0.352638 0.124371 0.308618
v 0.352638 0.124371 0.308618
v 0.362877 0.124371 0.306996
v 0.372114 0.124371 0.302290
v 0.379444 0.124371 0.294959
v 0.384151 0.124371 0.285723
v 0.385772 0.124371 0.275483
v 0.385772 0.124371 -0.275483
v 0.384151 0.124371 -0.285723
v 0.379444 0.124371 -0.294959
v 0.372114 0.124371 -0.302290
v 0.362877 0.124371 -0.306996
v 0.352638 0.124371 -0.308618
v -0.352638 0.124371 -0.308618
v -0.362877 0.124371 -0.306996
v -0.372114 0.124371 -0.302290
v -0.379444 0.124371 -0.294959
v -0.384151 0.124371 -0.285723
v 0.367705 0.117061 0.311081
v 0.376024 0.091368 0.318118
v 0.373284 0.104778 0.315801
v 0.365414 0.091368 0.319799
v 0.357330 0.117061 0.312724
v 0.362752 0.104778 0.317469
v -0.389262 0.117061 -0.289524
v -0.398068 0.091368 -0.296074
v -0.395168 0.104778 -0.293917
v -0.393191 0.091368 -0.305646
v -0.384493 0.117061 -0.298884
v -0.390327 0.104778 -0.303419
v -0.390905 0.117061 0.279149
v -0.399749 0.091368 0.285464
v -0.396836 0.104778 0.283384
v -0.399749 0.091368 -0.285464
v -0.390905 0.117061 -0.279149
v -0.396836 0.104778 -0.283384
v 0.377065 0.117061 -0.306312
v 0.385595 0.091368 -0.313242
v 0.382786 0.104778 -0.310959
v 0.393191 0.091368 -0.305646
v 0.384493 0.117061 -0.298884
v 0.390327 0.104778 -0.303419
v 0.377065 0.117061 0.306312
v 0.385595 0.091368 0.313242
v 0.382786 0.104778 0.310959
v -0.389262 0.117061 0.289524
v -0.398068 0.091368 0.296074
v -0.395168 0.104778 0.293917
v 0.367705 0.117061 -0.311081
v 0.376024 0.091368 -0.318118
v 0.373284 0.104778 -0.315801
v 0.384493 0.117061 0.298884
v 0.393191 0.091368 0.305646
v 0.390327 0.104778 0.303419
v -0.384493 0.117061 0.298884
v -0.393191 0.091368 0.305646
v -0.390327 0.104778 0.303419
v 0.357330 0.117061 -0.312724
v 0.365414 0.091368 -0.319799
v 0.362752 0.104778 -0.317469
v 0.389262 0.117061 0.289524
v 0.398068 0.091368 0.296074
v 0.395168 0.104778 0.293917
v -0.377065 0.117061 0.306312
v -0.385595 0.091368 0.313242
v -0.382786 0.104778 0.310959
v -0.357330 0.117061 -0.312724
v -0.365414 0.091368 -0.319799
v -0.362752 0.104778 -0.317469
v 0.390905 0.117061 0.279149
v 0.399749 0.091368 0.285464
v 0.396836 0.104778 0.283384
v -0.367705 0.117061 0.311081
v -0.376024 0.091368 0.318118
v -0.373284 0.104778 0.315801
v -0.367705 0.117061 -0.311081
v -0.376024 0.091368 -0.318118
v -0.373284 0.104778 -0.315801
v 0.390905 0.117061 -0.279149
v 0.399749 0.091368 -0.285464
v 0.396836 0.104778 -0.283384
v -0.357330 0.117061 0.312724
v -0.365414 0.091368 0.319799
v -0.362752 0.104778 0.317469
v -0.377065 0.117061 -0.306312
v -0.385595 0.091368 -0.313242
v -0.382786 0.104778 -0.310959
v 0.389262 0.117061 -0.289524
v 0.398068 0.091368 -0.296074
v 0.395168 0.104778 -0.293917
v -0.000000 0.124371 0.000000
v -0.379444 1.131083 -0.294959
v -0.372114 1.131083 -0.302290
v -0.362877 1.131083 -0.306996
v -0.352638 1.131083 -0.308618
v 0.352638 1.131083 -0.308618
v 0.362877 1.131083 -0.306996
v 0.372114 1.131083 -0.302290
v 0.379444 1.131083 -0.294959
v 0.384151 1.131083 -0.285723
v 0.385772 1.131083 -0.275483
v 0.385772 1.131083 0.275483
v 0.384151 1.131083 0.285723
v 0.379444 1.131083 0.294959
v 0.372114 1.131083 0.302290
v 0.362877 1.131083 0.306996
v 0.352638 1.131083 0.308618
v -0.352638 1.131083 0.308618
v -0.362877 1.131083 0.306996
v -0.372114 1.131083 0.302290
v -0.379444 1.131083 0.294959
v -0.384151 1.131083 0.285723
v -0.385772 1.131083 0.275483
v -0.385772 1.131083 -0.275483
v -0.384151 1.131083 -0.285723
v -0.379444 1.163806 -0.294959
v -0.372114 1.163806 -0.302290
v -0.362877 1.163806 -0.306996
v -0.352638 1.163806 -0.308618
v 0.352638 1.163806 -0.308618
v 0.362877 1.163806 -0.306996
v 0.372114 1.163806 -0.302290
v 0.379444 1.163806 -0.294959
v 0.384151 1.163806 -0.285723
v 0.385772 1.163806 -0.275483
v 0.385772 1.163806 0.275483
v 0.384151 1.163806 0.285723
v 0.379444 1.163806 0.294959
v 0.372114 1.163806 0.302290
v 0.362877 1.163806 0.306996
v 0.352638 1.163806 0.308618
v -0.352638 1.163806 0.308618
v -0.362877 1.163806 0.306996
v -0.372114 1.163806 0.302290
v -0.379444 1.163806 0.294959
v -0.384151 1.163806 0.285723
v -0.385772 1.163806 0.275483
v -0.385772 1.163806 -0.275483
v -0.384151 1.163806 -0.285723
v -0.364587 1.134796 0.308443
v -0.364587 1.160093 0.308443
v -0.366372 1.140599 0.309953
v -0.366999 1.147444 0.310483
v -0.366372 1.154290 0.309953
v -0.364587 1.134796 -0.308443
v -0.364587 1.160093 -0.308443
v -0.366372 1.140599 -0.309953
v -0.366999 1.147444 -0.310483
v -0.366372 1.154290 -0.309953
v 0.387590 1.134796 -0.276781
v 0.387590 1.160093 -0.276781
v 0.389488 1.140599 -0.278137
v 0.390154 1.147444 -0.278613
v 0.389488 1.154290 -0.278137
v -0.354299 1.134796 0.310072
v -0.354299 1.160093 0.310072
v -0.356034 1.140599 0.311590
v -0.356644 1.147444 0.312124
v -0.356034 1.154290 0.311590
v -0.373867 1.134796 -0.303714
v -0.373867 1.160093 -0.303714
v -0.375698 1.140599 -0.305201
v -0.376341 1.147444 -0.305724
v -0.375698 1.154290 -0.305201
v 0.385961 1.134796 -0.287069
v 0.385960 1.160093 -0.287069
v 0.387851 1.140599 -0.288475
v 0.388514 1.147444 -0.288968
v 0.387851 1.154290 -0.288474
v 0.354299 1.134796 0.310072
v 0.354299 1.160093 0.310072
v 0.356034 1.140599 0.311590
v 0.356644 1.147444 0.312124
v 0.356034 1.154290 0.311590
v -0.381232 1.134796 -0.296349
v -0.381232 1.160093 -0.296349
v -0.383099 1.140599 -0.297800
v -0.383754 1.147444 -0.298310
v -0.383099 1.154290 -0.297800
v 0.381232 1.134796 -0.296349
v 0.381232 1.160093 -0.296349
v 0.383099 1.140599 -0.297800
v 0.383754 1.147444 -0.298310
v 0.383099 1.154290 -0.297800
v 0.364587 1.134796 0.308443
v 0.364587 1.160093 0.308443
v 0.366372 1.140599 0.309953
v 0.366999 1.147444 0.310483
v 0.366372 1.154290 0.309953
v -0.385961 1.134796 -0.287069
v -0.385960 1.160093 -0.287069
v -0.387851 1.140599 -0.288475
v -0.388514 1.147444 -0.288968
v -0.387851 1.154290 -0.288474
v -0.387590 1.160093 -0.276781
v -0.387590 1.134796 -0.276781
v -0.389488 1.154290 -0.278137
v -0.390154 1.147444 -0.278613
v -0.389488 1.140599 -0.278137
v -0.387590 1.134796 0.276781
v -0.387590 1.160093 0.276781
v -0.389488 1.140599 0.278137
v -0.390154 1.147444 0.278613
v -0.389488 1.154290 0.278137
v 0.373867 1.134796 -0.303714
v 0.373867 1.160093 -0.303714
v 0.375698 1.140599 -0.305201
v 0.376341 1.147444 -0.305724
v 0.375698 1.154290 -0.305201
v 0.373867 1.134796 0.303714
v 0.373867 1.160093 0.303714
v 0.375698 1.140599 0.305201
v 0.376341 1.147444 0.305724
v 0.375698 1.154290 0.305201
v 0.381232 1.134796 0.296349
v 0.381232 1.160093 0.296349
v 0.383099 1.140599 0.297800
v 0.383754 1.147444 0.298310
v 0.383099 1.154290 0.297800
v -0.385961 1.134796 0.287069
v -0.385960 1.160093 0.287069
v -0.387851 1.140599 0.288475
v -0.388514 1.147444 0.288968
v -0.387851 1.154290 0.288475
v -0.381232 1.134796 0.296349
v -0.381232 1.160093 0.296349
v -0.383099 1.140599 0.297800
v -0.383754 1.147444 0.298310
v -0.383099 1.154290 0.297800
v 0.364587 1.134796 -0.308443
v 0.364587 1.160093 -0.308443
v 0.366372 1.140599 -0.309953
v 0.366999 1.147445 -0.310483
v 0.366372 1.154290 -0.309953
v 0.354299 1.160093 -0.310072
v 0.354299 1.134796 -0.310072
v 0.356034 1.154290 -0.311590
v 0.356644 1.147444 -0.312124
v 0.356034 1.140599 -0.311590
v 0.387590 1.134796 0.276781
v 0.387590 1.160093 0.276781
v 0.389488 1.140599 0.278137
v 0.390154 1.147444 0.278613
v 0.389488 1.154290 0.278137
v -0.354299 1.134796 -0.310072
v -0.354299 1.160093 -0.310072
v -0.356034 1.140599 -0.311590
v -0.356644 1.147444 -0.312124
v -0.356034 1.154290 -0.311590
v -0.373867 1.160093 0.303714
v -0.373867 1.134796 0.303714
v -0.375698 1.154290 0.305201
v -0.376341 1.147444 0.305724
v -0.375698 1.140599 0.305201
v 0.385960 1.160093 0.287069
v 0.385961 1.134796 0.287069
v 0.387851 1.154290 0.288475
v 0.388514 1.147444 0.288968
v 0.387851 1.140599 0.288475
v -0.000000 1.131083 0.000000
v -0.000000 1.163806 0.000000
v 0.000000 0.086778 -0.000000
v -0.020839 0.314996 0.328417
v -0.021659 0.314449 0.327761
v -0.019864 0.315648 0.328510
v -0.022104 0.314151 0.326719
v 0.025062 0.328920 0.328417
v 0.026049 0.328920 0.327761
v 0.023890 0.328920 0.328510
v 0.026584 0.328920 0.326719
v -0.023155 0.319329 0.328417
v -0.024066 0.318952 0.327761
v -0.022071 0.319778 0.328510
v -0.024560 0.318747 0.326719
v 0.024581 0.324031 0.328417
v 0.025548 0.323839 0.327761
v 0.023431 0.324260 0.328510
v 0.026073 0.323734 0.326719
v -0.024581 0.324031 0.328417
v -0.025548 0.323839 0.327761
v -0.023431 0.324260 0.328510
v -0.026073 0.323734 0.326719
v 0.023155 0.319329 0.328417
v 0.024066 0.318952 0.327761
v 0.022071 0.319778 0.328510
v 0.024560 0.318747 0.326719
v -0.025063 0.328920 0.328417
v -0.026049 0.328920 0.327761
v -0.023890 0.328920 0.328510
v -0.026584 0.328920 0.326719
v 0.020839 0.314996 0.328417
v 0.021659 0.314449 0.327761
v 0.019864 0.315648 0.328510
v 0.022104 0.314151 0.326719
v -0.024581 0.333810 0.328417
v -0.025548 0.334002 0.327761
v -0.023431 0.333581 0.328510
v -0.026073 0.334107 0.326719
v 0.017722 0.311199 0.328417
v 0.018419 0.310501 0.327761
v 0.016893 0.312028 0.328510
v 0.018798 0.310123 0.326719
v -0.023155 0.338511 0.328417
v -0.024066 0.338889 0.327761
v -0.022071 0.338063 0.328510
v -0.024560 0.339094 0.326719
v 0.013924 0.308082 0.328417
v 0.014472 0.307262 0.327761
v 0.013272 0.309057 0.328510
v 0.014769 0.306817 0.326719
v -0.020839 0.342844 0.328417
v -0.021659 0.343392 0.327761
v -0.019864 0.342193 0.328510
v -0.022104 0.343690 0.326719
v 0.009591 0.305766 0.328417
v 0.009968 0.304855 0.327761
v 0.009142 0.306849 0.328510
v 0.010173 0.304360 0.326719
v -0.017722 0.346642 0.328417
v -0.018419 0.347340 0.327761
v -0.016893 0.345813 0.328510
v -0.018798 0.347718 0.326719
v 0.004889 0.304339 0.328417
v 0.005082 0.303372 0.327761
v 0.004661 0.305490 0.328510
v 0.005186 0.302847 0.326719
v 0.009591 0.352075 0.328417
v 0.009968 0.352986 0.327761
v 0.009142 0.350992 0.328510
v 0.010173 0.353481 0.326719
v -0.013924 0.349759 0.328417
v -0.014472 0.350579 0.327761
v -0.013273 0.348784 0.328510
v -0.014769 0.351024 0.326719
v -0.000000 0.303858 0.328417
v -0.000000 0.302872 0.327761
v -0.000000 0.305031 0.328510
v -0.000000 0.302336 0.326719
v 0.013924 0.349759 0.328417
v 0.014472 0.350579 0.327761
v 0.013272 0.348784 0.328510
v 0.014769 0.351024 0.326719
v -0.009591 0.352075 0.328417
v -0.000000 0.344921 0.288703
v -0.003122 0.344613 0.288703
v -0.006123 0.343703 0.288703
v -0.008889 0.342224 0.288703
v -0.011314 0.340234 0.288703
v -0.013304 0.337810 0.288703
v -0.014782 0.335043 0.288703
v -0.015693 0.332042 0.288703
v -0.016000 0.328920 0.288703
v -0.015693 0.325799 0.288703
v -0.014782 0.322798 0.288703
v -0.013304 0.320031 0.288703
v -0.011314 0.317607 0.288703
v -0.008889 0.315617 0.288703
v -0.006123 0.314138 0.288703
v -0.003122 0.313228 0.288703
v -0.000000 0.312920 0.288703
v 0.003121 0.313228 0.288703
v 0.006123 0.314138 0.288703
v 0.008889 0.315617 0.288703
v 0.011314 0.317607 0.288703
v 0.013303 0.320031 0.288703
v 0.014782 0.322798 0.288703
v 0.015692 0.325799 0.288703
v 0.016000 0.328920 0.288703
v 0.015692 0.332042 0.288703
v 0.014782 0.335043 0.288703
v 0.013303 0.337810 0.288703
v 0.011314 0.340234 0.288703
v 0.008889 0.342224 0.288703
v 0.006123 0.343703 0.288703
v 0.003121 0.344613 0.288703
v -0.000000 0.344921 0.302834
v -0.003122 0.344613 0.302834
v -0.006123 0.343703 0.302834
v -0.008889 0.342224 0.302834
v -0.011314 0.340234 0.302834
v -0.013304 0.337810 0.302834
v -0.014782 0.335043 0.302834
v -0.015693 0.332042 0.302834
v -0.016000 0.328920 0.302834
v -0.015693 0.325799 0.302834
v -0.014782 0.322798 0.302834
v -0.013304 0.320031 0.302834
v -0.011314 0.317607 0.302834
v -0.008889 0.315617 0.302834
v -0.006123 0.314138 0.302834
v -0.003122 0.313228 0.302834
v -0.000000 0.312920 0.302834
v 0.003121 0.313228 0.302834
v 0.006123 0.314138 0.302834
v 0.008889 0.315617 0.302834
v 0.011314 0.317607 0.302834
v 0.013303 0.320031 0.302834
v 0.014782 0.322798 0.302834
v 0.015692 0.325799 0.302834
v 0.016000 0.328920 0.302834
v 0.015692 0.332042 0.302834
v 0.014782 0.335043 0.302834
v 0.013303 0.337810 0.302834
v 0.011314 0.340234 0.302834
v 0.008889 0.342224 0.302834
v 0.006123 0.343703 0.302834
v 0.003121 0.344613 0.302834
v -0.000000 0.344921 0.327085
v -0.003122 0.344613 0.327085
v -0.006123 0.343703 0.327085
v -0.008889 0.342224 0.327085
v -0.011314 0.340234 0.327085
v -0.013304 0.337810 0.327085
v -0.014782 0.335043 0.327085
v -0.015693 0.332042 0.327085
v -0.016000 0.328920 0.327085
v -0.015693 0.325799 0.327085
v -0.014782 0.322798 0.327085
v -0.013304 0.320031 0.327085
v -0.011314 0.317607 0.327085
v -0.008889 0.315617 0.327085
v -0.006123 0.314138 0.327085
v -0.003122 0.313228 0.327085
v -0.000000 0.312920 0.327085
v 0.003121 0.313228 0.327085
v 0.006123 0.314138 0.327085
v 0.008889 0.315617 0.327085
v 0.011314 0.317607 0.327085
v 0.013303 0.320031 0.327085
v 0.014782 0.322798 0.327085
v 0.015692 0.325799 0.327085
v 0.016000 0.328920 0.327085
v 0.015692 0.332042 0.327085
v 0.014782 0.335043 0.327085
v 0.013303 0.337810 0.327085
v 0.011314 0.340234 0.327085
v 0.008889 0.342224 0.327085
v 0.006123 0.343703 0.327085
v 0.003121 0.344613 0.327085
v 0.017103 0.336005 0.310860
v -0.010285 0.313528 0.310860
v -0.000000 0.347433 0.310860
v 0.015393 0.339206 0.310860
v -0.007085 0.311817 0.310860
v -0.003612 0.347077 0.310860
v 0.013090 0.342011 0.310860
v -0.003612 0.310764 0.310860
v -0.007085 0.346024 0.310860
v 0.010285 0.344313 0.310860
v -0.000000 0.310408 0.310860
v -0.010285 0.344313 0.310860
v 0.007084 0.346024 0.310860
v 0.003612 0.310764 0.310860
v -0.013090 0.342011 0.310860
v 0.003612 0.347077 0.310860
v 0.007084 0.311817 0.310860
v -0.015393 0.339206 0.310860
v 0.010285 0.313528 0.310860
v -0.017103 0.336005 0.310860
v 0.013090 0.315830 0.310860
v -0.018157 0.332532 0.310860
v 0.015393 0.318635 0.310860
v -0.018513 0.328920 0.310860
v 0.017103 0.321836 0.310860
v -0.018157 0.325309 0.310860
v 0.018157 0.325309 0.310860
v -0.017103 0.321836 0.310860
v 0.018512 0.328920 0.310860
v -0.015393 0.318635 0.310860
v 0.018157 0.332532 0.310860
v -0.013090 0.315830 0.310860
v 0.018529 0.341301 0.315817
v -0.008528 0.308332 0.315817
v -0.004348 0.350777 0.315817
v 0.015758 0.344678 0.315817
v -0.004348 0.307064 0.315817
v -0.008528 0.349509 0.315817
v 0.012381 0.347450 0.315817
v -0.000000 0.306635 0.315817
v -0.012381 0.347450 0.315817
v 0.008528 0.349509 0.315817
v 0.004347 0.307064 0.315817
v -0.015758 0.344678 0.315817
v 0.004347 0.350777 0.315817
v 0.008528 0.308332 0.315817
v -0.018529 0.341301 0.315817
v 0.012381 0.310391 0.315817
v -0.020589 0.337448 0.315817
v 0.015758 0.313163 0.315817
v -0.021857 0.333268 0.315817
v 0.018529 0.316540 0.315817
v -0.022285 0.328920 0.315817
v 0.020589 0.320392 0.315817
v -0.021857 0.324573 0.315817
v 0.021857 0.324573 0.315817
v -0.020589 0.320392 0.315817
v 0.022285 0.328920 0.315817
v -0.018529 0.316540 0.315817
v 0.021857 0.333268 0.315817
v -0.015758 0.313163 0.315817
v 0.020589 0.337449 0.315817
v -0.012381 0.310391 0.315817
v -0.000000 0.351205 0.315817
v 0.024007 0.338864 0.317089
v 0.025330 0.339412 0.322886
v 0.025587 0.339519 0.318081
v 0.026303 0.339815 0.321218
v 0.022796 0.344152 0.322886
v 0.021605 0.343357 0.317089
v 0.023672 0.344737 0.321218
v 0.023027 0.344307 0.318081
v -0.014436 0.307315 0.317089
v -0.015232 0.306124 0.322886
v -0.015387 0.305893 0.318081
v -0.015817 0.305249 0.321218
v -0.010492 0.303591 0.322886
v -0.009944 0.304914 0.317089
v -0.010895 0.302618 0.321218
v -0.010598 0.303334 0.318081
v -0.000000 0.354905 0.317089
v -0.000000 0.356337 0.322886
v -0.000000 0.356615 0.318081
v -0.000000 0.357390 0.321218
v -0.005349 0.355810 0.322886
v -0.005069 0.354406 0.317089
v -0.005554 0.356843 0.321218
v -0.005403 0.356083 0.318081
v 0.019386 0.348307 0.322886
v 0.018374 0.347294 0.317089
v 0.020131 0.349052 0.321218
v 0.019583 0.348504 0.318081
v -0.005349 0.302031 0.322886
v -0.005069 0.303435 0.317089
v -0.005554 0.300998 0.321218
v -0.005403 0.301758 0.318081
v -0.010492 0.354250 0.322886
v -0.009944 0.352927 0.317089
v -0.010895 0.355223 0.321218
v -0.010598 0.354507 0.318081
v 0.015232 0.351717 0.322886
v 0.014436 0.350526 0.317089
v 0.015817 0.352592 0.321218
v 0.015386 0.351948 0.318081
v -0.000000 0.301504 0.322886
v -0.000000 0.302936 0.317089
v -0.000000 0.300451 0.321218
v -0.000000 0.301226 0.318081
v -0.015232 0.351717 0.322886
v -0.014436 0.350526 0.317089
v -0.015817 0.352592 0.321218
v -0.015387 0.351948 0.318081
v 0.010492 0.354250 0.322886
v 0.009944 0.352927 0.317089
v 0.010895 0.355223 0.321218
v 0.010598 0.354507 0.318081
v 0.005349 0.302031 0.322886
v 0.005069 0.303435 0.317089
v 0.005554 0.300998 0.321218
v 0.005403 0.301758 0.318081
v -0.019387 0.348307 0.322886
v -0.018374 0.347294 0.317089
v -0.020131 0.349052 0.321218
v -0.019583 0.348504 0.318081
v 0.005349 0.355810 0.322886
v 0.005069 0.354406 0.317089
v 0.005554 0.356843 0.321218
v 0.005403 0.356083 0.318081
v 0.010492 0.303591 0.322886
v 0.009944 0.304914 0.317089
v 0.010895 0.302618 0.321218
v 0.010598 0.303334 0.318081
v -0.022796 0.344152 0.322886
v -0.021606 0.343357 0.317089
v -0.023672 0.344737 0.321218
v -0.023027 0.344307 0.318081
v 0.015232 0.306124 0.322886
v 0.014436 0.307315 0.317089
v 0.015817 0.305249 0.321218
v 0.015386 0.305893 0.318081
v -0.025330 0.339412 0.322886
v -0.024007 0.338864 0.317089
v -0.026303 0.339815 0.321218
v -0.025587 0.339519 0.318081
v 0.019386 0.309534 0.322886
v 0.018374 0.310547 0.317089
v 0.020131 0.308789 0.321218
v 0.019583 0.309337 0.318081
v -0.026890 0.334269 0.322886
v -0.025485 0.333990 0.317089
v -0.027923 0.334475 0.321218
v -0.027163 0.334323 0.318081
v 0.022796 0.313689 0.322886
v 0.021605 0.314484 0.317089
v 0.023672 0.313103 0.321218
v 0.023027 0.313534 0.318081
v -0.027417 0.328920 0.322886
v -0.025985 0.328920 0.317089
v -0.028470 0.328920 0.321218
v -0.027695 0.328920 0.318081
v 0.025330 0.318429 0.322886
v 0.024007 0.318977 0.317089
v 0.026303 0.318026 0.321218
v 0.025587 0.318322 0.318081
v -0.026890 0.323572 0.322886
v -0.025485 0.323851 0.317089
v -0.027923 0.323366 0.321218
v -0.027163 0.323517 0.318081
v 0.026890 0.323572 0.322886
v 0.025485 0.323851 0.317089
v 0.027923 0.323366 0.321218
v 0.027163 0.323517 0.318081
v -0.025330 0.318429 0.322886
v -0.024007 0.318977 0.317089
v -0.026303 0.318026 0.321218
v -0.025587 0.318322 0.318081
v 0.027417 0.328920 0.322886
v 0.025985 0.328920 0.317089
v 0.028470 0.328920 0.321218
v 0.027695 0.328920 0.318081
v -0.022796 0.313689 0.322886
v -0.021606 0.314484 0.317089
v -0.023672 0.313103 0.321218
v -0.023027 0.313534 0.318081
v 0.026890 0.334269 0.322886
v 0.025485 0.333990 0.317089
v 0.027923 0.334475 0.321218
v 0.027163 0.334324 0.318081
v -0.019387 0.309534 0.322886
v -0.018374 0.310547 0.317089
v -0.020131 0.308789 0.321218
v -0.019583 0.309337 0.318081
v 0.026142 0.339749 0.319079
v 0.026365 0.339841 0.320057
v 0.023728 0.344775 0.320057
v 0.023527 0.344641 0.319079
v -0.015720 0.305394 0.319079
v -0.015854 0.305193 0.320057
v -0.010921 0.302556 0.320057
v -0.010828 0.302779 0.319079
v -0.000000 0.357216 0.319079
v -0.000000 0.357458 0.320057
v -0.005567 0.356909 0.320057
v -0.005520 0.356672 0.319079
v 0.020179 0.349099 0.320057
v 0.020008 0.348928 0.319079
v -0.005567 0.300932 0.320057
v -0.005520 0.301169 0.319079
v -0.010921 0.355285 0.320057
v -0.010828 0.355062 0.319079
v 0.015854 0.352648 0.320057
v 0.015720 0.352447 0.319079
v -0.000000 0.300383 0.320057
v -0.000000 0.300625 0.319079
v -0.015854 0.352648 0.320057
v -0.015720 0.352447 0.319079
v 0.010921 0.355285 0.320057
v 0.010828 0.355062 0.319079
v 0.005567 0.300932 0.320057
v 0.005520 0.301169 0.319079
v -0.020179 0.349099 0.320057
v -0.020008 0.348928 0.319079
v 0.005567 0.356909 0.320057
v 0.005520 0.356672 0.319079
v 0.010921 0.302556 0.320057
v 0.010828 0.302779 0.319079
v -0.023728 0.344775 0.320057
v -0.023527 0.344641 0.319079
v 0.015854 0.305193 0.320057
v 0.015720 0.305394 0.319079
v -0.026365 0.339841 0.320057
v -0.026142 0.339749 0.319079
v 0.020179 0.308742 0.320057
v 0.020008 0.308913 0.319079
v -0.027989 0.334488 0.320057
v -0.027752 0.334441 0.319079
v 0.023728 0.313066 0.320057
v 0.023527 0.313200 0.319079
v -0.028537 0.328920 0.320057
v -0.028296 0.328920 0.319079
v 0.026365 0.318000 0.320057
v 0.026142 0.318092 0.319079
v -0.027989 0.323353 0.320057
v -0.027752 0.323400 0.319079
v 0.027989 0.323353 0.320057
v 0.027752 0.323400 0.319079
v -0.026365 0.318000 0.320057
v -0.026142 0.318092 0.319079
v 0.028537 0.328920 0.320057
v 0.028295 0.328920 0.319079
v -0.023728 0.313066 0.320057
v -0.023527 0.313200 0.319079
v 0.027989 0.334488 0.320057
v 0.027752 0.334441 0.319079
v -0.020179 0.308742 0.320057
v -0.020008 0.308913 0.319079
v -0.000000 0.328920 0.327085
v 0.023431 0.333581 0.328510
v 0.026073 0.334107 0.326719
v 0.024581 0.333810 0.328417
v 0.025548 0.334002 0.327761
v 0.024560 0.339094 0.326719
v 0.022071 0.338063 0.328510
v 0.024066 0.338889 0.327761
v 0.023155 0.338512 0.328417
v 0.019864 0.342193 0.328510
v 0.022104 0.343690 0.326719
v 0.020839 0.342844 0.328417
v 0.021659 0.343392 0.327761
v 0.018798 0.347718 0.326719
v 0.016893 0.345813 0.328510
v 0.018419 0.347340 0.327761
v 0.017722 0.346642 0.328417
v -0.016893 0.312028 0.328510
v -0.018798 0.310123 0.326719
v -0.017722 0.311199 0.328417
v -0.018419 0.310501 0.327761
v -0.014769 0.306817 0.326719
v -0.013273 0.309057 0.328510
v -0.014472 0.307262 0.327761
v -0.013924 0.308082 0.328417
v -0.009142 0.306849 0.328510
v -0.010173 0.304360 0.326719
v -0.009591 0.305766 0.328417
v -0.009969 0.304855 0.327761
v -0.005186 0.302847 0.326719
v -0.004661 0.305490 0.328510
v -0.005082 0.303372 0.327761
v -0.004890 0.304339 0.328417
v 0.004661 0.352351 0.328510
v 0.005186 0.354994 0.326719
v 0.004889 0.353502 0.328417
v 0.005082 0.354469 0.327761
v -0.000000 0.355505 0.326719
v -0.000000 0.352810 0.328510
v -0.000000 0.354969 0.327761
v -0.000000 0.353983 0.328417
v -0.004661 0.352351 0.328510
v -0.005186 0.354994 0.326719
v -0.004890 0.353502 0.328417
v -0.005082 0.354469 0.327761
v -0.010173 0.353481 0.326719
v -0.009142 0.350992 0.328510
v -0.009968 0.352986 0.327761
v -0.009968 0.722986 0.327761
v -0.009142 0.720992 0.328510
v -0.010173 0.723481 0.326719
v -0.005082 0.724469 0.327761
v -0.004890 0.723502 0.328417
v -0.005186 0.724994 0.326719
v -0.004661 0.722351 0.328510
v -0.000000 0.723983 0.328417
v -0.000000 0.724969 0.327761
v -0.000000 0.722810 0.328510
v -0.000000 0.725505 0.326719
v 0.005082 0.724469 0.327761
v 0.004889 0.723502 0.328417
v 0.005186 0.724994 0.326719
v 0.004661 0.722351 0.328510
v -0.004890 0.674339 0.328417
v -0.005082 0.673372 0.327761
v -0.004661 0.675490 0.328510
v -0.005186 0.672847 0.326719
v -0.009969 0.674855 0.327761
v -0.009591 0.675766 0.328417
v -0.010173 0.674360 0.326719
v -0.009142 0.676849 0.328510
v -0.013924 0.678082 0.328417
v -0.014472 0.677262 0.327761
v -0.013273 0.679057 0.328510
v -0.014769 0.676817 0.326719
v -0.018419 0.680501 0.327761
v -0.017722 0.681199 0.328417
v -0.018798 0.680123 0.326719
v -0.016893 0.682028 0.328510
v 0.017722 0.716642 0.328417
v 0.018419 0.717340 0.327761
v 0.016893 0.715813 0.328510
v 0.018798 0.717718 0.326719
v 0.021659 0.713392 0.327761
v 0.020839 0.712844 0.328417
v 0.022104 0.713690 0.326719
v 0.019864 0.712193 0.328510
v 0.023155 0.708512 0.328417
v 0.024066 0.708889 0.327761
v 0.022071 0.708063 0.328510
v 0.024560 0.709094 0.326719
v 0.025548 0.704002 0.327761
v 0.024581 0.703810 0.328417
v 0.026073 0.704107 0.326719
v 0.023431 0.703581 0.328510
v -0.000000 0.698920 0.327085
v -0.020008 0.678913 0.319079
v -0.020179 0.678742 0.320057
v 0.027752 0.704441 0.319079
v 0.027989 0.704488 0.320057
v -0.023527 0.683200 0.319079
v -0.023728 0.683066 0.320057
v 0.028295 0.698920 0.319079
v 0.028537 0.698920 0.320057
v -0.026142 0.688092 0.319079
v -0.026365 0.688000 0.320057
v 0.027752 0.693400 0.319079
v 0.027989 0.693353 0.320057
v -0.027752 0.693400 0.319079
v -0.027989 0.693353 0.320057
v 0.026142 0.688092 0.319079
v 0.026365 0.688000 0.320057
v -0.028296 0.698920 0.319079
v -0.028537 0.698920 0.320057
v 0.023527 0.683200 0.319079
v 0.023728 0.683066 0.320057
v -0.027752 0.704441 0.319079
v -0.027989 0.704488 0.320057
v 0.020008 0.678913 0.319079
v 0.020179 0.678742 0.320057
v -0.026142 0.709749 0.319079
v -0.026365 0.709841 0.320057
v 0.015720 0.675394 0.319079
v 0.015854 0.675193 0.320057
v -0.023527 0.714641 0.319079
v -0.023728 0.714775 0.320057
v 0.010828 0.672779 0.319079
v 0.010921 0.672556 0.320057
v 0.005520 0.726672 0.319079
v 0.005567 0.726909 0.320057
v -0.020008 0.718928 0.319079
v -0.020179 0.719099 0.320057
v 0.005520 0.671169 0.319079
v 0.005567 0.670932 0.320057
v 0.010828 0.725062 0.319079
v 0.010921 0.725285 0.320057
v -0.015720 0.722447 0.319079
v -0.015854 0.722648 0.320057
v -0.000000 0.670625 0.319079
v -0.000000 0.670383 0.320057
v 0.015720 0.722447 0.319079
v 0.015854 0.722648 0.320057
v -0.010828 0.725062 0.319079
v -0.010921 0.725285 0.320057
v -0.005520 0.671169 0.319079
v -0.005567 0.670932 0.320057
v 0.020008 0.718928 0.319079
v 0.020179 0.719099 0.320057
v -0.005520 0.726672 0.319079
v -0.005567 0.726909 0.320057
v -0.000000 0.727458 0.320057
v -0.000000 0.727216 0.319079
v -0.010828 0.672779 0.319079
v -0.010921 0.672556 0.320057
v -0.015854 0.675193 0.320057
v -0.015720 0.675394 0.319079
v 0.023527 0.714641 0.319079
v 0.023728 0.714775 0.320057
v 0.026365 0.709841 0.320057
v 0.026142 0.709749 0.319079
v -0.019583 0.679337 0.318081
v -0.020131 0.678789 0.321218
v -0.018374 0.680547 0.317089
v -0.019387 0.679534 0.322886
v 0.027163 0.704324 0.318081
v 0.027923 0.704475 0.321218
v 0.025485 0.703990 0.317089
v 0.026890 0.704269 0.322886
v -0.023027 0.683534 0.318081
v -0.023672 0.683103 0.321218
v -0.021606 0.684484 0.317089
v -0.022796 0.683689 0.322886
v 0.027695 0.698920 0.318081
v 0.028470 0.698920 0.321218
v 0.025985 0.698920 0.317089
v 0.027417 0.698920 0.322886
v -0.025587 0.688322 0.318081
v -0.026303 0.688026 0.321218
v -0.024007 0.688977 0.317089
v -0.025330 0.688429 0.322886
v 0.027163 0.693517 0.318081
v 0.027923 0.693366 0.321218
v 0.025485 0.693851 0.317089
v 0.026890 0.693572 0.322886
v -0.027163 0.693517 0.318081
v -0.027923 0.693366 0.321218
v -0.025485 0.693851 0.317089
v -0.026890 0.693572 0.322886
v 0.025587 0.688322 0.318081
v 0.026303 0.688026 0.321218
v 0.024007 0.688977 0.317089
v 0.025330 0.688429 0.322886
v -0.027695 0.698920 0.318081
v -0.028470 0.698920 0.321218
v -0.025985 0.698920 0.317089
v -0.027417 0.698920 0.322886
v 0.023027 0.683534 0.318081
v 0.023672 0.683103 0.321218
v 0.021605 0.684484 0.317089
v 0.022796 0.683689 0.322886
v -0.027163 0.704323 0.318081
v -0.027923 0.704475 0.321218
v -0.025485 0.703990 0.317089
v -0.026890 0.704269 0.322886
v 0.019583 0.679337 0.318081
v 0.020131 0.678789 0.321218
v 0.018374 0.680547 0.317089
v 0.019386 0.679534 0.322886
v -0.025587 0.709519 0.318081
v -0.026303 0.709815 0.321218
v -0.024007 0.708864 0.317089
v -0.025330 0.709412 0.322886
v 0.015386 0.675893 0.318081
v 0.015817 0.675249 0.321218
v 0.014436 0.677315 0.317089
v 0.015232 0.676124 0.322886
v -0.023027 0.714307 0.318081
v -0.023672 0.714737 0.321218
v -0.021606 0.713357 0.317089
v -0.022796 0.714152 0.322886
v 0.010598 0.673334 0.318081
v 0.010895 0.672618 0.321218
v 0.009944 0.674914 0.317089
v 0.010492 0.673591 0.322886
v 0.005403 0.726083 0.318081
v 0.005554 0.726843 0.321218
v 0.005069 0.724406 0.317089
v 0.005349 0.725810 0.322886
v -0.019583 0.718504 0.318081
v -0.020131 0.719052 0.321218
v -0.018374 0.717294 0.317089
v -0.019387 0.718307 0.322886
v 0.005403 0.671758 0.318081
v 0.005554 0.670998 0.321218
v 0.005069 0.673435 0.317089
v 0.005349 0.672031 0.322886
v 0.010598 0.724507 0.318081
v 0.010895 0.725223 0.321218
v 0.009944 0.722927 0.317089
v 0.010492 0.724250 0.322886
v -0.015387 0.721948 0.318081
v -0.015817 0.722592 0.321218
v -0.014436 0.720526 0.317089
v -0.015232 0.721717 0.322886
v -0.000000 0.671226 0.318081
v -0.000000 0.670451 0.321218
v -0.000000 0.672936 0.317089
v -0.000000 0.671504 0.322886
v 0.015386 0.721948 0.318081
v 0.015817 0.722592 0.321218
v 0.014436 0.720526 0.317089
v 0.015232 0.721717 0.322886
v -0.010598 0.724507 0.318081
v -0.010895 0.725223 0.321218
v -0.009944 0.722927 0.317089
v -0.010492 0.724250 0.322886
v -0.005403 0.671758 0.318081
v -0.005554 0.670998 0.321218
v -0.005069 0.673435 0.317089
v -0.005349 0.672031 0.322886
v 0.019583 0.718504 0.318081
v 0.020131 0.719052 0.321218
v 0.018374 0.717294 0.317089
v 0.019386 0.718307 0.322886
v -0.005403 0.726083 0.318081
v -0.005554 0.726843 0.321218
v -0.005069 0.724406 0.317089
v -0.005349 0.725810 0.322886
v -0.000000 0.727390 0.321218
v -0.000000 0.726615 0.318081
v -0.000000 0.726337 0.322886
v -0.000000 0.724905 0.317089
v -0.010598 0.673334 0.318081
v -0.010895 0.672618 0.321218
v -0.009944 0.674914 0.317089
v -0.010492 0.673591 0.322886
v -0.015817 0.675249 0.321218
v -0.015387 0.675893 0.318081
v -0.015232 0.676124 0.322886
v -0.014436 0.677315 0.317089
v 0.023027 0.714307 0.318081
v 0.023672 0.714737 0.321218
v 0.021605 0.713357 0.317089
v 0.022796 0.714152 0.322886
v 0.026303 0.709815 0.321218
v 0.025587 0.709519 0.318081
v 0.025330 0.709412 0.322886
v 0.024007 0.708864 0.317089
v -0.000000 0.721205 0.315817
v -0.012381 0.680391 0.315817
v 0.020589 0.707449 0.315817
v -0.015758 0.683163 0.315817
v 0.021857 0.703268 0.315817
v -0.018529 0.686540 0.315817
v 0.022285 0.698920 0.315817
v -0.020589 0.690392 0.315817
v 0.021857 0.694573 0.315817
v -0.021857 0.694573 0.315817
v 0.020589 0.690392 0.315817
v -0.022285 0.698920 0.315817
v 0.018529 0.686540 0.315817
v -0.021857 0.703268 0.315817
v 0.015758 0.683163 0.315817
v -0.020589 0.707448 0.315817
v 0.012381 0.680391 0.315817
v -0.018529 0.711301 0.315817
v 0.008528 0.678332 0.315817
v 0.004347 0.720777 0.315817
v -0.015758 0.714678 0.315817
v 0.004347 0.677064 0.315817
v 0.008528 0.719509 0.315817
v -0.012381 0.717450 0.315817
v -0.000000 0.676636 0.315817
v 0.012381 0.717450 0.315817
v -0.008528 0.719509 0.315817
v -0.004348 0.677064 0.315817
v 0.015758 0.714678 0.315817
v -0.004348 0.720777 0.315817
v -0.008528 0.678332 0.315817
v 0.018529 0.711301 0.315817
v -0.013090 0.685830 0.310860
v 0.018157 0.702532 0.310860
v -0.015393 0.688635 0.310860
v 0.018512 0.698920 0.310860
v -0.017103 0.691836 0.310860
v 0.018157 0.695309 0.310860
v -0.018157 0.695309 0.310860
v 0.017103 0.691836 0.310860
v -0.018513 0.698920 0.310860
v 0.015393 0.688635 0.310860
v -0.018157 0.702532 0.310860
v 0.013090 0.685830 0.310860
v -0.017103 0.706005 0.310860
v 0.010285 0.683528 0.310860
v -0.015393 0.709206 0.310860
v 0.007084 0.681817 0.310860
v 0.003612 0.717077 0.310860
v -0.013090 0.712011 0.310860
v 0.003612 0.680764 0.310860
v 0.007084 0.716024 0.310860
v -0.010285 0.714313 0.310860
v -0.000000 0.680408 0.310860
v 0.010285 0.714313 0.310860
v -0.007085 0.716024 0.310860
v -0.003612 0.680764 0.310860
v 0.013090 0.712011 0.310860
v -0.003612 0.717077 0.310860
v -0.007085 0.681817 0.310860
v 0.015393 0.709206 0.310860
v -0.000000 0.717433 0.310860
v -0.010285 0.683528 0.310860
v 0.017103 0.706005 0.310860
v 0.003121 0.714613 0.327085
v 0.006123 0.713703 0.327085
v 0.008889 0.712224 0.327085
v 0.011314 0.710234 0.327085
v 0.013303 0.707810 0.327085
v 0.014782 0.705043 0.327085
v 0.015692 0.702042 0.327085
v 0.016000 0.698920 0.327085
v 0.015692 0.695799 0.327085
v 0.014782 0.692798 0.327085
v 0.013303 0.690031 0.327085
v 0.011314 0.687607 0.327085
v 0.008889 0.685617 0.327085
v 0.006123 0.684138 0.327085
v 0.003121 0.683228 0.327085
v -0.000000 0.682920 0.327085
v -0.003122 0.683228 0.327085
v -0.006123 0.684138 0.327085
v -0.008889 0.685617 0.327085
v -0.011314 0.687607 0.327085
v -0.013304 0.690031 0.327085
v -0.014782 0.692798 0.327085
v -0.015693 0.695799 0.327085
v -0.016000 0.698920 0.327085
v -0.015693 0.702042 0.327085
v -0.014782 0.705043 0.327085
v -0.013304 0.707810 0.327085
v -0.011314 0.710234 0.327085
v -0.008889 0.712224 0.327085
v -0.006123 0.713703 0.327085
v -0.003122 0.714613 0.327085
v -0.000000 0.714921 0.327085
v 0.003121 0.714613 0.302834
v 0.006123 0.713703 0.302834
v 0.008889 0.712224 0.302834
v 0.011314 0.710234 0.302834
v 0.013303 0.707810 0.302834
v 0.014782 0.705043 0.302834
v 0.015692 0.702042 0.302834
v 0.016000 0.698920 0.302834
v 0.015692 0.695799 0.302834
v 0.014782 0.692798 0.302834
v 0.013303 0.690031 0.302834
v 0.011314 0.687607 0.302834
v 0.008889 0.685617 0.302834
v 0.006123 0.684138 0.302834
v 0.003121 0.683228 0.302834
v -0.000000 0.682920 0.302834
v -0.003122 0.683228 0.302834
v -0.006123 0.684138 0.302834
v -0.008889 0.685617 0.302834
v -0.011314 0.687607 0.302834
v -0.013304 0.690031 0.302834
v -0.014782 0.692798 0.302834
v -0.015693 0.695799 0.302834
v -0.016000 0.698920 0.302834
v -0.015693 0.702042 0.302834
v -0.014782 0.705043 0.302834
v -0.013304 0.707810 0.302834
v -0.011314 0.710234 0.302834
v -0.008889 0.712224 0.302834
v -0.006123 0.713703 0.302834
v -0.003122 0.714613 0.302834
v -0.000000 0.714921 0.302834
v 0.003121 0.714613 0.288703
v 0.006123 0.713703 0.288703
v 0.008889 0.712224 0.288703
v 0.011314 0.710234 0.288703
v 0.013303 0.707810 0.288703
v 0.014782 0.705043 0.288703
v 0.015692 0.702042 0.288703
v 0.016000 0.698920 0.288703
v 0.015692 0.695799 0.288703
v 0.014782 0.692798 0.288703
v 0.013303 0.690031 0.288703
v 0.011314 0.687607 0.288703
v 0.008889 0.685617 0.288703
v 0.006123 0.684138 0.288703
v 0.003121 0.683228 0.288703
v -0.000000 0.682920 0.288703
v -0.003122 0.683228 0.288703
v -0.006123 0.684138 0.288703
v -0.008889 0.685617 0.288703
v -0.011314 0.687607 0.288703
v -0.013304 0.690031 0.288703
v -0.014782 0.692798 0.288703
v -0.015693 0.695799 0.288703
v -0.016000 0.698920 0.288703
v -0.015693 0.702042 0.288703
v -0.014782 0.705043 0.288703
v -0.013304 0.707810 0.288703
v -0.011314 0.710234 0.288703
v -0.008889 0.712224 0.288703
v -0.006123 0.713703 0.288703
v -0.003122 0.714613 0.288703
v -0.000000 0.714921 0.288703
v -0.009591 0.722075 0.328417
v 0.014769 0.721024 0.326719
v 0.013272 0.718784 0.328510
v 0.014472 0.720579 0.327761
v 0.013924 0.719759 0.328417
v -0.000000 0.672336 0.326719
v -0.000000 0.675031 0.328510
v -0.000000 0.672872 0.327761
v -0.000000 0.673858 0.328417
v -0.014769 0.721024 0.326719
v -0.013273 0.718784 0.328510
v -0.014472 0.720579 0.327761
v -0.013924 0.719759 0.328417
v 0.010173 0.723481 0.326719
v 0.009142 0.720992 0.328510
v 0.009968 0.722986 0.327761
v 0.009591 0.722075 0.328417
v 0.005186 0.672847 0.326719
v 0.004661 0.675490 0.328510
v 0.005082 0.673372 0.327761
v 0.004889 0.674339 0.328417
v -0.018798 0.717718 0.326719
v -0.016893 0.715813 0.328510
v -0.018419 0.717340 0.327761
v -0.017722 0.716642 0.328417
v 0.010173 0.674360 0.326719
v 0.009142 0.676849 0.328510
v 0.009968 0.674855 0.327761
v 0.009591 0.675766 0.328417
v -0.022104 0.713690 0.326719
v -0.019864 0.712193 0.328510
v -0.021659 0.713392 0.327761
v -0.020839 0.712844 0.328417
v 0.014769 0.676817 0.326719
v 0.013272 0.679057 0.328510
v 0.014472 0.677262 0.327761
v 0.013924 0.678082 0.328417
v -0.024560 0.709094 0.326719
v -0.022071 0.708063 0.328510
v -0.024066 0.708889 0.327761
v -0.023155 0.708511 0.328417
v 0.018798 0.680123 0.326719
v 0.016893 0.682028 0.328510
v 0.018419 0.680501 0.327761
v 0.017722 0.681199 0.328417
v -0.026073 0.704107 0.326719
v -0.023431 0.703581 0.328510
v -0.025548 0.704002 0.327761
v -0.024581 0.703810 0.328417
v 0.022104 0.684151 0.326719
v 0.019864 0.685648 0.328510
v 0.021659 0.684449 0.327761
v 0.020839 0.684996 0.328417
v -0.026584 0.698920 0.326719
v -0.023890 0.698920 0.328510
v -0.026049 0.698920 0.327761
v -0.025063 0.698920 0.328417
v 0.024560 0.688747 0.326719
v 0.022071 0.689778 0.328510
v 0.024066 0.688952 0.327761
v 0.023155 0.689329 0.328417
v -0.026073 0.693734 0.326719
v -0.023431 0.694260 0.328510
v -0.025548 0.693839 0.327761
v -0.024581 0.694031 0.328417
v 0.026073 0.693734 0.326719
v 0.023431 0.694260 0.328510
v 0.025548 0.693839 0.327761
v 0.024581 0.694031 0.328417
v -0.024560 0.688747 0.326719
v -0.022071 0.689778 0.328510
v -0.024066 0.688952 0.327761
v -0.023155 0.689329 0.328417
v 0.026584 0.698920 0.326719
v 0.023890 0.698920 0.328510
v 0.026049 0.698920 0.327761
v 0.025062 0.698920 0.328417
v -0.022104 0.684151 0.326719
v -0.019864 0.685648 0.328510
v -0.021659 0.684449 0.327761
v -0.020839 0.684996 0.328417
v -0.310136 0.158608 0.262987
v -0.300800 0.156107 0.262987
v -0.300800 0.156107 0.294127
v -0.310136 0.158608 0.294127
v -0.316971 0.165443 0.262987
v -0.316971 0.165443 0.294127
v -0.319473 0.174780 0.262987
v -0.319473 0.174780 0.294127
v -0.310136 0.499218 0.294127
v -0.300800 0.501720 0.294127
v -0.300800 0.501720 0.262987
v -0.310136 0.499218 0.262987
v -0.316971 0.492383 0.294127
v -0.316971 0.492383 0.262987
v -0.319473 0.483046 0.294127
v -0.319473 0.483046 0.262987
v 0.316971 0.165443 0.262987
v 0.319473 0.174780 0.262987
v 0.319473 0.174780 0.294127
v 0.316971 0.165443 0.294127
v 0.310136 0.158608 0.262987
v 0.310136 0.158608 0.294127
v 0.300800 0.156107 0.262987
v 0.300800 0.156107 0.294127
v 0.310136 0.499218 0.262987
v 0.300800 0.501720 0.262987
v 0.300800 0.501720 0.294127
v 0.310136 0.499218 0.294127
v 0.316971 0.492383 0.262987
v 0.316971 0.492383 0.294127
v 0.319473 0.483046 0.262987
v 0.319473 0.483046 0.294127
v 0.319473 0.853046 0.294127
v 0.319473 0.544780 0.294127
v 0.300800 0.526107 0.294127
v -0.300800 0.526107 0.294127
v -0.319473 0.853046 0.262987
v -0.319473 0.544780 0.262987
v 0.319473 0.853046 0.262987
v 0.316971 0.862383 0.262987
v 0.319473 0.544780 0.262987
v 0.310136 0.528608 0.294127
v -0.300800 0.871720 0.294127
v 0.300800 0.871720 0.294127
v 0.300800 0.526107 0.262987
v -0.300800 0.526107 0.262987
v 0.316971 0.535443 0.294127
v -0.300800 0.871720 0.262987
v 0.300800 0.871720 0.262987
v 0.310136 0.869218 0.294127
v -0.319473 0.853046 0.294127
v -0.316971 0.862383 0.294127
v 0.316971 0.862383 0.294127
v 0.310136 0.869218 0.262987
v -0.310136 0.869218 0.294127
v 0.316971 0.535443 0.262987
v -0.319473 0.544780 0.294127
v -0.316971 0.535443 0.262987
v 0.310136 0.528608 0.262987
v -0.310136 0.528608 0.294127
v -0.316971 0.535443 0.294127
v -0.310136 0.869218 0.262987
v -0.316971 0.862383 0.262987
v -0.310136 0.528608 0.262987
v 0.323245 1.109699 0.263411
v 0.323245 1.109699 0.263411
v 0.323245 0.888507 0.263411
v 0.323245 0.888507 0.263411
v -0.323245 0.888507 0.263411
v -0.323245 0.888507 0.263411
v -0.323245 1.109699 0.263411
v -0.323245 1.109699 0.263411
v 0.323245 1.109699 -0.111188
v 0.323245 1.109699 -0.111188
v 0.323245 0.888507 -0.111188
v 0.323245 0.888507 -0.111188
v -0.323245 0.888507 -0.111188
v -0.323245 0.888507 -0.111188
v -0.323245 1.109699 -0.111188
v -0.323245 1.109699 -0.111188
v -0.400000 0.086778 -0.285644
v -0.400000 0.086778 0.285644
v -0.398318 0.086778 0.296260
v -0.393438 0.086778 0.305838
v -0.385838 0.086778 0.313438
v -0.376260 0.086778 0.318318
v -0.365644 0.086778 0.320000
v 0.365644 0.086778 0.320000
v 0.376260 0.086778 0.318318
v 0.385838 0.086778 0.313438
v 0.393438 0.086778 0.305838
v 0.398318 0.086778 0.296260
v 0.400000 0.086778 0.285644
v 0.400000 0.086778 -0.285644
v 0.398318 0.086778 -0.296260
v 0.393438 0.086778 -0.305838
v 0.385838 0.086778 -0.313438
v 0.376260 0.086778 -0.318318
v 0.365644 0.086778 -0.320000
v -0.365644 0.086778 -0.320000
v -0.376260 0.086778 -0.318318
v -0.385838 0.086778 -0.313438
v -0.393438 0.086778 -0.305838
v -0.398318 0.086778 -0.296260
v -0.385772 0.124371 -0.275483
v -0.385772 0.124371 0.275483
v -0.384151 0.124371 0.285723
v -0.379444 0.124371 0.294959
v -0.372114 0.124371 0.302290
v -0.362877 0.124371 0.306996
v -0.352638 0.124371 0.308618
v 0.352638 0.124371 0.308618
v 0.362877 0.124371 0.306996
v 0.372114 0.124371 0.302290
v 0.379444 0.124371 0.294959
v 0.384151 0.124371 0.285723
v 0.385772 0.124371 0.275483
v 0.385772 0.124371 -0.275483
v 0.384151 0.124371 -0.285723
v 0.379444 0.124371 -0.294959
v 0.372114 0.124371 -0.302290
v 0.362877 0.124371 -0.306996
v 0.352638 0.124371 -0.308618
v -0.352638 0.124371 -0.308618
v -0.362877 0.124371 -0.306996
v -0.372114 0.124371 -0.302290
v -0.379444 0.124371 -0.294959
v -0.384151 0.124371 -0.285723
v -0.385772 1.163806 -0.275483
v -0.385772 1.163806 0.275483
v -0.384151 1.163806 0.285723
v -0.379444 1.163806 0.294959
v -0.372114 1.163806 0.302290
v -0.362877 1.163806 0.306996
v -0.352638 1.163806 0.308618
v 0.352638 1.163806 0.308618
v 0.362877 1.163806 0.306996
v 0.372114 1.163806 0.302290
v 0.379444 1.163806 0.294959
v 0.384151 1.163806 0.285723
v 0.385772 1.163806 0.275483
v 0.385772 1.163806 -0.275483
v 0.384151 1.163806 -0.285723
v 0.379444 1.163806 -0.294959
v 0.372114 1.163806 -0.302290
v 0.362877 1.163806 -0.306996
v 0.352638 1.163806 -0.308618
v -0.352638 1.163806 -0.308618
v -0.362877 1.163806 -0.306996
v -0.372114 1.163806 -0.302290
v -0.379444 1.163806 -0.294959
v -0.384151 1.163806 -0.285723
v -0.384151 1.131083 -0.285723
v -0.385772 1.131083 -0.275483
v -0.379444 1.131083 -0.294959
v -0.372114 1.131083 -0.302290
v -0.362877 1.131083 -0.306996
v -0.352638 1.131083 -0.308618
v 0.352638 1.131083 -0.308618
v 0.362877 1.131083 -0.306996
v 0.372114 1.131083 -0.302290
v 0.379444 1.131083 -0.294959
v 0.384151 1.131083 -0.285723
v 0.385772 1.131083 -0.275483
v 0.385772 1.131083 0.275483
v 0.384151 1.131083 0.285723
v 0.379444 1.131083 0.294959
v 0.372114 1.131083 0.302290
v 0.362877 1.131083 0.306996
v 0.352638 1.131083 0.308618
v -0.352638 1.131083 0.308618
v -0.362877 1.131083 0.306996
v -0.372114 1.131083 0.302290
v -0.379444 1.131083 0.294959
v -0.384151 1.131083 0.285723
v -0.385772 1.131083 0.275483
v -0.022285 0.328920 0.315817
v -0.021857 0.333268 0.315817
v -0.012381 0.347450 0.315817
v -0.008528 0.349509 0.315817
v -0.020589 0.337448 0.315817
v -0.018529 0.341301 0.315817
v 0.022285 0.328920 0.315817
v 0.021857 0.324573 0.315817
v 0.012381 0.347450 0.315817
v 0.015758 0.344678 0.315817
v -0.000000 0.351205 0.315817
v 0.004347 0.350777 0.315817
v 0.020589 0.320392 0.315817
v 0.012381 0.310391 0.315817
v 0.008528 0.308332 0.315817
v 0.015758 0.313163 0.315817
v -0.021857 0.324573 0.315817
v 0.021857 0.333268 0.315817
v -0.015758 0.313163 0.315817
v -0.018529 0.316540 0.315817
v -0.020589 0.320392 0.315817
v 0.004347 0.307064 0.315817
v -0.015758 0.344678 0.315817
v -0.004348 0.350777 0.315817
v 0.018529 0.341301 0.315817
v 0.020589 0.337449 0.315817
v -0.004348 0.307064 0.315817
v -0.008528 0.308332 0.315817
v 0.008528 0.349509 0.315817
v -0.000000 0.306635 0.315817
v 0.018529 0.316540 0.315817
v -0.012381 0.310391 0.315817
v -0.008528 0.719509 0.315817
v -0.004348 0.720777 0.315817
v -0.004348 0.677064 0.315817
v -0.008528 0.678332 0.315817
v 0.018529 0.711301 0.315817
v 0.020589 0.707449 0.315817
v -0.000000 0.721205 0.315817
v -0.012381 0.680391 0.315817
v -0.018529 0.711301 0.315817
v -0.015758 0.714678 0.315817
v 0.008528 0.678332 0.315817
v 0.004347 0.677064 0.315817
v 0.008528 0.719509 0.315817
v 0.012381 0.717450 0.315817
v -0.000000 0.676636 0.315817
v -0.012381 0.717450 0.315817
v -0.021857 0.694573 0.315817
v -0.022285 0.698920 0.315817
v 0.020589 0.690392 0.315817
v 0.018529 0.686540 0.315817
v 0.015758 0.683163 0.315817
v 0.012381 0.680391 0.315817
v -0.021857 0.703268 0.315817
v -0.020589 0.707448 0.315817
v -0.015758 0.683163 0.315817
v -0.018529 0.686540 0.315817
v -0.020589 0.690392 0.315817
v 0.021857 0.703268 0.315817
v 0.022285 0.698920 0.315817
v 0.021857 0.694573 0.315817
v 0.004347 0.720777 0.315817
v 0.015758 0.714678 0.315817
vt 0.006408 0.293161
vt 0.006408 0.296805
vt 0.005275 0.296805
vt 0.005275 0.293161
vt 0.525983 0.760549
vt 0.307339 0.760554
vt 0.307339 0.759421
vt 0.525983 0.759418
vt 0.307339 0.758288
vt 0.525983 0.758286
vt 0.307340 0.757155
vt 0.525983 0.757155
vt 0.455082 0.525994
vt 0.455060 0.307350
vt 0.456193 0.307350
vt 0.456214 0.525993
vt 0.457325 0.307349
vt 0.457345 0.525993
vt 0.458458 0.307349
vt 0.458476 0.525993
vt 0.200696 0.223918
vt 0.200690 0.005272
vt 0.201822 0.005272
vt 0.201827 0.223918
vt 0.202955 0.005272
vt 0.202959 0.223918
vt 0.204088 0.005272
vt 0.204090 0.223918
vt 0.595220 0.609435
vt 0.598864 0.609435
vt 0.598865 0.757155
vt 0.595220 0.757155
vt 0.007541 0.293161
vt 0.007541 0.296805
vt 0.008673 0.293161
vt 0.008674 0.296805
vt 0.293151 0.307349
vt 0.296795 0.307349
vt 0.296795 0.499372
vt 0.293151 0.499372
vt 0.455090 0.595231
vt 0.455090 0.598875
vt 0.307370 0.598891
vt 0.307370 0.595246
vt 0.008671 0.223923
vt 0.008665 0.005278
vt 0.355185 0.248143
vt 0.355673 0.246017
vt 0.357713 0.246047
vt 0.357671 0.248286
vt 0.770968 0.249646
vt 0.771311 0.246860
vt 0.774165 0.247211
vt 0.773924 0.250163
vt 0.802106 0.312741
vt 0.802107 0.486425
vt 0.752216 0.399583
vt 0.448243 0.238929
vt 0.447153 0.242015
vt 0.444233 0.242353
vt 0.444658 0.239361
vt 0.352799 0.248152
vt 0.218092 0.247989
vt 0.217205 0.246048
vt 0.353585 0.246141
vt 0.359846 0.246241
vt 0.360264 0.248540
vt 0.438435 0.249077
vt 0.439008 0.246564
vt 0.668519 0.242093
vt 0.667384 0.238959
vt 0.441383 0.239738
vt 0.441582 0.242496
vt 0.439011 0.242423
vt 0.438442 0.239910
vt 0.768586 0.242533
vt 0.767962 0.239825
vt 0.770975 0.239806
vt 0.771314 0.242592
vt 0.767955 0.249622
vt 0.677769 0.249759
vt 0.677172 0.246943
vt 0.768583 0.246915
vt 0.215875 0.248151
vt 0.214986 0.246139
vt 0.671046 0.239291
vt 0.671559 0.242402
vt 0.667377 0.250344
vt 0.668515 0.247211
vt 0.671556 0.246907
vt 0.671039 0.250017
vt 0.674510 0.249790
vt 0.674376 0.246811
vt 0.448236 0.250071
vt 0.447150 0.246984
vt 0.359849 0.242632
vt 0.360269 0.240334
vt 0.674379 0.242502
vt 0.674517 0.239523
vt 0.677776 0.239558
vt 0.677175 0.242373
vt 0.214988 0.242535
vt 0.215881 0.240524
vt 0.218097 0.240689
vt 0.217207 0.242629
vt 0.773931 0.239293
vt 0.774168 0.242245
vt 0.441579 0.246495
vt 0.441377 0.249253
vt 0.444230 0.246642
vt 0.444651 0.249634
vt 0.357715 0.242824
vt 0.357677 0.240584
vt 0.355675 0.242851
vt 0.355190 0.240725
vt 0.353588 0.242724
vt 0.352804 0.240712
vt 0.439196 0.244494
vt 0.359696 0.244437
vt 0.676973 0.244658
vt 0.674345 0.244656
vt 0.671742 0.244655
vt 0.668923 0.244653
vt 0.216863 0.244338
vt 0.214642 0.244337
vt 0.774241 0.244728
vt 0.771419 0.244726
vt 0.768812 0.244724
vt 0.441624 0.244496
vt 0.444069 0.244497
vt 0.446761 0.244499
vt 0.357714 0.244435
vt 0.355828 0.244434
vt 0.353865 0.244433
vt 0.801384 0.489121
vt 0.705022 0.308072
vt 0.707717 0.307349
vt 0.796715 0.491816
vt 0.707717 0.491816
vt 0.799411 0.308072
vt 0.801384 0.310045
vt 0.796715 0.307349
vt 0.702326 0.486425
vt 0.702326 0.312741
vt 0.703049 0.310045
vt 0.703049 0.489121
vt 0.799411 0.491094
vt 0.705022 0.491094
vt 0.471729 0.595151
vt 0.469755 0.593177
vt 0.561267 0.545983
vt 0.469033 0.501484
vt 0.469755 0.498788
vt 0.648109 0.595873
vt 0.474424 0.595873
vt 0.346027 0.264227
vt 0.348000 0.264353
vt 0.348140 0.265850
vt 0.346284 0.265843
vt 0.349929 0.264333
vt 0.349923 0.265857
vt 0.349918 0.267380
vt 0.347989 0.267347
vt 0.471729 0.496815
vt 0.474424 0.496093
vt 0.652778 0.593178
vt 0.650805 0.595151
vt 0.648109 0.496093
vt 0.650805 0.496815
vt 0.653687 0.266969
vt 0.763465 0.267373
vt 0.763178 0.269991
vt 0.653899 0.269531
vt 0.217072 0.263754
vt 0.216742 0.265369
vt 0.653500 0.501484
vt 0.653500 0.590482
vt 0.469033 0.590482
vt 0.351947 0.264158
vt 0.351797 0.265863
vt 0.434125 0.266167
vt 0.431577 0.266157
vt 0.431738 0.264127
vt 0.434504 0.263812
vt 0.351935 0.267570
vt 0.429264 0.266149
vt 0.429229 0.264257
vt 0.431723 0.268189
vt 0.429216 0.268041
vt 0.434486 0.268523
vt 0.426785 0.268097
vt 0.426970 0.266140
vt 0.766580 0.267385
vt 0.766442 0.269937
vt 0.426799 0.264182
vt 0.769956 0.267397
vt 0.769855 0.270369
vt 0.766460 0.264831
vt 0.769877 0.264424
vt 0.763197 0.264753
vt 0.345291 0.262322
vt 0.347548 0.262341
vt 0.653918 0.264409
vt 0.346015 0.267458
vt 0.217061 0.266987
vt 0.214974 0.263659
vt 0.214642 0.265362
vt 0.645166 0.266938
vt 0.648074 0.266949
vt 0.647850 0.269285
vt 0.644743 0.269502
vt 0.214962 0.267067
vt 0.650830 0.266959
vt 0.650834 0.269288
vt 0.647867 0.264612
vt 0.650851 0.264630
vt 0.644761 0.264372
vt 0.345266 0.269357
vt 0.347522 0.269355
vt 0.762410 0.273225
vt 0.766018 0.273270
vt 0.217919 0.261922
vt 0.349899 0.262215
vt 0.435505 0.271455
vt 0.432110 0.271024
vt 0.432145 0.261295
vt 0.429047 0.261648
vt 0.429014 0.270648
vt 0.352351 0.261986
vt 0.654554 0.261181
vt 0.762453 0.261514
vt 0.766061 0.261495
vt 0.769601 0.260888
vt 0.426235 0.270471
vt 0.647182 0.272450
vt 0.650833 0.272523
vt 0.647222 0.261441
vt 0.650873 0.261395
vt 0.215824 0.261760
vt 0.426267 0.261805
vt 0.643565 0.272558
vt 0.643606 0.261307
vt 0.654512 0.272764
vt 0.215797 0.268972
vt 0.217894 0.268825
vt 0.435543 0.260888
vt 0.352323 0.269745
vt 0.349872 0.269498
vt 0.769553 0.273903
vt 0.652778 0.498789
vt 0.793154 0.730824
vt 0.793876 0.733519
vt 0.701643 0.778018
vt 0.614800 0.827908
vt 0.612105 0.827186
vt 0.793154 0.825213
vt 0.791181 0.827186
vt 0.614800 0.728128
vt 0.788485 0.728128
vt 0.791181 0.728850
vt 0.788485 0.827908
vt 0.610132 0.825213
vt 0.793876 0.822517
vt 0.612105 0.728850
vt 0.609409 0.822517
vt 0.609409 0.733519
vt 0.610132 0.730824
vt 0.189017 0.707927
vt 0.189739 0.710623
vt 0.097506 0.755122
vt 0.010663 0.805012
vt 0.007968 0.804289
vt 0.189017 0.802316
vt 0.187044 0.804289
vt 0.010663 0.705231
vt 0.184348 0.705231
vt 0.187044 0.705954
vt 0.184348 0.805012
vt 0.005994 0.802316
vt 0.189739 0.799621
vt 0.007968 0.705954
vt 0.005272 0.799621
vt 0.005272 0.710623
vt 0.005994 0.707927
vt 0.768477 0.005272
vt 0.768477 0.191917
vt 0.660328 0.191917
vt 0.660328 0.005272
vt 0.307362 0.526009
vt 0.307339 0.307365
vt 0.005272 0.307349
vt 0.223914 0.307349
vt 0.223914 0.499372
vt 0.005272 0.499372
vt 0.007538 0.223923
vt 0.007535 0.005278
vt 0.006405 0.223923
vt 0.006405 0.005278
vt 0.307339 0.609435
vt 0.525983 0.609435
vt 0.202964 0.293155
vt 0.204097 0.293155
vt 0.201831 0.293155
vt 0.200698 0.293155
vt 0.457356 0.595230
vt 0.458488 0.595230
vt 0.456223 0.595230
vt 0.595220 0.758288
vt 0.595220 0.759421
vt 0.595220 0.760554
vt 0.005272 0.223923
vt 0.005275 0.005278
vt 0.598865 0.760554
vt 0.598865 0.759421
vt 0.598865 0.758288
vt 0.456223 0.598875
vt 0.457356 0.598875
vt 0.458489 0.598875
vt 0.200699 0.296799
vt 0.201831 0.296799
vt 0.202964 0.296799
vt 0.204097 0.296799
vt 0.198010 0.290466
vt 0.198008 0.226606
vt 0.011360 0.226612
vt 0.011362 0.290472
vt 0.493984 0.834958
vt 0.307339 0.834958
vt 0.307339 0.771099
vt 0.493984 0.771099
vt 0.609409 0.609435
vt 0.796054 0.609435
vt 0.796054 0.717584
vt 0.609409 0.717584
vt 0.664044 0.595873
vt 0.664044 0.532014
vt 0.772193 0.532014
vt 0.772193 0.595873
vt 0.005272 0.879415
vt 0.005272 0.815556
vt 0.113421 0.815556
vt 0.113421 0.879415
vt 0.275235 0.731873
vt 0.273268 0.735761
vt 0.270589 0.734459
vt 0.271913 0.730724
vt 0.254966 0.642322
vt 0.255341 0.639479
vt 0.257005 0.639925
vt 0.255908 0.642574
vt 0.276316 0.715172
vt 0.277084 0.719390
vt 0.273254 0.719664
vt 0.272855 0.715869
vt 0.276543 0.727817
vt 0.272788 0.727052
vt 0.254479 0.646023
vt 0.253992 0.642322
vt 0.274909 0.711049
vt 0.272042 0.711940
vt 0.277164 0.723631
vt 0.273232 0.723378
vt 0.270816 0.739316
vt 0.268875 0.738261
vt 0.268663 0.708726
vt 0.269209 0.712451
vt 0.266405 0.712698
vt 0.266198 0.708934
vt 0.269633 0.716237
vt 0.269398 0.726526
vt 0.269731 0.723160
vt 0.266706 0.737525
vt 0.267892 0.733587
vt 0.253617 0.639479
vt 0.269808 0.719763
vt 0.268794 0.729960
vt 0.273256 0.707492
vt 0.271032 0.708269
vt 0.266598 0.719759
vt 0.266565 0.716394
vt 0.265811 0.729444
vt 0.266234 0.726152
vt 0.256752 0.643062
vt 0.266490 0.722968
vt 0.264416 0.737042
vt 0.265197 0.733014
vt 0.258497 0.640786
vt 0.263609 0.712755
vt 0.263656 0.708944
vt 0.259716 0.642005
vt 0.257441 0.643751
vt 0.263402 0.722797
vt 0.263526 0.719691
vt 0.262508 0.732629
vt 0.262908 0.729098
vt 0.260798 0.712672
vt 0.261038 0.708795
vt 0.263586 0.716411
vt 0.263201 0.725883
vt 0.262044 0.736723
vt 0.260646 0.716331
vt 0.260236 0.725693
vt 0.260393 0.722647
vt 0.259573 0.736630
vt 0.259808 0.732440
vt 0.260578 0.643497
vt 0.257928 0.644595
vt 0.260523 0.719582
vt 0.260041 0.728886
vt 0.257948 0.712484
vt 0.258337 0.708512
vt 0.255034 0.712218
vt 0.255533 0.708119
vt 0.257541 0.719448
vt 0.257704 0.716185
vt 0.257170 0.728773
vt 0.257289 0.725564
vt 0.258180 0.645536
vt 0.257410 0.722514
vt 0.257016 0.736685
vt 0.257062 0.732378
vt 0.261024 0.645162
vt 0.254362 0.736869
vt 0.254252 0.732421
vt 0.261024 0.646885
vt 0.258180 0.646510
vt 0.254418 0.722400
vt 0.254544 0.719301
vt 0.254265 0.728738
vt 0.252035 0.711901
vt 0.252601 0.707635
vt 0.254729 0.715994
vt 0.254327 0.725482
vt 0.257928 0.647452
vt 0.251699 0.715776
vt 0.251325 0.725438
vt 0.251390 0.722302
vt 0.251593 0.737167
vt 0.251361 0.732548
vt 0.260578 0.648549
vt 0.251506 0.719150
vt 0.251306 0.728761
vt 0.248926 0.711510
vt 0.249534 0.707015
vt 0.248368 0.732742
vt 0.248277 0.728825
vt 0.245657 0.711137
vt 0.246256 0.706408
vt 0.248410 0.719005
vt 0.248595 0.715548
vt 0.248267 0.725422
vt 0.257441 0.648296
vt 0.248310 0.722223
vt 0.248687 0.737563
vt 0.259716 0.650042
vt 0.245593 0.737953
vt 0.245258 0.732910
vt 0.258497 0.651260
vt 0.256752 0.648985
vt 0.245173 0.722163
vt 0.245249 0.718877
vt 0.245172 0.728902
vt 0.242259 0.710827
vt 0.242720 0.705788
vt 0.245405 0.715325
vt 0.245150 0.725425
vt 0.242006 0.728984
vt 0.241979 0.725440
vt 0.255908 0.649472
vt 0.242123 0.715158
vt 0.241986 0.722126
vt 0.242280 0.738479
vt 0.242071 0.733122
vt 0.257005 0.652121
vt 0.242027 0.718787
vt 0.238732 0.710678
vt 0.238836 0.705231
vt 0.238770 0.733253
vt 0.238782 0.729025
vt 0.235243 0.710837
vt 0.234946 0.705779
vt 0.238765 0.718755
vt 0.238778 0.715089
vt 0.238772 0.725449
vt 0.254966 0.649724
vt 0.238767 0.722116
vt 0.238666 0.738990
vt 0.255341 0.652567
vt 0.235562 0.725452
vt 0.235545 0.722133
vt 0.235056 0.738505
vt 0.235427 0.733166
vt 0.253618 0.652567
vt 0.253992 0.649724
vt 0.235503 0.718790
vt 0.235542 0.729007
vt 0.231876 0.711164
vt 0.231404 0.706404
vt 0.235428 0.715152
vt 0.232350 0.728943
vt 0.232377 0.725448
vt 0.253051 0.649472
vt 0.232153 0.715331
vt 0.232352 0.722174
vt 0.231747 0.738014
vt 0.232195 0.732978
vt 0.251953 0.652121
vt 0.232280 0.718883
vt 0.228645 0.711516
vt 0.228119 0.707027
vt 0.229207 0.722232
vt 0.229113 0.719005
vt 0.229080 0.732773
vt 0.229229 0.728860
vt 0.225520 0.711827
vt 0.225019 0.707533
vt 0.228956 0.715532
vt 0.229245 0.725442
vt 0.252207 0.648985
vt 0.228662 0.737569
vt 0.250461 0.651260
vt 0.226176 0.725452
vt 0.226117 0.722307
vt 0.225754 0.737206
vt 0.226071 0.732602
vt 0.249242 0.650042
vt 0.251518 0.648296
vt 0.226008 0.719143
vt 0.226176 0.728793
vt 0.222514 0.712169
vt 0.222090 0.708035
vt 0.225827 0.715746
vt 0.222959 0.719290
vt 0.222778 0.715970
vt 0.223207 0.728750
vt 0.223164 0.725490
vt 0.251030 0.647452
vt 0.223079 0.722399
vt 0.222995 0.736866
vt 0.223181 0.732431
vt 0.248380 0.648549
vt 0.219595 0.712448
vt 0.219281 0.708442
vt 0.220077 0.722510
vt 0.219951 0.719434
vt 0.220355 0.732410
vt 0.220294 0.728789
vt 0.216735 0.712647
vt 0.216570 0.708736
vt 0.219798 0.716164
vt 0.220192 0.725569
vt 0.250778 0.646510
vt 0.220342 0.736718
vt 0.247934 0.646885
vt 0.216858 0.716316
vt 0.217236 0.725693
vt 0.217086 0.722638
vt 0.217791 0.736639
vt 0.217604 0.732454
vt 0.247934 0.645161
vt 0.250778 0.645536
vt 0.216963 0.719567
vt 0.217412 0.728897
vt 0.213917 0.712722
vt 0.213941 0.708891
vt 0.213954 0.719670
vt 0.213912 0.716383
vt 0.214535 0.729108
vt 0.214262 0.725877
vt 0.251030 0.644595
vt 0.214069 0.722782
vt 0.215330 0.736770
vt 0.214891 0.732667
vt 0.248381 0.643497
vt 0.211115 0.712672
vt 0.211381 0.708887
vt 0.249242 0.642005
vt 0.251518 0.643751
vt 0.210974 0.722944
vt 0.210876 0.719732
vt 0.212207 0.733008
vt 0.211625 0.729444
vt 0.208297 0.712429
vt 0.208893 0.708684
vt 0.210925 0.716369
vt 0.211221 0.726136
vt 0.212946 0.737023
vt 0.207853 0.716214
vt 0.208048 0.726500
vt 0.207727 0.723125
vt 0.210672 0.737523
vt 0.209524 0.733585
vt 0.250461 0.640786
vt 0.252207 0.643062
vt 0.207663 0.719729
vt 0.208637 0.729950
vt 0.205457 0.711912
vt 0.206497 0.708226
vt 0.202568 0.711019
vt 0.204232 0.707442
vt 0.204213 0.719618
vt 0.204629 0.715836
vt 0.205522 0.730715
vt 0.204654 0.727018
vt 0.253051 0.642574
vt 0.204221 0.723331
vt 0.208533 0.738270
vt 0.206838 0.734465
vt 0.251953 0.639925
vt 0.206590 0.739316
vt 0.204154 0.735756
vt 0.200283 0.723570
vt 0.200376 0.719332
vt 0.202196 0.731859
vt 0.201155 0.715130
vt 0.200893 0.727772
vt 0.255389 0.639111
vt 0.257147 0.639582
vt 0.255444 0.638695
vt 0.257307 0.639195
vt 0.255492 0.638326
vt 0.257450 0.638850
vt 0.258723 0.640492
vt 0.258978 0.640159
vt 0.259205 0.639863
vt 0.260010 0.641779
vt 0.260343 0.641523
vt 0.260639 0.641296
vt 0.260921 0.643355
vt 0.261308 0.643194
vt 0.261653 0.643052
vt 0.262178 0.645010
vt 0.261808 0.645058
vt 0.261392 0.645113
vt 0.261392 0.646933
vt 0.261807 0.646988
vt 0.262177 0.647037
vt 0.260920 0.648691
vt 0.261308 0.648852
vt 0.261652 0.648995
vt 0.260639 0.650750
vt 0.260343 0.650523
vt 0.260010 0.650268
vt 0.258723 0.651554
vt 0.258978 0.651887
vt 0.259205 0.652183
vt 0.257147 0.652464
vt 0.257307 0.652852
vt 0.257450 0.653196
vt 0.255492 0.653721
vt 0.255444 0.653351
vt 0.255389 0.652935
vt 0.253569 0.652935
vt 0.253515 0.653351
vt 0.253466 0.653721
vt 0.251811 0.652464
vt 0.251651 0.652852
vt 0.251508 0.653196
vt 0.249753 0.652183
vt 0.249980 0.651887
vt 0.250235 0.651554
vt 0.248948 0.650268
vt 0.248615 0.650523
vt 0.248319 0.650750
vt 0.248038 0.648691
vt 0.247650 0.648852
vt 0.247305 0.648995
vt 0.246780 0.647037
vt 0.247150 0.646988
vt 0.247566 0.646933
vt 0.247566 0.645113
vt 0.247151 0.645058
vt 0.246781 0.645009
vt 0.248038 0.643355
vt 0.247651 0.643194
vt 0.247306 0.643051
vt 0.248948 0.641779
vt 0.248615 0.641523
vt 0.248320 0.641296
vt 0.250235 0.640492
vt 0.249980 0.640159
vt 0.249753 0.639863
vt 0.251508 0.638850
vt 0.251651 0.639195
vt 0.251811 0.639582
vt 0.253569 0.639111
vt 0.253514 0.638695
vt 0.253466 0.638326
vt 0.506458 0.797740
vt 0.509779 0.796591
vt 0.511103 0.800326
vt 0.508425 0.801628
vt 0.253992 0.616383
vt 0.253051 0.616635
vt 0.251953 0.613985
vt 0.253618 0.613540
vt 0.505377 0.781039
vt 0.508837 0.781736
vt 0.508438 0.785531
vt 0.504608 0.785257
vt 0.505149 0.793684
vt 0.508905 0.792919
vt 0.254479 0.620084
vt 0.254967 0.616383
vt 0.506784 0.776917
vt 0.509651 0.777807
vt 0.504529 0.789498
vt 0.508460 0.789245
vt 0.512818 0.804129
vt 0.510877 0.805183
vt 0.513029 0.774593
vt 0.515494 0.774801
vt 0.515288 0.778565
vt 0.512483 0.778319
vt 0.512059 0.782104
vt 0.511961 0.789027
vt 0.512294 0.792393
vt 0.513801 0.799455
vt 0.514986 0.803392
vt 0.255341 0.613540
vt 0.511884 0.785631
vt 0.512899 0.795827
vt 0.508436 0.773359
vt 0.510661 0.774136
vt 0.515127 0.782261
vt 0.515094 0.785626
vt 0.515459 0.792019
vt 0.515881 0.795311
vt 0.252207 0.617122
vt 0.515202 0.788835
vt 0.516495 0.798881
vt 0.517276 0.802909
vt 0.250461 0.614847
vt 0.518036 0.774811
vt 0.518084 0.778622
vt 0.251518 0.617811
vt 0.249242 0.616065
vt 0.518166 0.785558
vt 0.518290 0.788664
vt 0.518784 0.794965
vt 0.519184 0.798496
vt 0.520654 0.774662
vt 0.520895 0.778539
vt 0.518106 0.782278
vt 0.518491 0.791750
vt 0.519648 0.802590
vt 0.521047 0.782198
vt 0.521300 0.788514
vt 0.521457 0.791560
vt 0.521884 0.798307
vt 0.522119 0.802498
vt 0.251030 0.618655
vt 0.248381 0.617557
vt 0.521169 0.785449
vt 0.521651 0.794753
vt 0.523355 0.774379
vt 0.523745 0.778351
vt 0.526159 0.773986
vt 0.526658 0.778085
vt 0.523989 0.782052
vt 0.524151 0.785316
vt 0.524403 0.791431
vt 0.524522 0.794640
vt 0.250778 0.619596
vt 0.524282 0.788382
vt 0.524631 0.798245
vt 0.524676 0.802552
vt 0.247934 0.619222
vt 0.527440 0.798288
vt 0.527330 0.802736
vt 0.250778 0.620571
vt 0.247935 0.620945
vt 0.527148 0.785168
vt 0.527275 0.788267
vt 0.527427 0.794605
vt 0.529091 0.773502
vt 0.529657 0.777768
vt 0.526963 0.781861
vt 0.527366 0.791349
vt 0.251030 0.621512
vt 0.529993 0.781643
vt 0.530303 0.788170
vt 0.530368 0.791305
vt 0.530331 0.798416
vt 0.530099 0.803034
vt 0.248381 0.622610
vt 0.530187 0.785017
vt 0.530386 0.794628
vt 0.532159 0.772882
vt 0.532766 0.777377
vt 0.533415 0.794692
vt 0.533324 0.798609
vt 0.535436 0.772275
vt 0.536035 0.777004
vt 0.533097 0.781415
vt 0.533282 0.784872
vt 0.533425 0.791289
vt 0.251518 0.622356
vt 0.533382 0.788090
vt 0.533005 0.803430
vt 0.249243 0.624102
vt 0.536434 0.798777
vt 0.536100 0.803820
vt 0.252207 0.623045
vt 0.250461 0.625321
vt 0.536443 0.784744
vt 0.536519 0.788030
vt 0.536521 0.794769
vt 0.538972 0.771655
vt 0.539434 0.776694
vt 0.536287 0.781192
vt 0.536543 0.791292
vt 0.539714 0.791307
vt 0.539687 0.794851
vt 0.253051 0.623533
vt 0.539569 0.781025
vt 0.539706 0.787993
vt 0.539621 0.798989
vt 0.539412 0.804346
vt 0.251953 0.626182
vt 0.539666 0.784654
vt 0.542856 0.771099
vt 0.542961 0.776545
vt 0.542910 0.794892
vt 0.542922 0.799120
vt 0.546746 0.771646
vt 0.546449 0.776704
vt 0.542914 0.780956
vt 0.542927 0.784622
vt 0.542920 0.791316
vt 0.253992 0.623785
vt 0.542926 0.787983
vt 0.543027 0.804857
vt 0.253618 0.626628
vt 0.546147 0.788000
vt 0.546130 0.791319
vt 0.546265 0.799033
vt 0.546637 0.804372
vt 0.254966 0.623785
vt 0.255341 0.626628
vt 0.546189 0.784657
vt 0.546151 0.794874
vt 0.550288 0.772271
vt 0.549817 0.777031
vt 0.546264 0.781019
vt 0.549315 0.791315
vt 0.549342 0.794810
vt 0.255908 0.623533
vt 0.549539 0.781198
vt 0.549340 0.788041
vt 0.549497 0.798845
vt 0.549946 0.803881
vt 0.257005 0.626182
vt 0.549412 0.784750
vt 0.553573 0.772894
vt 0.553047 0.777383
vt 0.552579 0.784872
vt 0.552485 0.788099
vt 0.552463 0.794727
vt 0.552612 0.798641
vt 0.556673 0.773400
vt 0.556172 0.777694
vt 0.552736 0.781399
vt 0.552447 0.791309
vt 0.256752 0.623045
vt 0.553030 0.803436
vt 0.258497 0.625321
vt 0.555575 0.788174
vt 0.555516 0.791320
vt 0.555622 0.798469
vt 0.555939 0.803073
vt 0.257441 0.622356
vt 0.259716 0.624102
vt 0.555684 0.785010
vt 0.555517 0.794660
vt 0.559603 0.773902
vt 0.559178 0.778036
vt 0.555865 0.781613
vt 0.558914 0.781837
vt 0.558733 0.785157
vt 0.558528 0.791357
vt 0.558486 0.794617
vt 0.257928 0.621512
vt 0.558613 0.788266
vt 0.558511 0.798298
vt 0.558698 0.802733
vt 0.260578 0.622610
vt 0.562411 0.774309
vt 0.562098 0.778315
vt 0.561741 0.785301
vt 0.561615 0.788377
vt 0.561399 0.794656
vt 0.561338 0.798277
vt 0.565123 0.774603
vt 0.564958 0.778514
vt 0.561894 0.782031
vt 0.561500 0.791436
vt 0.258180 0.620571
vt 0.561351 0.802585
vt 0.261024 0.620945
vt 0.564834 0.782183
vt 0.564606 0.788505
vt 0.564456 0.791560
vt 0.564089 0.798321
vt 0.563901 0.802506
vt 0.258180 0.619597
vt 0.261024 0.619222
vt 0.564730 0.785434
vt 0.564280 0.794764
vt 0.567752 0.774758
vt 0.567775 0.778589
vt 0.567780 0.782250
vt 0.567738 0.785537
vt 0.567431 0.791744
vt 0.567157 0.794975
vt 0.257928 0.618655
vt 0.567623 0.788649
vt 0.566801 0.798534
vt 0.566363 0.802637
vt 0.260578 0.617558
vt 0.570312 0.774754
vt 0.570577 0.778539
vt 0.257441 0.617811
vt 0.259716 0.616065
vt 0.570816 0.785599
vt 0.570718 0.788811
vt 0.570068 0.795311
vt 0.569485 0.798875
vt 0.572799 0.774551
vt 0.573396 0.778296
vt 0.570767 0.782236
vt 0.570472 0.792003
vt 0.568747 0.802890
vt 0.573839 0.782081
vt 0.573965 0.788992
vt 0.573644 0.792367
vt 0.572168 0.799452
vt 0.571020 0.803390
vt 0.256752 0.617122
vt 0.258497 0.614847
vt 0.574030 0.785596
vt 0.573055 0.795817
vt 0.575195 0.774093
vt 0.576235 0.777779
vt 0.577460 0.773309
vt 0.579124 0.776886
vt 0.577063 0.781703
vt 0.577479 0.785485
vt 0.577038 0.792885
vt 0.576171 0.796583
vt 0.255908 0.616635
vt 0.577471 0.789198
vt 0.574855 0.800332
vt 0.573159 0.804137
vt 0.257005 0.613986
vt 0.577538 0.801623
vt 0.575102 0.805183
vt 0.581316 0.785199
vt 0.581409 0.789437
vt 0.579496 0.797726
vt 0.580537 0.780997
vt 0.580799 0.793639
vt 0.251811 0.613643
vt 0.253569 0.613172
vt 0.251651 0.613255
vt 0.253515 0.612756
vt 0.251508 0.612911
vt 0.253466 0.612386
vt 0.250235 0.614552
vt 0.249980 0.614220
vt 0.249753 0.613924
vt 0.248948 0.615839
vt 0.248615 0.615584
vt 0.248319 0.615357
vt 0.248038 0.617415
vt 0.247650 0.617255
vt 0.247306 0.617112
vt 0.247150 0.619119
vt 0.246780 0.619070
vt 0.247566 0.619174
vt 0.247567 0.620994
vt 0.247151 0.621049
vt 0.246781 0.621098
vt 0.248038 0.622752
vt 0.247651 0.622913
vt 0.247306 0.623055
vt 0.248616 0.624583
vt 0.248320 0.624811
vt 0.248948 0.624328
vt 0.250235 0.625615
vt 0.249980 0.625948
vt 0.249753 0.626244
vt 0.251811 0.626525
vt 0.251651 0.626912
vt 0.251508 0.627257
vt 0.253514 0.627411
vt 0.253466 0.627781
vt 0.253569 0.626996
vt 0.255389 0.626996
vt 0.255444 0.627412
vt 0.255493 0.627781
vt 0.257147 0.626525
vt 0.257308 0.626912
vt 0.257450 0.627257
vt 0.258979 0.625948
vt 0.259206 0.626244
vt 0.258723 0.625615
vt 0.260010 0.624328
vt 0.260343 0.624584
vt 0.260639 0.624811
vt 0.260921 0.622752
vt 0.261308 0.622913
vt 0.261653 0.623055
vt 0.261808 0.621049
vt 0.262178 0.621097
vt 0.261392 0.620994
vt 0.261392 0.619174
vt 0.261808 0.619119
vt 0.262178 0.619070
vt 0.260920 0.617415
vt 0.261308 0.617255
vt 0.261652 0.617112
vt 0.260010 0.615839
vt 0.260343 0.615584
vt 0.260639 0.615357
vt 0.258723 0.614553
vt 0.258978 0.614220
vt 0.259205 0.613924
vt 0.257308 0.613255
vt 0.257450 0.612911
vt 0.257147 0.613643
vt 0.255389 0.613172
vt 0.255444 0.612756
vt 0.255493 0.612386
vt 0.202213 0.776502
vt 0.205534 0.775353
vt 0.206858 0.779088
vt 0.204180 0.780389
vt 0.281849 0.642574
vt 0.280907 0.642322
vt 0.281282 0.639479
vt 0.282946 0.639925
vt 0.201131 0.759801
vt 0.204592 0.760498
vt 0.204193 0.764293
vt 0.200363 0.764019
vt 0.200904 0.772446
vt 0.204660 0.771681
vt 0.280420 0.646023
vt 0.282693 0.643062
vt 0.202538 0.755678
vt 0.205406 0.756569
vt 0.200283 0.768260
vt 0.204215 0.768007
vt 0.208573 0.782890
vt 0.206631 0.783945
vt 0.208784 0.753355
vt 0.211249 0.753563
vt 0.211042 0.757327
vt 0.208238 0.757080
vt 0.207814 0.760866
vt 0.207716 0.767789
vt 0.208049 0.771155
vt 0.209556 0.778216
vt 0.210741 0.782154
vt 0.284438 0.640787
vt 0.207639 0.764392
vt 0.208653 0.774588
vt 0.204191 0.752121
vt 0.206415 0.752898
vt 0.210882 0.761023
vt 0.210849 0.764388
vt 0.211214 0.770781
vt 0.211636 0.774073
vt 0.279933 0.642322
vt 0.210957 0.767596
vt 0.212250 0.777643
vt 0.213031 0.781671
vt 0.279559 0.639479
vt 0.213791 0.753573
vt 0.213839 0.757384
vt 0.278992 0.642574
vt 0.277894 0.639925
vt 0.213921 0.764320
vt 0.214045 0.767426
vt 0.214539 0.773727
vt 0.214939 0.777258
vt 0.216409 0.753424
vt 0.216649 0.757301
vt 0.213861 0.761039
vt 0.214246 0.770512
vt 0.215403 0.781352
vt 0.216801 0.760960
vt 0.217054 0.767276
vt 0.217212 0.770322
vt 0.217639 0.777068
vt 0.217874 0.781259
vt 0.278148 0.643062
vt 0.276402 0.640786
vt 0.216924 0.764211
vt 0.217406 0.773515
vt 0.219110 0.753141
vt 0.219499 0.757112
vt 0.221914 0.752748
vt 0.222413 0.756846
vt 0.219743 0.760814
vt 0.219906 0.764077
vt 0.220158 0.770192
vt 0.220277 0.773402
vt 0.277459 0.643751
vt 0.220037 0.767143
vt 0.220386 0.777007
vt 0.220431 0.781314
vt 0.275183 0.642005
vt 0.223195 0.777050
vt 0.223085 0.781497
vt 0.276971 0.644595
vt 0.274321 0.643497
vt 0.222903 0.763930
vt 0.223029 0.767029
vt 0.223182 0.773367
vt 0.224846 0.752264
vt 0.225412 0.756530
vt 0.222718 0.760623
vt 0.223121 0.770111
vt 0.276719 0.645536
vt 0.225748 0.760404
vt 0.226057 0.766931
vt 0.226123 0.770067
vt 0.226086 0.777177
vt 0.225854 0.781796
vt 0.273876 0.645162
vt 0.225941 0.763779
vt 0.226141 0.773390
vt 0.227913 0.751644
vt 0.228521 0.756139
vt 0.229170 0.773454
vt 0.229079 0.777371
vt 0.231191 0.751037
vt 0.231790 0.755766
vt 0.228852 0.760177
vt 0.229037 0.763633
vt 0.229180 0.770051
vt 0.276719 0.646511
vt 0.229137 0.766852
vt 0.228760 0.782192
vt 0.273876 0.646885
vt 0.232189 0.777538
vt 0.231854 0.782581
vt 0.276971 0.647452
vt 0.274322 0.648550
vt 0.232198 0.763506
vt 0.232274 0.766791
vt 0.232276 0.773530
vt 0.234726 0.750417
vt 0.235188 0.755456
vt 0.232042 0.759954
vt 0.232297 0.770054
vt 0.235468 0.770069
vt 0.235442 0.773613
vt 0.277459 0.648296
vt 0.235324 0.759787
vt 0.235461 0.766755
vt 0.235376 0.777751
vt 0.235167 0.783108
vt 0.275184 0.650042
vt 0.235420 0.763416
vt 0.238611 0.749860
vt 0.238715 0.755307
vt 0.238665 0.773654
vt 0.238677 0.777882
vt 0.242501 0.750408
vt 0.242204 0.755466
vt 0.238669 0.759718
vt 0.238682 0.763384
vt 0.238675 0.770078
vt 0.278148 0.648985
vt 0.238680 0.766744
vt 0.238781 0.783619
vt 0.276402 0.651260
vt 0.241902 0.766762
vt 0.241885 0.770081
vt 0.242020 0.777794
vt 0.242391 0.783133
vt 0.278992 0.649472
vt 0.277894 0.652122
vt 0.241944 0.763419
vt 0.241905 0.773636
vt 0.246043 0.751033
vt 0.245571 0.755793
vt 0.242019 0.759781
vt 0.245070 0.770077
vt 0.245097 0.773572
vt 0.279933 0.649724
vt 0.245294 0.759960
vt 0.245095 0.766803
vt 0.245252 0.777607
vt 0.245701 0.782642
vt 0.279559 0.652568
vt 0.245167 0.763512
vt 0.249328 0.751656
vt 0.248802 0.756145
vt 0.248334 0.763634
vt 0.248240 0.766861
vt 0.248218 0.773489
vt 0.248367 0.777402
vt 0.252428 0.752162
vt 0.251927 0.756456
vt 0.248491 0.760161
vt 0.248202 0.770071
vt 0.280908 0.649724
vt 0.248785 0.782198
vt 0.281282 0.652568
vt 0.251330 0.766936
vt 0.251271 0.770081
vt 0.251376 0.777231
vt 0.251694 0.781834
vt 0.281849 0.649472
vt 0.282946 0.652122
vt 0.251439 0.763772
vt 0.251271 0.773422
vt 0.255357 0.752664
vt 0.254933 0.756797
vt 0.251620 0.760375
vt 0.254669 0.760599
vt 0.254488 0.763919
vt 0.254283 0.770119
vt 0.254240 0.773379
vt 0.282693 0.648985
vt 0.254368 0.767028
vt 0.254266 0.777060
vt 0.254453 0.781495
vt 0.284439 0.651260
vt 0.258166 0.753071
vt 0.257853 0.757077
vt 0.257496 0.764063
vt 0.257370 0.767139
vt 0.257154 0.773418
vt 0.257093 0.777039
vt 0.260877 0.753364
vt 0.260712 0.757276
vt 0.257649 0.760792
vt 0.257255 0.770197
vt 0.283382 0.648296
vt 0.257105 0.781346
vt 0.285657 0.650042
vt 0.260589 0.760944
vt 0.260361 0.767267
vt 0.260211 0.770322
vt 0.259843 0.777083
vt 0.259656 0.781267
vt 0.283869 0.647452
vt 0.286519 0.648549
vt 0.260484 0.764196
vt 0.260035 0.773526
vt 0.263506 0.753520
vt 0.263530 0.757351
vt 0.263535 0.761012
vt 0.263493 0.764298
vt 0.263186 0.770506
vt 0.262912 0.773736
vt 0.284121 0.646510
vt 0.263378 0.767411
vt 0.262556 0.777295
vt 0.262118 0.781399
vt 0.286965 0.646885
vt 0.266066 0.753516
vt 0.266332 0.757301
vt 0.284121 0.645536
vt 0.286965 0.645161
vt 0.266571 0.764361
vt 0.266473 0.767572
vt 0.265823 0.774073
vt 0.265240 0.777637
vt 0.268554 0.753313
vt 0.269151 0.757057
vt 0.266522 0.760997
vt 0.266226 0.770765
vt 0.264502 0.781651
vt 0.269594 0.760842
vt 0.269720 0.767754
vt 0.269399 0.771128
vt 0.267923 0.778214
vt 0.266775 0.782151
vt 0.283869 0.644595
vt 0.286518 0.643497
vt 0.269784 0.764358
vt 0.268810 0.774579
vt 0.270950 0.752855
vt 0.271990 0.756540
vt 0.273215 0.752070
vt 0.274879 0.755648
vt 0.272818 0.760465
vt 0.273234 0.764247
vt 0.272793 0.771646
vt 0.271926 0.775344
vt 0.283382 0.643751
vt 0.273226 0.767959
vt 0.270610 0.779094
vt 0.268914 0.782898
vt 0.285657 0.642005
vt 0.273293 0.780385
vt 0.270857 0.783945
vt 0.277071 0.763960
vt 0.277164 0.768199
vt 0.275251 0.776488
vt 0.276292 0.759759
vt 0.276554 0.772401
vt 0.281330 0.639111
vt 0.283088 0.639582
vt 0.281385 0.638696
vt 0.283249 0.639195
vt 0.281434 0.638326
vt 0.283391 0.638850
vt 0.279510 0.639111
vt 0.279456 0.638695
vt 0.279407 0.638326
vt 0.277752 0.639582
vt 0.277592 0.639194
vt 0.277449 0.638850
vt 0.276176 0.640492
vt 0.275920 0.640159
vt 0.275693 0.639863
vt 0.274556 0.641524
vt 0.274259 0.641296
vt 0.274888 0.641779
vt 0.273979 0.643355
vt 0.273591 0.643195
vt 0.273246 0.643052
vt 0.273508 0.645114
vt 0.273092 0.645059
vt 0.272722 0.645010
vt 0.273092 0.646988
vt 0.272722 0.647037
vt 0.273508 0.646934
vt 0.273979 0.648692
vt 0.273592 0.648852
vt 0.273247 0.648995
vt 0.274889 0.650268
vt 0.274557 0.650523
vt 0.274261 0.650750
vt 0.275921 0.651887
vt 0.275694 0.652183
vt 0.276176 0.651554
vt 0.277752 0.652464
vt 0.277592 0.652852
vt 0.277449 0.653196
vt 0.279510 0.652935
vt 0.279456 0.653351
vt 0.279407 0.653721
vt 0.281385 0.653351
vt 0.281434 0.653721
vt 0.281330 0.652936
vt 0.283088 0.652465
vt 0.283249 0.652852
vt 0.283392 0.653197
vt 0.284665 0.651555
vt 0.284920 0.651888
vt 0.285147 0.652183
vt 0.286285 0.650523
vt 0.286581 0.650750
vt 0.285952 0.650268
vt 0.286862 0.648691
vt 0.287249 0.648852
vt 0.287594 0.648994
vt 0.287333 0.646933
vt 0.287748 0.646988
vt 0.288118 0.647036
vt 0.287332 0.645113
vt 0.287748 0.645058
vt 0.288118 0.645009
vt 0.286861 0.643355
vt 0.287248 0.643194
vt 0.287593 0.643052
vt 0.286284 0.641524
vt 0.286579 0.641297
vt 0.285951 0.641779
vt 0.284664 0.640492
vt 0.284919 0.640159
vt 0.285146 0.639864
vt 0.275234 0.821131
vt 0.273268 0.825018
vt 0.270589 0.823717
vt 0.271913 0.819981
vt 0.284231 0.616383
vt 0.284605 0.613540
vt 0.286270 0.613985
vt 0.285172 0.616635
vt 0.276316 0.804429
vt 0.277084 0.808647
vt 0.273254 0.808921
vt 0.272855 0.805127
vt 0.276543 0.817075
vt 0.272788 0.816310
vt 0.283744 0.620084
vt 0.283257 0.616383
vt 0.274909 0.800307
vt 0.272042 0.801197
vt 0.277164 0.812889
vt 0.273232 0.812636
vt 0.270816 0.828573
vt 0.268875 0.827519
vt 0.268663 0.797983
vt 0.269209 0.801709
vt 0.266405 0.801956
vt 0.266198 0.798191
vt 0.269633 0.805494
vt 0.269398 0.815783
vt 0.269731 0.812417
vt 0.266706 0.826782
vt 0.267892 0.822845
vt 0.282882 0.613540
vt 0.269808 0.809021
vt 0.268794 0.819217
vt 0.273256 0.796750
vt 0.271032 0.797526
vt 0.266598 0.809017
vt 0.266565 0.805651
vt 0.265811 0.818701
vt 0.266234 0.815410
vt 0.286016 0.617122
vt 0.266490 0.812225
vt 0.264416 0.826300
vt 0.265197 0.822272
vt 0.287762 0.614847
vt 0.263609 0.802013
vt 0.263656 0.798202
vt 0.288981 0.616065
vt 0.286705 0.617811
vt 0.263402 0.812055
vt 0.263526 0.808948
vt 0.262508 0.821886
vt 0.262908 0.818356
vt 0.260798 0.801929
vt 0.261038 0.798052
vt 0.263586 0.805668
vt 0.263201 0.815141
vt 0.262044 0.825981
vt 0.260646 0.805589
vt 0.260236 0.814951
vt 0.260393 0.811904
vt 0.259573 0.825888
vt 0.259808 0.821697
vt 0.289842 0.617557
vt 0.287193 0.618655
vt 0.260523 0.808840
vt 0.260041 0.818144
vt 0.257948 0.801741
vt 0.258337 0.797770
vt 0.255034 0.801475
vt 0.255533 0.797377
vt 0.257541 0.808706
vt 0.257704 0.805443
vt 0.257170 0.818031
vt 0.257289 0.814821
vt 0.287445 0.619596
vt 0.257410 0.811772
vt 0.257016 0.825942
vt 0.257062 0.821636
vt 0.290289 0.619222
vt 0.254362 0.826126
vt 0.254252 0.821679
vt 0.290288 0.620946
vt 0.287445 0.620571
vt 0.254418 0.811657
vt 0.254544 0.808559
vt 0.254265 0.817995
vt 0.252035 0.801159
vt 0.252601 0.796893
vt 0.254729 0.805251
vt 0.254327 0.814739
vt 0.287193 0.621512
vt 0.251699 0.805033
vt 0.251325 0.814696
vt 0.251390 0.811560
vt 0.251593 0.826424
vt 0.251361 0.821806
vt 0.289842 0.622610
vt 0.251506 0.808408
vt 0.251306 0.818019
vt 0.248926 0.800768
vt 0.249534 0.796272
vt 0.248368 0.822000
vt 0.248277 0.818083
vt 0.245658 0.800394
vt 0.246256 0.795666
vt 0.248410 0.808262
vt 0.248595 0.804805
vt 0.248267 0.814680
vt 0.286705 0.622356
vt 0.248310 0.811480
vt 0.248687 0.826821
vt 0.288981 0.624102
vt 0.245593 0.827210
vt 0.245258 0.822167
vt 0.287762 0.625321
vt 0.286016 0.623045
vt 0.245173 0.811420
vt 0.245249 0.808134
vt 0.245172 0.818159
vt 0.242259 0.800085
vt 0.242721 0.795046
vt 0.245405 0.804583
vt 0.245150 0.814682
vt 0.242005 0.818241
vt 0.241979 0.814698
vt 0.285172 0.623533
vt 0.242123 0.804416
vt 0.241986 0.811384
vt 0.242280 0.827737
vt 0.242071 0.822380
vt 0.286270 0.626182
vt 0.242027 0.808045
vt 0.238732 0.799935
vt 0.238836 0.794489
vt 0.238770 0.822511
vt 0.238782 0.818283
vt 0.235243 0.800094
vt 0.234946 0.795037
vt 0.238765 0.808012
vt 0.238778 0.804347
vt 0.238772 0.814706
vt 0.284231 0.623785
vt 0.238767 0.811373
vt 0.238666 0.828248
vt 0.284605 0.626628
vt 0.235562 0.814709
vt 0.235545 0.811391
vt 0.235056 0.827762
vt 0.235427 0.822423
vt 0.282882 0.626628
vt 0.283257 0.623785
vt 0.235503 0.808048
vt 0.235542 0.818265
vt 0.231876 0.800422
vt 0.231404 0.795662
vt 0.235428 0.804410
vt 0.232350 0.818200
vt 0.232377 0.814705
vt 0.282315 0.623533
vt 0.232153 0.804589
vt 0.232352 0.811432
vt 0.231746 0.827271
vt 0.232195 0.822235
vt 0.281218 0.626182
vt 0.232280 0.808141
vt 0.228645 0.800774
vt 0.228119 0.796285
vt 0.229207 0.811490
vt 0.229113 0.808262
vt 0.229080 0.822031
vt 0.229229 0.818118
vt 0.225520 0.801085
vt 0.225019 0.796791
vt 0.228956 0.804789
vt 0.229245 0.814700
vt 0.281471 0.623045
vt 0.228662 0.826827
vt 0.279726 0.625321
vt 0.226176 0.814710
vt 0.226117 0.811564
vt 0.225754 0.826463
vt 0.226071 0.821859
vt 0.278507 0.624102
vt 0.280782 0.622356
vt 0.226008 0.808401
vt 0.226176 0.818051
vt 0.222514 0.801426
vt 0.222090 0.797292
vt 0.225827 0.805004
vt 0.222959 0.808547
vt 0.222778 0.805228
vt 0.223207 0.818008
vt 0.223164 0.814748
vt 0.280295 0.621512
vt 0.223079 0.811657
vt 0.222995 0.826124
vt 0.223181 0.821689
vt 0.277645 0.622610
vt 0.219595 0.801706
vt 0.219281 0.797700
vt 0.220077 0.811768
vt 0.219951 0.808692
vt 0.220355 0.821668
vt 0.220294 0.818047
vt 0.216735 0.801904
vt 0.216570 0.797993
vt 0.219798 0.805421
vt 0.220192 0.814826
vt 0.280043 0.620571
vt 0.220342 0.825975
vt 0.277199 0.620945
vt 0.216858 0.805573
vt 0.217236 0.814951
vt 0.217086 0.811895
vt 0.217791 0.825896
vt 0.217604 0.821711
vt 0.277199 0.619222
vt 0.280043 0.619597
vt 0.216963 0.808825
vt 0.217412 0.818155
vt 0.213918 0.801980
vt 0.213941 0.798148
vt 0.213954 0.808927
vt 0.213912 0.805641
vt 0.214535 0.818365
vt 0.214262 0.815135
vt 0.280295 0.618655
vt 0.214069 0.812039
vt 0.215330 0.826028
vt 0.214891 0.821924
vt 0.277645 0.617558
vt 0.211115 0.801929
vt 0.211381 0.798145
vt 0.278507 0.616065
vt 0.280782 0.617811
vt 0.210974 0.812201
vt 0.210876 0.808990
vt 0.212207 0.822266
vt 0.211625 0.818702
vt 0.208297 0.801686
vt 0.208893 0.797942
vt 0.210925 0.805626
vt 0.211221 0.815394
vt 0.212946 0.826280
vt 0.207853 0.805471
vt 0.208048 0.815757
vt 0.207727 0.812383
vt 0.210672 0.826780
vt 0.209524 0.822843
vt 0.279726 0.614847
vt 0.281471 0.617122
vt 0.207663 0.808987
vt 0.208637 0.819207
vt 0.205458 0.801169
vt 0.206497 0.797484
vt 0.202568 0.800277
vt 0.204232 0.796699
vt 0.204213 0.808876
vt 0.204629 0.805094
vt 0.205522 0.819973
vt 0.204654 0.816275
vt 0.282315 0.616635
vt 0.204221 0.812588
vt 0.208533 0.827527
vt 0.206838 0.823722
vt 0.281218 0.613986
vt 0.206590 0.828574
vt 0.204154 0.825013
vt 0.200283 0.812828
vt 0.200376 0.808589
vt 0.202196 0.821117
vt 0.201155 0.804388
vt 0.200893 0.817029
vt 0.284654 0.613172
vt 0.286412 0.613643
vt 0.284708 0.612756
vt 0.286572 0.613255
vt 0.284757 0.612386
vt 0.286715 0.612911
vt 0.287988 0.614552
vt 0.288243 0.614220
vt 0.288470 0.613924
vt 0.289275 0.615839
vt 0.289608 0.615584
vt 0.289904 0.615357
vt 0.290185 0.617415
vt 0.290573 0.617255
vt 0.290917 0.617112
vt 0.291443 0.619070
vt 0.291073 0.619119
vt 0.290657 0.619174
vt 0.290656 0.620994
vt 0.291072 0.621049
vt 0.291442 0.621098
vt 0.290185 0.622752
vt 0.290572 0.622913
vt 0.290917 0.623055
vt 0.289903 0.624811
vt 0.289608 0.624583
vt 0.289275 0.624328
vt 0.287988 0.625615
vt 0.288243 0.625948
vt 0.288470 0.626244
vt 0.286412 0.626525
vt 0.286572 0.626912
vt 0.286715 0.627257
vt 0.284757 0.627781
vt 0.284709 0.627411
vt 0.284654 0.626996
vt 0.282834 0.626996
vt 0.282779 0.627412
vt 0.282730 0.627781
vt 0.281076 0.626525
vt 0.280915 0.626912
vt 0.280773 0.627257
vt 0.279017 0.626244
vt 0.279245 0.625948
vt 0.279500 0.625615
vt 0.278213 0.624328
vt 0.277880 0.624584
vt 0.277584 0.624811
vt 0.277302 0.622752
vt 0.276915 0.622913
vt 0.276570 0.623055
vt 0.276045 0.621097
vt 0.276415 0.621049
vt 0.276831 0.620994
vt 0.276831 0.619174
vt 0.276415 0.619119
vt 0.276045 0.619070
vt 0.277303 0.617415
vt 0.276915 0.617255
vt 0.276571 0.617112
vt 0.278213 0.615839
vt 0.277880 0.615584
vt 0.277584 0.615357
vt 0.279500 0.614553
vt 0.279245 0.614220
vt 0.279018 0.613924
vt 0.280773 0.612911
vt 0.280915 0.613255
vt 0.281076 0.613643
vt 0.282834 0.613172
vt 0.282779 0.612756
vt 0.282730 0.612386
vt 0.800493 0.229772
vt 0.798474 0.227754
vt 0.881711 0.125292
vt 0.023296 0.686569
vt 0.021349 0.684622
vt 0.122113 0.606293
vt 0.437782 0.024848
vt 0.441496 0.026874
vt 0.440452 0.028228
vt 0.437131 0.026363
vt 0.222361 0.197717
vt 0.221453 0.193665
vt 0.222929 0.193369
vt 0.223934 0.197052
vt 0.222382 0.037527
vt 0.223258 0.033626
vt 0.224769 0.034265
vt 0.223793 0.037800
vt 0.441968 0.205792
vt 0.438128 0.207952
vt 0.437438 0.206391
vt 0.440861 0.204404
vt 0.433864 0.023990
vt 0.433580 0.025397
vt 0.224488 0.201554
vt 0.225896 0.200483
vt 0.445095 0.202613
vt 0.443675 0.201549
vt 0.444565 0.029870
vt 0.443215 0.030928
vt 0.225305 0.029950
vt 0.226655 0.030979
vt 0.434069 0.208854
vt 0.433774 0.207417
vt 0.446693 0.033560
vt 0.445167 0.034233
vt 0.228310 0.026939
vt 0.229361 0.028272
vt 0.235461 0.207732
vt 0.235763 0.206304
vt 0.447663 0.037515
vt 0.446204 0.037824
vt 0.231982 0.024882
vt 0.232644 0.026384
vt 0.231436 0.206830
vt 0.232122 0.205278
vt 0.448028 0.194691
vt 0.446580 0.194424
vt 0.235887 0.023990
vt 0.236176 0.025394
vt 0.227618 0.204696
vt 0.228713 0.203310
vt 0.447189 0.198745
vt 0.445611 0.198099
vt 0.231030 0.192937
vt 0.230244 0.190343
vt 0.232414 0.188974
vt 0.233036 0.191535
vt 0.230931 0.040680
vt 0.231602 0.038184
vt 0.233521 0.039469
vt 0.233085 0.041921
vt 0.435053 0.034176
vt 0.436934 0.035995
vt 0.435169 0.037432
vt 0.433438 0.035768
vt 0.438522 0.194022
vt 0.437119 0.196387
vt 0.435238 0.194868
vt 0.436524 0.192621
vt 0.234390 0.197238
vt 0.232436 0.195298
vt 0.234322 0.193775
vt 0.236142 0.195594
vt 0.239504 0.032260
vt 0.430251 0.032302
vt 0.428769 0.034309
vt 0.240976 0.034252
vt 0.439306 0.191429
vt 0.437154 0.190058
vt 0.236733 0.198611
vt 0.238363 0.196842
vt 0.237010 0.032892
vt 0.238499 0.034641
vt 0.438940 0.040786
vt 0.436743 0.042045
vt 0.239287 0.199387
vt 0.240898 0.197450
vt 0.234750 0.034129
vt 0.236354 0.035698
vt 0.438253 0.038258
vt 0.436307 0.039565
vt 0.430278 0.200501
vt 0.428668 0.198584
vt 0.232896 0.035940
vt 0.234645 0.037353
vt 0.432823 0.199718
vt 0.431189 0.197956
vt 0.435164 0.198334
vt 0.433404 0.196688
vt 0.432768 0.032936
vt 0.431268 0.034705
vt 0.441776 0.196101
vt 0.440153 0.198813
vt 0.231654 0.199976
vt 0.229403 0.197732
vt 0.237550 0.029059
vt 0.432212 0.029080
vt 0.442751 0.193183
vt 0.234339 0.201592
vt 0.234762 0.029971
vt 0.442389 0.039084
vt 0.237208 0.202590
vt 0.232172 0.031490
vt 0.441432 0.036238
vt 0.432345 0.203699
vt 0.230015 0.033622
vt 0.439839 0.033633
vt 0.435217 0.202696
vt 0.228462 0.036207
vt 0.437643 0.031497
vt 0.437905 0.201070
vt 0.227539 0.039014
vt 0.227768 0.195027
vt 0.226780 0.192105
vt 0.435023 0.029984
vt 0.676223 0.294813
vt 0.676529 0.295903
vt 0.673702 0.295989
vt 0.673470 0.294825
vt 0.224128 0.682169
vt 0.222878 0.684622
vt 0.215759 0.524337
vt 0.218478 0.524768
vt 0.020099 0.682169
vt 0.019668 0.679450
vt 0.019668 0.533136
vt 0.220931 0.686569
vt 0.220931 0.526018
vt 0.020099 0.530417
vt 0.218478 0.687818
vt 0.222878 0.527964
vt 0.021349 0.527964
vt 0.215759 0.688249
vt 0.224128 0.530417
vt 0.023296 0.526018
vt 0.028468 0.688249
vt 0.224558 0.533136
vt 0.025748 0.524768
vt 0.025748 0.687818
vt 0.224558 0.679450
vt 0.028468 0.524337
vt 0.676546 0.287039
vt 0.676236 0.288128
vt 0.673483 0.288106
vt 0.673719 0.286943
vt 0.994326 0.295158
vt 0.994047 0.296145
vt 0.991606 0.295973
vt 0.991912 0.295013
vt 0.818171 0.294804
vt 0.818032 0.295887
vt 0.815317 0.296000
vt 0.815581 0.294934
vt 0.661309 0.295468
vt 0.660852 0.296786
vt 0.432736 0.296509
vt 0.432241 0.295175
vt 0.429226 0.285530
vt 0.428840 0.286927
vt 0.425438 0.286925
vt 0.425649 0.285481
vt 0.991622 0.288220
vt 0.991924 0.289181
vt 0.989528 0.289165
vt 0.989175 0.288234
vt 0.815333 0.287479
vt 0.815593 0.288546
vt 0.660871 0.286098
vt 0.661324 0.287418
vt 0.432257 0.286856
vt 0.432756 0.285525
vt 0.218453 0.284749
vt 0.218350 0.286264
vt 0.214737 0.285991
vt 0.214781 0.284447
vt 0.820711 0.287712
vt 0.820694 0.288778
vt 0.818183 0.288687
vt 0.818048 0.287603
vt 0.664312 0.286307
vt 0.664593 0.287643
vt 0.222169 0.284825
vt 0.221916 0.286322
vt 0.418536 0.295199
vt 0.418332 0.296686
vt 0.414619 0.296805
vt 0.414986 0.295352
vt 0.823310 0.287803
vt 0.823149 0.288836
vt 0.667603 0.286537
vt 0.667697 0.287836
vt 0.225887 0.284784
vt 0.225504 0.286239
vt 0.418353 0.285294
vt 0.418552 0.286781
vt 0.415001 0.286615
vt 0.414640 0.285160
vt 0.825857 0.287866
vt 0.825575 0.288856
vt 0.670737 0.286756
vt 0.670649 0.287995
vt 0.422029 0.285398
vt 0.422020 0.286876
vt 0.828353 0.287880
vt 0.827996 0.288820
vt 0.827985 0.294710
vt 0.828337 0.295652
vt 0.825841 0.295656
vt 0.825564 0.294665
vt 0.422005 0.295117
vt 0.422008 0.296595
vt 0.670719 0.296164
vt 0.670636 0.294925
vt 0.425422 0.295081
vt 0.425629 0.296526
vt 0.667585 0.296372
vt 0.667683 0.295073
vt 0.823294 0.295708
vt 0.823137 0.294676
vt 0.225488 0.295051
vt 0.225866 0.296506
vt 0.222148 0.296452
vt 0.221901 0.294955
vt 0.664292 0.296589
vt 0.664579 0.295254
vt 0.820695 0.295789
vt 0.820682 0.294723
vt 0.218433 0.296515
vt 0.218335 0.295000
vt 0.214760 0.296805
vt 0.214721 0.295261
vt 0.989160 0.295949
vt 0.989516 0.295019
vt 0.428825 0.295092
vt 0.429205 0.296490
vt 0.994064 0.288058
vt 0.994339 0.289046
vt 0.670566 0.293242
vt 0.673259 0.293206
vt 0.670545 0.291460
vt 0.673193 0.291465
vt 0.670573 0.289678
vt 0.673266 0.289724
vt 0.422005 0.293114
vt 0.425232 0.293105
vt 0.422007 0.290997
vt 0.425173 0.291002
vt 0.422013 0.288879
vt 0.425239 0.288901
vt 0.825300 0.293272
vt 0.827638 0.293323
vt 0.825216 0.291760
vt 0.827524 0.291764
vt 0.825306 0.290248
vt 0.827645 0.290207
vt 0.418729 0.293163
vt 0.418792 0.290991
vt 0.418737 0.288819
vt 0.667782 0.293314
vt 0.667814 0.291455
vt 0.667789 0.289595
vt 0.822992 0.293261
vt 0.822947 0.291755
vt 0.822998 0.290249
vt 0.415343 0.293272
vt 0.415463 0.290985
vt 0.415351 0.288697
vt 0.221660 0.292877
vt 0.225116 0.292956
vt 0.221582 0.290638
vt 0.224994 0.290644
vt 0.221668 0.288400
vt 0.225124 0.288332
vt 0.664857 0.293417
vt 0.664946 0.291449
vt 0.664864 0.289481
vt 0.820674 0.293278
vt 0.820672 0.291751
vt 0.820680 0.290223
vt 0.218230 0.292896
vt 0.218191 0.290632
vt 0.218238 0.288368
vt 0.661753 0.293560
vt 0.661902 0.291444
vt 0.661761 0.289327
vt 0.818303 0.293324
vt 0.818346 0.291746
vt 0.818309 0.290168
vt 0.214667 0.293051
vt 0.214642 0.290626
vt 0.214676 0.288201
vt 0.431756 0.293214
vt 0.431596 0.291014
vt 0.431764 0.288816
vt 0.815838 0.293413
vt 0.815924 0.291741
vt 0.815844 0.290069
vt 0.992225 0.293632
vt 0.994619 0.293716
vt 0.992337 0.292098
vt 0.994728 0.292103
vt 0.992231 0.290564
vt 0.994626 0.290489
vt 0.428463 0.293133
vt 0.428349 0.291008
vt 0.428471 0.288885
vt 0.675925 0.293229
vt 0.675828 0.291470
vt 0.675932 0.289712
vt 0.989877 0.293644
vt 0.990003 0.292093
vt 0.989883 0.290542
vt 0.472053 0.221411
vt 0.471585 0.218455
vt 0.560684 0.116647
vt 0.649316 0.221411
vt 0.647957 0.224078
vt 0.640218 0.005272
vt 0.643174 0.005740
vt 0.471585 0.014838
vt 0.645840 0.226194
vt 0.645840 0.007099
vt 0.472053 0.011882
vt 0.643174 0.227553
vt 0.647957 0.009215
vt 0.473411 0.009215
vt 0.640218 0.228021
vt 0.481151 0.228021
vt 0.478195 0.227553
vt 0.649315 0.011882
vt 0.475528 0.007099
vt 0.475528 0.226194
vt 0.649784 0.014838
vt 0.478195 0.005740
vt 0.473412 0.224078
vt 0.649784 0.218455
vt 0.481151 0.005272
vt 0.691782 0.475982
vt 0.691314 0.478938
vt 0.580408 0.396449
vt 0.682216 0.307349
vt 0.685172 0.307818
vt 0.472976 0.483722
vt 0.470860 0.481605
vt 0.469033 0.475982
vt 0.469033 0.316915
vt 0.689955 0.481605
vt 0.687839 0.309176
vt 0.469501 0.478938
vt 0.469501 0.313959
vt 0.687839 0.483722
vt 0.689955 0.311293
vt 0.470860 0.311293
vt 0.685172 0.485080
vt 0.691314 0.313959
vt 0.472976 0.309176
vt 0.682216 0.485549
vt 0.691782 0.316915
vt 0.475643 0.307818
vt 0.478599 0.485549
vt 0.478599 0.307349
vt 0.475643 0.485080
vt 0.966243 0.025373
vt 0.966689 0.028192
vt 0.957565 0.231515
vt 0.805856 0.231515
vt 0.798475 0.022829
vt 0.800493 0.020811
vt 0.803036 0.231068
vt 0.964947 0.022830
vt 0.960385 0.231068
vt 0.797179 0.025373
vt 0.962928 0.020811
vt 0.962928 0.229773
vt 0.796732 0.028192
vt 0.960385 0.019515
vt 0.964947 0.227754
vt 0.957566 0.019069
vt 0.796732 0.222391
vt 0.966242 0.225211
vt 0.805856 0.019069
vt 0.797178 0.225211
vt 0.966689 0.222391
vt 0.803036 0.019515
vt 0.877315 0.641846
vt 0.873894 0.650239
vt 0.871889 0.649640
vt 0.875460 0.640874
vt 0.950761 0.690337
vt 0.955303 0.683427
vt 0.957133 0.684387
vt 0.952375 0.691633
vt 0.879162 0.642816
vt 0.875892 0.650835
vt 0.888638 0.627777
vt 0.882290 0.634265
vt 0.880654 0.632953
vt 0.887282 0.626171
vt 0.880991 0.643776
vt 0.877870 0.651425
vt 0.889988 0.629378
vt 0.883918 0.635573
vt 0.964148 0.659005
vt 0.962405 0.650109
vt 0.964413 0.649512
vt 0.966232 0.658805
vt 0.891324 0.630963
vt 0.885530 0.636869
vt 0.962072 0.659206
vt 0.960405 0.650705
vt 0.962405 0.676962
vt 0.964146 0.668068
vt 0.966228 0.668270
vt 0.964411 0.677560
vt 0.960017 0.659405
vt 0.958425 0.651296
vt 0.960406 0.676365
vt 0.962072 0.667866
vt 0.872152 0.659130
vt 0.870069 0.658927
vt 0.958427 0.675775
vt 0.960017 0.667667
vt 0.874227 0.659331
vt 0.876281 0.659530
vt 0.973694 0.668995
vt 0.971597 0.679712
vt 0.958979 0.641710
vt 0.960837 0.640736
vt 0.905153 0.621026
vt 0.897151 0.624464
vt 0.896131 0.622624
vt 0.904509 0.619008
vt 0.957128 0.642681
vt 0.905790 0.623021
vt 0.898160 0.626284
vt 0.955297 0.643643
vt 0.954005 0.692942
vt 0.958982 0.685357
vt 0.960838 0.686329
vt 0.955643 0.694254
vt 0.872154 0.668190
vt 0.870071 0.668391
vt 0.895107 0.620778
vt 0.903859 0.616982
vt 0.862608 0.658194
vt 0.862608 0.669105
vt 0.858561 0.669494
vt 0.858561 0.657800
vt 0.759771 0.955563
vt 0.766346 0.951141
vt 0.770882 0.956635
vt 0.763154 0.961839
vt 0.736718 0.879599
vt 0.728940 0.881171
vt 0.726840 0.874345
vt 0.735995 0.872480
vt 0.771931 0.945525
vt 0.777448 0.950028
vt 0.752456 0.958622
vt 0.754555 0.965447
vt 0.744657 0.879589
vt 0.745358 0.872457
vt 0.752442 0.881144
vt 0.754537 0.874302
vt 0.709462 0.945553
vt 0.715051 0.951169
vt 0.710510 0.956665
vt 0.703943 0.950058
vt 0.744678 0.960193
vt 0.745400 0.967313
vt 0.759765 0.884199
vt 0.763153 0.877913
vt 0.705074 0.938957
vt 0.698789 0.942303
vt 0.736739 0.960203
vt 0.736038 0.967335
vt 0.766344 0.888623
vt 0.770886 0.883128
vt 0.702055 0.931636
vt 0.695240 0.933696
vt 0.969500 0.455876
vt 0.969663 0.462086
vt 0.940407 0.462086
vt 0.940506 0.455338
vt 0.969782 0.486328
vt 0.970155 0.492136
vt 0.942779 0.495150
vt 0.941949 0.488718
vt 0.721631 0.955593
vt 0.718243 0.961879
vt 0.980918 0.378798
vt 0.979391 0.383809
vt 0.956081 0.376600
vt 0.958053 0.371561
vt 0.969460 0.449764
vt 0.940802 0.448631
vt 0.969550 0.480418
vt 0.941283 0.482176
vt 0.982480 0.373815
vt 0.960030 0.366777
vt 0.969552 0.443753
vt 0.941287 0.441997
vt 0.969458 0.474407
vt 0.940795 0.475539
vt 0.980919 0.545359
vt 0.982480 0.550341
vt 0.960036 0.557374
vt 0.958064 0.552593
vt 0.969783 0.437842
vt 0.941950 0.435457
vt 0.969499 0.468296
vt 0.940503 0.468833
vt 0.979393 0.540350
vt 0.956094 0.547558
vt 0.970155 0.432033
vt 0.942773 0.429024
vt 0.977928 0.535294
vt 0.954179 0.542308
vt 0.970669 0.426324
vt 0.943746 0.422705
vt 0.728953 0.958648
vt 0.726859 0.965491
vt 0.973696 0.658075
vt 0.977745 0.657684
vt 0.977744 0.669388
vt 0.701136 0.887471
vt 0.708199 0.880362
vt 0.710511 0.883161
vt 0.703947 0.889767
vt 0.971324 0.503455
vt 0.972115 0.508971
vt 0.946117 0.513754
vt 0.944868 0.507668
vt 0.735047 0.977419
vt 0.723886 0.975114
vt 0.724570 0.972914
vt 0.735272 0.975124
vt 0.923621 0.607161
vt 0.912374 0.607350
vt 0.911869 0.603196
vt 0.924035 0.602882
vt 0.882406 0.706958
vt 0.891450 0.713252
vt 0.889426 0.716851
vt 0.879751 0.710074
vt 0.735620 0.868846
vt 0.745717 0.868804
vt 0.713465 0.970699
vt 0.714559 0.968684
vt 0.789628 0.905052
vt 0.791575 0.914879
vt 0.787964 0.915232
vt 0.786154 0.906101
vt 0.864701 0.679812
vt 0.860805 0.680972
vt 0.779340 0.931612
vt 0.780880 0.923844
vt 0.787965 0.924539
vt 0.786155 0.933670
vt 0.709465 0.894268
vt 0.705078 0.900862
vt 0.698793 0.897519
vt 0.967478 0.689823
vt 0.961497 0.698962
vt 0.953855 0.620229
vt 0.961497 0.628088
vt 0.955633 0.632805
vt 0.948989 0.626009
vt 0.868806 0.689926
vt 0.871891 0.677680
vt 0.875462 0.686450
vt 0.926408 0.497831
vt 0.927731 0.504512
vt 0.917368 0.506845
vt 0.915767 0.499991
vt 0.912649 0.720075
vt 0.901638 0.717713
vt 0.903959 0.710396
vt 0.913403 0.712363
vt 0.567644 0.923469
vt 0.567641 0.932116
vt 0.552950 0.930667
vt 0.552951 0.924915
vt 0.948467 0.563702
vt 0.945594 0.558718
vt 0.931781 0.708221
vt 0.940158 0.704594
vt 0.941184 0.706442
vt 0.932431 0.710248
vt 0.923447 0.447370
vt 0.924252 0.440197
vt 0.952338 0.387283
vt 0.950604 0.392869
vt 0.936097 0.388197
vt 0.938196 0.382246
vt 0.948994 0.525570
vt 0.950611 0.531294
vt 0.936112 0.535978
vt 0.934196 0.529912
vt 0.946109 0.410412
vt 0.944861 0.416501
vt 0.929148 0.413165
vt 0.930690 0.406745
vt 0.952347 0.536879
vt 0.938213 0.541923
vt 0.923440 0.476812
vt 0.924226 0.483983
vt 0.912948 0.485659
vt 0.911810 0.478114
vt 0.931039 0.620909
vt 0.922457 0.619166
vt 0.922664 0.617025
vt 0.931675 0.618871
vt 0.975261 0.399165
vt 0.974090 0.404425
vt 0.948991 0.398593
vt 0.926566 0.384935
vt 0.928823 0.378689
vt 0.774587 0.878656
vt 0.781947 0.886073
vt 0.780267 0.887443
vt 0.773203 0.880328
vt 0.689691 0.935369
vt 0.687663 0.925127
vt 0.689820 0.924916
vt 0.691766 0.934744
vt 0.922585 0.708008
vt 0.931136 0.706203
vt 0.922816 0.710129
vt 0.904603 0.708349
vt 0.913615 0.710207
vt 0.874229 0.667988
vt 0.922358 0.705912
vt 0.930500 0.704207
vt 0.905240 0.706312
vt 0.913824 0.708065
vt 0.953994 0.634121
vt 0.882297 0.693066
vt 0.888652 0.699577
vt 0.887289 0.701192
vt 0.880658 0.694381
vt 0.905868 0.704297
vt 0.914030 0.705951
vt 0.952361 0.635433
vt 0.883931 0.691756
vt 0.890009 0.697968
vt 0.947628 0.627623
vt 0.940101 0.622468
vt 0.941128 0.620606
vt 0.950745 0.636732
vt 0.885548 0.690457
vt 0.891351 0.696375
vt 0.946273 0.629232
vt 0.939080 0.624322
vt 0.873897 0.677081
vt 0.876284 0.667789
vt 0.944933 0.630826
vt 0.938071 0.626158
vt 0.875897 0.676485
vt 0.877319 0.685476
vt 0.877876 0.675895
vt 0.879170 0.684507
vt 0.881002 0.683546
vt 0.932318 0.616822
vt 0.930412 0.622924
vt 0.923050 0.712262
vt 0.774578 0.961103
vt 0.781938 0.953695
vt 0.783422 0.954906
vt 0.775798 0.962580
vt 0.795721 0.903211
vt 0.797910 0.914256
vt 0.795637 0.914479
vt 0.793534 0.903871
vt 0.699448 0.953720
vt 0.706808 0.961136
vt 0.705585 0.962612
vt 0.697964 0.954930
vt 0.536557 0.885579
vt 0.544544 0.888890
vt 0.537583 0.901910
vt 0.532269 0.899707
vt 0.765921 0.872797
vt 0.756255 0.868723
vt 0.756826 0.866879
vt 0.766837 0.871108
vt 0.687858 0.935923
vt 0.685758 0.925315
vt 0.735463 0.973180
vt 0.746000 0.973120
vt 0.746200 0.975040
vt 0.687664 0.914688
vt 0.685759 0.914500
vt 0.693670 0.945022
vt 0.691979 0.945921
vt 0.689694 0.904447
vt 0.687862 0.903892
vt 0.519430 0.883892
vt 0.528076 0.883892
vt 0.526626 0.898585
vt 0.520873 0.898585
vt 0.693677 0.894796
vt 0.691987 0.893896
vt 0.562647 0.948585
vt 0.557841 0.955773
vt 0.546430 0.946407
vt 0.549627 0.941624
vt 0.481540 0.940590
vt 0.479855 0.932109
vt 0.494547 0.930664
vt 0.495667 0.936306
vt 0.699457 0.886100
vt 0.697973 0.884889
vt 0.706817 0.878691
vt 0.502953 0.966687
vt 0.495763 0.961884
vt 0.505130 0.950472
vt 0.509914 0.953668
vt 0.689820 0.914899
vt 0.693430 0.915254
vt 0.693432 0.924563
vt 0.705596 0.877215
vt 0.874804 0.628245
vt 0.882435 0.620417
vt 0.715480 0.872848
vt 0.714567 0.871162
vt 0.912230 0.724358
vt 0.900338 0.721695
vt 0.922918 0.469501
vt 0.910934 0.470271
vt 0.715050 0.888651
vt 0.767931 0.869093
vt 0.777271 0.875419
vt 0.775811 0.877180
vt 0.756273 0.971005
vt 0.765914 0.966945
vt 0.766827 0.968631
vt 0.756842 0.972840
vt 0.557847 0.899809
vt 0.562649 0.907000
vt 0.549629 0.913959
vt 0.546434 0.909175
vt 0.725122 0.868788
vt 0.724551 0.866953
vt 0.757523 0.975029
vt 0.746442 0.977331
vt 0.696192 0.956374
vt 0.689962 0.946993
vt 0.685671 0.936583
vt 0.683484 0.925538
vt 0.901526 0.609748
vt 0.891440 0.614173
vt 0.889439 0.610601
vt 0.900236 0.605831
vt 0.791432 0.892800
vt 0.789415 0.893873
vt 0.868823 0.637381
vt 0.864708 0.647487
vt 0.860814 0.646324
vt 0.865223 0.635490
vt 0.695584 0.944006
vt 0.791575 0.924895
vt 0.971602 0.647359
vt 0.967486 0.637238
vt 0.971093 0.635348
vt 0.975501 0.646194
vt 0.685675 0.903232
vt 0.689970 0.892823
vt 0.691768 0.905075
vt 0.757509 0.864678
vt 0.704125 0.964373
vt 0.755629 0.968927
vt 0.745774 0.970947
vt 0.701129 0.952351
vt 0.708192 0.959464
vt 0.746348 0.862371
vt 0.746123 0.864666
vt 0.764886 0.874710
vt 0.755612 0.870810
vt 0.745932 0.866610
vt 0.716511 0.965082
vt 0.764882 0.965036
vt 0.767916 0.970643
vt 0.777255 0.964341
vt 0.734952 0.862462
vt 0.735195 0.864753
vt 0.934770 0.717485
vt 0.944856 0.713048
vt 0.946860 0.716621
vt 0.936058 0.721407
vt 0.735396 0.866673
vt 0.715475 0.966994
vt 0.773195 0.959433
vt 0.793732 0.914666
vt 0.793731 0.925107
vt 0.934622 0.609504
vt 0.935917 0.605525
vt 0.776319 0.938932
vt 0.782604 0.942275
vt 0.797910 0.925516
vt 0.795722 0.936563
vt 0.793535 0.935902
vt 0.795637 0.925293
vt 0.695589 0.895815
vt 0.695242 0.906124
vt 0.696203 0.883445
vt 0.721626 0.884230
vt 0.718239 0.877955
vt 0.789628 0.934721
vt 0.702057 0.908182
vt 0.700516 0.915949
vt 0.700517 0.923868
vt 0.780879 0.915925
vt 0.779338 0.908158
vt 0.776318 0.900837
vt 0.782605 0.897493
vt 0.771933 0.894240
vt 0.777453 0.889736
vt 0.944803 0.613951
vt 0.922875 0.614868
vt 0.565955 0.914989
vt 0.551829 0.919274
vt 0.927724 0.419705
vt 0.917352 0.417346
vt 0.918993 0.410649
vt 0.929150 0.511051
vt 0.930714 0.517462
vt 0.920750 0.520100
vt 0.918990 0.513539
vt 0.932394 0.523746
vt 0.924549 0.532929
vt 0.922595 0.526556
vt 0.934185 0.394271
vt 0.924530 0.391251
vt 0.922721 0.462095
vt 0.895148 0.706607
vt 0.874780 0.699083
vt 0.925268 0.433204
vt 0.926426 0.426381
vt 0.913235 0.614973
vt 0.953867 0.706800
vt 0.949013 0.701042
vt 0.922930 0.454681
vt 0.945599 0.365442
vt 0.948488 0.360453
vt 0.942913 0.370806
vt 0.871628 0.625698
vt 0.943753 0.501466
vt 0.925248 0.490991
vt 0.947494 0.519722
vt 0.954168 0.381852
vt 0.940445 0.376428
vt 0.683485 0.914277
vt 0.947488 0.404442
vt 0.932377 0.400447
vt 0.975495 0.680872
vt 0.915797 0.424204
vt 0.914350 0.431257
vt 0.940463 0.547732
vt 0.942916 0.553360
vt 0.934023 0.557755
vt 0.931291 0.551672
vt 0.910445 0.462109
vt 0.910954 0.453944
vt 0.937155 0.360486
vt 0.940788 0.354835
vt 0.937168 0.563674
vt 0.931253 0.372501
vt 0.934014 0.366415
vt 0.914323 0.492943
vt 0.912986 0.438544
vt 0.879800 0.617306
vt 0.911811 0.446099
vt 0.926586 0.539246
vt 0.785811 0.895790
vt 0.971081 0.691713
vt 0.920711 0.404081
vt 0.922570 0.397623
vt 0.940766 0.569298
vt 0.928850 0.545490
vt 0.791702 0.904425
vt 0.791702 0.935349
vt 0.787720 0.945001
vt 0.785807 0.943982
vt 0.787724 0.894771
vt 0.725140 0.971070
vt 0.382666 0.951527
vt 0.379463 0.956320
vt 0.356730 0.937664
vt 0.964673 0.701511
vt 0.956505 0.709912
vt 0.379463 0.919007
vt 0.382666 0.923801
vt 0.365267 0.965806
vt 0.359612 0.966931
vt 0.489655 0.899805
vt 0.495771 0.893693
vt 0.505135 0.905106
vt 0.501066 0.909172
vt 0.328588 0.946201
vt 0.327463 0.940546
vt 0.385997 0.940546
vt 0.384872 0.946201
vt 0.544537 0.966690
vt 0.536549 0.970000
vt 0.532265 0.955871
vt 0.537579 0.953669
vt 0.375386 0.914931
vt 0.370593 0.963600
vt 0.484852 0.906995
vt 0.497871 0.913955
vt 0.484846 0.948580
vt 0.497867 0.941621
vt 0.330794 0.923801
vt 0.333997 0.919007
vt 0.565955 0.940596
vt 0.551828 0.936309
vt 0.551732 0.893696
vt 0.542365 0.905107
vt 0.385997 0.934781
vt 0.502960 0.888889
vt 0.510949 0.885579
vt 0.515231 0.899708
vt 0.509917 0.901910
vt 0.338073 0.914931
vt 0.375386 0.960397
vt 0.328587 0.929127
vt 0.510940 0.969999
vt 0.515228 0.955871
vt 0.384872 0.929127
vt 0.519421 0.971685
vt 0.520870 0.956993
vt 0.327463 0.934781
vt 0.528068 0.971688
vt 0.526623 0.956994
vt 0.923911 0.719892
vt 0.785204 0.883419
vt 0.783432 0.884863
vt 0.897199 0.702889
vt 0.896176 0.704744
vt 0.977926 0.388865
vt 0.976544 0.393981
vt 0.913469 0.617105
vt 0.922252 0.621281
vt 0.913928 0.621323
vt 0.913700 0.619226
vt 0.939136 0.702753
vt 0.946303 0.697833
vt 0.947655 0.699435
vt 0.938126 0.700930
vt 0.973039 0.514398
vt 0.974091 0.519737
vt 0.973038 0.409766
vt 0.551728 0.961888
vt 0.542363 0.950475
vt 0.972114 0.415194
vt 0.789410 0.945899
vt 0.970669 0.497844
vt 0.479854 0.923463
vt 0.481540 0.914982
vt 0.495668 0.919269
vt 0.494546 0.924912
vt 0.975263 0.524996
vt 0.735679 0.970987
vt 0.971323 0.420712
vt 0.976546 0.530180
vt 0.898209 0.701053
vt 0.944965 0.696247
vt 0.489651 0.955768
vt 0.501064 0.946404
vt 0.780259 0.952325
vt 0.704139 0.875454
vt 0.713477 0.869150
vt 0.964681 0.625540
vt 0.956506 0.617108
vt 0.725765 0.870866
vt 0.716512 0.874757
vt 0.791427 0.946973
vt 0.785192 0.956350
vt 0.946823 0.610355
vt 0.924413 0.724052
vt 0.725785 0.968983
vt 0.871591 0.701627
vt 0.865201 0.691813
vt 0.723871 0.864764
vt 0.370593 0.911728
vt 0.342867 0.911728
vt 0.330794 0.951527
vt 0.353847 0.966931
vt 0.348193 0.909521
vt 0.348193 0.965806
vt 0.342867 0.963600
vt 0.353847 0.908397
vt 0.359612 0.908397
vt 0.365267 0.909521
vt 0.338073 0.960397
vt 0.333997 0.956320
vt 0.272428 0.956320
vt 0.269225 0.951527
vt 0.295162 0.937664
vt 0.897199 0.827399
vt 0.905240 0.830822
vt 0.904603 0.832859
vt 0.896177 0.829254
vt 0.303698 0.909521
vt 0.309025 0.911728
vt 0.898209 0.825563
vt 0.905868 0.828807
vt 0.276505 0.960397
vt 0.913469 0.741615
vt 0.904509 0.743518
vt 0.903859 0.741492
vt 0.913235 0.739483
vt 0.298044 0.908397
vt 0.913700 0.743736
vt 0.905153 0.745535
vt 0.281299 0.963600
vt 0.913928 0.745833
vt 0.905790 0.747531
vt 0.292279 0.908397
vt 0.947655 0.823945
vt 0.954005 0.817451
vt 0.955643 0.818764
vt 0.949013 0.825552
vt 0.286625 0.965806
vt 0.946303 0.822343
vt 0.952375 0.816143
vt 0.286625 0.909521
vt 0.944965 0.820757
vt 0.950761 0.814847
vt 0.292279 0.966931
vt 0.958982 0.809867
vt 0.962405 0.801471
vt 0.964411 0.802070
vt 0.960838 0.810839
vt 0.913824 0.832575
vt 0.922585 0.832518
vt 0.922816 0.834639
vt 0.913615 0.834716
vt 0.281299 0.911728
vt 0.957134 0.808897
vt 0.960406 0.800875
vt 0.896131 0.747134
vt 0.888638 0.752287
vt 0.887282 0.750681
vt 0.895107 0.745287
vt 0.298044 0.966931
vt 0.955303 0.807936
vt 0.958427 0.800285
vt 0.897151 0.748973
vt 0.889988 0.753888
vt 0.276505 0.914931
vt 0.267020 0.946201
vt 0.898160 0.750794
vt 0.891323 0.755473
vt 0.323304 0.946201
vt 0.321098 0.951527
vt 0.313818 0.914931
vt 0.903960 0.834906
vt 0.895148 0.831116
vt 0.914030 0.830460
vt 0.922358 0.830421
vt 0.949655 0.950634
vt 0.940992 0.956475
vt 0.939959 0.954566
vt 0.948273 0.948963
vt 0.900862 0.958513
vt 0.891588 0.954612
vt 0.893321 0.951409
vt 0.901936 0.955021
vt 0.900217 0.960600
vt 0.890552 0.956524
vt 0.874780 0.823593
vt 0.882406 0.831467
vt 0.879751 0.834584
vt 0.871591 0.826136
vt 0.898948 0.854294
vt 0.910030 0.851992
vt 0.910272 0.854283
vt 0.899629 0.856483
vt 0.923911 0.844401
vt 0.934770 0.841995
vt 0.936058 0.845917
vt 0.924413 0.848562
vt 0.900842 0.860397
vt 0.910697 0.858376
vt 0.911072 0.862010
vt 0.901917 0.863875
vt 0.960269 0.945880
vt 0.952332 0.953871
vt 0.950876 0.952110
vt 0.958499 0.944436
vt 0.900199 0.858318
vt 0.910473 0.856203
vt 0.944803 0.738461
vt 0.934622 0.734014
vt 0.935917 0.730035
vt 0.946823 0.734864
vt 0.955336 0.941855
vt 0.945959 0.946165
vt 0.952525 0.939559
vt 0.888554 0.858680
vt 0.889644 0.860692
vt 0.957015 0.943225
vt 0.868806 0.814436
vt 0.865201 0.816323
vt 0.910756 0.960517
vt 0.911115 0.956865
vt 0.921077 0.962650
vt 0.910541 0.962710
vt 0.920851 0.960477
vt 0.912649 0.844584
vt 0.912230 0.848868
vt 0.891589 0.864287
vt 0.893317 0.867486
vt 0.966504 0.936503
vt 0.964487 0.935430
vt 0.890557 0.862378
vt 0.953855 0.744739
vt 0.956505 0.741617
vt 0.960884 0.933511
vt 0.957682 0.931805
vt 0.879216 0.864984
vt 0.880673 0.866745
vt 0.962797 0.934531
vt 0.864701 0.804322
vt 0.860805 0.805482
vt 0.883276 0.869892
vt 0.885588 0.872691
vt 0.970799 0.926093
vt 0.968612 0.925432
vt 0.881895 0.868221
vt 0.961497 0.752598
vt 0.964681 0.750049
vt 0.964705 0.924251
vt 0.961232 0.923200
vt 0.871281 0.872975
vt 0.873051 0.874420
vt 0.864771 0.893977
vt 0.868754 0.884326
vt 0.870667 0.885345
vt 0.866846 0.894605
vt 0.967486 0.761748
vt 0.971093 0.759858
vt 0.921009 0.856141
vt 0.921200 0.854197
vt 0.961497 0.823472
vt 0.967478 0.814333
vt 0.971081 0.816222
vt 0.964673 0.826020
vt 0.951395 0.890367
vt 0.947011 0.883770
vt 0.952530 0.879267
vt 0.957683 0.887023
vt 0.404940 0.957127
vt 0.398828 0.951011
vt 0.410241 0.941646
vt 0.414307 0.945715
vt 0.971602 0.771869
vt 0.973696 0.782585
vt 0.966232 0.783315
vt 0.964413 0.774021
vt 0.862608 0.793615
vt 0.870071 0.792901
vt 0.871891 0.802189
vt 0.875462 0.810960
vt 0.880658 0.818891
vt 0.944856 0.837558
vt 0.932431 0.834757
vt 0.941184 0.830952
vt 0.394023 0.943822
vt 0.407044 0.936864
vt 0.879109 0.542308
vt 0.881025 0.547558
vt 0.867847 0.553360
vt 0.865394 0.547732
vt 0.866881 0.435457
vt 0.866218 0.441997
vt 0.849183 0.440198
vt 0.850199 0.433204
vt 0.866214 0.482176
vt 0.866880 0.488718
vt 0.850179 0.490991
vt 0.849157 0.483983
vt 0.881012 0.376601
vt 0.879098 0.381852
vt 0.865376 0.376428
vt 0.867844 0.370806
vt 0.960281 0.872949
vt 0.966509 0.882331
vt 0.964492 0.883403
vt 0.958509 0.874393
vt 0.869799 0.507668
vt 0.871048 0.513753
vt 0.855645 0.517462
vt 0.854080 0.511051
vt 0.872419 0.404442
vt 0.871040 0.410412
vt 0.855621 0.406745
vt 0.857307 0.400448
vt 0.877278 0.536879
vt 0.863144 0.541923
vt 0.913403 0.836873
vt 0.923050 0.836772
vt 0.848378 0.447370
vt 0.836742 0.446099
vt 0.837916 0.438544
vt 0.851339 0.497831
vt 0.840698 0.499991
vt 0.839254 0.492943
vt 0.852662 0.504512
vt 0.843921 0.513539
vt 0.842299 0.506845
vt 0.859115 0.394271
vt 0.847501 0.397623
vt 0.849461 0.391251
vt 0.861043 0.535978
vt 0.853781 0.545490
vt 0.851517 0.539246
vt 0.940998 0.862327
vt 0.949665 0.868186
vt 0.948281 0.869858
vt 0.939963 0.864240
vt 0.390717 0.910225
vt 0.394028 0.902237
vt 0.407047 0.909198
vt 0.404844 0.914512
vt 0.899647 0.962444
vt 0.889637 0.958214
vt 0.866843 0.924274
vt 0.864897 0.914446
vt 0.868509 0.914093
vt 0.870317 0.923226
vt 0.864897 0.904429
vt 0.870319 0.895654
vt 0.868508 0.904784
vt 0.972987 0.903786
vt 0.972987 0.915046
vt 0.970714 0.914823
vt 0.970714 0.904009
vt 0.445726 0.965242
vt 0.437245 0.966931
vt 0.435799 0.952237
vt 0.441441 0.951114
vt 0.317895 0.919007
vt 0.321098 0.923801
vt 0.303698 0.965806
vt 0.398831 0.895047
vt 0.404948 0.888936
vt 0.414311 0.900349
vt 0.410242 0.904415
vt 0.265895 0.940546
vt 0.324429 0.940546
vt 0.453714 0.961932
vt 0.446756 0.948912
vt 0.309025 0.963600
vt 0.390716 0.935833
vt 0.404844 0.931548
vt 0.269226 0.923801
vt 0.272428 0.919007
vt 0.476817 0.927358
vt 0.475132 0.935839
vt 0.461005 0.931552
vt 0.462126 0.925910
vt 0.453721 0.884133
vt 0.460908 0.888939
vt 0.451542 0.900350
vt 0.446760 0.897152
vt 0.324429 0.934781
vt 0.882434 0.744927
vt 0.891440 0.738683
vt 0.313818 0.960397
vt 0.971597 0.804222
vt 0.267019 0.929127
vt 0.420117 0.965241
vt 0.412130 0.961930
vt 0.419091 0.948910
vt 0.424405 0.951114
vt 0.323304 0.929127
vt 0.420125 0.880822
vt 0.428606 0.879135
vt 0.430050 0.893828
vt 0.424408 0.894950
vt 0.317895 0.956320
vt 0.428598 0.966927
vt 0.430047 0.952235
vt 0.265895 0.934781
vt 0.412137 0.884131
vt 0.419093 0.897152
vt 0.953867 0.831309
vt 0.956506 0.834422
vt 0.921519 0.966861
vt 0.910124 0.966949
vt 0.910349 0.964654
vt 0.921277 0.964570
vt 0.912374 0.731860
vt 0.901526 0.734258
vt 0.900236 0.730341
vt 0.911868 0.727706
vt 0.930706 0.958457
vt 0.920478 0.956843
vt 0.929632 0.954977
vt 0.879202 0.953904
vt 0.871269 0.945904
vt 0.873041 0.944461
vt 0.880662 0.952142
vt 0.931350 0.960535
vt 0.891450 0.837762
vt 0.901638 0.842223
vt 0.900338 0.846205
vt 0.889426 0.841361
vt 0.883270 0.948994
vt 0.876206 0.941881
vt 0.879020 0.939588
vt 0.885588 0.946195
vt 0.921426 0.851902
vt 0.932586 0.854208
vt 0.931903 0.856409
vt 0.881885 0.950666
vt 0.874525 0.943250
vt 0.946860 0.841131
vt 0.920794 0.858334
vt 0.930689 0.860341
vt 0.929614 0.863832
vt 0.920435 0.861987
vt 0.942993 0.960173
vt 0.932600 0.964559
vt 0.931919 0.962370
vt 0.941904 0.958161
vt 0.931332 0.858253
vt 0.923621 0.731671
vt 0.924035 0.727392
vt 0.938231 0.951369
vt 0.888542 0.960229
vt 0.898964 0.964644
vt 0.868747 0.934552
vt 0.870661 0.933536
vt 0.938231 0.867443
vt 0.873870 0.887049
vt 0.975501 0.770704
vt 0.977745 0.782193
vt 0.964705 0.894583
vt 0.966652 0.904409
vt 0.963041 0.904762
vt 0.961231 0.895631
vt 0.968809 0.904196
vt 0.968809 0.914637
vt 0.966652 0.914425
vt 0.963042 0.914070
vt 0.865047 0.882353
vt 0.867064 0.883426
vt 0.858561 0.794004
vt 0.951396 0.928462
vt 0.954417 0.921142
vt 0.904017 0.870701
vt 0.896703 0.873760
vt 0.890128 0.878181
vt 0.880156 0.890392
vt 0.877134 0.897712
vt 0.955957 0.913374
vt 0.947009 0.935055
vt 0.955956 0.905455
vt 0.875594 0.913398
vt 0.877132 0.921166
vt 0.875593 0.905479
vt 0.884543 0.883798
vt 0.879024 0.879297
vt 0.437253 0.879135
vt 0.445733 0.880821
vt 0.441445 0.894949
vt 0.435803 0.893827
vt 0.941421 0.878153
vt 0.945963 0.872658
vt 0.954416 0.897688
vt 0.862608 0.782704
vt 0.864708 0.771997
vt 0.871889 0.774150
vt 0.870069 0.783437
vt 0.868822 0.761891
vt 0.874803 0.752755
vt 0.880654 0.757463
vt 0.875460 0.765384
vt 0.955633 0.757315
vt 0.948989 0.750518
vt 0.960837 0.765246
vt 0.973694 0.793505
vt 0.966228 0.792780
vt 0.941128 0.745116
vt 0.932318 0.741332
vt 0.887289 0.825702
vt 0.475132 0.910232
vt 0.476820 0.918712
vt 0.462128 0.920158
vt 0.461005 0.914516
vt 0.922875 0.739378
vt 0.865338 0.462086
vt 0.865434 0.468833
vt 0.847849 0.469501
vt 0.847652 0.462095
vt 0.868677 0.422705
vt 0.867704 0.429024
vt 0.851356 0.426381
vt 0.852655 0.419705
vt 0.882994 0.552593
vt 0.884967 0.557374
vt 0.873398 0.563702
vt 0.870525 0.558718
vt 0.865726 0.475539
vt 0.848371 0.476812
vt 0.865732 0.448631
vt 0.865437 0.455338
vt 0.847861 0.454681
vt 0.884961 0.366777
vt 0.882984 0.371561
vt 0.870530 0.365442
vt 0.873419 0.360453
vt 0.867710 0.495150
vt 0.868684 0.501466
vt 0.875535 0.392870
vt 0.873922 0.398593
vt 0.861028 0.388197
vt 0.877269 0.387283
vt 0.863127 0.382246
vt 0.865223 0.759999
vt 0.871628 0.750208
vt 0.862740 0.914658
vt 0.862741 0.904218
vt 0.977744 0.793897
vt 0.975495 0.805382
vt 0.858561 0.915068
vt 0.858563 0.903807
vt 0.860836 0.904031
vt 0.860835 0.914845
vt 0.873925 0.525570
vt 0.875541 0.531294
vt 0.859127 0.529912
vt 0.872425 0.519722
vt 0.857325 0.523746
vt 0.840728 0.424204
vt 0.842282 0.417346
vt 0.869791 0.416501
vt 0.854079 0.413165
vt 0.862099 0.563674
vt 0.858954 0.557755
vt 0.856222 0.551672
vt 0.839281 0.431257
vt 0.862086 0.360486
vt 0.865719 0.354835
vt 0.835864 0.470271
vt 0.835376 0.462109
vt 0.837879 0.485659
vt 0.836741 0.478114
vt 0.835885 0.453944
vt 0.865696 0.569298
vt 0.858945 0.366415
vt 0.851497 0.384935
vt 0.853754 0.378689
vt 0.856184 0.372501
vt 0.849479 0.532929
vt 0.847526 0.526556
vt 0.845681 0.520100
vt 0.843924 0.410649
vt 0.845642 0.404081
vt 0.955344 0.876973
vt 0.957024 0.875603
vt 0.879800 0.741816
vt 0.889439 0.735111
vt 0.864768 0.924899
vt 0.860814 0.770834
vt 0.962801 0.884302
vt 0.960888 0.885320
vt 0.970799 0.892741
vt 0.968612 0.893401
vt 0.876213 0.877001
vt 0.966779 0.893955
vt 0.874534 0.875630
vt 0.858561 0.782310
vt 0.860752 0.892762
vt 0.862939 0.893423
vt 0.966779 0.924878
vt 0.943008 0.858623
vt 0.941914 0.860638
vt 0.896708 0.945123
vt 0.904031 0.948178
vt 0.911816 0.949733
vt 0.895600 0.426324
vt 0.895086 0.432033
vt 0.902859 0.535295
vt 0.904324 0.540350
vt 0.894594 0.462086
vt 0.894430 0.468296
vt 0.894714 0.437842
vt 0.905850 0.545359
vt 0.894389 0.474407
vt 0.894483 0.443753
vt 0.907411 0.550341
vt 0.894481 0.480418
vt 0.894391 0.449764
vt 0.907411 0.373815
vt 0.905849 0.378798
vt 0.894713 0.486328
vt 0.894431 0.455876
vt 0.904322 0.383809
vt 0.890129 0.940700
vt 0.895086 0.492136
vt 0.880152 0.928487
vt 0.873866 0.931833
vt 0.934843 0.873729
vt 0.919755 0.949723
vt 0.884539 0.935083
vt 0.927520 0.870674
vt 0.927533 0.948152
vt 0.919734 0.869119
vt 0.911795 0.869130
vt 0.934848 0.945093
vt 0.941423 0.940671
vt 0.865039 0.936524
vt 0.867057 0.935452
vt 0.467023 0.895052
vt 0.471825 0.902242
vt 0.458805 0.909201
vt 0.455610 0.904417
vt 0.952348 0.864949
vt 0.950889 0.866710
vt 0.389032 0.927352
vt 0.403723 0.925906
vt 0.471824 0.943828
vt 0.467018 0.951016
vt 0.455607 0.941649
vt 0.458804 0.936867
vt 0.862935 0.925453
vt 0.860748 0.926113
vt 0.460904 0.957131
vt 0.451539 0.945717
vt 0.389031 0.918706
vt 0.403723 0.920154
vt 0.901477 0.530180
vt 0.899021 0.519738
vt 0.900193 0.524997
vt 0.897045 0.415194
vt 0.896254 0.420712
vt 0.900192 0.399165
vt 0.899020 0.404425
vt 0.901475 0.393981
vt 0.896254 0.503455
vt 0.897046 0.508972
vt 0.902857 0.388865
vt 0.895600 0.497844
vt 0.897969 0.409766
vt 0.897970 0.514398
vt 0.938126 0.825440
vt 0.939136 0.827263
vt 0.940158 0.829104
vt 0.922251 0.745791
vt 0.922457 0.743676
vt 0.922664 0.741534
vt 0.891351 0.820885
vt 0.890009 0.822478
vt 0.888652 0.824087
vt 0.930500 0.828717
vt 0.931136 0.830713
vt 0.931782 0.832731
vt 0.930412 0.747434
vt 0.931039 0.745419
vt 0.931675 0.743380
vt 0.885548 0.814967
vt 0.883931 0.816266
vt 0.882297 0.817576
vt 0.938071 0.750667
vt 0.939080 0.748832
vt 0.940101 0.746977
vt 0.881002 0.808056
vt 0.879170 0.809017
vt 0.877319 0.809986
vt 0.944933 0.755336
vt 0.946273 0.753742
vt 0.947628 0.752133
vt 0.877876 0.800405
vt 0.875897 0.800995
vt 0.873897 0.801591
vt 0.950745 0.761241
vt 0.952361 0.759942
vt 0.953994 0.758631
vt 0.876284 0.792299
vt 0.874229 0.792498
vt 0.872154 0.792699
vt 0.955297 0.768152
vt 0.957128 0.767190
vt 0.958979 0.766219
vt 0.876281 0.784040
vt 0.874227 0.783841
vt 0.872152 0.783640
vt 0.958425 0.775806
vt 0.960405 0.775215
vt 0.962405 0.774619
vt 0.877870 0.775935
vt 0.875892 0.775345
vt 0.873894 0.774748
vt 0.960017 0.783915
vt 0.962072 0.783716
vt 0.964148 0.783515
vt 0.880991 0.768286
vt 0.879162 0.767326
vt 0.877315 0.766356
vt 0.960017 0.792177
vt 0.962072 0.792376
vt 0.964146 0.792577
vt 0.885530 0.761379
vt 0.883918 0.760083
vt 0.882290 0.758775
vn -0.8660 0.0000 0.5000
vn -0.9914 0.0000 0.1305
vn -0.1305 0.0000 -0.9914
vn -0.5000 0.0000 -0.8660
vn -0.8660 0.0000 -0.5000
vn -0.9914 0.0000 -0.1305
vn 0.9914 0.0000 -0.1305
vn 0.8660 0.0000 -0.5000
vn 0.5000 0.0000 -0.8660
vn 0.1305 0.0000 -0.9914
vn 0.1305 0.0000 0.9914
vn 0.5000 0.0000 0.8660
vn 0.8660 0.0000 0.5000
vn 0.9914 0.0000 0.1305
vn -0.5000 0.0000 0.8660
vn -0.1305 0.0000 0.9914
vn -0.3986 -0.7653 -0.5054
vn -0.4668 -0.8010 -0.3747
vn -0.7924 -0.4581 -0.4027
vn -0.7261 -0.4122 -0.5503
vn 0.7261 -0.4122 -0.5503
vn 0.7924 -0.4581 -0.4027
vn 0.4668 -0.8010 -0.3747
vn 0.3986 -0.7653 -0.5054
vn 0.0000 0.0000 -1.0000
vn -0.0878 0.9133 0.3977
vn -0.1305 0.9449 0.3003
vn -0.4668 0.8010 0.3747
vn -0.3986 0.7653 0.5054
vn -0.0878 -0.9133 -0.3977
vn 0.0878 -0.9133 -0.3977
vn 0.1305 -0.9449 -0.3003
vn -0.1305 -0.9449 -0.3003
vn -0.9184 -0.1238 -0.3758
vn -0.8568 -0.0947 -0.5069
vn -0.8568 0.0947 -0.5069
vn -0.9184 0.1238 -0.3758
vn 0.1305 0.9449 0.3003
vn 0.0878 0.9133 0.3977
vn -0.7261 0.4122 0.5503
vn -0.7924 0.4581 0.4027
vn -0.9184 0.1238 0.3758
vn -0.8568 0.0947 0.5069
vn 0.9184 -0.1238 0.3758
vn 0.8568 -0.0947 0.5069
vn 0.7261 -0.4122 0.5503
vn 0.7924 -0.4581 0.4027
vn 0.8568 -0.0947 -0.5069
vn 0.8568 0.0947 -0.5069
vn 0.9184 0.1238 -0.3758
vn 0.9184 -0.1238 -0.3758
vn 0.3986 0.7653 0.5054
vn 0.4668 0.8010 0.3747
vn 0.0878 0.9133 -0.3977
vn 0.1305 0.9449 -0.3003
vn 0.4668 0.8010 -0.3747
vn 0.3986 0.7653 -0.5054
vn 0.7261 0.4122 -0.5503
vn 0.7924 0.4581 -0.4027
vn -0.0878 0.9133 -0.3977
vn -0.1305 0.9449 -0.3003
vn -0.9184 -0.1238 0.3758
vn -0.8568 -0.0947 0.5069
vn 0.7924 0.4581 0.4027
vn 0.7261 0.4122 0.5503
vn 0.8568 0.0947 0.5069
vn 0.9184 0.1238 0.3758
vn 0.4668 -0.8010 0.3747
vn 0.3986 -0.7653 0.5054
vn 0.0878 -0.9133 0.3977
vn 0.1305 -0.9449 0.3003
vn -0.7924 0.4581 -0.4027
vn -0.7261 0.4122 -0.5503
vn -0.4668 0.8010 -0.3747
vn -0.3986 0.7653 -0.5054
vn -0.7924 -0.4581 0.4027
vn -0.7261 -0.4122 0.5503
vn -0.4668 -0.8010 0.3747
vn -0.3986 -0.7653 0.5054
vn -0.1305 -0.9449 0.3003
vn -0.0878 -0.9133 0.3977
vn -0.9902 0.1394 0.0000
vn -0.9902 -0.1394 0.0000
vn 0.9902 0.1394 0.0000
vn 0.8646 0.5024 0.0000
vn 0.5147 0.8573 0.0000
vn 0.1456 0.9893 0.0000
vn 0.1456 -0.9893 0.0000
vn 0.5147 -0.8573 0.0000
vn 0.8646 -0.5024 0.0000
vn 0.9902 -0.1394 0.0000
vn -0.8646 0.5024 0.0000
vn -0.5147 0.8573 0.0000
vn -0.1456 0.9893 0.0000
vn -0.8646 -0.5024 0.0000
vn -0.5147 -0.8573 0.0000
vn -0.1456 -0.9893 0.0000
vn 0.0000 0.0000 1.0000
vn 0.0000 -1.0000 0.0000
vn 0.0000 1.0000 0.0000
vn 1.0000 0.0000 0.0000
vn -1.0000 0.0000 0.0000
vn 0.0000 0.4953 -0.8687
vn 0.0000 0.7118 -0.7024
vn 0.1818 0.7118 -0.6784
vn 0.2248 0.4953 -0.8391
vn 0.0201 -0.9969 -0.0752
vn 0.0389 -0.9969 -0.0674
vn 0.0000 -0.4953 -0.8687
vn 0.0000 -0.2561 -0.9666
vn 0.2502 -0.2561 -0.9337
vn 0.2248 -0.4953 -0.8391
vn 0.0000 0.2561 -0.9666
vn 0.2502 0.2561 -0.9337
vn 0.0000 -0.6826 -0.7308
vn 0.1891 -0.6826 -0.7059
vn 0.2588 0.0000 -0.9659
vn 0.0000 0.8116 -0.5842
vn 0.1512 0.8116 -0.5643
vn 0.3000 -0.8000 -0.5195
vn 0.3654 -0.6826 -0.6329
vn 0.5167 -0.6826 -0.5167
vn 0.4242 -0.8000 -0.4242
vn 0.4343 -0.4953 -0.7523
vn 0.4833 0.2561 -0.8371
vn 0.2921 0.8116 -0.5059
vn 0.3512 0.7118 -0.6082
vn 0.0000 -0.9969 -0.0778
vn 0.4833 -0.2561 -0.8371
vn 0.4343 0.4953 -0.7523
vn 0.0000 -0.8000 -0.5999
vn 0.1552 -0.8000 -0.5795
vn 0.6835 -0.2561 -0.6835
vn 0.6142 -0.4953 -0.6142
vn 0.6142 0.4953 -0.6142
vn 0.6835 0.2561 -0.6835
vn 0.7071 0.0000 -0.7071
vn 0.4131 0.8116 -0.4131
vn 0.4966 0.7118 -0.4966
vn 0.0550 -0.9969 -0.0550
vn 0.6329 -0.6826 -0.3654
vn 0.5195 -0.8000 -0.2999
vn 0.0674 -0.9969 -0.0389
vn 0.8371 -0.2561 -0.4833
vn 0.6082 0.7118 -0.3512
vn 0.7523 0.4953 -0.4343
vn 0.7059 -0.6826 -0.1891
vn 0.5795 -0.8000 -0.1552
vn 0.7523 -0.4953 -0.4343
vn 0.8371 0.2561 -0.4833
vn 0.5059 0.8116 -0.2921
vn 0.8391 -0.4953 -0.2248
vn 0.9337 0.2561 -0.2502
vn 0.9659 0.0000 -0.2588
vn 0.5643 0.8116 -0.1512
vn 0.6784 0.7118 -0.1818
vn 0.0752 -0.9969 -0.0201
vn 0.9337 -0.2561 -0.2502
vn 0.8391 0.4953 -0.2248
vn 0.7308 -0.6826 0.0000
vn 0.5999 -0.8000 0.0000
vn 0.7059 -0.6826 0.1891
vn 0.5795 -0.8000 0.1552
vn 0.9666 -0.2561 0.0000
vn 0.8687 -0.4953 0.0000
vn 0.8687 0.4953 0.0000
vn 0.9666 0.2561 0.0000
vn 0.5842 0.8116 0.0000
vn 0.7024 0.7118 0.0000
vn 0.0778 -0.9969 0.0000
vn 0.5643 0.8116 0.1512
vn 0.6784 0.7118 0.1818
vn 0.0752 -0.9969 0.0201
vn 0.9659 0.0000 0.2588
vn 0.9337 -0.2561 0.2502
vn 0.8391 0.4953 0.2248
vn 0.6329 -0.6826 0.3654
vn 0.5195 -0.8000 0.2999
vn 0.8391 -0.4953 0.2248
vn 0.9337 0.2561 0.2502
vn 0.7523 -0.4953 0.4343
vn 0.8371 0.2561 0.4833
vn 0.5059 0.8116 0.2921
vn 0.6082 0.7118 0.3512
vn 0.0674 -0.9969 0.0389
vn 0.8371 -0.2561 0.4833
vn 0.7523 0.4953 0.4343
vn 0.5167 -0.6826 0.5167
vn 0.4242 -0.8000 0.4242
vn 0.4966 0.7118 0.4966
vn 0.6142 0.4953 0.6142
vn 0.3654 -0.6826 0.6329
vn 0.3000 -0.8000 0.5195
vn 0.6835 -0.2561 0.6835
vn 0.6142 -0.4953 0.6142
vn 0.6835 0.2561 0.6835
vn 0.7071 0.0000 0.7071
vn 0.4131 0.8116 0.4131
vn 0.0550 -0.9969 0.0550
vn 0.2921 0.8116 0.5059
vn 0.3512 0.7118 0.6082
vn 0.0389 -0.9969 0.0674
vn 0.4833 -0.2561 0.8371
vn 0.4343 0.4953 0.7523
vn 0.1891 -0.6826 0.7059
vn 0.1552 -0.8000 0.5795
vn 0.4343 -0.4953 0.7523
vn 0.4833 0.2561 0.8371
vn 0.2248 0.4953 0.8391
vn 0.2502 0.2561 0.9337
vn 0.2248 -0.4953 0.8391
vn 0.2588 0.0000 0.9659
vn 0.1512 0.8116 0.5643
vn 0.1818 0.7118 0.6784
vn 0.0201 -0.9969 0.0752
vn 0.2502 -0.2561 0.9337
vn 0.0000 -0.6826 0.7308
vn 0.0000 -0.8000 0.5999
vn 0.0000 0.7118 0.7024
vn 0.0000 0.4953 0.8687
vn -0.1891 -0.6826 0.7059
vn -0.1552 -0.8000 0.5795
vn 0.0000 -0.2561 0.9666
vn 0.0000 -0.4953 0.8687
vn 0.0000 0.2561 0.9666
vn 0.0000 0.8116 0.5842
vn 0.0000 -0.9969 0.0778
vn -0.2502 0.2561 0.9337
vn -0.2588 0.0000 0.9659
vn -0.1512 0.8116 0.5643
vn -0.1818 0.7118 0.6784
vn -0.0201 -0.9969 0.0752
vn -0.2502 -0.2561 0.9337
vn -0.2248 0.4953 0.8391
vn -0.3654 -0.6826 0.6329
vn -0.3000 -0.8000 0.5195
vn -0.2248 -0.4953 0.8391
vn -0.4343 0.4953 0.7523
vn -0.4833 0.2561 0.8371
vn -0.4343 -0.4953 0.7523
vn -0.2921 0.8116 0.5059
vn -0.3512 0.7118 0.6082
vn -0.0389 -0.9969 0.0674
vn -0.4833 -0.2561 0.8371
vn -0.5167 -0.6826 0.5167
vn -0.4242 -0.8000 0.4242
vn -0.7071 0.0000 0.7071
vn -0.6835 -0.2561 0.6835
vn -0.4966 0.7118 0.4966
vn -0.6142 0.4953 0.6142
vn -0.6329 -0.6826 0.3654
vn -0.5195 -0.8000 0.2999
vn -0.6142 -0.4953 0.6142
vn -0.6835 0.2561 0.6835
vn -0.4131 0.8116 0.4131
vn -0.0550 -0.9969 0.0550
vn -0.8371 0.2561 0.4833
vn -0.5059 0.8116 0.2921
vn -0.6082 0.7118 0.3512
vn -0.0674 -0.9969 0.0389
vn -0.8371 -0.2561 0.4833
vn -0.7523 0.4953 0.4343
vn -0.7059 -0.6826 0.1891
vn -0.5795 -0.8000 0.1552
vn -0.7523 -0.4953 0.4343
vn -0.9337 -0.2561 0.2502
vn -0.8391 -0.4953 0.2248
vn -0.8391 0.4953 0.2248
vn -0.9337 0.2561 0.2502
vn -0.9659 0.0000 0.2588
vn -0.5643 0.8116 0.1512
vn -0.6784 0.7118 0.1818
vn -0.0752 -0.9969 0.0201
vn -0.7308 -0.6826 0.0000
vn -0.5999 -0.8000 0.0000
vn -0.9666 -0.2561 0.0000
vn -0.7024 0.7118 0.0000
vn -0.8687 0.4953 0.0000
vn -0.7059 -0.6826 -0.1891
vn -0.5795 -0.8000 -0.1552
vn -0.8687 -0.4953 0.0000
vn -0.9666 0.2561 0.0000
vn -0.5842 0.8116 0.0000
vn -0.0778 -0.9969 0.0000
vn -0.8391 -0.4953 -0.2248
vn -0.9337 0.2561 -0.2502
vn -0.9659 0.0000 -0.2588
vn -0.5643 0.8116 -0.1512
vn -0.6784 0.7118 -0.1818
vn -0.0752 -0.9969 -0.0201
vn -0.9337 -0.2561 -0.2502
vn -0.8391 0.4953 -0.2248
vn -0.6329 -0.6826 -0.3654
vn -0.5195 -0.8000 -0.2999
vn -0.8371 -0.2561 -0.4833
vn -0.7523 -0.4953 -0.4343
vn -0.7523 0.4953 -0.4343
vn -0.8371 0.2561 -0.4833
vn -0.5059 0.8116 -0.2921
vn -0.6082 0.7118 -0.3512
vn -0.0674 -0.9969 -0.0389
vn -0.5167 -0.6826 -0.5167
vn -0.4242 -0.8000 -0.4242
vn -0.0550 -0.9969 -0.0550
vn -0.7071 0.0000 -0.7071
vn -0.6835 -0.2561 -0.6835
vn -0.4966 0.7118 -0.4966
vn -0.6142 0.4953 -0.6142
vn -0.3654 -0.6826 -0.6329
vn -0.2999 -0.8000 -0.5195
vn -0.6142 -0.4953 -0.6142
vn -0.6835 0.2561 -0.6835
vn -0.4131 0.8116 -0.4131
vn -0.4343 -0.4953 -0.7523
vn -0.4833 0.2561 -0.8371
vn -0.2921 0.8116 -0.5059
vn -0.3512 0.7118 -0.6082
vn -0.0389 -0.9969 -0.0674
vn -0.4833 -0.2561 -0.8371
vn -0.4343 0.4953 -0.7523
vn -0.1891 -0.6826 -0.7059
vn -0.1552 -0.8000 -0.5795
vn -0.2502 -0.2561 -0.9337
vn -0.2248 -0.4953 -0.8391
vn -0.2248 0.4953 -0.8391
vn -0.2502 0.2561 -0.9337
vn -0.2588 0.0000 -0.9659
vn -0.1512 0.8116 -0.5643
vn -0.1818 0.7118 -0.6784
vn -0.0201 -0.9969 -0.0752
vn 0.0660 -0.9669 -0.2463
vn 0.1275 -0.9669 -0.2208
vn 0.1168 -0.8923 -0.4360
vn 0.2257 -0.8923 -0.3909
vn 0.1803 -0.9669 -0.1803
vn 0.3192 -0.8923 -0.3192
vn 0.2208 -0.9669 -0.1275
vn 0.3909 -0.8923 -0.2257
vn 0.2463 -0.9669 -0.0660
vn 0.4360 -0.8923 -0.1168
vn 0.4514 -0.8923 0.0000
vn 0.2550 -0.9669 0.0000
vn 0.2463 -0.9669 0.0660
vn 0.4360 -0.8923 0.1168
vn 0.2208 -0.9669 0.1275
vn 0.3909 -0.8923 0.2257
vn 0.3192 -0.8923 0.3192
vn 0.1803 -0.9669 0.1803
vn 0.1275 -0.9669 0.2208
vn 0.2257 -0.8923 0.3909
vn 0.0660 -0.9669 0.2463
vn 0.1168 -0.8923 0.4360
vn 0.0000 -0.8923 0.4514
vn 0.0000 -0.9669 0.2550
vn -0.0660 -0.9669 0.2463
vn -0.1168 -0.8923 0.4360
vn -0.1275 -0.9669 0.2208
vn -0.2257 -0.8923 0.3909
vn -0.3192 -0.8923 0.3192
vn -0.1803 -0.9669 0.1803
vn -0.2208 -0.9669 0.1275
vn -0.3909 -0.8923 0.2257
vn -0.2463 -0.9669 0.0660
vn -0.4360 -0.8923 0.1168
vn -0.4514 -0.8923 0.0000
vn -0.2550 -0.9669 0.0000
vn -0.2463 -0.9669 -0.0660
vn -0.4360 -0.8923 -0.1168
vn -0.2208 -0.9669 -0.1275
vn -0.3909 -0.8923 -0.2257
vn -0.1803 -0.9669 -0.1803
vn -0.3192 -0.8923 -0.3192
vn -0.1275 -0.9669 -0.2208
vn -0.2257 -0.8923 -0.3909
vn -0.1168 -0.8923 -0.4360
vn -0.0660 -0.9669 -0.2463
vn 0.0000 -0.9669 -0.2550
vn 0.0000 -0.8923 -0.4514
vn -0.3000 -0.8000 -0.5195
vn -0.5195 -0.8000 -0.3000
vn 0.2999 -0.8000 -0.5195
vn 0.5195 -0.8000 -0.3000
vn 0.3118 0.0574 0.9484
vn 0.5879 0.0656 0.8062
vn 0.5821 0.1584 0.7975
vn 0.3103 0.1397 0.9403
vn -0.9484 0.0643 -0.3104
vn -0.9951 0.0576 -0.0800
vn -0.9868 0.1405 -0.0800
vn -0.9386 0.1554 -0.3078
vn -0.9951 0.0576 0.0800
vn -0.9484 0.0643 0.3104
vn -0.9386 0.1554 0.3078
vn -0.9868 0.1405 0.0800
vn 0.5879 0.0656 -0.8062
vn 0.3118 0.0574 -0.9484
vn 0.3103 0.1397 -0.9403
vn 0.5821 0.1584 -0.7975
vn 0.0807 0.0476 0.9956
vn 0.0811 0.1171 0.9898
vn -0.8070 0.0680 -0.5866
vn -0.7979 0.1638 -0.5801
vn 0.8070 0.0680 -0.5866
vn 0.7979 0.1638 -0.5801
vn 0.8070 0.0680 0.5866
vn 0.7979 0.1638 0.5801
vn -0.8070 0.0680 0.5866
vn -0.7979 0.1638 0.5801
vn 0.0807 0.0476 -0.9956
vn 0.0811 0.1171 -0.9898
vn 0.9484 0.0643 0.3104
vn 0.9386 0.1554 0.3078
vn -0.5879 0.0656 0.8062
vn -0.5821 0.1584 0.7975
vn -0.0807 0.0476 -0.9956
vn -0.0811 0.1171 -0.9898
vn 0.9951 0.0576 0.0800
vn 0.9868 0.1405 0.0800
vn -0.3118 0.0574 0.9484
vn -0.3103 0.1397 0.9403
vn -0.3118 0.0574 -0.9484
vn -0.3103 0.1397 -0.9403
vn 0.9951 0.0576 -0.0800
vn 0.9868 0.1405 -0.0800
vn -0.0807 0.0476 0.9956
vn -0.0811 0.1171 0.9898
vn -0.5879 0.0656 -0.8062
vn -0.5821 0.1584 -0.7975
vn 0.9484 0.0643 -0.3104
vn 0.9386 0.1554 -0.3078
vn -0.7860 0.5635 -0.2542
vn -0.8489 0.5243 -0.0669
vn -0.8057 0.5903 -0.0489
vn -0.7411 0.6336 -0.2219
vn -0.8489 0.5243 0.0669
vn -0.7860 0.5635 0.2542
vn -0.7411 0.6336 0.2219
vn -0.8057 0.5903 0.0489
vn 0.4816 0.5713 0.6645
vn 0.6563 0.5849 0.4766
vn 0.6101 0.6582 0.4411
vn 0.4386 0.6427 0.6281
vn 0.7860 0.5635 -0.2542
vn 0.6563 0.5849 -0.4766
vn 0.6101 0.6582 -0.4411
vn 0.7411 0.6336 -0.2219
vn -0.4816 0.5713 -0.6645
vn -0.6563 0.5849 -0.4766
vn -0.6101 0.6582 -0.4411
vn -0.4386 0.6427 -0.6281
vn -0.0705 0.4551 0.8876
vn 0.0705 0.4551 0.8876
vn 0.0465 0.5117 0.8579
vn -0.0465 0.5117 0.8579
vn 0.8489 0.5243 -0.0669
vn 0.8057 0.5903 -0.0489
vn -0.2625 0.5206 -0.8124
vn -0.2213 0.5830 -0.7817
vn -0.2625 0.5206 0.8124
vn -0.2213 0.5830 0.7817
vn 0.8489 0.5243 0.0669
vn 0.8057 0.5903 0.0489
vn -0.0705 0.4551 -0.8876
vn -0.0465 0.5117 -0.8579
vn -0.4816 0.5713 0.6645
vn -0.4386 0.6427 0.6281
vn 0.7860 0.5635 0.2542
vn 0.7411 0.6336 0.2219
vn 0.0705 0.4551 -0.8876
vn 0.0465 0.5117 -0.8579
vn -0.6563 0.5849 0.4766
vn -0.6101 0.6582 0.4411
vn 0.2625 0.5206 -0.8124
vn 0.2213 0.5830 -0.7817
vn 0.4816 0.5713 -0.6645
vn 0.4386 0.6427 -0.6281
vn 0.2625 0.5206 0.8124
vn 0.2213 0.5830 0.7817
vn 0.8829 0.3700 -0.2891
vn 0.7458 0.3870 -0.5421
vn -0.5459 0.3762 -0.7486
vn -0.7458 0.3870 -0.5421
vn -0.0786 0.2885 0.9542
vn 0.0786 0.2885 0.9542
vn 0.9374 0.3397 -0.0761
vn -0.2946 0.3372 -0.8941
vn -0.2946 0.3372 0.8941
vn 0.9374 0.3397 0.0761
vn -0.0786 0.2885 -0.9542
vn -0.5459 0.3762 0.7486
vn 0.8829 0.3700 0.2891
vn 0.0786 0.2885 -0.9542
vn -0.7458 0.3870 0.5421
vn 0.7458 0.3870 0.5421
vn 0.2946 0.3372 -0.8941
vn -0.8829 0.3700 0.2891
vn 0.5459 0.3762 0.7486
vn 0.5459 0.3762 -0.7486
vn -0.9374 0.3397 0.0761
vn -0.8829 0.3700 -0.2891
vn -0.9374 0.3397 -0.0761
vn 0.2946 0.3372 0.8941
vn 0.9170 0.3922 0.0730
vn 0.8886 0.4551 0.0575
vn 0.8302 0.4965 0.2534
vn 0.8596 0.4275 0.2796
vn 0.8886 -0.4551 0.0575
vn 0.9170 -0.3922 0.0730
vn 0.8596 -0.4275 0.2796
vn 0.8302 -0.4965 0.2534
vn -0.5295 0.4346 -0.7285
vn -0.4971 0.5053 -0.7054
vn -0.2510 0.4495 -0.8573
vn -0.2853 0.3896 -0.8756
vn 0.8596 0.4275 -0.2796
vn 0.8302 0.4965 -0.2534
vn 0.8886 0.4551 -0.0575
vn 0.9170 0.3922 -0.0730
vn 0.0754 0.3334 0.9397
vn 0.0551 0.3854 0.9211
vn -0.0551 0.3854 0.9211
vn -0.0754 0.3334 0.9397
vn -0.2510 -0.4495 0.8573
vn -0.2853 -0.3896 0.8756
vn -0.5295 -0.4347 0.7285
vn -0.4971 -0.5053 0.7054
vn -0.2510 -0.4495 -0.8573
vn -0.2853 -0.3896 -0.8756
vn -0.0754 -0.3334 -0.9397
vn -0.0551 -0.3854 -0.9211
vn 0.8886 -0.4551 -0.0575
vn 0.9170 -0.3922 -0.0730
vn 0.0551 -0.3854 0.9211
vn 0.0754 -0.3334 0.9397
vn -0.0754 -0.3334 0.9397
vn -0.0551 -0.3854 0.9211
vn -0.6917 -0.5204 -0.5006
vn -0.7236 -0.4471 -0.5258
vn -0.5295 -0.4347 -0.7285
vn -0.4971 -0.5053 -0.7054
vn 0.6917 -0.5204 -0.5006
vn 0.7236 -0.4471 -0.5258
vn 0.8596 -0.4275 -0.2796
vn 0.8302 -0.4965 -0.2534
vn 0.2510 -0.4495 0.8573
vn 0.2853 -0.3896 0.8756
vn -0.8302 -0.4965 -0.2534
vn -0.8596 -0.4275 -0.2796
vn -0.8596 0.4275 0.2796
vn -0.8302 0.4965 0.2534
vn -0.8886 0.4551 0.0575
vn -0.9170 0.3922 0.0730
vn 0.4971 -0.5053 -0.7054
vn 0.5295 -0.4347 -0.7285
vn 0.4971 -0.5053 0.7054
vn 0.5295 -0.4347 0.7285
vn -0.8886 -0.4551 -0.0575
vn -0.9170 -0.3922 -0.0730
vn -0.8302 -0.4965 0.2534
vn -0.8596 -0.4275 0.2796
vn -0.9170 -0.3922 0.0730
vn -0.8886 -0.4551 0.0575
vn 0.2510 -0.4495 -0.8573
vn 0.2853 -0.3896 -0.8756
vn 0.6917 -0.5204 0.5006
vn 0.7236 -0.4471 0.5258
vn -0.6917 -0.5204 0.5006
vn -0.7236 -0.4471 0.5258
vn 0.0551 -0.3854 -0.9211
vn 0.0754 -0.3334 -0.9397
vn 0.0754 0.3334 -0.9397
vn 0.0551 0.3854 -0.9211
vn 0.2510 0.4495 -0.8573
vn 0.2853 0.3896 -0.8756
vn -0.7236 0.4471 0.5258
vn -0.6917 0.5204 0.5007
vn 0.6917 0.5204 0.5006
vn 0.7236 0.4471 0.5258
vn -0.5295 0.4346 0.7285
vn -0.4971 0.5053 0.7054
vn 0.4971 0.5053 0.7054
vn 0.5295 0.4346 0.7285
vn 0.4971 0.5053 -0.7054
vn 0.5295 0.4346 -0.7285
vn -0.9170 0.3922 -0.0730
vn -0.8886 0.4551 -0.0575
vn -0.8302 0.4965 -0.2534
vn -0.8596 0.4275 -0.2796
vn 0.2510 0.4495 0.8573
vn 0.2853 0.3896 0.8756
vn 0.6917 0.5204 -0.5007
vn 0.7236 0.4471 -0.5258
vn -0.6917 0.5204 -0.5006
vn -0.7236 0.4471 -0.5258
vn -0.0551 0.3854 -0.9211
vn -0.0754 0.3334 -0.9397
vn -0.2853 0.3896 0.8756
vn -0.2510 0.4495 0.8573
vn 0.7836 0.2478 0.5697
vn 0.9232 0.2359 0.3034
vn 0.8088 0.0000 0.5881
vn 0.9499 0.0000 0.3126
vn 0.7836 -0.2478 0.5697
vn 0.9232 -0.2359 0.3034
vn -0.7836 0.2478 0.5697
vn -0.5726 0.2402 0.7838
vn -0.8088 0.0000 0.5881
vn -0.5902 0.0000 0.8072
vn -0.7836 -0.2478 0.5697
vn -0.5726 -0.2402 0.7838
vn 0.3071 0.2133 -0.9274
vn 0.0812 0.1803 -0.9802
vn 0.3149 0.0000 -0.9491
vn 0.0825 0.0000 -0.9966
vn 0.3071 -0.2133 -0.9274
vn 0.0812 -0.1803 -0.9802
vn -0.9232 0.2359 0.3034
vn -0.9499 0.0000 0.3126
vn -0.9232 -0.2359 0.3034
vn 0.5726 0.2402 0.7838
vn 0.5902 0.0000 0.8072
vn 0.5726 -0.2402 0.7838
vn 0.5726 0.2402 -0.7838
vn 0.5902 0.0000 -0.8072
vn 0.5726 -0.2402 -0.7838
vn -0.9734 0.2148 0.0795
vn -0.9967 0.0000 0.0815
vn -0.9734 -0.2148 0.0795
vn -0.9232 0.2359 -0.3034
vn -0.9734 0.2148 -0.0795
vn -0.9499 0.0000 -0.3126
vn -0.9967 0.0000 -0.0815
vn -0.9232 -0.2359 -0.3034
vn -0.9734 -0.2148 -0.0795
vn 0.3071 0.2133 0.9274
vn 0.3149 0.0000 0.9491
vn 0.3071 -0.2133 0.9274
vn 0.7836 0.2478 -0.5697
vn 0.8088 0.0000 -0.5881
vn 0.7836 -0.2478 -0.5697
vn -0.7836 0.2478 -0.5697
vn -0.8088 0.0000 -0.5881
vn -0.7836 -0.2478 -0.5697
vn 0.0812 0.1803 0.9802
vn 0.0825 0.0000 0.9966
vn 0.0812 -0.1803 0.9802
vn 0.9232 0.2359 -0.3034
vn 0.9499 0.0000 -0.3126
vn 0.9232 -0.2359 -0.3034
vn -0.5726 0.2402 -0.7838
vn -0.5902 0.0000 -0.8072
vn -0.5726 -0.2402 -0.7838
vn -0.0812 0.1803 0.9802
vn -0.0825 0.0000 0.9966
vn -0.0812 -0.1803 0.9802
vn 0.9734 0.2148 -0.0795
vn 0.9967 0.0000 -0.0815
vn 0.9734 -0.2148 -0.0795
vn -0.3071 0.2133 -0.9274
vn -0.3149 0.0000 -0.9491
vn -0.3071 -0.2133 -0.9274
vn -0.3071 0.2133 0.9274
vn -0.3149 0.0000 0.9491
vn -0.3071 -0.2133 0.9274
vn 0.9734 0.2148 0.0795
vn 0.9967 0.0000 0.0815
vn 0.9734 -0.2148 0.0795
vn -0.0812 0.1803 -0.9802
vn -0.0825 0.0000 -0.9966
vn -0.0812 -0.1803 -0.9802
vn -0.6953 -0.2880 0.6585
vn -0.7381 -0.1468 0.6585
vn -0.9242 -0.1838 0.3348
vn -0.8705 -0.3606 0.3348
vn -0.0345 -0.0231 0.9991
vn -0.0384 -0.0159 0.9991
vn 0.3150 0.1305 0.9401
vn 0.2835 0.1894 0.9401
vn -0.3150 -0.1305 0.9401
vn -0.3344 -0.0665 0.9401
vn -0.5322 -0.5322 0.6585
vn -0.6258 -0.4181 0.6585
vn -0.7834 -0.5235 0.3348
vn -0.6663 -0.6663 0.3348
vn 0.0384 0.0159 0.9991
vn 0.0407 0.0081 0.9991
vn -0.2411 -0.2411 0.9401
vn -0.2835 -0.1894 0.9401
vn 0.7381 -0.1468 0.6585
vn 0.6953 -0.2880 0.6585
vn 0.8705 -0.3606 0.3348
vn 0.9242 -0.1838 0.3348
vn 0.0294 0.0294 0.9991
vn 0.0345 0.0231 0.9991
vn 0.3344 -0.0665 0.9401
vn 0.3150 -0.1305 0.9401
vn 0.7381 0.1468 0.6585
vn 0.7526 0.0000 0.6585
vn 0.9423 0.0000 0.3348
vn 0.9242 0.1838 0.3348
vn -0.0407 0.0081 0.9991
vn -0.0384 0.0159 0.9991
vn 0.3344 0.0665 0.9401
vn 0.3409 0.0000 0.9401
vn -0.7526 0.0000 0.6585
vn -0.9423 0.0000 0.3348
vn -0.0407 -0.0081 0.9991
vn -0.0415 0.0000 0.9991
vn -0.3409 0.0000 0.9401
vn 0.0415 0.0000 0.9991
vn 0.9239 0.0000 0.3827
vn 0.9061 0.1802 0.3827
vn 0.6258 -0.4181 0.6585
vn 0.7834 -0.5235 0.3348
vn -0.1305 -0.3150 0.9401
vn -0.1894 -0.2835 0.9401
vn -0.4181 -0.6258 0.6585
vn -0.2880 -0.6953 0.6585
vn 0.2835 -0.1894 0.9401
vn 0.0159 0.0384 0.9991
vn 0.0231 0.0345 0.9991
vn -0.0345 0.0231 0.9991
vn 0.6258 0.4181 0.6585
vn 0.6953 0.2880 0.6585
vn 0.8705 0.3606 0.3348
vn 0.7834 0.5235 0.3348
vn -0.7381 0.1468 0.6585
vn -0.9242 0.1838 0.3348
vn -0.5235 -0.7835 0.3348
vn -0.3606 -0.8705 0.3348
vn -0.9239 0.0000 0.3827
vn -0.9061 0.1802 0.3827
vn -0.9352 0.1860 0.3011
vn -0.9536 0.0000 0.3011
vn -0.1806 0.2704 -0.9456
vn -0.2299 0.2299 -0.9456
vn -0.2973 0.2973 -0.9073
vn -0.2335 0.3495 -0.9073
vn 0.0634 -0.3189 -0.9456
vn 0.1244 -0.3004 -0.9456
vn 0.1609 -0.3884 -0.9073
vn 0.0820 -0.4123 -0.9073
vn -0.2704 0.1806 -0.9456
vn -0.3495 0.2335 -0.9073
vn -0.1244 0.3004 -0.9456
vn -0.1609 0.3884 -0.9073
vn 0.0000 -0.3251 -0.9456
vn 0.0000 -0.4204 -0.9073
vn -0.0634 -0.3189 -0.9456
vn -0.0820 -0.4123 -0.9073
vn 0.2299 0.2299 -0.9456
vn 0.1806 0.2704 -0.9456
vn 0.2335 0.3495 -0.9073
vn 0.2973 0.2973 -0.9073
vn -0.0634 0.3189 -0.9456
vn -0.0820 0.4123 -0.9073
vn -0.1244 -0.3004 -0.9456
vn -0.1609 -0.3884 -0.9073
vn 0.2704 0.1806 -0.9456
vn 0.3495 0.2335 -0.9073
vn 0.0000 0.3251 -0.9456
vn 0.0000 0.4204 -0.9073
vn -0.1806 -0.2704 -0.9456
vn -0.2335 -0.3495 -0.9073
vn 0.3004 0.1244 -0.9456
vn 0.3884 0.1609 -0.9073
vn 0.1951 0.9808 0.0000
vn 0.0000 0.9883 -0.1525
vn 0.1928 0.9693 -0.1525
vn -0.7071 0.7071 0.0000
vn -0.8314 0.5556 0.0000
vn -0.8217 0.5491 -0.1525
vn -0.6988 0.6988 -0.1525
vn 0.1244 0.3004 -0.9456
vn 0.1609 0.3884 -0.9073
vn 0.1951 -0.9808 0.0000
vn 0.3827 -0.9239 0.0000
vn 0.3782 -0.9131 -0.1525
vn 0.1928 -0.9693 -0.1525
vn 0.3827 0.9239 0.0000
vn 0.3782 0.9131 -0.1525
vn -0.5556 0.8314 0.0000
vn -0.5491 0.8217 -0.1525
vn 0.0000 -0.9883 -0.1525
vn 0.5556 0.8314 0.0000
vn 0.5491 0.8217 -0.1525
vn -0.3827 0.9239 0.0000
vn -0.3782 0.9131 -0.1525
vn -0.1951 -0.9808 0.0000
vn -0.1928 -0.9693 -0.1525
vn 0.7071 0.7071 0.0000
vn 0.6988 0.6988 -0.1525
vn -0.1951 0.9808 0.0000
vn -0.1928 0.9693 -0.1525
vn -0.3827 -0.9239 0.0000
vn -0.3782 -0.9131 -0.1525
vn 0.8314 0.5556 0.0000
vn 0.8217 0.5491 -0.1525
vn -0.5556 -0.8314 0.0000
vn -0.5491 -0.8217 -0.1525
vn 0.9239 0.3827 0.0000
vn 0.9131 0.3782 -0.1525
vn 0.0634 0.3189 -0.9456
vn 0.0820 0.4123 -0.9073
vn 0.9061 -0.1802 0.3827
vn 0.9352 -0.1860 0.3011
vn 0.9536 0.0000 0.3011
vn 0.5896 -0.3939 -0.7051
vn 0.5014 -0.5014 -0.7051
vn 0.2973 -0.2973 -0.9073
vn 0.3495 -0.2335 -0.9073
vn -0.9808 0.1951 0.0000
vn -0.9883 0.0000 -0.1525
vn -0.9693 0.1928 -0.1525
vn 0.0000 0.9536 0.3011
vn 0.1860 0.9352 0.3011
vn 0.1943 0.9767 -0.0912
vn 0.0000 0.9958 -0.0912
vn 0.0000 -0.9239 0.3827
vn -0.1802 -0.9061 0.3827
vn -0.1860 -0.9352 0.3011
vn 0.0000 -0.9536 0.3011
vn -0.5133 0.7682 0.3827
vn -0.3535 0.8535 0.3827
vn -0.3649 0.8810 0.3011
vn -0.5298 0.7929 0.3011
vn 0.1383 -0.6955 -0.7051
vn 0.0000 -0.7091 -0.7051
vn 0.3649 0.8810 0.3011
vn 0.3811 0.9200 -0.0912
vn -0.6551 -0.2713 -0.7051
vn -0.6955 -0.1383 -0.7051
vn -0.4123 -0.0820 -0.9073
vn -0.3884 -0.1609 -0.9073
vn -0.8535 0.3535 0.3827
vn -0.8810 0.3649 0.3011
vn -0.3189 0.0634 -0.9456
vn -0.3251 0.0000 -0.9456
vn -0.4204 0.0000 -0.9073
vn -0.4123 0.0820 -0.9073
vn 0.2704 -0.1806 -0.9456
vn 0.3004 -0.1244 -0.9456
vn 0.3884 -0.1609 -0.9073
vn 0.8535 0.3535 0.3827
vn 0.7682 0.5133 0.3827
vn 0.5133 -0.7682 0.3827
vn 0.6532 -0.6532 0.3827
vn 0.6663 -0.6663 0.3348
vn 0.5235 -0.7834 0.3348
vn -0.7682 0.5133 0.3827
vn -0.8705 0.3606 0.3348
vn -0.7835 0.5235 0.3348
vn -0.7367 0.4923 -0.4635
vn -0.8186 0.3391 -0.4635
vn -0.7352 0.3045 -0.6055
vn -0.6617 0.4421 -0.6055
vn 0.0000 0.9239 0.3827
vn -0.1802 0.9061 0.3827
vn -0.1838 0.9242 0.3348
vn 0.0000 0.9423 0.3348
vn 0.0000 -0.0415 0.9991
vn 0.0081 -0.0407 0.9991
vn 0.0185 -0.0929 0.9955
vn 0.0000 -0.0948 0.9955
vn 0.0000 -0.8861 -0.4635
vn -0.1729 -0.8690 -0.4635
vn 0.2880 0.6953 0.6585
vn 0.4181 0.6258 0.6585
vn 0.5235 0.7835 0.3348
vn 0.3606 0.8705 0.3348
vn 0.3391 0.8186 -0.4635
vn 0.4923 0.7367 -0.4635
vn 0.6988 -0.6988 -0.1525
vn 0.8217 -0.5491 -0.1525
vn 0.7367 -0.4923 -0.4635
vn 0.6265 -0.6265 -0.4635
vn -0.9131 -0.3782 -0.1525
vn -0.8217 -0.5491 -0.1525
vn -0.7367 -0.4923 -0.4635
vn -0.8186 -0.3391 -0.4635
vn 0.9883 0.0000 -0.1525
vn 0.9693 0.1928 -0.1525
vn 0.8690 0.1729 -0.4635
vn 0.8861 0.0000 -0.4635
vn -0.6988 -0.6988 -0.1525
vn -0.6265 -0.6265 -0.4635
vn -0.3391 0.8186 -0.4635
vn -0.4923 0.7367 -0.4635
vn -0.4421 0.6617 -0.6055
vn -0.3045 0.7352 -0.6055
vn 0.0665 -0.3344 0.9401
vn 0.0000 -0.3410 0.9401
vn 0.0000 -0.7526 0.6585
vn 0.1468 -0.7381 0.6585
vn 0.8314 -0.5556 0.0000
vn 0.9239 -0.3827 0.0000
vn 0.9131 -0.3782 -0.1525
vn 0.6617 -0.4421 -0.6055
vn 0.5627 -0.5627 -0.6055
vn -0.5141 -0.7695 -0.3787
vn -0.6544 -0.6544 -0.3787
vn -0.5014 -0.5014 -0.7051
vn -0.3939 -0.5896 -0.7051
vn 0.8550 0.3542 -0.3787
vn 0.9077 0.1805 -0.3787
vn 0.6955 0.1383 -0.7051
vn 0.6551 0.2713 -0.7051
vn 0.0665 0.3344 0.9401
vn 0.1305 0.3150 0.9401
vn 0.1468 0.7381 0.6585
vn -0.1468 0.7381 0.6585
vn 0.0000 0.7526 0.6585
vn -0.3344 0.0665 0.9401
vn -0.0081 -0.0407 0.9991
vn -0.0159 -0.0384 0.9991
vn -0.0665 0.3344 0.9401
vn 0.0000 0.3409 0.9401
vn 0.5322 -0.5322 0.6585
vn -0.5322 0.5322 0.6585
vn -0.4181 0.6258 0.6585
vn -0.5235 0.7835 0.3348
vn -0.6663 0.6663 0.3348
vn 0.2411 -0.2411 0.9401
vn -0.2411 0.2411 0.9401
vn -0.1894 0.2835 0.9401
vn 0.4181 -0.6258 0.6585
vn 0.2880 -0.6953 0.6585
vn 0.3606 -0.8705 0.3348
vn -0.0294 0.0294 0.9991
vn 0.0294 -0.0294 0.9991
vn 0.0231 -0.0345 0.9991
vn 0.1894 -0.2835 0.9401
vn 0.1305 -0.3150 0.9401
vn -0.6953 0.2880 0.6585
vn 0.0407 -0.0081 0.9991
vn -0.0231 0.0345 0.9991
vn -0.0159 0.0384 0.9991
vn -0.3150 0.1305 0.9401
vn -0.6258 0.4181 0.6585
vn 0.0384 -0.0159 0.9991
vn -0.2835 0.1894 0.9401
vn 0.0345 -0.0231 0.9991
vn 0.1838 -0.9242 0.3348
vn -0.0081 0.0407 0.9991
vn 0.1838 0.9242 0.3348
vn -0.6544 0.6544 -0.3787
vn -0.7695 0.5142 -0.3787
vn -0.8280 0.5532 -0.0912
vn -0.7042 0.7042 -0.0912
vn -0.8810 -0.3649 0.3011
vn -0.9352 -0.1860 0.3011
vn -0.9767 -0.1943 -0.0912
vn -0.9200 -0.3811 -0.0912
vn 0.6544 0.6544 -0.3787
vn 0.5142 0.7695 -0.3787
vn 0.5532 0.8280 -0.0912
vn 0.7042 0.7042 -0.0912
vn -0.0788 -0.0526 0.9955
vn -0.0875 -0.0363 0.9955
vn -0.3541 -0.8550 -0.3787
vn -0.1805 -0.9077 -0.3787
vn -0.1943 -0.9767 -0.0912
vn -0.3811 -0.9200 -0.0912
vn 0.9200 0.3811 -0.0912
vn 0.9767 0.1943 -0.0912
vn 0.0000 0.9255 -0.3788
vn -0.1805 0.9077 -0.3788
vn -0.1943 0.9767 -0.0912
vn 0.9255 0.0000 -0.3787
vn 0.9958 0.0000 -0.0912
vn 0.7695 0.5142 -0.3787
vn 0.8280 0.5532 -0.0912
vn 0.9077 -0.1805 -0.3787
vn 0.9767 -0.1943 -0.0912
vn -0.0929 -0.0185 0.9955
vn -0.0948 0.0000 0.9955
vn 0.8550 -0.3541 -0.3787
vn 0.9200 -0.3811 -0.0912
vn 0.0670 -0.0670 0.9955
vn 0.0526 -0.0788 0.9955
vn 0.0081 0.0407 0.9991
vn 0.0000 0.0415 0.9991
vn 0.0000 0.0948 0.9955
vn 0.0185 0.0929 0.9955
vn 0.7695 -0.5142 -0.3787
vn 0.8280 -0.5532 -0.0912
vn 0.6544 -0.6544 -0.3787
vn 0.0670 0.0670 0.9955
vn 0.0788 0.0526 0.9955
vn 0.7091 0.0000 -0.7051
vn 0.4204 0.0000 -0.9073
vn 0.4123 0.0820 -0.9073
vn 0.7042 -0.7042 -0.0912
vn -0.7682 -0.5133 0.3827
vn -0.6532 -0.6532 0.3827
vn 0.5141 -0.7695 -0.3788
vn 0.5532 -0.8280 -0.0912
vn -0.1860 0.9352 0.3011
vn -0.1729 0.8690 -0.4635
vn -0.1552 0.7805 -0.6055
vn 0.2299 -0.2299 -0.9456
vn -0.3649 -0.8810 0.3011
vn -0.5298 -0.7929 0.3011
vn -0.5532 -0.8280 -0.0912
vn -0.3542 0.8550 -0.3787
vn -0.5142 0.7695 -0.3787
vn -0.5532 0.8280 -0.0912
vn -0.3811 0.9200 -0.0912
vn -0.0231 -0.0345 0.9991
vn -0.0363 -0.0875 0.9955
vn -0.0526 -0.0788 0.9955
vn 0.3542 -0.8550 -0.3788
vn 0.3811 -0.9200 -0.0912
vn 0.6743 0.6743 0.3011
vn 0.7929 0.5298 0.3011
vn 0.8810 0.3649 0.3011
vn 0.9352 0.1860 0.3011
vn -0.3535 -0.8535 0.3827
vn -0.5133 -0.7682 0.3827
vn -0.7929 -0.5298 0.3011
vn -0.8280 -0.5532 -0.0912
vn -0.8535 -0.3535 0.3827
vn -0.9061 -0.1802 0.3827
vn 0.5896 0.3939 -0.7051
vn -0.7091 0.0000 -0.7051
vn 0.8535 -0.3535 0.3827
vn 0.7682 -0.5133 0.3827
vn 0.7929 -0.5298 0.3011
vn 0.8810 -0.3649 0.3011
vn 0.6955 -0.1383 -0.7051
vn 0.5298 0.7929 0.3011
vn -0.2713 0.6551 -0.7051
vn -0.1383 0.6955 -0.7051
vn 0.5014 0.5014 -0.7051
vn 0.3939 0.5896 -0.7051
vn 0.0000 -0.9958 -0.0912
vn -0.2713 -0.6551 -0.7051
vn -0.1383 -0.6955 -0.7051
vn 0.0000 -0.9255 -0.3787
vn 0.2713 0.6551 -0.7051
vn -0.3939 0.5896 -0.7051
vn -0.6743 0.6743 0.3011
vn 0.1860 -0.9352 0.3011
vn 0.1943 -0.9767 -0.0912
vn 0.3535 0.8535 0.3827
vn 0.5133 0.7682 0.3827
vn 0.1805 -0.9077 -0.3787
vn 0.3542 0.8550 -0.3787
vn -0.5014 0.5014 -0.7051
vn -0.9077 -0.1805 -0.3787
vn -0.9255 0.0000 -0.3787
vn 0.1802 -0.9061 0.3827
vn -0.3004 0.1244 -0.9456
vn -0.3884 0.1609 -0.9073
vn -0.9767 0.1943 -0.0912
vn -0.9958 0.0000 -0.0912
vn 0.6551 -0.2713 -0.7051
vn 0.4123 -0.0820 -0.9073
vn 0.1806 -0.2704 -0.9456
vn 0.2335 -0.3495 -0.9073
vn -0.6955 0.1383 -0.7051
vn 0.3189 -0.0634 -0.9456
vn 0.3251 0.0000 -0.9456
vn 0.3189 0.0634 -0.9456
vn -0.3189 -0.0634 -0.9456
vn -0.3004 -0.1244 -0.9456
vn -0.2704 -0.1806 -0.9456
vn -0.3495 -0.2335 -0.9073
vn -0.2299 -0.2299 -0.9456
vn -0.2973 -0.2973 -0.9073
vn 0.3535 -0.8535 0.3827
vn 0.0000 -0.9423 0.3348
vn -0.0185 -0.0929 0.9955
vn 0.8186 0.3391 -0.4635
vn 0.7352 0.3045 -0.6055
vn 0.7805 0.1552 -0.6055
vn -0.8690 0.1729 -0.4635
vn -0.8861 0.0000 -0.4635
vn -0.7958 0.0000 -0.6055
vn -0.7805 0.1552 -0.6055
vn -0.8690 -0.1729 -0.4635
vn -0.7352 -0.3045 -0.6055
vn -0.7805 -0.1552 -0.6055
vn 0.8186 -0.3391 -0.4635
vn 0.7352 -0.3045 -0.6055
vn 0.0000 0.8861 -0.4635
vn -0.3606 0.8705 0.3348
vn -0.6532 0.6532 0.3827
vn 0.6265 0.6265 -0.4635
vn 0.7367 0.4923 -0.4635
vn -0.1838 -0.9242 0.3348
vn 0.6532 0.6532 0.3827
vn 0.6663 0.6663 0.3348
vn 0.1729 0.8690 -0.4635
vn 0.1729 -0.8690 -0.4635
vn 0.3391 -0.8186 -0.4635
vn -0.9131 0.3782 -0.1525
vn -0.6265 0.6265 -0.4635
vn -0.9693 -0.1928 -0.1525
vn 0.5491 -0.8217 -0.1525
vn 0.4923 -0.7367 -0.4635
vn 0.9693 -0.1928 -0.1525
vn 0.8690 -0.1729 -0.4635
vn 0.6617 0.4421 -0.6055
vn 0.5627 0.5627 -0.6055
vn -0.4923 -0.7367 -0.4635
vn -0.3391 -0.8186 -0.4635
vn -0.3045 -0.7352 -0.6055
vn -0.4421 -0.6617 -0.6055
vn 0.0000 0.7958 -0.6055
vn 0.1552 0.7805 -0.6055
vn 0.1552 -0.7805 -0.6055
vn 0.0000 -0.7958 -0.6055
vn -0.1552 -0.7805 -0.6055
vn 0.4421 -0.6617 -0.6055
vn 0.3045 -0.7352 -0.6055
vn -0.5627 0.5627 -0.6055
vn 0.4421 0.6617 -0.6055
vn -0.6743 -0.6743 0.3011
vn 0.3045 0.7352 -0.6055
vn -0.6617 -0.4421 -0.6055
vn -0.5896 -0.3939 -0.7051
vn 0.7958 0.0000 -0.6055
vn 0.7805 -0.1552 -0.6055
vn -0.5627 -0.5627 -0.6055
vn -0.8550 -0.3542 -0.3787
vn -0.9077 0.1805 -0.3788
vn -0.8550 0.3541 -0.3787
vn -0.6551 0.2713 -0.7051
vn -0.7695 -0.5142 -0.3787
vn 0.1805 0.9077 -0.3788
vn 0.0788 -0.0526 0.9955
vn -0.0788 0.0526 0.9955
vn -0.0670 0.0670 0.9955
vn 0.0526 0.0788 0.9955
vn 0.0929 -0.0185 0.9955
vn 0.0875 -0.0363 0.9955
vn -0.0526 0.0788 0.9955
vn 0.0363 0.0875 0.9955
vn -0.0185 0.0929 0.9955
vn 0.0159 -0.0384 0.9991
vn 0.0363 -0.0875 0.9955
vn -0.0294 -0.0294 0.9991
vn -0.0670 -0.0670 0.9955
vn -0.0929 0.0185 0.9955
vn -0.0876 0.0363 0.9955
vn -0.0363 0.0875 0.9955
vn 0.0875 0.0363 0.9955
vn 0.0929 0.0185 0.9955
vn 0.0948 0.0000 0.9955
vn 0.1802 0.9061 0.3827
vn -0.7042 -0.7042 -0.0912
vn -0.1305 0.3150 0.9401
vn -0.2880 0.6953 0.6585
vn 0.5556 -0.8314 0.0000
vn 0.7071 -0.7071 0.0000
vn -0.1468 -0.7381 0.6585
vn -0.0665 -0.3344 0.9401
vn 0.1894 0.2835 0.9401
vn 0.2411 0.2411 0.9401
vn 0.5322 0.5322 0.6585
vn -0.9808 -0.1951 0.0000
vn -0.9239 -0.3827 0.0000
vn 0.9808 -0.1951 0.0000
vn -0.9200 0.3811 -0.0912
vn -0.9239 0.3827 0.0000
vn -0.8314 -0.5556 0.0000
vn 0.0000 0.7091 -0.7051
vn 0.9808 0.1951 0.0000
vn -0.7071 -0.7071 0.0000
vn -0.5896 0.3939 -0.7051
vn 0.6743 -0.6743 0.3011
vn 0.5298 -0.7929 0.3011
vn 0.2713 -0.6551 -0.7051
vn 0.3939 -0.5896 -0.7051
vn -0.7929 0.5298 0.3011
vn 0.3649 -0.8810 0.3011
vn 0.1383 0.6954 -0.7051
vn -0.1468 -0.7382 0.6584
vn 0.6257 0.4181 0.6585
vn 0.1383 0.6955 -0.7051
vn 0.1805 0.9077 -0.3787
vn 0.5142 -0.7695 -0.3788
vn 0.8550 -0.3542 -0.3787
vn -0.2703 -0.1806 -0.9456
vn 0.4421 0.6616 -0.6056
vn -0.3541 -0.8550 -0.3788
vn -0.1805 -0.9077 -0.3788
vn 0.5235 -0.7835 0.3348
vn -0.8550 -0.3541 -0.3787
vn -0.9077 0.1805 -0.3787
vn 0.0000 -0.3409 0.9401
vn 0.4181 -0.6257 0.6585
usemtl Nightstand
s 1
f 224/1/1 7/2/1 5/3/2 225/4/2
f 201/5/3 10/6/3 12/7/4 202/8/4
f 202/8/4 12/7/4 11/9/5 203/10/5
f 203/10/5 11/9/5 9/11/6 204/12/6
f 205/13/7 26/14/7 28/15/8 206/16/8
f 206/16/8 28/15/8 27/17/9 207/18/9
f 207/18/9 27/17/9 25/19/10 208/20/10
f 230/21/11 18/22/11 20/23/12 210/24/12
f 210/24/12 20/23/12 19/25/13 211/26/13
f 211/26/13 19/25/13 17/27/14 212/28/14
f 225/29/2 5/30/2 14/31/6 216/32/6
f 223/33/15 8/34/15 7/2/1 224/1/1
f 232/35/16 6/36/16 8/34/15 223/33/15
f 226/37/3 13/38/3 30/39/10 219/40/10
f 227/41/7 29/42/7 22/43/14 222/44/14
f 230/21/11 231/45/16 1/46/16 18/22/11
f 2743/47/17 68/48/18 71/49/19 2747/50/20
f 2759/51/21 92/52/22 95/53/23 2763/54/24
f 38/55/25 41/56/25 113/57/25
f 2752/58/26 77/59/27 80/60/28 2751/61/29
f 2744/62/30 2765/63/31 99/64/32 65/65/33
f 2747/50/20 71/49/19 74/66/34 2749/67/35
f 2758/68/36 2749/67/35 74/66/34 87/69/37
f 102/70/38 77/59/27 2752/58/26 2769/71/39
f 2755/72/40 83/73/41 86/74/42 2757/75/43
f 90/76/44 2761/77/45 2762/78/46 93/79/47
f 2760/80/48 2773/81/49 111/82/50 89/83/51
f 2763/84/24 95/85/23 99/64/32 2765/63/31
f 102/70/38 2769/71/39 2770/86/52 105/87/53
f 2768/88/54 101/89/55 104/90/56 2767/91/57
f 2771/92/58 107/93/59 111/82/50 2773/81/49
f 2768/88/54 2753/94/60 78/95/61 101/89/55
f 86/74/42 75/96/62 2750/97/63 2757/75/43
f 108/98/64 2772/99/65 2774/100/66 110/101/67
f 105/87/53 2770/86/52 2772/99/65 108/98/64
f 2767/91/57 104/90/56 107/93/59 2771/92/58
f 96/102/68 2764/103/69 2766/104/70 98/105/71
f 93/79/47 2762/78/46 2764/106/69 96/107/68
f 90/76/44 110/101/67 2774/100/66 2761/77/45
f 84/108/72 2756/109/73 2758/68/36 87/69/37
f 81/110/74 2754/111/75 2756/109/73 84/108/72
f 2751/61/29 80/60/28 83/73/41 2755/72/40
f 72/112/76 2748/113/77 2750/97/63 75/96/62
f 69/114/78 2746/115/79 2748/113/77 72/112/76
f 66/116/80 98/105/71 2766/104/70 2745/117/81
f 78/95/61 2753/94/60 2754/111/75 81/110/74
f 2760/80/48 89/83/51 92/52/22 2759/51/21
f 2744/62/30 65/65/33 68/48/18 2743/47/17
f 75/96/62 86/74/42 88/118/82 76/119/83
f 76/119/83 88/118/82 87/69/37 74/66/34
f 108/98/64 110/101/67 112/120/84 109/121/85
f 109/121/85 112/120/84 111/82/50 107/93/59
f 105/87/53 108/98/64 109/121/85 106/122/86
f 106/122/86 109/121/85 107/93/59 104/90/56
f 102/70/38 105/87/53 106/122/86 103/123/87
f 103/123/87 106/122/86 104/90/56 101/89/55
f 96/102/68 98/105/71 100/124/88 97/125/89
f 97/125/89 100/124/88 99/64/32 95/85/23
f 93/79/47 96/107/68 97/126/89 94/127/90
f 94/127/90 97/126/89 95/53/23 92/52/22
f 90/76/44 93/79/47 94/127/90 91/128/91
f 91/128/91 94/127/90 92/52/22 89/83/51
f 84/108/72 87/69/37 88/118/82 85/129/92
f 85/129/92 88/118/82 86/74/42 83/73/41
f 81/110/74 84/108/72 85/129/92 82/130/93
f 82/130/93 85/129/92 83/73/41 80/60/28
f 78/95/61 81/110/74 82/130/93 79/131/94
f 79/131/94 82/130/93 80/60/28 77/59/27
f 72/112/76 75/96/62 76/119/83 73/132/95
f 73/132/95 76/119/83 74/66/34 71/49/19
f 69/114/78 72/112/76 73/132/95 70/133/96
f 70/133/96 73/132/95 71/49/19 68/48/18
f 66/116/80 69/114/78 70/133/96 67/134/97
f 67/134/97 70/133/96 68/48/18 65/65/33
f 77/59/27 102/70/38 103/123/87 79/131/94
f 79/131/94 103/123/87 101/89/55 78/95/61
f 110/101/67 90/76/44 91/128/91 112/120/84
f 112/120/84 91/128/91 89/83/51 111/82/50
f 98/105/71 66/116/80 67/134/97 100/124/88
f 100/124/88 67/134/97 65/65/33 99/64/32
f 66/116/80 2745/117/81 2746/115/79 69/114/78
f 41/56/25 43/135/25 113/57/25
f 36/136/25 34/137/25 113/57/25
f 42/138/25 45/139/25 113/57/25
f 39/140/25 40/141/25 113/57/25
f 37/142/25 39/140/25 113/57/25
f 46/143/25 33/144/25 113/57/25
f 35/145/25 36/136/25 113/57/25
f 34/137/25 37/142/25 113/57/25
f 48/146/25 46/143/25 113/57/25
f 43/135/25 44/147/25 113/57/25
f 44/147/25 42/138/25 113/57/25
f 40/141/25 38/55/25 113/57/25
f 47/148/25 48/146/25 113/57/25
f 33/144/25 35/145/25 113/57/25
f 45/139/25 47/148/25 113/57/25
f 192/149/25 191/150/25 114/151/25
f 190/152/25 188/153/25 114/151/25
f 181/154/25 194/155/25 114/151/25
f 161/156/80 158/157/78 157/158/96 160/159/97
f 158/157/78 155/160/76 154/161/95 157/158/96
f 157/158/96 154/161/95 156/162/19 159/163/18
f 187/164/25 189/165/25 114/151/25
f 180/166/25 179/167/25 114/151/25
f 186/168/25 184/169/25 114/151/25
f 115/170/84 136/171/91 138/172/51 116/173/50
f 129/174/71 161/156/80 160/159/97 127/175/88
f 185/176/25 182/177/25 114/151/25
f 191/150/25 193/178/25 114/151/25
f 188/153/25 187/164/25 114/151/25
f 155/160/76 152/179/62 151/180/83 154/161/95
f 148/181/94 145/182/93 147/183/28 150/184/27
f 154/161/95 151/180/83 153/185/34 156/162/19
f 145/182/93 142/186/92 144/187/41 147/183/28
f 146/188/74 143/189/72 142/186/92 145/182/93
f 149/190/61 146/188/74 145/182/93 148/181/94
f 143/189/72 140/191/37 139/192/82 142/186/92
f 136/171/91 133/193/90 135/194/22 138/172/51
f 142/186/92 139/192/82 141/195/42 144/187/41
f 133/193/90 130/196/89 132/197/23 135/194/22
f 134/198/47 131/199/68 130/196/89 133/193/90
f 137/200/44 134/198/47 133/193/90 136/171/91
f 161/156/80 2778/201/81 2802/202/79 158/157/78
f 117/203/67 137/200/44 136/171/91 115/170/84
f 127/175/88 160/159/97 162/204/33 128/205/32
f 131/206/68 129/174/71 127/175/88 130/207/89
f 124/208/87 121/209/86 123/210/56 126/211/55
f 130/207/89 127/175/88 128/205/32 132/212/23
f 121/209/86 118/213/85 120/214/59 123/210/56
f 122/215/53 119/216/64 118/213/85 121/209/86
f 125/217/38 122/215/53 121/209/86 124/208/87
f 119/216/64 117/203/67 115/170/84 118/213/85
f 151/180/83 139/192/82 140/191/37 153/185/34
f 118/213/85 115/170/84 116/173/50 120/214/59
f 150/184/27 125/217/38 124/208/87 148/181/94
f 160/159/97 157/158/96 159/163/18 162/204/33
f 148/181/94 124/208/87 126/211/55 149/190/61
f 2788/218/30 162/204/33 159/163/18 2806/219/17
f 2783/220/48 138/172/51 135/194/22 2798/221/21
f 152/179/62 141/195/42 139/192/82 151/180/83
f 161/156/80 129/174/71 2777/222/70 2778/201/81
f 158/157/78 2802/202/79 2803/223/77 155/160/76
f 149/190/61 2790/224/60 2804/225/75 146/188/74
f 2797/226/29 147/183/28 144/187/41 2794/227/40
f 146/188/74 2804/225/75 2805/228/73 143/189/72
f 155/160/76 2803/223/77 2799/229/63 152/179/62
f 137/200/44 117/203/67 2775/230/66 2776/231/45
f 134/198/47 2789/232/46 2784/233/69 131/199/68
f 143/189/72 2805/228/73 2779/234/36 140/191/37
f 2796/235/57 123/210/56 120/214/59 2782/236/58
f 122/215/53 2792/237/52 2795/238/65 119/216/64
f 131/206/68 2784/239/69 2777/222/70 129/174/71
f 141/195/42 152/179/62 2799/229/63 2793/240/43
f 2791/241/54 2790/224/60 149/190/61 126/211/55
f 119/216/64 2795/238/65 2775/230/66 117/203/67
f 2791/241/54 126/211/55 123/210/56 2796/235/57
f 125/217/38 2786/242/39 2792/237/52 122/215/53
f 2782/236/58 120/214/59 116/173/50 2781/243/49
f 2783/220/48 2781/243/49 116/173/50 138/172/51
f 137/200/44 2776/231/45 2789/232/46 134/198/47
f 2801/244/24 132/212/23 128/205/32 2787/245/31
f 125/217/38 150/184/27 2785/246/26 2786/242/39
f 2779/234/36 2780/247/35 153/185/34 140/191/37
f 2794/227/40 144/187/41 141/195/42 2793/240/43
f 2788/218/30 2787/245/31 128/205/32 162/204/33
f 2785/246/26 150/184/27 147/183/28 2797/226/29
f 2800/248/20 156/162/19 153/185/34 2780/247/35
f 2798/221/21 135/194/22 132/197/23 2801/249/24
f 2806/219/17 159/163/18 156/162/19 2800/248/20
f 189/165/25 186/168/25 114/151/25
f 182/177/25 180/166/25 114/151/25
f 183/250/25 185/176/25 114/151/25
f 194/155/25 192/149/25 114/151/25
f 179/167/25 181/154/25 114/151/25
f 193/178/25 190/152/25 114/151/25
f 184/169/25 183/250/25 114/151/25
f 64/251/98 62/252/98 195/253/98
f 53/254/98 55/255/98 195/253/98
f 59/256/98 60/257/98 195/253/98
f 50/258/98 61/259/98 195/253/98
f 63/260/98 64/251/98 195/253/98
f 58/261/98 53/254/98 195/253/98
f 55/255/98 56/262/98 195/253/98
f 57/263/98 59/256/98 195/253/98
f 52/264/98 50/258/98 195/253/98
f 62/252/98 57/263/98 195/253/98
f 61/259/98 63/260/98 195/253/98
f 56/262/98 54/265/98 195/253/98
f 54/265/98 49/266/98 195/253/98
f 51/267/98 52/264/98 195/253/98
f 60/257/98 58/261/98 195/253/98
f 49/266/98 51/267/98 195/253/98
f 163/268/98 165/269/98 196/270/98
f 174/271/98 172/272/98 196/270/98
f 168/273/98 167/274/98 196/270/98
f 177/275/98 166/276/98 196/270/98
f 164/277/98 163/268/98 196/270/98
f 169/278/98 174/271/98 196/270/98
f 172/272/98 171/279/98 196/270/98
f 170/280/98 168/273/98 196/270/98
f 175/281/98 177/275/98 196/270/98
f 165/269/98 170/280/98 196/270/98
f 166/276/98 164/277/98 196/270/98
f 171/279/98 173/282/98 196/270/98
f 173/282/98 178/283/98 196/270/98
f 176/284/98 175/281/98 196/270/98
f 167/274/98 169/278/98 196/270/98
f 178/283/98 176/284/98 196/270/98
f 2808/285/99 2814/286/99 2822/287/99 2816/288/99
f 26/14/7 205/13/7 212/289/14 17/290/14
f 10/291/3 201/292/3 208/293/10 25/294/10
f 1/46/16 231/45/16 198/295/15 3/296/15
f 3/296/15 198/295/15 199/297/1 4/298/1
f 2/299/2 200/300/2 204/12/6 9/11/6
f 221/301/13 211/26/13 212/28/14 222/302/14
f 220/303/12 210/24/12 211/26/13 221/301/13
f 229/304/11 230/21/11 210/24/12 220/303/12
f 218/305/9 207/18/9 208/20/10 219/306/10
f 217/307/8 206/16/8 207/18/9 218/305/9
f 227/41/7 205/13/7 206/16/8 217/307/8
f 215/308/5 203/10/5 204/12/6 216/32/6
f 214/309/4 202/8/4 203/10/5 215/308/5
f 226/310/3 201/5/3 202/8/4 214/309/4
f 4/298/1 199/297/1 200/311/2 2/312/2
f 13/313/3 226/310/3 214/309/4 15/314/4
f 15/314/4 214/309/4 215/308/5 16/315/5
f 16/315/5 215/308/5 216/32/6 14/31/6
f 29/42/7 227/41/7 217/307/8 31/316/8
f 31/316/8 217/307/8 218/305/9 32/317/9
f 32/317/9 218/305/9 219/306/10 30/318/10
f 21/319/11 229/304/11 220/303/12 23/320/12
f 23/320/12 220/303/12 221/301/13 24/321/13
f 24/321/13 221/301/13 222/302/14 22/322/14
f 21/319/11 6/36/16 232/35/16 229/304/11
f 205/13/7 227/41/7 222/44/14 212/289/14
f 201/292/3 226/37/3 219/40/10 208/293/10
f 231/45/16 232/35/16 223/33/15 198/295/15
f 198/295/15 223/33/15 224/1/1 199/297/1
f 200/300/2 225/29/2 216/32/6 204/12/6
f 199/297/1 224/1/1 225/4/2 200/311/2
f 2807/323/98 2809/324/98 230/21/11 229/304/11
f 2809/324/98 2811/325/98 231/45/16 230/21/11
f 2811/325/98 2813/326/98 232/35/16 231/45/16
f 2813/326/98 2807/323/98 229/304/11 232/35/16
f 2815/327/98 2821/328/98 2819/329/98 2817/330/98
f 2812/331/100 2810/332/100 2818/333/100 2820/334/100
f 213/335/101 197/336/101 235/337/101 236/338/101
f 209/339/102 228/340/102 233/341/102 234/342/102
f 238/343/103 450/344/104 243/345/105 244/346/106
f 250/347/99 454/348/107 459/349/108 259/350/99
f 240/351/109 239/352/110 247/353/111 248/354/112
f 451/355/113 238/343/103 244/346/106 245/356/114
f 368/357/99 241/358/99 250/347/99
f 453/359/115 240/351/109 248/354/112 249/360/116
f 452/361/25 451/355/113 245/356/114 246/362/117
f 450/344/104 237/363/118 242/364/119 243/345/105
f 458/365/120 258/366/121 267/367/122 462/368/123
f 239/352/110 452/361/25 246/362/117 247/353/111
f 249/360/116 248/354/112 257/369/124 258/366/121
f 246/362/117 245/356/114 254/370/125 255/371/9
f 243/345/105 242/364/119 251/372/126 252/373/127
f 241/358/99 547/374/128 454/348/107 250/347/99
f 247/353/111 246/362/117 255/371/9 256/375/129
f 244/346/106 243/345/105 252/373/127 253/376/130
f 546/377/131 453/359/115 249/360/116 455/378/132
f 248/354/112 247/353/111 256/375/129 257/369/124
f 245/356/114 244/346/106 253/376/130 254/370/125
f 368/357/99 250/347/99 259/350/99
f 257/369/124 256/375/129 265/379/133 266/380/134
f 254/370/125 253/376/130 262/381/135 263/382/136
f 368/357/99 259/350/99 268/383/99
f 258/366/121 257/369/124 266/380/134 267/367/122
f 255/371/9 254/370/125 263/382/136 264/384/137
f 252/373/127 251/372/126 260/385/138 261/386/139
f 259/350/99 459/349/108 463/387/140 268/383/99
f 256/375/129 255/371/9 264/384/137 265/379/133
f 253/376/130 252/373/127 261/386/139 262/381/135
f 462/368/123 267/367/122 276/388/141 466/389/142
f 268/383/99 463/387/140 467/390/143 277/391/99
f 265/379/133 264/384/137 273/392/8 274/393/144
f 262/381/135 261/386/139 270/394/145 271/395/146
f 466/389/142 276/388/141 285/396/147 470/397/148
f 266/380/134 265/379/133 274/393/144 275/398/149
f 263/382/136 262/381/135 271/395/146 272/399/150
f 368/357/99 268/383/99 277/391/99
f 267/367/122 266/380/134 275/398/149 276/388/141
f 264/384/137 263/382/136 272/399/150 273/392/8
f 261/386/139 260/385/138 269/400/151 270/394/145
f 276/388/141 275/398/149 284/401/152 285/396/147
f 273/392/8 272/399/150 281/402/153 282/403/154
f 270/394/145 269/400/151 278/404/155 279/405/156
f 277/391/99 467/390/143 471/406/157 286/407/99
f 274/393/144 273/392/8 282/403/154 283/408/158
f 271/395/146 270/394/145 279/405/156 280/409/159
f 470/397/148 285/396/147 294/410/160 474/411/161
f 275/398/149 274/393/144 283/408/158 284/401/152
f 272/399/150 271/395/146 280/409/159 281/402/153
f 368/357/99 277/391/99 286/407/99
f 474/411/161 294/410/160 303/412/162 478/413/163
f 284/401/152 283/408/158 292/414/164 293/415/165
f 281/402/153 280/409/159 289/416/166 290/417/167
f 368/357/99 286/407/99 295/418/99
f 285/396/147 284/401/152 293/415/165 294/410/160
f 282/403/154 281/402/153 290/417/167 291/419/101
f 279/405/156 278/404/155 287/420/168 288/421/169
f 286/407/99 471/406/157 475/422/170 295/418/99
f 283/408/158 282/403/154 291/419/101 292/414/164
f 280/409/159 279/405/156 288/421/169 289/416/166
f 288/421/169 287/420/168 296/423/171 297/424/172
f 295/418/99 475/422/170 479/425/173 304/426/99
f 292/414/164 291/419/101 300/427/174 301/428/175
f 289/416/166 288/421/169 297/424/172 298/429/176
f 478/413/163 303/412/162 312/430/177 482/431/178
f 293/415/165 292/414/164 301/428/175 302/432/179
f 290/417/167 289/416/166 298/429/176 299/433/180
f 368/357/99 295/418/99 304/426/99
f 294/410/160 293/415/165 302/432/179 303/412/162
f 291/419/101 290/417/167 299/433/180 300/427/174
f 368/357/99 304/426/99 313/434/99
f 303/412/162 302/432/179 311/435/181 312/430/177
f 300/427/174 299/433/180 308/436/182 309/437/13
f 297/424/172 296/423/171 305/438/183 306/439/184
f 304/426/99 479/425/173 483/440/185 313/434/99
f 301/428/175 300/427/174 309/437/13 310/441/186
f 298/429/176 297/424/172 306/439/184 307/442/187
f 482/431/178 312/430/177 321/443/188 486/444/189
f 302/432/179 301/428/175 310/441/186 311/435/181
f 299/433/180 298/429/176 307/442/187 308/436/182
f 307/442/187 306/439/184 315/445/190 316/446/191
f 486/444/189 321/443/188 330/447/192 490/448/193
f 311/435/181 310/441/186 319/449/194 320/450/195
f 308/436/182 307/442/187 316/446/191 317/451/196
f 368/357/99 313/434/99 322/452/99
f 312/430/177 311/435/181 320/450/195 321/443/188
f 309/437/13 308/436/182 317/451/196 318/453/197
f 306/439/184 305/438/183 314/454/198 315/445/190
f 313/434/99 483/440/185 487/455/199 322/452/99
f 310/441/186 309/437/13 318/453/197 319/449/194
f 315/445/190 314/454/198 323/456/200 324/457/201
f 322/452/99 487/455/199 491/458/202 331/459/99
f 319/449/194 318/453/197 327/460/12 328/461/203
f 316/446/191 315/445/190 324/457/201 325/462/204
f 490/448/193 330/447/192 339/463/205 494/464/206
f 320/450/195 319/449/194 328/461/203 329/465/207
f 317/451/196 316/446/191 325/462/204 326/466/208
f 368/357/99 322/452/99 331/459/99
f 321/443/188 320/450/195 329/465/207 330/447/192
f 318/453/197 317/451/196 326/466/208 327/460/12
f 326/466/208 325/462/204 334/467/209 335/468/210
f 368/357/99 331/459/99 340/469/99
f 330/447/192 329/465/207 338/470/211 339/463/205
f 327/460/12 326/466/208 335/468/210 336/471/212
f 324/457/201 323/456/200 332/472/213 333/473/214
f 331/459/99 491/458/202 495/474/215 340/469/99
f 328/461/203 327/460/12 336/471/212 337/475/216
f 325/462/204 324/457/201 333/473/214 334/467/209
f 494/464/206 339/463/205 348/476/217 498/477/218
f 329/465/207 328/461/203 337/475/216 338/470/211
f 334/467/209 333/473/214 342/478/219 343/479/220
f 498/477/218 348/476/217 357/480/221 502/481/222
f 338/470/211 337/475/216 346/482/223 347/483/224
f 335/468/210 334/467/209 343/479/220 344/484/225
f 368/357/99 340/469/99 349/485/99
f 339/463/205 338/470/211 347/483/224 348/476/217
f 336/471/212 335/468/210 344/484/225 345/486/98
f 333/473/214 332/472/213 341/487/226 342/478/219
f 340/469/99 495/474/215 499/488/227 349/485/99
f 337/475/216 336/471/212 345/486/98 346/482/223
f 345/486/98 344/484/225 353/489/228 354/490/229
f 342/478/219 341/487/226 350/491/230 351/492/231
f 349/485/99 499/488/227 503/493/232 358/494/99
f 346/482/223 345/486/98 354/490/229 355/495/233
f 343/479/220 342/478/219 351/492/231 352/496/234
f 502/481/222 357/480/221 366/497/235 506/498/236
f 347/483/224 346/482/223 355/495/233 356/499/237
f 344/484/225 343/479/220 352/496/234 353/489/228
f 368/357/99 349/485/99 358/494/99
f 348/476/217 347/483/224 356/499/237 357/480/221
f 353/489/228 352/496/234 361/500/238 362/501/239
f 368/357/99 358/494/99 367/502/99
f 357/480/221 356/499/237 365/503/240 366/497/235
f 354/490/229 353/489/228 362/501/239 363/504/15
f 351/492/231 350/491/230 359/505/241 360/506/242
f 358/494/99 503/493/232 507/507/243 367/502/99
f 355/495/233 354/490/229 363/504/15 364/508/244
f 352/496/234 351/492/231 360/506/242 361/500/238
f 506/498/236 366/497/235 376/509/245 510/510/246
f 356/499/237 355/495/233 364/508/244 365/503/240
f 364/508/244 363/504/15 373/511/247 374/512/248
f 361/500/238 360/506/242 370/513/249 371/514/250
f 510/510/246 376/509/245 385/515/251 514/516/252
f 365/503/240 364/508/244 374/512/248 375/517/253
f 362/501/239 361/500/238 371/514/250 372/518/254
f 368/357/99 367/502/99 377/519/99
f 366/497/235 365/503/240 375/517/253 376/509/245
f 363/504/15 362/501/239 372/518/254 373/511/247
f 360/506/242 359/505/241 369/520/255 370/513/249
f 367/502/99 507/507/243 511/521/256 377/519/99
f 373/511/247 372/518/254 381/522/257 382/523/1
f 370/513/249 369/520/255 378/524/258 379/525/259
f 377/519/99 511/521/256 515/526/260 386/527/99
f 374/512/248 373/511/247 382/523/1 383/528/261
f 371/514/250 370/513/249 379/525/259 380/529/262
f 514/516/252 385/515/251 394/530/263 518/531/264
f 375/517/253 374/512/248 383/528/261 384/532/265
f 372/518/254 371/514/250 380/529/262 381/522/257
f 368/357/99 377/519/99 386/527/99
f 376/509/245 375/517/253 384/532/265 385/515/251
f 384/532/265 383/528/261 392/533/266 393/534/267
f 381/522/257 380/529/262 389/535/268 390/536/269
f 368/357/99 386/527/99 395/537/99
f 385/515/251 384/532/265 393/534/267 394/530/263
f 382/523/1 381/522/257 390/536/269 391/538/270
f 379/525/259 378/524/258 387/539/271 388/540/272
f 386/527/99 515/526/260 519/541/273 395/537/99
f 383/528/261 382/523/1 391/538/270 392/533/266
f 380/529/262 379/525/259 388/540/272 389/535/268
f 518/531/264 394/530/263 403/542/274 522/543/275
f 392/533/266 391/538/270 400/544/102 401/545/276
f 389/535/268 388/540/272 397/546/277 398/547/278
f 522/543/275 403/542/274 412/548/279 526/549/280
f 393/534/267 392/533/266 401/545/276 402/550/281
f 390/536/269 389/535/268 398/547/278 399/551/282
f 368/357/99 395/537/99 404/552/99
f 394/530/263 393/534/267 402/550/281 403/542/274
f 391/538/270 390/536/269 399/551/282 400/544/102
f 388/540/272 387/539/271 396/553/283 397/546/277
f 395/537/99 519/541/273 523/554/284 404/552/99
f 403/542/274 402/550/281 411/555/285 412/548/279
f 400/544/102 399/551/282 408/556/286 409/557/287
f 397/546/277 396/553/283 405/558/288 406/559/289
f 404/552/99 523/554/284 527/560/290 413/561/99
f 401/545/276 400/544/102 409/557/287 410/562/291
f 398/547/278 397/546/277 406/559/289 407/563/292
f 526/549/280 412/548/279 421/564/293 530/565/294
f 402/550/281 401/545/276 410/562/291 411/555/285
f 399/551/282 398/547/278 407/563/292 408/556/286
f 368/357/99 404/552/99 413/561/99
f 411/555/285 410/562/291 419/566/295 420/567/296
f 408/556/286 407/563/292 416/568/297 417/569/298
f 368/357/99 413/561/99 422/570/99
f 412/548/279 411/555/285 420/567/296 421/564/293
f 409/557/287 408/556/286 417/569/298 418/571/5
f 406/559/289 405/558/288 414/572/299 415/573/300
f 413/561/99 527/560/290 531/574/301 422/570/99
f 410/562/291 409/557/287 418/571/5 419/566/295
f 407/563/292 406/559/289 415/573/300 416/568/297
f 530/565/294 421/564/293 430/575/302 534/576/303
f 422/570/99 531/574/301 535/577/304 431/578/99
f 419/566/295 418/571/5 427/579/305 428/580/306
f 416/568/297 415/573/300 424/581/307 425/582/308
f 534/576/303 430/575/302 439/583/309 538/584/310
f 420/567/296 419/566/295 428/580/306 429/585/311
f 417/569/298 416/568/297 425/582/308 426/586/312
f 368/357/99 422/570/99 431/578/99
f 421/564/293 420/567/296 429/585/311 430/575/302
f 418/571/5 417/569/298 426/586/312 427/579/305
f 415/573/300 414/572/299 423/587/313 424/581/307
f 430/575/302 429/585/311 438/588/314 439/583/309
f 427/579/305 426/586/312 435/589/315 436/590/4
f 424/581/307 423/587/313 432/591/316 433/592/317
f 431/578/99 535/577/304 539/593/318 440/594/99
f 428/580/306 427/579/305 436/590/4 437/595/319
f 425/582/308 424/581/307 433/592/317 434/596/320
f 538/584/310 439/583/309 448/597/321 542/598/322
f 429/585/311 428/580/306 437/595/319 438/588/314
f 426/586/312 425/582/308 434/596/320 435/589/315
f 368/357/99 431/578/99 440/594/99
f 542/598/322 448/597/321 453/599/115 546/600/131
f 438/588/314 437/595/319 446/601/323 447/602/324
f 435/589/315 434/596/320 443/603/325 444/604/326
f 368/357/99 440/594/99 449/605/99
f 439/583/309 438/588/314 447/602/324 448/597/321
f 436/590/4 435/589/315 444/604/326 445/606/327
f 433/592/317 432/591/316 441/607/328 442/608/329
f 440/594/99 539/593/318 543/609/330 449/605/99
f 437/595/319 436/590/4 445/606/327 446/601/323
f 434/596/320 433/592/317 442/608/329 443/603/325
f 442/608/329 441/607/328 237/610/118 450/611/104
f 449/605/99 543/609/330 547/374/128 241/358/99
f 446/601/323 445/606/327 452/612/25 239/613/110
f 443/603/325 442/608/329 450/611/104 238/614/103
f 447/602/324 446/601/323 239/613/110 240/615/109
f 444/604/326 443/603/325 238/614/103 451/616/113
f 368/357/99 449/605/99 241/358/99
f 448/597/321 447/602/324 240/615/109 453/599/115
f 445/606/327 444/604/326 451/616/113 452/612/25
f 459/349/108 454/348/107 456/617/331 461/618/332
f 461/618/332 456/617/331 457/619/333 460/620/334
f 460/620/334 457/619/333 455/621/132 458/622/120
f 463/387/140 459/349/108 461/618/332 465/623/335
f 465/623/335 461/618/332 460/620/334 464/624/336
f 464/624/336 460/620/334 458/622/120 462/625/123
f 467/390/143 463/387/140 465/623/335 469/626/337
f 469/626/337 465/623/335 464/624/336 468/627/338
f 468/627/338 464/624/336 462/625/123 466/628/142
f 471/406/157 467/390/143 469/626/337 473/629/339
f 473/629/339 469/626/337 468/627/338 472/630/340
f 472/630/340 468/627/338 466/628/142 470/631/148
f 470/631/148 474/632/161 476/633/341 472/630/340
f 472/630/340 476/633/341 477/634/342 473/629/339
f 473/629/339 477/634/342 475/422/170 471/406/157
f 479/425/173 475/422/170 477/634/342 481/635/343
f 481/635/343 477/634/342 476/633/341 480/636/344
f 480/636/344 476/633/341 474/632/161 478/637/163
f 483/440/185 479/425/173 481/635/343 485/638/345
f 485/638/345 481/635/343 480/636/344 484/639/346
f 484/639/346 480/636/344 478/637/163 482/640/178
f 482/640/178 486/641/189 488/642/347 484/639/346
f 484/639/346 488/642/347 489/643/348 485/638/345
f 485/638/345 489/643/348 487/455/199 483/440/185
f 491/458/202 487/455/199 489/643/348 493/644/349
f 493/644/349 489/643/348 488/642/347 492/645/350
f 492/645/350 488/642/347 486/641/189 490/646/193
f 495/474/215 491/458/202 493/644/349 497/647/351
f 497/647/351 493/644/349 492/645/350 496/648/352
f 496/648/352 492/645/350 490/646/193 494/649/206
f 494/649/206 498/650/218 500/651/353 496/648/352
f 496/648/352 500/651/353 501/652/354 497/647/351
f 497/647/351 501/652/354 499/488/227 495/474/215
f 503/493/232 499/488/227 501/652/354 505/653/355
f 505/653/355 501/652/354 500/651/353 504/654/356
f 504/654/356 500/651/353 498/650/218 502/655/222
f 507/507/243 503/493/232 505/653/355 509/656/357
f 509/656/357 505/653/355 504/654/356 508/657/358
f 508/657/358 504/654/356 502/655/222 506/658/236
f 506/658/236 510/659/246 512/660/359 508/657/358
f 508/657/358 512/660/359 513/661/360 509/656/357
f 509/656/357 513/661/360 511/521/256 507/507/243
f 515/526/260 511/521/256 513/661/360 517/662/361
f 517/662/361 513/661/360 512/660/359 516/663/362
f 516/663/362 512/660/359 510/659/246 514/664/252
f 519/541/273 515/526/260 517/662/361 521/665/363
f 521/665/363 517/662/361 516/663/362 520/666/364
f 520/666/364 516/663/362 514/664/252 518/667/264
f 518/667/264 522/668/275 524/669/365 520/666/364
f 520/666/364 524/669/365 525/670/366 521/665/363
f 521/665/363 525/670/366 523/554/284 519/541/273
f 527/560/290 523/554/284 525/670/366 529/671/367
f 529/671/367 525/670/366 524/669/365 528/672/368
f 528/672/368 524/669/365 522/668/275 526/673/280
f 531/574/301 527/560/290 529/671/367 533/674/369
f 533/674/369 529/671/367 528/672/368 532/675/370
f 532/675/370 528/672/368 526/673/280 530/676/294
f 535/577/304 531/574/301 533/674/369 537/677/371
f 537/677/371 533/674/369 532/675/370 536/678/372
f 536/678/372 532/675/370 530/676/294 534/679/303
f 539/593/318 535/577/304 537/677/371 541/680/373
f 541/680/373 537/677/371 536/678/372 540/681/374
f 540/681/374 536/678/372 534/679/303 538/682/310
f 538/682/310 542/683/322 544/684/375 540/681/374
f 540/681/374 544/684/375 545/685/376 541/680/373
f 541/680/373 545/685/376 543/609/330 539/593/318
f 547/374/128 543/609/330 545/685/376 549/686/377
f 549/686/377 545/685/376 544/684/375 548/687/378
f 548/687/378 544/684/375 542/683/322 546/688/131
f 546/688/131 455/621/132 457/619/333 548/687/378
f 548/687/378 457/619/333 456/617/331 549/686/377
f 549/686/377 456/617/331 454/348/107 547/374/128
f 455/378/132 249/360/116 258/366/121 458/365/120
f 551/689/103 557/690/325 556/691/329 763/692/104
f 563/693/99 572/694/99 772/695/318 767/696/330
f 553/697/109 561/698/324 560/699/323 552/700/110
f 764/701/113 558/702/326 557/690/325 551/689/103
f 681/703/99 563/693/99 554/704/99
f 766/705/115 562/706/321 561/698/324 553/697/109
f 765/707/25 559/708/327 558/702/326 764/701/113
f 763/692/104 556/691/329 555/709/328 550/710/118
f 771/711/379 775/712/303 580/713/302 571/714/309
f 552/700/110 560/699/323 559/708/327 765/707/25
f 562/706/321 571/714/309 570/715/314 561/698/324
f 559/708/327 568/716/4 567/717/315 558/702/326
f 556/691/329 565/718/317 564/719/316 555/709/328
f 554/704/99 563/693/99 767/696/330 860/720/128
f 560/699/323 569/721/319 568/716/4 559/708/327
f 557/690/325 566/722/320 565/718/317 556/691/329
f 859/723/131 768/724/322 562/706/321 766/705/115
f 561/698/324 570/715/314 569/721/319 560/699/323
f 558/702/326 567/717/315 566/722/320 557/690/325
f 681/703/99 572/694/99 563/693/99
f 570/715/314 579/725/311 578/726/306 569/721/319
f 567/717/315 576/727/312 575/728/308 566/722/320
f 681/703/99 581/729/99 572/694/99
f 571/714/309 580/713/302 579/725/311 570/715/314
f 568/716/4 577/730/305 576/727/312 567/717/315
f 565/718/317 574/731/307 573/732/313 564/719/316
f 572/694/99 581/729/99 776/733/304 772/695/318
f 569/721/319 578/726/306 577/730/305 568/716/4
f 566/722/320 575/728/308 574/731/307 565/718/317
f 775/712/303 779/734/380 589/735/293 580/713/302
f 581/729/99 590/736/99 780/737/301 776/733/304
f 578/726/306 587/738/295 586/739/5 577/730/305
f 575/728/308 584/740/297 583/741/300 574/731/307
f 779/734/380 783/742/280 598/743/279 589/735/293
f 579/725/311 588/744/296 587/738/295 578/726/306
f 576/727/312 585/745/298 584/740/297 575/728/308
f 681/703/99 590/736/99 581/729/99
f 580/713/302 589/735/293 588/744/296 579/725/311
f 577/730/305 586/739/5 585/745/298 576/727/312
f 574/731/307 583/741/300 582/746/299 573/732/313
f 589/735/293 598/743/279 597/747/285 588/744/296
f 586/739/5 595/748/287 594/749/286 585/745/298
f 583/741/300 592/750/289 591/751/288 582/746/299
f 590/736/99 599/752/99 784/753/290 780/737/301
f 587/738/295 596/754/291 595/748/287 586/739/5
f 584/740/297 593/755/292 592/750/289 583/741/300
f 783/742/280 787/756/275 607/757/274 598/743/279
f 588/744/296 597/747/285 596/754/291 587/738/295
f 585/745/298 594/749/286 593/755/292 584/740/297
f 681/703/99 599/752/99 590/736/99
f 787/756/275 791/758/264 616/759/263 607/757/274
f 597/747/285 606/760/281 605/761/276 596/754/291
f 594/749/286 603/762/282 602/763/278 593/755/292
f 681/703/99 608/764/99 599/752/99
f 598/743/279 607/757/274 606/760/281 597/747/285
f 595/748/287 604/765/102 603/762/282 594/749/286
f 592/750/289 601/766/277 600/767/283 591/751/288
f 599/752/99 608/764/99 788/768/284 784/753/290
f 596/754/291 605/761/276 604/765/102 595/748/287
f 593/755/292 602/763/278 601/766/277 592/750/289
f 601/766/277 610/769/272 609/770/271 600/767/283
f 608/764/99 617/771/99 792/772/273 788/768/284
f 605/761/276 614/773/266 613/774/270 604/765/102
f 602/763/278 611/775/268 610/769/272 601/766/277
f 791/758/264 795/776/252 625/777/251 616/759/263
f 606/760/281 615/778/267 614/773/266 605/761/276
f 603/762/282 612/779/269 611/775/268 602/763/278
f 681/703/99 617/771/99 608/764/99
f 607/757/274 616/759/263 615/778/267 606/760/281
f 604/765/102 613/774/270 612/779/269 603/762/282
f 681/703/99 626/780/99 617/771/99
f 616/759/263 625/777/251 624/781/265 615/778/267
f 613/774/270 622/782/1 621/783/257 612/779/269
f 610/769/272 619/784/259 618/785/258 609/770/271
f 617/771/99 626/780/99 796/786/260 792/772/273
f 614/773/266 623/787/261 622/782/1 613/774/270
f 611/775/268 620/788/262 619/784/259 610/769/272
f 795/776/252 799/789/246 634/790/245 625/777/251
f 615/778/267 624/781/265 623/787/261 614/773/266
f 612/779/269 621/783/257 620/788/262 611/775/268
f 620/788/262 629/791/250 628/792/249 619/784/259
f 799/789/246 803/793/236 643/794/235 634/790/245
f 624/781/265 633/795/253 632/796/248 623/787/261
f 621/783/257 630/797/254 629/791/250 620/788/262
f 681/703/99 635/798/99 626/780/99
f 625/777/251 634/790/245 633/795/253 624/781/265
f 622/782/1 631/799/247 630/797/254 621/783/257
f 619/784/259 628/792/249 627/800/255 618/785/258
f 626/780/99 635/798/99 800/801/256 796/786/260
f 623/787/261 632/796/248 631/799/247 622/782/1
f 628/792/249 637/802/242 636/803/241 627/800/255
f 635/798/99 644/804/99 804/805/243 800/801/256
f 632/796/248 641/806/244 640/807/15 631/799/247
f 629/791/250 638/808/238 637/802/242 628/792/249
f 803/793/236 807/809/222 652/810/221 643/794/235
f 633/795/253 642/811/240 641/806/244 632/796/248
f 630/797/254 639/812/239 638/808/238 629/791/250
f 681/703/99 644/804/99 635/798/99
f 634/790/245 643/794/235 642/811/240 633/795/253
f 631/799/247 640/807/15 639/812/239 630/797/254
f 639/812/239 648/813/228 647/814/234 638/808/238
f 681/703/99 653/815/99 644/804/99
f 643/794/235 652/810/221 651/816/237 642/811/240
f 640/807/15 649/817/229 648/813/228 639/812/239
f 637/802/242 646/818/231 645/819/230 636/803/241
f 644/804/99 653/815/99 808/820/232 804/805/243
f 641/806/244 650/821/233 649/817/229 640/807/15
f 638/808/238 647/814/234 646/818/231 637/802/242
f 807/809/222 811/822/218 661/823/217 652/810/221
f 642/811/240 651/816/237 650/821/233 641/806/244
f 647/814/234 656/824/220 655/825/219 646/818/231
f 811/822/218 815/826/206 670/827/205 661/823/217
f 651/816/237 660/828/224 659/829/223 650/821/233
f 648/813/228 657/830/225 656/824/220 647/814/234
f 681/703/99 662/831/99 653/815/99
f 652/810/221 661/823/217 660/828/224 651/816/237
f 649/817/229 658/832/98 657/830/225 648/813/228
f 646/818/231 655/825/219 654/833/226 645/819/230
f 653/815/99 662/831/99 812/834/227 808/820/232
f 650/821/233 659/829/223 658/832/98 649/817/229
f 658/832/98 667/835/212 666/836/210 657/830/225
f 655/825/219 664/837/214 663/838/213 654/833/226
f 662/831/99 671/839/99 816/840/215 812/834/227
f 659/829/223 668/841/216 667/835/212 658/832/98
f 656/824/220 665/842/209 664/837/214 655/825/219
f 815/826/206 819/843/193 679/844/192 670/827/205
f 660/828/224 669/845/211 668/841/216 659/829/223
f 657/830/225 666/836/210 665/842/209 656/824/220
f 681/703/99 671/839/99 662/831/99
f 661/823/217 670/827/205 669/845/211 660/828/224
f 666/836/210 675/846/208 674/847/204 665/842/209
f 681/703/99 680/848/99 671/839/99
f 670/827/205 679/844/192 678/849/207 669/845/211
f 667/835/212 676/850/12 675/846/208 666/836/210
f 664/837/214 673/851/201 672/852/200 663/838/213
f 671/839/99 680/848/99 820/853/202 816/840/215
f 668/841/216 677/854/203 676/850/12 667/835/212
f 665/842/209 674/847/204 673/851/201 664/837/214
f 819/843/193 823/855/189 689/856/188 679/844/192
f 669/845/211 678/849/207 677/854/203 668/841/216
f 677/854/203 687/857/194 686/858/197 676/850/12
f 674/847/204 684/859/191 683/860/190 673/851/201
f 823/855/189 827/861/178 698/862/177 689/856/188
f 678/849/207 688/863/195 687/857/194 677/854/203
f 675/846/208 685/864/196 684/859/191 674/847/204
f 681/703/99 690/865/99 680/848/99
f 679/844/192 689/856/188 688/863/195 678/849/207
f 676/850/12 686/858/197 685/864/196 675/846/208
f 673/851/201 683/860/190 682/866/198 672/852/200
f 680/848/99 690/865/99 824/867/199 820/853/202
f 686/858/197 695/868/13 694/869/182 685/864/196
f 683/860/190 692/870/184 691/871/183 682/866/198
f 690/865/99 699/872/99 828/873/185 824/867/199
f 687/857/194 696/874/186 695/868/13 686/858/197
f 684/859/191 693/875/187 692/870/184 683/860/190
f 827/861/178 831/876/163 707/877/162 698/862/177
f 688/863/195 697/878/181 696/874/186 687/857/194
f 685/864/196 694/869/182 693/875/187 684/859/191
f 681/703/99 699/872/99 690/865/99
f 689/856/188 698/862/177 697/878/181 688/863/195
f 697/878/181 706/879/179 705/880/175 696/874/186
f 694/869/182 703/881/180 702/882/176 693/875/187
f 681/703/99 708/883/99 699/872/99
f 698/862/177 707/877/162 706/879/179 697/878/181
f 695/868/13 704/884/174 703/881/180 694/869/182
f 692/870/184 701/885/172 700/886/171 691/871/183
f 699/872/99 708/883/99 832/887/173 828/873/185
f 696/874/186 705/880/175 704/884/174 695/868/13
f 693/875/187 702/882/176 701/885/172 692/870/184
f 831/876/163 835/888/161 716/889/160 707/877/162
f 705/880/175 714/890/164 713/891/101 704/884/174
f 702/882/176 711/892/166 710/893/169 701/885/172
f 835/888/161 839/894/148 725/895/147 716/889/160
f 706/879/179 715/896/165 714/890/164 705/880/175
f 703/881/180 712/897/167 711/892/166 702/882/176
f 681/703/99 717/898/99 708/883/99
f 707/877/162 716/889/160 715/896/165 706/879/179
f 704/884/174 713/891/101 712/897/167 703/881/180
f 701/885/172 710/893/169 709/899/168 700/886/171
f 708/883/99 717/898/99 836/900/170 832/887/173
f 716/889/160 725/895/147 724/901/152 715/896/165
f 713/891/101 722/902/154 721/903/153 712/897/167
f 710/893/169 719/904/156 718/905/155 709/899/168
f 717/898/99 726/906/99 840/907/157 836/900/170
f 714/890/164 723/908/158 722/902/154 713/891/101
f 711/892/166 720/909/159 719/904/156 710/893/169
f 839/894/148 843/910/142 734/911/141 725/895/147
f 715/896/165 724/901/152 723/908/158 714/890/164
f 712/897/167 721/903/153 720/909/159 711/892/166
f 681/703/99 726/906/99 717/898/99
f 724/901/152 733/912/149 732/913/144 723/908/158
f 721/903/153 730/914/150 729/915/146 720/909/159
f 681/703/99 735/916/99 726/906/99
f 725/895/147 734/911/141 733/912/149 724/901/152
f 722/902/154 731/917/8 730/914/150 721/903/153
f 719/904/156 728/918/145 727/919/151 718/905/155
f 726/906/99 735/916/99 844/920/143 840/907/157
f 723/908/158 732/913/144 731/917/8 722/902/154
f 720/909/159 729/915/146 728/918/145 719/904/156
f 843/910/142 847/921/123 743/922/122 734/911/141
f 735/916/99 744/923/99 848/924/140 844/920/143
f 732/913/144 741/925/133 740/926/137 731/917/8
f 729/915/146 738/927/135 737/928/139 728/918/145
f 847/921/123 851/929/381 752/930/121 743/922/122
f 733/912/149 742/931/134 741/925/133 732/913/144
f 730/914/150 739/932/136 738/927/135 729/915/146
f 681/703/99 744/923/99 735/916/99
f 734/911/141 743/922/122 742/931/134 733/912/149
f 731/917/8 740/926/137 739/932/136 730/914/150
f 728/918/145 737/928/139 736/933/138 727/919/151
f 743/922/122 752/930/121 751/934/124 742/931/134
f 740/926/137 749/935/9 748/936/125 739/932/136
f 737/928/139 746/937/127 745/938/126 736/933/138
f 744/923/99 753/939/99 852/940/108 848/924/140
f 741/925/133 750/941/129 749/935/9 740/926/137
f 738/927/135 747/942/130 746/937/127 737/928/139
f 851/929/381 855/943/132 761/944/116 752/930/121
f 742/931/134 751/934/124 750/941/129 741/925/133
f 739/932/136 748/936/125 747/942/130 738/927/135
f 681/703/99 753/939/99 744/923/99
f 855/943/132 859/945/131 766/946/115 761/944/116
f 751/934/124 760/947/112 759/948/111 750/941/129
f 748/936/125 757/949/114 756/950/106 747/942/130
f 681/703/99 762/951/99 753/939/99
f 752/930/121 761/944/116 760/947/112 751/934/124
f 749/935/9 758/952/117 757/949/114 748/936/125
f 746/937/127 755/953/105 754/954/119 745/938/126
f 753/939/99 762/951/99 856/955/107 852/940/108
f 750/941/129 759/948/111 758/952/117 749/935/9
f 747/942/130 756/950/106 755/953/105 746/937/127
f 755/953/105 763/956/104 550/957/118 754/954/119
f 762/951/99 554/704/99 860/720/128 856/955/107
f 759/948/111 552/958/110 765/959/25 758/952/117
f 756/950/106 551/960/103 763/956/104 755/953/105
f 760/947/112 553/961/109 552/958/110 759/948/111
f 757/949/114 764/962/113 551/960/103 756/950/106
f 681/703/99 554/704/99 762/951/99
f 761/944/116 766/946/115 553/961/109 760/947/112
f 758/952/117 765/959/25 764/962/113 757/949/114
f 772/695/318 774/963/373 769/964/376 767/696/330
f 774/963/373 773/965/374 770/966/375 769/964/376
f 773/965/374 771/967/379 768/968/322 770/966/375
f 776/733/304 778/969/371 774/963/373 772/695/318
f 778/969/371 777/970/372 773/965/374 774/963/373
f 777/970/372 775/971/303 771/967/379 773/965/374
f 780/737/301 782/972/369 778/969/371 776/733/304
f 782/972/369 781/973/370 777/970/372 778/969/371
f 781/973/370 779/974/380 775/971/303 777/970/372
f 784/753/290 786/975/367 782/972/369 780/737/301
f 786/975/367 785/976/368 781/973/370 782/972/369
f 785/976/368 783/977/280 779/974/380 781/973/370
f 783/977/280 785/976/368 789/978/365 787/979/275
f 785/976/368 786/975/367 790/980/366 789/978/365
f 786/975/367 784/753/290 788/768/284 790/980/366
f 792/772/273 794/981/363 790/980/366 788/768/284
f 794/981/363 793/982/364 789/978/365 790/980/366
f 793/982/364 791/983/264 787/979/275 789/978/365
f 796/786/260 798/984/361 794/981/363 792/772/273
f 798/984/361 797/985/362 793/982/364 794/981/363
f 797/985/362 795/986/252 791/983/264 793/982/364
f 795/986/252 797/985/362 801/987/359 799/988/246
f 797/985/362 798/984/361 802/989/360 801/987/359
f 798/984/361 796/786/260 800/801/256 802/989/360
f 804/805/243 806/990/357 802/989/360 800/801/256
f 806/990/357 805/991/358 801/987/359 802/989/360
f 805/991/358 803/992/236 799/988/246 801/987/359
f 808/820/232 810/993/355 806/990/357 804/805/243
f 810/993/355 809/994/356 805/991/358 806/990/357
f 809/994/356 807/995/222 803/992/236 805/991/358
f 807/995/222 809/994/356 813/996/353 811/997/218
f 809/994/356 810/993/355 814/998/354 813/996/353
f 810/993/355 808/820/232 812/834/227 814/998/354
f 816/840/215 818/999/351 814/998/354 812/834/227
f 818/999/351 817/1000/352 813/996/353 814/998/354
f 817/1000/352 815/1001/206 811/997/218 813/996/353
f 820/853/202 822/1002/349 818/999/351 816/840/215
f 822/1002/349 821/1003/350 817/1000/352 818/999/351
f 821/1003/350 819/1004/193 815/1001/206 817/1000/352
f 819/1004/193 821/1003/350 825/1005/347 823/1006/189
f 821/1003/350 822/1002/349 826/1007/348 825/1005/347
f 822/1002/349 820/853/202 824/867/199 826/1007/348
f 828/873/185 830/1008/345 826/1007/348 824/867/199
f 830/1008/345 829/1009/346 825/1005/347 826/1007/348
f 829/1009/346 827/1010/178 823/1006/189 825/1005/347
f 832/887/173 834/1011/343 830/1008/345 828/873/185
f 834/1011/343 833/1012/344 829/1009/346 830/1008/345
f 833/1012/344 831/1013/163 827/1010/178 829/1009/346
f 831/1013/163 833/1012/344 837/1014/341 835/1015/161
f 833/1012/344 834/1011/343 838/1016/342 837/1014/341
f 834/1011/343 832/887/173 836/900/170 838/1016/342
f 840/907/157 842/1017/339 838/1016/342 836/900/170
f 842/1017/339 841/1018/340 837/1014/341 838/1016/342
f 841/1018/340 839/1019/148 835/1015/161 837/1014/341
f 844/920/143 846/1020/337 842/1017/339 840/907/157
f 846/1020/337 845/1021/338 841/1018/340 842/1017/339
f 845/1021/338 843/1022/142 839/1019/148 841/1018/340
f 848/924/140 850/1023/335 846/1020/337 844/920/143
f 850/1023/335 849/1024/336 845/1021/338 846/1020/337
f 849/1024/336 847/1025/123 843/1022/142 845/1021/338
f 852/940/108 854/1026/332 850/1023/335 848/924/140
f 854/1026/332 853/1027/334 849/1024/336 850/1023/335
f 853/1027/334 851/1028/381 847/1025/123 849/1024/336
f 851/1028/381 853/1027/334 857/1029/333 855/1030/132
f 853/1027/334 854/1026/332 858/1031/331 857/1029/333
f 854/1026/332 852/940/108 856/955/107 858/1031/331
f 860/720/128 862/1032/377 858/1031/331 856/955/107
f 862/1032/377 861/1033/378 857/1029/333 858/1031/331
f 861/1033/378 859/1034/131 855/1030/132 857/1029/333
f 859/1034/131 861/1033/378 770/966/375 768/968/322
f 861/1033/378 862/1032/377 769/964/376 770/966/375
f 862/1032/377 860/720/128 767/696/330 769/964/376
f 768/724/322 771/711/379 571/714/309 562/706/321
f 864/1035/103 870/1036/325 869/1037/329 1076/1038/104
f 876/1039/99 885/1040/99 1085/1041/318 1080/1042/330
f 866/1043/109 874/1044/324 873/1045/323 865/1046/110
f 1077/1047/113 871/1048/326 870/1036/325 864/1035/103
f 994/1049/99 876/1039/99 867/1050/99
f 1079/1051/115 875/1052/321 874/1044/324 866/1043/109
f 1078/1053/25 872/1054/327 871/1048/326 1077/1047/113
f 1076/1038/104 869/1037/329 868/1055/328 863/1056/118
f 1084/1057/310 1088/1058/303 893/1059/302 884/1060/309
f 865/1046/110 873/1045/323 872/1054/327 1078/1053/25
f 875/1052/321 884/1060/309 883/1061/314 874/1044/324
f 872/1054/327 881/1062/4 880/1063/315 871/1048/326
f 869/1037/329 878/1064/317 877/1065/316 868/1055/328
f 867/1050/99 876/1039/99 1080/1042/330 1173/1066/128
f 873/1045/323 882/1067/319 881/1062/4 872/1054/327
f 870/1036/325 879/1068/320 878/1064/317 869/1037/329
f 1172/1069/131 1081/1070/322 875/1052/321 1079/1051/115
f 874/1044/324 883/1061/314 882/1067/319 873/1045/323
f 871/1048/326 880/1063/315 879/1068/320 870/1036/325
f 994/1049/99 885/1040/99 876/1039/99
f 883/1061/314 892/1071/311 891/1072/306 882/1067/319
f 880/1063/315 889/1073/312 888/1074/308 879/1068/320
f 994/1049/99 894/1075/99 885/1040/99
f 884/1060/309 893/1059/302 892/1071/311 883/1061/314
f 881/1062/4 890/1076/305 889/1073/312 880/1063/315
f 878/1064/317 887/1077/307 886/1078/313 877/1065/316
f 885/1040/99 894/1075/99 1089/1079/304 1085/1041/318
f 882/1067/319 891/1072/306 890/1076/305 881/1062/4
f 879/1068/320 888/1074/308 887/1077/307 878/1064/317
f 1088/1058/303 1092/1080/294 902/1081/293 893/1059/302
f 894/1075/99 903/1082/99 1093/1083/301 1089/1079/304
f 891/1072/306 900/1084/295 899/1085/5 890/1076/305
f 888/1074/308 897/1086/297 896/1087/300 887/1077/307
f 1092/1080/294 1096/1088/280 911/1089/279 902/1081/293
f 892/1071/311 901/1090/296 900/1084/295 891/1072/306
f 889/1073/312 898/1091/298 897/1086/297 888/1074/308
f 994/1049/99 903/1082/99 894/1075/99
f 893/1059/302 902/1081/293 901/1090/296 892/1071/311
f 890/1076/305 899/1085/5 898/1091/298 889/1073/312
f 887/1077/307 896/1087/300 895/1092/299 886/1078/313
f 902/1081/293 911/1089/279 910/1093/285 901/1090/296
f 899/1085/5 908/1094/287 907/1095/286 898/1091/298
f 896/1087/300 905/1096/289 904/1097/288 895/1092/299
f 903/1082/99 912/1098/99 1097/1099/290 1093/1083/301
f 900/1084/295 909/1100/291 908/1094/287 899/1085/5
f 897/1086/297 906/1101/292 905/1096/289 896/1087/300
f 1096/1088/280 1100/1102/275 920/1103/274 911/1089/279
f 901/1090/296 910/1093/285 909/1100/291 900/1084/295
f 898/1091/298 907/1095/286 906/1101/292 897/1086/297
f 994/1049/99 912/1098/99 903/1082/99
f 1100/1102/275 1104/1104/264 929/1105/263 920/1103/274
f 910/1093/285 919/1106/281 918/1107/276 909/1100/291
f 907/1095/286 916/1108/282 915/1109/278 906/1101/292
f 994/1049/99 921/1110/99 912/1098/99
f 911/1089/279 920/1103/274 919/1106/281 910/1093/285
f 908/1094/287 917/1111/102 916/1108/282 907/1095/286
f 905/1096/289 914/1112/277 913/1113/283 904/1097/288
f 912/1098/99 921/1110/99 1101/1114/284 1097/1099/290
f 909/1100/291 918/1107/276 917/1111/102 908/1094/287
f 906/1101/292 915/1109/278 914/1112/277 905/1096/289
f 914/1112/277 923/1115/272 922/1116/271 913/1113/283
f 921/1110/99 930/1117/99 1105/1118/273 1101/1114/284
f 918/1107/276 927/1119/266 926/1120/270 917/1111/102
f 915/1109/278 924/1121/268 923/1115/272 914/1112/277
f 1104/1104/264 1108/1122/252 938/1123/251 929/1105/263
f 919/1106/281 928/1124/267 927/1119/266 918/1107/276
f 916/1108/282 925/1125/269 924/1121/268 915/1109/278
f 994/1049/99 930/1117/99 921/1110/99
f 920/1103/274 929/1105/263 928/1124/267 919/1106/281
f 917/1111/102 926/1120/270 925/1125/269 916/1108/282
f 994/1049/99 939/1126/99 930/1117/99
f 929/1105/263 938/1123/251 937/1127/265 928/1124/267
f 926/1120/270 935/1128/1 934/1129/257 925/1125/269
f 923/1115/272 932/1130/259 931/1131/258 922/1116/271
f 930/1117/99 939/1126/99 1109/1132/260 1105/1118/273
f 927/1119/266 936/1133/261 935/1128/1 926/1120/270
f 924/1121/268 933/1134/262 932/1130/259 923/1115/272
f 1108/1122/252 1112/1135/246 947/1136/245 938/1123/251
f 928/1124/267 937/1127/265 936/1133/261 927/1119/266
f 925/1125/269 934/1129/257 933/1134/262 924/1121/268
f 933/1134/262 942/1137/250 941/1138/249 932/1130/259
f 1112/1135/246 1116/1139/236 956/1140/235 947/1136/245
f 937/1127/265 946/1141/253 945/1142/248 936/1133/261
f 934/1129/257 943/1143/254 942/1137/250 933/1134/262
f 994/1049/99 948/1144/99 939/1126/99
f 938/1123/251 947/1136/245 946/1141/253 937/1127/265
f 935/1128/1 944/1145/247 943/1143/254 934/1129/257
f 932/1130/259 941/1138/249 940/1146/255 931/1131/258
f 939/1126/99 948/1144/99 1113/1147/256 1109/1132/260
f 936/1133/261 945/1142/248 944/1145/247 935/1128/1
f 941/1138/249 950/1148/242 949/1149/241 940/1146/255
f 948/1144/99 957/1150/99 1117/1151/243 1113/1147/256
f 945/1142/248 954/1152/244 953/1153/15 944/1145/247
f 942/1137/250 951/1154/238 950/1148/242 941/1138/249
f 1116/1139/236 1120/1155/222 965/1156/221 956/1140/235
f 946/1141/253 955/1157/240 954/1152/244 945/1142/248
f 943/1143/254 952/1158/239 951/1154/238 942/1137/250
f 994/1049/99 957/1150/99 948/1144/99
f 947/1136/245 956/1140/235 955/1157/240 946/1141/253
f 944/1145/247 953/1153/15 952/1158/239 943/1143/254
f 952/1158/239 961/1159/228 960/1160/234 951/1154/238
f 994/1049/99 966/1161/99 957/1150/99
f 956/1140/235 965/1156/221 964/1162/237 955/1157/240
f 953/1153/15 962/1163/229 961/1159/228 952/1158/239
f 950/1148/242 959/1164/231 958/1165/230 949/1149/241
f 957/1150/99 966/1161/99 1121/1166/232 1117/1151/243
f 954/1152/244 963/1167/233 962/1163/229 953/1153/15
f 951/1154/238 960/1160/234 959/1164/231 950/1148/242
f 1120/1155/222 1124/1168/218 974/1169/217 965/1156/221
f 955/1157/240 964/1162/237 963/1167/233 954/1152/244
f 960/1160/234 969/1170/220 968/1171/219 959/1164/231
f 1124/1168/218 1128/1172/206 983/1173/205 974/1169/217
f 964/1162/237 973/1174/224 972/1175/223 963/1167/233
f 961/1159/228 970/1176/225 969/1170/220 960/1160/234
f 994/1049/99 975/1177/99 966/1161/99
f 965/1156/221 974/1169/217 973/1174/224 964/1162/237
f 962/1163/229 971/1178/98 970/1176/225 961/1159/228
f 959/1164/231 968/1171/219 967/1179/226 958/1165/230
f 966/1161/99 975/1177/99 1125/1180/227 1121/1166/232
f 963/1167/233 972/1175/223 971/1178/98 962/1163/229
f 971/1178/98 980/1181/212 979/1182/210 970/1176/225
f 968/1171/219 977/1183/214 976/1184/213 967/1179/226
f 975/1177/99 984/1185/99 1129/1186/215 1125/1180/227
f 972/1175/223 981/1187/216 980/1181/212 971/1178/98
f 969/1170/220 978/1188/209 977/1183/214 968/1171/219
f 1128/1172/206 1132/1189/193 992/1190/192 983/1173/205
f 973/1174/224 982/1191/211 981/1187/216 972/1175/223
f 970/1176/225 979/1182/210 978/1188/209 969/1170/220
f 994/1049/99 984/1185/99 975/1177/99
f 974/1169/217 983/1173/205 982/1191/211 973/1174/224
f 979/1182/210 988/1192/208 987/1193/204 978/1188/209
f 994/1049/99 993/1194/99 984/1185/99
f 983/1173/205 992/1190/192 991/1195/207 982/1191/211
f 980/1181/212 989/1196/12 988/1192/208 979/1182/210
f 977/1183/214 986/1197/201 985/1198/200 976/1184/213
f 984/1185/99 993/1194/99 1133/1199/202 1129/1186/215
f 981/1187/216 990/1200/203 989/1196/12 980/1181/212
f 978/1188/209 987/1193/204 986/1197/201 977/1183/214
f 1132/1189/193 1136/1201/189 1002/1202/188 992/1190/192
f 982/1191/211 991/1195/207 990/1200/203 981/1187/216
f 990/1200/203 1000/1203/194 999/1204/197 989/1196/12
f 987/1193/204 997/1205/191 996/1206/190 986/1197/201
f 1136/1201/189 1140/1207/178 1011/1208/177 1002/1202/188
f 991/1195/207 1001/1209/195 1000/1203/194 990/1200/203
f 988/1192/208 998/1210/196 997/1205/191 987/1193/204
f 994/1049/99 1003/1211/99 993/1194/99
f 992/1190/192 1002/1202/188 1001/1209/195 991/1195/207
f 989/1196/12 999/1204/197 998/1210/196 988/1192/208
f 986/1197/201 996/1206/190 995/1212/198 985/1198/200
f 993/1194/99 1003/1211/99 1137/1213/199 1133/1199/202
f 999/1204/197 1008/1214/13 1007/1215/182 998/1210/196
f 996/1206/190 1005/1216/184 1004/1217/183 995/1212/198
f 1003/1211/99 1012/1218/99 1141/1219/185 1137/1213/199
f 1000/1203/194 1009/1220/186 1008/1214/13 999/1204/197
f 997/1205/191 1006/1221/187 1005/1216/184 996/1206/190
f 1140/1207/178 1144/1222/163 1020/1223/162 1011/1208/177
f 1001/1209/195 1010/1224/181 1009/1220/186 1000/1203/194
f 998/1210/196 1007/1215/182 1006/1221/187 997/1205/191
f 994/1049/99 1012/1218/99 1003/1211/99
f 1002/1202/188 1011/1208/177 1010/1224/181 1001/1209/195
f 1010/1224/181 1019/1225/179 1018/1226/175 1009/1220/186
f 1007/1215/182 1016/1227/180 1015/1228/176 1006/1221/187
f 994/1049/99 1021/1229/99 1012/1218/99
f 1011/1208/177 1020/1223/162 1019/1225/179 1010/1224/181
f 1008/1214/13 1017/1230/174 1016/1227/180 1007/1215/182
f 1005/1216/184 1014/1231/172 1013/1232/171 1004/1217/183
f 1012/1218/99 1021/1229/99 1145/1233/173 1141/1219/185
f 1009/1220/186 1018/1226/175 1017/1230/174 1008/1214/13
f 1006/1221/187 1015/1228/176 1014/1231/172 1005/1216/184
f 1144/1222/163 1148/1234/161 1029/1235/160 1020/1223/162
f 1018/1226/175 1027/1236/164 1026/1237/101 1017/1230/174
f 1015/1228/176 1024/1238/166 1023/1239/169 1014/1231/172
f 1148/1234/161 1152/1240/148 1038/1241/147 1029/1235/160
f 1019/1225/179 1028/1242/165 1027/1236/164 1018/1226/175
f 1016/1227/180 1025/1243/167 1024/1238/166 1015/1228/176
f 994/1049/99 1030/1244/99 1021/1229/99
f 1020/1223/162 1029/1235/160 1028/1242/165 1019/1225/179
f 1017/1230/174 1026/1237/101 1025/1243/167 1016/1227/180
f 1014/1231/172 1023/1239/169 1022/1245/168 1013/1232/171
f 1021/1229/99 1030/1244/99 1149/1246/170 1145/1233/173
f 1029/1235/160 1038/1241/147 1037/1247/152 1028/1242/165
f 1026/1237/101 1035/1248/154 1034/1249/153 1025/1243/167
f 1023/1239/169 1032/1250/156 1031/1251/155 1022/1245/168
f 1030/1244/99 1039/1252/99 1153/1253/157 1149/1246/170
f 1027/1236/164 1036/1254/158 1035/1248/154 1026/1237/101
f 1024/1238/166 1033/1255/159 1032/1250/156 1023/1239/169
f 1152/1240/148 1156/1256/382 1047/1257/141 1038/1241/147
f 1028/1242/165 1037/1247/152 1036/1254/158 1027/1236/164
f 1025/1243/167 1034/1249/153 1033/1255/159 1024/1238/166
f 994/1049/99 1039/1252/99 1030/1244/99
f 1037/1247/152 1046/1258/149 1045/1259/144 1036/1254/158
f 1034/1249/153 1043/1260/150 1042/1261/146 1033/1255/159
f 994/1049/99 1048/1262/99 1039/1252/99
f 1038/1241/147 1047/1257/141 1046/1258/149 1037/1247/152
f 1035/1248/154 1044/1263/8 1043/1260/150 1034/1249/153
f 1032/1250/156 1041/1264/145 1040/1265/151 1031/1251/155
f 1039/1252/99 1048/1262/99 1157/1266/143 1153/1253/157
f 1036/1254/158 1045/1259/144 1044/1263/8 1035/1248/154
f 1033/1255/159 1042/1261/146 1041/1264/145 1032/1250/156
f 1156/1256/382 1160/1267/123 1056/1268/122 1047/1257/141
f 1048/1262/99 1057/1269/99 1161/1270/140 1157/1266/143
f 1045/1259/144 1054/1271/133 1053/1272/137 1044/1263/8
f 1042/1261/146 1051/1273/135 1050/1274/139 1041/1264/145
f 1160/1267/123 1164/1275/381 1065/1276/121 1056/1268/122
f 1046/1258/149 1055/1277/134 1054/1271/133 1045/1259/144
f 1043/1260/150 1052/1278/136 1051/1273/135 1042/1261/146
f 994/1049/99 1057/1269/99 1048/1262/99
f 1047/1257/141 1056/1268/122 1055/1277/134 1046/1258/149
f 1044/1263/8 1053/1272/137 1052/1278/136 1043/1260/150
f 1041/1264/145 1050/1274/139 1049/1279/138 1040/1265/151
f 1056/1268/122 1065/1276/121 1064/1280/124 1055/1277/134
f 1053/1272/137 1062/1281/9 1061/1282/125 1052/1278/136
f 1050/1274/139 1059/1283/127 1058/1284/126 1049/1279/138
f 1057/1269/99 1066/1285/99 1165/1286/108 1161/1270/140
f 1054/1271/133 1063/1287/129 1062/1281/9 1053/1272/137
f 1051/1273/135 1060/1288/130 1059/1283/127 1050/1274/139
f 1164/1275/381 1168/1289/132 1074/1290/116 1065/1276/121
f 1055/1277/134 1064/1280/124 1063/1287/129 1054/1271/133
f 1052/1278/136 1061/1282/125 1060/1288/130 1051/1273/135
f 994/1049/99 1066/1285/99 1057/1269/99
f 1168/1289/132 1172/1291/131 1079/1292/115 1074/1290/116
f 1064/1280/124 1073/1293/112 1072/1294/111 1063/1287/129
f 1061/1282/125 1070/1295/114 1069/1296/106 1060/1288/130
f 994/1049/99 1075/1297/99 1066/1285/99
f 1065/1276/121 1074/1290/116 1073/1293/112 1064/1280/124
f 1062/1281/9 1071/1298/117 1070/1295/114 1061/1282/125
f 1059/1283/127 1068/1299/105 1067/1300/119 1058/1284/126
f 1066/1285/99 1075/1297/99 1169/1301/107 1165/1286/108
f 1063/1287/129 1072/1294/111 1071/1298/117 1062/1281/9
f 1060/1288/130 1069/1296/106 1068/1299/105 1059/1283/127
f 1068/1299/105 1076/1302/104 863/1303/118 1067/1300/119
f 1075/1297/99 867/1050/99 1173/1066/128 1169/1301/107
f 1072/1294/111 865/1304/110 1078/1305/25 1071/1298/117
f 1069/1296/106 864/1306/103 1076/1302/104 1068/1299/105
f 1073/1293/112 866/1307/109 865/1304/110 1072/1294/111
f 1070/1295/114 1077/1308/113 864/1306/103 1069/1296/106
f 994/1049/99 867/1050/99 1075/1297/99
f 1074/1290/116 1079/1292/115 866/1307/109 1073/1293/112
f 1071/1298/117 1078/1305/25 1077/1308/113 1070/1295/114
f 1085/1041/318 1087/1309/373 1082/1310/376 1080/1042/330
f 1087/1309/373 1086/1311/374 1083/1312/375 1082/1310/376
f 1086/1311/374 1084/1313/310 1081/1314/322 1083/1312/375
f 1089/1079/304 1091/1315/371 1087/1309/373 1085/1041/318
f 1091/1315/371 1090/1316/372 1086/1311/374 1087/1309/373
f 1090/1316/372 1088/1317/303 1084/1313/310 1086/1311/374
f 1093/1083/301 1095/1318/369 1091/1315/371 1089/1079/304
f 1095/1318/369 1094/1319/370 1090/1316/372 1091/1315/371
f 1094/1319/370 1092/1320/294 1088/1317/303 1090/1316/372
f 1097/1099/290 1099/1321/367 1095/1318/369 1093/1083/301
f 1099/1321/367 1098/1322/368 1094/1319/370 1095/1318/369
f 1098/1322/368 1096/1323/280 1092/1320/294 1094/1319/370
f 1096/1323/280 1098/1322/368 1102/1324/365 1100/1325/275
f 1098/1322/368 1099/1321/367 1103/1326/366 1102/1324/365
f 1099/1321/367 1097/1099/290 1101/1114/284 1103/1326/366
f 1105/1118/273 1107/1327/363 1103/1326/366 1101/1114/284
f 1107/1327/363 1106/1328/364 1102/1324/365 1103/1326/366
f 1106/1328/364 1104/1329/264 1100/1325/275 1102/1324/365
f 1109/1132/260 1111/1330/361 1107/1327/363 1105/1118/273
f 1111/1330/361 1110/1331/362 1106/1328/364 1107/1327/363
f 1110/1331/362 1108/1332/252 1104/1329/264 1106/1328/364
f 1108/1332/252 1110/1331/362 1114/1333/359 1112/1334/246
f 1110/1331/362 1111/1330/361 1115/1335/360 1114/1333/359
f 1111/1330/361 1109/1132/260 1113/1147/256 1115/1335/360
f 1117/1151/243 1119/1336/357 1115/1335/360 1113/1147/256
f 1119/1336/357 1118/1337/358 1114/1333/359 1115/1335/360
f 1118/1337/358 1116/1338/236 1112/1334/246 1114/1333/359
f 1121/1166/232 1123/1339/355 1119/1336/357 1117/1151/243
f 1123/1339/355 1122/1340/356 1118/1337/358 1119/1336/357
f 1122/1340/356 1120/1341/222 1116/1338/236 1118/1337/358
f 1120/1341/222 1122/1340/356 1126/1342/353 1124/1343/218
f 1122/1340/356 1123/1339/355 1127/1344/354 1126/1342/353
f 1123/1339/355 1121/1166/232 1125/1180/227 1127/1344/354
f 1129/1186/215 1131/1345/351 1127/1344/354 1125/1180/227
f 1131/1345/351 1130/1346/352 1126/1342/353 1127/1344/354
f 1130/1346/352 1128/1347/206 1124/1343/218 1126/1342/353
f 1133/1199/202 1135/1348/349 1131/1345/351 1129/1186/215
f 1135/1348/349 1134/1349/350 1130/1346/352 1131/1345/351
f 1134/1349/350 1132/1350/193 1128/1347/206 1130/1346/352
f 1132/1350/193 1134/1349/350 1138/1351/347 1136/1352/189
f 1134/1349/350 1135/1348/349 1139/1353/348 1138/1351/347
f 1135/1348/349 1133/1199/202 1137/1213/199 1139/1353/348
f 1141/1219/185 1143/1354/345 1139/1353/348 1137/1213/199
f 1143/1354/345 1142/1355/346 1138/1351/347 1139/1353/348
f 1142/1355/346 1140/1356/178 1136/1352/189 1138/1351/347
f 1145/1233/173 1147/1357/343 1143/1354/345 1141/1219/185
f 1147/1357/343 1146/1358/344 1142/1355/346 1143/1354/345
f 1146/1358/344 1144/1359/163 1140/1356/178 1142/1355/346
f 1144/1359/163 1146/1358/344 1150/1360/341 1148/1361/161
f 1146/1358/344 1147/1357/343 1151/1362/342 1150/1360/341
f 1147/1357/343 1145/1233/173 1149/1246/170 1151/1362/342
f 1153/1253/157 1155/1363/339 1151/1362/342 1149/1246/170
f 1155/1363/339 1154/1364/340 1150/1360/341 1151/1362/342
f 1154/1364/340 1152/1365/148 1148/1361/161 1150/1360/341
f 1157/1266/143 1159/1366/337 1155/1363/339 1153/1253/157
f 1159/1366/337 1158/1367/338 1154/1364/340 1155/1363/339
f 1158/1367/338 1156/1368/382 1152/1365/148 1154/1364/340
f 1161/1270/140 1163/1369/335 1159/1366/337 1157/1266/143
f 1163/1369/335 1162/1370/336 1158/1367/338 1159/1366/337
f 1162/1370/336 1160/1371/123 1156/1368/382 1158/1367/338
f 1165/1286/108 1167/1372/332 1163/1369/335 1161/1270/140
f 1167/1372/332 1166/1373/334 1162/1370/336 1163/1369/335
f 1166/1373/334 1164/1374/381 1160/1371/123 1162/1370/336
f 1164/1374/381 1166/1373/334 1170/1375/333 1168/1376/132
f 1166/1373/334 1167/1372/332 1171/1377/331 1170/1375/333
f 1167/1372/332 1165/1286/108 1169/1301/107 1171/1377/331
f 1173/1066/128 1175/1378/377 1171/1377/331 1169/1301/107
f 1175/1378/377 1174/1379/378 1170/1375/333 1171/1377/331
f 1174/1379/378 1172/1380/131 1168/1376/132 1170/1375/333
f 1172/1380/131 1174/1379/378 1083/1312/375 1081/1314/322
f 1174/1379/378 1175/1378/377 1082/1310/376 1083/1312/375
f 1175/1378/377 1173/1066/128 1080/1042/330 1082/1310/376
f 1081/1070/322 1084/1057/310 884/1060/309 875/1052/321
f 1177/1381/103 1389/1382/104 1182/1383/105 1183/1384/106
f 1189/1385/99 1393/1386/107 1398/1387/108 1198/1388/99
f 1179/1389/109 1178/1390/110 1186/1391/111 1187/1392/112
f 1390/1393/113 1177/1381/103 1183/1384/106 1184/1394/114
f 1307/1395/99 1180/1396/99 1189/1385/99
f 1392/1397/115 1179/1389/109 1187/1392/112 1188/1398/116
f 1391/1399/25 1390/1393/113 1184/1394/114 1185/1400/117
f 1389/1382/104 1176/1401/118 1181/1402/119 1182/1383/105
f 1397/1403/381 1197/1404/121 1206/1405/122 1401/1406/123
f 1178/1390/110 1391/1399/25 1185/1400/117 1186/1391/111
f 1188/1398/116 1187/1392/112 1196/1407/124 1197/1404/121
f 1185/1400/117 1184/1394/114 1193/1408/125 1194/1409/9
f 1182/1383/105 1181/1402/119 1190/1410/126 1191/1411/127
f 1180/1396/99 1486/1412/128 1393/1386/107 1189/1385/99
f 1186/1391/111 1185/1400/117 1194/1409/9 1195/1413/129
f 1183/1384/106 1182/1383/105 1191/1411/127 1192/1414/130
f 1485/1415/131 1392/1397/115 1188/1398/116 1394/1416/132
f 1187/1392/112 1186/1391/111 1195/1413/129 1196/1407/124
f 1184/1394/114 1183/1384/106 1192/1414/130 1193/1408/125
f 1307/1395/99 1189/1385/99 1198/1388/99
f 1196/1407/124 1195/1413/129 1204/1417/133 1205/1418/134
f 1193/1408/125 1192/1414/130 1201/1419/135 1202/1420/136
f 1307/1395/99 1198/1388/99 1207/1421/99
f 1197/1404/121 1196/1407/124 1205/1418/134 1206/1405/122
f 1194/1409/9 1193/1408/125 1202/1420/136 1203/1422/137
f 1191/1411/127 1190/1410/126 1199/1423/138 1200/1424/139
f 1198/1388/99 1398/1387/108 1402/1425/140 1207/1421/99
f 1195/1413/129 1194/1409/9 1203/1422/137 1204/1417/133
f 1192/1414/130 1191/1411/127 1200/1424/139 1201/1419/135
f 1401/1406/123 1206/1405/122 1215/1426/141 1405/1427/142
f 1207/1421/99 1402/1425/140 1406/1428/143 1216/1429/99
f 1204/1417/133 1203/1422/137 1212/1430/8 1213/1431/144
f 1201/1419/135 1200/1424/139 1209/1432/145 1210/1433/146
f 1405/1427/142 1215/1426/141 1224/1434/147 1409/1435/148
f 1205/1418/134 1204/1417/133 1213/1431/144 1214/1436/149
f 1202/1420/136 1201/1419/135 1210/1433/146 1211/1437/150
f 1307/1395/99 1207/1421/99 1216/1429/99
f 1206/1405/122 1205/1418/134 1214/1436/149 1215/1426/141
f 1203/1422/137 1202/1420/136 1211/1437/150 1212/1430/8
f 1200/1424/139 1199/1423/138 1208/1438/151 1209/1432/145
f 1215/1426/141 1214/1436/149 1223/1439/152 1224/1434/147
f 1212/1430/8 1211/1437/150 1220/1440/153 1221/1441/154
f 1209/1432/145 1208/1438/151 1217/1442/155 1218/1443/156
f 1216/1429/99 1406/1428/143 1410/1444/157 1225/1445/99
f 1213/1431/144 1212/1430/8 1221/1441/154 1222/1446/158
f 1210/1433/146 1209/1432/145 1218/1443/156 1219/1447/159
f 1409/1435/148 1224/1434/147 1233/1448/160 1413/1449/161
f 1214/1436/149 1213/1431/144 1222/1446/158 1223/1439/152
f 1211/1437/150 1210/1433/146 1219/1447/159 1220/1440/153
f 1307/1395/99 1216/1429/99 1225/1445/99
f 1413/1449/161 1233/1448/160 1242/1450/162 1417/1451/163
f 1223/1439/152 1222/1446/158 1231/1452/164 1232/1453/165
f 1220/1440/153 1219/1447/159 1228/1454/166 1229/1455/167
f 1307/1395/99 1225/1445/99 1234/1456/99
f 1224/1434/147 1223/1439/152 1232/1453/165 1233/1448/160
f 1221/1441/154 1220/1440/153 1229/1455/167 1230/1457/101
f 1218/1443/156 1217/1442/155 1226/1458/168 1227/1459/169
f 1225/1445/99 1410/1444/157 1414/1460/170 1234/1456/99
f 1222/1446/158 1221/1441/154 1230/1457/101 1231/1452/164
f 1219/1447/159 1218/1443/156 1227/1459/169 1228/1454/166
f 1227/1459/169 1226/1458/168 1235/1461/171 1236/1462/172
f 1234/1456/99 1414/1460/170 1418/1463/173 1243/1464/99
f 1231/1452/164 1230/1457/101 1239/1465/174 1240/1466/175
f 1228/1454/166 1227/1459/169 1236/1462/172 1237/1467/176
f 1417/1451/163 1242/1450/162 1251/1468/177 1421/1469/178
f 1232/1453/165 1231/1452/164 1240/1466/175 1241/1470/179
f 1229/1455/167 1228/1454/166 1237/1467/176 1238/1471/180
f 1307/1395/99 1234/1456/99 1243/1464/99
f 1233/1448/160 1232/1453/165 1241/1470/179 1242/1450/162
f 1230/1457/101 1229/1455/167 1238/1471/180 1239/1465/174
f 1307/1395/99 1243/1464/99 1252/1472/99
f 1242/1450/162 1241/1470/179 1250/1473/181 1251/1468/177
f 1239/1465/174 1238/1471/180 1247/1474/182 1248/1475/13
f 1236/1462/172 1235/1461/171 1244/1476/183 1245/1477/184
f 1243/1464/99 1418/1463/173 1422/1478/185 1252/1472/99
f 1240/1466/175 1239/1465/174 1248/1475/13 1249/1479/186
f 1237/1467/176 1236/1462/172 1245/1477/184 1246/1480/187
f 1421/1469/178 1251/1468/177 1260/1481/188 1425/1482/189
f 1241/1470/179 1240/1466/175 1249/1479/186 1250/1473/181
f 1238/1471/180 1237/1467/176 1246/1480/187 1247/1474/182
f 1246/1480/187 1245/1477/184 1254/1483/190 1255/1484/191
f 1425/1482/189 1260/1481/188 1269/1485/192 1429/1486/193
f 1250/1473/181 1249/1479/186 1258/1487/194 1259/1488/195
f 1247/1474/182 1246/1480/187 1255/1484/191 1256/1489/196
f 1307/1395/99 1252/1472/99 1261/1490/99
f 1251/1468/177 1250/1473/181 1259/1488/195 1260/1481/188
f 1248/1475/13 1247/1474/182 1256/1489/196 1257/1491/197
f 1245/1477/184 1244/1476/183 1253/1492/198 1254/1483/190
f 1252/1472/99 1422/1478/185 1426/1493/199 1261/1490/99
f 1249/1479/186 1248/1475/13 1257/1491/197 1258/1487/194
f 1254/1483/190 1253/1492/198 1262/1494/200 1263/1495/201
f 1261/1490/99 1426/1493/199 1430/1496/202 1270/1497/99
f 1258/1487/194 1257/1491/197 1266/1498/12 1267/1499/203
f 1255/1484/191 1254/1483/190 1263/1495/201 1264/1500/204
f 1429/1486/193 1269/1485/192 1278/1501/205 1433/1502/206
f 1259/1488/195 1258/1487/194 1267/1499/203 1268/1503/207
f 1256/1489/196 1255/1484/191 1264/1500/204 1265/1504/208
f 1307/1395/99 1261/1490/99 1270/1497/99
f 1260/1481/188 1259/1488/195 1268/1503/207 1269/1485/192
f 1257/1491/197 1256/1489/196 1265/1504/208 1266/1498/12
f 1265/1504/208 1264/1500/204 1273/1505/209 1274/1506/210
f 1307/1395/99 1270/1497/99 1279/1507/99
f 1269/1485/192 1268/1503/207 1277/1508/211 1278/1501/205
f 1266/1498/12 1265/1504/208 1274/1506/210 1275/1509/212
f 1263/1495/201 1262/1494/200 1271/1510/213 1272/1511/214
f 1270/1497/99 1430/1496/202 1434/1512/215 1279/1507/99
f 1267/1499/203 1266/1498/12 1275/1509/212 1276/1513/216
f 1264/1500/204 1263/1495/201 1272/1511/214 1273/1505/209
f 1433/1502/206 1278/1501/205 1287/1514/217 1437/1515/218
f 1268/1503/207 1267/1499/203 1276/1513/216 1277/1508/211
f 1273/1505/209 1272/1511/214 1281/1516/219 1282/1517/220
f 1437/1515/218 1287/1514/217 1296/1518/221 1441/1519/222
f 1277/1508/211 1276/1513/216 1285/1520/223 1286/1521/224
f 1274/1506/210 1273/1505/209 1282/1517/220 1283/1522/225
f 1307/1395/99 1279/1507/99 1288/1523/99
f 1278/1501/205 1277/1508/211 1286/1521/224 1287/1514/217
f 1275/1509/212 1274/1506/210 1283/1522/225 1284/1524/98
f 1272/1511/214 1271/1510/213 1280/1525/226 1281/1516/219
f 1279/1507/99 1434/1512/215 1438/1526/227 1288/1523/99
f 1276/1513/216 1275/1509/212 1284/1524/98 1285/1520/223
f 1284/1524/98 1283/1522/225 1292/1527/228 1293/1528/229
f 1281/1516/219 1280/1525/226 1289/1529/230 1290/1530/231
f 1288/1523/99 1438/1526/227 1442/1531/232 1297/1532/99
f 1285/1520/223 1284/1524/98 1293/1528/229 1294/1533/233
f 1282/1517/220 1281/1516/219 1290/1530/231 1291/1534/234
f 1441/1519/222 1296/1518/221 1305/1535/235 1445/1536/236
f 1286/1521/224 1285/1520/223 1294/1533/233 1295/1537/237
f 1283/1522/225 1282/1517/220 1291/1534/234 1292/1527/228
f 1307/1395/99 1288/1523/99 1297/1532/99
f 1287/1514/217 1286/1521/224 1295/1537/237 1296/1518/221
f 1292/1527/228 1291/1534/234 1300/1538/238 1301/1539/239
f 1307/1395/99 1297/1532/99 1306/1540/99
f 1296/1518/221 1295/1537/237 1304/1541/240 1305/1535/235
f 1293/1528/229 1292/1527/228 1301/1539/239 1302/1542/15
f 1290/1530/231 1289/1529/230 1298/1543/241 1299/1544/242
f 1297/1532/99 1442/1531/232 1446/1545/243 1306/1540/99
f 1294/1533/233 1293/1528/229 1302/1542/15 1303/1546/244
f 1291/1534/234 1290/1530/231 1299/1544/242 1300/1538/238
f 1445/1536/236 1305/1535/235 1315/1547/245 1449/1548/246
f 1295/1537/237 1294/1533/233 1303/1546/244 1304/1541/240
f 1303/1546/244 1302/1542/15 1312/1549/247 1313/1550/248
f 1300/1538/238 1299/1544/242 1309/1551/249 1310/1552/250
f 1449/1548/246 1315/1547/245 1324/1553/251 1453/1554/252
f 1304/1541/240 1303/1546/244 1313/1550/248 1314/1555/253
f 1301/1539/239 1300/1538/238 1310/1552/250 1311/1556/254
f 1307/1395/99 1306/1540/99 1316/1557/99
f 1305/1535/235 1304/1541/240 1314/1555/253 1315/1547/245
f 1302/1542/15 1301/1539/239 1311/1556/254 1312/1549/247
f 1299/1544/242 1298/1543/241 1308/1558/255 1309/1551/249
f 1306/1540/99 1446/1545/243 1450/1559/256 1316/1557/99
f 1312/1549/247 1311/1556/254 1320/1560/257 1321/1561/1
f 1309/1551/249 1308/1558/255 1317/1562/258 1318/1563/259
f 1316/1557/99 1450/1559/256 1454/1564/260 1325/1565/99
f 1313/1550/248 1312/1549/247 1321/1561/1 1322/1566/261
f 1310/1552/250 1309/1551/249 1318/1563/259 1319/1567/262
f 1453/1554/252 1324/1553/251 1333/1568/263 1457/1569/264
f 1314/1555/253 1313/1550/248 1322/1566/261 1323/1570/265
f 1311/1556/254 1310/1552/250 1319/1567/262 1320/1560/257
f 1307/1395/99 1316/1557/99 1325/1565/99
f 1315/1547/245 1314/1555/253 1323/1570/265 1324/1553/251
f 1323/1570/265 1322/1566/261 1331/1571/266 1332/1572/267
f 1320/1560/257 1319/1567/262 1328/1573/268 1329/1574/269
f 1307/1395/99 1325/1565/99 1334/1575/99
f 1324/1553/251 1323/1570/265 1332/1572/267 1333/1568/263
f 1321/1561/1 1320/1560/257 1329/1574/269 1330/1576/270
f 1318/1563/259 1317/1562/258 1326/1577/271 1327/1578/272
f 1325/1565/99 1454/1564/260 1458/1579/273 1334/1575/99
f 1322/1566/261 1321/1561/1 1330/1576/270 1331/1571/266
f 1319/1567/262 1318/1563/259 1327/1578/272 1328/1573/268
f 1457/1569/264 1333/1568/263 1342/1580/274 1461/1581/275
f 1331/1571/266 1330/1576/270 1339/1582/102 1340/1583/276
f 1328/1573/268 1327/1578/272 1336/1584/277 1337/1585/278
f 1461/1581/275 1342/1580/274 1351/1586/279 1465/1587/280
f 1332/1572/267 1331/1571/266 1340/1583/276 1341/1588/281
f 1329/1574/269 1328/1573/268 1337/1585/278 1338/1589/282
f 1307/1395/99 1334/1575/99 1343/1590/99
f 1333/1568/263 1332/1572/267 1341/1588/281 1342/1580/274
f 1330/1576/270 1329/1574/269 1338/1589/282 1339/1582/102
f 1327/1578/272 1326/1577/271 1335/1591/283 1336/1584/277
f 1334/1575/99 1458/1579/273 1462/1592/284 1343/1590/99
f 1342/1580/274 1341/1588/281 1350/1593/285 1351/1586/279
f 1339/1582/102 1338/1589/282 1347/1594/286 1348/1595/287
f 1336/1584/277 1335/1591/283 1344/1596/288 1345/1597/289
f 1343/1590/99 1462/1592/284 1466/1598/290 1352/1599/99
f 1340/1583/276 1339/1582/102 1348/1595/287 1349/1600/291
f 1337/1585/278 1336/1584/277 1345/1597/289 1346/1601/292
f 1465/1587/280 1351/1586/279 1360/1602/293 1469/1603/380
f 1341/1588/281 1340/1583/276 1349/1600/291 1350/1593/285
f 1338/1589/282 1337/1585/278 1346/1601/292 1347/1594/286
f 1307/1395/99 1343/1590/99 1352/1599/99
f 1350/1593/285 1349/1600/291 1358/1604/295 1359/1605/296
f 1347/1594/286 1346/1601/292 1355/1606/297 1356/1607/298
f 1307/1395/99 1352/1599/99 1361/1608/99
f 1351/1586/279 1350/1593/285 1359/1605/296 1360/1602/293
f 1348/1595/287 1347/1594/286 1356/1607/298 1357/1609/5
f 1345/1597/289 1344/1596/288 1353/1610/299 1354/1611/300
f 1352/1599/99 1466/1598/290 1470/1612/301 1361/1608/99
f 1349/1600/291 1348/1595/287 1357/1609/5 1358/1604/295
f 1346/1601/292 1345/1597/289 1354/1611/300 1355/1606/297
f 1469/1603/380 1360/1602/293 1369/1613/302 1473/1614/303
f 1361/1608/99 1470/1612/301 1474/1615/304 1370/1616/99
f 1358/1604/295 1357/1609/5 1366/1617/305 1367/1618/306
f 1355/1606/297 1354/1611/300 1363/1619/307 1364/1620/308
f 1473/1614/303 1369/1613/302 1378/1621/309 1477/1622/310
f 1359/1605/296 1358/1604/295 1367/1618/306 1368/1623/311
f 1356/1607/298 1355/1606/297 1364/1620/308 1365/1624/312
f 1307/1395/99 1361/1608/99 1370/1616/99
f 1360/1602/293 1359/1605/296 1368/1623/311 1369/1613/302
f 1357/1609/5 1356/1607/298 1365/1624/312 1366/1617/305
f 1354/1611/300 1353/1610/299 1362/1625/313 1363/1619/307
f 1369/1613/302 1368/1623/311 1377/1626/314 1378/1621/309
f 1366/1617/305 1365/1624/312 1374/1627/315 1375/1628/4
f 1363/1619/307 1362/1625/313 1371/1629/316 1372/1630/317
f 1370/1616/99 1474/1615/304 1478/1631/318 1379/1632/99
f 1367/1618/306 1366/1617/305 1375/1628/4 1376/1633/319
f 1364/1620/308 1363/1619/307 1372/1630/317 1373/1634/320
f 1477/1622/310 1378/1621/309 1387/1635/321 1481/1636/322
f 1368/1623/311 1367/1618/306 1376/1633/319 1377/1626/314
f 1365/1624/312 1364/1620/308 1373/1634/320 1374/1627/315
f 1307/1395/99 1370/1616/99 1379/1632/99
f 1481/1636/322 1387/1635/321 1392/1637/115 1485/1638/131
f 1377/1626/314 1376/1633/319 1385/1639/323 1386/1640/324
f 1374/1627/315 1373/1634/320 1382/1641/325 1383/1642/326
f 1307/1395/99 1379/1632/99 1388/1643/99
f 1378/1621/309 1377/1626/314 1386/1640/324 1387/1635/321
f 1375/1628/4 1374/1627/315 1383/1642/326 1384/1644/327
f 1372/1630/317 1371/1629/316 1380/1645/328 1381/1646/329
f 1379/1632/99 1478/1631/318 1482/1647/330 1388/1643/99
f 1376/1633/319 1375/1628/4 1384/1644/327 1385/1639/323
f 1373/1634/320 1372/1630/317 1381/1646/329 1382/1641/325
f 1381/1646/329 1380/1645/328 1176/1648/118 1389/1649/104
f 1388/1643/99 1482/1647/330 1486/1412/128 1180/1396/99
f 1385/1639/323 1384/1644/327 1391/1650/25 1178/1651/110
f 1382/1641/325 1381/1646/329 1389/1649/104 1177/1652/103
f 1386/1640/324 1385/1639/323 1178/1651/110 1179/1653/109
f 1383/1642/326 1382/1641/325 1177/1652/103 1390/1654/113
f 1307/1395/99 1388/1643/99 1180/1396/99
f 1387/1635/321 1386/1640/324 1179/1653/109 1392/1637/115
f 1384/1644/327 1383/1642/326 1390/1654/113 1391/1650/25
f 1398/1387/108 1393/1386/107 1395/1655/331 1400/1656/332
f 1400/1656/332 1395/1655/331 1396/1657/333 1399/1658/334
f 1399/1658/334 1396/1657/333 1394/1659/132 1397/1660/381
f 1402/1425/140 1398/1387/108 1400/1656/332 1404/1661/335
f 1404/1661/335 1400/1656/332 1399/1658/334 1403/1662/336
f 1403/1662/336 1399/1658/334 1397/1660/381 1401/1663/123
f 1406/1428/143 1402/1425/140 1404/1661/335 1408/1664/337
f 1408/1664/337 1404/1661/335 1403/1662/336 1407/1665/338
f 1407/1665/338 1403/1662/336 1401/1663/123 1405/1666/142
f 1410/1444/157 1406/1428/143 1408/1664/337 1412/1667/339
f 1412/1667/339 1408/1664/337 1407/1665/338 1411/1668/340
f 1411/1668/340 1407/1665/338 1405/1666/142 1409/1669/148
f 1409/1669/148 1413/1670/161 1415/1671/341 1411/1668/340
f 1411/1668/340 1415/1671/341 1416/1672/342 1412/1667/339
f 1412/1667/339 1416/1672/342 1414/1460/170 1410/1444/157
f 1418/1463/173 1414/1460/170 1416/1672/342 1420/1673/343
f 1420/1673/343 1416/1672/342 1415/1671/341 1419/1674/344
f 1419/1674/344 1415/1671/341 1413/1670/161 1417/1675/163
f 1422/1478/185 1418/1463/173 1420/1673/343 1424/1676/345
f 1424/1676/345 1420/1673/343 1419/1674/344 1423/1677/346
f 1423/1677/346 1419/1674/344 1417/1675/163 1421/1678/178
f 1421/1678/178 1425/1679/189 1427/1680/347 1423/1677/346
f 1423/1677/346 1427/1680/347 1428/1681/348 1424/1676/345
f 1424/1676/345 1428/1681/348 1426/1493/199 1422/1478/185
f 1430/1496/202 1426/1493/199 1428/1681/348 1432/1682/349
f 1432/1682/349 1428/1681/348 1427/1680/347 1431/1683/350
f 1431/1683/350 1427/1680/347 1425/1679/189 1429/1684/193
f 1434/1512/215 1430/1496/202 1432/1682/349 1436/1685/351
f 1436/1685/351 1432/1682/349 1431/1683/350 1435/1686/352
f 1435/1686/352 1431/1683/350 1429/1684/193 1433/1687/206
f 1433/1687/206 1437/1688/218 1439/1689/353 1435/1686/352
f 1435/1686/352 1439/1689/353 1440/1690/354 1436/1685/351
f 1436/1685/351 1440/1690/354 1438/1526/227 1434/1512/215
f 1442/1531/232 1438/1526/227 1440/1690/354 1444/1691/355
f 1444/1691/355 1440/1690/354 1439/1689/353 1443/1692/356
f 1443/1692/356 1439/1689/353 1437/1688/218 1441/1693/222
f 1446/1545/243 1442/1531/232 1444/1691/355 1448/1694/357
f 1448/1694/357 1444/1691/355 1443/1692/356 1447/1695/358
f 1447/1695/358 1443/1692/356 1441/1693/222 1445/1696/236
f 1445/1696/236 1449/1697/246 1451/1698/359 1447/1695/358
f 1447/1695/358 1451/1698/359 1452/1699/360 1448/1694/357
f 1448/1694/357 1452/1699/360 1450/1559/256 1446/1545/243
f 1454/1564/260 1450/1559/256 1452/1699/360 1456/1700/361
f 1456/1700/361 1452/1699/360 1451/1698/359 1455/1701/362
f 1455/1701/362 1451/1698/359 1449/1697/246 1453/1702/252
f 1458/1579/273 1454/1564/260 1456/1700/361 1460/1703/363
f 1460/1703/363 1456/1700/361 1455/1701/362 1459/1704/364
f 1459/1704/364 1455/1701/362 1453/1702/252 1457/1705/264
f 1457/1705/264 1461/1706/275 1463/1707/365 1459/1704/364
f 1459/1704/364 1463/1707/365 1464/1708/366 1460/1703/363
f 1460/1703/363 1464/1708/366 1462/1592/284 1458/1579/273
f 1466/1598/290 1462/1592/284 1464/1708/366 1468/1709/367
f 1468/1709/367 1464/1708/366 1463/1707/365 1467/1710/368
f 1467/1710/368 1463/1707/365 1461/1706/275 1465/1711/280
f 1470/1612/301 1466/1598/290 1468/1709/367 1472/1712/369
f 1472/1712/369 1468/1709/367 1467/1710/368 1471/1713/370
f 1471/1713/370 1467/1710/368 1465/1711/280 1469/1714/380
f 1474/1615/304 1470/1612/301 1472/1712/369 1476/1715/371
f 1476/1715/371 1472/1712/369 1471/1713/370 1475/1716/372
f 1475/1716/372 1471/1713/370 1469/1714/380 1473/1717/303
f 1478/1631/318 1474/1615/304 1476/1715/371 1480/1718/373
f 1480/1718/373 1476/1715/371 1475/1716/372 1479/1719/374
f 1479/1719/374 1475/1716/372 1473/1717/303 1477/1720/310
f 1477/1720/310 1481/1721/322 1483/1722/375 1479/1719/374
f 1479/1719/374 1483/1722/375 1484/1723/376 1480/1718/373
f 1480/1718/373 1484/1723/376 1482/1647/330 1478/1631/318
f 1486/1412/128 1482/1647/330 1484/1723/376 1488/1724/377
f 1488/1724/377 1484/1723/376 1483/1722/375 1487/1725/378
f 1487/1725/378 1483/1722/375 1481/1721/322 1485/1726/131
f 1485/1726/131 1394/1659/132 1396/1657/333 1487/1725/378
f 1487/1725/378 1396/1657/333 1395/1655/331 1488/1724/377
f 1488/1724/377 1395/1655/331 1393/1386/107 1486/1412/128
f 1394/1416/132 1188/1398/116 1197/1404/121 1397/1403/381
f 2845/1727/99 1504/1728/99 1780/1729/99
f 1534/1730/100 2869/1731/100 1609/1732/100
f 2831/1733/383 2832/1734/384 1562/1735/385 1538/1736/386
f 2846/1737/387 2823/1738/388 1552/1739/389 1544/1740/390
f 2824/1741/391 2825/1742/392 1565/1743/393 1550/1744/394
f 2839/1745/395 2840/1746/396 1568/1747/397 1556/1748/398
f 2830/1749/399 2831/1733/383 1538/1736/386 1540/1750/400
f 1505/1751/401 2846/1737/387 1544/1740/390 1546/1752/402
f 2823/1738/388 2824/1741/391 1550/1744/394 1552/1739/389
f 2838/1753/403 2839/1745/395 1556/1748/398 1558/1754/404
f 2832/1734/384 2833/1755/405 1571/1756/406 1562/1735/385
f 2825/1742/392 2826/1757/407 1574/1758/408 1565/1743/393
f 2840/1746/396 2841/1759/409 1577/1760/410 1568/1747/397
f 2833/1755/405 2834/1761/411 1580/1762/412 1571/1756/406
f 2826/1757/407 2827/1763/413 1583/1764/414 1574/1758/408
f 2841/1759/409 2842/1765/415 1586/1766/416 1577/1760/410
f 2834/1761/411 2835/1767/417 1589/1768/418 1580/1762/412
f 2827/1763/413 2828/1769/419 1592/1770/420 1583/1764/414
f 2842/1765/415 2843/1771/421 1595/1772/422 1586/1766/416
f 2835/1767/417 2836/1773/423 1598/1774/424 1589/1768/418
f 2828/1769/419 2829/1775/425 1601/1776/426 1592/1770/420
f 2843/1771/421 2844/1777/427 1604/1778/428 1595/1772/422
f 2836/1773/423 2837/1779/429 1607/1780/430 1598/1774/424
f 1543/1781/431 1553/1782/432 2847/1783/433 2870/1784/434
f 1549/1785/435 1564/1786/436 2849/1787/437 2848/1788/438
f 1561/1789/439 1570/1790/440 2857/1791/441 2856/1792/442
f 1606/1793/443 1559/1794/444 2862/1795/445 2861/1796/446
f 1603/1797/447 1547/1798/448 1535/1799/449 2868/1800/450
f 1600/1801/451 1541/1802/452 2854/1803/453 2853/1804/454
f 1597/1805/455 1606/1793/443 2861/1796/446 2860/1806/456
f 1594/1807/457 1603/1797/447 2868/1800/450 2867/1808/458
f 1591/1809/459 1600/1801/451 2853/1804/454 2852/1810/460
f 1588/1811/461 1597/1805/455 2860/1806/456 2859/1812/462
f 1585/1813/463 1594/1807/457 2867/1808/458 2866/1814/464
f 1582/1815/465 1591/1809/459 2852/1810/460 2851/1816/466
f 1579/1817/467 1588/1811/461 2859/1812/462 2858/1818/468
f 1576/1819/469 1585/1813/463 2866/1814/464 2865/1820/470
f 1573/1821/471 1582/1815/465 2851/1816/466 2850/1822/472
f 1570/1790/440 1579/1817/467 2858/1818/468 2857/1791/441
f 1567/1823/473 1576/1819/469 2865/1820/470 2864/1824/474
f 1564/1786/436 1573/1821/471 2850/1822/472 2849/1787/437
f 2837/1779/429 2838/1753/403 1558/1754/404 1607/1780/430
f 1555/1825/475 1567/1823/473 2864/1824/474 2863/1826/476
f 2844/1777/427 1505/1751/401 1546/1752/402 1604/1778/428
f 2829/1775/425 2830/1749/399 1540/1750/400 1601/1776/426
f 1559/1794/444 1555/1825/475 2863/1826/476 2862/1795/445
f 1553/1782/432 1549/1785/435 2848/1788/438 2847/1783/433
f 1547/1798/448 1543/1781/431 2870/1784/434 1535/1799/449
f 1541/1802/452 1537/1827/477 2855/1828/478 2854/1803/453
f 1559/1794/444 1606/1793/443 1608/1829/479 1560/1830/480
f 1560/1830/480 1608/1829/479 1607/1780/430 1558/1754/404
f 1547/1798/448 1603/1797/447 1605/1831/481 1548/1832/482
f 1548/1832/482 1605/1831/481 1604/1778/428 1546/1752/402
f 1541/1802/452 1600/1801/451 1602/1833/483 1542/1834/484
f 1542/1834/484 1602/1833/483 1601/1776/426 1540/1750/400
f 1606/1793/443 1597/1805/455 1599/1835/485 1608/1829/479
f 1608/1829/479 1599/1835/485 1598/1774/424 1607/1780/430
f 1603/1797/447 1594/1807/457 1596/1836/486 1605/1831/481
f 1605/1831/481 1596/1836/486 1595/1772/422 1604/1778/428
f 1600/1801/451 1591/1809/459 1593/1837/487 1602/1833/483
f 1602/1833/483 1593/1837/487 1592/1770/420 1601/1776/426
f 1597/1805/455 1588/1811/461 1590/1838/488 1599/1835/485
f 1599/1835/485 1590/1838/488 1589/1768/418 1598/1774/424
f 1594/1807/457 1585/1813/463 1587/1839/489 1596/1836/486
f 1596/1836/486 1587/1839/489 1586/1766/416 1595/1772/422
f 1591/1809/459 1582/1815/465 1584/1840/490 1593/1837/487
f 1593/1837/487 1584/1840/490 1583/1764/414 1592/1770/420
f 1588/1811/461 1579/1817/467 1581/1841/491 1590/1838/488
f 1590/1838/488 1581/1841/491 1580/1762/412 1589/1768/418
f 1585/1813/463 1576/1819/469 1578/1842/492 1587/1839/489
f 1587/1839/489 1578/1842/492 1577/1760/410 1586/1766/416
f 1582/1815/465 1573/1821/471 1575/1843/493 1584/1840/490
f 1584/1840/490 1575/1843/493 1574/1758/408 1583/1764/414
f 1579/1817/467 1570/1790/440 1572/1844/494 1581/1841/491
f 1581/1841/491 1572/1844/494 1571/1756/406 1580/1762/412
f 1576/1819/469 1567/1823/473 1569/1845/495 1578/1842/492
f 1578/1842/492 1569/1845/495 1568/1747/397 1577/1760/410
f 1573/1821/471 1564/1786/436 1566/1846/496 1575/1843/493
f 1575/1843/493 1566/1846/496 1565/1743/393 1574/1758/408
f 1570/1790/440 1561/1789/439 1563/1847/497 1572/1844/494
f 1572/1844/494 1563/1847/497 1562/1735/385 1571/1756/406
f 1567/1823/473 1555/1825/475 1557/1848/498 1569/1845/495
f 1569/1845/495 1557/1848/498 1556/1748/398 1568/1747/397
f 1564/1786/436 1549/1785/435 1551/1849/499 1566/1846/496
f 1566/1846/496 1551/1849/499 1550/1744/394 1565/1743/393
f 1553/1782/432 1543/1781/431 1545/1850/500 1554/1851/501
f 1554/1851/501 1545/1850/500 1544/1740/390 1552/1739/389
f 1561/1789/439 1537/1827/477 1539/1852/502 1563/1847/497
f 1563/1847/497 1539/1852/502 1538/1736/386 1562/1735/385
f 1555/1825/475 1559/1794/444 1560/1830/480 1557/1848/498
f 1557/1848/498 1560/1830/480 1558/1754/404 1556/1748/398
f 1549/1785/435 1553/1782/432 1554/1851/501 1551/1849/499
f 1551/1849/499 1554/1851/501 1552/1739/389 1550/1744/394
f 1543/1781/431 1547/1798/448 1548/1832/482 1545/1850/500
f 1545/1850/500 1548/1832/482 1546/1752/402 1544/1740/390
f 1537/1827/477 1541/1802/452 1542/1834/484 1539/1852/502
f 1539/1852/502 1542/1834/484 1540/1750/400 1538/1736/386
f 1537/1827/477 1561/1789/439 2856/1792/442 2855/1828/478
f 1759/1853/503 2883/1854/504 2882/1855/505 1773/1856/506
f 1527/1857/100 1528/1858/100 1609/1732/100
f 1520/1859/100 1521/1860/100 1609/1732/100
f 2869/1731/100 1536/1861/100 1609/1732/100
f 1513/1862/100 1514/1863/100 1609/1732/100
f 1528/1858/100 1529/1864/100 1609/1732/100
f 1521/1860/100 1522/1865/100 1609/1732/100
f 1536/1861/100 1513/1862/100 1609/1732/100
f 1514/1863/100 1515/1866/100 1609/1732/100
f 1529/1864/100 1530/1867/100 1609/1732/100
f 1522/1865/100 1523/1868/100 1609/1732/100
f 1515/1866/100 1516/1869/100 1609/1732/100
f 1530/1867/100 1531/1870/100 1609/1732/100
f 1523/1868/100 1524/1871/100 1609/1732/100
f 1516/1869/100 1517/1872/100 1609/1732/100
f 1531/1870/100 1532/1873/100 1609/1732/100
f 1524/1871/100 1525/1874/100 1609/1732/100
f 1517/1872/100 1518/1875/100 1609/1732/100
f 1532/1873/100 1533/1876/100 1609/1732/100
f 1525/1874/100 1526/1877/100 1609/1732/100
f 1518/1875/100 1519/1878/100 1609/1732/100
f 1533/1876/100 1534/1730/100 1609/1732/100
f 1526/1877/100 1527/1857/100 1609/1732/100
f 1519/1878/100 1520/1859/100 1609/1732/100
f 2907/1879/507 1758/1880/508 1774/1881/509 2908/1882/510
f 1679/1883/511 2892/1884/512 2891/1885/513 1664/1886/514
f 1684/1887/515 2885/1888/516 2884/1889/517 1669/1890/518
f 1689/1891/519 2878/1892/520 2877/1893/521 1674/1894/522
f 2914/1895/523 1658/1896/524 1769/1897/525 2915/1898/526
f 2899/1899/527 1663/1900/528 1763/1901/529 2900/1902/530
f 2906/1903/531 1668/1904/532 1758/1880/508 2907/1879/507
f 2912/1905/533 1688/1906/534 1673/1907/535 2913/1908/536
f 2897/1909/537 1693/1910/538 1678/1911/539 2898/1912/540
f 2904/1913/541 1698/1914/542 1683/1915/543 2905/1916/544
f 2911/1917/545 1703/1918/546 1688/1906/534 2912/1905/533
f 2895/1919/547 1708/1920/548 1693/1910/538 2897/1909/537
f 1739/1921/549 2873/1922/550 2872/1923/551 1719/1924/552
f 2903/1925/553 1723/1926/554 1698/1914/542 2904/1913/541
f 2910/1927/555 1728/1928/556 1703/1918/546 2911/1917/545
f 2896/1929/557 1714/1930/558 1708/1920/548 2895/1919/547
f 2917/1931/559 1738/1932/560 1718/1933/561 2918/1934/562
f 2902/1935/563 1748/1936/564 1723/1926/554 2903/1925/553
f 2909/1937/565 1733/1938/566 1728/1928/556 2910/1927/555
f 2916/1939/567 1743/1940/568 1738/1932/560 2917/1931/559
f 2901/1941/569 1754/1942/570 1748/1936/564 2902/1935/563
f 1753/1943/571 2889/1944/572 2888/1945/573 1749/1946/574
f 1744/1947/575 2874/1948/576 2873/1922/550 1739/1921/549
f 1773/1856/506 2882/1855/505 2881/1949/577 1734/1950/578
f 1768/1951/579 2875/1952/580 2874/1948/576 1744/1947/575
f 2900/1902/530 1763/1901/529 1754/1942/570 2901/1941/569
f 2915/1898/526 1769/1897/525 1743/1940/568 2916/1939/567
f 2908/1882/510 1774/1881/509 1733/1938/566 2909/1937/565
f 1734/1950/578 2881/1949/577 2880/1953/581 1729/1954/582
f 1749/1946/574 2888/1945/573 2887/1955/583 1724/1956/584
f 2918/1934/562 1718/1933/561 1714/1930/558 2896/1929/557
f 1713/1957/585 2871/1958/586 2894/1959/587 1709/1960/588
f 1729/1954/582 2880/1953/581 2879/1961/589 1704/1962/590
f 1719/1924/552 2872/1923/551 2871/1958/586 1713/1957/585
f 1724/1956/584 2887/1955/583 2886/1963/591 1699/1964/592
f 1709/1960/588 2894/1959/587 2893/1965/593 1694/1966/594
f 1704/1962/590 2879/1961/589 2878/1892/520 1689/1891/519
f 1699/1964/592 2886/1963/591 2885/1888/516 1684/1887/515
f 1694/1966/594 2893/1965/593 2892/1967/512 1679/1968/511
f 1669/1890/518 2884/1889/517 2883/1854/504 1759/1853/503
f 1664/1886/514 2891/1885/513 2890/1969/595 1764/1970/596
f 1659/1971/597 2876/1972/598 2875/1952/580 1768/1951/579
f 2905/1916/544 1683/1915/543 1668/1904/532 2906/1903/531
f 2898/1973/540 1678/1974/539 1663/1900/528 2899/1899/527
f 2913/1908/536 1673/1907/535 1658/1896/524 2914/1895/523
f 1764/1970/596 2890/1969/595 2889/1944/572 1753/1943/571
f 1734/1950/578 1737/1975/599 1775/1976/600 1773/1856/506
f 1737/1975/599 1736/1977/601 1776/1978/602 1775/1976/600
f 1736/1977/601 1735/1979/603 1777/1980/604 1776/1978/602
f 1735/1979/603 1733/1938/566 1774/1881/509 1777/1980/604
f 1744/1947/575 1747/1981/605 1770/1982/606 1768/1951/579
f 1747/1981/605 1746/1983/607 1771/1984/608 1770/1982/606
f 1746/1983/607 1745/1985/609 1772/1986/610 1771/1984/608
f 1745/1985/609 1743/1940/568 1769/1897/525 1772/1986/610
f 1749/1946/574 1752/1987/611 1755/1988/612 1753/1943/571
f 1752/1987/611 1751/1989/613 1756/1990/614 1755/1988/612
f 1751/1989/613 1750/1991/615 1757/1992/616 1756/1990/614
f 1750/1991/615 1748/1936/564 1754/1942/570 1757/1992/616
f 1739/1921/549 1742/1993/617 1747/1981/605 1744/1947/575
f 1742/1993/617 1741/1994/618 1746/1983/607 1747/1981/605
f 1741/1994/618 1740/1995/619 1745/1985/609 1746/1983/607
f 1740/1995/619 1738/1932/560 1743/1940/568 1745/1985/609
f 1729/1954/582 1732/1996/620 1737/1975/599 1734/1950/578
f 1732/1996/620 1731/1997/621 1736/1977/601 1737/1975/599
f 1731/1997/621 1730/1998/622 1735/1979/603 1736/1977/601
f 1730/1998/622 1728/1928/556 1733/1938/566 1735/1979/603
f 1724/1956/584 1727/1999/623 1752/1987/611 1749/1946/574
f 1727/1999/623 1726/2000/624 1751/1989/613 1752/1987/611
f 1726/2000/624 1725/2001/625 1750/1991/615 1751/1989/613
f 1725/2001/625 1723/1926/554 1748/1936/564 1750/1991/615
f 1719/1924/552 1722/2002/626 1742/1993/617 1739/1921/549
f 1722/2002/626 1721/2003/627 1741/1994/618 1742/1993/617
f 1721/2003/627 1720/2004/628 1740/1995/619 1741/1994/618
f 1720/2004/628 1718/1933/561 1738/1932/560 1740/1995/619
f 1709/1960/588 1712/2005/629 1715/2006/630 1713/1957/585
f 1712/2005/629 1711/2007/631 1716/2008/632 1715/2006/630
f 1711/2007/631 1710/2009/633 1717/2010/634 1716/2008/632
f 1710/2009/633 1708/1920/548 1714/1930/558 1717/2010/634
f 1704/1962/590 1707/2011/635 1732/1996/620 1729/1954/582
f 1707/2011/635 1706/2012/636 1731/1997/621 1732/1996/620
f 1706/2012/636 1705/2013/637 1730/1998/622 1731/1997/621
f 1705/2013/637 1703/1918/546 1728/1928/556 1730/1998/622
f 1699/1964/592 1702/2014/638 1727/1999/623 1724/1956/584
f 1702/2014/638 1701/2015/639 1726/2000/624 1727/1999/623
f 1701/2015/639 1700/2016/640 1725/2001/625 1726/2000/624
f 1700/2016/640 1698/1914/542 1723/1926/554 1725/2001/625
f 1713/1957/585 1715/2006/630 1722/2002/626 1719/1924/552
f 1715/2006/630 1716/2008/632 1721/2003/627 1722/2002/626
f 1716/2008/632 1717/2010/634 1720/2004/628 1721/2003/627
f 1717/2010/634 1714/1930/558 1718/1933/561 1720/2004/628
f 1694/1966/594 1697/2017/641 1712/2005/629 1709/1960/588
f 1697/2017/641 1696/2018/642 1711/2007/631 1712/2005/629
f 1696/2018/642 1695/2019/643 1710/2009/633 1711/2007/631
f 1695/2019/643 1693/1910/538 1708/1920/548 1710/2009/633
f 1689/1891/519 1692/2020/644 1707/2011/635 1704/1962/590
f 1692/2020/644 1691/2021/645 1706/2012/636 1707/2011/635
f 1691/2021/645 1690/2022/646 1705/2013/637 1706/2012/636
f 1690/2022/646 1688/1906/534 1703/1918/546 1705/2013/637
f 1684/1887/515 1687/2023/647 1702/2014/638 1699/1964/592
f 1687/2023/647 1686/2024/648 1701/2015/639 1702/2014/638
f 1686/2024/648 1685/2025/649 1700/2016/640 1701/2015/639
f 1685/2025/649 1683/1915/543 1698/1914/542 1700/2016/640
f 1679/1968/511 1682/2026/650 1697/2017/641 1694/1966/594
f 1682/2026/650 1681/2027/651 1696/2018/642 1697/2017/641
f 1681/2027/651 1680/2028/652 1695/2019/643 1696/2018/642
f 1680/2028/652 1678/1911/539 1693/1910/538 1695/2019/643
f 1674/1894/522 1677/2029/653 1692/2020/644 1689/1891/519
f 1677/2029/653 1676/2030/654 1691/2021/645 1692/2020/644
f 1676/2030/654 1675/2031/655 1690/2022/646 1691/2021/645
f 1675/2031/655 1673/1907/535 1688/1906/534 1690/2022/646
f 1669/1890/518 1672/2032/656 1687/2023/647 1684/1887/515
f 1672/2032/656 1671/2033/657 1686/2024/648 1687/2023/647
f 1671/2033/657 1670/2034/658 1685/2025/649 1686/2024/648
f 1670/2034/658 1668/1904/532 1683/1915/543 1685/2025/649
f 1664/1886/514 1667/2035/659 1682/2036/650 1679/1883/511
f 1667/2035/659 1666/2037/660 1681/2038/651 1682/2036/650
f 1666/2037/660 1665/2039/661 1680/2040/652 1681/2038/651
f 1665/2039/661 1663/1900/528 1678/1974/539 1680/2040/652
f 1659/1971/597 1662/2041/662 1677/2029/653 1674/1894/522
f 1662/2041/662 1661/2042/663 1676/2030/654 1677/2029/653
f 1661/2042/663 1660/2043/664 1675/2031/655 1676/2030/654
f 1660/2043/664 1658/1896/524 1673/1907/535 1675/2031/655
f 1759/1853/503 1762/2044/665 1672/2032/656 1669/1890/518
f 1762/2044/665 1761/2045/666 1671/2033/657 1672/2032/656
f 1761/2045/666 1760/2046/667 1670/2034/658 1671/2033/657
f 1760/2046/667 1758/1880/508 1668/1904/532 1670/2034/658
f 1764/1970/596 1767/2047/668 1667/2035/659 1664/1886/514
f 1767/2047/668 1766/2048/669 1666/2037/660 1667/2035/659
f 1766/2048/669 1765/2049/670 1665/2039/661 1666/2037/660
f 1765/2049/670 1763/1901/529 1663/1900/528 1665/2039/661
f 1768/1951/579 1770/1982/606 1662/2041/662 1659/1971/597
f 1770/1982/606 1771/1984/608 1661/2042/663 1662/2041/662
f 1771/1984/608 1772/1986/610 1660/2043/664 1661/2042/663
f 1772/1986/610 1769/1897/525 1658/1896/524 1660/2043/664
f 1773/1856/506 1775/1976/600 1762/2044/665 1759/1853/503
f 1775/1976/600 1776/1978/602 1761/2045/666 1762/2044/665
f 1776/1978/602 1777/1980/604 1760/2046/667 1761/2045/666
f 1777/1980/604 1774/1881/509 1758/1880/508 1760/2046/667
f 1753/1943/571 1755/1988/612 1767/2047/668 1764/1970/596
f 1755/1988/612 1756/1990/614 1766/2048/669 1767/2047/668
f 1756/1990/614 1757/1992/616 1765/2049/670 1766/2048/669
f 1757/1992/616 1754/1942/570 1763/1901/529 1765/2049/670
f 1674/1894/522 2877/1893/521 2876/1972/598 1659/1971/597
f 1612/2050/99 1613/2051/99 1778/2052/99
f 1627/2053/99 1628/2054/99 1778/2052/99
f 1620/2055/99 1621/2056/99 1778/2052/99
f 1613/2051/99 1614/2057/99 1778/2052/99
f 1628/2054/99 1629/2058/99 1778/2052/99
f 1621/2056/99 1622/2059/99 1778/2052/99
f 1614/2057/99 1615/2060/99 1778/2052/99
f 1629/2058/99 1630/2061/99 1778/2052/99
f 1622/2059/99 1623/2062/99 1778/2052/99
f 1615/2060/99 1616/2063/99 1778/2052/99
f 1630/2061/99 1631/2064/99 1778/2052/99
f 1632/2065/99 1633/2066/99 1778/2052/99
f 1623/2062/99 1624/2067/99 1778/2052/99
f 1616/2063/99 1617/2068/99 1778/2052/99
f 1631/2064/99 1632/2065/99 1778/2052/99
f 1633/2066/99 1610/2069/99 1778/2052/99
f 1624/2067/99 1625/2070/99 1778/2052/99
f 1617/2068/99 1618/2071/99 1778/2052/99
f 1610/2069/99 1611/2072/99 1778/2052/99
f 1625/2070/99 1626/2073/99 1778/2052/99
f 1618/2071/99 1619/2074/99 1778/2052/99
f 1611/2072/99 1612/2050/99 1778/2052/99
f 1626/2073/99 1627/2053/99 1778/2052/99
f 1619/2074/99 1620/2055/99 1778/2052/99
f 1643/2075/100 1642/2076/100 1779/2077/100
f 1649/2078/100 1648/2079/100 1779/2077/100
f 1635/2080/100 1634/2081/100 1779/2077/100
f 1656/2082/100 1655/2083/100 1779/2077/100
f 1642/2076/100 1641/2084/100 1779/2077/100
f 1648/2079/100 1647/2085/100 1779/2077/100
f 1634/2081/100 1657/2086/100 1779/2077/100
f 1655/2083/100 1654/2087/100 1779/2077/100
f 1641/2084/100 1640/2088/100 1779/2077/100
f 1647/2085/100 1646/2089/100 1779/2077/100
f 1657/2086/100 1656/2082/100 1779/2077/100
f 1654/2087/100 1653/2090/100 1779/2077/100
f 1640/2088/100 1639/2091/100 1779/2077/100
f 1646/2089/100 1645/2092/100 1779/2077/100
f 1653/2090/100 1652/2093/100 1779/2077/100
f 1639/2091/100 1638/2094/100 1779/2077/100
f 1645/2092/100 1644/2095/100 1779/2077/100
f 1652/2093/100 1651/2096/100 1779/2077/100
f 1638/2094/100 1637/2097/100 1779/2077/100
f 1651/2096/100 1650/2098/100 1779/2077/100
f 1637/2097/100 1636/2099/100 1779/2077/100
f 1644/2095/100 1643/2075/100 1779/2077/100
f 1650/2098/100 1649/2078/100 1779/2077/100
f 1636/2099/100 1635/2080/100 1779/2077/100
f 1500/2100/99 1496/2101/99 1780/1729/99
f 1490/2102/99 1502/2103/99 1780/1729/99
f 1510/2104/99 1511/2105/99 1780/1729/99
f 1506/2106/99 2845/1727/99 1780/1729/99
f 1499/2107/99 1500/2100/99 1780/1729/99
f 1494/2108/99 1490/2102/99 1780/1729/99
f 1509/2109/99 1510/2104/99 1780/1729/99
f 1502/2103/99 1506/2106/99 1780/1729/99
f 1498/2110/99 1499/2107/99 1780/1729/99
f 1493/2111/99 1494/2108/99 1780/1729/99
f 1507/2112/99 1509/2109/99 1780/1729/99
f 1497/2113/99 1498/2110/99 1780/1729/99
f 1492/2114/99 1493/2111/99 1780/1729/99
f 1495/2115/99 1497/2113/99 1780/1729/99
f 1501/2116/99 1507/2112/99 1780/1729/99
f 1491/2117/99 1492/2114/99 1780/1729/99
f 1508/2118/99 1495/2115/99 1780/1729/99
f 1503/2119/99 1501/2116/99 1780/1729/99
f 1489/2120/99 1491/2117/99 1780/1729/99
f 1512/2121/99 1508/2118/99 1780/1729/99
f 1504/1728/99 1503/2119/99 1780/1729/99
f 1496/2101/99 1489/2120/99 1780/1729/99
f 1511/2105/99 1512/2121/99 1780/1729/99
f 1790/2122/671 1798/2123/672 1800/2124/673 1792/2125/674
f 2223/2126/675 2220/2127/676 2222/2128/677 2225/2129/678
f 1789/2130/679 1797/2131/680 1798/2123/672 1790/2122/671
f 2234/2132/681 1782/2133/682 1784/2134/683 2232/2135/684
f 1791/2136/685 1799/2137/686 1797/2131/680 1789/2130/679
f 2233/2138/687 1781/2139/688 1782/2133/682 2234/2132/681
f 1794/2140/689 1802/2141/690 1804/2142/691 1796/2143/692
f 2231/2144/693 1783/2145/694 1781/2139/688 2233/2138/687
f 1793/2146/695 1801/2147/696 1802/2141/690 1794/2140/689
f 2218/2148/697 1786/2149/698 1788/2150/699 2216/2151/700
f 1795/2152/701 1803/2153/702 1801/2147/696 1793/2146/695
f 2217/2154/703 1785/2155/704 1786/2149/698 2218/2148/697
f 1798/2123/672 1806/2156/705 1808/2157/706 1800/2124/673
f 2215/2158/707 1787/2159/708 1785/2155/704 2217/2154/703
f 1797/2131/680 1805/2160/709 1806/2156/705 1798/2123/672
f 1782/2133/682 1790/2122/671 1792/2125/674 1784/2134/683
f 1799/2137/686 1807/2161/710 1805/2160/709 1797/2131/680
f 1781/2139/688 1789/2130/679 1790/2122/671 1782/2133/682
f 2134/2162/711 2142/2163/712 2216/2151/700 1788/2150/699
f 1802/2141/690 1810/2164/713 1812/2165/714 1804/2142/691
f 1783/2145/694 1791/2136/685 1789/2130/679 1781/2139/688
f 2241/2166/715 2238/2167/716 2237/2168/717 2242/2169/718
f 1801/2147/696 1809/2170/719 1810/2164/713 1802/2141/690
f 1786/2149/698 1794/2140/689 1796/2143/692 1788/2150/699
f 2239/2171/720 2236/2172/721 2238/2167/716 2241/2166/715
f 1803/2153/702 1811/2173/722 1809/2170/719 1801/2147/696
f 1785/2155/704 1793/2146/695 1794/2140/689 1786/2149/698
f 2226/2174/723 2221/2175/724 2219/2176/725 2224/2177/726
f 1806/2156/705 1814/2178/727 1816/2179/728 1808/2157/706
f 1787/2159/708 1795/2152/701 1793/2146/695 1785/2155/704
f 2225/2129/678 2222/2128/677 2221/2175/724 2226/2174/723
f 2242/2169/718 2237/2168/717 2235/2180/729 2240/2181/730
f 2114/2182/731 2106/2183/732 2108/2184/733 2116/2185/734
f 2921/2186/735 2941/2187/736 2079/2188/737 2067/2189/738
f 2000/2190/739 2933/2191/740 2087/2192/741 2075/2193/742
f 2941/2187/736 2004/2194/743 2091/2195/744 2079/2188/737
f 2922/2196/745 2921/2186/735 2067/2189/738 2055/2197/746
f 2948/2198/747 2000/2190/739 2075/2193/742 2063/2199/748
f 2945/2200/749 2948/2198/747 2063/2199/748 2051/2201/750
f 2928/2202/751 2927/2203/752 2059/2204/753 2047/2205/754
f 2942/2206/755 2922/2196/745 2055/2197/746 2043/2207/756
f 1991/2208/757 2945/2200/749 2051/2201/750 2035/2209/758
f 2943/2210/759 2928/2202/751 2047/2205/754 2027/2211/760
f 2929/2212/761 2942/2206/755 2043/2207/756 2038/2213/762
f 2020/2214/763 1991/2208/757 2035/2209/758 2030/2215/764
f 2944/2216/765 2943/2210/759 2027/2211/760 2022/2217/766
f 1893/2218/767 1862/2219/100 1894/2220/768 1925/2221/769
f 1866/2222/770 1867/2223/771 1899/2224/772 1898/2225/773
f 2927/2203/752 1999/2226/774 2071/2227/775 2059/2204/753
f 1879/2228/776 1880/2229/777 1912/2230/778 1911/2231/779
f 1892/2232/780 1893/2218/767 1925/2221/769 1924/2233/781
f 1865/2234/782 1866/2222/770 1898/2225/773 1897/2235/783
f 1878/2236/99 1879/2228/776 1911/2231/779 1910/2237/784
f 1891/2238/785 1892/2232/780 1924/2233/781 1923/2239/786
f 1864/2240/787 1865/2234/782 1897/2235/783 1896/2241/788
f 1877/2242/789 1878/2243/99 1910/2244/784 1909/2245/790
f 1890/2246/791 1891/2238/785 1923/2239/786 1922/2247/792
f 1863/2248/793 1864/2240/787 1896/2241/788 1895/2249/794
f 1876/2250/795 1877/2242/789 1909/2245/790 1908/2251/796
f 1889/2252/797 1890/2246/791 1922/2247/792 1921/2253/798
f 1862/2219/100 1863/2248/793 1895/2249/794 1894/2220/768
f 1875/2254/799 1876/2250/795 1908/2251/796 1907/2255/800
f 1888/2256/801 1889/2252/797 1921/2253/798 1920/2257/802
f 2930/2258/803 2929/2212/761 2038/2213/762 2083/2259/804
f 2134/2162/711 2126/2260/805 2128/2261/806 2136/2262/807
f 2113/2263/808 2105/2264/809 2103/2265/810 2111/2266/811
f 1869/2267/812 1870/2268/102 1902/2269/813 1901/2270/814
f 2041/2271/815 2084/2272/816 2180/2273/817 2159/2274/818
f 2062/2275/819 2050/2276/820 2052/2277/821 2064/2278/822
f 2066/2279/823 2054/2280/824 2056/2281/825 2068/2282/826
f 2077/2283/827 2065/2284/828 2063/2199/748 2075/2193/742
f 2084/2272/816 2072/2285/829 2174/2286/830 2180/2273/817
f 2133/2287/831 2125/2288/832 2123/2289/833 2131/2290/834
f 2106/2183/732 2098/2291/835 2100/2292/836 2108/2184/733
f 2920/2293/837 2919/2294/838 2115/2295/839 2107/2296/840
f 2009/2297/841 2931/2298/842 2119/2299/843 2111/2266/811
f 2023/2300/844 2026/2301/845 2224/2177/726 2219/2176/725
f 2094/2302/846 2102/2303/847 1820/2304/848 1828/2305/849
f 2090/2306/850 2098/2291/835 1824/2307/851 1832/2308/852
f 1975/2309/853 1977/2310/854 2923/2311/855 2924/2312/856
f 2039/2313/857 2042/2314/858 2256/2315/859 2251/2316/860
f 2252/2317/861 2255/2318/862 1927/2319/863 1926/2320/864
f 1909/2245/790 1910/2244/784 1968/2321/865 1965/2322/866
f 1846/2323/867 1858/2324/868 1860/2325/869 1848/2326/870
f 1923/2239/786 1924/2233/781 1970/2327/871 1967/2328/872
f 1914/2329/873 1915/2330/874 1980/2331/875 1978/2332/876
f 1904/2333/877 1905/2334/878 1987/2335/879 1985/2336/880
f 1918/2337/881 1919/2338/882 1988/2339/883 1986/2340/884
f 1905/2334/878 1906/2341/885 1989/2342/886 1987/2335/879
f 1966/2343/887 1969/2344/888 1998/2345/889 1995/2346/890
f 1841/2347/891 1853/2348/892 1854/2349/893 1842/2350/894
f 1883/2351/895 1884/2352/896 1916/2353/897 1915/2330/874
f 1978/2332/876 1980/2331/875 2949/2354/898 2934/2355/899
f 2154/2356/900 2213/2357/901 2149/2358/902 2032/2359/903
f 2150/2360/904 2211/2361/905 2145/2362/906 2024/2363/907
f 2249/2364/908 1845/2365/909 1846/2323/867 2250/2366/910
f 2258/2367/911 2253/2368/912 2251/2316/860 2256/2315/859
f 1805/2160/709 1813/2369/913 1814/2178/727 1806/2156/705
f 2247/2370/914 1847/2371/915 1845/2365/909 2249/2364/908
f 2257/2372/916 2254/2373/917 2253/2368/912 2258/2367/911
f 1810/2164/713 1818/2374/918 1820/2304/848 1812/2165/714
f 1838/2375/919 1850/2376/920 1852/2377/921 1840/2378/922
f 2255/2379/862 2252/2380/861 2254/2373/917 2257/2372/916
f 1809/2170/719 1817/2381/923 1818/2374/918 1810/2164/713
f 1837/2382/924 1849/2383/925 1850/2376/920 1838/2375/919
f 1826/2384/926 1834/2385/927 1836/2386/928 1828/2305/849
f 1811/2173/722 1819/2387/929 1817/2381/923 1809/2170/719
f 1839/2388/930 1851/2389/931 1849/2383/925 1837/2382/924
f 1825/2390/932 1833/2391/933 1834/2385/927 1826/2384/926
f 1814/2178/727 1822/2392/934 1824/2307/851 1816/2179/728
f 1807/2161/710 1815/2393/935 1813/2369/913 1805/2160/709
f 1827/2394/936 1835/2395/937 1833/2391/933 1825/2390/932
f 1813/2369/913 1821/2396/938 1822/2392/934 1814/2178/727
f 1830/2397/939 1838/2375/919 1840/2378/922 1832/2308/852
f 1815/2393/935 1823/2398/940 1821/2396/938 1813/2369/913
f 1829/2399/941 1837/2382/924 1838/2375/919 1830/2397/939
f 1818/2374/918 1826/2384/926 1828/2305/849 1820/2304/848
f 1831/2400/942 1839/2388/930 1837/2382/924 1829/2399/941
f 1817/2381/923 1825/2390/932 1826/2384/926 1818/2374/918
f 1834/2385/927 1842/2350/894 1844/2401/943 1836/2386/928
f 1819/2387/929 1827/2394/936 1825/2390/932 1817/2381/923
f 1833/2391/933 1841/2347/891 1842/2350/894 1834/2385/927
f 1822/2392/934 1830/2397/939 1832/2308/852 1824/2307/851
f 1835/2395/937 1843/2402/944 1841/2347/891 1833/2391/933
f 1821/2396/938 1829/2399/941 1830/2397/939 1822/2392/934
f 2250/2366/910 1846/2323/867 1848/2326/870 2248/2403/945
f 1823/2398/940 1831/2400/942 1829/2399/941 1821/2396/938
f 2179/2404/946 2185/2405/947 2184/2406/948 2178/2407/949
f 2132/2408/950 2124/2409/951 2200/2410/952 2204/2411/953
f 2163/2412/954 2169/2413/955 2168/2414/956 2162/2415/957
f 2220/2416/676 2223/2417/675 1953/2418/958 1952/2419/959
f 2157/2420/960 2165/2421/961 2164/2422/962 2156/2423/963
f 2211/2361/905 2150/2360/904 2151/2424/964 2210/2425/965
f 2158/2426/966 2161/2427/967 2160/2428/968 2159/2274/818
f 2207/2429/969 2211/2361/905 2210/2425/965 2206/2430/970
f 2150/2360/904 2153/2431/971 2152/2432/972 2151/2424/964
f 2203/2433/973 2207/2429/969 2206/2430/970 2202/2434/974
f 1787/2435/708 2215/2436/707 1951/2437/975 1950/2438/976
f 2199/2439/977 2203/2433/973 2202/2434/974 2198/2440/978
f 1851/2441/931 1839/2442/930 1930/2443/979 1929/2444/980
f 2244/2445/981 1855/2446/982 1942/2447/983 1941/2448/984
f 2195/2449/985 2199/2439/977 2198/2440/978 2194/2450/986
f 2195/2449/985 2191/2451/987 2105/2264/809 2113/2263/808
f 1783/2452/694 2231/2453/693 1938/2454/988 1937/2455/989
f 2145/2362/906 2137/2456/990 2135/2457/991 2143/2458/992
f 2191/2451/987 2195/2449/985 2194/2450/986 2190/2459/993
f 2138/2460/994 2146/2461/995 2232/2135/684 1784/2134/683
f 2187/2462/996 2191/2451/987 2190/2459/993 2186/2463/997
f 2042/2314/858 2039/2313/857 2041/2464/815 2044/2465/998
f 1963/2466/999 1966/2343/887 1995/2346/890 1992/2467/1000
f 2007/2468/1001 2009/2297/841 2111/2266/811 2103/2265/810
f 2036/2469/1002 2033/2470/1003 2155/2471/1004 2156/2423/963
f 2167/2472/1005 2173/2473/1006 2172/2474/1007 2166/2475/1008
f 1859/2476/1009 1847/2477/915 1956/2478/1010 1955/2479/1011
f 2183/2480/1012 2187/2462/996 2186/2463/997 2182/2481/1013
f 2056/2482/825 2044/2483/998 2160/2428/968 2166/2475/1008
f 2048/2484/1014 2028/2485/1015 2152/2432/972 2162/2415/957
f 2025/2486/1016 2144/2487/1017 2210/2425/965 2151/2424/964
f 2034/2488/1018 2031/2489/1019 2033/2490/1003 2036/2491/1002
f 2140/2492/1020 2132/2408/950 2204/2411/953 2208/2493/1021
f 2130/2494/1022 2122/2495/1023 2124/2496/951 2132/2497/950
f 2153/2431/971 2150/2360/904 2024/2363/907 2029/2498/1024
f 2125/2288/832 2117/2499/1025 2115/2295/839 2123/2289/833
f 2118/2500/1026 2110/2501/1027 2112/2502/1028 2120/2503/1029
f 2128/2504/806 2120/2505/1029 2198/2440/978 2202/2434/974
f 2207/2429/969 2203/2433/973 2129/2506/1030 2137/2456/990
f 2052/2507/821 2036/2469/1002 2156/2423/963 2164/2422/962
f 2060/2508/1031 2048/2484/1014 2162/2415/957 2168/2414/956
f 2044/2483/998 2041/2271/815 2159/2274/818 2160/2428/968
f 2057/2509/1032 2045/2510/1033 2043/2207/756 2055/2197/746
f 2169/2413/955 2163/2412/954 2049/2511/1034 2061/2512/1035
f 2054/2280/824 2042/2314/858 2044/2465/998 2056/2281/825
f 2050/2276/820 2034/2488/1018 2036/2491/1002 2052/2277/821
f 2064/2513/822 2052/2507/821 2164/2422/962 2170/2514/1036
f 2165/2421/961 2157/2420/960 2037/2515/1037 2053/2516/1038
f 2065/2284/828 2053/2516/1038 2051/2201/750 2063/2199/748
f 2061/2512/1035 2049/2511/1034 2047/2205/754 2059/2204/753
f 2171/2517/1039 2165/2421/961 2053/2516/1038 2065/2284/828
f 2073/2518/1040 2061/2512/1035 2059/2204/753 2071/2227/775
f 2069/2519/1041 2057/2509/1032 2055/2197/746 2067/2189/738
f 2068/2520/826 2056/2482/825 2166/2475/1008 2172/2474/1007
f 2173/2473/1006 2167/2472/1005 2057/2509/1032 2069/2519/1041
f 2080/2521/1042 2068/2520/826 2172/2474/1007 2178/2407/949
f 2076/2522/1043 2064/2513/822 2170/2514/1036 2176/2523/1044
f 2072/2285/829 2060/2508/1031 2168/2414/956 2174/2286/830
f 2070/2524/1045 2058/2525/1046 2060/2526/1031 2072/2527/829
f 2163/2412/954 2153/2431/971 2029/2498/1024 2049/2511/1034
f 2177/2528/1047 2171/2517/1039 2065/2284/828 2077/2283/827
f 2175/2529/1048 2169/2413/955 2061/2512/1035 2073/2518/1040
f 2081/2530/1049 2069/2519/1041 2067/2189/738 2079/2188/737
f 2201/2531/1050 2197/2532/1051 2117/2499/1025 2125/2288/832
f 2053/2516/1038 2037/2515/1037 2035/2209/758 2051/2201/750
f 2074/2533/1052 2062/2275/819 2064/2278/822 2076/2534/1043
f 2126/2260/805 2118/2500/1026 2120/2503/1029 2128/2261/806
f 2006/2535/1053 2920/2293/837 2107/2296/840 2099/2536/1054
f 2116/2537/734 2108/2538/733 2192/2539/1055 2196/2540/1056
f 2129/2506/1030 2121/2541/1057 2119/2299/843 2127/2542/1058
f 2120/2505/1029 2112/2543/1028 2194/2450/986 2198/2440/978
f 2004/2194/743 2006/2535/1053 2099/2536/1054 2091/2195/744
f 2933/2191/740 2932/2544/1059 2095/2545/1060 2087/2192/741
f 2117/2499/1025 2109/2546/1061 2107/2296/840 2115/2295/839
f 2931/2298/842 2013/2547/1062 2127/2542/1058 2119/2299/843
f 2925/2548/1063 2936/2549/1064 2143/2458/992 2135/2457/991
f 2919/2294/838 2935/2550/1065 2123/2289/833 2115/2295/839
f 2932/2544/1059 2007/2468/1001 2103/2265/810 2095/2545/1060
f 2013/2547/1062 2925/2548/1063 2135/2457/991 2127/2542/1058
f 2114/2182/731 2122/2495/1023 1800/2124/673 1808/2157/706
f 2215/2436/707 2220/2416/676 1952/2419/959 1951/2437/975
f 2936/2549/1064 2944/2216/765 2022/2217/766 2143/2458/992
f 2939/2551/1066 2016/2552/1067 2139/2553/1068 2131/2290/834
f 2110/2501/1027 2118/2500/1026 1804/2142/691 1812/2165/714
f 2130/2494/1022 2138/2460/994 1784/2134/683 1792/2125/674
f 2018/2554/1069 2020/2214/763 2030/2215/764 2147/2555/1070
f 2122/2495/1023 2130/2494/1022 1792/2125/674 1800/2124/673
f 2106/2183/732 2114/2182/731 1808/2157/706 1816/2179/728
f 2126/2260/805 2134/2162/711 1788/2150/699 1796/2143/692
f 2031/2489/1019 2034/2488/1018 2240/2181/730 2235/2180/729
f 2074/2533/1052 2086/2556/1071 1836/2386/928 1844/2401/943
f 2062/2275/819 2074/2533/1052 1844/2401/943 1856/2557/1072
f 2086/2556/1071 2094/2302/846 1828/2305/849 1836/2386/928
f 2102/2303/847 2110/2501/1027 1812/2165/714 1820/2304/848
f 2247/2558/914 2252/2317/861 1926/2320/864 1957/2559/1073
f 1988/2339/883 1958/2560/1074 2019/2561/1075 2017/2562/1076
f 1979/2563/1077 1981/2564/1078 2010/2565/1079 2008/2566/1080
f 1983/2567/1081 1985/2336/880 2014/2568/1082 2012/2569/1083
f 1980/2331/875 1982/2570/1084 2011/2571/1085 2949/2354/898
f 1894/2220/768 1895/2249/794 1963/2466/999 1960/2572/1086
f 2042/2314/858 2054/2280/824 2259/2573/1087 2256/2315/859
f 2054/2280/824 2066/2279/823 1852/2377/921 2259/2573/1087
f 2066/2279/823 2078/2574/1088 1840/2378/922 1852/2377/921
f 1921/2253/798 1922/2247/792 1964/2575/1089 1961/2576/1090
f 2034/2488/1018 2050/2276/820 2243/2577/1091 2240/2181/730
f 2050/2276/820 2062/2275/819 1856/2557/1072 2243/2577/1091
f 1920/2257/802 1921/2253/798 1961/2576/1090 1958/2560/1074
f 1896/2241/788 1897/2235/783 1969/2344/888 1966/2343/887
f 2026/2301/845 2046/2578/1092 2227/2579/1093 2224/2177/726
f 2046/2578/1092 2058/2525/1046 1860/2325/869 2227/2579/1093
f 1924/2233/781 1925/2221/769 1973/2580/1094 1970/2327/871
f 1925/2221/769 1894/2220/768 1960/2572/1086 1973/2580/1094
f 1910/2237/784 1911/2231/779 1971/2581/1095 1968/2582/865
f 1895/2249/794 1896/2241/788 1966/2343/887 1963/2466/999
f 1911/2231/779 1912/2230/778 1974/2583/1096 1971/2581/1095
f 2138/2460/994 2130/2494/1022 2132/2497/950 2140/2584/1020
f 1915/2330/874 1916/2353/897 1982/2570/1084 1980/2331/875
f 1899/2224/772 1900/2585/1097 1977/2310/854 1975/2309/853
f 1898/2225/773 1899/2224/772 1975/2309/853 1972/2586/1098
f 1902/2269/813 1903/2587/1099 1983/2567/1081 1981/2564/1078
f 2211/2361/905 2207/2429/969 2137/2456/990 2145/2362/906
f 1913/2588/1100 1914/2329/873 1978/2332/876 1976/2589/1101
f 2144/2487/1017 2136/2590/807 2206/2430/970 2210/2425/965
f 1916/2353/897 1917/2591/1102 1984/2592/1103 1982/2570/1084
f 1900/2585/1097 1901/2270/814 1979/2563/1077 1977/2310/854
f 2142/2163/712 2134/2162/711 2136/2262/807 2144/2593/1017
f 1958/2560/1074 1961/2576/1090 1990/2594/1104 2019/2561/1075
f 1961/2576/1090 1964/2575/1089 1993/2595/1105 1990/2594/1104
f 1919/2338/882 1920/2257/802 1958/2560/1074 1988/2339/883
f 1903/2587/1099 1904/2333/877 1985/2336/880 1983/2567/1081
f 1959/2596/1106 1962/2597/1107 2946/2598/1108 2950/2599/1109
f 1973/2580/1094 1960/2572/1086 2021/2600/1110 2002/2601/1111
f 1968/2582/865 1971/2581/1095 2940/2602/1112 1997/2603/1113
f 1962/2597/1107 1965/2322/866 1994/2604/1114 2946/2598/1108
f 1960/2572/1086 1963/2466/999 1992/2467/1000 2021/2600/1110
f 1974/2583/1096 1976/2589/1101 2005/2605/1115 2003/2606/1116
f 1969/2344/888 1972/2586/1098 2001/2607/1117 1998/2345/889
f 1964/2575/1089 1967/2328/872 1996/2608/1118 1993/2595/1105
f 1971/2581/1095 1974/2583/1096 2003/2606/1116 2940/2602/1112
f 2146/2461/995 2138/2460/994 2140/2584/1020 2148/2609/1119
f 2032/2359/903 2149/2358/902 2147/2555/1070 2030/2215/764
f 1970/2327/871 1973/2580/1094 2002/2601/1111 2947/2610/1120
f 1985/2336/880 1987/2335/879 2938/2611/1121 2014/2568/1082
f 2141/2612/1122 2133/2287/831 2131/2290/834 2139/2553/1068
f 2199/2439/977 2195/2449/985 2113/2263/808 2121/2541/1057
f 2023/2300/844 2142/2163/712 2144/2593/1017 2025/2613/1016
f 2149/2358/902 2141/2612/1122 2139/2553/1068 2147/2555/1070
f 1984/2592/1103 1986/2340/884 2015/2614/1123 2926/2615/1124
f 1976/2589/1101 1978/2332/876 2934/2355/899 2005/2605/1115
f 1965/2322/866 1968/2321/865 1997/2616/1113 1994/2604/1114
f 1986/2340/884 1988/2339/883 2017/2562/1076 2015/2614/1123
f 2121/2541/1057 2113/2263/808 2111/2266/811 2119/2299/843
f 2031/2489/1019 2146/2461/995 2148/2609/1119 2033/2490/1003
f 1989/2342/886 1959/2596/1106 2950/2599/1109 2937/2617/1125
f 2205/2618/1126 2201/2531/1050 2125/2288/832 2133/2287/831
f 2193/2619/1127 2189/2620/1128 2101/2621/1129 2109/2546/1061
f 2136/2590/807 2128/2504/806 2202/2434/974 2206/2430/970
f 2209/2622/1130 2205/2618/1126 2133/2287/831 2141/2612/1122
f 1999/2226/774 2930/2258/803 2083/2259/804 2071/2227/775
f 2181/2623/1131 2158/2426/966 2159/2274/818 2180/2273/817
f 1926/2624/864 1927/2625/863 2214/2626/98
f 2046/2578/1092 2026/2301/845 2028/2627/1015 2048/2628/1014
f 1952/2629/959 1953/2630/958 2214/2626/98
f 1930/2631/979 1931/2632/1132 2214/2626/98
f 1819/2633/929 1811/2634/722 1947/2635/1133 1946/2636/1134
f 1938/2637/988 1939/2638/1135 2214/2626/98
f 1956/2639/1010 1957/2640/1073 2214/2626/98
f 1823/2641/940 1815/2642/935 1933/2643/1136 1932/2644/1137
f 1951/2645/975 1952/2629/959 2214/2626/98
f 1929/2646/980 1930/2631/979 2214/2626/98
f 1827/2647/936 1819/2633/929 1946/2636/1134 1945/2648/1138
f 2239/2649/720 2244/2445/981 1941/2448/984 1940/2650/1139
f 1942/2651/983 1943/2652/1140 2214/2626/98
f 2255/2318/862 2260/2653/1141 1928/2654/1142 1927/2319/863
f 2223/2417/675 2228/2655/1143 1954/2656/1144 1953/2418/958
f 1955/2657/1011 1956/2639/1010 2214/2626/98
f 1803/2658/702 1795/2659/701 1949/2660/1145 1948/2661/1146
f 1943/2652/1140 1944/2662/1147 2214/2626/98
f 2146/2461/995 2031/2489/1019 2235/2180/729 2232/2135/684
f 1928/2663/1142 1929/2646/980 2214/2626/98
f 2142/2163/712 2023/2300/844 2219/2176/725 2216/2151/700
f 1941/2664/984 1942/2651/983 2214/2626/98
f 1791/2665/685 1783/2452/694 1937/2455/989 1936/2666/1148
f 1954/2667/1144 1955/2657/1011 2214/2626/98
f 1795/2659/701 1787/2435/708 1950/2438/976 1949/2660/1145
f 1927/2625/863 1928/2663/1142 2214/2626/98
f 1799/2668/686 1791/2665/685 1936/2666/1148 1935/2669/1149
f 1953/2630/958 1954/2667/1144 2214/2626/98
f 1811/2634/722 1803/2658/702 1948/2661/1146 1947/2635/1133
f 1940/2670/1139 1941/2664/984 2214/2626/98
f 1807/2671/710 1799/2668/686 1935/2669/1149 1934/2672/1150
f 1939/2638/1135 1940/2670/1139 2214/2626/98
f 2122/2495/1023 2114/2182/731 2116/2185/734 2124/2496/951
f 2070/2524/1045 2082/2673/1151 2248/2403/945 1848/2326/870
f 2033/2470/1003 2148/2674/1119 2212/2675/1152 2155/2471/1004
f 2165/2421/961 2171/2517/1039 2170/2514/1036 2164/2422/962
f 1849/2383/925 1861/2676/1153 2261/2677/1154 1850/2376/920
f 1881/2678/1155 1882/2679/1156 1914/2329/873 1913/2588/1100
f 2169/2413/955 2175/2529/1048 2174/2286/830 2168/2414/956
f 2167/2472/1005 2161/2427/967 2045/2510/1033 2057/2509/1032
f 1908/2251/796 1909/2245/790 1965/2322/866 1962/2597/1107
f 2173/2473/1006 2179/2404/946 2178/2407/949 2172/2474/1007
f 2161/2427/967 2167/2472/1005 2166/2475/1008 2160/2428/968
f 1854/2349/893 2245/2680/1157 2243/2577/1091 1856/2557/1072
f 2153/2431/971 2163/2412/954 2162/2415/957 2152/2432/972
f 1981/2564/1078 1983/2567/1081 2012/2569/1083 2010/2565/1079
f 1855/2681/982 2244/2682/981 2246/2683/1158 1853/2348/892
f 2154/2356/900 2157/2420/960 2156/2423/963 2155/2471/1004
f 1857/2684/1159 2230/2685/1160 2229/2686/1161 1858/2324/868
f 1847/2371/915 1859/2687/1009 1857/2684/1159 1845/2365/909
f 2028/2485/1015 2025/2486/1016 2151/2424/964 2152/2432/972
f 2253/2368/912 2250/2366/910 2248/2403/945 2251/2316/860
f 2228/2655/1143 1859/2476/1009 1955/2479/1011 1954/2656/1144
f 1871/2688/1162 1872/2689/1163 1904/2333/877 1903/2587/1099
f 2260/2653/1141 1851/2441/931 1929/2444/980 1928/2654/1142
f 1884/2352/896 1885/2690/1164 1917/2591/1102 1916/2353/897
f 1839/2442/930 1831/2691/942 1931/2692/1132 1930/2443/979
f 1885/2690/1164 1886/2693/101 1918/2337/881 1917/2591/1102
f 2189/2620/1128 2193/2619/1127 2192/2539/1055 2188/2694/1165
f 1868/2695/1166 1869/2267/812 1901/2270/814 1900/2585/1097
f 2197/2532/1051 2193/2619/1127 2109/2546/1061 2117/2499/1025
f 2213/2357/901 2209/2622/1130 2141/2612/1122 2149/2358/902
f 1843/2696/944 1835/2697/937 1944/2698/1147 1943/2699/1140
f 1872/2689/1163 1873/2700/1167 1905/2334/878 1904/2333/877
f 2185/2405/947 2189/2620/1128 2188/2694/1165 2184/2406/948
f 1880/2229/777 1881/2678/1155 1913/2588/1100 1912/2230/778
f 1855/2446/982 1843/2696/944 1943/2699/1140 1942/2447/983
f 1882/2679/1156 1883/2351/895 1915/2330/874 1914/2329/873
f 1842/2350/894 1854/2349/893 1856/2557/1072 1844/2401/943
f 2045/2510/1033 2040/2701/1168 2038/2213/762 2043/2207/756
f 1886/2693/101 1887/2702/1169 1919/2338/882 1918/2337/881
f 1845/2365/909 1857/2684/1159 1858/2324/868 1846/2323/867
f 2177/2528/1047 2183/2480/1012 2182/2481/1013 2176/2523/1044
f 1874/2703/1170 1875/2254/799 1907/2255/800 1906/2341/885
f 1850/2376/920 2261/2677/1154 2259/2573/1087 1852/2377/921
f 1831/2691/942 1823/2641/940 1932/2644/1137 1931/2692/1132
f 2029/2498/1024 2024/2363/907 2022/2217/766 2027/2211/760
f 1851/2389/931 2260/2704/1141 1861/2676/1153 1849/2383/925
f 2037/2515/1037 2032/2359/903 2030/2215/764 2035/2209/758
f 2213/2357/901 2154/2356/900 2155/2471/1004 2212/2675/1152
f 1853/2348/892 2246/2683/1158 2245/2680/1157 1854/2349/893
f 1843/2402/944 1855/2681/982 1853/2348/892 1841/2347/891
f 2209/2622/1130 2213/2357/901 2212/2675/1152 2208/2493/1021
f 1858/2324/868 2229/2686/1161 2227/2579/1093 1860/2325/869
f 2205/2618/1126 2209/2622/1130 2208/2493/1021 2204/2411/953
f 1859/2687/1009 2228/2705/1143 2230/2685/1160 1857/2684/1159
f 2201/2531/1050 2205/2618/1126 2204/2411/953 2200/2410/952
f 2935/2550/1065 2939/2551/1066 2131/2290/834 2123/2289/833
f 2197/2532/1051 2201/2531/1050 2200/2410/952 2196/2540/1056
f 1870/2268/102 1871/2688/1162 1903/2587/1099 1902/2269/813
f 2193/2619/1127 2197/2532/1051 2196/2540/1056 2192/2539/1055
f 1873/2700/1167 1874/2703/1170 1906/2341/885 1905/2334/878
f 1847/2477/915 2247/2558/914 1957/2559/1073 1956/2478/1010
f 1887/2702/1169 1888/2256/801 1920/2257/802 1919/2338/882
f 2049/2511/1034 2029/2498/1024 2027/2211/760 2047/2205/754
f 1867/2223/771 1868/2695/1166 1900/2585/1097 1899/2224/772
f 1815/2642/935 1807/2671/710 1934/2672/1150 1933/2643/1136
f 2175/2529/1048 2181/2623/1131 2180/2273/817 2174/2286/830
f 2024/2363/907 2145/2362/906 2143/2458/992 2022/2217/766
f 1977/2310/854 1979/2563/1077 2008/2566/1080 2923/2311/855
f 1967/2328/872 1970/2327/871 2947/2610/1120 1996/2608/1118
f 1972/2586/1098 1975/2309/853 2924/2312/856 2001/2607/1117
f 2098/2291/835 2106/2183/732 1816/2179/728 1824/2307/851
f 2231/2453/693 2236/2706/721 1939/2707/1135 1938/2454/988
f 2118/2500/1026 2126/2260/805 1796/2143/692 1804/2142/691
f 2189/2620/1128 2185/2405/947 2093/2708/1171 2101/2621/1129
f 2101/2621/1129 2093/2708/1171 2091/2195/744 2099/2536/1054
f 2104/2709/1172 2096/2710/1173 2186/2463/997 2190/2459/993
f 1901/2270/814 1902/2269/813 1981/2564/1078 1979/2563/1077
f 1922/2247/792 1923/2239/786 1967/2328/872 1964/2575/1089
f 1897/2235/783 1898/2225/773 1972/2586/1098 1969/2344/888
f 2110/2501/1027 2102/2303/847 2104/2711/1172 2112/2502/1028
f 2102/2303/847 2094/2302/846 2096/2712/1173 2104/2711/1172
f 2109/2546/1061 2101/2621/1129 2099/2536/1054 2107/2296/840
f 1906/2341/885 1907/2255/800 1959/2596/1106 1989/2342/886
f 1917/2591/1102 1918/2337/881 1986/2340/884 1984/2592/1103
f 2082/2673/1151 2039/2313/857 2251/2316/860 2248/2403/945
f 2026/2301/845 2023/2300/844 2025/2613/1016 2028/2627/1015
f 2171/2517/1039 2177/2528/1047 2176/2523/1044 2170/2514/1036
f 2016/2552/1067 2018/2554/1069 2147/2555/1070 2139/2553/1068
f 2187/2462/996 2183/2480/1012 2089/2713/1174 2097/2714/1175
f 2100/2715/836 2092/2716/1176 2184/2406/948 2188/2694/1165
f 2094/2302/846 2086/2556/1071 2088/2717/1177 2096/2712/1173
f 2039/2313/857 2082/2673/1151 2084/2718/816 2041/2464/815
f 2158/2426/966 2181/2623/1131 2085/2719/1178 2040/2701/1168
f 2097/2714/1175 2089/2713/1174 2087/2192/741 2095/2545/1060
f 2040/2701/1168 2085/2719/1178 2083/2259/804 2038/2213/762
f 2090/2306/850 2078/2574/1088 2080/2720/1042 2092/2721/1176
f 2161/2427/967 2158/2426/966 2040/2701/1168 2045/2510/1033
f 2096/2710/1173 2088/2722/1177 2182/2481/1013 2186/2463/997
f 2093/2708/1171 2081/2530/1049 2079/2188/737 2091/2195/744
f 2185/2405/947 2179/2404/946 2081/2530/1049 2093/2708/1171
f 2203/2433/973 2199/2439/977 2121/2541/1057 2129/2506/1030
f 2191/2451/987 2187/2462/996 2097/2714/1175 2105/2264/809
f 2112/2543/1028 2104/2709/1172 2190/2459/993 2194/2450/986
f 2183/2480/1012 2177/2528/1047 2077/2283/827 2089/2713/1174
f 2092/2716/1176 2080/2521/1042 2178/2407/949 2184/2406/948
f 2086/2556/1071 2074/2533/1052 2076/2534/1043 2088/2717/1177
f 2082/2673/1151 2070/2524/1045 2072/2527/829 2084/2718/816
f 2088/2722/1177 2076/2522/1043 2176/2523/1044 2182/2481/1013
f 2089/2713/1174 2077/2283/827 2075/2193/742 2087/2192/741
f 2181/2623/1131 2175/2529/1048 2073/2518/1040 2085/2719/1178
f 2085/2719/1178 2073/2518/1040 2071/2227/775 2083/2259/804
f 2078/2574/1088 2066/2279/823 2068/2282/826 2080/2720/1042
f 2105/2264/809 2097/2714/1175 2095/2545/1060 2103/2265/810
f 2098/2291/835 2090/2306/850 2092/2721/1176 2100/2292/836
f 2108/2538/733 2100/2715/836 2188/2694/1165 2192/2539/1055
f 2252/2380/861 2247/2370/914 2249/2364/908 2254/2373/917
f 2261/2677/1154 2258/2367/911 2256/2315/859 2259/2573/1087
f 2179/2404/946 2173/2473/1006 2069/2519/1041 2081/2530/1049
f 1957/2640/1073 1926/2624/864 2214/2626/98
f 2236/2172/721 2231/2144/693 2233/2138/687 2238/2167/716
f 1950/2723/976 1951/2645/975 2214/2626/98
f 1944/2662/1147 1945/2724/1138 2214/2626/98
f 2238/2167/716 2233/2138/687 2234/2132/681 2237/2168/717
f 1937/2725/989 1938/2637/988 2214/2626/98
f 1931/2632/1132 1932/2726/1137 2214/2626/98
f 2237/2168/717 2234/2132/681 2232/2135/684 2235/2180/729
f 2220/2127/676 2215/2158/707 2217/2154/703 2222/2128/677
f 1945/2724/1138 1946/2727/1134 2214/2626/98
f 2254/2373/917 2249/2364/908 2250/2366/910 2253/2368/912
f 2222/2128/677 2217/2154/703 2218/2148/697 2221/2175/724
f 1932/2726/1137 1933/2728/1136 2214/2626/98
f 2228/2705/1143 2223/2126/675 2225/2129/678 2230/2685/1160
f 2221/2175/724 2218/2148/697 2216/2151/700 2219/2176/725
f 2230/2685/1160 2225/2129/678 2226/2174/723 2229/2686/1161
f 1933/2728/1136 1934/2729/1150 2214/2626/98
f 1946/2727/1134 1947/2730/1133 2214/2626/98
f 1947/2730/1133 1948/2731/1146 2214/2626/98
f 2244/2682/981 2239/2171/720 2241/2166/715 2246/2683/1158
f 2229/2686/1161 2226/2174/723 2224/2177/726 2227/2579/1093
f 2246/2683/1158 2241/2166/715 2242/2169/718 2245/2680/1157
f 1948/2731/1146 1949/2732/1145 2214/2626/98
f 1934/2729/1150 1935/2733/1149 2214/2626/98
f 1935/2733/1149 1936/2734/1148 2214/2626/98
f 2260/2704/1141 2255/2379/862 2257/2372/916 1861/2676/1153
f 2245/2680/1157 2242/2169/718 2240/2181/730 2243/2577/1091
f 1861/2676/1153 2257/2372/916 2258/2367/911 2261/2677/1154
f 1936/2734/1148 1937/2725/989 2214/2626/98
f 1949/2732/1145 1950/2723/976 2214/2626/98
f 2124/2409/951 2116/2537/734 2196/2540/1056 2200/2410/952
f 1835/2697/937 1827/2647/936 1945/2648/1138 1944/2698/1147
f 2137/2456/990 2129/2506/1030 2127/2542/1058 2135/2457/991
f 2148/2674/1119 2140/2492/1020 2208/2493/1021 2212/2675/1152
f 1907/2255/800 1908/2251/796 1962/2597/1107 1959/2596/1106
f 1912/2230/778 1913/2588/1100 1976/2589/1101 1974/2583/1096
f 1987/2335/879 1989/2342/886 2937/2617/1125 2938/2611/1121
f 1982/2570/1084 1984/2592/1103 2926/2615/1124 2011/2571/1085
f 2157/2420/960 2154/2356/900 2032/2359/903 2037/2515/1037
f 2058/2525/1046 2070/2524/1045 1848/2326/870 1860/2325/869
f 2078/2574/1088 2090/2306/850 1832/2308/852 1840/2378/922
f 2236/2706/721 2239/2649/720 1940/2650/1139 1939/2707/1135
f 2058/2525/1046 2046/2578/1092 2048/2628/1014 2060/2526/1031
f 2587/2735/1148 2586/2736/989 2309/2737/98
f 2662/2738/1153 2266/2739/916 2265/2740/911 2262/2741/1154
f 2574/2742/1145 2573/2743/976 2309/2737/98
f 2263/2744/1141 2268/2745/862 2266/2739/916 2662/2738/1153
f 2588/2746/1149 2587/2735/1148 2309/2737/98
f 2278/2747/1179 2281/2748/718 2283/2749/730 2280/2750/1091
f 2575/2751/1146 2574/2742/1145 2309/2737/98
f 2277/2752/1158 2282/2753/715 2281/2748/718 2278/2747/1179
f 2589/2754/1150 2588/2746/1149 2309/2737/98
f 2279/2755/981 2284/2756/720 2282/2753/715 2277/2752/1158
f 2576/2757/1133 2575/2751/1146 2309/2737/98
f 2294/2758/1161 2297/2759/1180 2299/2760/726 2296/2761/1093
f 2590/2762/1136 2589/2754/1150 2309/2737/98
f 2293/2763/1160 2298/2764/678 2297/2759/1180 2294/2758/1161
f 2577/2765/1134 2576/2757/1133 2309/2737/98
f 2295/2766/1143 2300/2767/675 2298/2764/678 2293/2763/1160
f 2591/2768/1137 2590/2762/1136 2309/2737/98
f 2302/2769/724 2305/2770/697 2307/2771/700 2304/2772/725
f 2269/2773/917 2274/2774/908 2273/2775/910 2270/2776/912
f 2578/2777/1138 2577/2765/1134 2309/2737/98
f 2301/2778/677 2306/2779/703 2305/2770/697 2302/2769/724
f 2286/2780/717 2289/2781/681 2291/2782/684 2288/2783/729
f 2592/2784/1132 2591/2768/1137 2309/2737/98
f 2303/2785/676 2308/2786/707 2306/2779/703 2301/2778/677
f 2285/2787/716 2290/2788/687 2289/2781/681 2286/2780/717
f 2579/2789/1147 2578/2777/1138 2309/2737/98
f 2586/2736/989 2585/2790/988 2309/2737/98
f 2287/2791/721 2292/2792/693 2290/2788/687 2285/2787/716
f 2566/2793/1073 2597/2794/864 2309/2737/98
f 2573/2743/976 2572/2795/975 2309/2737/98
f 2262/2741/1154 2265/2740/911 2267/2796/859 2264/2797/1087
f 2271/2798/861 2276/2799/914 2274/2774/908 2269/2773/917
f 2344/2800/946 2350/2801/1006 2454/2802/1041 2442/2803/1049
f 2438/2804/1181 2450/2805/1040 2452/2806/775 2440/2807/804
f 2342/2808/1182 2348/2809/1048 2450/2805/1040 2438/2804/1181
f 2445/2810/1088 2457/2811/823 2455/2812/826 2443/2813/1042
f 2435/2814/1177 2447/2815/1043 2347/2816/1044 2341/2817/1013
f 2441/2818/1151 2453/2819/1045 2451/2820/829 2439/2821/816
f 2434/2822/1174 2446/2823/827 2448/2824/742 2436/2825/741
f 2431/2826/1176 2443/2827/1042 2345/2828/949 2339/2829/948
f 2340/2830/1012 2346/2831/1047 2446/2823/827 2434/2822/1174
f 2437/2832/1071 2449/2833/1052 2447/2834/1043 2435/2835/1177
f 2430/2836/1171 2442/2803/1049 2444/2837/737 2432/2838/744
f 2427/2839/1173 2435/2814/1177 2341/2817/1013 2337/2840/997
f 2338/2841/947 2344/2800/946 2442/2803/1049 2430/2836/1171
f 2433/2842/850 2445/2810/1088 2443/2813/1042 2431/2843/1176
f 2483/2844/1168 2438/2804/1181 2440/2807/804 2485/2845/762
f 2362/2846/967 2365/2847/966 2483/2844/1168 2478/2848/1033
f 2365/2847/966 2342/2808/1182 2438/2804/1181 2483/2844/1168
f 2484/2849/857 2441/2818/1151 2439/2821/816 2482/2850/815
f 2426/2851/1175 2434/2822/1174 2436/2825/741 2428/2852/1060
f 2423/2853/836 2431/2826/1176 2339/2829/948 2335/2854/1165
f 2336/2855/1183 2340/2830/1012 2434/2822/1174 2426/2851/1175
f 2429/2856/846 2437/2832/1071 2435/2835/1177 2427/2857/1173
f 2422/2858/1129 2430/2836/1171 2432/2838/744 2424/2859/1054
f 2419/2860/1172 2427/2839/1173 2337/2840/997 2333/2861/993
f 2334/2862/1128 2338/2841/947 2430/2836/1171 2422/2858/1129
f 2425/2863/835 2433/2842/850 2431/2843/1176 2423/2864/836
f 2418/2865/809 2426/2851/1175 2428/2852/1060 2420/2866/810
f 2415/2867/733 2423/2853/836 2335/2854/1165 2331/2868/1055
f 2332/2869/987 2336/2855/1183 2426/2851/1175 2418/2865/809
f 2421/2870/847 2429/2856/846 2427/2857/1173 2419/2871/1172
f 2414/2872/1061 2422/2858/1129 2424/2859/1054 2416/2873/840
f 2411/2874/1028 2419/2860/1172 2333/2861/993 2329/2875/986
f 2320/2876/973 2324/2877/1184 2402/2878/1057 2394/2879/1030
f 2413/2880/1027 2421/2870/847 2419/2871/1172 2411/2881/1028
f 2352/2882/1039 2346/2831/1047 2347/2816/1044 2353/2883/1036
f 2497/2884/845 2500/2885/844 2498/2886/1016 2495/2887/1015
f 2976/2888/1185 2975/2889/1069 2376/2890/1070 2384/2891/1068
f 2292/2892/693 2287/2893/721 2584/2894/1135 2585/2895/988
f 2405/2896/1026 2397/2897/805 2727/2898/692 2719/2899/691
f 2425/2863/835 2417/2900/732 2707/2901/728 2699/2902/851
f 2445/2810/1088 2433/2842/850 2691/2903/852 2683/2904/922
f 2465/2905/1046 2453/2819/1045 2675/2906/870 2663/2907/869
f 2287/2893/721 2284/2908/720 2583/2909/1139 2584/2894/1135
f 2616/2910/800 2615/2911/796 2561/2912/1107 2564/2913/1106
f 2601/2914/792 2600/2915/786 2556/2916/872 2559/2917/1089
f 2626/2918/783 2625/2919/773 2551/2920/1098 2554/2921/888
f 2611/2922/778 2610/2923/1100 2547/2924/1101 2549/2925/1096
f 2375/2926/1119 2383/2927/1020 2315/2928/1021 2311/2929/1152
f 2622/2930/814 2621/2931/813 2542/2932/1078 2544/2933/1077
f 2606/2934/1102 2605/2935/881 2537/2936/884 2539/2937/1103
f 2617/2938/885 2616/2910/800 2564/2913/1106 2534/2939/886
f 2441/2818/1151 2484/2849/857 2272/2940/860 2275/2941/945
f 2556/2916/872 2553/2942/871 2963/2943/1120 2964/2944/1186
f 2551/2920/1098 2548/2945/853 2519/2946/856 2960/2947/1117
f 2546/2948/854 2544/2933/1077 2515/2949/1080 2517/2950/855
f 2541/2951/1084 2539/2937/1103 2510/2952/1124 2969/2953/1085
f 2536/2954/879 2534/2939/886 2505/2955/1125 2507/2956/1121
f 2366/2957/1187 2369/2958/900 2491/2959/903 2486/2960/1037
f 2688/2961/937 2696/2962/936 2578/2963/1138 2579/2964/1147
f 2348/2809/1048 2342/2808/1182 2343/2965/817 2349/2966/830
f 2499/2967/907 2378/2968/906 2380/2969/992 2501/2970/766
f 2386/2971/990 2394/2879/1030 2396/2972/1058 2388/2973/991
f 2399/2974/951 2407/2975/734 2327/2976/1056 2323/2977/952
f 2708/2978/935 2716/2979/710 2589/2980/1150 2590/2981/1136
f 2571/2982/959 2570/2983/958 2309/2737/98
f 2593/2984/979 2592/2784/1132 2309/2737/98
f 2704/2985/929 2712/2986/722 2576/2987/1133 2577/2988/1134
f 2585/2790/988 2584/2989/1135 2309/2737/98
f 2567/2990/1010 2566/2793/1073 2309/2737/98
f 2700/2991/940 2708/2978/935 2590/2981/1136 2591/2992/1137
f 2572/2795/975 2571/2982/959 2309/2737/98
f 2594/2993/980 2593/2984/979 2309/2737/98
f 2696/2962/936 2704/2985/929 2577/2988/1134 2578/2963/1138
f 2284/2908/720 2279/2994/981 2582/2995/984 2583/2909/1139
f 2581/2996/983 2580/2997/1140 2309/2737/98
f 2268/2998/862 2263/2999/1141 2595/3000/1142 2596/3001/863
f 2300/3002/675 2295/3003/1143 2569/3004/1144 2570/3005/958
f 2568/3006/1011 2567/2990/1010 2309/2737/98
f 2580/2997/1140 2579/2789/1147 2309/2737/98
f 2377/3007/995 2492/3008/1019 2288/2783/729 2291/2782/684
f 2595/3009/1142 2594/2993/980 2309/2737/98
f 2381/3010/712 2500/2885/844 2304/2772/725 2307/2771/700
f 2582/3011/984 2581/2996/983 2309/2737/98
f 2732/3012/685 2740/3013/694 2586/3014/989 2587/3015/1148
f 2569/3016/1144 2568/3006/1011 2309/2737/98
f 2728/3017/701 2736/3018/708 2573/3019/976 2574/3020/1145
f 2596/3021/863 2595/3009/1142 2309/2737/98
f 2724/3022/686 2732/3012/685 2587/3015/1148 2588/3023/1149
f 2583/3024/1139 2582/3011/984 2309/2737/98
f 2720/3025/702 2728/3017/701 2574/3020/1145 2575/3026/1146
f 2570/2983/958 2569/3016/1144 2309/2737/98
f 2716/2979/710 2724/3022/686 2588/3023/1149 2589/2980/1150
f 2597/2794/864 2596/3021/863 2309/2737/98
f 2712/2986/722 2720/3025/702 2575/3026/1146 2576/2987/1133
f 2584/2989/1135 2583/3024/1139 2309/2737/98
f 2477/3027/1092 2497/2884/845 2495/2887/1015 2475/3028/1014
f 2479/3029/998 2482/3030/815 2364/3031/818 2363/3032/968
f 2473/3033/820 2489/3034/1018 2487/3035/1002 2471/3036/821
f 2466/3037/1032 2478/2848/1033 2480/3038/756 2468/3039/746
f 2463/3040/1031 2475/3041/1014 2361/3042/957 2355/3043/956
f 2356/3044/1005 2362/2846/967 2478/2848/1033 2466/3037/1032
f 2469/3045/824 2481/3046/858 2479/3047/998 2467/3048/825
f 2462/3049/1035 2474/3050/1034 2476/3051/754 2464/3052/753
f 2459/3053/822 2471/3054/821 2359/3055/962 2353/2883/1036
f 2354/3056/955 2360/3057/954 2474/3050/1034 2462/3049/1035
f 2465/2905/1046 2477/3027/1092 2475/3028/1014 2463/3058/1031
f 2458/3059/828 2470/3060/1038 2472/3061/750 2460/3062/748
f 2455/3063/826 2467/3064/825 2357/3065/1008 2351/3066/1007
f 2352/2882/1039 2358/3067/1188 2470/3060/1038 2458/3059/828
f 2461/3068/819 2473/3033/820 2471/3036/821 2459/3069/822
f 2358/3067/1188 2366/2957/1187 2486/2960/1037 2470/3060/1038
f 2454/2802/1041 2466/3037/1032 2468/3039/746 2456/3070/738
f 2451/3071/829 2463/3040/1031 2355/3043/956 2349/2966/830
f 2350/2801/1006 2356/3044/1005 2466/3037/1032 2454/2802/1041
f 2457/2811/823 2469/3045/824 2467/3048/825 2455/2812/826
f 2450/2805/1040 2462/3049/1035 2464/3052/753 2452/2806/775
f 2447/2815/1043 2459/3053/822 2353/2883/1036 2347/2816/1044
f 2348/2809/1048 2354/3056/955 2462/3049/1035 2450/2805/1040
f 2453/2819/1045 2465/2905/1046 2463/3058/1031 2451/2820/829
f 2446/2823/827 2458/3059/828 2460/3062/748 2448/2824/742
f 2443/2827/1042 2455/3063/826 2351/3066/1007 2345/2828/949
f 2346/2831/1047 2352/2882/1039 2458/3059/828 2446/2823/827
f 2449/2833/1052 2461/3068/819 2459/3069/822 2447/2834/1043
f 2442/2803/1049 2454/2802/1041 2456/3070/738 2444/2837/737
f 2439/3072/816 2451/3071/829 2349/2966/830 2343/2965/817
f 2360/3057/954 2370/3073/971 2494/3074/1024 2474/3050/1034
f 2470/3060/1038 2486/2960/1037 2488/3075/758 2472/3061/750
f 2394/2879/1030 2402/2878/1057 2404/3076/843 2396/2972/1058
f 2397/2897/805 2405/2896/1026 2403/3077/1029 2395/3078/806
f 2390/3079/831 2398/3080/832 2400/3081/833 2392/3082/834
f 2322/3083/1050 2326/3084/1051 2406/3085/1025 2398/3080/832
f 2407/2975/734 2415/2867/733 2331/2868/1055 2327/2976/1056
f 2406/3085/1025 2414/2872/1061 2416/2873/840 2408/3086/839
f 2403/3087/1029 2411/2874/1028 2329/2875/986 2325/3088/978
f 2417/2900/732 2425/2863/835 2423/2864/836 2415/3089/733
f 2974/3090/1053 2973/3091/837 2416/2873/840 2424/2859/1054
f 2520/3092/740 2518/3093/1059 2428/2852/1060 2436/2825/741
f 2518/3093/1059 2971/3094/1001 2420/2866/810 2428/2852/1060
f 2512/3095/842 2980/3096/1062 2396/2972/1058 2404/3076/843
f 2973/3091/837 2968/3097/838 2408/3086/839 2416/2873/840
f 2959/3098/743 2974/3090/1053 2424/2859/1054 2432/2838/744
f 2968/3097/838 2967/3099/1065 2400/3081/833 2408/3086/839
f 2506/3100/1064 2504/3101/765 2501/2970/766 2380/2969/992
f 2980/3096/1062 2508/3102/1063 2388/2973/991 2396/2972/1058
f 2970/3103/841 2512/3095/842 2404/3076/843 2412/3104/811
f 2508/3102/1063 2506/3100/1064 2380/2969/992 2388/2973/991
f 2308/3105/707 2303/3106/676 2571/3107/959 2572/3108/975
f 2975/2889/1069 2503/3109/763 2493/3110/764 2376/2890/1070
f 2977/3111/1066 2976/2888/1185 2384/2891/1068 2392/3082/834
f 2500/2885/844 2497/2884/845 2299/2760/726 2304/2772/725
f 2409/3112/731 2401/3113/1023 2723/3114/673 2715/3115/706
f 2393/3116/1022 2385/3117/994 2739/3118/683 2731/3119/674
f 2492/3008/1019 2489/3034/1018 2283/2749/730 2288/2783/729
f 2401/3113/1023 2393/3116/1022 2731/3119/674 2723/3114/673
f 2429/2856/846 2421/2870/847 2703/3120/848 2695/3121/1189
f 2413/2880/1027 2405/2896/1026 2719/2899/691 2711/3122/714
f 2397/2897/805 2389/3123/711 2735/3124/699 2727/2898/692
f 2421/2870/847 2413/2880/1027 2711/3122/714 2703/3120/848
f 2449/2833/1052 2437/2832/1071 2687/3125/928 2679/3126/943
f 2433/2842/850 2425/2863/835 2699/2902/851 2691/2903/852
f 2417/2900/732 2409/3112/731 2715/3115/706 2707/2901/728
f 2437/2832/1071 2429/2856/846 2695/3121/1189 2687/3125/928
f 2469/3045/824 2457/2811/823 2671/3127/921 2264/2797/1087
f 2276/3128/914 2271/3129/861 2597/3130/864 2566/3131/1073
f 2484/2849/857 2481/3046/858 2267/2796/859 2272/2940/860
f 2461/3068/819 2449/2833/1052 2679/3126/943 2667/3132/1072
f 2481/3046/858 2469/3045/824 2264/2797/1087 2267/2796/859
f 2473/3033/820 2461/3068/819 2667/3132/1072 2280/2750/1091
f 2457/2811/823 2445/2810/1088 2683/2904/922 2671/3127/921
f 2271/3129/861 2268/2998/862 2596/3001/863 2597/3130/864
f 2629/3133/768 2628/3134/794 2560/3135/999 2563/3136/1086
f 2489/3034/1018 2473/3033/820 2280/2750/1091 2283/2749/730
f 2477/3027/1092 2465/2905/1046 2663/2907/869 2296/2761/1093
f 2603/3137/802 2602/3138/798 2562/3139/1090 2565/3140/1074
f 2614/3141/790 2613/3142/784 2555/3143/865 2558/3144/866
f 2602/3138/798 2601/2914/792 2559/2917/1089 2562/3139/1090
f 2497/2884/845 2477/3027/1092 2296/2761/1093 2299/2760/726
f 2628/3134/794 2627/3145/788 2557/3146/887 2560/3135/999
f 2599/3147/781 2598/3148/769 2550/3149/1094 2553/2942/871
f 2627/3145/788 2626/2918/783 2554/2921/888 2557/3146/887
f 2615/2911/796 2614/3141/790 2558/3144/866 2561/2912/1107
f 2613/3150/784 2612/3151/779 2552/3152/1095 2555/3153/865
f 2624/3154/772 2623/3155/1097 2546/2948/854 2548/2945/853
f 2612/3151/779 2611/2922/778 2549/2925/1096 2552/3152/1095
f 2600/2915/786 2599/3147/781 2553/2942/871 2556/2916/872
f 2598/3148/769 2629/3133/768 2563/3136/1086 2550/3149/1094
f 2608/3156/874 2607/3157/897 2541/2951/1084 2543/3158/875
f 2610/2923/1100 2609/3159/873 2545/3160/876 2547/2924/1101
f 2625/2919/773 2624/3154/772 2548/2945/853 2551/2920/1098
f 2609/3159/873 2608/3156/874 2543/3158/875 2545/3160/876
f 2385/3117/994 2393/3116/1022 2391/3161/950 2383/3162/1020
f 2312/3163/905 2316/3164/969 2386/2971/990 2378/2968/906
f 2381/3010/712 2389/3123/711 2387/3165/807 2379/3166/1017
f 2379/3167/1017 2387/3168/807 2317/3169/970 2313/3170/965
f 2619/3171/877 2618/3172/878 2536/2954/879 2538/3173/880
f 2621/2931/813 2620/3174/1099 2540/3175/1081 2542/2932/1078
f 2623/3155/1097 2622/2930/814 2544/2933/1077 2546/2948/854
f 2620/3174/1099 2619/3171/877 2538/3173/880 2540/3175/1081
f 2565/3140/1074 2562/3139/1090 2955/3176/1104 2956/3177/1075
f 2605/2935/881 2604/3178/882 2535/3179/883 2537/2936/884
f 2607/3157/897 2606/2934/1102 2539/2937/1103 2541/2951/1084
f 2604/3178/882 2603/3137/802 2565/3140/1074 2535/3179/883
f 2561/2912/1107 2558/3144/866 2529/3180/1114 2954/3181/1108
f 2564/2913/1106 2561/2912/1107 2954/3181/1108 2958/3182/1109
f 2618/3172/878 2617/2938/885 2534/2939/886 2536/2954/879
f 2562/3139/1090 2559/2917/1089 2982/3183/1105 2955/3176/1104
f 2555/3153/865 2552/3152/1095 2962/3184/1112 2526/3185/1113
f 2559/2917/1089 2556/2916/872 2964/2944/1186 2982/3183/1105
f 2563/3136/1086 2560/3135/999 2531/3186/1000 2957/3187/1110
f 2557/3146/887 2554/2921/888 2525/3188/889 2528/3189/890
f 2550/3149/1094 2563/3136/1086 2957/3187/1110 2981/3190/1111
f 2554/2921/888 2551/2920/1098 2960/2947/1117 2525/3188/889
f 2558/3144/866 2555/3143/865 2526/3191/1113 2529/3180/1114
f 2552/3152/1095 2549/2925/1096 2961/3192/1116 2962/3184/1112
f 2545/3160/876 2543/3158/875 2514/3193/898 2516/3194/899
f 2549/2925/1096 2547/2924/1101 2972/3195/1115 2961/3192/1116
f 2553/2942/871 2550/3149/1094 2981/3190/1111 2963/2943/1120
f 2547/2924/1101 2545/3160/876 2516/3194/899 2972/3195/1115
f 2540/3175/1081 2538/3173/880 2509/3196/1082 2511/3197/1083
f 2544/2933/1077 2542/2932/1078 2513/3198/1079 2515/2949/1080
f 2548/2945/853 2546/2948/854 2517/2950/855 2519/2946/856
f 2542/2932/1078 2540/3175/1081 2511/3197/1083 2513/3198/1079
f 2535/3179/883 2565/3140/1074 2956/3177/1075 2978/3199/1076
f 2539/2937/1103 2537/2936/884 2979/3200/1123 2510/2952/1124
f 2543/3158/875 2541/2951/1084 2969/2953/1085 2514/3193/898
f 2537/2936/884 2535/3179/883 2978/3199/1076 2979/3200/1123
f 2491/2959/903 2374/3201/902 2376/2890/1070 2493/3110/764
f 2534/2939/886 2564/2913/1106 2958/3182/1109 2505/2955/1125
f 2538/3173/880 2536/2954/879 2507/2956/1121 2509/3196/1082
f 2369/2958/900 2310/3202/901 2374/3201/902 2491/2959/903
f 2377/3007/995 2385/3117/994 2383/3162/1020 2375/3203/1119
f 2500/2885/844 2381/3010/712 2379/3166/1017 2498/2886/1016
f 2492/3008/1019 2377/3007/995 2375/3203/1119 2490/3204/1003
f 2370/3073/971 2373/3205/904 2499/2967/907 2494/3074/1024
f 2393/3116/1022 2401/3113/1023 2399/3206/951 2391/3161/950
f 2389/3123/711 2397/2897/805 2395/3078/806 2387/3165/807
f 2310/3202/901 2314/3207/1130 2382/3208/1122 2374/3201/902
f 2383/2927/1020 2391/3209/950 2319/3210/953 2315/2928/1021
f 2402/2878/1057 2410/3211/808 2412/3104/811 2404/3076/843
f 2398/3080/832 2406/3085/1025 2408/3086/839 2400/3081/833
f 2318/3212/1190 2322/3083/1050 2398/3080/832 2390/3079/831
f 2324/2877/1184 2328/3213/985 2410/3211/808 2402/2878/1057
f 2314/3207/1130 2318/3212/1190 2390/3079/831 2382/3208/1122
f 2374/3201/902 2382/3208/1122 2384/2891/1068 2376/2890/1070
f 2373/3205/904 2312/3163/905 2378/2968/906 2499/2967/907
f 2382/3208/1122 2390/3079/831 2392/3082/834 2384/2891/1068
f 2401/3113/1023 2409/3112/731 2407/3214/734 2399/3206/951
f 2387/3168/807 2395/3215/806 2321/3216/974 2317/3169/970
f 2316/3164/969 2320/2876/973 2394/2879/1030 2386/2971/990
f 2395/3215/806 2403/3087/1029 2325/3088/978 2321/3216/974
f 2410/3211/808 2418/2865/809 2420/2866/810 2412/3104/811
f 2326/3084/1051 2330/3217/1191 2414/2872/1061 2406/3085/1025
f 2405/2896/1026 2413/2880/1027 2411/2881/1028 2403/3077/1029
f 2330/3217/1191 2334/2862/1128 2422/2858/1129 2414/2872/1061
f 2471/3054/821 2487/3218/1002 2367/3219/963 2359/3055/962
f 2524/3220/774 2521/3221/803 2440/2807/804 2452/2806/775
f 2521/3221/803 2502/3222/761 2485/2845/762 2440/2807/804
f 2635/3223/801 2634/3224/797 2602/3138/798 2603/3137/802
f 2648/3225/799 2647/3226/795 2615/2911/796 2616/2910/800
f 2661/3227/100 2660/3228/793 2628/3134/794 2629/3133/768
f 2634/3224/797 2633/3229/791 2601/2914/792 2602/3138/798
f 2647/3226/795 2646/3230/789 2614/3141/790 2615/2911/796
f 2660/3228/793 2659/3231/787 2627/3145/788 2628/3134/794
f 2633/3229/791 2632/3232/785 2600/2915/786 2601/2914/792
f 2646/3230/789 2645/3233/99 2613/3142/784 2614/3141/790
f 2659/3231/787 2658/3234/782 2626/2918/783 2627/3145/788
f 2632/3232/785 2631/3235/780 2599/3147/781 2600/2915/786
f 2645/3236/99 2644/3237/776 2612/3151/779 2613/3150/784
f 2658/3234/782 2657/3238/770 2625/2919/773 2626/2918/783
f 2631/3235/780 2630/3239/767 2598/3148/769 2599/3147/781
f 2644/3237/776 2643/3240/777 2611/2922/778 2612/3151/779
f 2527/3241/752 2524/3220/774 2452/2806/775 2464/3052/753
f 2657/3238/770 2656/3242/771 2624/3154/772 2625/2919/773
f 2630/3239/767 2661/3227/100 2629/3133/768 2598/3148/769
f 2504/3101/765 2533/3243/759 2496/3244/760 2501/2970/766
f 2503/3109/763 2532/3245/757 2488/3075/758 2493/3110/764
f 2502/3222/761 2952/3246/755 2480/3038/756 2485/2845/762
f 2533/3243/759 2530/3247/751 2476/3051/754 2496/3244/760
f 2532/3245/757 2953/3248/749 2472/3061/750 2488/3075/758
f 2952/3246/755 2951/3249/745 2468/3039/746 2480/3038/756
f 2530/3247/751 2527/3241/752 2464/3052/753 2476/3051/754
f 2953/3248/749 2965/3250/747 2460/3062/748 2472/3061/750
f 2965/3250/747 2523/3251/739 2448/2824/742 2460/3062/748
f 2523/3251/739 2520/3092/740 2436/2825/741 2448/2824/742
f 2951/3249/745 2966/3252/735 2456/3070/738 2468/3039/746
f 2966/3252/735 2522/3253/736 2444/2837/737 2456/3070/738
f 2522/3253/736 2959/3098/743 2432/2838/744 2444/2837/737
f 2409/3112/731 2417/2900/732 2415/3089/733 2407/3214/734
f 2475/3041/1014 2495/3254/1015 2371/3255/972 2361/3042/957
f 2467/3064/825 2479/3029/998 2363/3032/968 2357/3065/1008
f 2340/2830/1012 2336/2855/1183 2337/2840/997 2341/2817/1013
f 2664/3256/1009 2676/3257/915 2567/3258/1010 2568/3259/1011
f 2356/3044/1005 2350/2801/1006 2351/3066/1007 2357/3065/1008
f 2487/3218/1002 2490/3260/1003 2368/3261/1004 2367/3219/963
f 2971/3094/1001 2970/3103/841 2412/3104/811 2420/2866/810
f 2560/3135/999 2557/3146/887 2528/3189/890 2531/3186/1000
f 2481/3046/858 2484/2849/857 2482/2850/815 2479/3047/998
f 2336/2855/1183 2332/2869/987 2333/2861/993 2337/2840/997
f 2385/3117/994 2377/3007/995 2291/2782/684 2739/3118/683
f 2332/2869/987 2328/3213/985 2329/2875/986 2333/2861/993
f 2378/2968/906 2386/2971/990 2388/2973/991 2380/2969/992
f 2740/3013/694 2292/2892/693 2585/2895/988 2586/3014/989
f 2328/3213/985 2324/2877/1184 2325/3088/978 2329/2875/986
f 2279/2994/981 2668/3262/982 2581/3263/983 2582/2995/984
f 2672/3264/931 2684/3265/930 2593/3266/979 2594/3267/980
f 2324/2877/1184 2320/2876/973 2321/3216/974 2325/3088/978
f 2736/3018/708 2308/3105/707 2572/3108/975 2573/3019/976
f 2320/2876/973 2316/3164/969 2317/3169/970 2321/3216/974
f 2373/3205/904 2370/3073/971 2371/3255/972 2372/3268/964
f 2316/3164/969 2312/3163/905 2313/3170/965 2317/3169/970
f 2365/2847/966 2362/2846/967 2363/3032/968 2364/3031/818
f 2312/3163/905 2373/3205/904 2372/3268/964 2313/3170/965
f 2366/2957/1187 2358/3067/1188 2359/3055/962 2367/3219/963
f 2303/3106/676 2300/3002/675 2570/3005/958 2571/3107/959
f 2360/3057/954 2354/3056/955 2355/3043/956 2361/3042/957
f 2328/3213/985 2332/2869/987 2418/2865/809 2410/3211/808
f 2391/3209/950 2399/2974/951 2323/2977/952 2319/3210/953
f 2489/3034/1018 2492/3008/1019 2490/3204/1003 2487/3035/1002
f 2344/2800/946 2338/2841/947 2339/2829/948 2345/2828/949
f 2498/3269/1016 2379/3167/1017 2313/3170/965 2372/3268/964
f 2354/3056/955 2348/2809/1048 2349/2966/830 2355/3043/956
f 2486/2960/1037 2491/2959/903 2493/3110/764 2488/3075/758
f 2350/2801/1006 2344/2800/946 2345/2828/949 2351/3066/1007
f 2692/3270/942 2700/2991/940 2591/2992/1137 2592/3271/1132
f 2490/3260/1003 2375/2926/1119 2311/2929/1152 2368/3261/1004
f 2346/2831/1047 2340/2830/1012 2341/2817/1013 2347/2816/1044
f 2680/3272/944 2688/2961/937 2579/2964/1147 2580/3273/1140
f 2478/2848/1033 2483/2844/1168 2485/2845/762 2480/3038/756
f 2342/2808/1182 2365/2847/966 2364/3031/818 2343/2965/817
f 2668/3262/982 2680/3272/944 2580/3273/1140 2581/3263/983
f 2482/3030/815 2439/3072/816 2343/2965/817 2364/3031/818
f 2338/2841/947 2334/2862/1128 2335/2854/1165 2339/2829/948
f 2453/2819/1045 2441/2818/1151 2275/2941/945 2675/2906/870
f 2474/3050/1034 2494/3074/1024 2496/3244/760 2476/3051/754
f 2334/2862/1128 2330/3217/1191 2331/2868/1055 2335/2854/1165
f 2676/3257/915 2276/3128/914 2566/3131/1073 2567/3258/1010
f 2684/3265/930 2692/3270/942 2592/3271/1132 2593/3266/979
f 2330/3217/1191 2326/3084/1051 2327/2976/1056 2331/2868/1055
f 2263/2999/1141 2672/3264/931 2594/3267/980 2595/3000/1142
f 2326/3084/1051 2322/3083/1050 2323/2977/952 2327/2976/1056
f 2295/3003/1143 2664/3256/1009 2568/3259/1011 2569/3004/1144
f 2322/3083/1050 2318/3212/1190 2319/3210/953 2323/2977/952
f 2495/3254/1015 2498/3269/1016 2372/3268/964 2371/3255/972
f 2318/3212/1190 2314/3207/1130 2315/2928/1021 2319/3210/953
f 2369/2958/900 2366/2957/1187 2367/3219/963 2368/3261/1004
f 2314/3207/1130 2310/3202/901 2311/2929/1152 2315/2928/1021
f 2370/3073/971 2360/3057/954 2361/3042/957 2371/3255/972
f 2310/3202/901 2369/2958/900 2368/3261/1004 2311/2929/1152
f 2362/2846/967 2356/3044/1005 2357/3065/1008 2363/3032/968
f 2494/3074/1024 2499/2967/907 2501/2970/766 2496/3244/760
f 2358/3067/1188 2352/2882/1039 2353/2883/1036 2359/3055/962
f 2649/3274/1170 2648/3225/799 2616/2910/800 2617/2938/885
f 2651/3275/1163 2650/3276/1167 2618/3172/878 2619/3171/877
f 2637/3277/101 2636/3278/1169 2604/3178/882 2605/2935/881
f 2640/3279/895 2639/3280/896 2607/3157/897 2608/3156/874
f 2641/3281/1156 2640/3279/895 2608/3156/874 2609/3159/873
f 2654/3282/812 2653/3283/102 2621/2931/813 2622/2930/814
f 2643/3240/777 2642/3284/1155 2610/2923/1100 2611/2922/778
f 2642/3284/1155 2641/3281/1156 2609/3159/873 2610/2923/1100
f 2656/3242/771 2655/3285/1166 2623/3155/1097 2624/3154/772
f 2655/3285/1166 2654/3282/812 2622/2930/814 2623/3155/1097
f 2636/3278/1169 2635/3223/801 2603/3137/802 2604/3178/882
f 2638/3286/1164 2637/3277/101 2605/2935/881 2606/2934/1102
f 2650/3276/1167 2649/3274/1170 2617/2938/885 2618/3172/878
f 2639/3280/896 2638/3286/1164 2606/2934/1102 2607/3157/897
f 2653/3283/102 2652/3287/1162 2620/3174/1099 2621/2931/813
f 2652/3287/1162 2651/3275/1163 2619/3171/877 2620/3174/1099
f 2967/3099/1065 2977/3111/1066 2392/3082/834 2400/3081/833
f 2270/2776/912 2273/2775/910 2275/2941/945 2272/2940/860
f 2664/3288/1009 2295/2766/1143 2293/2763/1160 2666/3289/1159
f 2666/3289/1159 2293/2763/1160 2294/2758/1161 2665/3290/868
f 2665/3290/868 2294/2758/1161 2296/2761/1093 2663/2907/869
f 2668/3291/982 2279/2755/981 2277/2752/1158 2670/3292/1192
f 2670/3292/1192 2277/2752/1158 2278/2747/1179 2669/3293/893
f 2669/3293/893 2278/2747/1179 2280/2750/1091 2667/3132/1072
f 2672/3294/931 2263/2744/1141 2662/2738/1153 2674/3295/925
f 2674/3295/925 2662/2738/1153 2262/2741/1154 2673/3296/920
f 2673/3296/920 2262/2741/1154 2264/2797/1087 2671/3127/921
f 2676/3297/915 2664/3288/1009 2666/3289/1159 2678/3298/909
f 2678/3298/909 2666/3289/1159 2665/3290/868 2677/3299/867
f 2677/3299/867 2665/3290/868 2663/2907/869 2675/2906/870
f 2680/3300/944 2668/3291/982 2670/3292/1192 2682/3301/891
f 2682/3301/891 2670/3292/1192 2669/3293/893 2681/3302/894
f 2681/3302/894 2669/3293/893 2667/3132/1072 2679/3126/943
f 2684/3303/930 2672/3294/931 2674/3295/925 2686/3304/924
f 2686/3304/924 2674/3295/925 2673/3296/920 2685/3305/919
f 2685/3305/919 2673/3296/920 2671/3127/921 2683/2904/922
f 2276/2799/914 2676/3297/915 2678/3298/909 2274/2774/908
f 2274/2774/908 2678/3298/909 2677/3299/867 2273/2775/910
f 2273/2775/910 2677/3299/867 2675/2906/870 2275/2941/945
f 2688/3306/937 2680/3300/944 2682/3301/891 2690/3307/933
f 2690/3307/933 2682/3301/891 2681/3302/894 2689/3308/927
f 2689/3308/927 2681/3302/894 2679/3126/943 2687/3125/928
f 2692/3309/942 2684/3303/930 2686/3304/924 2694/3310/941
f 2694/3310/941 2686/3304/924 2685/3305/919 2693/3311/939
f 2693/3311/939 2685/3305/919 2683/2904/922 2691/2903/852
f 2696/3312/936 2688/3306/937 2690/3307/933 2698/3313/932
f 2698/3313/932 2690/3307/933 2689/3308/927 2697/3314/1193
f 2697/3314/1193 2689/3308/927 2687/3125/928 2695/3121/1189
f 2268/2745/862 2271/2798/861 2269/2773/917 2266/2739/916
f 2266/2739/916 2269/2773/917 2270/2776/912 2265/2740/911
f 2265/2740/911 2270/2776/912 2272/2940/860 2267/2796/859
f 2700/3315/940 2692/3309/942 2694/3310/941 2702/3316/938
f 2702/3316/938 2694/3310/941 2693/3311/939 2701/3317/934
f 2701/3317/934 2693/3311/939 2691/2903/852 2699/2902/851
f 2704/3318/929 2696/3312/936 2698/3313/932 2706/3319/923
f 2706/3319/923 2698/3313/932 2697/3314/1193 2705/3320/918
f 2705/3320/918 2697/3314/1193 2695/3121/1189 2703/3120/848
f 2708/3321/935 2700/3315/940 2702/3316/938 2710/3322/913
f 2710/3322/913 2702/3316/938 2701/3317/934 2709/3323/727
f 2709/3323/727 2701/3317/934 2699/2902/851 2707/2901/728
f 2712/3324/722 2704/3318/929 2706/3319/923 2714/3325/719
f 2714/3325/719 2706/3319/923 2705/3320/918 2713/3326/713
f 2713/3326/713 2705/3320/918 2703/3120/848 2711/3122/714
f 2716/3327/710 2708/3321/935 2710/3322/913 2718/3328/709
f 2718/3328/709 2710/3322/913 2709/3323/727 2717/3329/705
f 2717/3329/705 2709/3323/727 2707/2901/728 2715/3115/706
f 2720/3330/702 2712/3324/722 2714/3325/719 2722/3331/696
f 2722/3331/696 2714/3325/719 2713/3326/713 2721/3332/690
f 2721/3332/690 2713/3326/713 2711/3122/714 2719/2899/691
f 2724/3333/686 2716/3327/710 2718/3328/709 2726/3334/680
f 2726/3334/680 2718/3328/709 2717/3329/705 2725/3335/672
f 2725/3335/672 2717/3329/705 2715/3115/706 2723/3114/673
f 2728/3336/701 2720/3330/702 2722/3331/696 2730/3337/695
f 2730/3337/695 2722/3331/696 2721/3332/690 2729/3338/689
f 2729/3338/689 2721/3332/690 2719/2899/691 2727/2898/692
f 2732/3339/685 2724/3333/686 2726/3334/680 2734/3340/679
f 2734/3340/679 2726/3334/680 2725/3335/672 2733/3341/671
f 2733/3341/671 2725/3335/672 2723/3114/673 2731/3119/674
f 2736/3342/708 2728/3336/701 2730/3337/695 2738/3343/704
f 2738/3343/704 2730/3337/695 2729/3338/689 2737/3344/698
f 2737/3344/698 2729/3338/689 2727/2898/692 2735/3124/699
f 2740/3345/694 2732/3339/685 2734/3340/679 2742/3346/688
f 2742/3346/688 2734/3340/679 2733/3341/671 2741/3347/682
f 2741/3347/682 2733/3341/671 2731/3119/674 2739/3118/683
f 2308/2786/707 2736/3342/708 2738/3343/704 2306/2779/703
f 2306/2779/703 2738/3343/704 2737/3344/698 2305/2770/697
f 2305/2770/697 2737/3344/698 2735/3124/699 2307/2771/700
f 2292/2792/693 2740/3345/694 2742/3346/688 2290/2788/687
f 2290/2788/687 2742/3346/688 2741/3347/682 2289/2781/681
f 2289/2781/681 2741/3347/682 2739/3118/683 2291/2782/684
f 2300/2767/675 2303/2785/676 2301/2778/677 2298/2764/678
f 2298/2764/678 2301/2778/677 2302/2769/724 2297/2759/1180
f 2297/2759/1180 2302/2769/724 2304/2772/725 2299/2760/726
f 2284/2756/720 2287/2791/721 2285/2787/716 2282/2753/715
f 2282/2753/715 2285/2787/716 2286/2780/717 2281/2748/718
f 2281/2748/718 2286/2780/717 2288/2783/729 2283/2749/730
f 2389/3123/711 2381/3010/712 2307/2771/700 2735/3124/699
