# Blender 4.2.3 LTS
# www.blender.org
mtllib Vettora Dining Table & Chair.mtl
o Vettora_Dining_Table_CHAIR
v -0.249658 0.600882 -0.165294
v -0.252361 0.595209 -0.183875
v -0.248820 0.586612 -0.180242
v -0.248789 0.592118 -0.164741
v -0.248099 0.602011 -0.160157
v -0.250353 0.622478 -0.170238
v -0.254384 0.617471 -0.190630
v -0.248872 0.589297 -0.200001
v -0.247849 0.581384 -0.194949
v -0.247523 0.584608 -0.180016
v -0.247536 0.589950 -0.165599
v -0.248097 0.593964 -0.159982
v -0.250055 0.603070 -0.159821
v -0.247853 0.623096 -0.164930
v -0.250734 0.660198 -0.179742
v -0.255000 0.656375 -0.200511
v -0.249845 0.611703 -0.208439
v -0.247361 0.588537 -0.202737
v -0.247195 0.581558 -0.197956
v -0.247267 0.579618 -0.193887
v -0.246993 0.584030 -0.179915
v -0.247088 0.589332 -0.165780
v -0.246543 0.592023 -0.160607
v -0.247892 0.592897 -0.159664
v -0.249664 0.594634 -0.159236
v -0.251777 0.603692 -0.159356
v -0.250085 0.624107 -0.164665
v -0.248301 0.660742 -0.174854
v -0.250659 0.698760 -0.190108
v -0.254660 0.695380 -0.209510
v -0.250319 0.651988 -0.218780
v -0.247652 0.610792 -0.211396
v -0.249785 0.588871 -0.202637
v -0.249381 0.581825 -0.197878
v -0.246863 0.579761 -0.196887
v -0.246714 0.579052 -0.193653
v -0.247340 0.583335 -0.179489
v -0.247847 0.588768 -0.165242
v -0.246384 0.591346 -0.160726
v -0.246835 0.591822 -0.159887
v -0.247062 0.592253 -0.159864
v -0.248016 0.592255 -0.159552
v -0.248829 0.593014 -0.159403
v -0.249639 0.593080 -0.159162
v -0.250949 0.594939 -0.158739
v -0.252600 0.604249 -0.158374
v -0.252230 0.624770 -0.164150
v -0.250447 0.661500 -0.174643
v -0.248614 0.699200 -0.185856
v -0.250805 0.730897 -0.199449
v -0.253964 0.727311 -0.216470
v -0.250289 0.691316 -0.226869
v -0.248211 0.651288 -0.221697
v -0.250375 0.611108 -0.211346
v -0.251302 0.588745 -0.203683
v -0.250703 0.581564 -0.198877
v -0.249023 0.579985 -0.197218
v -0.246682 0.579009 -0.196603
v -0.246630 0.578269 -0.193356
v -0.247278 0.582367 -0.179288
v -0.247798 0.587675 -0.165077
v -0.246464 0.590755 -0.160867
v -0.247751 0.591441 -0.159523
v -0.249713 0.592236 -0.159085
v -0.250774 0.593231 -0.158626
v -0.251542 0.595346 -0.157928
v -0.252068 0.605112 -0.156764
v -0.253326 0.625358 -0.162999
v -0.252751 0.662169 -0.173986
v -0.250758 0.699854 -0.185784
v -0.249138 0.731642 -0.195887
v -0.251050 0.749645 -0.206489
v -0.253786 0.745769 -0.220563
v -0.249761 0.723704 -0.232245
v -0.248461 0.690651 -0.229679
v -0.250823 0.651608 -0.221706
v -0.252145 0.610965 -0.212411
v -0.251724 0.588468 -0.205329
v -0.251048 0.581261 -0.200525
v -0.250204 0.579663 -0.198273
v -0.248752 0.579212 -0.197347
v -0.246686 0.578554 -0.196357
v -0.246526 0.577501 -0.193099
v -0.246675 0.581677 -0.179080
v -0.247436 0.586714 -0.165159
v -0.246473 0.589973 -0.160928
v -0.247730 0.590910 -0.159952
v -0.249363 0.591322 -0.159099
v -0.250017 0.591704 -0.158888
v -0.250284 0.592282 -0.158838
v -0.250520 0.592430 -0.158496
v -0.251068 0.596309 -0.156354
v -0.249739 0.605781 -0.155385
v -0.252921 0.626148 -0.161240
v -0.253904 0.662880 -0.172700
v -0.253119 0.700550 -0.185029
v -0.251249 0.732068 -0.196064
v -0.249107 0.750947 -0.203512
v -0.250385 0.761200 -0.213443
v -0.252379 0.758654 -0.224051
v -0.249836 0.743068 -0.234253
v -0.248078 0.723115 -0.235011
v -0.251098 0.690952 -0.229753
v -0.252729 0.651493 -0.222838
v -0.252719 0.610752 -0.214130
v -0.251115 0.588324 -0.206848
v -0.250531 0.581232 -0.202195
v -0.250432 0.579309 -0.199763
v -0.249817 0.578929 -0.198405
v -0.248883 0.578746 -0.196797
v -0.246729 0.577917 -0.196129
v -0.245831 0.576925 -0.192763
v -0.245048 0.582007 -0.178354
v -0.244774 0.585042 -0.169814
v -0.245941 0.587092 -0.164137
v -0.246588 0.587974 -0.161941
v -0.246560 0.588776 -0.161066
v -0.247720 0.590174 -0.160060
v -0.249397 0.590722 -0.159498
v -0.250133 0.591455 -0.158664
v -0.249680 0.593130 -0.157407
v -0.248886 0.597207 -0.154965
v -0.242268 0.605848 -0.154994
v -0.250607 0.626781 -0.159705
v -0.253426 0.663757 -0.171033
v -0.254259 0.701322 -0.183602
v -0.253569 0.732761 -0.195350
v -0.251396 0.751418 -0.203746
v -0.248324 0.762559 -0.210969
v -0.248759 0.767230 -0.219625
v -0.248607 0.767582 -0.226604
v -0.249391 0.756254 -0.234163
v -0.247785 0.742847 -0.237017
v -0.250927 0.723435 -0.235127
v -0.253136 0.690850 -0.230889
v -0.253413 0.651293 -0.224641
v -0.252063 0.610832 -0.215943
v -0.249092 0.588216 -0.208416
v -0.248623 0.581254 -0.203660
v -0.249946 0.579265 -0.201096
v -0.249955 0.578595 -0.199563
v -0.250129 0.578367 -0.197850
v -0.248875 0.577929 -0.196298
v -0.246646 0.576563 -0.195546
v -0.245640 0.576189 -0.194950
v -0.244309 0.576701 -0.193233
v -0.243393 0.582240 -0.177735
v -0.244437 0.587600 -0.162391
v -0.245258 0.587234 -0.163595
v -0.245559 0.588029 -0.161190
v -0.246069 0.588019 -0.161559
v -0.246241 0.588219 -0.160874
v -0.247673 0.588932 -0.160068
v -0.249361 0.590007 -0.159589
v -0.250200 0.590753 -0.158884
v -0.249214 0.592162 -0.157777
v -0.247254 0.593978 -0.156287
v -0.241604 0.597647 -0.154354
v -0.223687 0.605036 -0.156689
v -0.242965 0.626945 -0.159398
v -0.251116 0.664316 -0.169283
v -0.253654 0.702226 -0.181915
v -0.254630 0.733609 -0.193908
v -0.253619 0.752279 -0.203173
v -0.251157 0.763222 -0.211113
v -0.247337 0.768781 -0.219062
v -0.246672 0.769709 -0.227083
v -0.248157 0.764105 -0.232146
v -0.247214 0.756180 -0.236678
v -0.250767 0.743258 -0.237148
v -0.253088 0.723441 -0.236191
v -0.253964 0.690653 -0.232683
v -0.252767 0.651350 -0.226533
v -0.249803 0.610958 -0.217986
v -0.241932 0.587912 -0.211518
v -0.241604 0.580933 -0.205480
v -0.248209 0.579294 -0.202181
v -0.249456 0.578512 -0.200244
v -0.250366 0.577925 -0.199184
v -0.249995 0.577271 -0.197269
v -0.248542 0.576427 -0.195881
v -0.247371 0.576007 -0.195606
v -0.246458 0.576143 -0.195353
v -0.246256 0.575904 -0.195255
v -0.245281 0.576092 -0.194886
v -0.245120 0.576016 -0.194940
v -0.244128 0.576189 -0.194750
v -0.244190 0.576125 -0.195037
v -0.243339 0.576264 -0.194729
v -0.242764 0.577121 -0.192296
v -0.239409 0.582355 -0.178048
v -0.239070 0.587580 -0.163353
v -0.243484 0.588401 -0.160085
v -0.245416 0.588088 -0.160352
v -0.247456 0.588220 -0.159979
v -0.249142 0.588796 -0.159520
v -0.250143 0.589974 -0.158911
v -0.249326 0.591425 -0.157655
v -0.246752 0.592999 -0.156944
v -0.240959 0.594663 -0.155382
v -0.222414 0.597479 -0.155673
v -0.194647 0.605297 -0.157427
v -0.225213 0.626053 -0.161254
v -0.243765 0.664027 -0.168880
v -0.251220 0.702814 -0.180224
v -0.253877 0.734471 -0.192304
v -0.254549 0.753408 -0.201990
v -0.253357 0.764301 -0.210779
v -0.250862 0.769518 -0.219149
v -0.250644 0.770471 -0.227153
v -0.246722 0.765121 -0.233218
v -0.250654 0.756696 -0.236815
v -0.252990 0.743606 -0.238030
v -0.253940 0.723336 -0.237885
v -0.253529 0.690674 -0.234575
v -0.250346 0.651433 -0.228739
v -0.242411 0.610731 -0.222202
v -0.224794 0.587567 -0.215046
v -0.224334 0.580564 -0.207388
v -0.241255 0.579000 -0.203444
v -0.247890 0.578511 -0.200767
v -0.249823 0.577766 -0.200082
v -0.250160 0.576657 -0.198698
v -0.249290 0.575829 -0.196781
v -0.247695 0.575563 -0.195773
v -0.247007 0.575457 -0.195600
v -0.246138 0.575766 -0.195241
v -0.246015 0.575717 -0.195314
v -0.245200 0.575922 -0.195126
v -0.245567 0.575769 -0.195461
v -0.244431 0.576052 -0.195380
v -0.244916 0.575874 -0.195680
v -0.243789 0.576082 -0.195513
v -0.243463 0.576166 -0.195133
v -0.242913 0.576066 -0.195383
v -0.239770 0.577129 -0.192253
v -0.222010 0.582159 -0.178232
v -0.220722 0.587372 -0.164091
v -0.238854 0.588922 -0.159969
v -0.243981 0.588499 -0.159130
v -0.246816 0.588153 -0.159319
v -0.248819 0.588145 -0.159508
v -0.249799 0.588780 -0.158881
v -0.249245 0.590346 -0.157513
v -0.246831 0.592274 -0.156556
v -0.240743 0.593468 -0.156541
v -0.221861 0.594389 -0.156353
v -0.194232 0.598424 -0.158670
v -0.157054 0.605903 -0.162362
v -0.195865 0.626358 -0.160418
v -0.226484 0.663105 -0.170920
v -0.244068 0.702688 -0.179711
v -0.251238 0.735025 -0.190982
v -0.253725 0.754528 -0.200692
v -0.254180 0.765736 -0.210096
v -0.253086 0.770691 -0.219016
v -0.252896 0.771640 -0.227228
v -0.250592 0.765796 -0.233335
v -0.252903 0.757454 -0.237402
v -0.253868 0.743912 -0.239498
v -0.253229 0.723332 -0.239709
v -0.250721 0.690701 -0.236676
v -0.242868 0.651135 -0.233590
v -0.225472 0.610281 -0.226784
v -0.195525 0.587092 -0.218503
v -0.195222 0.579987 -0.209892
v -0.224096 0.578546 -0.204921
v -0.241041 0.578374 -0.201795
v -0.248110 0.577723 -0.200759
v -0.249719 0.576572 -0.199789
v -0.249244 0.575256 -0.198020
v -0.247503 0.575218 -0.196070
v -0.246618 0.575486 -0.195589
v -0.245914 0.575606 -0.195825
v -0.245937 0.575485 -0.196102
v -0.244388 0.575767 -0.196080
v -0.243632 0.575775 -0.196106
v -0.243171 0.575763 -0.195982
v -0.243779 0.575412 -0.196605
v -0.242589 0.575697 -0.195853
v -0.239912 0.575923 -0.195275
v -0.223284 0.576948 -0.192334
v -0.193749 0.580411 -0.180988
v -0.193106 0.585576 -0.168078
v -0.220460 0.588575 -0.160850
v -0.238968 0.589287 -0.158460
v -0.245874 0.588864 -0.157483
v -0.248299 0.588092 -0.159068
v -0.249310 0.588262 -0.158969
v -0.248789 0.589117 -0.157701
v -0.246710 0.590898 -0.156251
v -0.240716 0.592730 -0.156166
v -0.221740 0.593079 -0.157529
v -0.193901 0.594786 -0.159879
v -0.156658 0.599285 -0.163725
v -0.115430 0.606608 -0.166999
v -0.157508 0.627034 -0.162514
v -0.196897 0.663990 -0.169309
v -0.227268 0.701550 -0.182111
v -0.243827 0.734814 -0.190692
v -0.251060 0.755241 -0.199718
v -0.253354 0.767189 -0.209394
v -0.253846 0.772244 -0.218823
v -0.253636 0.773118 -0.227513
v -0.252850 0.766831 -0.233669
v -0.253738 0.758285 -0.238507
v -0.253074 0.744169 -0.241195
v -0.250627 0.723257 -0.241689
v -0.242888 0.690331 -0.240826
v -0.225832 0.650404 -0.238746
v -0.195923 0.609546 -0.231063
v -0.157448 0.586541 -0.221378
v -0.157300 0.579428 -0.212024
v -0.194988 0.577913 -0.207369
v -0.224013 0.578025 -0.203023
v -0.241131 0.577587 -0.201715
v -0.248119 0.576668 -0.200615
v -0.248896 0.575103 -0.198925
v -0.247344 0.575023 -0.196742
v -0.244666 0.575424 -0.196584
v -0.245432 0.575000 -0.197197
v -0.244846 0.574941 -0.197401
v -0.246011 0.574621 -0.198226
v -0.243602 0.574925 -0.197543
v -0.240128 0.575319 -0.196634
v -0.223479 0.575745 -0.195826
v -0.194374 0.575355 -0.194032
v -0.156338 0.578476 -0.184834
v -0.156105 0.584817 -0.174038
v -0.192972 0.587018 -0.165455
v -0.220555 0.588769 -0.159330
v -0.239822 0.589174 -0.156886
v -0.246221 0.589567 -0.156668
v -0.248427 0.588495 -0.158188
v -0.240524 0.591303 -0.155776
v -0.221605 0.592364 -0.157114
v -0.193687 0.592957 -0.160092
v -0.156592 0.594702 -0.165383
v -0.115264 0.600234 -0.168427
v -0.073856 0.606855 -0.170890
v -0.115536 0.627543 -0.165341
v -0.158443 0.663831 -0.172999
v -0.197483 0.701363 -0.182558
v -0.227351 0.733243 -0.193299
v -0.243556 0.754968 -0.199831
v -0.250699 0.768133 -0.209012
v -0.253047 0.773803 -0.218787
v -0.252864 0.774524 -0.228110
v -0.253624 0.768074 -0.234399
v -0.252953 0.758948 -0.239955
v -0.250462 0.744189 -0.243027
v -0.243045 0.722675 -0.245469
v -0.226017 0.689620 -0.246183
v -0.196433 0.649371 -0.244429
v -0.157627 0.608396 -0.234295
v -0.115725 0.586036 -0.223389
v -0.115658 0.578815 -0.213019
v -0.157099 0.577289 -0.209513
v -0.194906 0.577446 -0.205320
v -0.223999 0.577236 -0.202829
v -0.241109 0.576555 -0.201450
v -0.247554 0.575168 -0.199570
v -0.247097 0.574724 -0.197581
v -0.240531 0.574713 -0.198900
v -0.223548 0.575180 -0.197677
v -0.194481 0.574112 -0.197427
v -0.156589 0.573470 -0.196333
v -0.115067 0.578009 -0.187394
v -0.114852 0.584384 -0.177827
v -0.156042 0.586510 -0.171483
v -0.193022 0.587619 -0.164293
v -0.220961 0.588546 -0.157439
v -0.240159 0.589800 -0.156192
v -0.221352 0.590945 -0.156618
v -0.193615 0.592135 -0.160208
v -0.156570 0.593351 -0.165938
v -0.115128 0.595406 -0.170067
v -0.073711 0.600283 -0.171795
v -0.035949 0.606262 -0.170341
v -0.073792 0.627676 -0.168008
v -0.116363 0.663954 -0.176371
v -0.159788 0.698704 -0.191442
v -0.198021 0.731840 -0.196858
v -0.226723 0.753148 -0.202939
v -0.242820 0.767851 -0.209812
v -0.250403 0.774806 -0.219072
v -0.250234 0.775357 -0.229017
v -0.252853 0.769179 -0.235493
v -0.250335 0.759197 -0.241595
v -0.242972 0.743545 -0.246271
v -0.226219 0.721468 -0.250946
v -0.196651 0.688383 -0.253045
v -0.157943 0.648005 -0.248828
v -0.115789 0.607198 -0.236372
v -0.074186 0.585717 -0.224767
v -0.074156 0.578343 -0.213536
v -0.115552 0.576680 -0.210346
v -0.157025 0.576773 -0.207533
v -0.194872 0.576633 -0.205043
v -0.223926 0.576215 -0.202477
v -0.240852 0.575316 -0.200199
v -0.223741 0.574669 -0.200101
v -0.194525 0.573796 -0.199417
v -0.156647 0.572106 -0.199458
v -0.115301 0.572734 -0.197593
v -0.073836 0.578024 -0.188215
v -0.073592 0.584581 -0.179360
v -0.114792 0.586340 -0.175416
v -0.156081 0.587428 -0.170154
v -0.193302 0.588509 -0.162438
v -0.221125 0.589296 -0.156887
v -0.193531 0.590732 -0.160724
v -0.156555 0.592528 -0.166209
v -0.115099 0.594086 -0.170499
v -0.073630 0.595706 -0.173014
v -0.035823 0.599852 -0.171425
v -0.000040 0.605595 -0.172546
v -0.035868 0.627220 -0.170338
v -0.074435 0.664203 -0.177927
v -0.117290 0.699983 -0.192379
v -0.160331 0.728585 -0.205634
v -0.198034 0.749870 -0.209597
v -0.225812 0.765862 -0.213254
v -0.242104 0.774482 -0.220575
v -0.241761 0.774863 -0.231154
v -0.250231 0.769760 -0.236837
v -0.242548 0.758569 -0.244481
v -0.226378 0.742041 -0.251061
v -0.196792 0.719419 -0.257756
v -0.158224 0.686128 -0.258778
v -0.115853 0.646572 -0.252296
v -0.074127 0.606392 -0.238905
v -0.036418 0.585217 -0.225659
v -0.036272 0.577908 -0.213650
v -0.074136 0.576184 -0.210665
v -0.115512 0.576178 -0.208384
v -0.156994 0.575919 -0.207301
v -0.194790 0.575528 -0.204567
v -0.223822 0.575200 -0.201297
v -0.194635 0.574117 -0.202136
v -0.156685 0.571955 -0.201362
v -0.115366 0.571277 -0.200425
v -0.074098 0.572659 -0.197836
v -0.035991 0.577885 -0.188441
v -0.035774 0.584437 -0.179710
v -0.073530 0.586590 -0.177172
v -0.114822 0.587569 -0.174082
v -0.156337 0.588759 -0.168424
v -0.193404 0.589179 -0.161569
v -0.156495 0.591124 -0.166689
v -0.115109 0.593235 -0.170726
v -0.073626 0.594401 -0.173310
v -0.035769 0.595352 -0.172554
v -0.000026 0.599344 -0.171558
v 0.035876 0.606016 -0.170316
v 0.000031 0.626265 -0.175640
v -0.036397 0.664027 -0.178626
v -0.075165 0.699466 -0.195177
v -0.117832 0.727981 -0.209308
v -0.159663 0.747673 -0.215315
v -0.196733 0.762511 -0.219396
v -0.225073 0.772361 -0.224215
v -0.224795 0.772686 -0.234995
v -0.242009 0.769191 -0.239383
v -0.225852 0.756783 -0.248825
v -0.196652 0.739301 -0.258294
v -0.158400 0.716778 -0.264154
v -0.115969 0.684174 -0.263275
v -0.073985 0.645126 -0.255229
v -0.036249 0.605836 -0.240222
v -0.000000 0.585072 -0.225952
v -0.000000 0.577636 -0.213594
v -0.036240 0.575777 -0.210599
v -0.074128 0.575727 -0.208668
v -0.115498 0.575317 -0.208151
v -0.156919 0.574636 -0.206734
v -0.194696 0.574612 -0.203336
v -0.156760 0.573131 -0.204003
v -0.115389 0.571139 -0.202183
v -0.074173 0.571198 -0.200475
v -0.036219 0.572466 -0.197902
v -0.000000 0.577671 -0.188632
v -0.000005 0.584247 -0.179913
v -0.035716 0.586525 -0.177645
v -0.073533 0.587816 -0.175953
v -0.114992 0.589240 -0.172572
v -0.156420 0.589605 -0.167602
v -0.115081 0.591834 -0.171169
v -0.073628 0.593542 -0.173328
v -0.035769 0.594106 -0.173007
v -0.000024 0.594791 -0.172103
v 0.035776 0.599578 -0.171185
v 0.073782 0.606441 -0.169844
v 0.035886 0.626963 -0.170027
v 0.000413 0.663774 -0.178345
v -0.036995 0.698704 -0.196929
v -0.075816 0.725747 -0.214174
v -0.117598 0.744590 -0.221834
v -0.158819 0.758731 -0.226510
v -0.195923 0.768507 -0.230424
v -0.195585 0.769278 -0.241271
v -0.225161 0.767166 -0.243435
v -0.196219 0.753568 -0.255913
v -0.158342 0.736310 -0.265408
v -0.116120 0.714471 -0.269262
v -0.073920 0.682382 -0.266463
v -0.036102 0.644144 -0.256892
v -0.000000 0.605707 -0.240652
v 0.036419 0.585217 -0.225659
v 0.036273 0.577908 -0.213650
v -0.000000 0.575499 -0.210483
v -0.036237 0.575347 -0.208581
v -0.074131 0.574878 -0.208400
v -0.115462 0.573986 -0.207517
v -0.156819 0.573598 -0.205253
v -0.115386 0.572501 -0.204644
v -0.074189 0.570998 -0.202184
v -0.036285 0.570997 -0.200469
v -0.000000 0.572228 -0.198086
v 0.035992 0.577885 -0.188441
v 0.035766 0.584306 -0.179612
v -0.000006 0.586379 -0.177828
v -0.035712 0.587823 -0.176549
v -0.073612 0.589443 -0.174603
v -0.115045 0.590231 -0.171906
v -0.073624 0.592105 -0.173485
v -0.035769 0.593314 -0.173323
v -0.000014 0.593603 -0.172652
v 0.035740 0.595064 -0.172228
v 0.073653 0.599946 -0.171175
v 0.115432 0.606320 -0.166988
v 0.073824 0.627408 -0.168369
v 0.036716 0.661856 -0.184390
v 0.000076 0.695968 -0.200720
v -0.037552 0.724609 -0.216415
v -0.075598 0.741788 -0.227053
v -0.116793 0.754612 -0.233490
v -0.158220 0.764005 -0.237810
v -0.157835 0.765516 -0.248661
v -0.195756 0.763809 -0.250109
v -0.158215 0.749941 -0.263339
v -0.116302 0.733682 -0.271122
v -0.074024 0.712600 -0.273473
v -0.036038 0.681074 -0.268551
v -0.000000 0.643756 -0.257613
v 0.036250 0.605836 -0.240222
v 0.074187 0.585717 -0.224767
v 0.074157 0.578343 -0.213536
v 0.036241 0.575777 -0.210599
v -0.000000 0.575081 -0.208472
v -0.036241 0.574504 -0.208290
v -0.074131 0.573580 -0.207738
v -0.115411 0.572936 -0.205902
v -0.074137 0.572186 -0.204882
v -0.036297 0.570768 -0.202155
v -0.000000 0.570752 -0.200638
v 0.036220 0.572466 -0.197902
v 0.073837 0.578024 -0.188215
v 0.073585 0.584444 -0.179261
v 0.035704 0.586387 -0.177542
v -0.000008 0.587715 -0.176708
v -0.035767 0.589489 -0.175352
v -0.073626 0.590436 -0.174003
v -0.035769 0.592020 -0.173943
v -0.000012 0.592830 -0.173001
v 0.035751 0.593826 -0.172689
v 0.073587 0.595443 -0.172641
v 0.115243 0.599915 -0.168251
v 0.157091 0.605801 -0.162659
v 0.115570 0.627297 -0.166237
v 0.074305 0.663893 -0.178495
v 0.037065 0.699151 -0.196487
v -0.000001 0.723234 -0.218322
v -0.037365 0.739964 -0.230155
v -0.074746 0.751485 -0.238854
v -0.116320 0.759803 -0.244923
v -0.116077 0.761809 -0.255812
v -0.157944 0.760014 -0.257562
v -0.116410 0.746719 -0.269718
v -0.074398 0.731389 -0.275345
v -0.036095 0.711057 -0.276220
v -0.000000 0.680445 -0.269379
v 0.036103 0.644144 -0.256892
v 0.074128 0.606393 -0.238905
v 0.115726 0.586036 -0.223389
v 0.115659 0.578815 -0.213019
v 0.074137 0.576184 -0.210665
v 0.036238 0.575347 -0.208581
v -0.000000 0.574238 -0.208178
v -0.036245 0.573218 -0.207627
v -0.074129 0.572593 -0.206174
v -0.036247 0.571878 -0.204951
v -0.000000 0.570520 -0.202306
v 0.036286 0.570997 -0.200469
v 0.074099 0.572659 -0.197836
v 0.115068 0.578009 -0.187394
v 0.114845 0.584217 -0.177720
v 0.073518 0.586424 -0.177049
v 0.035697 0.587679 -0.176441
v -0.000009 0.589292 -0.175427
v -0.035775 0.590474 -0.174760
v -0.000012 0.591617 -0.173747
v 0.035748 0.593051 -0.173032
v 0.073603 0.594148 -0.172976
v 0.115099 0.595066 -0.169802
v 0.156682 0.599157 -0.163863
v 0.194651 0.605273 -0.157561
v 0.157489 0.626938 -0.162793
v 0.116209 0.664187 -0.175463
v 0.075255 0.699117 -0.195837
v 0.037546 0.724720 -0.216382
v -0.000010 0.739505 -0.231054
v -0.036607 0.749529 -0.241940
v -0.074231 0.756795 -0.250300
v -0.074033 0.759540 -0.260997
v -0.116233 0.756400 -0.264402
v -0.074622 0.744320 -0.274298
v -0.036360 0.729541 -0.278345
v -0.000000 0.710142 -0.277064
v 0.036039 0.681074 -0.268551
v 0.073986 0.645126 -0.255229
v 0.115790 0.607198 -0.236372
v 0.157449 0.586541 -0.221378
v 0.157301 0.579428 -0.212024
v 0.115553 0.576680 -0.210346
v 0.074129 0.575727 -0.208668
v 0.036242 0.574504 -0.208290
v -0.000000 0.572950 -0.207537
v -0.036237 0.572265 -0.206234
v -0.000000 0.571629 -0.205080
v 0.036298 0.570768 -0.202155
v 0.074174 0.571198 -0.200475
v 0.115302 0.572734 -0.197593
v 0.156339 0.578476 -0.184835
v 0.156100 0.584688 -0.173967
v 0.114780 0.586123 -0.175274
v 0.073518 0.587633 -0.175813
v 0.035750 0.589322 -0.175216
v -0.000011 0.590182 -0.174722
v 0.035749 0.591795 -0.173716
v 0.073606 0.593293 -0.173038
v 0.115086 0.593754 -0.170240
v 0.156603 0.594544 -0.165430
v 0.194238 0.598377 -0.158693
v 0.223685 0.605036 -0.156689
v 0.195854 0.626351 -0.160431
v 0.158351 0.663938 -0.172470
v 0.117450 0.698118 -0.195520
v 0.075774 0.725947 -0.214056
v 0.037345 0.740101 -0.230094
v -0.000009 0.748793 -0.243095
v -0.036201 0.754981 -0.253261
v -0.036100 0.757913 -0.263887
v -0.074342 0.754048 -0.269338
v -0.036574 0.742562 -0.277288
v -0.000000 0.728460 -0.279686
v 0.036096 0.711057 -0.276220
v 0.073921 0.682382 -0.266463
v 0.115854 0.646572 -0.252296
v 0.157628 0.608396 -0.234295
v 0.195525 0.587092 -0.218503
v 0.195225 0.579987 -0.209892
v 0.157100 0.577289 -0.209513
v 0.115513 0.576178 -0.208384
v 0.074132 0.574878 -0.208400
v 0.036246 0.573218 -0.207627
v -0.000000 0.572006 -0.206327
v 0.036248 0.571878 -0.204951
v 0.074190 0.570998 -0.202184
v 0.115367 0.571277 -0.200425
v 0.156590 0.573470 -0.196333
v 0.193745 0.580411 -0.180988
v 0.193104 0.585563 -0.168073
v 0.156034 0.586358 -0.171402
v 0.114806 0.587323 -0.173919
v 0.073594 0.589230 -0.174428
v 0.035756 0.590289 -0.174597
v 0.073602 0.591864 -0.173247
v 0.115084 0.592912 -0.170473
v 0.156582 0.593192 -0.165974
v 0.193889 0.594695 -0.159756
v 0.222415 0.597479 -0.155673
v 0.242265 0.605848 -0.154994
v 0.225215 0.626053 -0.161254
v 0.196873 0.663935 -0.169518
v 0.159258 0.700187 -0.188094
v 0.117930 0.727344 -0.210227
v 0.075584 0.741892 -0.227044
v 0.036585 0.749661 -0.241876
v -0.000004 0.754351 -0.254380
v -0.000000 0.757152 -0.265066
v -0.036362 0.752370 -0.272279
v -0.000000 0.741486 -0.278638
v 0.036361 0.729541 -0.278345
v 0.074025 0.712600 -0.273473
v 0.115970 0.684174 -0.263275
v 0.157944 0.648005 -0.248828
v 0.195925 0.609546 -0.231063
v 0.224795 0.587567 -0.215046
v 0.224335 0.580564 -0.207388
v 0.194985 0.577913 -0.207369
v 0.157026 0.576773 -0.207533
v 0.115499 0.575317 -0.208151
v 0.074132 0.573580 -0.207738
v 0.036238 0.572265 -0.206234
v 0.074138 0.572186 -0.204882
v 0.115390 0.571140 -0.202183
v 0.156648 0.572106 -0.199458
v 0.194375 0.575355 -0.194032
v 0.222015 0.582159 -0.178232
v 0.220725 0.587372 -0.164091
v 0.192977 0.586980 -0.165436
v 0.156072 0.587259 -0.170063
v 0.114972 0.588964 -0.172381
v 0.073606 0.590210 -0.173809
v 0.115056 0.591522 -0.170934
v 0.156552 0.592359 -0.166191
v 0.193680 0.592877 -0.160048
v 0.221865 0.594389 -0.156353
v 0.241605 0.597647 -0.154354
v 0.249735 0.605781 -0.155385
v 0.242965 0.626945 -0.159398
v 0.226485 0.663105 -0.170920
v 0.197518 0.701578 -0.181945
v 0.160153 0.728977 -0.204436
v 0.117616 0.744525 -0.221947
v 0.074725 0.751654 -0.238780
v 0.036196 0.754973 -0.253262
v 0.036101 0.757913 -0.263887
v -0.000000 0.751468 -0.273548
v 0.036575 0.742562 -0.277288
v 0.074399 0.731389 -0.275345
v 0.116121 0.714471 -0.269262
v 0.158225 0.686128 -0.258778
v 0.196435 0.649371 -0.244429
v 0.225475 0.610281 -0.226784
v 0.241935 0.587912 -0.211518
v 0.241605 0.580933 -0.205480
v 0.224095 0.578546 -0.204921
v 0.194905 0.577446 -0.205320
v 0.156995 0.575919 -0.207301
v 0.115463 0.573986 -0.207517
v 0.074130 0.572593 -0.206174
v 0.115387 0.572501 -0.204644
v 0.156686 0.571955 -0.201362
v 0.194485 0.574112 -0.197427
v 0.223285 0.576948 -0.192334
v 0.239405 0.582355 -0.178048
v 0.239075 0.587581 -0.163353
v 0.220465 0.588575 -0.160850
v 0.193018 0.587562 -0.164264
v 0.156326 0.588568 -0.168320
v 0.115023 0.589937 -0.171697
v 0.156488 0.590939 -0.166614
v 0.193616 0.592058 -0.160184
v 0.221745 0.593079 -0.157529
v 0.240965 0.594663 -0.155382
v 0.248885 0.597207 -0.154965
v 0.252065 0.605112 -0.156764
v 0.250605 0.626781 -0.159705
v 0.243765 0.664027 -0.168880
v 0.227265 0.701550 -0.182111
v 0.197962 0.732088 -0.196230
v 0.159773 0.747134 -0.215801
v 0.116779 0.754733 -0.233429
v 0.074229 0.756802 -0.250296
v 0.074034 0.759540 -0.260997
v 0.036363 0.752370 -0.272279
v 0.074623 0.744320 -0.274298
v 0.116303 0.733682 -0.271122
v 0.158401 0.716778 -0.264154
v 0.196655 0.688383 -0.253045
v 0.225835 0.650404 -0.238746
v 0.242415 0.610731 -0.222202
v 0.249095 0.588216 -0.208416
v 0.248625 0.581254 -0.203660
v 0.241255 0.579000 -0.203444
v 0.224015 0.578025 -0.203023
v 0.194875 0.576633 -0.205043
v 0.156920 0.574636 -0.206734
v 0.115412 0.572936 -0.205902
v 0.156761 0.573131 -0.204003
v 0.194525 0.573796 -0.199417
v 0.223475 0.575745 -0.195826
v 0.239775 0.577129 -0.192253
v 0.243395 0.582240 -0.177735
v 0.244775 0.585042 -0.169814
v 0.244435 0.587600 -0.162391
v 0.238855 0.588922 -0.159969
v 0.220555 0.588769 -0.159330
v 0.193301 0.588431 -0.162399
v 0.156408 0.589406 -0.167495
v 0.193527 0.590650 -0.160688
v 0.221605 0.592364 -0.157114
v 0.240745 0.593468 -0.156541
v 0.247255 0.593978 -0.156287
v 0.251065 0.596309 -0.156354
v 0.252605 0.604249 -0.158374
v 0.252925 0.626148 -0.161240
v 0.251115 0.664316 -0.169283
v 0.244065 0.702688 -0.179711
v 0.227355 0.733243 -0.193299
v 0.197984 0.749906 -0.209292
v 0.158854 0.758616 -0.226561
v 0.116328 0.759766 -0.244930
v 0.116078 0.761809 -0.255812
v 0.074343 0.754048 -0.269338
v 0.116411 0.746719 -0.269718
v 0.158343 0.736310 -0.265408
v 0.196795 0.719419 -0.257756
v 0.226015 0.689620 -0.246184
v 0.242865 0.651135 -0.233590
v 0.249805 0.610958 -0.217986
v 0.251115 0.588324 -0.206848
v 0.250535 0.581232 -0.202194
v 0.248215 0.579294 -0.202181
v 0.241045 0.578374 -0.201795
v 0.223995 0.577236 -0.202829
v 0.194795 0.575528 -0.204567
v 0.156820 0.573598 -0.205253
v 0.194635 0.574117 -0.202136
v 0.223545 0.575180 -0.197677
v 0.239915 0.575923 -0.195275
v 0.242765 0.577121 -0.192296
v 0.245045 0.582007 -0.178354
v 0.245945 0.587092 -0.164137
v 0.245255 0.587234 -0.163595
v 0.245555 0.588029 -0.161190
v 0.245415 0.588088 -0.160352
v 0.243485 0.588401 -0.160085
v 0.238965 0.589287 -0.158460
v 0.220965 0.588546 -0.157439
v 0.193399 0.589092 -0.161523
v 0.221355 0.590944 -0.156618
v 0.240715 0.592730 -0.156166
v 0.246755 0.592999 -0.156944
v 0.249685 0.593130 -0.157407
v 0.251545 0.595346 -0.157928
v 0.251775 0.603692 -0.159356
v 0.253325 0.625358 -0.162999
v 0.253425 0.663757 -0.171033
v 0.251225 0.702814 -0.180224
v 0.243825 0.734814 -0.190692
v 0.226725 0.753148 -0.202939
v 0.196821 0.762130 -0.219625
v 0.158225 0.763992 -0.237812
v 0.157836 0.765516 -0.248661
v 0.116234 0.756400 -0.264401
v 0.158216 0.749941 -0.263339
v 0.196655 0.739301 -0.258294
v 0.226215 0.721468 -0.250946
v 0.242885 0.690331 -0.240826
v 0.250345 0.651433 -0.228739
v 0.252065 0.610832 -0.215943
v 0.251725 0.588468 -0.205329
v 0.251045 0.581261 -0.200525
v 0.249945 0.579265 -0.201096
v 0.247895 0.578511 -0.200767
v 0.241135 0.577587 -0.201715
v 0.223925 0.576215 -0.202477
v 0.194695 0.574612 -0.203336
v 0.223745 0.574669 -0.200101
v 0.240125 0.575319 -0.196634
v 0.242585 0.575697 -0.195853
v 0.242915 0.576066 -0.195383
v 0.243345 0.576264 -0.194729
v 0.244315 0.576701 -0.193233
v 0.246675 0.581677 -0.179080
v 0.247435 0.586714 -0.165159
v 0.246585 0.587974 -0.161941
v 0.246075 0.588019 -0.161559
v 0.246245 0.588219 -0.160874
v 0.246815 0.588153 -0.159319
v 0.243985 0.588499 -0.159130
v 0.239825 0.589174 -0.156886
v 0.221125 0.589296 -0.156887
v 0.240525 0.591303 -0.155776
v 0.246835 0.592274 -0.156556
v 0.249215 0.592162 -0.157777
v 0.250525 0.592430 -0.158496
v 0.250775 0.593231 -0.158626
v 0.250955 0.594939 -0.158739
v 0.250055 0.603070 -0.159821
v 0.252235 0.624770 -0.164150
v 0.253905 0.662880 -0.172700
v 0.253655 0.702226 -0.181915
v 0.251235 0.735025 -0.190982
v 0.243555 0.754968 -0.199831
v 0.225815 0.765862 -0.213254
v 0.195919 0.768525 -0.230421
v 0.195585 0.769278 -0.241271
v 0.157945 0.760014 -0.257562
v 0.196225 0.753568 -0.255913
v 0.226375 0.742042 -0.251061
v 0.243045 0.722675 -0.245469
v 0.250725 0.690701 -0.236676
v 0.252765 0.651350 -0.226533
v 0.252725 0.610752 -0.214130
v 0.251305 0.588745 -0.203683
v 0.250705 0.581564 -0.198877
v 0.250435 0.579309 -0.199763
v 0.249455 0.578512 -0.200244
v 0.248115 0.577723 -0.200759
v 0.241105 0.576555 -0.201450
v 0.223825 0.575200 -0.201297
v 0.240535 0.574713 -0.198900
v 0.243605 0.574925 -0.197543
v 0.243775 0.575412 -0.196605
v 0.243635 0.575775 -0.196106
v 0.244385 0.575767 -0.196080
v 0.243785 0.576082 -0.195513
v 0.243465 0.576166 -0.195133
v 0.244195 0.576125 -0.195037
v 0.244125 0.576189 -0.194750
v 0.245125 0.576016 -0.194940
v 0.245285 0.576092 -0.194886
v 0.246255 0.575904 -0.195255
v 0.245645 0.576189 -0.194950
v 0.245835 0.576925 -0.192763
v 0.247275 0.582367 -0.179288
v 0.247795 0.587675 -0.165077
v 0.246565 0.588776 -0.161066
v 0.247455 0.588220 -0.159979
v 0.248295 0.588092 -0.159068
v 0.245875 0.588864 -0.157483
v 0.240165 0.589800 -0.156192
v 0.246715 0.590898 -0.156251
v 0.249325 0.591425 -0.157655
v 0.250135 0.591455 -0.158664
v 0.250015 0.591704 -0.158888
v 0.250285 0.592282 -0.158838
v 0.249715 0.592236 -0.159085
v 0.249645 0.593080 -0.159162
v 0.249665 0.594634 -0.159236
v 0.248105 0.602011 -0.160157
v 0.250085 0.624107 -0.164665
v 0.252755 0.662170 -0.173986
v 0.254265 0.701322 -0.183602
v 0.253875 0.734471 -0.192304
v 0.251065 0.755241 -0.199718
v 0.242825 0.767851 -0.209812
v 0.225075 0.772361 -0.224215
v 0.224795 0.772686 -0.234995
v 0.195755 0.763809 -0.250109
v 0.225855 0.756783 -0.248825
v 0.242975 0.743545 -0.246271
v 0.250625 0.723257 -0.241689
v 0.253525 0.690674 -0.234575
v 0.253415 0.651293 -0.224641
v 0.252145 0.610965 -0.212411
v 0.249785 0.588871 -0.202637
v 0.249385 0.581825 -0.197878
v 0.250205 0.579663 -0.198273
v 0.249955 0.578595 -0.199563
v 0.249825 0.577766 -0.200082
v 0.248125 0.576668 -0.200615
v 0.240855 0.575316 -0.200199
v 0.246015 0.574621 -0.198226
v 0.245435 0.575000 -0.197197
v 0.244665 0.575424 -0.196584
v 0.247345 0.575023 -0.196742
v 0.245935 0.575485 -0.196102
v 0.244915 0.575874 -0.195680
v 0.245565 0.575769 -0.195461
v 0.245205 0.575922 -0.195126
v 0.246015 0.575717 -0.195314
v 0.246135 0.575766 -0.195241
v 0.247005 0.575457 -0.195600
v 0.247695 0.575563 -0.195773
v 0.247375 0.576007 -0.195606
v 0.246455 0.576143 -0.195353
v 0.246645 0.576563 -0.195546
v 0.246525 0.577501 -0.193099
v 0.247345 0.583335 -0.179489
v 0.247845 0.588769 -0.165242
v 0.246475 0.589973 -0.160928
v 0.247675 0.588932 -0.160068
v 0.248815 0.588145 -0.159508
v 0.248425 0.588495 -0.158188
v 0.246225 0.589567 -0.156668
v 0.249245 0.590346 -0.157513
v 0.250205 0.590753 -0.158884
v 0.249365 0.591322 -0.159099
v 0.248015 0.592254 -0.159552
v 0.248825 0.593014 -0.159403
v 0.247895 0.592897 -0.159664
v 0.248095 0.593964 -0.159982
v 0.249655 0.600882 -0.165294
v 0.247855 0.623096 -0.164930
v 0.250445 0.661500 -0.174643
v 0.253125 0.700550 -0.185029
v 0.254635 0.733609 -0.193908
v 0.253725 0.754528 -0.200692
v 0.250695 0.768133 -0.209012
v 0.242105 0.774482 -0.220575
v 0.241765 0.774863 -0.231154
v 0.225165 0.767166 -0.243435
v 0.242545 0.758569 -0.244481
v 0.250465 0.744189 -0.243027
v 0.253225 0.723333 -0.239709
v 0.253965 0.690653 -0.232683
v 0.252725 0.651493 -0.222838
v 0.250375 0.611108 -0.211346
v 0.247365 0.588537 -0.202737
v 0.247195 0.581558 -0.197956
v 0.249025 0.579985 -0.197218
v 0.249815 0.578929 -0.198405
v 0.250365 0.577926 -0.199184
v 0.249725 0.576572 -0.199789
v 0.247555 0.575168 -0.199570
v 0.247095 0.574724 -0.197581
v 0.249245 0.575256 -0.198020
v 0.247505 0.575218 -0.196071
v 0.248545 0.576427 -0.195881
v 0.246725 0.577917 -0.196129
v 0.246635 0.578269 -0.193356
v 0.246995 0.584030 -0.179915
v 0.247085 0.589332 -0.165780
v 0.246465 0.590754 -0.160867
v 0.247725 0.590174 -0.160060
v 0.249145 0.588796 -0.159520
v 0.249315 0.588262 -0.158969
v 0.248795 0.589117 -0.157701
v 0.250145 0.589974 -0.158911
v 0.249395 0.590723 -0.159498
v 0.247755 0.591441 -0.159523
v 0.246835 0.591822 -0.159887
v 0.247065 0.592253 -0.159864
v 0.246545 0.592023 -0.160607
v 0.248795 0.592118 -0.164741
v 0.252365 0.595209 -0.183875
v 0.250355 0.622478 -0.170238
v 0.248305 0.660742 -0.174854
v 0.250755 0.699854 -0.185784
v 0.253565 0.732761 -0.195350
v 0.254545 0.753408 -0.201990
v 0.253355 0.767189 -0.209394
v 0.250405 0.774806 -0.219072
v 0.250235 0.775357 -0.229017
v 0.242005 0.769191 -0.239383
v 0.250335 0.759197 -0.241595
v 0.253075 0.744169 -0.241195
v 0.253945 0.723337 -0.237885
v 0.253135 0.690850 -0.230889
v 0.250825 0.651608 -0.221706
v 0.247655 0.610792 -0.211396
v 0.248875 0.589297 -0.200001
v 0.247845 0.581384 -0.194949
v 0.246865 0.579761 -0.196887
v 0.248755 0.579212 -0.197347
v 0.250135 0.578367 -0.197850
v 0.250165 0.576657 -0.198698
v 0.248895 0.575103 -0.198925
v 0.249295 0.575829 -0.196781
v 0.248875 0.577929 -0.196298
v 0.246685 0.578554 -0.196357
v 0.246715 0.579052 -0.193653
v 0.247525 0.584608 -0.180016
v 0.247535 0.589950 -0.165599
v 0.246385 0.591346 -0.160726
v 0.247735 0.590910 -0.159952
v 0.249365 0.590007 -0.159589
v 0.249805 0.588780 -0.158881
v 0.248825 0.586612 -0.180242
v 0.254385 0.617471 -0.190630
v 0.250735 0.660198 -0.179742
v 0.248615 0.699200 -0.185856
v 0.251255 0.732068 -0.196064
v 0.253625 0.752279 -0.203173
v 0.254185 0.765736 -0.210096
v 0.253045 0.773803 -0.218787
v 0.252865 0.774524 -0.228110
v 0.250235 0.769759 -0.236837
v 0.252955 0.758948 -0.239955
v 0.253865 0.743912 -0.239498
v 0.253085 0.723441 -0.236191
v 0.251095 0.690952 -0.229753
v 0.248215 0.651288 -0.221697
v 0.249845 0.611703 -0.208439
v 0.255005 0.656375 -0.200511
v 0.250655 0.698760 -0.190108
v 0.249135 0.731642 -0.195887
v 0.251395 0.751418 -0.203746
v 0.253355 0.764301 -0.210779
v 0.253845 0.772244 -0.218823
v 0.253635 0.773118 -0.227513
v 0.252855 0.769179 -0.235493
v 0.253735 0.758285 -0.238507
v 0.252995 0.743606 -0.238030
v 0.250925 0.723435 -0.235127
v 0.248465 0.690651 -0.229679
v 0.250325 0.651988 -0.218780
v 0.254665 0.695380 -0.209510
v 0.250805 0.730897 -0.199449
v 0.249105 0.750947 -0.203512
v 0.251155 0.763222 -0.211113
v 0.253085 0.770691 -0.219016
v 0.252895 0.771640 -0.227228
v 0.253625 0.768074 -0.234399
v 0.252905 0.757454 -0.237402
v 0.250765 0.743258 -0.237148
v 0.248075 0.723115 -0.235011
v 0.250295 0.691316 -0.226869
v 0.253965 0.727311 -0.216470
v 0.251055 0.749645 -0.206489
v 0.248325 0.762559 -0.210969
v 0.250865 0.769518 -0.219149
v 0.250645 0.770471 -0.227153
v 0.252855 0.766831 -0.233669
v 0.250655 0.756696 -0.236815
v 0.247785 0.742847 -0.237017
v 0.249765 0.723704 -0.232245
v 0.253785 0.745769 -0.220563
v 0.250385 0.761200 -0.213443
v 0.247335 0.768781 -0.219062
v 0.246675 0.769709 -0.227083
v 0.250595 0.765796 -0.233335
v 0.247215 0.756180 -0.236678
v 0.249835 0.743068 -0.234253
v 0.252385 0.758654 -0.224052
v 0.248765 0.767230 -0.219625
v 0.248605 0.767582 -0.226604
v 0.246725 0.765121 -0.233218
v 0.249395 0.756254 -0.234163
v 0.248155 0.764105 -0.232146
v 0.247265 0.579618 -0.193887
v 0.246685 0.579009 -0.196603
v 0.248885 0.578746 -0.196797
v 0.249995 0.577271 -0.197269
v -0.221867 0.574469 -0.193513
v -0.180106 0.575241 -0.194178
v -0.180099 0.575788 -0.193631
v -0.089879 0.587144 -0.168938
v -0.089874 0.587183 -0.168165
v -0.044935 0.586636 -0.167843
v 0.000001 0.571744 -0.160888
v 0.044911 0.570935 -0.160639
v 0.044912 0.570007 -0.160786
v 0.134778 0.558677 -0.164553
v 0.134783 0.557890 -0.165067
v 0.179725 0.557338 -0.165303
v 0.221867 0.548366 -0.180839
v 0.221867 0.548327 -0.181612
v 0.134790 0.557338 -0.165827
v 0.089852 0.558677 -0.164927
v 0.000001 0.570935 -0.160714
v -0.089871 0.586636 -0.167618
v -0.134819 0.587144 -0.168564
v -0.221867 0.575241 -0.193552
v -0.179759 0.587144 -0.168041
v -0.179749 0.587183 -0.167268
v -0.134806 0.586636 -0.167245
v -0.089822 0.571744 -0.160589
v -0.044910 0.570935 -0.160639
v -0.044911 0.570007 -0.160786
v 0.044926 0.558677 -0.165151
v 0.044928 0.557890 -0.165665
v 0.089860 0.557338 -0.166200
v 0.134954 0.548366 -0.181989
v 0.179945 0.548327 -0.182238
v 0.179955 0.548875 -0.182785
v 0.221867 0.575788 -0.193004
v 0.221867 0.575241 -0.193552
v 0.180105 0.574469 -0.194139
v 0.134967 0.548875 -0.183308
v 0.089975 0.548327 -0.183136
v 0.089970 0.548366 -0.182363
v 0.000001 0.557338 -0.166499
v 0.000001 0.557890 -0.165740
v -0.044925 0.558677 -0.165151
v -0.089822 0.570007 -0.160562
v -0.134732 0.570935 -0.160041
v -0.134734 0.571744 -0.160215
v -0.221867 0.586636 -0.166094
v -0.221867 0.587183 -0.166641
v -0.179645 0.571744 -0.159691
v -0.134733 0.570007 -0.160188
v -0.044927 0.557890 -0.165665
v 0.044985 0.548366 -0.182587
v 0.089978 0.548875 -0.183682
v 0.180105 0.575241 -0.194178
v 0.180105 0.575788 -0.193631
v 0.135080 0.574469 -0.194663
v 0.044988 0.548327 -0.183360
v -0.044929 0.557338 -0.166425
v -0.089851 0.558677 -0.164927
v -0.179642 0.570935 -0.159517
v -0.221867 0.571744 -0.159065
v -0.221867 0.570935 -0.158891
v -0.179644 0.570007 -0.159664
v -0.134777 0.558677 -0.164553
v -0.089854 0.557890 -0.165440
v -0.089859 0.557338 -0.166200
v 0.000001 0.548366 -0.182662
v 0.000001 0.548327 -0.183435
v 0.044989 0.548875 -0.183907
v 0.090054 0.574469 -0.195037
v 0.135081 0.575241 -0.194702
v 0.135075 0.575788 -0.194154
v 0.221867 0.587144 -0.167414
v 0.221867 0.587183 -0.166641
v 0.221867 0.586636 -0.166094
v 0.179765 0.587144 -0.168041
v 0.090054 0.575241 -0.195076
v 0.000001 0.548875 -0.183981
v -0.044984 0.548366 -0.182587
v -0.134782 0.557890 -0.165067
v -0.221867 0.570007 -0.159038
v -0.179702 0.558677 -0.164030
v -0.134789 0.557338 -0.165827
v -0.044987 0.548327 -0.183360
v 0.045027 0.574469 -0.195261
v 0.090050 0.575788 -0.194528
v 0.179755 0.587183 -0.167268
v 0.179745 0.586636 -0.166721
v 0.134821 0.587144 -0.168564
v 0.045027 0.575241 -0.195300
v -0.044988 0.548875 -0.183907
v -0.089969 0.548366 -0.182363
v -0.179709 0.557890 -0.164543
v -0.221867 0.558677 -0.163403
v -0.221867 0.557890 -0.163916
v -0.179719 0.557338 -0.165303
v -0.134953 0.548366 -0.181989
v -0.089974 0.548327 -0.183136
v -0.089977 0.548875 -0.183682
v 0.000001 0.574469 -0.195336
v 0.000001 0.575241 -0.195375
v 0.045025 0.575788 -0.194752
v 0.089881 0.587144 -0.168938
v 0.134813 0.587183 -0.167791
v 0.134807 0.586636 -0.167245
v 0.221867 0.571744 -0.159065
v 0.221867 0.570935 -0.158891
v 0.221867 0.570007 -0.159038
v 0.179645 0.571744 -0.159691
v 0.089875 0.587183 -0.168165
v 0.000001 0.575788 -0.194827
v -0.045026 0.574469 -0.195261
v -0.134961 0.548327 -0.182762
v -0.221867 0.557338 -0.164676
v -0.179938 0.548366 -0.181466
v -0.134966 0.548875 -0.183308
v -0.045026 0.575241 -0.195300
v 0.044941 0.587144 -0.169162
v 0.089872 0.586636 -0.167618
v 0.179645 0.570935 -0.159517
v 0.221867 0.557338 -0.164676
v 0.221867 0.557890 -0.163916
v 0.179705 0.558677 -0.164030
v 0.134734 0.570007 -0.160188
v 0.089822 0.570935 -0.160415
v 0.089823 0.571744 -0.160589
v 0.000001 0.586636 -0.167917
v 0.000001 0.587183 -0.168464
v -0.044939 0.587144 -0.169162
v -0.090049 0.575788 -0.194528
v -0.135080 0.575241 -0.194702
v -0.135079 0.574469 -0.194663
v -0.221867 0.548875 -0.182158
v -0.221867 0.548327 -0.181612
v -0.180106 0.574469 -0.194139
v -0.135074 0.575788 -0.194154
v -0.044937 0.587183 -0.168389
v 0.044912 0.571744 -0.160813
v 0.089823 0.570007 -0.160562
v 0.179715 0.557890 -0.164543
v -0.179948 0.548327 -0.182238
v -0.090053 0.574469 -0.195037
v -0.045024 0.575788 -0.194752
v 0.044938 0.587183 -0.168389
v 0.134735 0.571744 -0.160215
v 0.179645 0.570007 -0.159664
v 0.221867 0.558677 -0.163403
v 0.134733 0.570935 -0.160041
v 0.044936 0.586636 -0.167843
v 0.000001 0.587144 -0.169237
v -0.090053 0.575241 -0.195076
v -0.179955 0.548875 -0.182785
v -0.221867 0.548366 -0.180839
v 0.221867 0.548875 -0.182158
v 0.179935 0.548366 -0.181466
v 0.089855 0.557890 -0.165440
v 0.000001 0.570007 -0.160861
v -0.044911 0.571744 -0.160813
v -0.134812 0.587183 -0.167791
v -0.221867 0.575788 -0.193004
v -0.221867 0.587144 -0.167414
v -0.179742 0.586636 -0.166721
v -0.089821 0.570935 -0.160415
v 0.000001 0.558677 -0.165226
v 0.044931 0.557338 -0.166425
v 0.134962 0.548327 -0.182762
v 0.221867 0.574469 -0.193513
v -0.223225 0.418230 -0.093204
v -0.218547 0.420401 -0.092451
v -0.216556 0.417544 -0.129222
v -0.219149 0.412295 -0.130525
v -0.228687 0.414759 -0.093785
v -0.228720 0.425891 -0.045913
v -0.225699 0.429556 -0.046366
v -0.213435 0.424009 -0.092404
v -0.216308 0.423743 -0.129006
v -0.220724 0.419006 -0.150135
v -0.222598 0.413318 -0.152248
v -0.224737 0.407574 -0.132937
v -0.232587 0.408781 -0.093552
v -0.231716 0.421008 -0.044661
v -0.231386 0.428377 0.007128
v -0.228724 0.431902 0.006759
v -0.220648 0.433607 -0.046462
v -0.202141 0.440131 -0.094082
v -0.200663 0.435314 -0.130441
v -0.217550 0.424303 -0.150166
v -0.221754 0.418848 -0.164044
v -0.224268 0.414461 -0.166717
v -0.223277 0.405573 -0.155802
v -0.231126 0.402256 -0.135680
v -0.232943 0.401007 -0.093123
v -0.234714 0.414858 -0.043051
v -0.234281 0.424393 0.008059
v -0.234638 0.430861 0.067928
v -0.231056 0.433442 0.067993
v -0.223438 0.436133 0.006682
v -0.204081 0.444922 -0.046881
v -0.166485 0.448430 -0.094726
v -0.164870 0.440413 -0.130616
v -0.199309 0.430410 -0.151051
v -0.216668 0.422238 -0.164137
v -0.221084 0.415504 -0.174440
v -0.225862 0.407290 -0.171252
v -0.229780 0.398028 -0.159563
v -0.231714 0.393301 -0.134936
v -0.230539 0.397277 -0.092940
v -0.234961 0.407649 -0.041808
v -0.237694 0.418874 0.009438
v -0.237759 0.427570 0.067876
v -0.237281 0.431076 0.122737
v -0.234095 0.434934 0.122868
v -0.225480 0.437706 0.067925
v -0.205945 0.446894 0.006281
v -0.168149 0.454298 -0.047428
v -0.127581 0.452405 -0.094733
v -0.126306 0.443974 -0.130593
v -0.163368 0.432162 -0.150042
v -0.198041 0.424533 -0.164055
v -0.215441 0.416381 -0.174678
v -0.221628 0.407158 -0.180073
v -0.227857 0.395274 -0.174907
v -0.230278 0.385564 -0.163228
v -0.231192 0.386999 -0.154213
v -0.229551 0.389074 -0.133049
v -0.224481 0.397271 -0.092895
v -0.232503 0.404519 -0.041262
v -0.237860 0.412010 0.010661
v -0.240981 0.422105 0.068152
v -0.240111 0.427577 0.122469
v -0.240395 0.431542 0.171556
v -0.235747 0.434662 0.171496
v -0.228501 0.439727 0.122799
v -0.208664 0.450142 0.067365
v -0.170273 0.458863 0.005688
v -0.129050 0.460428 -0.047623
v -0.091518 0.455657 -0.094798
v -0.090393 0.443380 -0.129600
v -0.125730 0.427190 -0.143396
v -0.163500 0.418660 -0.155417
v -0.198918 0.412315 -0.167371
v -0.217513 0.405206 -0.176674
v -0.224120 0.393636 -0.183884
v -0.228321 0.380522 -0.177450
v -0.230924 0.378908 -0.161717
v -0.229066 0.383666 -0.151380
v -0.223533 0.389048 -0.133004
v -0.205012 0.397436 -0.092758
v -0.226365 0.404516 -0.041215
v -0.235318 0.409075 0.011171
v -0.241124 0.415207 0.068669
v -0.243990 0.422647 0.122223
v -0.243743 0.428331 0.171832
v -0.240435 0.427500 0.215563
v -0.234677 0.429505 0.213895
v -0.228934 0.438245 0.171435
v -0.210455 0.451037 0.122309
v -0.172671 0.462562 0.066695
v -0.130765 0.465254 0.005466
v -0.092626 0.463818 -0.047604
v -0.054871 0.456962 -0.094641
v -0.053966 0.443037 -0.128893
v -0.089939 0.428356 -0.144389
v -0.125052 0.418520 -0.155157
v -0.162950 0.409367 -0.164813
v -0.199317 0.402399 -0.173976
v -0.218456 0.393559 -0.184830
v -0.224509 0.379349 -0.185932
v -0.228578 0.364461 -0.180164
v -0.230423 0.364217 -0.167515
v -0.228803 0.377750 -0.157929
v -0.223068 0.383641 -0.151333
v -0.204171 0.389564 -0.132876
v -0.168032 0.397342 -0.092435
v -0.206705 0.404708 -0.041217
v -0.229066 0.409050 0.011218
v -0.238529 0.412220 0.068901
v -0.244205 0.415041 0.122278
v -0.246633 0.422565 0.172894
v -0.246371 0.427885 0.217807
v -0.241089 0.429686 0.243616
v -0.238458 0.434176 0.239897
v -0.227378 0.433315 0.213190
v -0.207953 0.443096 0.170253
v -0.175199 0.466545 0.121376
v -0.132890 0.470675 0.066452
v -0.093900 0.468640 0.005494
v -0.055586 0.466063 -0.047515
v -0.018130 0.456617 -0.094319
v -0.017983 0.437323 -0.125873
v -0.053942 0.432071 -0.146917
v -0.089790 0.422572 -0.157759
v -0.124791 0.412746 -0.167447
v -0.163252 0.403943 -0.175621
v -0.199727 0.393535 -0.185156
v -0.218730 0.379257 -0.186710
v -0.224862 0.364554 -0.187912
v -0.228623 0.352111 -0.182046
v -0.230231 0.351321 -0.169892
v -0.228539 0.363736 -0.161626
v -0.222816 0.377724 -0.157882
v -0.203756 0.384287 -0.151434
v -0.167337 0.389475 -0.132553
v -0.128732 0.397214 -0.092083
v -0.169428 0.404503 -0.041037
v -0.209138 0.409659 0.011206
v -0.232147 0.412195 0.068947
v -0.241598 0.411469 0.122346
v -0.246969 0.414045 0.174412
v -0.249127 0.419199 0.222077
v -0.248485 0.428238 0.247825
v -0.247548 0.435762 0.251213
v -0.239320 0.441363 0.235862
v -0.217346 0.452548 0.210236
v -0.177246 0.467173 0.169831
v -0.134548 0.471693 0.121455
v -0.095384 0.473091 0.066577
v -0.056366 0.470484 0.005617
v -0.018377 0.466737 -0.047321
v -0.017921 0.427650 -0.144588
v -0.053804 0.424360 -0.159178
v -0.089469 0.414422 -0.168843
v -0.124915 0.404925 -0.176945
v -0.163563 0.393470 -0.185263
v -0.199908 0.379206 -0.186955
v -0.219033 0.364508 -0.188567
v -0.225179 0.352464 -0.189124
v -0.228707 0.345151 -0.182476
v -0.230138 0.344709 -0.171645
v -0.228390 0.350693 -0.163895
v -0.222563 0.363711 -0.161579
v -0.203531 0.378365 -0.158169
v -0.166993 0.384173 -0.151254
v -0.128181 0.389254 -0.132198
v -0.092297 0.397136 -0.091763
v -0.129828 0.404365 -0.040822
v -0.171439 0.409704 0.011386
v -0.211902 0.412821 0.068998
v -0.235091 0.411444 0.122393
v -0.244382 0.409808 0.175159
v -0.249295 0.409707 0.222667
v -0.251232 0.416508 0.252593
v -0.248924 0.429840 0.260359
v -0.241447 0.439898 0.252282
v -0.218834 0.449408 0.236955
v -0.178563 0.459622 0.211371
v -0.135854 0.469154 0.169846
v -0.096571 0.473467 0.121590
v -0.057271 0.475002 0.066715
v -0.018655 0.471551 0.005768
v -0.017844 0.421462 -0.157605
v -0.053630 0.415166 -0.169510
v -0.089525 0.405244 -0.177533
v -0.125155 0.393382 -0.185280
v -0.163787 0.379071 -0.187088
v -0.200157 0.364504 -0.188726
v -0.219337 0.352438 -0.189748
v -0.225457 0.345372 -0.188605
v -0.228863 0.340431 -0.181688
v -0.229934 0.340103 -0.174037
v -0.228294 0.344376 -0.166270
v -0.222420 0.350668 -0.163848
v -0.203292 0.364173 -0.161985
v -0.166808 0.378260 -0.157989
v -0.127904 0.383892 -0.151017
v -0.091896 0.389165 -0.131878
v -0.055356 0.397025 -0.091441
v -0.093094 0.404256 -0.040642
v -0.131407 0.409431 0.011603
v -0.173724 0.412726 0.069177
v -0.214541 0.412092 0.122490
v -0.237763 0.409795 0.175180
v -0.246378 0.406428 0.220523
v -0.250444 0.403654 0.242995
v -0.251818 0.403898 0.255445
v -0.250223 0.416376 0.263602
v -0.241706 0.429835 0.261191
v -0.219505 0.440862 0.252043
v -0.179387 0.451884 0.237198
v -0.136825 0.461734 0.211387
v -0.097492 0.470843 0.169928
v -0.057977 0.474424 0.121737
v -0.018961 0.475619 0.066889
v -0.017740 0.415664 -0.170160
v -0.053662 0.405345 -0.177847
v -0.089689 0.393280 -0.185307
v -0.125374 0.378944 -0.187122
v -0.164019 0.364334 -0.188799
v -0.200424 0.352424 -0.189844
v -0.219604 0.345347 -0.189114
v -0.225880 0.340584 -0.185841
v -0.226536 0.338849 -0.180875
v -0.227360 0.338643 -0.175274
v -0.227992 0.339911 -0.170290
v -0.222327 0.344351 -0.166223
v -0.203153 0.350894 -0.164189
v -0.166610 0.364076 -0.161805
v -0.127756 0.377990 -0.157710
v -0.091693 0.383779 -0.150837
v -0.055110 0.389084 -0.131557
v -0.018315 0.396866 -0.091115
v -0.055842 0.404132 -0.040466
v -0.094243 0.409325 0.011783
v -0.133206 0.412473 0.069380
v -0.175904 0.411996 0.122670
v -0.216933 0.410481 0.175189
v -0.239678 0.406427 0.220522
v -0.247127 0.402780 0.237831
v -0.251120 0.393477 0.244609
v -0.252370 0.391930 0.255859
v -0.250639 0.403351 0.264432
v -0.243387 0.416372 0.266542
v -0.220118 0.426939 0.257469
v -0.180068 0.441756 0.251768
v -0.137522 0.452576 0.236801
v -0.098195 0.462781 0.211076
v -0.058522 0.471738 0.169979
v -0.019201 0.475001 0.121895
v -0.017749 0.405679 -0.178540
v -0.053757 0.393176 -0.185321
v -0.089849 0.378850 -0.187101
v -0.125571 0.364169 -0.188763
v -0.164238 0.352322 -0.189818
v -0.200654 0.345305 -0.189096
v -0.220011 0.340558 -0.185989
v -0.220640 0.338824 -0.180830
v -0.221430 0.338618 -0.175228
v -0.222037 0.339886 -0.170244
v -0.203077 0.344452 -0.166321
v -0.166494 0.350797 -0.164009
v -0.127602 0.363856 -0.161499
v -0.091585 0.377885 -0.157530
v -0.054985 0.383691 -0.150663
v -0.018233 0.388972 -0.131231
v -0.018479 0.403966 -0.040286
v -0.056546 0.409247 0.011959
v -0.095552 0.412377 0.069560
v -0.134923 0.411739 0.122862
v -0.177881 0.410431 0.175273
v -0.218661 0.406973 0.220473
v -0.240396 0.402779 0.237877
v -0.247722 0.394104 0.240179
v -0.251677 0.383112 0.244877
v -0.252804 0.382391 0.255656
v -0.250947 0.390952 0.264249
v -0.243752 0.403346 0.267235
v -0.221247 0.416391 0.268294
v -0.180856 0.429781 0.261804
v -0.138336 0.439079 0.248892
v -0.098695 0.452412 0.236048
v -0.058970 0.463434 0.210840
v -0.019378 0.472004 0.170015
v -0.017779 0.393075 -0.185318
v -0.053856 0.378736 -0.187065
v -0.089992 0.364075 -0.188639
v -0.125743 0.352206 -0.189701
v -0.164428 0.345206 -0.188985
v -0.201010 0.340626 -0.185838
v -0.201575 0.338920 -0.180729
v -0.202284 0.338708 -0.175132
v -0.202824 0.339974 -0.170157
v -0.166431 0.344355 -0.166141
v -0.127516 0.350630 -0.163717
v -0.091473 0.363759 -0.161319
v -0.054919 0.377806 -0.157363
v -0.018191 0.383579 -0.150484
v -0.018715 0.409146 0.012139
v -0.057345 0.412305 0.069739
v -0.096799 0.411643 0.123042
v -0.136478 0.410221 0.175370
v -0.179308 0.406968 0.220469
v -0.219317 0.403121 0.237918
v -0.240967 0.394131 0.240322
v -0.248260 0.383638 0.240654
v -0.251993 0.376269 0.245458
v -0.252955 0.376354 0.254996
v -0.250907 0.381925 0.263424
v -0.244060 0.390952 0.266762
v -0.221591 0.403394 0.268785
v -0.181468 0.416378 0.268889
v -0.138865 0.429556 0.261624
v -0.099347 0.441205 0.250768
v -0.059340 0.449697 0.234078
v -0.019527 0.463737 0.210838
v -0.017812 0.378594 -0.187034
v -0.053943 0.363967 -0.188501
v -0.090118 0.352106 -0.189531
v -0.125892 0.345099 -0.188828
v -0.164722 0.340528 -0.185670
v -0.165190 0.338824 -0.180547
v -0.165775 0.338611 -0.174954
v -0.166221 0.339877 -0.169980
v -0.127469 0.344217 -0.165905
v -0.091410 0.350534 -0.163537
v -0.054850 0.363680 -0.161157
v -0.018169 0.377703 -0.157183
v -0.018983 0.412208 0.069918
v -0.058107 0.411571 0.123222
v -0.097928 0.410171 0.175453
v -0.137604 0.406841 0.220476
v -0.179850 0.403119 0.237921
v -0.219827 0.394287 0.240444
v -0.241474 0.383853 0.240825
v -0.248667 0.376392 0.241584
v -0.252353 0.371770 0.247097
v -0.252950 0.371962 0.253185
v -0.250610 0.376351 0.261328
v -0.244042 0.381865 0.265518
v -0.221901 0.390985 0.268067
v -0.181751 0.403376 0.269372
v -0.139306 0.416361 0.269001
v -0.099672 0.429558 0.261615
v -0.059662 0.441158 0.250726
v -0.019668 0.452022 0.235217
v -0.017842 0.363825 -0.188378
v -0.054020 0.352008 -0.189350
v -0.090227 0.345002 -0.188652
v -0.126124 0.340397 -0.185498
v -0.126492 0.338686 -0.180354
v -0.126953 0.338475 -0.174763
v -0.127305 0.339741 -0.169788
v -0.091376 0.344120 -0.165725
v -0.054811 0.350446 -0.163373
v -0.018146 0.363583 -0.160977
v -0.019239 0.411475 0.123402
v -0.058797 0.410145 0.175536
v -0.098745 0.406836 0.220472
v -0.138034 0.403042 0.237885
v -0.180271 0.394290 0.240398
v -0.220271 0.383859 0.240905
v -0.241862 0.376625 0.241794
v -0.249232 0.371771 0.244588
v -0.249716 0.370544 0.248289
v -0.250079 0.370683 0.252057
v -0.250423 0.372101 0.257118
v -0.243749 0.376275 0.262862
v -0.222218 0.381840 0.266642
v -0.181987 0.390982 0.268567
v -0.139535 0.403346 0.269513
v -0.100008 0.416348 0.268997
v -0.059865 0.429533 0.261531
v -0.019767 0.441109 0.250549
v -0.017867 0.351908 -0.189180
v -0.054087 0.344905 -0.188471
v -0.090396 0.340300 -0.185318
v -0.090664 0.338589 -0.180173
v -0.091000 0.338378 -0.174585
v -0.091256 0.339644 -0.169609
v -0.054791 0.344028 -0.165552
v -0.018133 0.350349 -0.163193
v -0.019470 0.410095 0.175619
v -0.059296 0.406850 0.220467
v -0.099057 0.403041 0.237830
v -0.138366 0.394248 0.240239
v -0.180637 0.383732 0.240854
v -0.220611 0.376660 0.241882
v -0.242413 0.371819 0.244729
v -0.242880 0.370546 0.248329
v -0.243234 0.370632 0.252364
v -0.243570 0.372036 0.257971
v -0.222296 0.376238 0.263886
v -0.182250 0.381837 0.267021
v -0.139704 0.390973 0.268687
v -0.100174 0.403328 0.269509
v -0.060107 0.416337 0.268975
v -0.019832 0.429397 0.261286
v -0.017890 0.344808 -0.188296
v -0.054190 0.340207 -0.185134
v -0.054355 0.338497 -0.179992
v -0.054560 0.338286 -0.174405
v -0.054717 0.339552 -0.169430
v -0.018126 0.343931 -0.165372
v -0.019637 0.406845 0.220463
v -0.059486 0.403053 0.237800
v -0.099297 0.394231 0.240049
v -0.138657 0.383595 0.240694
v -0.180918 0.376535 0.241883
v -0.221104 0.371864 0.244831
v -0.221512 0.370609 0.248355
v -0.221829 0.370657 0.252538
v -0.222152 0.372003 0.258618
v -0.182315 0.376227 0.264194
v -0.139912 0.381845 0.267073
v -0.100267 0.390970 0.268684
v -0.060208 0.403311 0.269483
v -0.019927 0.416324 0.268970
v -0.017924 0.340110 -0.184954
v -0.017980 0.338400 -0.179811
v -0.018049 0.338189 -0.174226
v -0.018101 0.339455 -0.169251
v -0.019701 0.403051 0.237803
v -0.059631 0.394228 0.239943
v -0.099511 0.383521 0.240492
v -0.138879 0.376381 0.241760
v -0.181326 0.371872 0.244847
v -0.181663 0.370617 0.248370
v -0.181928 0.370666 0.252665
v -0.182196 0.372008 0.258877
v -0.139964 0.376231 0.264201
v -0.100418 0.381858 0.267072
v -0.060224 0.390969 0.268663
v -0.019961 0.403293 0.269479
v -0.019750 0.394229 0.239933
v -0.059764 0.383494 0.240376
v -0.099673 0.376281 0.241560
v -0.139198 0.371846 0.244773
v -0.139463 0.370612 0.248383
v -0.139672 0.370670 0.252723
v -0.139878 0.372022 0.258928
v -0.100455 0.376240 0.264201
v -0.060315 0.381871 0.267062
v -0.019949 0.390966 0.268660
v -0.019795 0.383495 0.240364
v -0.059863 0.376239 0.241448
v -0.099900 0.371806 0.244653
v -0.100092 0.370620 0.248398
v -0.100244 0.370678 0.252728
v -0.100393 0.372030 0.258929
v -0.060338 0.376249 0.264200
v -0.019980 0.381883 0.267060
v -0.019828 0.376241 0.241452
v -0.060000 0.371787 0.244592
v -0.060117 0.370630 0.248413
v -0.060209 0.370686 0.252726
v -0.060300 0.372037 0.258922
v -0.019987 0.376258 0.264200
v -0.019874 0.371794 0.244607
v -0.019913 0.370637 0.248427
v -0.019944 0.370694 0.252732
v -0.019975 0.372045 0.258923
v 0.225900 0.420527 -0.093819
v 0.221875 0.423812 -0.093447
v 0.215607 0.415358 -0.128897
v 0.219411 0.410873 -0.130044
v 0.229809 0.415347 -0.093940
v 0.228742 0.425917 -0.045953
v 0.225585 0.429478 -0.046409
v 0.215675 0.424305 -0.092879
v 0.211571 0.420066 -0.129126
v 0.220416 0.418159 -0.149527
v 0.222307 0.412541 -0.151805
v 0.226136 0.409016 -0.133283
v 0.232588 0.408781 -0.093552
v 0.231826 0.421079 -0.044682
v 0.230756 0.427898 0.007159
v 0.227681 0.431031 0.006804
v 0.220355 0.433321 -0.046508
v 0.201329 0.437863 -0.093510
v 0.200998 0.436420 -0.130207
v 0.216930 0.423256 -0.149420
v 0.221436 0.418379 -0.163430
v 0.223999 0.414109 -0.166231
v 0.222658 0.404913 -0.155649
v 0.231127 0.402256 -0.135680
v 0.232944 0.401007 -0.093123
v 0.234715 0.414858 -0.043051
v 0.233900 0.424133 0.008084
v 0.234985 0.431279 0.067874
v 0.231772 0.434354 0.067894
v 0.222710 0.435579 0.006647
v 0.200704 0.437323 -0.045967
v 0.166748 0.449922 -0.094715
v 0.165258 0.441921 -0.130598
v 0.199707 0.431735 -0.150877
v 0.216627 0.422138 -0.163550
v 0.220753 0.415257 -0.173901
v 0.225660 0.407110 -0.170970
v 0.229781 0.398028 -0.159563
v 0.231715 0.393301 -0.134936
v 0.230540 0.397277 -0.092940
v 0.234962 0.407649 -0.041808
v 0.237695 0.418874 0.009438
v 0.237684 0.427586 0.067865
v 0.237049 0.430848 0.122735
v 0.233729 0.434555 0.122857
v 0.226175 0.438621 0.067794
v 0.205745 0.447123 0.006159
v 0.168162 0.455147 -0.047370
v 0.127771 0.453272 -0.094701
v 0.126570 0.443326 -0.130181
v 0.163909 0.429535 -0.147702
v 0.197927 0.423151 -0.162208
v 0.215082 0.415896 -0.173829
v 0.221321 0.407018 -0.179716
v 0.227858 0.395274 -0.174907
v 0.230279 0.385564 -0.163228
v 0.231193 0.386999 -0.154213
v 0.229552 0.389074 -0.133049
v 0.224482 0.397271 -0.092895
v 0.232504 0.404519 -0.041262
v 0.237861 0.412010 0.010661
v 0.240982 0.422105 0.068152
v 0.239972 0.427450 0.122467
v 0.240524 0.431759 0.171532
v 0.235872 0.434895 0.171475
v 0.228251 0.439464 0.122774
v 0.208269 0.449480 0.067359
v 0.170341 0.459881 0.005691
v 0.129196 0.462047 -0.047709
v 0.091601 0.455141 -0.094607
v 0.090656 0.443763 -0.129737
v 0.125739 0.426657 -0.143118
v 0.163443 0.416426 -0.153941
v 0.198932 0.411123 -0.166138
v 0.217443 0.404843 -0.176180
v 0.224121 0.393636 -0.183884
v 0.228322 0.380522 -0.177450
v 0.230925 0.378908 -0.161717
v 0.229067 0.383666 -0.151380
v 0.223534 0.389048 -0.133004
v 0.205013 0.397436 -0.092758
v 0.226366 0.404516 -0.041215
v 0.235319 0.409075 0.011171
v 0.241125 0.415207 0.068669
v 0.243991 0.422647 0.122223
v 0.243600 0.428270 0.171833
v 0.240465 0.427542 0.215528
v 0.234708 0.429550 0.213860
v 0.228938 0.438275 0.171403
v 0.210368 0.451016 0.122287
v 0.172614 0.462846 0.066731
v 0.130822 0.466289 0.005464
v 0.092707 0.464686 -0.047646
v 0.054925 0.456208 -0.094493
v 0.054225 0.444090 -0.129433
v 0.090062 0.429175 -0.144965
v 0.125136 0.419238 -0.155724
v 0.162848 0.408753 -0.164693
v 0.199279 0.401794 -0.173544
v 0.218457 0.393559 -0.184830
v 0.224510 0.379349 -0.185932
v 0.228579 0.364461 -0.180164
v 0.230424 0.364217 -0.167515
v 0.228804 0.377750 -0.157929
v 0.223069 0.383641 -0.151333
v 0.204172 0.389564 -0.132876
v 0.168033 0.397342 -0.092435
v 0.206706 0.404708 -0.041217
v 0.229067 0.409050 0.011218
v 0.238530 0.412220 0.068901
v 0.244206 0.415041 0.122278
v 0.246634 0.422565 0.172894
v 0.246396 0.427884 0.217796
v 0.241104 0.429697 0.243586
v 0.238462 0.434186 0.239877
v 0.227410 0.433367 0.213162
v 0.207975 0.443242 0.170256
v 0.175180 0.466687 0.121404
v 0.132891 0.471149 0.066490
v 0.093933 0.469131 0.005503
v 0.055626 0.466133 -0.047502
v 0.018191 0.456909 -0.094387
v 0.017742 0.442364 -0.128442
v 0.054077 0.432993 -0.147390
v 0.089877 0.423334 -0.158312
v 0.124837 0.413240 -0.167917
v 0.163276 0.404181 -0.175881
v 0.199728 0.393535 -0.185156
v 0.218731 0.379257 -0.186710
v 0.224863 0.364554 -0.187912
v 0.228624 0.352111 -0.182046
v 0.230232 0.351321 -0.169892
v 0.228540 0.363736 -0.161626
v 0.222817 0.377724 -0.157882
v 0.203757 0.384287 -0.151434
v 0.167338 0.389475 -0.132553
v 0.128733 0.397214 -0.092083
v 0.169429 0.404503 -0.041037
v 0.209139 0.409659 0.011206
v 0.232148 0.412195 0.068947
v 0.241599 0.411469 0.122346
v 0.246970 0.414045 0.174412
v 0.249128 0.419199 0.222077
v 0.248491 0.428234 0.247806
v 0.247535 0.435774 0.251207
v 0.239271 0.441400 0.235883
v 0.217253 0.452551 0.210296
v 0.177242 0.467289 0.169850
v 0.134547 0.472047 0.121489
v 0.095408 0.473965 0.066581
v 0.056399 0.470831 0.005616
v 0.018426 0.466718 -0.047313
v 0.017749 0.431853 -0.146751
v 0.053853 0.424542 -0.159182
v 0.089487 0.414495 -0.168855
v 0.124923 0.405069 -0.177128
v 0.163564 0.393470 -0.185263
v 0.199909 0.379206 -0.186955
v 0.219034 0.364508 -0.188567
v 0.225180 0.352464 -0.189124
v 0.228708 0.345151 -0.182476
v 0.230139 0.344709 -0.171645
v 0.228391 0.350693 -0.163895
v 0.222564 0.363711 -0.161579
v 0.203532 0.378365 -0.158169
v 0.166994 0.384173 -0.151254
v 0.128182 0.389254 -0.132198
v 0.092298 0.397136 -0.091763
v 0.129829 0.404365 -0.040822
v 0.171440 0.409704 0.011386
v 0.211903 0.412821 0.068998
v 0.235092 0.411444 0.122393
v 0.244383 0.409808 0.175159
v 0.249296 0.409707 0.222667
v 0.251233 0.416508 0.252593
v 0.248923 0.429836 0.260340
v 0.241442 0.439916 0.252290
v 0.218733 0.449320 0.237008
v 0.178579 0.460189 0.211462
v 0.135877 0.469820 0.169908
v 0.096569 0.473709 0.121615
v 0.057271 0.475164 0.066730
v 0.018681 0.471665 0.005767
v 0.017757 0.423761 -0.158699
v 0.053631 0.414698 -0.168912
v 0.089527 0.405052 -0.177252
v 0.125156 0.393382 -0.185280
v 0.163788 0.379071 -0.187088
v 0.200158 0.364504 -0.188726
v 0.219338 0.352438 -0.189748
v 0.225458 0.345372 -0.188605
v 0.228864 0.340431 -0.181688
v 0.229935 0.340103 -0.174037
v 0.228295 0.344376 -0.166270
v 0.222421 0.350668 -0.163848
v 0.203293 0.364173 -0.161985
v 0.166809 0.378260 -0.157989
v 0.127905 0.383892 -0.151017
v 0.091897 0.389165 -0.131878
v 0.055357 0.397025 -0.091441
v 0.093095 0.404256 -0.040642
v 0.131408 0.409431 0.011603
v 0.173725 0.412726 0.069177
v 0.214542 0.412092 0.122490
v 0.237764 0.409795 0.175180
v 0.246379 0.406428 0.220523
v 0.250445 0.403654 0.242995
v 0.251819 0.403898 0.255445
v 0.250224 0.416376 0.263602
v 0.241707 0.429834 0.261180
v 0.219517 0.440947 0.252194
v 0.179249 0.448178 0.235605
v 0.136811 0.461510 0.211276
v 0.097493 0.471250 0.169965
v 0.057975 0.474631 0.121752
v 0.018964 0.475774 0.066891
v 0.017736 0.415410 -0.169740
v 0.053666 0.405325 -0.177785
v 0.089690 0.393280 -0.185307
v 0.125375 0.378944 -0.187122
v 0.164020 0.364334 -0.188799
v 0.200425 0.352424 -0.189844
v 0.219605 0.345347 -0.189114
v 0.225881 0.340584 -0.185841
v 0.226537 0.338849 -0.180875
v 0.227361 0.338643 -0.175274
v 0.227993 0.339911 -0.170290
v 0.222328 0.344351 -0.166223
v 0.203154 0.350894 -0.164189
v 0.166611 0.364076 -0.161805
v 0.127757 0.377990 -0.157710
v 0.091694 0.383779 -0.150837
v 0.055111 0.389084 -0.131557
v 0.018316 0.396866 -0.091115
v 0.055843 0.404132 -0.040466
v 0.094244 0.409325 0.011783
v 0.133207 0.412473 0.069380
v 0.175905 0.411996 0.122670
v 0.216934 0.410481 0.175189
v 0.239679 0.406427 0.220522
v 0.247128 0.402780 0.237831
v 0.251121 0.393477 0.244609
v 0.252371 0.391930 0.255859
v 0.250640 0.403351 0.264432
v 0.243388 0.416372 0.266542
v 0.220102 0.426994 0.257535
v 0.180076 0.442058 0.252242
v 0.137616 0.452602 0.236773
v 0.098202 0.462456 0.210986
v 0.058519 0.471905 0.170001
v 0.019197 0.475057 0.121901
v 0.017751 0.405405 -0.178082
v 0.053758 0.393176 -0.185321
v 0.089850 0.378850 -0.187101
v 0.125572 0.364169 -0.188763
v 0.164239 0.352322 -0.189818
v 0.200655 0.345305 -0.189096
v 0.220012 0.340558 -0.185989
v 0.220641 0.338824 -0.180830
v 0.221431 0.338618 -0.175228
v 0.222038 0.339886 -0.170244
v 0.203078 0.344452 -0.166321
v 0.166495 0.350797 -0.164009
v 0.127603 0.363856 -0.161499
v 0.091586 0.377885 -0.157530
v 0.054986 0.383691 -0.150663
v 0.018234 0.388972 -0.131231
v 0.018480 0.403966 -0.040286
v 0.056547 0.409247 0.011959
v 0.095553 0.412377 0.069560
v 0.134924 0.411739 0.122862
v 0.177882 0.410431 0.175273
v 0.218662 0.406973 0.220473
v 0.240397 0.402779 0.237877
v 0.247723 0.394104 0.240179
v 0.251678 0.383112 0.244877
v 0.252805 0.382391 0.255656
v 0.250948 0.390952 0.264249
v 0.243753 0.403346 0.267235
v 0.221248 0.416391 0.268294
v 0.180860 0.429907 0.262056
v 0.138381 0.439265 0.249051
v 0.098779 0.452633 0.236177
v 0.058973 0.462887 0.210740
v 0.019374 0.472043 0.170021
v 0.017780 0.393075 -0.185318
v 0.053857 0.378736 -0.187065
v 0.089993 0.364075 -0.188639
v 0.125744 0.352206 -0.189701
v 0.164429 0.345206 -0.188985
v 0.201011 0.340626 -0.185838
v 0.201576 0.338920 -0.180729
v 0.202285 0.338708 -0.175132
v 0.202825 0.339974 -0.170157
v 0.166432 0.344355 -0.166141
v 0.127517 0.350630 -0.163717
v 0.091474 0.363759 -0.161319
v 0.054920 0.377806 -0.157363
v 0.018192 0.383579 -0.150484
v 0.018716 0.409146 0.012139
v 0.057346 0.412305 0.069739
v 0.096800 0.411643 0.123042
v 0.136479 0.410221 0.175370
v 0.179309 0.406968 0.220469
v 0.219318 0.403121 0.237918
v 0.240968 0.394131 0.240322
v 0.248261 0.383638 0.240654
v 0.251994 0.376269 0.245458
v 0.252956 0.376354 0.254996
v 0.250908 0.381925 0.263424
v 0.244061 0.390952 0.266762
v 0.221592 0.403394 0.268785
v 0.181469 0.416378 0.268889
v 0.138869 0.429572 0.261653
v 0.099350 0.441085 0.250658
v 0.059303 0.452123 0.235553
v 0.019530 0.463381 0.210747
v 0.017813 0.378594 -0.187034
v 0.053944 0.363967 -0.188501
v 0.090119 0.352106 -0.189531
v 0.125893 0.345099 -0.188828
v 0.164723 0.340528 -0.185670
v 0.165191 0.338824 -0.180547
v 0.165776 0.338611 -0.174954
v 0.166222 0.339877 -0.169980
v 0.127470 0.344217 -0.165905
v 0.091411 0.350534 -0.163537
v 0.054851 0.363680 -0.161157
v 0.018170 0.377703 -0.157183
v 0.018984 0.412208 0.069918
v 0.058108 0.411571 0.123222
v 0.097929 0.410171 0.175453
v 0.137605 0.406841 0.220476
v 0.179851 0.403119 0.237921
v 0.219828 0.394287 0.240444
v 0.241475 0.383853 0.240825
v 0.248668 0.376392 0.241584
v 0.252354 0.371770 0.247097
v 0.252951 0.371962 0.253185
v 0.250611 0.376351 0.261328
v 0.244043 0.381865 0.265518
v 0.221902 0.390985 0.268067
v 0.181752 0.403376 0.269372
v 0.139307 0.416361 0.269001
v 0.099677 0.429653 0.261762
v 0.059670 0.441248 0.250832
v 0.019641 0.449912 0.234143
v 0.017843 0.363825 -0.188378
v 0.054021 0.352008 -0.189350
v 0.090228 0.345002 -0.188652
v 0.126125 0.340397 -0.185498
v 0.126493 0.338686 -0.180354
v 0.126954 0.338475 -0.174763
v 0.127306 0.339741 -0.169788
v 0.091377 0.344120 -0.165725
v 0.054812 0.350446 -0.163373
v 0.018147 0.363583 -0.160977
v 0.019240 0.411475 0.123402
v 0.058798 0.410145 0.175536
v 0.098746 0.406836 0.220472
v 0.138035 0.403042 0.237885
v 0.180272 0.394290 0.240398
v 0.220272 0.383859 0.240905
v 0.241863 0.376625 0.241794
v 0.249233 0.371771 0.244588
v 0.249717 0.370544 0.248289
v 0.250080 0.370683 0.252057
v 0.250424 0.372101 0.257118
v 0.243750 0.376275 0.262862
v 0.222219 0.381840 0.266642
v 0.181988 0.390982 0.268567
v 0.139536 0.403346 0.269513
v 0.100009 0.416348 0.268997
v 0.059869 0.429567 0.261592
v 0.019757 0.441224 0.250789
v 0.017868 0.351908 -0.189180
v 0.054088 0.344905 -0.188471
v 0.090397 0.340300 -0.185318
v 0.090665 0.338589 -0.180173
v 0.091001 0.338378 -0.174585
v 0.091257 0.339644 -0.169609
v 0.054792 0.344028 -0.165552
v 0.018134 0.350349 -0.163193
v 0.019471 0.410095 0.175619
v 0.059297 0.406850 0.220467
v 0.099058 0.403041 0.237830
v 0.138367 0.394248 0.240239
v 0.180638 0.383732 0.240854
v 0.220612 0.376660 0.241882
v 0.242414 0.371819 0.244729
v 0.242881 0.370546 0.248329
v 0.243235 0.370632 0.252364
v 0.243571 0.372036 0.257971
v 0.222297 0.376238 0.263886
v 0.182251 0.381837 0.267021
v 0.139705 0.390973 0.268687
v 0.100175 0.403328 0.269509
v 0.060108 0.416337 0.268975
v 0.019831 0.429572 0.261583
v 0.017891 0.344808 -0.188296
v 0.054191 0.340207 -0.185134
v 0.054356 0.338497 -0.179992
v 0.054561 0.338286 -0.174405
v 0.054718 0.339552 -0.169430
v 0.018127 0.343931 -0.165372
v 0.019638 0.406845 0.220463
v 0.059487 0.403053 0.237800
v 0.099298 0.394231 0.240049
v 0.138658 0.383595 0.240694
v 0.180919 0.376535 0.241883
v 0.221105 0.371864 0.244831
v 0.221513 0.370609 0.248355
v 0.221830 0.370657 0.252538
v 0.222153 0.372003 0.258618
v 0.182316 0.376227 0.264194
v 0.139913 0.381845 0.267073
v 0.100268 0.390970 0.268684
v 0.060209 0.403311 0.269483
v 0.019928 0.416324 0.268970
v 0.017925 0.340110 -0.184954
v 0.017981 0.338400 -0.179811
v 0.018050 0.338189 -0.174226
v 0.018102 0.339455 -0.169251
v 0.019702 0.403051 0.237803
v 0.059632 0.394228 0.239943
v 0.099512 0.383521 0.240492
v 0.138880 0.376381 0.241760
v 0.181327 0.371872 0.244847
v 0.181664 0.370617 0.248370
v 0.181929 0.370666 0.252665
v 0.182197 0.372008 0.258877
v 0.139965 0.376231 0.264201
v 0.100419 0.381858 0.267072
v 0.060225 0.390969 0.268663
v 0.019962 0.403293 0.269479
v 0.019751 0.394229 0.239933
v 0.059765 0.383494 0.240376
v 0.099674 0.376281 0.241560
v 0.139199 0.371846 0.244773
v 0.139464 0.370612 0.248383
v 0.139673 0.370670 0.252723
v 0.139879 0.372022 0.258928
v 0.100456 0.376240 0.264201
v 0.060316 0.381871 0.267062
v 0.019950 0.390966 0.268660
v 0.019796 0.383495 0.240364
v 0.059864 0.376239 0.241448
v 0.099901 0.371806 0.244653
v 0.100093 0.370620 0.248398
v 0.100245 0.370678 0.252728
v 0.100394 0.372030 0.258929
v 0.060339 0.376249 0.264200
v 0.019981 0.381883 0.267060
v 0.019829 0.376241 0.241452
v 0.060001 0.371787 0.244592
v 0.060118 0.370630 0.248413
v 0.060210 0.370686 0.252726
v 0.060301 0.372037 0.258922
v 0.019988 0.376258 0.264200
v 0.019875 0.371794 0.244607
v 0.019914 0.370637 0.248427
v 0.019945 0.370694 0.252732
v 0.019976 0.372045 0.258923
v -0.249634 0.393286 -0.184970
v -0.224859 0.392195 -0.177723
v -0.291396 -0.000000 0.233865
v -0.286063 -0.000000 0.230546
v -0.291026 -0.000000 0.230834
v -0.273656 0.406843 0.166885
v -0.268322 0.401779 0.161340
v -0.273286 0.402113 0.161696
v -0.280350 0.304145 0.226335
v -0.275017 0.298932 0.222067
v -0.279980 0.299269 0.222342
v -0.242857 0.470072 -0.183665
v -0.248273 0.469768 -0.178485
v -0.247834 0.469762 -0.183302
v -0.245088 0.545117 -0.186437
v -0.239743 0.544353 -0.190971
v -0.244709 0.544366 -0.190641
v -0.237530 0.588429 -0.198789
v -0.242862 0.589678 -0.194518
v -0.242492 0.588538 -0.198471
v -0.256995 0.399312 -0.039512
v -0.251653 0.394918 -0.039720
v -0.256617 0.395284 -0.039692
v -0.248315 0.385253 -0.087532
v -0.253666 0.390230 -0.087475
v -0.253280 0.385613 -0.087493
v -0.275012 0.402919 0.190785
v -0.269679 0.397393 0.185886
v -0.274642 0.397737 0.186146
v -0.272429 0.371503 0.217351
v -0.277762 0.377259 0.221945
v -0.277393 0.371881 0.217618
v -0.270424 0.392428 0.199320
v -0.275757 0.398266 0.203757
v -0.275387 0.392798 0.199511
v -0.271185 0.387969 0.206713
v -0.276518 0.393757 0.211287
v -0.276148 0.388354 0.206919
v -0.271878 0.382062 0.212096
v -0.277211 0.387675 0.216822
v -0.276842 0.382444 0.212340
v -0.271387 -0.000000 0.230546
v -0.266053 -0.000000 0.233867
v -0.266423 -0.000000 0.230834
v -0.253647 0.401778 0.161371
v -0.248313 0.406864 0.166957
v -0.248683 0.402118 0.161753
v -0.260341 0.298884 0.222072
v -0.255007 0.304075 0.226346
v -0.255377 0.299190 0.222351
v -0.222930 0.470183 -0.178530
v -0.228179 0.470341 -0.183671
v -0.223231 0.470195 -0.183321
v -0.225065 0.544329 -0.190965
v -0.219746 0.545083 -0.186456
v -0.220105 0.544326 -0.190637
v -0.217519 0.589599 -0.194518
v -0.222851 0.588381 -0.198774
v -0.217888 0.588457 -0.198451
v -0.236977 0.394919 -0.039752
v -0.231652 0.399386 -0.039557
v -0.232014 0.395302 -0.039744
v -0.228323 0.390367 -0.087712
v -0.233639 0.385273 -0.087678
v -0.228677 0.385668 -0.087736
v -0.255003 0.397374 0.186016
v -0.249669 0.402909 0.191001
v -0.250039 0.397710 0.186366
v -0.252420 0.377114 0.221996
v -0.257753 0.371406 0.217382
v -0.252790 0.371720 0.217671
v -0.250414 0.398149 0.204109
v -0.255747 0.392342 0.199542
v -0.250784 0.392659 0.199883
v -0.251175 0.393529 0.211586
v -0.256508 0.387815 0.206902
v -0.251545 0.388099 0.207236
v -0.251869 0.387422 0.216991
v -0.257202 0.381893 0.212203
v -0.252238 0.382165 0.212518
v -0.246847 0.430709 -0.108550
v -0.252113 0.424472 -0.110917
v -0.251808 0.430340 -0.108644
v -0.286063 -0.000000 0.256544
v -0.291396 -0.000000 0.253224
v -0.291026 -0.000000 0.256256
v -0.268322 0.446712 0.210634
v -0.273656 0.441465 0.204872
v -0.273286 0.446341 0.210226
v -0.275017 0.346037 0.260088
v -0.280350 0.340753 0.255755
v -0.279980 0.345699 0.259798
v -0.248402 0.479355 -0.144019
v -0.243077 0.480852 -0.139067
v -0.248041 0.480747 -0.139382
v -0.239742 0.553649 -0.152515
v -0.245077 0.552520 -0.157027
v -0.244705 0.553569 -0.152842
v -0.242862 0.597530 -0.167273
v -0.237528 0.598765 -0.162987
v -0.242492 0.598671 -0.163312
v -0.251723 0.430081 -0.038171
v -0.257048 0.425660 -0.038369
v -0.256686 0.429709 -0.038189
v -0.253859 0.423081 -0.085379
v -0.248565 0.428230 -0.084851
v -0.253526 0.427854 -0.084885
v -0.250058 0.445286 -0.135179
v -0.244813 0.447744 -0.129806
v -0.249778 0.447505 -0.130062
v -0.269678 0.447564 0.230736
v -0.275012 0.441932 0.225684
v -0.274642 0.447204 0.230411
v -0.277762 0.417900 0.254680
v -0.272429 0.423705 0.259352
v -0.277393 0.423342 0.259061
v -0.275757 0.439964 0.236184
v -0.270423 0.445838 0.240754
v -0.275387 0.445483 0.240478
v -0.276518 0.435105 0.244780
v -0.271184 0.440897 0.249471
v -0.276148 0.440552 0.249192
v -0.277211 0.427574 0.251062
v -0.271878 0.433189 0.255880
v -0.276842 0.432851 0.255590
v -0.226767 0.424521 -0.111012
v -0.232172 0.430708 -0.108549
v -0.227206 0.430332 -0.108637
v -0.266053 -0.000000 0.253228
v -0.271386 -0.000000 0.256544
v -0.266423 -0.000000 0.256257
v -0.248313 0.441463 0.204875
v -0.253647 0.446712 0.210634
v -0.248683 0.446340 0.210225
v -0.255007 0.340749 0.255760
v -0.260341 0.346038 0.260088
v -0.255377 0.345700 0.259799
v -0.228401 0.480852 -0.139067
v -0.223059 0.479405 -0.144014
v -0.223438 0.480750 -0.139379
v -0.219734 0.552518 -0.157018
v -0.225066 0.553649 -0.152515
v -0.220102 0.553570 -0.152840
v -0.222852 0.598765 -0.162987
v -0.217519 0.597522 -0.167262
v -0.217889 0.598671 -0.163310
v -0.231705 0.425662 -0.038375
v -0.237048 0.430081 -0.038171
v -0.232083 0.429708 -0.038189
v -0.233890 0.428230 -0.084850
v -0.228516 0.423093 -0.085414
v -0.228924 0.427852 -0.084885
v -0.230137 0.447743 -0.129805
v -0.224716 0.445413 -0.135158
v -0.225176 0.447508 -0.130055
v -0.249669 0.441927 0.225705
v -0.255003 0.447564 0.230736
v -0.250039 0.447203 0.230411
v -0.257753 0.423705 0.259352
v -0.252420 0.417887 0.254690
v -0.252790 0.423343 0.259062
v -0.255748 0.445838 0.240753
v -0.250414 0.439948 0.236224
v -0.250784 0.445482 0.240478
v -0.256509 0.440898 0.249470
v -0.251175 0.435079 0.244815
v -0.251545 0.440552 0.249192
v -0.257202 0.433190 0.255880
v -0.251869 0.427547 0.251085
v -0.252239 0.432851 0.255591
v -0.269908 0.409435 0.120531
v -0.264575 0.404892 0.115956
v -0.269538 0.405238 0.116300
v -0.265565 0.408858 0.067495
v -0.260231 0.404597 0.064380
v -0.265195 0.404957 0.064641
v -0.255887 0.401467 0.012196
v -0.261221 0.405651 0.013736
v -0.260851 0.401833 0.012332
v -0.249900 0.404892 0.115963
v -0.244566 0.409465 0.120570
v -0.244936 0.405246 0.116318
v -0.245556 0.404597 0.064381
v -0.240222 0.408899 0.067524
v -0.240592 0.404966 0.064648
v -0.235878 0.405705 0.013746
v -0.241212 0.401467 0.012190
v -0.236248 0.401845 0.012328
v -0.264575 0.442954 0.154461
v -0.269908 0.438260 0.149728
v -0.269538 0.442578 0.154084
v -0.260231 0.438554 0.089330
v -0.265565 0.434206 0.086147
v -0.265195 0.438176 0.089056
v -0.261221 0.429927 0.022643
v -0.255887 0.434153 0.024200
v -0.260851 0.433778 0.024061
v -0.244566 0.438258 0.149728
v -0.249899 0.442955 0.154461
v -0.244936 0.442577 0.154083
v -0.240222 0.434206 0.086147
v -0.245556 0.438554 0.089330
v -0.240592 0.438175 0.089055
v -0.241212 0.434153 0.024200
v -0.235878 0.429927 0.022642
v -0.236248 0.433777 0.024060
v -0.243791 0.411308 -0.183635
v -0.249341 0.412556 -0.176145
v -0.248759 0.411281 -0.183242
v -0.223989 0.412494 -0.176260
v -0.229113 0.411601 -0.183646
v -0.224153 0.411629 -0.183272
v -0.247607 0.337252 -0.192949
v -0.253038 0.335329 -0.187573
v -0.252500 0.337102 -0.192570
v -0.254242 0.322727 -0.151568
v -0.249156 0.320979 -0.146591
v -0.254027 0.321064 -0.146775
v -0.228175 0.335555 -0.187592
v -0.233257 0.337300 -0.192990
v -0.228388 0.337182 -0.192635
v -0.234814 0.321042 -0.146985
v -0.229300 0.324136 -0.151432
v -0.229903 0.321460 -0.147266
v -0.251078 0.247981 -0.209771
v -0.256110 0.246180 -0.204875
v -0.255589 0.247832 -0.209395
v -0.257161 0.234738 -0.173536
v -0.252448 0.233098 -0.168982
v -0.256937 0.233157 -0.169201
v -0.233546 0.246299 -0.204905
v -0.238253 0.248028 -0.209809
v -0.233765 0.247911 -0.209456
v -0.239624 0.233262 -0.169267
v -0.234585 0.235204 -0.173481
v -0.235110 0.233480 -0.169572
v -0.253371 0.162566 -0.226754
v -0.258027 0.160891 -0.222199
v -0.257518 0.162419 -0.226380
v -0.258967 0.150657 -0.194170
v -0.254608 0.149125 -0.189916
v -0.258733 0.149190 -0.190148
v -0.237651 0.160964 -0.222239
v -0.242002 0.162608 -0.226787
v -0.237878 0.162490 -0.226435
v -0.243240 0.149270 -0.190169
v -0.238600 0.150768 -0.194224
v -0.239096 0.149412 -0.190504
v -0.256720 0.004060 -0.258467
v -0.260865 0.003992 -0.254274
v -0.260368 0.004054 -0.258071
v -0.261645 0.003590 -0.231001
v -0.257775 0.003528 -0.227048
v -0.261399 0.003531 -0.227325
v -0.243484 0.003995 -0.254305
v -0.247348 0.004062 -0.258495
v -0.243725 0.004057 -0.258117
v -0.248404 0.003533 -0.227257
v -0.244273 0.003595 -0.231019
v -0.244758 0.003539 -0.227620
v -0.260937 -0.000000 -0.255105
v -0.256801 -0.000000 -0.259294
v -0.260441 -0.000000 -0.258897
v -0.257853 -0.000000 -0.227971
v -0.261715 -0.000000 -0.231922
v -0.261468 -0.000000 -0.228249
v -0.247464 -0.000000 -0.259322
v -0.243609 -0.000000 -0.255136
v -0.243850 -0.000000 -0.258943
v -0.244396 -0.000000 -0.231938
v -0.248517 -0.000000 -0.228179
v -0.244880 -0.000000 -0.228543
v -0.250999 0.432026 -0.126044
v -0.245812 0.436391 -0.120798
v -0.250775 0.436058 -0.120969
v -0.231137 0.436390 -0.120796
v -0.225656 0.432001 -0.126023
v -0.226173 0.436044 -0.120947
v -0.231104 0.374144 -0.187498
v -0.226150 0.374031 -0.187137
v -0.252763 0.358592 -0.138603
v -0.245781 0.374099 -0.187463
v -0.251316 0.372215 -0.181296
v -0.252557 0.356708 -0.133307
v -0.250756 0.373960 -0.187083
v -0.229982 0.393455 -0.185378
v -0.232956 0.356184 -0.133828
v -0.247607 0.356492 -0.133210
v -0.227985 0.356304 -0.134310
v -0.227408 0.358624 -0.139441
v -0.225956 0.372288 -0.181412
v -0.225023 0.393393 -0.185007
v -0.248542 0.431530 -0.182372
v -0.243565 0.431836 -0.182746
v -0.249068 0.432498 -0.176779
v -0.223725 0.433723 -0.176810
v -0.223939 0.432995 -0.182372
v -0.228888 0.432781 -0.182739
v -0.244661 0.393365 -0.185356
v -0.250229 0.392165 -0.177567
v -0.252065 0.401974 -0.115828
v -0.253742 0.406474 -0.086905
v -0.280350 0.322440 0.241038
v -0.291396 -0.000000 0.243544
v -0.273656 0.424136 0.185858
v -0.275012 0.422415 0.208224
v -0.269908 0.423833 0.135114
v -0.277762 0.397571 0.238306
v -0.257021 0.412483 -0.038940
v -0.261221 0.417785 0.018188
v -0.275757 0.419108 0.219965
v -0.277211 0.407618 0.233937
v -0.276518 0.414425 0.228028
v -0.265565 0.421524 0.076814
v -0.253641 0.329014 -0.169547
v -0.256636 0.240451 -0.189183
v -0.258498 0.155767 -0.208166
v -0.261256 0.003791 -0.242624
v -0.261326 -0.000000 -0.243500
v -0.252035 0.365661 -0.159591
v -0.251212 0.384127 -0.150149
v -0.245084 0.548781 -0.171730
v -0.248345 0.474388 -0.161230
v -0.250207 0.420626 -0.149833
v -0.242862 0.593604 -0.180896
v -0.249571 0.438736 -0.155919
v -0.251105 0.400947 -0.138480
v -0.225833 0.384499 -0.150818
v -0.228728 0.329976 -0.169401
v -0.234065 0.240765 -0.189112
v -0.238127 0.155844 -0.208171
v -0.243881 0.003794 -0.242610
v -0.244004 -0.000000 -0.243484
v -0.226670 0.365792 -0.160070
v -0.228397 0.406584 -0.087070
v -0.226699 0.402388 -0.116416
v -0.266053 -0.000000 0.243548
v -0.255007 0.322404 0.241047
v -0.249669 0.422408 0.208344
v -0.248313 0.424147 0.185897
v -0.244566 0.423850 0.135136
v -0.252420 0.397493 0.238337
v -0.235878 0.417817 0.018194
v -0.231679 0.412529 -0.038966
v -0.250414 0.419043 0.220162
v -0.251869 0.407479 0.234033
v -0.251175 0.414299 0.228197
v -0.240222 0.421547 0.076831
v -0.224851 0.420668 -0.150055
v -0.223002 0.474624 -0.161252
v -0.219741 0.548764 -0.171736
v -0.217519 0.593560 -0.180893
v -0.224229 0.439395 -0.155927
v -0.225708 0.401613 -0.139444
v -0.252152 0.372264 -0.127903
v -0.252314 0.381505 -0.113382
v -0.247040 0.368213 -0.123173
v -0.247090 0.376156 -0.111469
v -0.251993 0.368466 -0.123249
v -0.252047 0.376441 -0.111518
v -0.232413 0.376233 -0.111740
v -0.232370 0.368204 -0.123544
v -0.226960 0.381814 -0.113938
v -0.226797 0.372478 -0.128626
v -0.227396 0.368486 -0.123885
v -0.227441 0.376595 -0.111983
v -0.230521 0.384182 -0.186396
v -0.237322 0.393411 -0.185367
v -0.244164 0.402297 -0.184409
v -0.248188 0.469400 -0.182161
v -0.246788 0.507014 -0.181979
v -0.245038 0.544467 -0.189617
v -0.246386 0.506740 -0.186452
v -0.246647 0.469983 -0.183618
v -0.243532 0.544360 -0.190931
v -0.241414 0.506890 -0.186799
v -0.253607 0.386739 -0.087503
v -0.252103 0.385294 -0.087496
v -0.291350 -0.000000 0.231645
v -0.285079 0.173627 0.229766
v -0.280304 0.300359 0.223256
v -0.284709 0.170769 0.226194
v -0.289851 -0.000000 0.230582
v -0.278805 0.298985 0.222100
v -0.279746 0.170572 0.225913
v -0.243819 0.571389 -0.190622
v -0.242815 0.588821 -0.197492
v -0.243449 0.570364 -0.194667
v -0.241318 0.588453 -0.198753
v -0.238486 0.570274 -0.194989
v -0.261175 0.402859 0.012710
v -0.259064 0.402906 -0.012940
v -0.256942 0.396338 -0.039644
v -0.258693 0.399037 -0.013606
v -0.259676 0.401513 0.012214
v -0.255441 0.394963 -0.039710
v -0.253729 0.398671 -0.013674
v -0.255125 0.394936 -0.065448
v -0.254735 0.390627 -0.065554
v -0.249770 0.390258 -0.065587
v -0.273467 0.397440 0.185890
v -0.270050 0.394893 0.193510
v -0.274212 0.392493 0.199296
v -0.275014 0.395249 0.193725
v -0.274966 0.398891 0.187179
v -0.275711 0.393995 0.200436
v -0.275383 0.400609 0.198086
v -0.270806 0.390196 0.203534
v -0.274973 0.388051 0.206698
v -0.275769 0.390576 0.203724
v -0.276472 0.389532 0.207866
v -0.276139 0.396049 0.207997
v -0.271547 0.385397 0.209449
v -0.275667 0.382146 0.212104
v -0.276510 0.385783 0.209673
v -0.277165 0.383590 0.213317
v -0.276880 0.391086 0.214128
v -0.272170 0.377544 0.214833
v -0.276218 0.371571 0.217377
v -0.277133 0.377922 0.215091
v -0.277716 0.373073 0.218575
v -0.277503 0.383165 0.219517
v -0.274560 0.404996 0.181239
v -0.273609 0.403206 0.162895
v -0.274190 0.400023 0.176216
v -0.272110 0.401821 0.161377
v -0.269226 0.399687 0.175901
v -0.272934 0.356785 0.219477
v -0.277897 0.357167 0.219749
v -0.278267 0.362676 0.223964
v -0.224393 0.470381 -0.183629
v -0.226736 0.506931 -0.186802
v -0.221277 0.544324 -0.190923
v -0.221782 0.506808 -0.186464
v -0.222937 0.469841 -0.182195
v -0.219787 0.544429 -0.189626
v -0.221445 0.507091 -0.182014
v -0.229851 0.385326 -0.087716
v -0.228357 0.386838 -0.087750
v -0.267598 -0.000000 0.230582
v -0.265069 0.170547 0.225915
v -0.256552 0.298912 0.222108
v -0.260106 0.170728 0.226197
v -0.266100 -0.000000 0.231646
v -0.255054 0.300281 0.223267
v -0.259736 0.173591 0.229771
v -0.223808 0.570232 -0.194977
v -0.219063 0.588380 -0.198730
v -0.218845 0.570292 -0.194654
v -0.217565 0.588737 -0.197483
v -0.218477 0.571319 -0.190629
v -0.237424 0.401514 0.012206
v -0.239054 0.398671 -0.013685
v -0.233189 0.394967 -0.039758
v -0.234090 0.399050 -0.013621
v -0.235925 0.402895 0.012714
v -0.231692 0.396387 -0.039694
v -0.233721 0.402969 -0.012947
v -0.235094 0.390263 -0.065666
v -0.230132 0.390655 -0.065685
v -0.229783 0.395031 -0.065567
v -0.249716 0.398873 0.187407
v -0.250041 0.400553 0.198386
v -0.250460 0.393862 0.200814
v -0.250411 0.395174 0.194039
v -0.251214 0.397412 0.186088
v -0.251959 0.392363 0.199632
v -0.255374 0.394845 0.193696
v -0.250796 0.395871 0.208343
v -0.251221 0.389280 0.208187
v -0.251166 0.390373 0.204091
v -0.252720 0.387817 0.206985
v -0.256129 0.390072 0.203752
v -0.251537 0.390827 0.214365
v -0.251915 0.383312 0.213498
v -0.251907 0.385497 0.209924
v -0.253413 0.381891 0.212265
v -0.256870 0.385225 0.209598
v -0.252160 0.382960 0.219619
v -0.252466 0.372914 0.218629
v -0.252530 0.377695 0.215199
v -0.253965 0.371424 0.217425
v -0.257493 0.377408 0.214897
v -0.254551 0.399682 0.175974
v -0.249858 0.401821 0.161425
v -0.249587 0.400020 0.176343
v -0.248359 0.403220 0.162963
v -0.249217 0.405009 0.181372
v -0.252924 0.362574 0.223988
v -0.253294 0.357053 0.219771
v -0.258257 0.356716 0.219490
v -0.233536 0.344615 -0.139428
v -0.231095 0.321108 -0.147105
v -0.229503 0.322390 -0.148016
v -0.246866 0.480840 -0.139106
v -0.241441 0.516522 -0.145686
v -0.243530 0.553639 -0.152556
v -0.246404 0.516443 -0.146011
v -0.248364 0.480416 -0.140433
v -0.245029 0.553319 -0.153857
v -0.246776 0.515289 -0.150403
v -0.248601 0.447714 -0.129838
v -0.244150 0.459005 -0.133995
v -0.249115 0.458839 -0.134286
v -0.250093 0.446869 -0.131084
v -0.249442 0.457075 -0.139167
v -0.252353 0.428183 -0.084855
v -0.247561 0.428985 -0.099049
v -0.250635 0.430663 -0.108562
v -0.252521 0.428610 -0.099111
v -0.253841 0.426694 -0.084997
v -0.252120 0.429053 -0.109069
v -0.252847 0.423263 -0.100189
v -0.289851 -0.000000 0.256508
v -0.279746 0.198158 0.258689
v -0.278805 0.345995 0.260052
v -0.284709 0.197959 0.258401
v -0.291350 -0.000000 0.255444
v -0.280304 0.344574 0.258858
v -0.285079 0.195059 0.254798
v -0.238485 0.579910 -0.158158
v -0.241317 0.598753 -0.163027
v -0.243448 0.579824 -0.158485
v -0.242815 0.598388 -0.164295
v -0.243818 0.578761 -0.162535
v -0.259675 0.434106 0.024182
v -0.253738 0.431993 -0.008021
v -0.255511 0.430035 -0.038174
v -0.258701 0.431621 -0.008087
v -0.261175 0.432735 0.023676
v -0.257008 0.428645 -0.038237
v -0.259070 0.427723 -0.008757
v -0.249968 0.428694 -0.064291
v -0.254930 0.428320 -0.064303
v -0.255277 0.423986 -0.064466
v -0.249600 0.436349 -0.120819
v -0.245336 0.440926 -0.125508
v -0.250300 0.440631 -0.125722
v -0.251079 0.435055 -0.121860
v -0.250537 0.437822 -0.131009
v -0.274966 0.446005 0.229333
v -0.275383 0.441270 0.231185
v -0.275711 0.444261 0.239527
v -0.275014 0.446694 0.235606
v -0.273466 0.447519 0.230696
v -0.274211 0.445794 0.240719
v -0.270050 0.447051 0.235897
v -0.276139 0.437902 0.240733
v -0.276472 0.439354 0.248221
v -0.275769 0.443420 0.245049
v -0.274972 0.440854 0.249436
v -0.270805 0.443771 0.245323
v -0.276880 0.431637 0.248250
v -0.277165 0.431684 0.254589
v -0.276510 0.436983 0.252749
v -0.275666 0.433147 0.255844
v -0.271546 0.437323 0.253034
v -0.277503 0.422988 0.253171
v -0.277716 0.422119 0.258077
v -0.277133 0.428285 0.257646
v -0.276217 0.423659 0.259316
v -0.272170 0.428630 0.257937
v -0.269226 0.447504 0.224135
v -0.272110 0.446666 0.210583
v -0.274190 0.447139 0.223762
v -0.273609 0.445175 0.208944
v -0.274560 0.442043 0.218606
v -0.278267 0.404132 0.255641
v -0.277897 0.409714 0.259914
v -0.272934 0.410092 0.260204
v -0.223114 0.480428 -0.140427
v -0.221434 0.515301 -0.150395
v -0.219779 0.553320 -0.153849
v -0.221801 0.516443 -0.146009
v -0.224613 0.480839 -0.139106
v -0.221278 0.553639 -0.152556
v -0.226765 0.516522 -0.145686
v -0.224844 0.446894 -0.131067
v -0.224099 0.457190 -0.139161
v -0.224513 0.458844 -0.134283
v -0.226349 0.447713 -0.129836
v -0.229475 0.459005 -0.133995
v -0.228591 0.426690 -0.085004
v -0.227502 0.423292 -0.100253
v -0.226870 0.429041 -0.109067
v -0.227919 0.428606 -0.099110
v -0.230102 0.428183 -0.084854
v -0.228383 0.430661 -0.108560
v -0.232885 0.428985 -0.099048
v -0.266100 -0.000000 0.255447
v -0.259736 0.195057 0.254803
v -0.255054 0.344575 0.258861
v -0.260106 0.197960 0.258401
v -0.267598 -0.000000 0.256508
v -0.256552 0.345996 0.260052
v -0.265069 0.198158 0.258689
v -0.218475 0.578754 -0.162525
v -0.217565 0.598387 -0.164288
v -0.218845 0.579824 -0.158482
v -0.219064 0.598753 -0.163027
v -0.223809 0.579910 -0.158158
v -0.235925 0.432732 0.023674
v -0.233728 0.427724 -0.008759
v -0.231758 0.428642 -0.038239
v -0.234099 0.431619 -0.008087
v -0.237424 0.434106 0.024182
v -0.233259 0.430034 -0.038173
v -0.239063 0.431993 -0.008021
v -0.229934 0.423990 -0.064482
v -0.230327 0.428318 -0.064303
v -0.235293 0.428694 -0.064290
v -0.225831 0.435022 -0.121808
v -0.225196 0.437857 -0.130957
v -0.225698 0.440625 -0.125706
v -0.227349 0.436346 -0.120815
v -0.230661 0.440924 -0.125506
v -0.251215 0.447519 0.230695
v -0.255375 0.447052 0.235896
v -0.251960 0.445794 0.240718
v -0.250411 0.446693 0.235606
v -0.249716 0.446001 0.229336
v -0.250461 0.444256 0.239535
v -0.250041 0.441259 0.231217
v -0.256130 0.443772 0.245322
v -0.252720 0.440855 0.249435
v -0.251166 0.443420 0.245049
v -0.251221 0.439348 0.248229
v -0.250796 0.437879 0.240772
v -0.256871 0.437323 0.253034
v -0.253414 0.433148 0.255844
v -0.251907 0.436983 0.252750
v -0.251915 0.431678 0.254595
v -0.251537 0.431608 0.248279
v -0.257494 0.428631 0.257937
v -0.253965 0.423660 0.259316
v -0.252530 0.428285 0.257647
v -0.252466 0.422118 0.258080
v -0.252160 0.422967 0.253186
v -0.249217 0.442039 0.218616
v -0.248359 0.445172 0.208943
v -0.249587 0.447138 0.223761
v -0.249858 0.446666 0.210583
v -0.254551 0.447504 0.224134
v -0.258257 0.410093 0.260204
v -0.253294 0.409715 0.259915
v -0.252924 0.404125 0.255648
v -0.272006 0.408436 0.145795
v -0.269862 0.406283 0.117348
v -0.271636 0.403984 0.140932
v -0.268363 0.404935 0.115998
v -0.266672 0.403645 0.140569
v -0.267736 0.409532 0.094188
v -0.265518 0.405984 0.065388
v -0.267366 0.405515 0.090642
v -0.264019 0.404642 0.064413
v -0.262403 0.405161 0.090334
v -0.263393 0.407592 0.040604
v -0.263023 0.403758 0.038459
v -0.258059 0.403394 0.038257
v -0.251997 0.403645 0.140580
v -0.246111 0.404936 0.116009
v -0.247033 0.403990 0.140958
v -0.244612 0.406303 0.117378
v -0.246663 0.408462 0.145840
v -0.247728 0.405162 0.090337
v -0.241768 0.404643 0.064415
v -0.242764 0.405524 0.090654
v -0.240268 0.406011 0.065408
v -0.242394 0.409567 0.094223
v -0.243384 0.403394 0.038254
v -0.238420 0.403769 0.038461
v -0.238050 0.407639 0.040626
v -0.266672 0.445074 0.185907
v -0.268363 0.442907 0.154414
v -0.271636 0.444700 0.185500
v -0.269862 0.441473 0.152974
v -0.272006 0.440105 0.180480
v -0.262403 0.440754 0.121896
v -0.264019 0.438506 0.089296
v -0.267366 0.440376 0.121565
v -0.265518 0.437114 0.088281
v -0.267736 0.436266 0.117930
v -0.258059 0.436353 0.056765
v -0.263023 0.435977 0.056555
v -0.263393 0.432096 0.054380
v -0.246663 0.440103 0.180479
v -0.244612 0.441470 0.152971
v -0.247033 0.444698 0.185499
v -0.246111 0.442907 0.154414
v -0.251997 0.445074 0.185907
v -0.242394 0.436265 0.117930
v -0.240268 0.437111 0.088279
v -0.242764 0.440375 0.121564
v -0.241767 0.438506 0.089296
v -0.247728 0.440754 0.121896
v -0.238050 0.432096 0.054379
v -0.238420 0.435976 0.056555
v -0.243384 0.436353 0.056765
v -0.253309 0.346578 -0.144137
v -0.254317 0.321431 -0.147843
v -0.252870 0.320976 -0.146528
v -0.223791 0.422848 -0.176679
v -0.223861 0.411634 -0.181828
v -0.223845 0.446903 -0.182224
v -0.225325 0.411669 -0.183602
v -0.228792 0.446866 -0.182584
v -0.249116 0.411515 -0.181771
v -0.248934 0.446123 -0.177025
v -0.248586 0.420721 -0.182735
v -0.247579 0.411249 -0.183583
v -0.243614 0.420876 -0.183120
v -0.229542 0.337295 -0.192955
v -0.229485 0.402412 -0.184427
v -0.226909 0.361200 -0.188729
v -0.228102 0.336777 -0.191451
v -0.226705 0.359509 -0.183401
v -0.252863 0.336678 -0.191395
v -0.249757 0.402292 -0.175792
v -0.251452 0.361131 -0.188667
v -0.251325 0.337223 -0.192893
v -0.246487 0.361279 -0.189048
v -0.233479 0.247511 -0.208338
v -0.234871 0.248024 -0.209773
v -0.255950 0.247425 -0.208284
v -0.254462 0.247952 -0.209716
v -0.255829 0.233070 -0.168946
v -0.257226 0.233526 -0.170216
v -0.234747 0.233939 -0.170373
v -0.236239 0.233325 -0.169368
v -0.237591 0.162102 -0.225366
v -0.238939 0.162602 -0.226751
v -0.257877 0.162029 -0.225315
v -0.256436 0.162538 -0.226700
v -0.257671 0.149101 -0.189888
v -0.259023 0.149548 -0.191130
v -0.238744 0.149717 -0.191339
v -0.240175 0.149321 -0.190267
v -0.243437 0.004041 -0.257060
v -0.244722 0.004062 -0.258454
v -0.260727 0.004038 -0.257017
v -0.259348 0.004059 -0.258411
v -0.260401 0.003527 -0.227034
v -0.261689 0.003546 -0.228315
v -0.244406 0.003553 -0.228475
v -0.245775 0.003535 -0.227351
v -0.261758 -0.000000 -0.229241
v -0.260471 -0.000000 -0.227957
v -0.244528 -0.000000 -0.229399
v -0.245896 -0.000000 -0.228272
v -0.244846 -0.000000 -0.259281
v -0.243562 -0.000000 -0.257884
v -0.260799 -0.000000 -0.257842
v -0.259422 -0.000000 -0.259238
v -0.246293 0.433124 -0.115413
v -0.251255 0.432768 -0.115543
v -0.251512 0.427018 -0.119621
v -0.226165 0.427059 -0.119711
v -0.226653 0.432755 -0.115527
v -0.231618 0.433124 -0.115411
v -0.253804 0.415819 -0.086134
v -0.240977 0.385263 -0.087605
v -0.241985 0.321011 -0.146788
v -0.226194 0.393466 -0.185336
v -0.280350 0.312065 0.232708
v -0.291396 -0.000000 0.248980
v -0.278725 -0.000000 0.230546
v -0.267679 0.298908 0.222069
v -0.273656 0.414343 0.175114
v -0.275012 0.433475 0.218117
v -0.262341 0.397384 0.185951
v -0.260984 0.401779 0.161355
v -0.269908 0.415710 0.126885
v -0.257237 0.404892 0.115960
v -0.277762 0.386047 0.229023
v -0.265091 0.371454 0.217366
v -0.245088 0.546677 -0.180037
v -0.248378 0.477197 -0.151475
v -0.250680 0.426410 -0.135803
v -0.235518 0.470204 -0.183668
v -0.232404 0.544341 -0.190968
v -0.236452 0.411452 -0.183641
v -0.242862 0.591389 -0.188583
v -0.230191 0.588405 -0.198782
v -0.257006 0.405075 -0.039261
v -0.261221 0.424598 0.020687
v -0.244315 0.394918 -0.039736
v -0.248550 0.401467 0.012193
v -0.275757 0.430941 0.229167
v -0.263086 0.392385 0.199431
v -0.277211 0.396298 0.224222
v -0.264540 0.381977 0.212150
v -0.276518 0.426161 0.237535
v -0.263846 0.387892 0.206808
v -0.228350 0.397404 -0.087540
v -0.226674 0.414977 -0.114625
v -0.225331 0.426440 -0.135915
v -0.225269 0.389773 -0.165485
v -0.266053 -0.000000 0.238112
v -0.255007 0.332801 0.249377
v -0.249669 0.411350 0.198510
v -0.248313 0.433936 0.196625
v -0.244566 0.431965 0.143356
v -0.252420 0.409057 0.247609
v -0.222967 0.471963 -0.171028
v -0.219737 0.550887 -0.163419
v -0.224391 0.402175 -0.175984
v -0.217519 0.595796 -0.173200
v -0.235878 0.411023 0.015699
v -0.231694 0.419912 -0.038634
v -0.250414 0.407185 0.211051
v -0.251869 0.418865 0.243708
v -0.251175 0.402508 0.218767
v -0.241228 0.428230 -0.084850
v -0.239510 0.430709 -0.108550
v -0.238474 0.436390 -0.120797
v -0.278725 -0.000000 0.256544
v -0.267679 0.346038 0.260088
v -0.262341 0.447564 0.230736
v -0.260984 0.446712 0.210634
v -0.257237 0.442954 0.154461
v -0.265091 0.423705 0.259352
v -0.235739 0.480852 -0.139067
v -0.232404 0.553649 -0.152515
v -0.237475 0.447743 -0.129806
v -0.230190 0.598765 -0.162987
v -0.248550 0.434153 0.024200
v -0.244385 0.430081 -0.038171
v -0.263086 0.445838 0.240753
v -0.264540 0.433190 0.255880
v -0.263846 0.440898 0.249470
v -0.252893 0.404597 0.064381
v -0.265565 0.414403 0.071573
v -0.240222 0.428656 0.082064
v -0.252893 0.438554 0.089330
v -0.253983 0.325447 -0.159352
v -0.240432 0.337276 -0.192970
v -0.228415 0.333124 -0.179695
v -0.256933 0.237219 -0.180330
v -0.244665 0.248004 -0.209790
v -0.246036 0.233180 -0.169125
v -0.233772 0.243887 -0.198028
v -0.258763 0.152882 -0.200264
v -0.247686 0.162587 -0.226771
v -0.248924 0.149198 -0.190042
v -0.237859 0.158728 -0.216096
v -0.261474 0.003678 -0.236102
v -0.252034 0.004061 -0.258481
v -0.253090 0.003530 -0.227152
v -0.243659 0.003907 -0.249160
v -0.261544 -0.000000 -0.237004
v -0.252133 -0.000000 -0.259308
v -0.253185 -0.000000 -0.228075
v -0.243783 -0.000000 -0.250009
v -0.231851 0.361320 -0.189087
v -0.225564 0.384094 -0.186030
v -0.245199 0.384114 -0.186368
v -0.252000 0.359354 -0.183334
v -0.253094 0.344926 -0.139028
v -0.250173 0.383994 -0.185986
v -0.248451 0.393335 -0.185303
v -0.251122 0.373557 -0.185806
v -0.249133 0.402275 -0.184018
v -0.249571 0.374072 -0.187408
v -0.252853 0.357118 -0.134414
v -0.238443 0.374121 -0.187481
v -0.227317 0.374139 -0.187461
v -0.252450 0.361699 -0.147595
v -0.248153 0.344776 -0.138889
v -0.228563 0.344888 -0.139821
v -0.251388 0.356585 -0.133089
v -0.240282 0.356338 -0.133519
v -0.229172 0.356132 -0.134022
v -0.227969 0.347372 -0.144494
v -0.225378 0.382432 -0.179691
v -0.224731 0.393108 -0.183529
v -0.227613 0.356926 -0.135369
v -0.224524 0.402370 -0.184053
v -0.225862 0.373623 -0.185863
v -0.226262 0.369528 -0.172113
v -0.248449 0.445802 -0.182216
v -0.243469 0.446169 -0.182585
v -0.249135 0.422222 -0.176627
v -0.248907 0.431541 -0.181112
v -0.249288 0.435116 -0.167745
v -0.247355 0.431625 -0.182700
v -0.223591 0.447122 -0.177062
v -0.223982 0.421742 -0.182748
v -0.228936 0.421574 -0.183120
v -0.223657 0.432934 -0.181130
v -0.223946 0.436083 -0.167771
v -0.236227 0.432300 -0.182743
v -0.225102 0.433017 -0.182692
v -0.250744 0.382365 -0.179558
v -0.249998 0.393073 -0.183477
v -0.250647 0.389586 -0.165082
v -0.252031 0.414755 -0.114284
v -0.253695 0.397263 -0.087329
v -0.280350 0.332818 0.249370
v -0.291396 -0.000000 0.238108
v -0.273656 0.433933 0.196607
v -0.275012 0.411357 0.198333
v -0.269908 0.431959 0.143348
v -0.277762 0.409097 0.247590
v -0.257036 0.419893 -0.038619
v -0.261221 0.410972 0.015689
v -0.275757 0.407277 0.210765
v -0.277211 0.418941 0.243653
v -0.276518 0.402691 0.218523
v -0.265565 0.428646 0.082057
v -0.252743 0.403910 -0.103097
v -0.285079 0.184338 0.242278
v -0.263393 0.419838 0.047488
v -0.267736 0.422887 0.106049
v -0.278267 0.383395 0.239796
v -0.275383 0.420931 0.214628
v -0.277503 0.403070 0.236338
v -0.255198 0.409438 -0.065016
v -0.272006 0.424253 0.163118
v -0.276139 0.416969 0.224360
v -0.259067 0.415311 -0.010849
v -0.274560 0.423504 0.199906
v -0.276880 0.411355 0.231184
v -0.253300 0.332585 -0.179747
v -0.256339 0.243686 -0.198042
v -0.258233 0.158654 -0.216072
v -0.261037 0.003904 -0.249150
v -0.261108 -0.000000 -0.249999
v -0.251626 0.369427 -0.171840
v -0.252657 0.352980 -0.163672
v -0.251550 0.375215 -0.155319
v -0.251078 0.393179 -0.143961
v -0.245080 0.550896 -0.163423
v -0.248310 0.471623 -0.170990
v -0.249736 0.415333 -0.164326
v -0.242862 0.595819 -0.173209
v -0.249852 0.442395 -0.144109
v -0.249845 0.429693 -0.153590
v -0.243819 0.575070 -0.176579
v -0.246787 0.511042 -0.166181
v -0.249197 0.451418 -0.158057
v -0.251530 0.400922 -0.127873
v -0.250713 0.409803 -0.143998
v -0.229043 0.326796 -0.159135
v -0.234358 0.237639 -0.180216
v -0.238395 0.152965 -0.200261
v -0.244102 0.003681 -0.236072
v -0.244225 -0.000000 -0.236973
v -0.227085 0.361829 -0.148269
v -0.226186 0.375324 -0.155903
v -0.227329 0.353573 -0.163829
v -0.228459 0.415876 -0.086231
v -0.266053 -0.000000 0.248985
v -0.255007 0.312010 0.232719
v -0.249669 0.433469 0.218181
v -0.248313 0.414362 0.175174
v -0.244566 0.415738 0.126919
v -0.252420 0.385931 0.229066
v -0.235878 0.424611 0.020689
v -0.231664 0.405144 -0.039298
v -0.250414 0.430903 0.229274
v -0.251869 0.396094 0.224360
v -0.251175 0.426091 0.237628
v -0.240222 0.414440 0.071600
v -0.259736 0.184319 0.242284
v -0.242394 0.422907 0.106069
v -0.238050 0.419866 0.047501
v -0.252924 0.383341 0.239811
v -0.246663 0.424267 0.163143
v -0.250796 0.416870 0.224554
v -0.251537 0.411212 0.231318
v -0.252160 0.402957 0.236398
v -0.250041 0.420899 0.214796
v -0.229856 0.409499 -0.065087
v -0.233725 0.415349 -0.010853
v -0.249217 0.423510 0.199979
v -0.227391 0.404130 -0.103428
v -0.224380 0.415299 -0.164526
v -0.223035 0.477327 -0.151481
v -0.219745 0.546650 -0.180053
v -0.217519 0.591324 -0.188585
v -0.224510 0.442750 -0.144097
v -0.221444 0.511088 -0.166197
v -0.223854 0.451975 -0.158076
v -0.218476 0.575032 -0.176579
v -0.224502 0.429995 -0.153610
v -0.225683 0.393799 -0.144862
v -0.226142 0.401568 -0.128761
v -0.225330 0.410158 -0.144675
v -0.252109 0.377465 -0.121637
v -0.226749 0.377835 -0.122302
v -0.252277 0.369320 -0.124122
v -0.251927 0.372479 -0.118028
v -0.252348 0.377540 -0.111956
v -0.250826 0.368245 -0.123103
v -0.246972 0.372217 -0.117956
v -0.250877 0.376175 -0.111417
v -0.232296 0.372295 -0.118256
v -0.228582 0.368237 -0.123668
v -0.227322 0.372639 -0.118547
v -0.228623 0.376294 -0.111830
v -0.227027 0.369415 -0.124804
v -0.227092 0.377755 -0.112459
v -0.239705 0.368209 -0.123358
v -0.239751 0.376195 -0.111605
v -0.252168 0.390037 -0.115610
v -0.252777 0.385676 -0.102812
v -0.252432 0.380817 -0.102236
v -0.251761 0.378014 -0.136707
v -0.252384 0.366279 -0.133374
v -0.252205 0.363665 -0.128207
v -0.247254 0.363419 -0.128128
v -0.247471 0.380492 -0.102237
v -0.232596 0.363216 -0.128650
v -0.232795 0.380540 -0.102454
v -0.227828 0.380921 -0.102604
v -0.227626 0.363375 -0.129087
v -0.227039 0.366216 -0.134250
v -0.227429 0.385888 -0.103208
v -0.226392 0.378363 -0.137455
v -0.226805 0.390451 -0.116232
v -0.249338 0.454596 -0.147326
v -0.276880 0.422864 0.240869
v -0.274560 0.434000 0.210491
v -0.227436 0.414910 -0.102020
v -0.259069 0.422280 -0.009676
v -0.276139 0.428848 0.233651
v -0.272006 0.433199 0.172917
v -0.255242 0.417631 -0.064716
v -0.246781 0.513448 -0.157255
v -0.246392 0.398671 -0.013680
v -0.252495 0.364264 -0.129223
v -0.262712 0.447052 0.235897
v -0.243818 0.577154 -0.168651
v -0.277503 0.414367 0.245886
v -0.238955 0.433124 -0.115412
v -0.264209 0.437323 0.253034
v -0.261888 0.447504 0.224134
v -0.251285 0.416265 -0.127974
v -0.246400 0.431993 -0.008021
v -0.263467 0.443771 0.245322
v -0.259334 0.445075 0.185907
v -0.242630 0.428694 -0.064291
v -0.234103 0.516522 -0.145686
v -0.237998 0.440925 -0.125507
v -0.236813 0.459005 -0.133995
v -0.224904 0.434307 -0.140626
v -0.231147 0.579910 -0.158158
v -0.264832 0.428631 0.257937
v -0.236131 0.446511 -0.182584
v -0.229006 0.380598 -0.102520
v -0.272408 0.170560 0.225914
v -0.231147 0.570253 -0.194983
v -0.259334 0.403645 0.140574
v -0.275383 0.432465 0.224017
v -0.240133 0.380516 -0.102345
v -0.262712 0.394869 0.193603
v -0.263467 0.390134 0.203643
v -0.264209 0.385311 0.209523
v -0.264832 0.377476 0.214865
v -0.261888 0.399684 0.175938
v -0.265596 0.356751 0.219484
v -0.218476 0.577134 -0.168644
v -0.223995 0.454901 -0.147330
v -0.249217 0.434000 0.210528
v -0.233726 0.422296 -0.009679
v -0.229899 0.417658 -0.064757
v -0.250041 0.432445 0.224108
v -0.255065 0.405162 0.090336
v -0.252160 0.414307 0.245921
v -0.251537 0.422786 0.240943
v -0.240223 0.428985 -0.099048
v -0.250796 0.428792 0.233757
v -0.246663 0.433203 0.172928
v -0.221438 0.513475 -0.157256
v -0.252924 0.395122 0.248787
v -0.238050 0.426728 0.051361
v -0.255065 0.440754 0.121896
v -0.242432 0.390260 -0.065627
v -0.242394 0.430418 0.112739
v -0.250722 0.403394 0.038255
v -0.265596 0.410092 0.260204
v -0.250721 0.436353 0.056765
v -0.278267 0.395149 0.248776
v -0.267736 0.430410 0.112732
v -0.263393 0.426717 0.051356
v -0.234075 0.506910 -0.186800
v -0.251037 0.363493 -0.128026
v -0.227685 0.350162 -0.152798
v -0.236824 0.402354 -0.184418
v -0.272408 0.198158 0.258689
v -0.253029 0.349349 -0.152576
v -0.285079 0.190413 0.249347
v -0.225719 0.379610 -0.169188
v -0.259736 0.190404 0.249353
v -0.246726 0.506564 -0.185375
v -0.245203 0.506864 -0.186755
v -0.239925 0.363318 -0.128389
v -0.285033 0.171409 0.227062
v -0.283534 0.170602 0.225948
v -0.243773 0.570607 -0.193674
v -0.242274 0.570294 -0.194951
v -0.259017 0.400069 -0.013425
v -0.257518 0.398717 -0.013663
v -0.255064 0.391723 -0.065529
v -0.253558 0.390303 -0.065566
v -0.273839 0.394948 0.193496
v -0.275337 0.396431 0.194684
v -0.274594 0.390270 0.203510
v -0.276092 0.391770 0.204651
v -0.275335 0.385483 0.209444
v -0.276834 0.386941 0.210641
v -0.275958 0.377621 0.214851
v -0.277457 0.379077 0.216062
v -0.274513 0.401146 0.177352
v -0.273014 0.399730 0.175925
v -0.276722 0.356848 0.219508
v -0.278221 0.358395 0.220690
v -0.222949 0.506924 -0.186760
v -0.221476 0.506640 -0.185400
v -0.228811 0.363191 -0.128818
v -0.226669 0.370408 -0.143337
v -0.261281 0.170564 0.225950
v -0.259782 0.171369 0.227067
v -0.220019 0.570230 -0.194934
v -0.218522 0.570533 -0.193671
v -0.235265 0.398718 -0.013679
v -0.233767 0.400109 -0.013437
v -0.231306 0.390313 -0.065686
v -0.229814 0.391788 -0.065659
v -0.250087 0.396363 0.195004
v -0.251586 0.394876 0.193779
v -0.250842 0.391572 0.205023
v -0.252340 0.390083 0.203842
v -0.251584 0.386656 0.210895
v -0.253082 0.385221 0.209671
v -0.252206 0.378851 0.216172
v -0.253705 0.377414 0.214949
v -0.250762 0.399723 0.176036
v -0.249263 0.401152 0.177488
v -0.252970 0.358282 0.220714
v -0.254469 0.356744 0.219528
v -0.227258 0.364070 -0.130130
v -0.227496 0.382090 -0.102799
v -0.245229 0.516512 -0.145727
v -0.246728 0.516179 -0.147048
v -0.247939 0.458985 -0.134032
v -0.249436 0.458369 -0.135331
v -0.251348 0.428939 -0.099057
v -0.252835 0.427379 -0.099339
v -0.283534 0.198133 0.258653
v -0.285033 0.197298 0.257517
v -0.242273 0.579899 -0.158199
v -0.243772 0.579563 -0.159481
v -0.257526 0.431947 -0.008029
v -0.259025 0.430575 -0.008270
v -0.253756 0.428647 -0.064292
v -0.255248 0.427217 -0.064341
v -0.249124 0.440889 -0.125535
v -0.250609 0.439837 -0.126704
v -0.275337 0.445481 0.234615
v -0.273838 0.447007 0.235861
v -0.276092 0.442205 0.244098
v -0.274593 0.443727 0.245289
v -0.276834 0.435805 0.251758
v -0.275335 0.437280 0.252999
v -0.277457 0.427104 0.256649
v -0.275958 0.428587 0.257901
v -0.273014 0.447458 0.224088
v -0.274513 0.445954 0.222558
v -0.278221 0.408450 0.258944
v -0.276722 0.410045 0.260168
v -0.221478 0.516182 -0.147041
v -0.222977 0.516513 -0.145726
v -0.224185 0.458396 -0.135325
v -0.225687 0.458984 -0.134031
v -0.227585 0.427374 -0.099345
v -0.229097 0.428938 -0.099055
v -0.259782 0.197299 0.257520
v -0.261281 0.198133 0.258653
v -0.218521 0.579562 -0.159474
v -0.220020 0.579899 -0.158198
v -0.233775 0.430572 -0.008271
v -0.235274 0.431947 -0.008029
v -0.229998 0.427213 -0.064345
v -0.231504 0.428647 -0.064292
v -0.225360 0.439830 -0.126662
v -0.226872 0.440887 -0.125531
v -0.251586 0.447007 0.235860
v -0.250087 0.445476 0.234621
v -0.252341 0.443728 0.245287
v -0.250842 0.442199 0.244107
v -0.253083 0.437281 0.252998
v -0.251584 0.435799 0.251765
v -0.253705 0.428588 0.257901
v -0.252206 0.427101 0.256654
v -0.249263 0.445951 0.222559
v -0.250762 0.447458 0.224087
v -0.254469 0.410045 0.260168
v -0.252970 0.408451 0.258947
v -0.271959 0.405049 0.142092
v -0.270460 0.403687 0.140611
v -0.267690 0.406549 0.091549
v -0.266191 0.405206 0.090371
v -0.263347 0.404784 0.039031
v -0.261847 0.403440 0.038282
v -0.248208 0.403688 0.140630
v -0.246709 0.405066 0.142130
v -0.243939 0.405207 0.090378
v -0.242440 0.406572 0.091574
v -0.239596 0.403441 0.038280
v -0.238096 0.404815 0.039043
v -0.270460 0.445028 0.185856
v -0.271959 0.443563 0.184261
v -0.266191 0.440707 0.121855
v -0.267690 0.439296 0.120614
v -0.261847 0.436306 0.056739
v -0.263347 0.434927 0.055969
v -0.246709 0.443560 0.184259
v -0.248208 0.445028 0.185856
v -0.242440 0.439294 0.120612
v -0.243939 0.440707 0.121854
v -0.238096 0.434925 0.055967
v -0.239596 0.436306 0.056739
v -0.252024 0.370357 -0.142567
v -0.251259 0.380522 -0.102190
v -0.223561 0.446640 -0.181040
v -0.225006 0.447024 -0.182538
v -0.248945 0.420937 -0.181397
v -0.247403 0.420728 -0.183071
v -0.228073 0.361314 -0.189051
v -0.226622 0.360788 -0.187507
v -0.251816 0.360709 -0.187449
v -0.250267 0.361251 -0.188992
v -0.250081 0.433080 -0.115429
v -0.251562 0.431515 -0.116248
v -0.226312 0.431492 -0.116223
v -0.227829 0.433077 -0.115426
v -0.252784 0.414787 -0.101824
v -0.250539 0.383645 -0.184623
v -0.237860 0.384148 -0.186382
v -0.248989 0.384083 -0.186314
v -0.253388 0.345279 -0.140138
v -0.239169 0.361299 -0.189067
v -0.226733 0.384185 -0.186356
v -0.225697 0.402431 -0.184384
v -0.251927 0.344829 -0.138790
v -0.240844 0.344696 -0.139158
v -0.229758 0.344615 -0.139594
v -0.228174 0.345686 -0.140730
v -0.224234 0.402229 -0.182475
v -0.225273 0.383722 -0.184675
v -0.248811 0.445550 -0.181015
v -0.249496 0.402299 -0.182411
v -0.247259 0.445995 -0.182538
v -0.223694 0.421784 -0.181431
v -0.247953 0.402270 -0.184356
v -0.236275 0.421219 -0.183120
v -0.225149 0.421749 -0.183073
v -0.250246 0.434157 -0.140649
v -0.252749 0.381935 -0.102412
v -0.285079 0.178264 0.235210
v -0.263393 0.412961 0.043621
v -0.267736 0.415367 0.099368
v -0.278267 0.371643 0.230817
v -0.275383 0.409400 0.205241
v -0.277503 0.391774 0.226791
v -0.255157 0.401262 -0.065273
v -0.272006 0.415311 0.153323
v -0.276139 0.405092 0.215070
v -0.259065 0.408343 -0.012022
v -0.274560 0.413012 0.189325
v -0.276880 0.399848 0.221501
v -0.252285 0.356592 -0.174804
v -0.251087 0.379516 -0.168852
v -0.249444 0.425322 -0.166606
v -0.243819 0.572987 -0.184507
v -0.246791 0.508663 -0.175110
v -0.249053 0.448286 -0.168798
v -0.250312 0.402025 -0.159732
v -0.226975 0.356933 -0.174908
v -0.259736 0.178235 0.235216
v -0.242394 0.415399 0.099400
v -0.238050 0.413004 0.043641
v -0.252924 0.371562 0.230837
v -0.246663 0.415334 0.153362
v -0.250796 0.404950 0.215351
v -0.251537 0.399640 0.221694
v -0.252160 0.391609 0.226876
v -0.250041 0.409355 0.205486
v -0.229814 0.401352 -0.065372
v -0.233723 0.408401 -0.012027
v -0.249217 0.413025 0.189435
v -0.251724 0.386889 -0.128715
v -0.221448 0.508728 -0.175140
v -0.223710 0.449094 -0.168831
v -0.218477 0.572931 -0.184514
v -0.224100 0.425773 -0.166654
v -0.225917 0.416552 -0.128451
v -0.224932 0.402206 -0.160261
v -0.227396 0.393701 -0.103713
v -0.226343 0.387489 -0.129568
v -0.252214 0.373537 -0.118732
v -0.250759 0.372232 -0.117900
v -0.228506 0.372355 -0.118358
v -0.226957 0.373769 -0.119301
v -0.239634 0.372257 -0.118106
v -0.252747 0.393457 -0.103323
v -0.289526 -0.000000 0.235294
v -0.284980 -0.000000 0.232465
v -0.289210 -0.000000 0.232710
v -0.272470 -0.000000 0.232465
v -0.267924 -0.000000 0.235296
v -0.268239 -0.000000 0.232711
v -0.284980 -0.000000 0.254625
v -0.289526 -0.000000 0.251795
v -0.289210 -0.000000 0.254380
v -0.267924 -0.000000 0.251799
v -0.272470 -0.000000 0.254625
v -0.268239 -0.000000 0.254380
v -0.289526 -0.000000 0.243544
v -0.267924 -0.000000 0.243548
v -0.289486 -0.000000 0.233402
v -0.288209 -0.000000 0.232495
v -0.269241 -0.000000 0.232495
v -0.267963 -0.000000 0.233403
v -0.288209 -0.000000 0.254595
v -0.289486 -0.000000 0.253688
v -0.267963 -0.000000 0.253690
v -0.269241 -0.000000 0.254595
v -0.289526 -0.000000 0.248178
v -0.278725 -0.000000 0.232465
v -0.267924 -0.000000 0.238914
v -0.278725 -0.000000 0.254625
v -0.289526 -0.000000 0.238911
v -0.267924 -0.000000 0.248182
v -0.287631 -0.000000 0.234113
v -0.284599 -0.000000 0.234091
v -0.278725 -0.000000 0.234091
v -0.272851 -0.000000 0.234091
v -0.269819 -0.000000 0.234113
v -0.287663 -0.000000 0.235894
v -0.284620 -0.000000 0.235880
v -0.278725 -0.000000 0.235880
v -0.272829 -0.000000 0.235881
v -0.269786 -0.000000 0.235895
v -0.287663 -0.000000 0.239254
v -0.284620 -0.000000 0.239247
v -0.278725 -0.000000 0.239248
v -0.272829 -0.000000 0.239249
v -0.269786 -0.000000 0.239256
v -0.287663 -0.000000 0.243545
v -0.284620 -0.000000 0.243545
v -0.278725 -0.000000 0.243546
v -0.272829 -0.000000 0.243547
v -0.269786 -0.000000 0.243547
v -0.287663 -0.000000 0.247835
v -0.284620 -0.000000 0.247843
v -0.278725 -0.000000 0.247844
v -0.272829 -0.000000 0.247845
v -0.269786 -0.000000 0.247838
v -0.287663 -0.000000 0.251196
v -0.284620 -0.000000 0.251210
v -0.278725 -0.000000 0.251211
v -0.272829 -0.000000 0.251212
v -0.269786 -0.000000 0.251198
v -0.287631 -0.000000 0.252977
v -0.284599 -0.000000 0.252999
v -0.278725 -0.000000 0.253000
v -0.272851 -0.000000 0.253000
v -0.269819 -0.000000 0.252979
v -0.258431 -0.000000 -0.253330
v -0.255547 -0.000000 -0.256873
v -0.258085 -0.000000 -0.256537
v -0.256281 -0.000000 -0.230383
v -0.258973 -0.000000 -0.233725
v -0.258801 -0.000000 -0.230619
v -0.249038 -0.000000 -0.256896
v -0.246351 -0.000000 -0.253356
v -0.246519 -0.000000 -0.256576
v -0.246899 -0.000000 -0.233739
v -0.249773 -0.000000 -0.230559
v -0.247237 -0.000000 -0.230867
v -0.258702 -0.000000 -0.243516
v -0.246626 -0.000000 -0.243503
v -0.259003 -0.000000 -0.231458
v -0.258106 -0.000000 -0.230372
v -0.246991 -0.000000 -0.231591
v -0.247945 -0.000000 -0.230639
v -0.247213 -0.000000 -0.256862
v -0.246318 -0.000000 -0.255681
v -0.258335 -0.000000 -0.255645
v -0.257374 -0.000000 -0.256826
v -0.258854 -0.000000 -0.238023
v -0.252293 -0.000000 -0.256885
v -0.253027 -0.000000 -0.230471
v -0.246472 -0.000000 -0.249021
v -0.258550 -0.000000 -0.249012
v -0.246780 -0.000000 -0.237997
v -0.248244 -0.000000 -0.232711
v -0.249941 -0.000000 -0.232664
v -0.252965 -0.000000 -0.232616
v -0.255988 -0.000000 -0.232568
v -0.257684 -0.000000 -0.232567
v -0.248163 -0.000000 -0.234696
v -0.249868 -0.000000 -0.234676
v -0.252907 -0.000000 -0.234660
v -0.255946 -0.000000 -0.234643
v -0.257651 -0.000000 -0.234651
v -0.248055 -0.000000 -0.238566
v -0.249760 -0.000000 -0.238560
v -0.252799 -0.000000 -0.238556
v -0.255838 -0.000000 -0.238552
v -0.257543 -0.000000 -0.238558
v -0.247916 -0.000000 -0.243549
v -0.249622 -0.000000 -0.243551
v -0.252661 -0.000000 -0.243546
v -0.255700 -0.000000 -0.243540
v -0.257406 -0.000000 -0.243536
v -0.247777 -0.000000 -0.248542
v -0.249483 -0.000000 -0.248551
v -0.252523 -0.000000 -0.248542
v -0.255563 -0.000000 -0.248533
v -0.257269 -0.000000 -0.248518
v -0.247668 -0.000000 -0.252478
v -0.249373 -0.000000 -0.252494
v -0.252414 -0.000000 -0.252483
v -0.255454 -0.000000 -0.252471
v -0.257161 -0.000000 -0.252445
v -0.247634 -0.000000 -0.254614
v -0.249330 -0.000000 -0.254638
v -0.252355 -0.000000 -0.254626
v -0.255379 -0.000000 -0.254615
v -0.257077 -0.000000 -0.254579
v -0.291263 0.003643 0.233779
v -0.290894 0.003583 0.230737
v -0.285930 0.003579 0.230449
v -0.271254 0.003578 0.230449
v -0.266291 0.003582 0.230737
v -0.265921 0.003642 0.233781
v -0.285930 0.004157 0.256589
v -0.290894 0.004153 0.256301
v -0.291263 0.004092 0.253257
v -0.265921 0.004092 0.253261
v -0.266291 0.004153 0.256302
v -0.271254 0.004157 0.256589
v -0.291263 0.003867 0.243518
v -0.265921 0.003867 0.243522
v -0.278592 0.003578 0.230449
v -0.278592 0.004157 0.256589
v -0.291263 0.003995 0.248988
v -0.265921 0.003995 0.248992
v -0.291217 0.003596 0.231549
v -0.289719 0.003579 0.230485
v -0.267466 0.003578 0.230485
v -0.265967 0.003595 0.231550
v -0.289719 0.004157 0.256553
v -0.291217 0.004139 0.255488
v -0.265967 0.004139 0.255490
v -0.267466 0.004157 0.256553
v -0.291263 0.003740 0.238047
v -0.265921 0.003739 0.238051
v -0.288171 0.088635 0.231772
v -0.268162 0.087063 0.228182
v -0.282838 0.101158 0.257639
v -0.262829 0.099575 0.254032
v -0.288171 0.094102 0.242898
v -0.275500 0.087069 0.228181
v -0.275500 0.101158 0.257639
v -0.288171 0.097204 0.249168
v -0.262829 0.097199 0.249173
v -0.288125 0.087503 0.229306
v -0.286626 0.087091 0.228216
v -0.264373 0.087071 0.228218
v -0.262875 0.087482 0.229309
v -0.286626 0.101145 0.257603
v -0.288125 0.100719 0.256502
v -0.262875 0.100719 0.256505
v -0.264373 0.101145 0.257603
v -0.288171 0.091002 0.236629
v -0.262829 0.090987 0.236633
v -0.287801 0.087176 0.228465
v -0.282838 0.087075 0.228181
v -0.263198 0.087155 0.228467
v -0.262829 0.088616 0.231776
v -0.287801 0.101056 0.257351
v -0.288171 0.099576 0.254028
v -0.263198 0.101056 0.257351
v -0.268162 0.101158 0.257639
v -0.262829 0.094093 0.242903
v -0.240567 0.082479 -0.238272
v -0.240801 0.083274 -0.242276
v -0.244675 0.083335 -0.242641
v -0.259446 0.082442 -0.238237
v -0.258943 0.083236 -0.242226
v -0.255045 0.083313 -0.242610
v -0.256192 0.076326 -0.208482
v -0.260066 0.076361 -0.208736
v -0.260306 0.077124 -0.212585
v -0.241437 0.077181 -0.212622
v -0.241927 0.076476 -0.209062
v -0.245822 0.076402 -0.208713
v -0.259877 0.079779 -0.225395
v -0.241004 0.079819 -0.225390
v -0.251007 0.076364 -0.208597
v -0.259635 0.081279 -0.232611
v -0.249860 0.083324 -0.242626
v -0.241249 0.078323 -0.218167
v -0.240514 0.083071 -0.241213
v -0.241830 0.083332 -0.242602
v -0.259302 0.083033 -0.241166
v -0.257892 0.083299 -0.242555
v -0.259036 0.076314 -0.208461
v -0.260356 0.076547 -0.209723
v -0.241575 0.076635 -0.209907
v -0.242975 0.076428 -0.208809
v -0.260119 0.078280 -0.218183
v -0.240759 0.081318 -0.232628
v 0.249634 0.393286 -0.184970
v 0.224859 0.392195 -0.177723
v 0.291396 -0.000000 0.233865
v 0.286063 -0.000000 0.230546
v 0.291026 -0.000000 0.230834
v 0.273656 0.406843 0.166885
v 0.268322 0.401779 0.161340
v 0.273286 0.402113 0.161696
v 0.280350 0.304145 0.226335
v 0.275017 0.298932 0.222067
v 0.279980 0.299269 0.222342
v 0.242857 0.470072 -0.183665
v 0.248273 0.469768 -0.178485
v 0.247834 0.469762 -0.183302
v 0.245088 0.545117 -0.186437
v 0.239743 0.544353 -0.190971
v 0.244709 0.544366 -0.190641
v 0.237530 0.588429 -0.198789
v 0.242862 0.589678 -0.194518
v 0.242492 0.588538 -0.198471
v 0.256995 0.399312 -0.039512
v 0.251653 0.394918 -0.039720
v 0.256617 0.395284 -0.039692
v 0.248315 0.385253 -0.087532
v 0.253666 0.390230 -0.087475
v 0.253280 0.385613 -0.087493
v 0.275012 0.402919 0.190785
v 0.269679 0.397393 0.185886
v 0.274642 0.397737 0.186146
v 0.272429 0.371503 0.217351
v 0.277762 0.377259 0.221945
v 0.277393 0.371881 0.217618
v 0.270424 0.392428 0.199320
v 0.275757 0.398266 0.203757
v 0.275387 0.392798 0.199511
v 0.271185 0.387969 0.206713
v 0.276518 0.393757 0.211287
v 0.276148 0.388354 0.206919
v 0.271878 0.382062 0.212096
v 0.277211 0.387675 0.216822
v 0.276842 0.382444 0.212340
v 0.271387 -0.000000 0.230546
v 0.266053 -0.000000 0.233867
v 0.266423 -0.000000 0.230834
v 0.253647 0.401778 0.161371
v 0.248313 0.406864 0.166957
v 0.248683 0.402118 0.161753
v 0.260341 0.298884 0.222072
v 0.255007 0.304075 0.226346
v 0.255377 0.299190 0.222351
v 0.222930 0.470183 -0.178530
v 0.228179 0.470341 -0.183671
v 0.223231 0.470195 -0.183321
v 0.225065 0.544329 -0.190965
v 0.219746 0.545083 -0.186456
v 0.220105 0.544326 -0.190637
v 0.217519 0.589599 -0.194518
v 0.222851 0.588381 -0.198774
v 0.217888 0.588457 -0.198451
v 0.236977 0.394919 -0.039752
v 0.231652 0.399386 -0.039557
v 0.232014 0.395302 -0.039744
v 0.228323 0.390367 -0.087712
v 0.233639 0.385273 -0.087678
v 0.228677 0.385668 -0.087736
v 0.255003 0.397374 0.186016
v 0.249669 0.402909 0.191001
v 0.250039 0.397710 0.186366
v 0.252420 0.377114 0.221996
v 0.257753 0.371406 0.217382
v 0.252790 0.371720 0.217671
v 0.250414 0.398149 0.204109
v 0.255747 0.392342 0.199542
v 0.250784 0.392659 0.199883
v 0.251175 0.393529 0.211586
v 0.256508 0.387815 0.206902
v 0.251545 0.388099 0.207236
v 0.251869 0.387422 0.216991
v 0.257202 0.381893 0.212203
v 0.252238 0.382165 0.212518
v 0.246847 0.430709 -0.108550
v 0.252113 0.424472 -0.110917
v 0.251808 0.430340 -0.108644
v 0.286063 -0.000000 0.256544
v 0.291396 -0.000000 0.253224
v 0.291026 -0.000000 0.256256
v 0.268322 0.446712 0.210634
v 0.273656 0.441465 0.204872
v 0.273286 0.446341 0.210226
v 0.275017 0.346037 0.260088
v 0.280350 0.340753 0.255755
v 0.279980 0.345699 0.259798
v 0.248402 0.479355 -0.144019
v 0.243077 0.480852 -0.139067
v 0.248041 0.480747 -0.139382
v 0.239742 0.553649 -0.152515
v 0.245077 0.552520 -0.157027
v 0.244705 0.553569 -0.152842
v 0.242862 0.597530 -0.167273
v 0.237528 0.598765 -0.162987
v 0.242492 0.598671 -0.163312
v 0.251723 0.430081 -0.038171
v 0.257048 0.425660 -0.038369
v 0.256686 0.429709 -0.038189
v 0.253859 0.423081 -0.085379
v 0.248565 0.428230 -0.084851
v 0.253526 0.427854 -0.084885
v 0.250058 0.445286 -0.135179
v 0.244813 0.447744 -0.129806
v 0.249778 0.447505 -0.130062
v 0.269678 0.447564 0.230736
v 0.275012 0.441932 0.225684
v 0.274642 0.447204 0.230411
v 0.277762 0.417900 0.254680
v 0.272429 0.423705 0.259352
v 0.277393 0.423342 0.259061
v 0.275757 0.439964 0.236184
v 0.270423 0.445838 0.240754
v 0.275387 0.445483 0.240478
v 0.276518 0.435105 0.244780
v 0.271184 0.440897 0.249471
v 0.276148 0.440552 0.249192
v 0.277211 0.427574 0.251062
v 0.271878 0.433189 0.255880
v 0.276842 0.432851 0.255590
v 0.226767 0.424521 -0.111012
v 0.232172 0.430708 -0.108549
v 0.227206 0.430332 -0.108637
v 0.266053 -0.000000 0.253228
v 0.271386 -0.000000 0.256544
v 0.266423 -0.000000 0.256257
v 0.248313 0.441463 0.204875
v 0.253647 0.446712 0.210634
v 0.248683 0.446340 0.210225
v 0.255007 0.340749 0.255760
v 0.260341 0.346038 0.260088
v 0.255377 0.345700 0.259799
v 0.228401 0.480852 -0.139067
v 0.223059 0.479405 -0.144014
v 0.223438 0.480750 -0.139379
v 0.219734 0.552518 -0.157018
v 0.225066 0.553649 -0.152515
v 0.220102 0.553570 -0.152840
v 0.222852 0.598765 -0.162987
v 0.217519 0.597522 -0.167262
v 0.217889 0.598671 -0.163310
v 0.231705 0.425662 -0.038375
v 0.237048 0.430081 -0.038171
v 0.232083 0.429708 -0.038189
v 0.233890 0.428230 -0.084850
v 0.228516 0.423093 -0.085414
v 0.228924 0.427852 -0.084885
v 0.230137 0.447743 -0.129805
v 0.224716 0.445413 -0.135158
v 0.225176 0.447508 -0.130055
v 0.249669 0.441927 0.225705
v 0.255003 0.447564 0.230736
v 0.250039 0.447203 0.230411
v 0.257753 0.423705 0.259352
v 0.252420 0.417887 0.254690
v 0.252790 0.423343 0.259062
v 0.255748 0.445838 0.240753
v 0.250414 0.439948 0.236224
v 0.250784 0.445482 0.240478
v 0.256509 0.440898 0.249470
v 0.251175 0.435079 0.244815
v 0.251545 0.440552 0.249192
v 0.257202 0.433190 0.255880
v 0.251869 0.427547 0.251085
v 0.252239 0.432851 0.255591
v 0.269908 0.409435 0.120531
v 0.264575 0.404892 0.115956
v 0.269538 0.405238 0.116300
v 0.265565 0.408858 0.067495
v 0.260231 0.404597 0.064380
v 0.265195 0.404957 0.064641
v 0.255887 0.401467 0.012196
v 0.261221 0.405651 0.013736
v 0.260851 0.401833 0.012332
v 0.249900 0.404892 0.115963
v 0.244566 0.409465 0.120570
v 0.244936 0.405246 0.116318
v 0.245556 0.404597 0.064381
v 0.240222 0.408899 0.067524
v 0.240592 0.404966 0.064648
v 0.235878 0.405705 0.013746
v 0.241212 0.401467 0.012190
v 0.236248 0.401845 0.012328
v 0.264575 0.442954 0.154461
v 0.269908 0.438260 0.149728
v 0.269538 0.442578 0.154084
v 0.260231 0.438554 0.089330
v 0.265565 0.434206 0.086147
v 0.265195 0.438176 0.089056
v 0.261221 0.429927 0.022643
v 0.255887 0.434153 0.024200
v 0.260851 0.433778 0.024061
v 0.244566 0.438258 0.149728
v 0.249899 0.442955 0.154461
v 0.244936 0.442577 0.154083
v 0.240222 0.434206 0.086147
v 0.245556 0.438554 0.089330
v 0.240592 0.438175 0.089055
v 0.241212 0.434153 0.024200
v 0.235878 0.429927 0.022642
v 0.236248 0.433777 0.024060
v 0.243791 0.411308 -0.183635
v 0.249341 0.412556 -0.176145
v 0.248759 0.411281 -0.183242
v 0.223989 0.412494 -0.176260
v 0.229113 0.411601 -0.183646
v 0.224153 0.411629 -0.183272
v 0.247607 0.337252 -0.192949
v 0.253038 0.335329 -0.187573
v 0.252500 0.337102 -0.192570
v 0.254242 0.322727 -0.151568
v 0.249156 0.320979 -0.146591
v 0.254027 0.321064 -0.146775
v 0.228175 0.335555 -0.187592
v 0.233257 0.337300 -0.192990
v 0.228388 0.337182 -0.192635
v 0.234814 0.321042 -0.146985
v 0.229300 0.324136 -0.151432
v 0.229903 0.321460 -0.147266
v 0.251078 0.247981 -0.209771
v 0.256110 0.246180 -0.204875
v 0.255589 0.247832 -0.209395
v 0.257161 0.234738 -0.173536
v 0.252448 0.233098 -0.168982
v 0.256937 0.233157 -0.169201
v 0.233546 0.246299 -0.204905
v 0.238253 0.248028 -0.209809
v 0.233765 0.247911 -0.209456
v 0.239624 0.233262 -0.169267
v 0.234585 0.235204 -0.173481
v 0.235110 0.233480 -0.169572
v 0.253371 0.162566 -0.226754
v 0.258027 0.160891 -0.222199
v 0.257518 0.162419 -0.226380
v 0.258967 0.150657 -0.194170
v 0.254608 0.149125 -0.189916
v 0.258733 0.149190 -0.190148
v 0.237651 0.160964 -0.222239
v 0.242002 0.162608 -0.226787
v 0.237878 0.162490 -0.226435
v 0.243240 0.149270 -0.190169
v 0.238600 0.150768 -0.194224
v 0.239096 0.149412 -0.190504
v 0.256720 0.004060 -0.258467
v 0.260865 0.003992 -0.254274
v 0.260368 0.004054 -0.258071
v 0.261645 0.003590 -0.231001
v 0.257775 0.003528 -0.227048
v 0.261399 0.003531 -0.227325
v 0.243484 0.003995 -0.254305
v 0.247348 0.004062 -0.258495
v 0.243725 0.004057 -0.258117
v 0.248404 0.003533 -0.227257
v 0.244273 0.003595 -0.231019
v 0.244758 0.003539 -0.227620
v 0.260937 -0.000000 -0.255105
v 0.256801 -0.000000 -0.259294
v 0.260441 -0.000000 -0.258897
v 0.257853 -0.000000 -0.227971
v 0.261715 -0.000000 -0.231922
v 0.261468 -0.000000 -0.228249
v 0.247464 -0.000000 -0.259322
v 0.243609 -0.000000 -0.255136
v 0.243850 -0.000000 -0.258943
v 0.244396 -0.000000 -0.231938
v 0.248517 -0.000000 -0.228179
v 0.244880 -0.000000 -0.228543
v 0.250999 0.432026 -0.126044
v 0.245812 0.436391 -0.120798
v 0.250775 0.436058 -0.120969
v 0.231137 0.436390 -0.120796
v 0.225656 0.432001 -0.126023
v 0.226173 0.436044 -0.120947
v 0.231104 0.374144 -0.187498
v 0.226150 0.374031 -0.187137
v 0.252763 0.358592 -0.138603
v 0.245781 0.374099 -0.187463
v 0.251316 0.372215 -0.181296
v 0.252557 0.356708 -0.133307
v 0.250756 0.373960 -0.187083
v 0.229982 0.393455 -0.185378
v 0.232956 0.356184 -0.133828
v 0.247607 0.356492 -0.133210
v 0.227985 0.356304 -0.134310
v 0.227408 0.358624 -0.139441
v 0.225956 0.372288 -0.181412
v 0.225023 0.393393 -0.185007
v 0.248542 0.431530 -0.182372
v 0.243565 0.431836 -0.182746
v 0.249068 0.432498 -0.176779
v 0.223725 0.433723 -0.176810
v 0.223939 0.432995 -0.182372
v 0.228888 0.432781 -0.182739
v 0.244661 0.393365 -0.185356
v 0.250229 0.392165 -0.177567
v 0.252065 0.401974 -0.115828
v 0.253742 0.406474 -0.086905
v 0.280350 0.322440 0.241038
v 0.291396 -0.000000 0.243544
v 0.273656 0.424136 0.185858
v 0.275012 0.422415 0.208224
v 0.269908 0.423833 0.135114
v 0.277762 0.397571 0.238306
v 0.257021 0.412483 -0.038940
v 0.261221 0.417785 0.018188
v 0.275757 0.419108 0.219965
v 0.277211 0.407618 0.233937
v 0.276518 0.414425 0.228028
v 0.265565 0.421524 0.076814
v 0.253641 0.329014 -0.169547
v 0.256636 0.240451 -0.189183
v 0.258498 0.155767 -0.208166
v 0.261256 0.003791 -0.242624
v 0.261326 -0.000000 -0.243500
v 0.252035 0.365661 -0.159591
v 0.251212 0.384127 -0.150149
v 0.245084 0.548781 -0.171730
v 0.248345 0.474388 -0.161230
v 0.250207 0.420626 -0.149833
v 0.242862 0.593604 -0.180896
v 0.249571 0.438736 -0.155919
v 0.251105 0.400947 -0.138480
v 0.225833 0.384499 -0.150818
v 0.228728 0.329976 -0.169401
v 0.234065 0.240765 -0.189112
v 0.238127 0.155844 -0.208171
v 0.243881 0.003794 -0.242610
v 0.244004 -0.000000 -0.243484
v 0.226670 0.365792 -0.160070
v 0.228397 0.406584 -0.087070
v 0.226699 0.402388 -0.116416
v 0.266053 -0.000000 0.243548
v 0.255007 0.322404 0.241047
v 0.249669 0.422408 0.208344
v 0.248313 0.424147 0.185897
v 0.244566 0.423850 0.135136
v 0.252420 0.397493 0.238337
v 0.235878 0.417817 0.018194
v 0.231679 0.412529 -0.038966
v 0.250414 0.419043 0.220162
v 0.251869 0.407479 0.234033
v 0.251175 0.414299 0.228197
v 0.240222 0.421547 0.076831
v 0.224851 0.420668 -0.150055
v 0.223002 0.474624 -0.161252
v 0.219741 0.548764 -0.171736
v 0.217519 0.593560 -0.180893
v 0.224229 0.439395 -0.155927
v 0.225708 0.401613 -0.139444
v 0.252152 0.372264 -0.127903
v 0.252314 0.381505 -0.113382
v 0.247040 0.368213 -0.123173
v 0.247090 0.376156 -0.111469
v 0.251993 0.368466 -0.123249
v 0.252047 0.376441 -0.111518
v 0.232413 0.376233 -0.111740
v 0.232370 0.368204 -0.123544
v 0.226960 0.381814 -0.113938
v 0.226797 0.372478 -0.128626
v 0.227396 0.368486 -0.123885
v 0.227441 0.376595 -0.111983
v 0.230521 0.384182 -0.186396
v 0.237322 0.393411 -0.185367
v 0.244164 0.402297 -0.184409
v 0.248188 0.469400 -0.182161
v 0.246788 0.507014 -0.181979
v 0.245038 0.544467 -0.189617
v 0.246386 0.506740 -0.186452
v 0.246647 0.469983 -0.183618
v 0.243532 0.544360 -0.190931
v 0.241414 0.506890 -0.186799
v 0.253607 0.386739 -0.087503
v 0.252103 0.385294 -0.087496
v 0.291350 -0.000000 0.231645
v 0.285079 0.173627 0.229766
v 0.280304 0.300359 0.223256
v 0.284709 0.170769 0.226194
v 0.289851 -0.000000 0.230582
v 0.278805 0.298985 0.222100
v 0.279746 0.170572 0.225913
v 0.243819 0.571389 -0.190622
v 0.242815 0.588821 -0.197492
v 0.243449 0.570364 -0.194667
v 0.241318 0.588453 -0.198753
v 0.238486 0.570274 -0.194989
v 0.261175 0.402859 0.012710
v 0.259064 0.402906 -0.012940
v 0.256942 0.396338 -0.039644
v 0.258693 0.399037 -0.013606
v 0.259676 0.401513 0.012214
v 0.255441 0.394963 -0.039710
v 0.253729 0.398671 -0.013674
v 0.255125 0.394936 -0.065448
v 0.254735 0.390627 -0.065554
v 0.249770 0.390258 -0.065587
v 0.273467 0.397440 0.185890
v 0.270050 0.394893 0.193510
v 0.274212 0.392493 0.199296
v 0.275014 0.395249 0.193725
v 0.274966 0.398891 0.187179
v 0.275711 0.393995 0.200436
v 0.275383 0.400609 0.198086
v 0.270806 0.390196 0.203534
v 0.274973 0.388051 0.206698
v 0.275769 0.390576 0.203724
v 0.276472 0.389532 0.207866
v 0.276139 0.396049 0.207997
v 0.271547 0.385397 0.209449
v 0.275667 0.382146 0.212104
v 0.276510 0.385783 0.209673
v 0.277165 0.383590 0.213317
v 0.276880 0.391086 0.214128
v 0.272170 0.377544 0.214833
v 0.276218 0.371571 0.217377
v 0.277133 0.377922 0.215091
v 0.277716 0.373073 0.218575
v 0.277503 0.383165 0.219517
v 0.274560 0.404996 0.181239
v 0.273609 0.403206 0.162895
v 0.274190 0.400023 0.176216
v 0.272110 0.401821 0.161377
v 0.269226 0.399687 0.175901
v 0.272934 0.356785 0.219477
v 0.277897 0.357167 0.219749
v 0.278267 0.362676 0.223964
v 0.224393 0.470381 -0.183629
v 0.226736 0.506931 -0.186802
v 0.221277 0.544324 -0.190923
v 0.221782 0.506808 -0.186464
v 0.222937 0.469841 -0.182195
v 0.219787 0.544429 -0.189626
v 0.221445 0.507091 -0.182014
v 0.229851 0.385326 -0.087716
v 0.228357 0.386838 -0.087750
v 0.267598 -0.000000 0.230582
v 0.265069 0.170547 0.225915
v 0.256552 0.298912 0.222108
v 0.260106 0.170728 0.226197
v 0.266100 -0.000000 0.231646
v 0.255054 0.300281 0.223267
v 0.259736 0.173591 0.229771
v 0.223808 0.570232 -0.194977
v 0.219063 0.588380 -0.198730
v 0.218845 0.570292 -0.194654
v 0.217565 0.588737 -0.197483
v 0.218477 0.571319 -0.190629
v 0.237424 0.401514 0.012206
v 0.239054 0.398671 -0.013685
v 0.233189 0.394967 -0.039758
v 0.234090 0.399050 -0.013621
v 0.235925 0.402895 0.012714
v 0.231692 0.396387 -0.039694
v 0.233721 0.402969 -0.012947
v 0.235094 0.390263 -0.065666
v 0.230132 0.390655 -0.065685
v 0.229783 0.395031 -0.065567
v 0.249716 0.398873 0.187407
v 0.250041 0.400553 0.198386
v 0.250460 0.393862 0.200814
v 0.250411 0.395174 0.194039
v 0.251214 0.397412 0.186088
v 0.251959 0.392363 0.199632
v 0.255374 0.394845 0.193696
v 0.250796 0.395871 0.208343
v 0.251221 0.389280 0.208187
v 0.251166 0.390373 0.204091
v 0.252720 0.387817 0.206985
v 0.256129 0.390072 0.203752
v 0.251537 0.390827 0.214365
v 0.251915 0.383312 0.213498
v 0.251907 0.385497 0.209924
v 0.253413 0.381891 0.212265
v 0.256870 0.385225 0.209598
v 0.252160 0.382960 0.219619
v 0.252466 0.372914 0.218629
v 0.252530 0.377695 0.215199
v 0.253965 0.371424 0.217425
v 0.257493 0.377408 0.214897
v 0.254551 0.399682 0.175974
v 0.249858 0.401821 0.161425
v 0.249587 0.400020 0.176343
v 0.248359 0.403220 0.162963
v 0.249217 0.405009 0.181372
v 0.252924 0.362574 0.223988
v 0.253294 0.357053 0.219771
v 0.258257 0.356716 0.219490
v 0.233536 0.344615 -0.139428
v 0.231095 0.321108 -0.147105
v 0.229503 0.322390 -0.148016
v 0.246866 0.480840 -0.139106
v 0.241441 0.516522 -0.145686
v 0.243530 0.553639 -0.152556
v 0.246404 0.516443 -0.146011
v 0.248364 0.480416 -0.140433
v 0.245029 0.553319 -0.153857
v 0.246776 0.515289 -0.150403
v 0.248601 0.447714 -0.129838
v 0.244150 0.459005 -0.133995
v 0.249115 0.458839 -0.134286
v 0.250093 0.446869 -0.131084
v 0.249442 0.457075 -0.139167
v 0.252353 0.428183 -0.084855
v 0.247561 0.428985 -0.099049
v 0.250635 0.430663 -0.108562
v 0.252521 0.428610 -0.099111
v 0.253841 0.426694 -0.084997
v 0.252120 0.429053 -0.109069
v 0.252847 0.423263 -0.100189
v 0.289851 -0.000000 0.256508
v 0.279746 0.198158 0.258689
v 0.278805 0.345995 0.260052
v 0.284709 0.197959 0.258401
v 0.291350 -0.000000 0.255444
v 0.280304 0.344574 0.258858
v 0.285079 0.195059 0.254798
v 0.238485 0.579910 -0.158158
v 0.241317 0.598753 -0.163027
v 0.243448 0.579824 -0.158485
v 0.242815 0.598388 -0.164295
v 0.243818 0.578761 -0.162535
v 0.259675 0.434106 0.024182
v 0.253738 0.431993 -0.008021
v 0.255511 0.430035 -0.038174
v 0.258701 0.431621 -0.008087
v 0.261175 0.432735 0.023676
v 0.257008 0.428645 -0.038237
v 0.259070 0.427723 -0.008757
v 0.249968 0.428694 -0.064291
v 0.254930 0.428320 -0.064303
v 0.255277 0.423986 -0.064466
v 0.249600 0.436349 -0.120819
v 0.245336 0.440926 -0.125508
v 0.250300 0.440631 -0.125722
v 0.251079 0.435055 -0.121860
v 0.250537 0.437822 -0.131009
v 0.274966 0.446005 0.229333
v 0.275383 0.441270 0.231185
v 0.275711 0.444261 0.239527
v 0.275014 0.446694 0.235606
v 0.273466 0.447519 0.230696
v 0.274211 0.445794 0.240719
v 0.270050 0.447051 0.235897
v 0.276139 0.437902 0.240733
v 0.276472 0.439354 0.248221
v 0.275769 0.443420 0.245049
v 0.274972 0.440854 0.249436
v 0.270805 0.443771 0.245323
v 0.276880 0.431637 0.248250
v 0.277165 0.431684 0.254589
v 0.276510 0.436983 0.252749
v 0.275666 0.433147 0.255844
v 0.271546 0.437323 0.253034
v 0.277503 0.422988 0.253171
v 0.277716 0.422119 0.258077
v 0.277133 0.428285 0.257646
v 0.276217 0.423659 0.259316
v 0.272170 0.428630 0.257937
v 0.269226 0.447504 0.224135
v 0.272110 0.446666 0.210583
v 0.274190 0.447139 0.223762
v 0.273609 0.445175 0.208944
v 0.274560 0.442043 0.218606
v 0.278267 0.404132 0.255641
v 0.277897 0.409714 0.259914
v 0.272934 0.410092 0.260204
v 0.223114 0.480428 -0.140427
v 0.221434 0.515301 -0.150395
v 0.219779 0.553320 -0.153849
v 0.221801 0.516443 -0.146009
v 0.224613 0.480839 -0.139106
v 0.221278 0.553639 -0.152556
v 0.226765 0.516522 -0.145686
v 0.224844 0.446894 -0.131067
v 0.224099 0.457190 -0.139161
v 0.224513 0.458844 -0.134283
v 0.226349 0.447713 -0.129836
v 0.229475 0.459005 -0.133995
v 0.228591 0.426690 -0.085004
v 0.227502 0.423292 -0.100253
v 0.226870 0.429041 -0.109067
v 0.227919 0.428606 -0.099110
v 0.230102 0.428183 -0.084854
v 0.228383 0.430661 -0.108560
v 0.232885 0.428985 -0.099048
v 0.266100 -0.000000 0.255447
v 0.259736 0.195057 0.254803
v 0.255054 0.344575 0.258861
v 0.260106 0.197960 0.258401
v 0.267598 -0.000000 0.256508
v 0.256552 0.345996 0.260052
v 0.265069 0.198158 0.258689
v 0.218475 0.578754 -0.162525
v 0.217565 0.598387 -0.164288
v 0.218845 0.579824 -0.158482
v 0.219064 0.598753 -0.163027
v 0.223809 0.579910 -0.158158
v 0.235925 0.432732 0.023674
v 0.233728 0.427724 -0.008759
v 0.231758 0.428642 -0.038239
v 0.234099 0.431619 -0.008087
v 0.237424 0.434106 0.024182
v 0.233259 0.430034 -0.038173
v 0.239063 0.431993 -0.008021
v 0.229934 0.423990 -0.064482
v 0.230327 0.428318 -0.064303
v 0.235293 0.428694 -0.064290
v 0.225831 0.435022 -0.121808
v 0.225196 0.437857 -0.130957
v 0.225698 0.440625 -0.125706
v 0.227349 0.436346 -0.120815
v 0.230661 0.440924 -0.125506
v 0.251215 0.447519 0.230695
v 0.255375 0.447052 0.235896
v 0.251960 0.445794 0.240718
v 0.250411 0.446693 0.235606
v 0.249716 0.446001 0.229336
v 0.250461 0.444256 0.239535
v 0.250041 0.441259 0.231217
v 0.256130 0.443772 0.245322
v 0.252720 0.440855 0.249435
v 0.251166 0.443420 0.245049
v 0.251221 0.439348 0.248229
v 0.250796 0.437879 0.240772
v 0.256871 0.437323 0.253034
v 0.253414 0.433148 0.255844
v 0.251907 0.436983 0.252750
v 0.251915 0.431678 0.254595
v 0.251537 0.431608 0.248279
v 0.257494 0.428631 0.257937
v 0.253965 0.423660 0.259316
v 0.252530 0.428285 0.257647
v 0.252466 0.422118 0.258080
v 0.252160 0.422967 0.253186
v 0.249217 0.442039 0.218616
v 0.248359 0.445172 0.208943
v 0.249587 0.447138 0.223761
v 0.249858 0.446666 0.210583
v 0.254551 0.447504 0.224134
v 0.258257 0.410093 0.260204
v 0.253294 0.409715 0.259915
v 0.252924 0.404125 0.255648
v 0.272006 0.408436 0.145795
v 0.269862 0.406283 0.117348
v 0.271636 0.403984 0.140932
v 0.268363 0.404935 0.115998
v 0.266672 0.403645 0.140569
v 0.267736 0.409532 0.094188
v 0.265518 0.405984 0.065388
v 0.267366 0.405515 0.090642
v 0.264019 0.404642 0.064413
v 0.262403 0.405161 0.090334
v 0.263393 0.407592 0.040604
v 0.263023 0.403758 0.038459
v 0.258059 0.403394 0.038257
v 0.251997 0.403645 0.140580
v 0.246111 0.404936 0.116009
v 0.247033 0.403990 0.140958
v 0.244612 0.406303 0.117378
v 0.246663 0.408462 0.145840
v 0.247728 0.405162 0.090337
v 0.241768 0.404643 0.064415
v 0.242764 0.405524 0.090654
v 0.240268 0.406011 0.065408
v 0.242394 0.409567 0.094223
v 0.243384 0.403394 0.038254
v 0.238420 0.403769 0.038461
v 0.238050 0.407639 0.040626
v 0.266672 0.445074 0.185907
v 0.268363 0.442907 0.154414
v 0.271636 0.444700 0.185500
v 0.269862 0.441473 0.152974
v 0.272006 0.440105 0.180480
v 0.262403 0.440754 0.121896
v 0.264019 0.438506 0.089296
v 0.267366 0.440376 0.121565
v 0.265518 0.437114 0.088281
v 0.267736 0.436266 0.117930
v 0.258059 0.436353 0.056765
v 0.263023 0.435977 0.056555
v 0.263393 0.432096 0.054380
v 0.246663 0.440103 0.180479
v 0.244612 0.441470 0.152971
v 0.247033 0.444698 0.185499
v 0.246111 0.442907 0.154414
v 0.251997 0.445074 0.185907
v 0.242394 0.436265 0.117930
v 0.240268 0.437111 0.088279
v 0.242764 0.440375 0.121564
v 0.241767 0.438506 0.089296
v 0.247728 0.440754 0.121896
v 0.238050 0.432096 0.054379
v 0.238420 0.435976 0.056555
v 0.243384 0.436353 0.056765
v 0.253309 0.346578 -0.144137
v 0.254317 0.321431 -0.147843
v 0.252870 0.320976 -0.146528
v 0.223791 0.422848 -0.176679
v 0.223861 0.411634 -0.181828
v 0.223845 0.446903 -0.182224
v 0.225325 0.411669 -0.183602
v 0.228792 0.446866 -0.182584
v 0.249116 0.411515 -0.181771
v 0.248934 0.446123 -0.177025
v 0.248586 0.420721 -0.182735
v 0.247579 0.411249 -0.183583
v 0.243614 0.420876 -0.183120
v 0.229542 0.337295 -0.192955
v 0.229485 0.402412 -0.184427
v 0.226909 0.361200 -0.188729
v 0.228102 0.336777 -0.191451
v 0.226705 0.359509 -0.183401
v 0.252863 0.336678 -0.191395
v 0.249757 0.402292 -0.175792
v 0.251452 0.361131 -0.188667
v 0.251325 0.337223 -0.192893
v 0.246487 0.361279 -0.189048
v 0.233479 0.247511 -0.208338
v 0.234871 0.248024 -0.209773
v 0.255950 0.247425 -0.208284
v 0.254462 0.247952 -0.209716
v 0.255829 0.233070 -0.168946
v 0.257226 0.233526 -0.170216
v 0.234747 0.233939 -0.170373
v 0.236239 0.233325 -0.169368
v 0.237591 0.162102 -0.225366
v 0.238939 0.162602 -0.226751
v 0.257877 0.162029 -0.225315
v 0.256436 0.162538 -0.226700
v 0.257671 0.149101 -0.189888
v 0.259023 0.149548 -0.191130
v 0.238744 0.149717 -0.191339
v 0.240175 0.149321 -0.190267
v 0.243437 0.004041 -0.257060
v 0.244722 0.004062 -0.258454
v 0.260727 0.004038 -0.257017
v 0.259348 0.004059 -0.258411
v 0.260401 0.003527 -0.227034
v 0.261689 0.003546 -0.228315
v 0.244406 0.003553 -0.228475
v 0.245775 0.003535 -0.227351
v 0.261758 -0.000000 -0.229241
v 0.260471 -0.000000 -0.227957
v 0.244528 -0.000000 -0.229399
v 0.245896 -0.000000 -0.228272
v 0.244846 -0.000000 -0.259281
v 0.243562 -0.000000 -0.257884
v 0.260799 -0.000000 -0.257842
v 0.259422 -0.000000 -0.259238
v 0.246293 0.433124 -0.115413
v 0.251255 0.432768 -0.115543
v 0.251512 0.427018 -0.119621
v 0.226165 0.427059 -0.119711
v 0.226653 0.432755 -0.115527
v 0.231618 0.433124 -0.115411
v 0.253804 0.415819 -0.086134
v 0.240977 0.385263 -0.087605
v 0.241985 0.321011 -0.146788
v 0.226194 0.393466 -0.185336
v 0.280350 0.312065 0.232708
v 0.291396 -0.000000 0.248980
v 0.278725 -0.000000 0.230546
v 0.267679 0.298908 0.222069
v 0.273656 0.414343 0.175114
v 0.275012 0.433475 0.218117
v 0.262341 0.397384 0.185951
v 0.260984 0.401779 0.161355
v 0.269908 0.415710 0.126885
v 0.257237 0.404892 0.115960
v 0.277762 0.386047 0.229023
v 0.265091 0.371454 0.217366
v 0.245088 0.546677 -0.180037
v 0.248378 0.477197 -0.151475
v 0.250680 0.426410 -0.135803
v 0.235518 0.470204 -0.183668
v 0.232404 0.544341 -0.190968
v 0.236452 0.411452 -0.183641
v 0.242862 0.591389 -0.188583
v 0.230191 0.588405 -0.198782
v 0.257006 0.405075 -0.039261
v 0.261221 0.424598 0.020687
v 0.244315 0.394918 -0.039736
v 0.248550 0.401467 0.012193
v 0.275757 0.430941 0.229167
v 0.263086 0.392385 0.199431
v 0.277211 0.396298 0.224222
v 0.264540 0.381977 0.212150
v 0.276518 0.426161 0.237535
v 0.263846 0.387892 0.206808
v 0.228350 0.397404 -0.087540
v 0.226674 0.414977 -0.114625
v 0.225331 0.426440 -0.135915
v 0.225269 0.389773 -0.165485
v 0.266053 -0.000000 0.238112
v 0.255007 0.332801 0.249377
v 0.249669 0.411350 0.198510
v 0.248313 0.433936 0.196625
v 0.244566 0.431965 0.143356
v 0.252420 0.409057 0.247609
v 0.222967 0.471963 -0.171028
v 0.219737 0.550887 -0.163419
v 0.224391 0.402175 -0.175984
v 0.217519 0.595796 -0.173200
v 0.235878 0.411023 0.015699
v 0.231694 0.419912 -0.038634
v 0.250414 0.407185 0.211051
v 0.251869 0.418865 0.243708
v 0.251175 0.402508 0.218767
v 0.241228 0.428230 -0.084850
v 0.239510 0.430709 -0.108550
v 0.238474 0.436390 -0.120797
v 0.278725 -0.000000 0.256544
v 0.267679 0.346038 0.260088
v 0.262341 0.447564 0.230736
v 0.260984 0.446712 0.210634
v 0.257237 0.442954 0.154461
v 0.265091 0.423705 0.259352
v 0.235739 0.480852 -0.139067
v 0.232404 0.553649 -0.152515
v 0.237475 0.447743 -0.129806
v 0.230190 0.598765 -0.162987
v 0.248550 0.434153 0.024200
v 0.244385 0.430081 -0.038171
v 0.263086 0.445838 0.240753
v 0.264540 0.433190 0.255880
v 0.263846 0.440898 0.249470
v 0.252893 0.404597 0.064381
v 0.265565 0.414403 0.071573
v 0.240222 0.428656 0.082064
v 0.252893 0.438554 0.089330
v 0.253983 0.325447 -0.159352
v 0.240432 0.337276 -0.192970
v 0.228415 0.333124 -0.179695
v 0.256933 0.237219 -0.180330
v 0.244665 0.248004 -0.209790
v 0.246036 0.233180 -0.169125
v 0.233772 0.243887 -0.198028
v 0.258763 0.152882 -0.200264
v 0.247686 0.162587 -0.226771
v 0.248924 0.149198 -0.190042
v 0.237859 0.158728 -0.216096
v 0.261474 0.003678 -0.236102
v 0.252034 0.004061 -0.258481
v 0.253090 0.003530 -0.227152
v 0.243659 0.003907 -0.249160
v 0.261544 -0.000000 -0.237004
v 0.252133 -0.000000 -0.259308
v 0.253185 -0.000000 -0.228075
v 0.243783 -0.000000 -0.250009
v 0.231851 0.361320 -0.189087
v 0.225564 0.384094 -0.186030
v 0.245199 0.384114 -0.186368
v 0.252000 0.359354 -0.183334
v 0.253094 0.344926 -0.139028
v 0.250173 0.383994 -0.185986
v 0.248451 0.393335 -0.185303
v 0.251122 0.373557 -0.185806
v 0.249133 0.402275 -0.184018
v 0.249571 0.374072 -0.187408
v 0.252853 0.357118 -0.134414
v 0.238443 0.374121 -0.187481
v 0.227317 0.374139 -0.187461
v 0.252450 0.361699 -0.147595
v 0.248153 0.344776 -0.138889
v 0.228563 0.344888 -0.139821
v 0.251388 0.356585 -0.133089
v 0.240282 0.356338 -0.133519
v 0.229172 0.356132 -0.134022
v 0.227969 0.347372 -0.144494
v 0.225378 0.382432 -0.179691
v 0.224731 0.393108 -0.183529
v 0.227613 0.356926 -0.135369
v 0.224524 0.402370 -0.184053
v 0.225862 0.373623 -0.185863
v 0.226262 0.369528 -0.172113
v 0.248449 0.445802 -0.182216
v 0.243469 0.446169 -0.182585
v 0.249135 0.422222 -0.176627
v 0.248907 0.431541 -0.181112
v 0.249288 0.435116 -0.167745
v 0.247355 0.431625 -0.182700
v 0.223591 0.447122 -0.177062
v 0.223982 0.421742 -0.182748
v 0.228936 0.421574 -0.183120
v 0.223657 0.432934 -0.181130
v 0.223946 0.436083 -0.167771
v 0.236227 0.432300 -0.182743
v 0.225102 0.433017 -0.182692
v 0.250744 0.382365 -0.179558
v 0.249998 0.393073 -0.183477
v 0.250647 0.389586 -0.165082
v 0.252031 0.414755 -0.114284
v 0.253695 0.397263 -0.087329
v 0.280350 0.332818 0.249370
v 0.291396 -0.000000 0.238108
v 0.273656 0.433933 0.196607
v 0.275012 0.411357 0.198333
v 0.269908 0.431959 0.143348
v 0.277762 0.409097 0.247590
v 0.257036 0.419893 -0.038619
v 0.261221 0.410972 0.015689
v 0.275757 0.407277 0.210765
v 0.277211 0.418941 0.243653
v 0.276518 0.402691 0.218523
v 0.265565 0.428646 0.082057
v 0.252743 0.403910 -0.103097
v 0.285079 0.184338 0.242278
v 0.263393 0.419838 0.047488
v 0.267736 0.422887 0.106049
v 0.278267 0.383395 0.239796
v 0.275383 0.420931 0.214628
v 0.277503 0.403070 0.236338
v 0.255198 0.409438 -0.065016
v 0.272006 0.424253 0.163118
v 0.276139 0.416969 0.224360
v 0.259067 0.415311 -0.010849
v 0.274560 0.423504 0.199906
v 0.276880 0.411355 0.231184
v 0.253300 0.332585 -0.179747
v 0.256339 0.243686 -0.198042
v 0.258233 0.158654 -0.216072
v 0.261037 0.003904 -0.249150
v 0.261108 -0.000000 -0.249999
v 0.251626 0.369427 -0.171840
v 0.252657 0.352980 -0.163672
v 0.251550 0.375215 -0.155319
v 0.251078 0.393179 -0.143961
v 0.245080 0.550896 -0.163423
v 0.248310 0.471623 -0.170990
v 0.249736 0.415333 -0.164326
v 0.242862 0.595819 -0.173209
v 0.249852 0.442395 -0.144109
v 0.249845 0.429693 -0.153590
v 0.243819 0.575070 -0.176579
v 0.246787 0.511042 -0.166181
v 0.249197 0.451418 -0.158057
v 0.251530 0.400922 -0.127873
v 0.250713 0.409803 -0.143998
v 0.229043 0.326796 -0.159135
v 0.234358 0.237639 -0.180216
v 0.238395 0.152965 -0.200261
v 0.244102 0.003681 -0.236072
v 0.244225 -0.000000 -0.236973
v 0.227085 0.361829 -0.148269
v 0.226186 0.375324 -0.155903
v 0.227329 0.353573 -0.163829
v 0.228459 0.415876 -0.086231
v 0.266053 -0.000000 0.248985
v 0.255007 0.312010 0.232719
v 0.249669 0.433469 0.218181
v 0.248313 0.414362 0.175174
v 0.244566 0.415738 0.126919
v 0.252420 0.385931 0.229066
v 0.235878 0.424611 0.020689
v 0.231664 0.405144 -0.039298
v 0.250414 0.430903 0.229274
v 0.251869 0.396094 0.224360
v 0.251175 0.426091 0.237628
v 0.240222 0.414440 0.071600
v 0.259736 0.184319 0.242284
v 0.242394 0.422907 0.106069
v 0.238050 0.419866 0.047501
v 0.252924 0.383341 0.239811
v 0.246663 0.424267 0.163143
v 0.250796 0.416870 0.224554
v 0.251537 0.411212 0.231318
v 0.252160 0.402957 0.236398
v 0.250041 0.420899 0.214796
v 0.229856 0.409499 -0.065087
v 0.233725 0.415349 -0.010853
v 0.249217 0.423510 0.199979
v 0.227391 0.404130 -0.103428
v 0.224380 0.415299 -0.164526
v 0.223035 0.477327 -0.151481
v 0.219745 0.546650 -0.180053
v 0.217519 0.591324 -0.188585
v 0.224510 0.442750 -0.144097
v 0.221444 0.511088 -0.166197
v 0.223854 0.451975 -0.158076
v 0.218476 0.575032 -0.176579
v 0.224502 0.429995 -0.153610
v 0.225683 0.393799 -0.144862
v 0.226142 0.401568 -0.128761
v 0.225330 0.410158 -0.144675
v 0.252109 0.377465 -0.121637
v 0.226749 0.377835 -0.122302
v 0.252277 0.369320 -0.124122
v 0.251927 0.372479 -0.118028
v 0.252348 0.377540 -0.111956
v 0.250826 0.368245 -0.123103
v 0.246972 0.372217 -0.117956
v 0.250877 0.376175 -0.111417
v 0.232296 0.372295 -0.118256
v 0.228582 0.368237 -0.123668
v 0.227322 0.372639 -0.118547
v 0.228623 0.376294 -0.111830
v 0.227027 0.369415 -0.124804
v 0.227092 0.377755 -0.112459
v 0.239705 0.368209 -0.123358
v 0.239751 0.376195 -0.111605
v 0.252168 0.390037 -0.115610
v 0.252777 0.385676 -0.102812
v 0.252432 0.380817 -0.102236
v 0.251761 0.378014 -0.136707
v 0.252384 0.366279 -0.133374
v 0.252205 0.363665 -0.128207
v 0.247254 0.363419 -0.128128
v 0.247471 0.380492 -0.102237
v 0.232596 0.363216 -0.128650
v 0.232795 0.380540 -0.102454
v 0.227828 0.380921 -0.102604
v 0.227626 0.363375 -0.129087
v 0.227039 0.366216 -0.134250
v 0.227429 0.385888 -0.103208
v 0.226392 0.378363 -0.137455
v 0.226805 0.390451 -0.116232
v 0.249338 0.454596 -0.147326
v 0.276880 0.422864 0.240869
v 0.274560 0.434000 0.210491
v 0.227436 0.414910 -0.102020
v 0.259069 0.422280 -0.009676
v 0.276139 0.428848 0.233651
v 0.272006 0.433199 0.172917
v 0.255242 0.417631 -0.064716
v 0.246781 0.513448 -0.157255
v 0.246392 0.398671 -0.013680
v 0.252495 0.364264 -0.129223
v 0.262712 0.447052 0.235897
v 0.243818 0.577154 -0.168651
v 0.277503 0.414367 0.245886
v 0.238955 0.433124 -0.115412
v 0.264209 0.437323 0.253034
v 0.261888 0.447504 0.224134
v 0.251285 0.416265 -0.127974
v 0.246400 0.431993 -0.008021
v 0.263467 0.443771 0.245322
v 0.259334 0.445075 0.185907
v 0.242630 0.428694 -0.064291
v 0.234103 0.516522 -0.145686
v 0.237998 0.440925 -0.125507
v 0.236813 0.459005 -0.133995
v 0.224904 0.434307 -0.140626
v 0.231147 0.579910 -0.158158
v 0.264832 0.428631 0.257937
v 0.236131 0.446511 -0.182584
v 0.229006 0.380598 -0.102520
v 0.272408 0.170560 0.225914
v 0.231147 0.570253 -0.194983
v 0.259334 0.403645 0.140574
v 0.275383 0.432465 0.224017
v 0.240133 0.380516 -0.102345
v 0.262712 0.394869 0.193603
v 0.263467 0.390134 0.203643
v 0.264209 0.385311 0.209523
v 0.264832 0.377476 0.214865
v 0.261888 0.399684 0.175938
v 0.265596 0.356751 0.219484
v 0.218476 0.577134 -0.168644
v 0.223995 0.454901 -0.147330
v 0.249217 0.434000 0.210528
v 0.233726 0.422296 -0.009679
v 0.229899 0.417658 -0.064757
v 0.250041 0.432445 0.224108
v 0.255065 0.405162 0.090336
v 0.252160 0.414307 0.245921
v 0.251537 0.422786 0.240943
v 0.240223 0.428985 -0.099048
v 0.250796 0.428792 0.233757
v 0.246663 0.433203 0.172928
v 0.221438 0.513475 -0.157256
v 0.252924 0.395122 0.248787
v 0.238050 0.426728 0.051361
v 0.255065 0.440754 0.121896
v 0.242432 0.390260 -0.065627
v 0.242394 0.430418 0.112739
v 0.250722 0.403394 0.038255
v 0.265596 0.410092 0.260204
v 0.250721 0.436353 0.056765
v 0.278267 0.395149 0.248776
v 0.267736 0.430410 0.112732
v 0.263393 0.426717 0.051356
v 0.234075 0.506910 -0.186800
v 0.251037 0.363493 -0.128026
v 0.227685 0.350162 -0.152798
v 0.236824 0.402354 -0.184418
v 0.272408 0.198158 0.258689
v 0.253029 0.349349 -0.152576
v 0.285079 0.190413 0.249347
v 0.225719 0.379610 -0.169188
v 0.259736 0.190404 0.249353
v 0.246726 0.506564 -0.185375
v 0.245203 0.506864 -0.186755
v 0.239925 0.363318 -0.128389
v 0.285033 0.171409 0.227062
v 0.283534 0.170602 0.225948
v 0.243773 0.570607 -0.193674
v 0.242274 0.570294 -0.194951
v 0.259017 0.400069 -0.013425
v 0.257518 0.398717 -0.013663
v 0.255064 0.391723 -0.065529
v 0.253558 0.390303 -0.065566
v 0.273839 0.394948 0.193496
v 0.275337 0.396431 0.194684
v 0.274594 0.390270 0.203510
v 0.276092 0.391770 0.204651
v 0.275335 0.385483 0.209444
v 0.276834 0.386941 0.210641
v 0.275958 0.377621 0.214851
v 0.277457 0.379077 0.216062
v 0.274513 0.401146 0.177352
v 0.273014 0.399730 0.175925
v 0.276722 0.356848 0.219508
v 0.278221 0.358395 0.220690
v 0.222949 0.506924 -0.186760
v 0.221476 0.506640 -0.185400
v 0.228811 0.363191 -0.128818
v 0.226669 0.370408 -0.143337
v 0.261281 0.170564 0.225950
v 0.259782 0.171369 0.227067
v 0.220019 0.570230 -0.194934
v 0.218522 0.570533 -0.193671
v 0.235265 0.398718 -0.013679
v 0.233767 0.400109 -0.013437
v 0.231306 0.390313 -0.065686
v 0.229814 0.391788 -0.065659
v 0.250087 0.396363 0.195004
v 0.251586 0.394876 0.193779
v 0.250842 0.391572 0.205023
v 0.252340 0.390083 0.203842
v 0.251584 0.386656 0.210895
v 0.253082 0.385221 0.209671
v 0.252206 0.378851 0.216172
v 0.253705 0.377414 0.214949
v 0.250762 0.399723 0.176036
v 0.249263 0.401152 0.177488
v 0.252970 0.358282 0.220714
v 0.254469 0.356744 0.219528
v 0.227258 0.364070 -0.130130
v 0.227496 0.382090 -0.102799
v 0.245229 0.516512 -0.145727
v 0.246728 0.516179 -0.147048
v 0.247939 0.458985 -0.134032
v 0.249436 0.458369 -0.135331
v 0.251348 0.428939 -0.099057
v 0.252835 0.427379 -0.099339
v 0.283534 0.198133 0.258653
v 0.285033 0.197298 0.257517
v 0.242273 0.579899 -0.158199
v 0.243772 0.579563 -0.159481
v 0.257526 0.431947 -0.008029
v 0.259025 0.430575 -0.008270
v 0.253756 0.428647 -0.064292
v 0.255248 0.427217 -0.064341
v 0.249124 0.440889 -0.125535
v 0.250609 0.439837 -0.126704
v 0.275337 0.445481 0.234615
v 0.273838 0.447007 0.235861
v 0.276092 0.442205 0.244098
v 0.274593 0.443727 0.245289
v 0.276834 0.435805 0.251758
v 0.275335 0.437280 0.252999
v 0.277457 0.427104 0.256649
v 0.275958 0.428587 0.257901
v 0.273014 0.447458 0.224088
v 0.274513 0.445954 0.222558
v 0.278221 0.408450 0.258944
v 0.276722 0.410045 0.260168
v 0.221478 0.516182 -0.147041
v 0.222977 0.516513 -0.145726
v 0.224185 0.458396 -0.135325
v 0.225687 0.458984 -0.134031
v 0.227585 0.427374 -0.099345
v 0.229097 0.428938 -0.099055
v 0.259782 0.197299 0.257520
v 0.261281 0.198133 0.258653
v 0.218521 0.579562 -0.159474
v 0.220020 0.579899 -0.158198
v 0.233775 0.430572 -0.008271
v 0.235274 0.431947 -0.008029
v 0.229998 0.427213 -0.064345
v 0.231504 0.428647 -0.064292
v 0.225360 0.439830 -0.126662
v 0.226872 0.440887 -0.125531
v 0.251586 0.447007 0.235860
v 0.250087 0.445476 0.234621
v 0.252341 0.443728 0.245287
v 0.250842 0.442199 0.244107
v 0.253083 0.437281 0.252998
v 0.251584 0.435799 0.251765
v 0.253705 0.428588 0.257901
v 0.252206 0.427101 0.256654
v 0.249263 0.445951 0.222559
v 0.250762 0.447458 0.224087
v 0.254469 0.410045 0.260168
v 0.252970 0.408451 0.258947
v 0.271959 0.405049 0.142092
v 0.270460 0.403687 0.140611
v 0.267690 0.406549 0.091549
v 0.266191 0.405206 0.090371
v 0.263347 0.404784 0.039031
v 0.261847 0.403440 0.038282
v 0.248208 0.403688 0.140630
v 0.246709 0.405066 0.142130
v 0.243939 0.405207 0.090378
v 0.242440 0.406572 0.091574
v 0.239596 0.403441 0.038280
v 0.238096 0.404815 0.039043
v 0.270460 0.445028 0.185856
v 0.271959 0.443563 0.184261
v 0.266191 0.440707 0.121855
v 0.267690 0.439296 0.120614
v 0.261847 0.436306 0.056739
v 0.263347 0.434927 0.055969
v 0.246709 0.443560 0.184259
v 0.248208 0.445028 0.185856
v 0.242440 0.439294 0.120612
v 0.243939 0.440707 0.121854
v 0.238096 0.434925 0.055967
v 0.239596 0.436306 0.056739
v 0.252024 0.370357 -0.142567
v 0.251259 0.380522 -0.102190
v 0.223561 0.446640 -0.181040
v 0.225006 0.447024 -0.182538
v 0.248945 0.420937 -0.181397
v 0.247403 0.420728 -0.183071
v 0.228073 0.361314 -0.189051
v 0.226622 0.360788 -0.187507
v 0.251816 0.360709 -0.187449
v 0.250267 0.361251 -0.188992
v 0.250081 0.433080 -0.115429
v 0.251562 0.431515 -0.116248
v 0.226312 0.431492 -0.116223
v 0.227829 0.433077 -0.115426
v 0.252784 0.414787 -0.101824
v 0.250539 0.383645 -0.184623
v 0.237860 0.384148 -0.186382
v 0.248989 0.384083 -0.186314
v 0.253388 0.345279 -0.140138
v 0.239169 0.361299 -0.189067
v 0.226733 0.384185 -0.186356
v 0.225697 0.402431 -0.184384
v 0.251927 0.344829 -0.138790
v 0.240844 0.344696 -0.139158
v 0.229758 0.344615 -0.139594
v 0.228174 0.345686 -0.140730
v 0.224234 0.402229 -0.182475
v 0.225273 0.383722 -0.184675
v 0.248811 0.445550 -0.181015
v 0.249496 0.402299 -0.182411
v 0.247259 0.445995 -0.182538
v 0.223694 0.421784 -0.181431
v 0.247953 0.402270 -0.184356
v 0.236275 0.421219 -0.183120
v 0.225149 0.421749 -0.183073
v 0.250246 0.434157 -0.140649
v 0.252749 0.381935 -0.102412
v 0.285079 0.178264 0.235210
v 0.263393 0.412961 0.043621
v 0.267736 0.415367 0.099368
v 0.278267 0.371643 0.230817
v 0.275383 0.409400 0.205241
v 0.277503 0.391774 0.226791
v 0.255157 0.401262 -0.065273
v 0.272006 0.415311 0.153323
v 0.276139 0.405092 0.215070
v 0.259065 0.408343 -0.012022
v 0.274560 0.413012 0.189325
v 0.276880 0.399848 0.221501
v 0.252285 0.356592 -0.174804
v 0.251087 0.379516 -0.168852
v 0.249444 0.425322 -0.166606
v 0.243819 0.572987 -0.184507
v 0.246791 0.508663 -0.175110
v 0.249053 0.448286 -0.168798
v 0.250312 0.402025 -0.159732
v 0.226975 0.356933 -0.174908
v 0.259736 0.178235 0.235216
v 0.242394 0.415399 0.099400
v 0.238050 0.413004 0.043641
v 0.252924 0.371562 0.230837
v 0.246663 0.415334 0.153362
v 0.250796 0.404950 0.215351
v 0.251537 0.399640 0.221694
v 0.252160 0.391609 0.226876
v 0.250041 0.409355 0.205486
v 0.229814 0.401352 -0.065372
v 0.233723 0.408401 -0.012027
v 0.249217 0.413025 0.189435
v 0.251724 0.386889 -0.128715
v 0.221448 0.508728 -0.175140
v 0.223710 0.449094 -0.168831
v 0.218477 0.572931 -0.184514
v 0.224100 0.425773 -0.166654
v 0.225917 0.416552 -0.128451
v 0.224932 0.402206 -0.160261
v 0.227396 0.393701 -0.103713
v 0.226343 0.387489 -0.129568
v 0.252214 0.373537 -0.118732
v 0.250759 0.372232 -0.117900
v 0.228506 0.372355 -0.118358
v 0.226957 0.373769 -0.119301
v 0.239634 0.372257 -0.118106
v 0.252747 0.393457 -0.103323
v 0.289526 -0.000000 0.235294
v 0.284980 -0.000000 0.232465
v 0.289210 -0.000000 0.232710
v 0.272470 -0.000000 0.232465
v 0.267924 -0.000000 0.235296
v 0.268239 -0.000000 0.232711
v 0.284980 -0.000000 0.254625
v 0.289526 -0.000000 0.251795
v 0.289210 -0.000000 0.254380
v 0.267924 -0.000000 0.251799
v 0.272470 -0.000000 0.254625
v 0.268239 -0.000000 0.254380
v 0.289526 -0.000000 0.243544
v 0.267924 -0.000000 0.243548
v 0.289486 -0.000000 0.233402
v 0.288209 -0.000000 0.232495
v 0.269241 -0.000000 0.232495
v 0.267963 -0.000000 0.233403
v 0.288209 -0.000000 0.254595
v 0.289486 -0.000000 0.253688
v 0.267963 -0.000000 0.253690
v 0.269241 -0.000000 0.254595
v 0.289526 -0.000000 0.248178
v 0.278725 -0.000000 0.232465
v 0.267924 -0.000000 0.238914
v 0.278725 -0.000000 0.254625
v 0.289526 -0.000000 0.238911
v 0.267924 -0.000000 0.248182
v 0.287631 -0.000000 0.234113
v 0.284599 -0.000000 0.234091
v 0.278725 -0.000000 0.234091
v 0.272851 -0.000000 0.234091
v 0.269819 -0.000000 0.234113
v 0.287663 -0.000000 0.235894
v 0.284620 -0.000000 0.235880
v 0.278725 -0.000000 0.235880
v 0.272829 -0.000000 0.235881
v 0.269786 -0.000000 0.235895
v 0.287663 -0.000000 0.239254
v 0.284620 -0.000000 0.239247
v 0.278725 -0.000000 0.239248
v 0.272829 -0.000000 0.239249
v 0.269786 -0.000000 0.239256
v 0.287663 -0.000000 0.243545
v 0.284620 -0.000000 0.243545
v 0.278725 -0.000000 0.243546
v 0.272829 -0.000000 0.243547
v 0.269786 -0.000000 0.243547
v 0.287663 -0.000000 0.247835
v 0.284620 -0.000000 0.247843
v 0.278725 -0.000000 0.247844
v 0.272829 -0.000000 0.247845
v 0.269786 -0.000000 0.247838
v 0.287663 -0.000000 0.251196
v 0.284620 -0.000000 0.251210
v 0.278725 -0.000000 0.251211
v 0.272829 -0.000000 0.251212
v 0.269786 -0.000000 0.251198
v 0.287631 -0.000000 0.252977
v 0.284599 -0.000000 0.252999
v 0.278725 -0.000000 0.253000
v 0.272851 -0.000000 0.253000
v 0.269819 -0.000000 0.252979
v 0.258431 -0.000000 -0.253330
v 0.255547 -0.000000 -0.256873
v 0.258085 -0.000000 -0.256537
v 0.256281 -0.000000 -0.230383
v 0.258973 -0.000000 -0.233725
v 0.258801 -0.000000 -0.230619
v 0.249038 -0.000000 -0.256896
v 0.246351 -0.000000 -0.253356
v 0.246519 -0.000000 -0.256576
v 0.246899 -0.000000 -0.233739
v 0.249773 -0.000000 -0.230559
v 0.247237 -0.000000 -0.230867
v 0.258702 -0.000000 -0.243516
v 0.246626 -0.000000 -0.243503
v 0.259003 -0.000000 -0.231458
v 0.258106 -0.000000 -0.230372
v 0.246991 -0.000000 -0.231591
v 0.247945 -0.000000 -0.230639
v 0.247213 -0.000000 -0.256862
v 0.246318 -0.000000 -0.255681
v 0.258335 -0.000000 -0.255645
v 0.257374 -0.000000 -0.256826
v 0.258854 -0.000000 -0.238023
v 0.252293 -0.000000 -0.256885
v 0.253027 -0.000000 -0.230471
v 0.246472 -0.000000 -0.249021
v 0.258550 -0.000000 -0.249012
v 0.246780 -0.000000 -0.237997
v 0.248244 -0.000000 -0.232711
v 0.249941 -0.000000 -0.232664
v 0.252965 -0.000000 -0.232616
v 0.255988 -0.000000 -0.232568
v 0.257684 -0.000000 -0.232567
v 0.248163 -0.000000 -0.234696
v 0.249868 -0.000000 -0.234676
v 0.252907 -0.000000 -0.234660
v 0.255946 -0.000000 -0.234643
v 0.257651 -0.000000 -0.234651
v 0.248055 -0.000000 -0.238566
v 0.249760 -0.000000 -0.238560
v 0.252799 -0.000000 -0.238556
v 0.255838 -0.000000 -0.238552
v 0.257543 -0.000000 -0.238558
v 0.247916 -0.000000 -0.243549
v 0.249622 -0.000000 -0.243551
v 0.252661 -0.000000 -0.243546
v 0.255700 -0.000000 -0.243540
v 0.257406 -0.000000 -0.243536
v 0.247777 -0.000000 -0.248542
v 0.249483 -0.000000 -0.248551
v 0.252523 -0.000000 -0.248542
v 0.255563 -0.000000 -0.248533
v 0.257269 -0.000000 -0.248518
v 0.247668 -0.000000 -0.252478
v 0.249373 -0.000000 -0.252494
v 0.252414 -0.000000 -0.252483
v 0.255454 -0.000000 -0.252471
v 0.257161 -0.000000 -0.252445
v 0.247634 -0.000000 -0.254614
v 0.249330 -0.000000 -0.254638
v 0.252355 -0.000000 -0.254626
v 0.255379 -0.000000 -0.254615
v 0.257077 -0.000000 -0.254579
v 0.291263 0.003643 0.233779
v 0.290894 0.003583 0.230737
v 0.285930 0.003579 0.230449
v 0.271254 0.003578 0.230449
v 0.266291 0.003582 0.230737
v 0.265921 0.003642 0.233781
v 0.285930 0.004157 0.256589
v 0.290894 0.004153 0.256301
v 0.291263 0.004092 0.253257
v 0.265921 0.004092 0.253261
v 0.266291 0.004153 0.256302
v 0.271254 0.004157 0.256589
v 0.291263 0.003867 0.243518
v 0.265921 0.003867 0.243522
v 0.278592 0.003578 0.230449
v 0.278592 0.004157 0.256589
v 0.291263 0.003995 0.248988
v 0.265921 0.003995 0.248992
v 0.291217 0.003596 0.231549
v 0.289719 0.003579 0.230485
v 0.267466 0.003578 0.230485
v 0.265967 0.003595 0.231550
v 0.289719 0.004157 0.256553
v 0.291217 0.004139 0.255488
v 0.265967 0.004139 0.255490
v 0.267466 0.004157 0.256553
v 0.291263 0.003740 0.238047
v 0.265921 0.003739 0.238051
v 0.288171 0.088635 0.231772
v 0.268162 0.087063 0.228182
v 0.282838 0.101158 0.257639
v 0.262829 0.099575 0.254032
v 0.288171 0.094102 0.242898
v 0.275500 0.087069 0.228181
v 0.275500 0.101158 0.257639
v 0.288171 0.097204 0.249168
v 0.262829 0.097199 0.249173
v 0.288125 0.087503 0.229306
v 0.286626 0.087091 0.228216
v 0.264373 0.087071 0.228218
v 0.262875 0.087482 0.229309
v 0.286626 0.101145 0.257603
v 0.288125 0.100719 0.256502
v 0.262875 0.100719 0.256505
v 0.264373 0.101145 0.257603
v 0.288171 0.091002 0.236629
v 0.262829 0.090987 0.236633
v 0.287801 0.087176 0.228465
v 0.282838 0.087075 0.228181
v 0.263198 0.087155 0.228467
v 0.262829 0.088616 0.231776
v 0.287801 0.101056 0.257351
v 0.288171 0.099576 0.254028
v 0.263198 0.101056 0.257351
v 0.268162 0.101158 0.257639
v 0.262829 0.094093 0.242903
v 0.240567 0.082479 -0.238272
v 0.240801 0.083274 -0.242276
v 0.244675 0.083335 -0.242641
v 0.259446 0.082442 -0.238237
v 0.258943 0.083236 -0.242226
v 0.255045 0.083313 -0.242610
v 0.256192 0.076326 -0.208482
v 0.260066 0.076361 -0.208736
v 0.260306 0.077124 -0.212585
v 0.241437 0.077181 -0.212622
v 0.241927 0.076476 -0.209062
v 0.245822 0.076402 -0.208713
v 0.259877 0.079779 -0.225395
v 0.241004 0.079819 -0.225390
v 0.251007 0.076364 -0.208597
v 0.259635 0.081279 -0.232611
v 0.249860 0.083324 -0.242626
v 0.241249 0.078323 -0.218167
v 0.240514 0.083071 -0.241213
v 0.241830 0.083332 -0.242602
v 0.259302 0.083033 -0.241166
v 0.257892 0.083299 -0.242555
v 0.259036 0.076314 -0.208461
v 0.260356 0.076547 -0.209723
v 0.241575 0.076635 -0.209907
v 0.242975 0.076428 -0.208809
v 0.260119 0.078280 -0.218183
v 0.240759 0.081318 -0.232628
vn 0.0171 -0.9433 0.3316
vn 0.0501 -0.9556 0.2904
vn 0.0190 -0.9413 0.3370
vn -0.7944 -0.1729 0.5823
vn -0.8148 0.0464 0.5779
vn -0.9638 -0.2660 0.0204
vn -0.8687 -0.4942 0.0342
vn 0.9461 0.0987 0.3083
vn 0.8466 -0.1846 -0.4992
vn 0.8742 -0.1482 -0.4624
vn 0.9481 0.0853 0.3064
vn 0.7899 0.0212 0.6129
vn 0.6709 -0.2474 0.6990
vn 0.9611 -0.2751 0.0249
vn 0.9853 -0.1052 -0.1350
vn 0.5748 -0.1919 -0.7955
vn 0.3995 -0.2127 -0.8917
vn 0.3945 -0.1540 -0.9059
vn 0.5488 -0.1452 -0.8232
vn 0.9472 0.0768 0.3112
vn 0.9997 -0.0078 -0.0221
vn 0.9996 0.0084 -0.0277
vn 0.0220 -0.9018 0.4316
vn -0.0016 -0.9298 0.3681
vn -0.0130 -0.9366 0.3503
vn -0.0082 -0.9236 0.3834
vn 1.0000 -0.0032 0.0049
vn 0.9985 0.0256 -0.0489
vn 0.6869 -0.4390 0.5792
vn 0.6340 -0.1598 0.7567
vn 0.7364 0.1184 0.6662
vn 0.6990 0.0918 0.7092
vn 0.2334 0.1273 0.9640
vn 0.2521 0.1741 0.9519
vn -0.4489 -0.8372 -0.3124
vn -0.1540 -0.8249 -0.5440
vn -0.0042 -0.9988 -0.0484
vn -0.0843 -0.9861 0.1435
vn 0.8912 -0.1291 -0.4349
vn -0.5570 -0.7613 0.3319
vn -0.9401 -0.2752 -0.2011
vn -0.9521 0.0145 -0.3055
vn -0.9673 -0.1619 0.1951
vn 0.8427 0.1176 0.5254
vn 0.3069 0.4051 0.8612
vn 0.3825 0.0771 0.9207
vn 0.8040 -0.2342 0.5465
vn 0.4301 0.2800 -0.8583
vn 0.4847 -0.0270 -0.8743
vn 0.4488 0.0572 -0.8918
vn 0.4383 0.3182 -0.8406
vn 0.9656 0.1736 -0.1939
vn 0.9797 -0.1633 -0.1166
vn 0.7966 -0.2214 -0.5625
vn 0.6194 -0.1058 -0.7779
vn -0.8450 -0.3212 -0.4276
vn -0.4806 -0.2452 -0.8420
vn -0.3452 -0.0780 -0.9353
vn -0.9561 0.0487 0.2888
vn -0.8901 -0.1143 -0.4412
vn -0.8912 -0.1291 -0.4348
vn -0.9472 0.0768 0.3114
vn 0.5927 -0.1579 -0.7898
vn 0.2561 -0.0197 0.9664
vn 0.3359 -0.1417 0.9312
vn 0.1486 -0.6388 0.7548
vn 0.3855 -0.4425 0.8097
vn 0.2844 -0.8054 -0.5200
vn 0.3591 -0.7902 -0.4967
vn 0.0203 -0.9863 0.1636
vn -0.0267 -0.9884 0.1493
vn -0.6187 -0.1051 -0.7785
vn -0.7989 -0.2230 -0.5586
vn -0.9610 -0.2754 0.0241
vn 0.9924 -0.1186 -0.0335
vn 0.4924 -0.1539 0.8566
vn 0.6501 0.1179 0.7506
vn 0.3266 0.2060 0.9225
vn 0.3103 0.1063 0.9447
vn 0.8233 0.1089 0.5570
vn 0.0634 -0.8224 0.5654
vn 0.0430 -0.8545 0.5177
vn 0.0323 -0.8090 0.5869
vn 0.0433 -0.7658 0.6416
vn 0.1941 -0.3321 -0.9230
vn 0.8455 -0.2153 -0.4887
vn 0.2047 -0.4432 -0.8728
vn 0.1127 -0.1430 -0.9833
vn 0.1173 0.0100 -0.9930
vn 0.1538 0.0403 -0.9873
vn 0.1482 -0.1171 -0.9820
vn -0.4660 -0.1405 -0.8736
vn -0.2844 -0.8046 -0.5214
vn -0.3616 -0.7888 -0.4971
vn -0.5208 -0.2331 -0.8213
vn 0.0159 -0.8975 -0.4408
vn 0.0091 -0.9037 -0.4280
vn 0.0076 -0.6671 -0.7449
vn 0.0175 -0.6570 -0.7537
vn -0.7439 0.2350 0.6256
vn -0.9966 -0.0312 -0.0762
vn -0.9891 -0.0518 -0.1377
vn -0.7985 0.1712 0.5771
vn 0.8380 0.5280 0.1381
vn 0.8423 0.5096 -0.1755
vn 0.8820 -0.4582 0.1105
vn 0.8868 -0.3871 -0.2525
vn -0.0585 0.1456 0.9876
vn -0.0642 0.1240 0.9902
vn -0.0715 0.3597 0.9303
vn -0.0430 0.3460 0.9373
vn -0.3619 0.1731 0.9160
vn -0.2566 -0.0189 0.9663
vn -0.3353 -0.1406 0.9315
vn -0.9369 -0.3361 -0.0966
vn -0.9360 -0.2297 -0.2669
vn -0.8046 0.2675 0.5301
vn -0.8061 0.1807 0.5635
vn 0.9148 0.0855 0.3948
vn 0.4639 0.2887 0.8375
vn -0.9559 0.1000 -0.2760
vn -0.8368 0.3639 -0.4091
vn -0.4388 0.3178 -0.8405
vn -0.3700 0.2443 -0.8963
vn -0.5935 -0.4674 -0.6552
vn -0.6816 0.0710 -0.7282
vn -0.2853 -0.1077 -0.9524
vn 0.9721 -0.0426 0.2306
vn 0.8896 -0.3771 0.2575
vn 0.9235 -0.3680 0.1085
vn 0.9870 -0.1595 0.0201
vn 0.0661 -0.5641 -0.8231
vn 0.0650 -0.6116 -0.7885
vn 0.0701 -0.3367 -0.9390
vn 0.0733 -0.2775 -0.9579
vn 0.0058 -0.9862 0.1654
vn 0.4294 -0.9028 -0.0256
vn 0.7613 0.0132 -0.6483
vn 0.7296 0.1829 -0.6589
vn 0.9993 0.0064 0.0359
vn -0.8126 -0.5523 0.1862
vn -0.7952 -0.5419 0.2720
vn -0.8898 -0.3770 0.2573
vn -0.9237 -0.3675 0.1084
vn -0.6861 -0.4394 0.5798
vn -0.7565 -0.6342 0.1595
vn -0.9943 0.1009 -0.0342
vn -0.9985 0.0255 -0.0490
vn -0.2951 -0.1496 -0.9437
vn -0.5933 -0.1580 -0.7893
vn -0.9984 -0.0462 -0.0319
vn -0.9930 -0.1035 -0.0562
vn -0.8275 0.2138 0.5192
vn -0.7940 0.1658 0.5849
vn 0.0203 0.3737 0.9273
vn 0.0158 0.0134 0.9998
vn 0.2499 -0.0589 0.9665
vn 0.2795 0.3003 0.9120
vn -0.9794 -0.1647 -0.1165
vn -0.9655 0.1731 -0.1944
vn -0.4313 0.2791 -0.8580
vn -0.4845 -0.0276 -0.8744
vn -0.4839 0.0251 -0.8748
vn -0.4229 0.2492 -0.8712
vn -0.2648 0.2810 -0.9225
vn -0.3346 0.0451 -0.9413
vn 0.6335 -0.2666 -0.7264
vn 0.9967 -0.0309 -0.0757
vn 0.9892 -0.0516 -0.1370
vn 0.6101 -0.2366 -0.7562
vn -0.6876 -0.4765 -0.5478
vn -0.9992 0.0367 0.0186
vn -0.9961 0.0843 0.0245
vn -0.7344 -0.6196 -0.2769
vn -0.0000 -0.8392 -0.5439
vn -0.0000 -0.7321 -0.6812
vn 0.0170 -0.7271 -0.6863
vn 0.0096 -0.8337 -0.5522
vn 0.0756 -0.2562 -0.9637
vn 0.0874 -0.1633 -0.9827
vn 0.0992 -0.2355 -0.9668
vn -0.0428 -0.9670 -0.2511
vn -0.0507 -0.8680 -0.4939
vn -0.0345 -0.8848 -0.4647
vn -0.0339 -0.9347 -0.3539
vn 0.0139 -0.7761 0.6304
vn 0.0059 -0.8448 0.5351
vn -0.0011 -0.8363 0.5483
vn 0.0016 -0.7574 0.6529
vn 0.0162 0.1466 0.9891
vn 0.0618 0.1263 0.9901
vn 0.0445 0.2208 0.9743
vn 0.0331 0.2288 0.9729
vn 0.1669 -0.9222 0.3488
vn -0.2044 -0.8542 0.4781
vn -0.1021 -0.9424 0.3184
vn -0.1005 -0.9723 0.2108
vn -0.0040 -0.8709 0.4915
vn -0.0171 -0.9044 0.4264
vn -0.0279 -0.9961 0.0839
vn -0.0502 -0.9556 0.2902
vn -0.0171 -0.9433 0.3316
vn -0.0190 -0.9413 0.3370
vn -0.1757 -0.9299 0.3232
vn -0.1184 -0.9737 0.1949
vn -0.0025 -0.9739 0.2270
vn -0.0261 -0.9450 0.3261
vn -0.0178 -0.9380 0.3462
vn -0.0167 -0.9495 0.3133
vn -0.0355 -0.9635 0.2652
vn -0.0257 -0.9324 0.3606
vn -0.1854 -0.9645 0.1878
vn -0.1284 -0.9502 0.2841
vn -0.0465 -0.9390 0.3407
vn -0.0781 -0.9437 0.3215
vn -0.3215 0.2782 0.9051
vn -0.3415 0.2421 0.9082
vn 0.0409 0.2616 0.9643
vn 0.0521 0.2985 0.9530
vn -0.9364 -0.3423 0.0780
vn -0.4365 -0.8545 0.2815
vn -0.8452 -0.2154 -0.4890
vn -0.9323 0.1773 0.3151
vn -0.9462 0.0987 0.3080
vn -0.8465 -0.1846 -0.4993
vn 0.2384 -0.2364 -0.9420
vn 0.1973 -0.3706 -0.9076
vn 0.1197 -0.4012 -0.9081
vn 0.1557 -0.2653 -0.9515
vn 0.3269 -0.8688 -0.3720
vn 0.2623 -0.6406 -0.7217
vn 0.8720 -0.2739 -0.4057
vn 0.3415 0.2421 0.9082
vn 0.8282 0.1390 0.5429
vn 0.7980 0.1714 0.5778
vn 0.3216 0.2782 0.9051
vn -0.2531 -0.2608 -0.9316
vn -0.2269 -0.2848 -0.9313
vn -0.8742 -0.1483 -0.4623
vn -0.8742 -0.4847 -0.0285
vn -0.2840 -0.0837 -0.9552
vn -0.3491 -0.0708 -0.9344
vn -0.2650 -0.2340 -0.9354
vn -0.5659 -0.2069 -0.7981
vn -0.5810 -0.2225 -0.7829
vn -0.9870 -0.1596 0.0201
vn -0.9721 -0.0427 0.2307
vn -0.9988 -0.0458 -0.0157
vn -0.9996 0.0083 -0.0278
vn -0.9481 0.0853 0.3064
vn -0.9993 0.0097 -0.0372
vn -0.9149 0.0846 0.3948
vn -0.9614 -0.1385 -0.2378
vn -0.9750 0.1046 -0.1961
vn -0.8638 0.3736 0.3381
vn 0.2676 -0.1805 0.9465
vn 0.4228 0.2492 -0.8713
vn 0.3275 0.6152 -0.7171
vn 0.6949 0.4676 -0.5463
vn -0.9977 -0.0042 0.0681
vn -0.9625 0.2699 0.0274
vn 0.0180 -0.9417 0.3359
vn -0.9975 0.0480 -0.0528
vn -0.8968 0.3526 0.2671
vn -0.9742 0.2038 -0.0972
vn 0.0860 -0.2358 0.9680
vn 0.0884 -0.2586 0.9619
vn 0.1311 -0.2672 0.9547
vn 0.1322 -0.2843 0.9496
vn 0.2543 0.4398 0.8614
vn 0.2506 0.2907 0.9234
vn 0.8528 0.1518 0.4997
vn 0.8044 0.2675 0.5304
vn -0.0448 -0.2710 -0.9615
vn -0.0529 -0.1810 -0.9821
vn -0.0000 -0.1898 -0.9818
vn -0.0000 -0.2765 -0.9610
vn 0.0171 -0.9044 0.4263
vn 0.0280 -0.9961 0.0841
vn -0.0074 -0.9898 0.1420
vn 0.0324 -0.9100 0.4133
vn -0.2011 0.5775 0.7912
vn -0.2067 0.5333 0.8203
vn -0.2241 0.7276 0.6484
vn -0.2092 0.7474 0.6306
vn 0.0285 -0.8891 0.4568
vn 0.0473 -0.8548 0.5168
vn -0.2645 -0.0946 -0.9598
vn -0.6838 -0.0414 -0.7285
vn -0.5856 -0.4080 -0.7004
vn -0.2268 -0.5282 -0.8183
vn -0.0000 0.6603 -0.7510
vn -0.0000 0.9853 -0.1706
vn -0.0226 0.9857 -0.1668
vn 0.0195 0.6636 -0.7478
vn -0.0060 -0.9862 0.1654
vn 0.0171 -0.9516 0.3068
vn 0.9357 -0.3438 0.0788
vn 0.9478 -0.3010 0.1054
vn 0.9998 -0.0156 -0.0133
vn 0.9848 0.1476 -0.0916
vn 0.9796 -0.0641 -0.1905
vn -0.0041 -0.6584 -0.7527
vn -0.0076 -0.6671 -0.7449
vn -0.0053 -0.3746 -0.9272
vn -0.0007 -0.3885 -0.9214
vn -0.1495 -0.6376 0.7558
vn -0.3864 -0.4416 0.8098
vn 0.1367 -0.5288 0.8377
vn 0.1685 -0.8290 0.5333
vn 0.4333 -0.5067 0.7453
vn -0.0310 -0.9430 0.3313
vn -0.0951 0.6721 -0.7343
vn 0.0576 0.9624 -0.2654
vn 0.0585 0.9694 -0.2383
vn -0.0808 0.6874 -0.7217
vn -0.9997 -0.0078 -0.0222
vn -0.9767 -0.0744 -0.2015
vn -0.8235 0.1089 0.5568
vn -0.8285 0.1389 0.5425
vn -0.9794 -0.0643 -0.1912
vn -0.2675 -0.1806 0.9465
vn -0.3105 0.1062 0.9446
vn -0.7905 0.0211 0.6120
vn -0.6719 -0.2478 0.6979
vn 0.1564 0.4034 0.9016
vn 0.0902 0.3214 0.9426
vn 0.1131 0.3778 0.9189
vn 0.1746 0.4508 0.8754
vn 0.2617 0.3469 0.9006
vn 0.7434 0.2352 0.6261
vn 0.6830 0.3638 0.6333
vn 0.1863 0.4924 0.8502
vn 0.4291 -0.4700 0.7714
vn 0.1379 -0.4919 0.8597
vn 0.1881 -0.1413 0.9719
vn 0.9796 -0.2002 -0.0197
vn 0.8889 -0.4577 -0.0199
vn 0.0039 -0.8708 0.4916
vn -0.1366 -0.5288 0.8377
vn -0.4328 -0.5071 0.7454
vn -0.1700 -0.8283 0.5339
vn 0.3433 -0.0856 -0.9353
vn 0.3762 0.2014 -0.9044
vn 0.3696 0.2449 -0.8963
vn 0.2858 -0.1077 -0.9522
vn -0.8892 -0.4571 -0.0200
vn -0.9796 -0.2001 -0.0194
vn -0.7416 -0.4455 -0.5016
vn -0.6071 -0.6434 -0.4663
vn -0.1180 -0.5935 0.7962
vn 0.0103 -0.8906 0.4547
vn 0.1176 -0.5950 0.7951
vn 0.2643 -0.6874 0.6765
vn -0.9851 -0.1052 -0.1359
vn 0.0081 -0.9476 0.3194
vn 0.0294 -0.9377 0.3462
vn -0.0002 -0.9961 -0.0878
vn -0.1736 0.7879 0.5908
vn -0.1691 0.9422 0.2894
vn -0.1485 0.9453 0.2905
vn -0.0051 -0.4456 0.8952
vn -0.0043 -0.5073 0.8617
vn -0.0042 -0.4435 0.8962
vn 0.0018 -0.3687 0.9295
vn -0.3427 -0.0847 -0.9356
vn 0.3487 -0.0709 -0.9346
vn 0.9746 0.1069 -0.1965
vn 0.8641 0.3738 0.3371
vn 0.8791 -0.0497 0.4740
vn 0.9326 -0.3554 -0.0623
vn 0.9993 0.0098 -0.0372
vn 0.9141 -0.0489 -0.4025
vn 0.8967 -0.0067 -0.4426
vn 0.9975 0.0479 -0.0528
vn -0.7610 0.0133 -0.6486
vn -0.7290 0.1831 -0.6595
vn 0.3445 -0.0776 -0.9356
vn -0.9143 -0.0489 -0.4021
vn -0.8968 -0.0066 -0.4424
vn -0.8835 0.0400 0.4666
vn -0.8751 0.0741 0.4782
vn 0.1331 0.3219 -0.9374
vn 0.0655 0.6909 -0.7199
vn 0.0808 0.6875 -0.7217
vn 0.1671 0.3273 -0.9300
vn 0.1539 -0.8250 -0.5438
vn 0.0042 -0.9988 -0.0486
vn 0.0002 -0.9961 -0.0879
vn 0.0470 -0.8223 -0.5671
vn -0.0384 0.6698 -0.7416
vn -0.0756 0.2779 -0.9576
vn -0.1028 0.2984 -0.9489
vn -0.0538 0.6807 -0.7306
vn -0.0790 -0.1014 0.9917
vn -0.0752 -0.4102 0.9089
vn 0.0011 -0.4871 0.8733
vn 0.0033 -0.1164 0.9932
vn -0.0597 -0.6517 0.7561
vn -0.0864 -0.7474 0.6587
vn -0.1100 -0.5874 0.8018
vn -0.0702 -0.5110 0.8567
vn 0.5579 -0.7609 0.3315
vn 0.4377 -0.8540 0.2813
vn 0.9674 -0.1620 0.1946
vn 0.7943 -0.5431 0.2724
vn 0.8123 -0.5526 0.1862
vn 0.0788 -0.1084 0.9910
vn 0.1139 -0.1920 0.9748
vn 0.0720 0.0175 0.9973
vn 0.1308 -0.2105 -0.9688
vn 0.1048 -0.9585 0.2652
vn 0.0425 -0.9618 0.2704
vn 0.1005 -0.9724 0.2107
vn -0.3761 0.2011 -0.9045
vn 0.0021 -0.9302 0.3670
vn 0.0131 -0.9366 0.3502
vn -0.0186 -0.9403 0.3397
vn -0.0327 -0.9390 0.3424
vn 0.0154 -0.8651 0.5014
vn 0.0266 -0.9885 0.1492
vn -0.0208 -0.9863 0.1637
vn -0.5656 -0.7271 0.3892
vn -0.4295 -0.9027 -0.0249
vn 0.9642 -0.2643 0.0199
vn 0.9816 -0.1855 0.0448
vn 0.4840 0.0251 -0.8747
vn 0.5199 -0.0859 -0.8499
vn 0.3735 -0.0841 -0.9238
vn 0.3346 0.0451 -0.9413
vn -0.0296 0.1848 0.9823
vn -0.0755 0.0230 0.9969
vn -0.0630 0.1274 0.9898
vn -0.0462 0.2208 0.9742
vn 0.0281 0.1877 0.9818
vn 0.0417 0.3012 0.9526
vn 0.0487 0.2687 0.9620
vn -0.0608 -0.4519 -0.8900
vn -0.0814 -0.3226 -0.9430
vn -0.0629 -0.3384 -0.9389
vn -0.0486 -0.4740 -0.8792
vn -0.0181 -0.9417 0.3359
vn -0.0291 -0.9417 0.3351
vn 0.9370 -0.3358 -0.0963
vn 0.9360 -0.2297 -0.2666
vn -0.6104 -0.2366 -0.7559
vn -0.2603 -0.7580 -0.5981
vn 0.0403 -0.8965 0.4411
vn 0.0735 -0.7994 0.5963
vn 0.0456 -0.9178 0.3943
vn -0.7105 0.1814 0.6799
vn -0.5836 -0.0369 0.8112
vn -0.4423 -0.8490 0.2891
vn -0.9481 -0.2997 0.1058
vn 0.8449 -0.3203 -0.4284
vn 0.8736 -0.4858 -0.0281
vn -0.8719 -0.4614 0.1640
vn -0.6547 -0.1988 -0.7293
vn -0.5636 -0.2491 -0.7876
vn -0.4292 -0.4702 0.7712
vn 0.2272 -0.5281 -0.8182
vn 0.5856 -0.4076 -0.7007
vn 0.6844 -0.0395 -0.7280
vn 0.2647 -0.0942 -0.9597
vn 0.0310 -0.9430 0.3313
vn 0.0814 -0.3226 -0.9430
vn 0.1041 -0.2974 -0.9491
vn -0.2506 0.2907 0.9234
vn -0.2531 0.2135 0.9436
vn -0.7648 0.1348 0.6300
vn -0.0521 0.2985 0.9530
vn -0.0409 0.2616 0.9643
vn -0.3946 -0.1540 -0.9059
vn -0.3995 -0.2127 -0.8917
vn -0.5746 -0.1920 -0.7956
vn -0.5486 -0.1453 -0.8234
vn -0.1202 0.5071 0.8534
vn 0.1221 0.7227 0.6803
vn -0.1525 0.7271 0.6694
vn 0.9992 0.0366 0.0185
vn 0.6874 -0.4767 -0.5479
vn 0.7341 -0.6198 -0.2772
vn 0.9961 0.0844 0.0245
vn 0.7121 0.1788 0.6790
vn 0.7785 0.3153 0.5428
vn 0.3610 -0.6573 0.6616
vn -0.5534 -0.2840 -0.7830
vn -0.8031 -0.2106 -0.5573
vn -0.8252 -0.1415 -0.5468
vn 0.9562 0.0486 0.2887
vn 0.9988 -0.0458 -0.0157
vn -0.7774 0.3176 0.5429
vn -0.9998 -0.0124 -0.0128
vn 0.1025 -0.6140 -0.7827
vn 0.1036 -0.1672 -0.9805
vn -0.0558 -0.0195 -0.9983
vn -0.0000 -0.0260 -0.9997
vn -0.0425 -0.9618 0.2703
vn -0.1048 -0.9585 0.2652
vn 0.8059 0.1808 0.5637
vn 0.2534 0.2135 0.9435
vn 0.7642 0.1350 0.6307
vn 0.0225 0.9857 -0.1669
vn 0.0333 0.9843 -0.1736
vn 0.0873 0.9398 0.3303
vn 0.0498 0.9366 0.3468
vn 0.7423 -0.4450 -0.5009
vn 0.7671 -0.3374 -0.5457
vn 0.9930 -0.1035 -0.0561
vn 0.0558 -0.0195 -0.9983
vn 0.0455 0.2709 -0.9615
vn 0.0756 0.2780 -0.9576
vn 0.0898 -0.0090 -0.9959
vn 0.0094 -0.1370 0.9905
vn -0.4407 0.2846 0.8514
vn -0.4552 -0.0810 0.8867
vn -0.7948 -0.0625 -0.6036
vn -0.9986 0.0114 0.0525
vn -0.9993 0.0063 0.0366
vn -0.4635 0.2883 0.8379
vn -0.4144 0.5573 0.7195
vn 0.9173 -0.0667 -0.3926
vn 0.8729 0.0938 0.4788
vn 0.8754 0.0741 0.4778
vn 0.5610 -0.2477 -0.7899
vn 0.2677 -0.0808 -0.9601
vn 0.2497 0.0656 -0.9661
vn -0.9922 -0.1208 -0.0318
vn -0.8641 -0.0685 -0.4987
vn -0.2570 -0.5723 0.7787
vn -0.3384 -0.9077 0.2482
vn 0.6184 -0.1309 0.7749
vn 0.8645 -0.5025 -0.0104
vn 0.1849 -0.9647 0.1875
vn -0.4491 0.0569 -0.8917
vn 0.0769 -0.4110 0.9084
vn 0.1253 -0.3028 0.9448
vn -0.0607 -0.8826 -0.4662
vn -0.1048 -0.8402 -0.5320
vn -0.1739 -0.6834 -0.7090
vn -0.0897 -0.7459 -0.6599
vn 0.0355 -0.9635 0.2652
vn 0.0412 -0.9987 0.0288
vn 0.0131 -0.9778 0.2093
vn 0.0167 -0.9495 0.3133
vn 0.2608 -0.7578 -0.5981
vn 0.6071 -0.6435 -0.4662
vn 0.0017 -0.9520 0.3061
vn 0.0093 -0.7336 -0.6795
vn 0.0048 -0.7461 -0.6658
vn 0.0078 -0.9154 -0.4026
vn 0.0121 -0.9065 -0.4219
vn -0.0828 0.3189 0.9442
vn -0.0819 0.3723 0.9245
vn -0.0275 0.2853 0.9580
vn -0.0478 0.2667 0.9626
vn 0.0245 -0.6661 0.7454
vn 0.0511 -0.7203 0.6918
vn 0.0200 -0.7191 0.6946
vn 0.0131 -0.9824 -0.1864
vn 0.0067 -0.9623 0.2719
vn 0.0032 -0.9535 0.3015
vn 0.0055 -0.9875 -0.1577
vn 0.0969 -0.2488 0.9637
vn 0.0914 -0.3063 0.9475
vn 0.0291 -0.2719 0.9619
vn 0.0332 -0.2171 0.9756
vn -0.0455 0.9807 -0.1900
vn -0.0571 0.9762 -0.2093
vn 0.0538 0.6807 -0.7306
vn -0.0767 -0.4850 0.8712
vn -0.0905 -0.0562 0.9943
vn -0.1450 -0.2735 0.9509
vn -0.1325 -0.5689 0.8117
vn -0.0585 0.9694 -0.2386
vn 0.9396 -0.2761 -0.2022
vn 0.5609 -0.7310 0.3888
vn -0.0162 0.1466 0.9891
vn -0.0331 0.2288 0.9729
vn -0.3269 0.2060 0.9223
vn 0.6594 -0.4338 -0.6140
vn 0.2533 -0.4145 -0.8741
vn -0.8422 0.5097 -0.1756
vn -0.8821 -0.4579 0.1102
vn -0.8894 -0.2299 0.3952
vn -0.8106 0.3660 -0.4571
vn -0.3809 -0.5874 -0.7141
vn 0.0415 -0.6377 -0.7692
vn 0.0167 -0.3522 -0.9358
vn 0.0430 -0.3446 -0.9377
vn 0.5841 -0.0359 0.8109
vn 0.4551 -0.0807 0.8868
vn 0.4400 0.2845 0.8517
vn -0.0033 -0.1165 0.9932
vn -0.0010 -0.4871 0.8733
vn -0.8619 0.1491 -0.4846
vn -0.3266 -0.8688 -0.3720
vn -0.2624 -0.6406 -0.7217
vn 0.1296 -0.1511 0.9800
vn 0.1269 -0.3020 0.9448
vn 0.7946 -0.1711 0.5826
vn 0.8141 0.0484 0.5787
vn -0.2047 0.0352 0.9782
vn -0.2335 0.1273 0.9640
vn 0.6512 0.0200 0.7587
vn 0.4438 -0.8483 0.2889
vn -0.9115 -0.0981 -0.3995
vn -0.9155 -0.1445 -0.3754
vn -0.0172 -0.9516 0.3068
vn 0.3629 0.1728 0.9157
vn -0.3600 -0.6563 0.6631
vn -0.2641 -0.6865 0.6775
vn 0.0267 -0.9452 0.3254
vn 0.0027 -0.9738 0.2274
vn 0.1181 -0.9737 0.1949
vn 0.1640 -0.9669 0.1955
vn -0.1665 -0.9221 0.3493
vn 0.1020 -0.9426 0.3180
vn 0.2042 -0.8540 0.4785
vn -0.0782 -0.8537 0.5148
vn -0.0302 -0.9115 0.4102
vn -0.9997 -0.0129 0.0199
vn 0.0186 -0.9403 0.3397
vn 0.0326 -0.9390 0.3425
vn 0.0291 -0.9417 0.3351
vn -0.8529 0.1518 0.4996
vn -0.2545 0.4397 0.8613
vn 0.8966 0.3529 0.2675
vn -0.0356 -0.3490 -0.9364
vn -0.0261 -0.4888 -0.8720
vn -0.4930 -0.1533 0.8564
vn -0.1881 -0.1412 0.9719
vn -0.1379 -0.4919 0.8597
vn 0.2529 -0.2608 -0.9317
vn 0.2650 -0.2340 -0.9354
vn 0.8901 -0.1143 -0.4413
vn 0.0617 0.5353 0.8424
vn 0.0168 0.5300 0.8478
vn -0.0031 0.6092 0.7930
vn 0.0683 0.6130 0.7872
vn 0.1766 0.9429 0.2824
vn 0.1669 0.9455 0.2796
vn 0.8731 0.1040 0.4762
vn -0.1399 -0.5981 -0.7891
vn -0.0858 -0.6373 -0.7658
vn -0.0627 -0.7704 -0.6344
vn 0.1492 0.9467 0.2856
vn 0.0568 0.9761 -0.2099
vn -0.0553 -0.6634 -0.7462
vn -0.0396 -0.7835 -0.6202
vn -0.8731 0.1040 0.4763
vn 0.0629 -0.3384 -0.9389
vn 0.8693 -0.4930 0.0344
vn -0.8381 0.5277 0.1379
vn -0.8866 -0.3875 -0.2528
vn 0.0951 0.6721 -0.7343
vn -0.0574 0.9624 -0.2657
vn -0.0153 0.9605 -0.2777
vn 0.1466 0.6499 -0.7457
vn 0.8640 -0.0686 -0.4988
vn -0.6339 -0.2665 -0.7261
vn -0.1940 -0.3322 -0.9231
vn -0.3736 -0.0840 -0.9238
vn -0.2677 -0.0808 -0.9601
vn -0.2633 -0.1650 -0.9505
vn -0.6996 0.0917 0.7087
vn -0.6507 0.0200 0.7591
vn 0.2011 0.9431 -0.2648
vn 0.6471 0.7384 -0.1900
vn 0.6821 0.0700 -0.7279
vn 0.9559 0.0997 -0.2764
vn 0.8619 0.1491 -0.4846
vn 0.8107 0.3660 -0.4569
vn 0.9742 0.2038 -0.0973
vn -0.0660 -0.9058 0.4186
vn -0.0108 -0.9303 0.3665
vn -0.0024 -0.9386 0.3450
vn -0.1470 0.4059 0.9020
vn -0.1539 0.4734 0.8673
vn 0.2647 0.2811 -0.9225
vn -0.5196 -0.0859 -0.8501
vn -0.0688 -0.6880 -0.7225
vn -0.1025 -0.6140 -0.7826
vn -0.0898 -0.0090 -0.9959
vn -0.1173 0.0100 -0.9930
vn -0.0797 0.3674 0.9266
vn 0.0390 -0.7224 -0.6903
vn 0.0609 -0.7259 -0.6851
vn -0.7370 0.1183 0.6655
vn -0.9982 0.0041 0.0598
vn -0.9325 -0.3557 -0.0626
vn -0.8793 -0.0498 0.4736
vn 0.6350 0.5586 0.5336
vn 0.6187 0.7425 0.2568
vn 0.1139 0.9450 0.3066
vn 0.0096 -0.4959 0.8683
vn 0.2570 -0.5723 0.7788
vn 0.2004 -0.1868 0.9617
vn -0.0158 0.0134 0.9998
vn -0.0095 -0.4957 0.8684
vn 0.0780 -0.4846 0.8713
vn 0.0913 -0.0583 0.9941
vn 0.5812 -0.2225 -0.7828
vn -0.0098 -0.8904 0.4550
vn 0.0983 -0.9539 0.2836
vn 0.8726 -0.4618 0.1592
vn 0.8891 -0.2302 0.3955
vn -0.1170 -0.8814 0.4577
vn -0.2531 -0.4144 -0.8742
vn -0.6585 -0.4343 -0.6146
vn -0.0195 0.6636 -0.7478
vn 0.0833 0.2532 0.9638
vn 0.1464 -0.2842 0.9475
vn 0.1378 -0.0862 0.9867
vn -0.1373 -0.0761 0.9876
vn -0.0830 0.2505 0.9645
vn -0.6328 -0.1599 0.7576
vn -1.0000 -0.0032 0.0052
vn -0.9174 -0.0667 -0.3922
vn -0.8727 0.0938 0.4792
vn -0.1465 0.4334 0.8892
vn -0.0936 0.3265 0.9405
vn 0.0839 -0.8397 0.5365
vn -0.0474 -0.8548 0.5168
vn -0.0762 -0.8821 0.4649
vn 0.0688 -0.6879 -0.7225
vn -0.0992 -0.2355 -0.9668
vn -0.0756 -0.2562 -0.9637
vn 0.0801 -0.0954 0.9922
vn 0.8361 0.3644 -0.4100
vn -0.0016 -0.8930 0.4500
vn 0.0239 -0.9676 0.2514
vn 0.0104 -0.9156 0.4020
vn 0.8862 -0.0518 0.4604
vn -0.8862 -0.0517 0.4605
vn -0.2006 -0.1868 0.9617
vn -0.6353 0.5584 0.5335
vn -0.1222 0.7227 0.6802
vn -0.1138 0.9450 0.3066
vn -0.6189 0.7424 0.2566
vn -0.0131 -0.9777 0.2094
vn -0.0255 -0.9901 -0.1384
vn -0.0412 -0.9987 0.0289
vn -0.3615 -0.3313 -0.8715
vn -0.0294 -0.9377 0.3461
vn 0.6550 -0.3401 -0.6748
vn 0.2951 -0.1496 -0.9437
vn 0.6960 -0.5138 0.5015
vn 0.9115 -0.0982 -0.3995
vn -0.1731 0.6095 0.7736
vn -0.0690 -0.8083 0.5847
vn -0.0412 -0.9219 0.3852
vn 0.0529 -0.1810 -0.9821
vn 0.0448 -0.2710 -0.9615
vn 0.5660 -0.2069 -0.7980
vn -0.3275 0.6153 -0.7171
vn -0.6946 0.4677 -0.5466
vn 0.0659 -0.9059 0.4184
vn 0.4142 0.5570 0.7198
vn 0.0257 -0.9324 0.3606
vn 0.0291 -0.2226 0.9745
vn -0.0120 -0.3140 0.9494
vn -0.0121 -0.2741 0.9616
vn 0.1169 -0.8818 0.4569
vn 0.1545 -0.9391 0.3069
vn 0.2064 -0.9533 0.2205
vn 0.1757 -0.9303 0.3221
vn -0.2384 -0.2364 -0.9420
vn 0.0428 -0.9670 -0.2511
vn 0.0255 -0.9901 -0.1383
vn -0.0003 -0.9510 0.3093
vn -0.6508 0.1179 0.7500
vn -0.0004 0.9375 0.3481
vn -0.2520 0.1741 0.9519
vn -0.8423 0.1178 0.5260
vn 0.0108 -0.9303 0.3666
vn -0.0081 -0.9476 0.3193
vn 0.0462 -0.9390 0.3408
vn 0.1284 -0.9502 0.2840
vn 0.0774 -0.9437 0.3216
vn 0.3385 -0.9076 0.2483
vn -0.7671 -0.3374 -0.5457
vn -0.6831 0.3638 0.6332
vn -0.1862 0.4924 0.8502
vn 0.0507 -0.8681 -0.4939
vn 0.0481 -0.8467 -0.5299
vn 0.9768 -0.0743 -0.2010
vn 0.0345 -0.8848 -0.4646
vn 0.1748 0.7954 0.5803
vn 0.2047 0.7516 0.6271
vn 0.2019 0.5596 0.8038
vn 0.1674 0.6000 0.7823
vn -0.1739 0.5036 0.8462
vn 0.9977 -0.0040 0.0680
vn -0.1087 -0.0702 0.9916
vn -0.1217 -0.2363 0.9640
vn -0.1157 -0.1726 0.9782
vn -0.1036 -0.1671 -0.9805
vn 0.9943 0.1009 -0.0340
vn -0.8719 -0.2741 -0.4059
vn 0.9613 -0.1387 -0.2382
vn 0.0455 0.9806 -0.1909
vn 0.1223 0.9448 0.3039
vn -0.1210 0.9460 0.3007
vn -0.0333 0.9843 -0.1733
vn -0.0867 0.9420 0.3243
vn -0.0001 -0.8764 0.4816
vn -0.0032 -0.9534 0.3016
vn -0.0049 -0.9478 0.3189
vn -0.0031 -0.8690 0.4948
vn -0.2616 0.3470 0.9006
vn 0.0607 -0.8826 -0.4662
vn 0.1048 -0.8402 -0.5320
vn -0.6469 0.7385 -0.1901
vn -0.2011 0.9431 -0.2648
vn 0.0158 -0.8191 -0.5734
vn 0.0234 -0.8004 -0.5990
vn 0.0186 -0.8960 -0.4436
vn -0.0480 -0.8924 -0.4486
vn 0.0153 0.9605 -0.2777
vn 0.1317 0.9464 0.2949
vn 0.1504 -0.9269 0.3440
vn 0.1901 -0.9320 0.3087
vn 0.0763 -0.8821 0.4647
vn -0.0841 -0.8394 0.5370
vn -0.1948 -0.8003 0.5671
vn -0.0199 -0.8580 0.5133
vn -0.0821 -0.8573 0.5082
vn 0.1988 0.3107 -0.9295
vn -0.1318 0.9464 0.2949
vn -0.1794 0.9410 0.2871
vn -0.1250 -0.3852 0.9143
vn -0.2791 0.3003 0.9121
vn -0.0205 0.3736 0.9274
vn -0.0093 -0.1371 0.9905
vn -0.1308 -0.2105 -0.9688
vn -0.1482 -0.1171 -0.9820
vn -0.1127 -0.1430 -0.9833
vn 0.1525 0.7271 0.6694
vn 0.2220 0.7270 0.6498
vn 0.0367 -0.0393 0.9986
vn -0.0002 -0.1478 0.9890
vn -0.0034 -0.0889 0.9960
vn -0.0019 0.0357 0.9994
vn 0.9986 0.0113 0.0519
vn 0.7944 -0.0626 -0.6042
vn -0.5717 -0.8192 0.0460
vn -0.2015 -0.0917 -0.9752
vn -0.1866 -0.1840 -0.9651
vn -0.6188 -0.1315 0.7745
vn -0.2496 -0.0592 0.9666
vn 0.0428 0.3509 0.9354
vn 0.0507 0.3566 0.9329
vn 0.0720 0.1066 0.9917
vn 0.0480 0.0874 0.9950
vn -0.0055 -0.9875 -0.1577
vn -0.0067 -0.9623 0.2721
vn -0.0131 -0.9824 -0.1863
vn -0.0516 0.4891 0.8707
vn -0.0713 0.3612 0.9298
vn -0.0886 0.4769 0.8745
vn -0.0175 -0.6570 -0.7537
vn -0.0091 -0.9037 -0.4280
vn -0.0159 -0.8975 -0.4408
vn -0.0430 -0.3447 -0.9377
vn -0.0701 -0.3368 -0.9390
vn -0.0609 -0.7259 -0.6851
vn -0.0390 -0.7225 -0.6903
vn -0.0000 -0.9440 -0.3299
vn -0.0000 -0.8954 -0.4452
vn 0.0074 -0.9001 -0.4356
vn 0.0077 -0.9421 -0.3353
vn 0.2016 -0.0917 -0.9752
vn 0.1866 -0.1840 -0.9651
vn -0.0000 -0.3537 -0.9354
vn -0.0661 -0.5641 -0.8230
vn -0.0650 -0.6117 -0.7884
vn -0.0481 -0.8467 -0.5298
vn -0.8647 -0.5021 -0.0098
vn 0.0859 0.3449 0.9347
vn 0.1221 0.4340 0.8926
vn 0.0480 -0.8924 -0.4486
vn 0.0627 -0.7704 -0.6344
vn 0.0897 -0.7460 -0.6599
vn 0.0261 -0.4888 -0.8720
vn 0.0356 -0.3490 -0.9364
vn 0.0486 -0.4740 -0.8792
vn -0.0000 -0.9465 0.3227
vn -0.0000 -0.8670 0.4984
vn -0.0006 -0.8359 0.5488
vn 0.0031 -0.8690 0.4948
vn 0.0006 -0.8394 0.5435
vn 0.8027 -0.2107 -0.5579
vn 0.8248 -0.1416 -0.5474
vn 0.9997 -0.0128 0.0200
vn 0.9984 -0.0462 -0.0317
vn -0.0844 -0.4818 -0.8722
vn -0.1389 0.6486 0.7484
vn -0.1436 0.8238 0.5483
vn -0.0592 -0.8300 0.5546
vn -0.0363 -0.9007 0.4329
vn 0.0339 -0.9347 -0.3539
vn -0.0239 -0.9676 0.2515
vn -0.0104 -0.9156 0.4020
vn 0.0399 -0.9212 0.3870
vn 0.0827 -0.8490 0.5219
vn 0.0908 -0.7387 0.6679
vn 0.1134 -0.5852 0.8029
vn 0.1353 -0.5690 0.8111
vn 0.8837 0.0399 0.4664
vn -0.0498 -0.7320 0.6794
vn -0.0255 -0.6782 0.7345
vn -0.0207 -0.7277 0.6856
vn -0.0421 -0.7758 0.6296
vn -0.0455 0.2709 -0.9615
vn 0.7568 -0.6338 0.1595
vn -0.6958 -0.5143 0.5014
vn -0.6288 -0.7694 0.1128
vn 0.9998 0.0010 -0.0220
vn 0.9156 -0.1445 -0.3753
vn 0.0842 -0.4821 -0.8721
vn 0.9982 0.0040 0.0595
vn 0.8217 -0.1048 -0.5602
vn -0.1197 -0.4012 -0.9081
vn -0.0776 -0.4272 -0.9008
vn 0.0312 -0.2050 0.9783
vn -0.1251 -0.3011 0.9454
vn -0.1293 -0.1603 0.9786
vn -0.0786 -0.1050 0.9914
vn -0.0558 0.4999 0.8643
vn -0.0000 0.2682 -0.9634
vn -0.1154 0.5280 0.8414
vn 0.0573 0.8441 0.5330
vn 0.1062 0.8386 0.5343
vn 0.1090 0.6973 0.7085
vn 0.0613 0.7129 0.6986
vn 0.0299 -0.7108 -0.7028
vn -0.0150 -0.8689 0.4948
vn -0.0103 -0.8983 0.4393
vn 0.0055 -0.2818 0.9595
vn 0.0064 -0.3338 0.9426
vn -0.0286 -0.2495 0.9679
vn -0.0284 -0.2892 0.9568
vn -0.1557 -0.2653 -0.9515
vn -0.0000 -0.4932 -0.8699
vn 0.5701 -0.8204 0.0435
vn 0.1239 -0.2587 0.9580
vn -0.2065 -0.9531 0.2214
vn -0.0068 -0.3376 0.9413
vn 0.7934 0.1660 0.5857
vn -0.0733 -0.2773 -0.9580
vn 0.5535 -0.2839 -0.7830
vn 0.9322 0.1775 0.3155
vn -0.0313 -0.8910 -0.4529
vn -0.0234 -0.8004 -0.5990
vn -0.0186 -0.8960 -0.4436
vn 0.0313 -0.8910 -0.4529
vn 0.0187 -0.7184 -0.6954
vn 0.0053 -0.3746 -0.9272
vn 0.0041 -0.6584 -0.7527
vn -0.0000 -0.6488 -0.7609
vn -0.0000 -0.3911 -0.9204
vn 0.0007 -0.3885 -0.9214
vn 0.0178 -0.9380 0.3462
vn 0.0089 -0.9242 0.3818
vn -0.0000 -0.9926 -0.1215
vn -0.0068 -0.9918 -0.1276
vn 0.3615 -0.3313 -0.8715
vn 0.2001 0.0649 -0.9776
vn 0.6281 -0.7700 0.1126
vn -0.0347 -0.9903 -0.1344
vn -0.0308 -0.2397 0.9704
vn -0.0328 -0.3357 0.9414
vn -0.0781 -0.3433 0.9360
vn -0.0824 -0.2386 0.9676
vn 0.0438 -0.1260 0.9911
vn 0.0600 0.0983 0.9933
vn 0.0024 -0.9386 0.3450
vn -0.0313 -0.8179 0.5745
vn -0.0401 -0.8601 0.5085
vn -0.0071 -0.6896 0.7242
vn -0.0095 -0.6426 0.7661
vn -0.0107 -0.5903 0.8071
vn -0.0029 -0.5929 0.8053
vn -0.0025 -0.6278 0.7784
vn -0.9845 0.1490 -0.0923
vn 0.9626 0.2696 0.0272
vn -0.0821 0.1397 0.9868
vn -0.0720 0.1111 0.9912
vn -0.0820 -0.1104 0.9905
vn -0.0866 -0.2477 0.9649
vn 0.1399 -0.5981 -0.7891
vn 0.2699 -0.5338 -0.8014
vn 0.0398 0.3387 0.9401
vn -0.0096 -0.8337 -0.5522
vn -0.0170 -0.7271 -0.6863
vn 0.0068 -0.9918 -0.1276
vn 0.0078 -0.9330 -0.3598
vn 0.2044 0.0352 0.9783
vn -0.0014 0.8476 0.5306
vn -0.0588 0.8463 0.5294
vn -0.0503 0.9382 0.3424
vn -0.0034 -0.7627 0.6468
vn -0.0142 -0.7849 0.6195
vn 0.0396 -0.7835 -0.6202
vn 0.0561 0.4723 0.8796
vn 0.0585 0.5074 0.8597
vn 0.0902 0.5997 0.7951
vn 0.0985 0.5394 0.8363
vn -0.0404 -0.1146 0.9926
vn -0.0332 -0.2346 0.9715
vn -0.0048 -0.7461 -0.6658
vn -0.0000 -0.7489 -0.6626
vn -0.0000 -0.9188 -0.3948
vn 0.0148 -0.9226 -0.3854
vn 0.0347 -0.9903 -0.1345
vn -0.9813 -0.1872 0.0453
vn -0.0874 -0.1633 -0.9827
vn -0.0074 -0.9001 -0.4356
vn -0.0470 -0.8224 -0.5670
vn 0.1518 0.4812 0.8634
vn 0.1415 0.6557 0.7417
vn 0.0093 -0.9903 0.1385
vn -0.0024 -0.6737 0.7390
vn -0.0655 0.6909 -0.7199
vn 0.1028 0.2984 -0.9489
vn 0.0384 0.6698 -0.7416
vn -0.0196 -0.9039 0.4273
vn 0.0524 0.3456 0.9369
vn -0.0676 0.6135 0.7868
vn -0.0018 0.7166 0.6975
vn -0.0631 0.7126 0.6988
vn 0.0049 -0.9478 0.3189
vn -0.1331 0.3219 -0.9374
vn 0.4700 -0.4535 -0.7573
vn 0.0776 -0.4272 -0.9008
vn 0.0608 -0.4519 -0.8900
vn -0.1538 0.0403 -0.9873
vn 0.0553 -0.6634 -0.7462
vn 0.0858 -0.6373 -0.7658
vn -0.0078 -0.9154 -0.4026
vn -0.0415 -0.6377 -0.7692
vn -0.0090 -0.1501 0.9886
vn -0.1041 -0.2974 -0.9491
vn -0.0158 -0.8191 -0.5734
vn -0.0299 -0.7108 -0.7028
vn -0.1466 0.6499 -0.7457
vn -0.0017 -0.7539 0.6569
vn 0.0064 -0.6350 0.7725
vn 0.0043 -0.6857 0.7278
vn 0.2102 0.5267 0.8236
vn 0.1202 0.5071 0.8535
vn 0.0796 0.3674 0.9266
vn 0.2633 -0.1650 -0.9505
vn 0.4479 -0.8379 -0.3120
vn 0.8276 0.2135 0.5191
vn -0.0002 -0.4150 0.9098
vn -0.0698 0.5848 0.8082
vn 0.1738 -0.6834 -0.7091
vn 0.3811 -0.5873 -0.7140
vn -0.1042 0.6919 0.7144
vn 0.1277 -0.3969 0.9089
vn -0.1282 -0.2603 0.9570
vn -0.1293 -0.2635 0.9560
vn 0.0387 -0.6876 -0.7251
vn -0.0055 -0.3912 0.9203
vn -0.0167 -0.3522 -0.9358
vn 0.0001 -0.8764 0.4816
vn 0.0202 -0.8582 0.5130
vn 0.0811 -0.8577 0.5077
vn -0.0078 -0.9330 -0.3599
vn -0.0077 -0.9421 -0.3353
vn -0.3824 0.0773 0.9208
vn -0.0034 -0.5499 0.8352
vn 0.0053 -0.4973 0.8675
vn 0.0613 -0.6382 0.7674
vn 0.0292 -0.5810 0.8133
vn 0.0324 -0.4503 0.8923
vn 0.0719 -0.4988 0.8637
vn 0.0016 -0.8930 0.4500
vn -0.2699 -0.5338 -0.8014
vn -0.1242 -0.2962 0.9470
vn 0.0072 -0.5767 0.8169
vn 0.0192 0.1293 0.9914
vn -0.0052 -0.2821 0.9594
vn -0.1051 0.8406 0.5314
vn 0.0805 -0.3355 0.9386
vn -0.0093 -0.7336 -0.6795
vn -0.0121 -0.9066 -0.4219
vn -0.0840 -0.2639 0.9609
vn -0.0850 -0.3107 0.9467
vn 0.9518 0.0150 -0.3063
vn -0.0447 -0.0340 0.9984
vn -0.0059 -0.8490 0.5284
vn 0.0113 -0.8960 0.4439
vn -0.9997 0.0008 -0.0224
vn -0.0091 -0.5178 0.8554
vn -0.8222 -0.1046 -0.5594
vn -0.2497 0.0656 -0.9661
vn -0.2001 0.0649 -0.9776
vn -0.0187 -0.7184 -0.6954
vn -0.0148 -0.9226 -0.3855
vn -0.8040 -0.2334 0.5469
vn -0.0331 -0.4728 0.8805
vn 0.2267 -0.2848 -0.9314
vn 0.1076 -0.0858 0.9905
vn 0.0922 -0.1305 0.9871
vn 0.0805 0.1462 0.9860
vn -0.4698 -0.4536 -0.7573
vn 0.1473 0.8264 0.5435
vn -0.0387 -0.6876 -0.7251
vn -0.0302 -0.5981 0.8008
vn 0.0327 -0.3061 0.9515
vn -0.3066 0.4053 0.8612
vn -0.6548 -0.3401 -0.6749
vn -0.2047 -0.4431 -0.8728
vn -0.1671 0.3273 -0.9300
vn 0.5928 -0.4687 -0.6549
vn -0.1988 0.3107 -0.9295
vn -0.1973 -0.3706 -0.9076
vn 0.6523 -0.1994 -0.7313
vn 0.0840 -0.9861 0.1437
vn -0.0981 -0.9541 0.2830
vn 0.4661 -0.1416 -0.8733
vn 0.4806 -0.2445 -0.8421
vn -0.0285 -0.8891 0.4568
vn -0.1546 -0.9387 0.3082
vn 0.2830 -0.0823 -0.9556
vn 0.5198 -0.2342 -0.8216
vn 0.0031 0.9727 -0.2320
vn 0.0075 0.8245 -0.5659
vn 0.0056 0.8246 -0.5658
vn 0.0023 0.9727 -0.2321
vn 0.0080 -0.8430 0.5378
vn 0.0041 -0.9609 0.2770
vn 0.0036 -0.9615 0.2747
vn 0.0071 -0.8433 0.5374
vn -0.0032 0.3207 0.9472
vn -0.0033 0.0274 0.9996
vn -0.0067 0.0274 0.9996
vn -0.0063 0.3207 0.9472
vn 0.0110 -0.5652 -0.8249
vn 0.0048 -0.9328 -0.3602
vn 0.0036 -0.9328 -0.3604
vn 0.0082 -0.5651 -0.8250
vn -0.0126 0.3207 0.9471
vn -0.0132 0.0274 0.9995
vn -0.0148 0.0273 0.9995
vn -0.0141 0.3203 0.9472
vn -0.0036 -0.8433 0.5374
vn -0.0018 -0.8433 0.5375
vn -0.0009 -0.9615 0.2748
vn -0.0018 -0.9615 0.2748
vn 0.0129 -0.2318 -0.9727
vn 0.0097 -0.2318 -0.9727
vn -0.0059 -0.4556 0.8902
vn -0.0064 -0.2594 0.9657
vn -0.0032 -0.2595 0.9657
vn -0.0030 -0.4557 0.8901
vn 0.0148 0.0273 0.9995
vn 0.0143 -0.2592 0.9657
vn 0.0128 -0.2595 0.9657
vn 0.0132 0.0274 0.9995
vn -0.0015 0.9727 -0.2321
vn 0.0024 0.9333 0.3591
vn 0.0012 0.9333 0.3591
vn -0.0008 0.9727 -0.2321
vn -0.0034 0.9731 -0.2302
vn -0.0031 0.9727 -0.2320
vn -0.0075 0.8245 -0.5658
vn -0.0085 0.8254 -0.5645
vn 0.0018 -0.8433 0.5375
vn 0.0036 -0.8433 0.5374
vn 0.0018 -0.9615 0.2748
vn 0.0009 -0.9615 0.2748
vn -0.0000 -0.6894 0.7244
vn -0.0000 -0.4558 0.8901
vn 0.0030 -0.4557 0.8901
vn 0.0024 -0.6893 0.7244
vn 0.0038 0.8246 -0.5657
vn 0.0015 0.9727 -0.2321
vn -0.0122 0.5747 0.8182
vn -0.0054 0.9319 0.3626
vn -0.0048 0.9333 0.3590
vn -0.0108 0.5755 0.8177
vn 0.0100 0.0274 0.9996
vn 0.0095 0.3207 0.9471
vn 0.0126 0.3207 0.9471
vn 0.0032 -0.2595 0.9658
vn -0.0000 -0.2595 0.9658
vn -0.0000 0.0274 0.9996
vn 0.0033 0.0274 0.9996
vn 0.0064 -0.2595 0.9657
vn 0.0097 -0.2595 0.9657
vn 0.0089 -0.4556 0.8902
vn 0.0059 -0.4556 0.8902
vn -0.0062 0.3595 -0.9331
vn -0.0038 0.8246 -0.5657
vn -0.0019 0.8246 -0.5657
vn -0.0031 0.3595 -0.9332
vn -0.0065 -0.2318 -0.9727
vn -0.0055 -0.5651 -0.8250
vn -0.0082 -0.5651 -0.8250
vn -0.0097 -0.2318 -0.9727
vn -0.0072 -0.6893 0.7244
vn -0.0089 -0.4556 0.8902
vn -0.0048 -0.6893 0.7245
vn -0.0096 -0.6892 0.7245
vn -0.0118 -0.4555 0.8902
vn 0.0027 -0.5652 -0.8249
vn 0.0012 -0.9328 -0.3603
vn -0.0000 -0.9328 -0.3603
vn -0.0000 -0.5652 -0.8250
vn -0.0000 -0.2319 -0.9728
vn 0.0032 -0.2318 -0.9727
vn -0.0023 0.9727 -0.2321
vn -0.0056 0.8246 -0.5657
vn 0.0054 0.9319 0.3626
vn 0.0048 0.9333 0.3590
vn -0.0000 0.3207 0.9472
vn 0.0108 -0.6882 0.7255
vn 0.0096 -0.6892 0.7245
vn -0.0080 -0.8430 0.5378
vn -0.0071 -0.8433 0.5374
vn -0.0036 -0.9615 0.2747
vn -0.0041 -0.9609 0.2770
vn 0.0065 -0.2318 -0.9727
vn 0.0055 -0.5651 -0.8250
vn -0.0024 -0.9328 -0.3604
vn -0.0012 -0.9328 -0.3603
vn -0.0027 -0.9615 0.2747
vn 0.0024 -0.9328 -0.3604
vn 0.0082 0.5754 0.8178
vn 0.0063 0.3207 0.9472
vn 0.0054 0.5754 0.8179
vn 0.0008 0.9727 -0.2321
vn -0.0012 0.9333 0.3591
vn -0.0024 0.9333 0.3591
vn 0.0032 0.3207 0.9472
vn 0.0027 0.5754 0.8179
vn -0.0036 0.9333 0.3591
vn -0.0108 -0.6882 0.7255
vn -0.0132 -0.4549 0.8904
vn -0.0000 0.9333 0.3591
vn -0.0000 0.5754 0.8179
vn -0.0027 0.5754 0.8179
vn 0.0053 -0.9343 -0.3565
vn 0.0048 -0.6893 0.7245
vn 0.0072 -0.6893 0.7244
vn 0.0054 -0.8433 0.5374
vn -0.0110 -0.5652 -0.8249
vn -0.0129 -0.2318 -0.9727
vn 0.0123 -0.5661 -0.8242
vn -0.0124 0.3593 -0.9331
vn -0.0093 0.3594 -0.9331
vn -0.0024 -0.6893 0.7244
vn -0.0054 -0.8433 0.5374
vn 0.0067 0.0274 0.9996
vn 0.0141 0.3203 0.9472
vn -0.0095 0.3207 0.9471
vn -0.0082 0.5754 0.8178
vn -0.0054 0.5754 0.8178
vn -0.0146 -0.2323 -0.9725
vn -0.0140 0.3607 -0.9326
vn -0.0000 -0.8432 0.5376
vn -0.0000 -0.9615 0.2748
vn 0.0031 0.3595 -0.9331
vn -0.0000 0.3595 -0.9332
vn 0.0027 -0.9615 0.2747
vn -0.0000 0.9727 -0.2321
vn -0.0097 -0.2595 0.9657
vn -0.0100 0.0274 0.9996
vn -0.0036 -0.9328 -0.3604
vn 0.0036 0.9333 0.3591
vn 0.0062 0.3595 -0.9331
vn -0.0048 -0.9328 -0.3602
vn -0.0053 -0.9343 -0.3565
vn -0.0123 -0.5661 -0.8242
vn 0.0108 0.5755 0.8177
vn 0.0034 0.9731 -0.2302
vn 0.0085 0.8254 -0.5645
vn -0.0032 -0.2318 -0.9727
vn 0.0124 0.3593 -0.9332
vn 0.0140 0.3607 -0.9326
vn -0.0000 0.8246 -0.5657
vn 0.0019 0.8246 -0.5657
vn -0.0027 -0.5652 -0.8250
vn -0.0128 -0.2595 0.9657
vn 0.0122 0.5747 0.8183
vn 0.0093 0.3594 -0.9331
vn 0.0118 -0.4555 0.8902
vn 0.0132 -0.4549 0.8904
vn -0.0143 -0.2592 0.9657
vn 0.0146 -0.2323 -0.9725
vn -0.4141 -0.0532 -0.9087
vn -0.9221 0.0183 -0.3865
vn -0.9348 0.0170 -0.3548
vn -0.4585 -0.1016 -0.8829
vn -0.2368 0.9685 -0.0775
vn -0.2028 0.9733 -0.1074
vn -0.4525 0.8852 -0.1082
vn -0.4324 0.8995 -0.0632
vn -0.2686 0.9619 0.0517
vn -0.1571 0.9753 0.1552
vn -0.0297 0.9653 0.2594
vn -0.0540 0.9928 0.1071
vn -0.9014 0.4330 0.0086
vn -0.7438 0.6595 -0.1086
vn -0.7951 0.6057 -0.0311
vn -0.9405 0.3231 0.1053
vn 0.0003 -0.0137 0.9999
vn 0.0003 -0.1201 0.9928
vn -0.0000 -0.1200 0.9928
vn -0.0000 -0.0137 0.9999
vn -0.9830 -0.0996 0.1542
vn -0.8271 -0.5467 0.1306
vn -0.4473 -0.7564 0.4773
vn -0.6079 -0.4372 0.6628
vn -0.0093 -0.8981 0.4396
vn -0.0216 -0.6208 0.7837
vn -0.1117 -0.5910 0.7989
vn -0.0489 -0.8823 0.4682
vn -0.9630 0.2596 -0.0730
vn -0.9531 -0.3025 -0.0124
vn -0.9426 -0.3328 -0.0292
vn -0.9625 0.2623 -0.0696
vn 0.0046 -0.2572 0.9663
vn 0.0075 -0.2127 0.9771
vn -0.5824 -0.1946 0.7893
vn -0.5763 -0.2167 0.7880
vn -0.9440 0.2011 -0.2617
vn -0.9484 0.3079 -0.0756
vn -0.9322 0.3104 -0.1864
vn -0.2869 -0.7002 -0.6538
vn -0.1819 -0.9732 -0.1405
vn -0.7795 -0.5391 -0.3191
vn -0.9813 -0.1921 0.0151
vn -0.9679 -0.2512 0.0067
vn -0.9379 0.3340 -0.0940
vn -0.9007 0.4205 -0.1091
vn -0.0001 0.2679 0.9635
vn -0.0015 -0.0137 0.9999
vn 0.0006 0.2714 0.9625
vn -0.0069 0.9435 0.3312
vn 0.0030 0.8699 0.4932
vn -0.0012 0.8689 0.4950
vn -0.0010 0.9411 0.3381
vn -0.6361 0.7708 -0.0341
vn -0.5320 0.8454 0.0476
vn -0.5104 0.8595 0.0276
vn -0.5354 0.8446 -0.0005
vn -0.0070 -0.2122 0.9772
vn -0.0067 -0.2410 0.9705
vn -0.0068 -0.2437 0.9698
vn -0.0070 -0.2123 0.9772
vn -0.9012 0.4223 0.0978
vn -0.6473 0.7581 -0.0800
vn -0.3078 0.8539 -0.4196
vn -0.7502 0.6483 -0.1302
vn -0.0038 0.9914 0.1311
vn -0.0076 0.9993 0.0360
vn -0.0220 0.9993 0.0313
vn -0.0153 0.9918 0.1272
vn 0.0129 -0.8768 0.4808
vn 0.0117 -0.5274 0.8495
vn -0.0077 -0.5281 0.8491
vn -0.0071 -0.8781 0.4784
vn -0.0074 -0.1144 0.9934
vn -0.0086 -0.0127 0.9999
vn -0.0418 -0.0055 0.9991
vn -0.0358 -0.1029 0.9941
vn -0.4792 0.8677 -0.1321
vn -0.1614 0.9724 -0.1683
vn -0.9704 -0.0782 -0.2283
vn -0.5083 -0.6503 -0.5646
vn -0.6601 0.6507 -0.3754
vn -0.4020 0.9154 -0.0205
vn -0.6535 0.7561 -0.0354
vn -0.8992 0.4007 -0.1755
vn -0.9945 0.1049 -0.0045
vn -0.9877 0.1462 -0.0558
vn -0.9407 -0.3182 -0.1176
vn -0.9990 0.0369 0.0250
vn -0.2589 -0.9646 0.0509
vn -0.4437 -0.7509 0.4892
vn -0.8543 -0.5162 0.0606
vn -0.8769 0.4797 0.0305
vn -0.7923 0.6102 -0.0001
vn 0.0002 -0.9935 0.1137
vn 0.0001 -0.9899 -0.1416
vn 0.0001 -0.9902 -0.1400
vn 0.0001 -0.9935 0.1137
vn -0.1189 0.9913 -0.0569
vn -0.1264 0.9882 -0.0871
vn -0.2582 0.9640 -0.0637
vn -0.0006 -0.3166 0.9485
vn -0.0001 -0.6323 0.7747
vn 0.0002 -0.6324 0.7747
vn 0.0002 -0.3179 0.9481
vn -0.0817 0.8460 -0.5269
vn -0.0332 0.7999 -0.5993
vn 0.0223 0.7389 -0.6735
vn -0.0604 0.8042 -0.5913
vn 0.0074 0.7387 0.6740
vn 0.0046 0.6168 0.7871
vn -0.0084 0.6074 0.7943
vn -0.0052 0.7544 0.6564
vn -0.9445 -0.3252 -0.0456
vn -0.9546 0.2918 -0.0604
vn -0.6480 0.7458 -0.1546
vn -0.6861 0.7251 -0.0597
vn -0.5869 0.8077 -0.0565
vn -0.6152 0.7760 -0.1390
vn -0.0023 0.7222 0.6917
vn -0.0223 0.5820 0.8129
vn -0.9938 -0.0805 0.0771
vn -0.9904 -0.1281 0.0525
vn -0.9898 0.0642 -0.1268
vn -0.9585 -0.2781 -0.0627
vn -0.9701 0.2376 -0.0488
vn -0.9528 0.2986 -0.0543
vn -0.9534 -0.2962 -0.0573
vn -0.0370 0.8991 0.4362
vn -0.0062 0.8582 0.5133
vn -0.1676 0.9124 -0.3733
vn 0.0588 0.7803 -0.6226
vn 0.1005 0.6628 -0.7420
vn 0.0783 0.7186 -0.6910
vn -0.8317 0.4357 -0.3443
vn -0.6418 0.7630 -0.0770
vn -0.0015 -0.9030 0.4296
vn -0.0034 -0.6299 0.7766
vn -0.0008 -0.9930 0.1183
vn 0.0015 -0.9866 -0.1630
vn -0.0000 -0.9866 -0.1629
vn -0.0002 -0.9936 0.1130
vn -0.9360 0.3432 -0.0785
vn 0.0485 0.8753 -0.4811
vn 0.0090 0.9546 -0.2978
vn 0.0014 0.9435 -0.3313
vn 0.0064 0.8832 -0.4690
vn 0.0110 -0.9974 0.0718
vn -0.4242 -0.9047 0.0397
vn -0.4460 -0.8916 0.0783
vn 0.0061 -0.9935 0.1139
vn 0.0038 -0.9859 0.1670
vn 0.0090 -0.9718 0.2355
vn -0.0057 -0.9724 0.2332
vn -0.0049 -0.9862 0.1657
vn 0.0133 -0.7820 -0.6231
vn 0.0021 -0.7783 -0.6279
vn 0.0024 -0.9879 -0.1552
vn -0.2030 -0.9727 0.1125
vn -0.2016 -0.0792 0.9763
vn -0.1672 -0.2720 0.9477
vn -0.0301 -0.2992 0.9537
vn -0.0170 0.8753 -0.4833
vn -0.0861 0.9745 -0.2072
vn -0.0443 0.9678 -0.2478
vn -0.0248 0.8554 -0.5173
vn -0.4297 -0.9030 -0.0054
vn -0.0077 0.9892 -0.1465
vn 0.0074 0.9888 -0.1488
vn -0.0221 0.9508 -0.3091
vn -0.5113 -0.2166 -0.8317
vn -0.0372 -0.3215 -0.9462
vn -0.0129 -0.7862 -0.6178
vn -0.4260 -0.6468 -0.6326
vn 0.0052 -0.9932 0.1165
vn -0.0044 -0.9931 0.1176
vn -0.5925 0.8040 -0.0505
vn -0.6588 0.7506 -0.0511
vn -0.0048 -0.8512 0.5249
vn -0.0055 -0.4982 0.8671
vn -0.0064 -0.4968 0.8678
vn -0.0054 -0.8509 0.5253
vn -0.0019 -0.0060 -1.0000
vn 0.0017 -0.0151 -0.9999
vn 0.0021 -0.3567 -0.9342
vn 0.0013 -0.3461 -0.9382
vn -0.2797 0.9383 0.2035
vn -0.0597 0.7454 0.6639
vn -0.1165 0.9851 -0.1262
vn -0.0039 -0.9861 0.1664
vn -0.0047 -0.9861 0.1661
vn -0.0041 -0.9930 0.1176
vn -0.0035 -0.9931 0.1172
vn -0.4604 0.8876 0.0155
vn -0.4564 0.8880 -0.0564
vn -0.5571 0.0310 -0.8299
vn -0.0532 0.0053 -0.9986
vn -0.0012 -0.1194 0.9928
vn 0.0003 -0.1204 0.9927
vn -0.7095 0.6845 -0.1675
vn -0.4240 0.7909 0.4412
vn -0.4768 0.8790 -0.0001
vn -0.4604 0.8864 -0.0488
vn -0.4888 -0.8627 0.1301
vn -0.5233 -0.8304 0.1914
vn 0.0085 -0.9707 0.2401
vn 0.0046 -0.9856 0.1691
vn -0.0549 0.9976 -0.0424
vn -0.0681 0.9941 -0.0842
vn 0.0001 -0.9029 0.4298
vn 0.0002 -0.9030 0.4297
vn 0.0031 0.8460 -0.5332
vn 0.0046 0.8600 -0.5102
vn -0.0006 0.7541 -0.6567
vn -0.0125 0.7368 -0.6760
vn -0.0014 -0.7187 -0.6954
vn -0.0005 -0.7158 -0.6983
vn -0.0012 -0.1398 -0.9902
vn -0.0032 -0.1443 -0.9895
vn -0.0054 -0.5279 0.8493
vn -0.0051 -0.2125 0.9771
vn -0.0027 -0.2125 0.9771
vn -0.0028 -0.5283 0.8491
vn -0.5766 0.1088 -0.8098
vn -0.0612 0.1122 -0.9918
vn 0.0142 -0.9997 -0.0218
vn 0.0135 -0.9997 0.0209
vn 0.0146 -0.9997 0.0209
vn 0.0149 -0.9997 -0.0214
vn -0.0727 0.8891 -0.4519
vn -0.0804 0.8542 -0.5136
vn 0.0067 0.8736 -0.4865
vn -0.5461 0.8377 0.0118
vn -0.7319 0.6808 -0.0287
vn -0.0670 0.8126 -0.5789
vn 0.0216 0.7438 -0.6681
vn -0.0004 -0.9944 0.1059
vn 0.0001 -0.9835 -0.1808
vn 0.0019 -0.9839 -0.1789
vn 0.0006 -0.9944 0.1057
vn -0.9547 0.0326 -0.2957
vn -0.9954 -0.0371 0.0882
vn -0.9966 -0.0318 0.0759
vn -0.9556 0.0522 -0.2900
vn -0.7171 0.6785 -0.1591
vn -0.8313 0.5462 -0.1036
vn -0.7199 0.4839 0.4976
vn -0.8474 0.5248 -0.0807
vn -0.7914 0.6094 -0.0487
vn -0.7101 0.7027 -0.0440
vn -0.7286 0.6829 -0.0528
vn -0.8039 0.5920 -0.0574
vn -0.0308 0.9921 0.1216
vn -0.0057 0.9541 0.2993
vn 0.0144 -0.9985 -0.0524
vn 0.0149 -0.9985 -0.0527
vn 0.0124 -0.9894 -0.1444
vn 0.0123 -0.9898 -0.1416
vn -0.0018 -0.3628 -0.9319
vn -0.0004 -0.8043 -0.5942
vn 0.0004 -0.8043 -0.5942
vn 0.0018 -0.3628 -0.9319
vn -0.0264 0.7424 -0.6695
vn -0.0367 0.6988 -0.7144
vn -0.0077 0.3751 -0.9269
vn -0.0147 0.4259 -0.9047
vn 0.0079 -0.7299 -0.6835
vn -0.0017 -0.7263 -0.6873
vn -0.0021 -0.1569 -0.9876
vn 0.0026 -0.1605 -0.9870
vn -0.0025 0.5711 -0.8209
vn -0.0135 0.5886 -0.8083
vn -0.0400 0.8263 -0.5618
vn 0.0015 0.7354 -0.6776
vn 0.0111 0.5806 -0.8141
vn -0.0024 -0.8508 0.5254
vn -0.0048 -0.8510 0.5251
vn -0.0031 -0.9944 0.1054
vn -0.0016 -0.9944 0.1057
vn -0.0052 -0.2448 0.9696
vn -0.0052 -0.2443 0.9697
vn -0.0077 -0.5273 0.8497
vn -0.0054 -0.5274 0.8496
vn -0.0015 -0.0937 -0.9956
vn -0.0041 -0.0938 -0.9956
vn -0.0013 -0.3709 -0.9287
vn -0.0000 -0.3732 -0.9278
vn 0.0001 -0.8115 -0.5844
vn -0.0005 -0.8094 -0.5873
vn -0.0229 0.3003 0.9536
vn -0.0000 -0.9032 0.4292
vn -0.0950 0.5454 0.8328
vn -0.1664 0.2500 0.9538
vn -0.0215 0.3206 0.9470
vn 0.0075 0.5464 0.8375
vn 0.0002 -0.3172 0.9483
vn 0.0002 -0.6320 0.7750
vn 0.0001 -0.6317 0.7752
vn 0.0001 -0.3168 0.9485
vn -0.0022 -0.9839 -0.1789
vn -0.0036 -0.9945 0.1051
vn -0.0177 0.6276 -0.7784
vn -0.0030 0.3456 -0.9384
vn 0.0592 0.3412 -0.9381
vn 0.0135 0.4399 -0.8979
vn -0.0076 0.1232 -0.9924
vn -0.0727 0.1299 -0.9889
vn -0.0000 0.1000 -0.9950
vn -0.0013 0.1204 -0.9927
vn 0.0007 0.1177 -0.9930
vn 0.0023 0.0943 -0.9955
vn -0.0023 -0.9930 0.1181
vn -0.0026 -0.9862 0.1658
vn -0.0054 -0.4977 0.8673
vn -0.4340 -0.8878 -0.1528
vn 0.0015 0.1134 -0.9935
vn 0.0017 0.1086 -0.9941
vn 0.0035 0.0838 -0.9965
vn 0.0035 0.0890 -0.9960
vn -0.0004 0.3123 -0.9500
vn -0.0031 0.3256 -0.9455
vn -0.5127 0.2554 -0.8197
vn -0.5907 0.1255 -0.7971
vn -0.9559 0.0690 -0.2856
vn -0.2529 -0.9473 -0.1964
vn -0.3639 -0.2723 -0.8907
vn 0.0187 -0.3370 -0.9413
vn -0.4544 -0.8897 -0.0433
vn -0.6643 0.7338 -0.1422
vn -0.9986 0.0358 0.0379
vn -0.0092 -0.9909 0.1339
vn -0.0072 -0.8778 0.4789
vn -0.0057 -0.9722 0.2340
vn -0.0002 -0.9891 -0.1475
vn -0.0020 -0.8029 -0.5962
vn 0.0317 0.8561 -0.5158
vn -0.0001 -0.9896 -0.1438
vn -0.0002 -0.9896 -0.1435
vn -0.0000 -0.7147 -0.6994
vn 0.1857 0.5568 -0.8096
vn -0.0042 -0.9931 0.1174
vn -0.0045 -0.9861 0.1661
vn -0.0505 0.7613 -0.6464
vn -0.0049 0.1058 -0.9944
vn -0.0043 -0.3577 -0.9338
vn -0.0038 -0.3660 -0.9306
vn -0.0023 -0.7925 -0.6098
vn -0.7291 0.6736 -0.1210
vn -0.6360 0.7506 -0.1788
vn -0.6953 0.7009 -0.1589
vn 0.0002 -0.9896 -0.1435
vn -0.0031 -0.9972 0.0750
vn -0.0017 -0.9971 0.0754
vn -0.0013 -0.9998 0.0195
vn -0.0023 -0.9998 0.0195
vn -0.7598 -0.0240 0.6498
vn -0.7833 0.0400 0.6204
vn -0.0879 0.9961 0.0009
vn -0.2844 0.9587 -0.0064
vn -0.9970 0.0027 0.0770
vn -0.7047 -0.1703 0.6887
vn -0.0036 -0.9944 0.1052
vn -0.0053 -0.8501 0.5267
vn 0.0116 0.8613 0.5080
vn 0.0052 0.7717 0.6359
vn -0.0049 -0.8780 0.4787
vn -0.0049 -0.8786 0.4776
vn -0.0018 -0.9893 -0.1459
vn -0.0030 -0.9986 -0.0531
vn -0.0030 -0.9986 -0.0520
vn -0.0018 -0.9895 -0.1448
vn 0.0017 0.0801 -0.9968
vn 0.0022 -0.0279 -0.9996
vn 0.0045 -0.0263 -0.9996
vn -0.0025 -0.7227 -0.6912
vn -0.0042 -0.9722 0.2340
vn -0.0046 -0.9725 0.2330
vn -0.7325 0.6676 -0.1334
vn 0.0028 -0.7989 -0.6014
vn 0.0001 -0.8027 -0.5964
vn 0.0036 -0.3621 -0.9321
vn 0.0009 -0.8038 -0.5949
vn -0.0024 -0.9998 0.0195
vn -0.0029 -0.9972 0.0745
vn -0.0018 -0.9998 -0.0209
vn -0.0040 -0.9998 -0.0214
vn -0.0046 -0.9998 0.0193
vn -0.0002 -0.9896 -0.1441
vn -0.0009 -0.9987 -0.0510
vn -0.0009 -0.9987 -0.0502
vn -0.8984 -0.0797 -0.4318
vn -0.0370 0.9961 -0.0797
vn -0.0317 0.9898 -0.1390
vn -0.0707 0.9886 -0.1330
vn 0.0001 -0.9936 0.1133
vn -0.0003 -0.9877 -0.1565
vn 0.0008 0.1052 -0.9945
vn 0.1259 0.5763 -0.8075
vn -0.4480 0.6189 -0.6452
vn -0.0405 0.9989 0.0234
vn 0.0031 0.5909 0.8067
vn 0.2624 0.4347 -0.8615
vn 0.1055 0.6396 -0.7614
vn -0.0001 -0.0941 -0.9956
vn -0.2231 0.0126 0.9747
vn 0.0004 -0.8034 -0.5954
vn 0.0031 -0.3605 -0.9328
vn 0.0118 -0.9972 0.0742
vn -0.3322 0.4212 -0.8440
vn -0.0006 -0.8509 0.5253
vn 0.0062 -0.2452 0.9695
vn 0.0090 -0.2125 0.9771
vn -0.0037 -0.1510 -0.9885
vn -0.0009 -0.9840 -0.1782
vn -0.0017 -0.9839 -0.1785
vn 0.0025 0.3172 -0.9483
vn -0.0008 0.1052 -0.9945
vn -0.9866 -0.1122 0.1188
vn -0.5434 -0.4263 0.7232
vn -0.0031 -0.9944 0.1053
vn -0.0028 -0.4975 0.8675
vn 0.0016 -0.4987 0.8668
vn -0.0064 -0.4935 0.8697
vn 0.0009 -0.8036 -0.5952
vn -0.0022 -0.9839 -0.1787
vn 0.0036 -0.0211 -0.9998
vn 0.0045 -0.0243 -0.9997
vn 0.0037 -0.3616 -0.9323
vn -0.0018 -0.9998 -0.0205
vn -0.0006 -0.9988 -0.0496
vn -0.0046 -0.0938 -0.9956
vn -0.0021 -0.8545 0.5195
vn -0.0054 -0.3105 0.9505
vn 0.0015 0.2744 0.9616
vn -0.8393 0.5384 -0.0753
vn -0.7778 0.6249 -0.0674
vn 0.0121 -0.7280 -0.6855
vn 0.0125 -0.1598 -0.9871
vn -0.7738 0.1794 0.6075
vn -0.0041 -0.9998 0.0195
vn -0.0040 -0.9972 0.0748
vn -0.0047 -0.9972 0.0746
vn -0.0040 -0.9998 -0.0218
vn -0.4664 -0.8817 -0.0714
vn -0.0762 0.9379 -0.3383
vn -0.3786 0.9112 -0.1627
vn 0.0042 0.9993 0.0363
vn 0.0046 0.9909 0.1346
vn -0.0001 -0.6317 0.7752
vn -0.0001 -0.3168 0.9485
vn -0.0025 -0.9727 0.2319
vn 0.0016 -0.9944 0.1057
vn 0.0009 -0.9840 -0.1782
vn 0.0024 -0.8508 0.5254
vn -0.0124 0.9968 -0.0788
vn -0.0011 -0.9998 -0.0202
vn -0.0025 -0.0922 -0.9957
vn 0.0017 -0.0906 -0.9959
vn -0.8265 -0.4730 -0.3052
vn -0.0027 -0.2442 0.9697
vn -0.0022 -0.3472 -0.9378
vn -0.0109 0.9995 -0.0285
vn -0.0310 0.9990 -0.0331
vn -0.0026 -0.8792 0.4765
vn -0.0001 0.2765 0.9610
vn -0.0001 -0.1383 -0.9904
vn -0.0010 -0.7831 -0.6219
vn 0.0103 -0.5203 0.8539
vn -0.0002 -0.5128 0.8585
vn -0.9443 -0.0265 -0.3279
vn -0.0012 0.2732 0.9620
vn -0.0001 -0.9935 0.1137
vn -0.0001 -0.9902 -0.1400
vn -0.0015 0.7733 0.6340
vn 0.0018 -0.3385 -0.9410
vn 0.0162 -0.0899 -0.9958
vn 0.0081 0.9968 -0.0795
vn -0.0007 0.5917 0.8062
vn -0.5622 -0.7268 0.3945
vn 0.0117 -0.8734 0.4869
vn -0.0032 0.5890 0.8081
vn -0.0001 -0.8115 -0.5844
vn -0.5850 -0.4500 0.6748
vn -0.0001 -0.9029 0.4298
vn -0.0037 0.7725 0.6350
vn -0.0017 0.0801 -0.9968
vn 0.0011 -0.9998 -0.0202
vn 0.0006 -0.9988 -0.0496
vn 0.0026 -0.8792 0.4765
vn 0.0028 -0.5283 0.8491
vn 0.6594 0.7387 -0.1398
vn 0.4529 0.8913 -0.0239
vn 0.2536 0.9482 0.1912
vn 0.7065 0.6876 -0.1677
vn 0.0028 -0.4975 0.8675
vn 0.0013 -0.9998 0.0195
vn -0.0022 -0.0279 -0.9996
vn 0.0017 -0.9971 0.0754
vn 0.0023 -0.9930 0.1181
vn 0.0027 -0.2125 0.9771
vn 0.0001 -0.1383 -0.9904
vn 0.0065 0.9996 -0.0281
vn 0.0026 -0.9862 0.1658
vn 0.0025 -0.9727 0.2319
vn 0.0027 -0.2442 0.9697
vn 0.0001 -0.0941 -0.9956
vn 0.0050 0.9420 0.3356
vn 0.0003 0.8714 0.4906
vn 0.4141 -0.0532 -0.9087
vn 0.4585 -0.1016 -0.8829
vn 0.9348 0.0170 -0.3548
vn 0.9221 0.0183 -0.3865
vn 0.2780 0.9561 -0.0922
vn 0.4213 0.9014 -0.1005
vn 0.4156 0.9030 -0.1086
vn 0.2807 0.9534 -0.1104
vn 0.2722 0.9609 0.0508
vn 0.0532 0.9923 0.1114
vn 0.0375 0.9593 0.2799
vn 0.1582 0.9675 0.1971
vn 0.8915 0.4528 -0.0169
vn 0.9100 0.4039 0.0933
vn 0.7230 0.6848 -0.0910
vn 0.7397 0.6575 -0.1430
vn -0.0003 -0.0137 0.9999
vn -0.0003 -0.1201 0.9928
vn 0.9830 -0.0996 0.1542
vn 0.6079 -0.4372 0.6628
vn 0.4472 -0.7564 0.4773
vn 0.8271 -0.5467 0.1306
vn 0.0093 -0.8981 0.4396
vn 0.0489 -0.8823 0.4682
vn 0.1117 -0.5910 0.7989
vn 0.0216 -0.6208 0.7837
vn 0.9672 0.2451 -0.0668
vn 0.9579 0.2785 -0.0700
vn 0.9425 -0.3328 -0.0292
vn 0.9531 -0.3025 -0.0124
vn -0.0046 -0.2572 0.9663
vn 0.5763 -0.2167 0.7880
vn 0.5824 -0.1946 0.7893
vn -0.0075 -0.2127 0.9771
vn 0.9400 0.2186 -0.2620
vn 0.9252 0.3332 -0.1817
vn 0.9457 0.3148 -0.0811
vn 0.2869 -0.7002 -0.6538
vn 0.7795 -0.5391 -0.3191
vn 0.1819 -0.9732 -0.1405
vn 0.9813 -0.1921 0.0151
vn 0.9215 0.3689 -0.1216
vn 0.9628 0.2585 -0.0791
vn 0.9679 -0.2512 0.0067
vn -0.0002 0.2637 0.9646
vn -0.0005 0.2679 0.9635
vn 0.0015 -0.0137 0.9999
vn -0.0183 0.8714 0.4903
vn -0.0029 0.9489 0.3157
vn 0.6423 0.7660 -0.0279
vn 0.5307 0.8475 0.0044
vn 0.5081 0.8609 0.0242
vn 0.5241 0.8505 0.0430
vn 0.0070 -0.2122 0.9772
vn 0.0070 -0.2123 0.9772
vn 0.0068 -0.2437 0.9698
vn 0.0067 -0.2410 0.9705
vn 0.8347 0.5291 0.1527
vn 0.7511 0.6500 -0.1159
vn 0.3020 0.8503 -0.4311
vn 0.6366 0.7711 -0.0094
vn 0.0122 0.9908 0.1347
vn 0.0172 0.9993 0.0327
vn -0.0129 -0.8768 0.4808
vn 0.0071 -0.8781 0.4784
vn 0.0077 -0.5281 0.8491
vn -0.0118 -0.5274 0.8495
vn 0.0074 -0.1144 0.9934
vn 0.0358 -0.1029 0.9941
vn 0.0418 -0.0055 0.9991
vn 0.0086 -0.0127 0.9999
vn 0.4832 0.8703 -0.0960
vn 0.2115 0.9665 -0.1453
vn 0.5083 -0.6503 -0.5646
vn 0.9704 -0.0782 -0.2283
vn 0.8995 0.4004 -0.1748
vn 0.6586 0.7516 -0.0358
vn 0.4144 0.9099 -0.0191
vn 0.6608 0.6510 -0.3735
vn 0.9407 -0.3182 -0.1176
vn 0.9875 0.1471 -0.0560
vn 0.9945 0.1047 -0.0043
vn 0.9990 0.0369 0.0250
vn 0.2589 -0.9646 0.0509
vn 0.8543 -0.5162 0.0605
vn 0.4437 -0.7509 0.4892
vn 0.7149 0.6987 -0.0270
vn 0.6800 0.7332 -0.0005
vn -0.0002 -0.9935 0.1137
vn -0.0001 -0.9899 -0.1416
vn 0.1213 0.9913 -0.0516
vn 0.2697 0.9612 -0.0587
vn 0.1249 0.9889 -0.0808
vn 0.0006 -0.3166 0.9485
vn -0.0002 -0.3179 0.9481
vn -0.0002 -0.6324 0.7747
vn 0.0001 -0.6323 0.7747
vn 0.0774 0.8342 -0.5460
vn 0.0758 0.8102 -0.5812
vn 0.0167 0.7455 -0.6663
vn 0.0740 0.8212 -0.5658
vn 0.0017 0.7590 0.6511
vn 0.0132 0.7422 0.6700
vn 0.0083 0.6068 0.7948
vn -0.0074 0.6109 0.7916
vn 0.9501 0.3059 -0.0612
vn 0.9445 -0.3252 -0.0456
vn 0.6089 0.7862 -0.1055
vn 0.4592 0.8807 -0.1165
vn 0.5556 0.8274 -0.0823
vn 0.6795 0.7306 -0.0676
vn 0.0225 0.5717 0.8202
vn 0.0023 0.7622 0.6474
vn 0.9938 -0.0805 0.0771
vn 0.9898 0.0641 -0.1268
vn 0.9904 -0.1281 0.0525
vn 0.9585 -0.2781 -0.0627
vn 0.9534 -0.2962 -0.0573
vn 0.9493 0.3096 -0.0539
vn 0.9682 0.2454 -0.0492
vn 0.0273 0.8656 0.5000
vn 0.0359 0.9096 0.4139
vn 0.2054 0.8885 -0.4105
vn -0.1051 0.7104 -0.6959
vn -0.0748 0.6996 -0.7106
vn -0.0687 0.7468 -0.6615
vn 0.6383 0.7662 -0.0740
vn 0.8305 0.4387 -0.3432
vn 0.0034 -0.6299 0.7766
vn 0.0015 -0.9030 0.4296
vn 0.0008 -0.9930 0.1183
vn 0.0002 -0.9936 0.1130
vn -0.0015 -0.9866 -0.1630
vn 0.9356 0.3461 -0.0699
vn 0.0039 0.8907 -0.4546
vn 0.0117 0.9621 -0.2724
vn -0.0110 -0.9974 0.0718
vn -0.0061 -0.9935 0.1139
vn 0.4460 -0.8916 0.0783
vn 0.4242 -0.9047 0.0397
vn -0.0038 -0.9859 0.1670
vn 0.0049 -0.9862 0.1657
vn 0.0057 -0.9724 0.2332
vn -0.0090 -0.9718 0.2355
vn -0.0133 -0.7820 -0.6231
vn -0.0024 -0.9879 -0.1552
vn -0.0021 -0.7783 -0.6279
vn 0.2030 -0.9727 0.1125
vn 0.2016 -0.0792 0.9763
vn 0.0301 -0.2992 0.9537
vn 0.1672 -0.2719 0.9477
vn 0.0179 0.8598 -0.5103
vn 0.0384 0.8628 -0.5040
vn 0.0345 0.9673 -0.2513
vn 0.0691 0.9731 -0.2197
vn 0.4297 -0.9030 -0.0054
vn 0.5112 -0.2166 -0.8317
vn 0.4260 -0.6468 -0.6326
vn 0.0129 -0.7862 -0.6178
vn 0.0372 -0.3215 -0.9462
vn -0.0052 -0.9932 0.1165
vn 0.0044 -0.9931 0.1176
vn 0.5885 0.8067 -0.0532
vn 0.6759 0.7349 -0.0554
vn 0.0048 -0.8512 0.5249
vn 0.0054 -0.8509 0.5253
vn 0.0064 -0.4968 0.8678
vn 0.0055 -0.4982 0.8671
vn 0.0019 -0.0060 -1.0000
vn -0.0013 -0.3461 -0.9382
vn -0.0021 -0.3567 -0.9342
vn -0.0017 -0.0151 -0.9999
vn 0.0525 0.7658 0.6409
vn 0.1078 0.9858 -0.1286
vn 0.0039 -0.9861 0.1664
vn 0.0035 -0.9931 0.1172
vn 0.0041 -0.9930 0.1176
vn 0.0047 -0.9861 0.1661
vn 0.4516 0.8905 -0.0549
vn 0.4573 0.8892 0.0142
vn 0.5571 0.0310 -0.8299
vn 0.0532 0.0053 -0.9986
vn -0.0003 -0.1204 0.9927
vn 0.0012 -0.1194 0.9928
vn 0.4258 0.7908 0.4397
vn 0.4810 0.8767 -0.0027
vn 0.4887 -0.8627 0.1301
vn -0.0046 -0.9856 0.1691
vn -0.0085 -0.9707 0.2401
vn 0.5233 -0.8304 0.1914
vn 0.0501 0.9980 -0.0393
vn 0.0573 0.9950 -0.0815
vn -0.0002 -0.9030 0.4297
vn 0.0194 0.7971 -0.6035
vn 0.0138 0.7079 -0.7062
vn 0.0014 -0.7187 -0.6954
vn 0.0032 -0.1443 -0.9895
vn 0.0012 -0.1398 -0.9902
vn 0.0005 -0.7158 -0.6983
vn 0.0054 -0.5279 0.8493
vn 0.0051 -0.2125 0.9771
vn 0.0612 0.1122 -0.9918
vn 0.5766 0.1088 -0.8098
vn -0.0142 -0.9997 -0.0218
vn -0.0149 -0.9997 -0.0214
vn -0.0146 -0.9997 0.0209
vn -0.0135 -0.9997 0.0209
vn 0.7365 0.6758 -0.0306
vn 0.5567 0.8307 0.0076
vn 0.0097 0.7876 -0.6161
vn 0.0798 0.8131 -0.5766
vn 0.0004 -0.9944 0.1059
vn -0.0006 -0.9944 0.1057
vn -0.0019 -0.9839 -0.1789
vn -0.0001 -0.9835 -0.1808
vn 0.9547 0.0326 -0.2957
vn 0.9556 0.0522 -0.2900
vn 0.9966 -0.0318 0.0759
vn 0.9954 -0.0371 0.0882
vn 0.7862 0.6000 -0.1481
vn 0.8595 0.5049 -0.0802
vn 0.7204 0.4836 0.4972
vn 0.8469 0.5258 -0.0798
vn 0.7963 0.6031 -0.0479
vn 0.8067 0.5880 -0.0596
vn 0.7499 0.6592 -0.0567
vn 0.7280 0.6843 -0.0418
vn 0.0260 0.9913 0.1294
vn 0.0114 0.9580 0.2866
vn -0.0144 -0.9985 -0.0524
vn -0.0123 -0.9898 -0.1416
vn -0.0124 -0.9894 -0.1444
vn -0.0149 -0.9985 -0.0527
vn 0.0411 0.7576 -0.6515
vn 0.0183 0.4242 -0.9054
vn 0.0053 0.3712 -0.9285
vn 0.0338 0.6931 -0.7200
vn -0.0079 -0.7299 -0.6835
vn -0.0026 -0.1605 -0.9870
vn 0.0021 -0.1569 -0.9876
vn 0.0017 -0.7263 -0.6873
vn 0.0102 0.6031 -0.7976
vn 0.0031 -0.9944 0.1054
vn 0.0048 -0.8510 0.5251
vn 0.0052 -0.2443 0.9697
vn 0.0052 -0.2448 0.9696
vn 0.0077 -0.5273 0.8497
vn 0.0054 -0.5274 0.8496
vn 0.0015 -0.0937 -0.9956
vn 0.0041 -0.0938 -0.9956
vn 0.0013 -0.3709 -0.9287
vn 0.0005 -0.8094 -0.5873
vn 0.0228 0.2949 0.9553
vn 0.0975 0.5437 0.8336
vn -0.0030 0.5400 0.8416
vn 0.0227 0.3173 0.9481
vn 0.1670 0.2497 0.9538
vn -0.0002 -0.3172 0.9483
vn -0.0002 -0.6320 0.7750
vn 0.0036 -0.9945 0.1051
vn 0.0022 -0.9839 -0.1789
vn 0.0019 0.3498 -0.9368
vn 0.0105 0.6268 -0.7791
vn -0.0679 0.3569 -0.9317
vn 0.0727 0.1299 -0.9889
vn 0.0076 0.1232 -0.9924
vn -0.0108 0.4535 -0.8912
vn -0.0023 0.0943 -0.9955
vn -0.0007 0.1177 -0.9930
vn 0.0013 0.1204 -0.9927
vn 0.0054 -0.4977 0.8673
vn 0.4340 -0.8878 -0.1528
vn -0.0015 0.1134 -0.9935
vn -0.0035 0.0890 -0.9960
vn -0.0035 0.0838 -0.9965
vn -0.0017 0.1086 -0.9941
vn 0.0024 0.3339 -0.9426
vn 0.9559 0.0690 -0.2856
vn 0.5907 0.1255 -0.7971
vn 0.5057 0.2692 -0.8197
vn 0.2529 -0.9473 -0.1964
vn -0.0187 -0.3370 -0.9413
vn 0.3639 -0.2723 -0.8907
vn 0.4544 -0.8897 -0.0433
vn 0.9986 0.0358 0.0379
vn 0.0092 -0.9909 0.1339
vn 0.0057 -0.9722 0.2340
vn 0.0072 -0.8778 0.4789
vn 0.0020 -0.8029 -0.5962
vn 0.0002 -0.9891 -0.1475
vn 0.0177 0.8360 -0.5484
vn 0.0001 -0.9896 -0.1438
vn -0.1978 0.6061 -0.7704
vn 0.0042 -0.9931 0.1174
vn 0.0045 -0.9861 0.1661
vn 0.0367 0.7408 -0.6707
vn 0.0049 0.1058 -0.9944
vn 0.0043 -0.3577 -0.9338
vn 0.0023 -0.7925 -0.6098
vn 0.0038 -0.3660 -0.9306
vn 0.5099 0.8468 -0.1510
vn 0.5383 0.8173 -0.2056
vn 0.6727 0.7133 -0.1966
vn 0.0031 -0.9972 0.0750
vn 0.0023 -0.9998 0.0195
vn 0.7833 0.0400 0.6204
vn 0.7598 -0.0240 0.6498
vn 0.2921 0.9563 -0.0087
vn 0.0911 0.9958 0.0011
vn 0.7047 -0.1703 0.6887
vn 0.9970 0.0027 0.0770
vn 0.0053 -0.8501 0.5267
vn 0.0036 -0.9944 0.1052
vn 0.0054 0.8611 0.5084
vn -0.0101 0.7590 0.6510
vn 0.0049 -0.8780 0.4787
vn 0.0049 -0.8786 0.4776
vn 0.0018 -0.9893 -0.1459
vn 0.0018 -0.9895 -0.1448
vn 0.0030 -0.9986 -0.0520
vn 0.0030 -0.9986 -0.0531
vn -0.0045 -0.0263 -0.9996
vn 0.0025 -0.7227 -0.6912
vn 0.0046 -0.9725 0.2330
vn 0.0042 -0.9722 0.2340
vn 0.7671 0.6355 -0.0873
vn -0.0001 -0.8027 -0.5964
vn -0.0028 -0.7989 -0.6014
vn -0.0036 -0.3621 -0.9321
vn -0.0009 -0.8038 -0.5949
vn 0.0024 -0.9998 0.0195
vn 0.0029 -0.9972 0.0745
vn 0.0018 -0.9998 -0.0209
vn 0.0046 -0.9998 0.0193
vn 0.0040 -0.9998 -0.0214
vn 0.0009 -0.9987 -0.0502
vn 0.0009 -0.9987 -0.0510
vn 0.0002 -0.9896 -0.1441
vn 0.8984 -0.0797 -0.4318
vn 0.0292 0.9963 -0.0804
vn 0.0523 0.9885 -0.1416
vn 0.0273 0.9888 -0.1467
vn 0.0003 -0.9877 -0.1565
vn -0.0001 -0.9936 0.1133
vn -0.1637 0.5876 -0.7925
vn 0.4276 0.6316 -0.6468
vn 0.0370 0.9990 0.0250
vn -0.0007 0.5883 0.8086
vn -0.1011 0.6763 -0.7296
vn -0.2907 0.4622 -0.8377
vn 0.2231 0.0126 0.9747
vn -0.0004 -0.8034 -0.5954
vn -0.0031 -0.3605 -0.9328
vn -0.0118 -0.9972 0.0742
vn 0.2997 0.4507 -0.8408
vn 0.0006 -0.8509 0.5253
vn -0.0090 -0.2125 0.9771
vn -0.0062 -0.2452 0.9695
vn 0.0037 -0.1510 -0.9885
vn 0.0017 -0.9839 -0.1785
vn 0.9866 -0.1122 0.1188
vn 0.5434 -0.4263 0.7232
vn 0.0031 -0.9944 0.1053
vn -0.0016 -0.4987 0.8668
vn 0.0064 -0.4935 0.8697
vn 0.0022 -0.9839 -0.1787
vn -0.0009 -0.8036 -0.5952
vn -0.0036 -0.0211 -0.9998
vn -0.0045 -0.0243 -0.9997
vn -0.0037 -0.3616 -0.9323
vn 0.0018 -0.9998 -0.0205
vn 0.0046 -0.0938 -0.9956
vn 0.0021 -0.8545 0.5195
vn 0.0054 -0.3105 0.9505
vn -0.0009 0.2692 0.9631
vn 0.8296 0.5532 -0.0759
vn 0.7626 0.6430 -0.0707
vn -0.0125 -0.1598 -0.9871
vn -0.0121 -0.7280 -0.6855
vn 0.7737 0.1797 0.6075
vn 0.0047 -0.9972 0.0746
vn 0.0040 -0.9972 0.0748
vn 0.0041 -0.9998 0.0195
vn 0.0040 -0.9998 -0.0218
vn 0.4664 -0.8817 -0.0714
vn 0.0696 0.9217 -0.3817
vn 0.4535 0.8761 -0.1635
vn 0.0025 -0.0922 -0.9957
vn -0.0017 -0.0906 -0.9959
vn 0.8265 -0.4730 -0.3052
vn 0.0022 -0.3472 -0.9378
vn 0.0245 0.9992 -0.0317
vn 0.0010 -0.7831 -0.6219
vn -0.0103 -0.5203 0.8539
vn 0.0002 -0.5128 0.8585
vn 0.9443 -0.0265 -0.3279
vn -0.0018 -0.3385 -0.9410
vn -0.0162 -0.0899 -0.9958
vn -0.0117 -0.8734 0.4869
vn 0.5622 -0.7268 0.3945
vn 0.5850 -0.4499 0.6748
vn -0.9992 0.0377 -0.0157
vn -0.9993 0.0299 -0.0225
vn -0.9991 0.0362 -0.0243
vn -0.9991 0.0402 -0.0164
vn -0.9993 0.0232 -0.0304
vn -0.9989 0.0324 -0.0333
vn -0.9986 0.0422 -0.0313
vn -0.9989 0.0427 -0.0202
vn -0.9990 0.0435 -0.0107
vn -0.9965 0.0526 -0.0649
vn -0.9970 0.0499 -0.0596
vn -0.9972 0.0477 -0.0570
vn -0.9969 0.0497 -0.0614
vn -0.9977 0.0435 -0.0512
vn -0.9978 0.0433 -0.0509
vn -0.9979 0.0454 -0.0464
vn -0.9975 0.0490 -0.0516
vn -0.9971 0.0512 -0.0561
vn -0.9953 0.0710 -0.0660
vn -0.9970 0.0551 -0.0546
vn -0.9964 0.0601 -0.0597
vn -0.9950 0.0729 -0.0678
vn -0.9979 0.0439 -0.0486
vn -0.9972 0.0498 -0.0551
vn -0.9963 0.0611 -0.0610
vn -0.9954 0.0712 -0.0648
vn -0.9942 0.0814 -0.0699
vn 0.9980 0.0004 0.0639
vn 0.9983 -0.0036 0.0579
vn 0.9980 -0.0056 0.0625
vn 0.9978 -0.0005 0.0659
vn 0.9987 -0.0096 0.0497
vn 0.9983 -0.0123 0.0565
vn 0.9978 -0.0113 0.0647
vn 0.9977 -0.0019 0.0674
vn 0.9977 0.0052 0.0676
vn -0.9974 0.0027 -0.0715
vn -0.9971 0.0133 -0.0745
vn -0.9974 0.0127 -0.0716
vn -0.9976 0.0026 -0.0697
vn -0.9967 0.0278 -0.0760
vn -0.9970 0.0266 -0.0727
vn -0.9969 0.0341 -0.0709
vn -0.9973 0.0204 -0.0699
vn -0.9976 0.0102 -0.0688
vn -0.9972 0.0465 -0.0590
vn -0.9966 0.0509 -0.0646
vn -0.9968 0.0494 -0.0626
vn -0.9970 0.0477 -0.0605
vn -0.9969 0.0522 -0.0590
vn -0.9968 0.0531 -0.0602
vn -0.9942 0.0764 -0.0761
vn -0.9942 0.0790 -0.0734
vn -0.9943 0.0781 -0.0726
vn -0.9945 0.0744 -0.0740
vn -0.9938 0.0846 -0.0724
vn -0.9941 0.0804 -0.0729
vn -0.9979 -0.0008 -0.0641
vn -0.9977 -0.0016 -0.0679
vn -0.9977 -0.0014 -0.0677
vn -0.9978 0.0001 -0.0659
vn -0.9977 0.0057 -0.0680
vn -0.9977 0.0068 -0.0677
vn -0.9989 0.0447 -0.0112
vn -0.9990 0.0421 -0.0118
vn -0.9990 0.0427 -0.0120
vn -0.9989 0.0446 -0.0112
vn -0.9990 0.0444 -0.0055
vn -0.9989 0.0460 -0.0042
vn -0.0058 -0.9959 0.0901
vn -0.0057 -0.9922 0.1246
vn 0.0001 -0.9922 0.1250
vn -0.0000 -0.9959 0.0906
vn -0.0054 -0.9872 0.1596
vn 0.0005 -0.9871 0.1599
vn 0.0067 -0.9871 0.1602
vn 0.0062 -0.9921 0.1255
vn 0.0060 -0.9958 0.0911
vn -0.9993 0.0358 -0.0128
vn -0.9987 0.0504 -0.0089
vn -0.9948 -0.0350 0.0953
vn -0.9953 -0.0597 0.0768
vn -0.9986 0.0527 -0.0096
vn -0.9943 -0.0148 0.1060
vn -0.7115 -0.3373 0.6164
vn -0.7118 -0.4424 0.5455
vn -0.7120 -0.5223 0.4693
vn -0.0062 0.9990 0.0446
vn -0.0066 0.9853 0.1707
vn -0.0000 0.9853 0.1710
vn -0.0000 0.9990 0.0449
vn -0.0070 0.9446 0.3282
vn -0.0000 0.9445 0.3286
vn 0.0071 0.9442 0.3292
vn 0.0067 0.9851 0.1716
vn 0.0062 0.9989 0.0455
vn -0.9987 0.0485 -0.0133
vn -0.9988 0.0472 -0.0124
vn -0.9988 0.0469 -0.0124
vn -0.9988 0.0480 -0.0132
vn -0.9988 0.0483 -0.0051
vn -0.9988 0.0495 -0.0058
vn -0.9984 0.0363 -0.0433
vn -0.9983 0.0379 -0.0452
vn -0.9987 0.0321 -0.0399
vn -0.9985 0.0338 -0.0420
vn -0.9986 0.0360 -0.0374
vn -0.9983 0.0410 -0.0419
vn -0.0063 0.9668 0.2556
vn -0.0000 0.9667 0.2561
vn -0.0000 0.9040 0.4276
vn -0.0062 0.9041 0.4272
vn 0.0064 0.9665 0.2565
vn 0.0063 0.9037 0.4281
vn 0.0061 0.7922 0.6102
vn -0.0000 0.7925 0.6098
vn -0.0061 0.7927 0.6095
vn -0.0073 0.7675 0.6410
vn -0.0072 0.6396 0.7687
vn -0.0000 0.6392 0.7691
vn -0.0000 0.7672 0.6415
vn -0.0069 0.4916 0.8708
vn -0.0000 0.4912 0.8711
vn 0.0069 0.4909 0.8712
vn 0.0072 0.6388 0.7693
vn 0.0073 0.7668 0.6418
vn -0.0000 0.9994 -0.0338
vn -0.0058 0.9994 -0.0341
vn 0.0058 0.9994 -0.0333
vn 0.0057 0.9981 -0.0619
vn -0.0000 0.9981 -0.0623
vn -0.0057 0.9980 -0.0627
vn -0.9988 0.0248 -0.0416
vn -0.9989 0.0226 -0.0407
vn -0.9986 0.0190 -0.0487
vn -0.9986 0.0266 -0.0463
vn -0.9991 0.0189 -0.0382
vn -0.9990 0.0149 -0.0421
vn -0.9987 0.0091 -0.0495
vn -0.9983 0.0117 -0.0564
vn -0.9978 0.0194 -0.0627
vn -0.9980 0.0269 -0.0566
vn -0.9982 0.0347 -0.0498
vn -0.0060 0.9977 -0.0675
vn -0.0000 0.9977 -0.0671
vn -0.0000 0.9979 -0.0651
vn -0.0061 0.9978 -0.0655
vn 0.0060 0.9978 -0.0667
vn 0.0061 0.9979 -0.0647
vn 0.0061 0.9983 -0.0578
vn -0.0000 0.9983 -0.0582
vn -0.0061 0.9983 -0.0586
vn -0.0073 0.8704 0.4924
vn -0.0000 0.8701 0.4928
vn 0.0073 0.8698 0.4933
vn -0.0000 0.9978 -0.0667
vn -0.0057 0.9977 -0.0671
vn 0.0057 0.9978 -0.0663
vn 0.0058 0.9977 -0.0670
vn -0.0000 0.9977 -0.0673
vn -0.0058 0.9977 -0.0677
vn -0.0000 0.9993 -0.0378
vn -0.0062 0.9993 -0.0382
vn 0.0062 0.9993 -0.0374
vn 0.0063 0.9999 0.0157
vn -0.0000 0.9999 0.0153
vn -0.0062 0.9999 0.0149
vn -0.0054 0.2046 0.9788
vn -0.0000 0.2043 0.9789
vn -0.0000 0.1817 0.9834
vn -0.0055 0.1819 0.9833
vn 0.0054 0.2041 0.9789
vn 0.0055 0.1814 0.9834
vn 0.0055 0.1953 0.9807
vn -0.0000 0.1955 0.9807
vn -0.0056 0.1958 0.9806
vn -0.0000 0.6315 0.7754
vn -0.0058 0.6317 0.7752
vn 0.0057 0.6311 0.7757
vn 0.0054 0.4430 0.8965
vn -0.0000 0.4433 0.8964
vn -0.0055 0.4435 0.8962
vn -0.0000 0.2880 0.9576
vn -0.0054 0.2882 0.9576
vn 0.0053 0.2877 0.9577
vn 0.9993 -0.0231 0.0298
vn 0.9989 -0.0324 0.0326
vn 0.9987 -0.0296 0.0405
vn 0.9991 -0.0217 0.0371
vn 0.9985 -0.0382 0.0395
vn 0.9982 -0.0347 0.0484
vn 0.9981 -0.0285 0.0555
vn 0.9986 -0.0265 0.0462
vn 0.9988 -0.0242 0.0415
vn -0.0000 0.2291 0.9734
vn -0.0056 0.2294 0.9733
vn 0.0055 0.2289 0.9734
vn 0.0057 0.2478 0.9688
vn -0.0000 0.2481 0.9687
vn -0.0054 0.2483 0.9687
vn -0.0065 0.3450 0.9386
vn -0.0000 0.3446 0.9388
vn -0.0058 0.1708 0.9853
vn -0.0000 0.1703 0.9854
vn 0.0057 0.1703 0.9854
vn 0.0064 0.3444 0.9388
vn -0.0049 -0.0649 -0.9979
vn 0.0010 -0.0654 -0.9979
vn 0.0005 -0.0173 -0.9999
vn -0.0057 -0.0169 -0.9998
vn 0.0065 -0.0660 -0.9978
vn 0.0064 -0.0178 -0.9998
vn 0.0051 0.0225 -0.9997
vn -0.0010 0.0226 -0.9997
vn -0.0072 0.0227 -0.9997
vn 0.0105 -0.9644 0.2641
vn 0.0145 -0.9311 0.3644
vn 0.1489 -0.9187 0.3659
vn 0.1469 -0.9518 0.2693
vn 0.0188 -0.8824 0.4702
vn 0.1521 -0.8709 0.4672
vn 0.7181 -0.6060 0.3423
vn 0.7143 -0.6396 0.2841
vn 0.7092 -0.6679 0.2258
vn -0.0047 -0.0270 -0.9996
vn -0.0046 -0.0284 -0.9996
vn 0.0001 -0.0285 -0.9996
vn -0.0000 -0.0271 -0.9996
vn -0.0045 -0.0371 -0.9993
vn 0.0003 -0.0373 -0.9993
vn 0.0051 -0.0374 -0.9993
vn 0.0049 -0.0287 -0.9996
vn 0.0048 -0.0273 -0.9996
vn -0.0053 -0.1317 -0.9913
vn -0.0053 -0.1788 -0.9839
vn 0.0003 -0.1791 -0.9838
vn 0.0002 -0.1319 -0.9913
vn -0.0051 -0.2046 -0.9788
vn 0.0003 -0.2048 -0.9788
vn 0.0059 -0.2051 -0.9787
vn 0.0056 -0.1793 -0.9838
vn 0.0055 -0.1321 -0.9912
vn -0.0060 -0.9932 -0.1162
vn -0.0059 -0.9975 -0.0705
vn 0.0001 -0.9975 -0.0700
vn 0.0002 -0.9933 -0.1158
vn -0.0059 -0.9995 -0.0310
vn -0.0000 -0.9995 -0.0306
vn 0.0061 -0.9995 -0.0300
vn 0.0062 -0.9976 -0.0695
vn 0.0065 -0.9933 -0.1153
vn -0.9977 0.0428 -0.0519
vn -0.9973 0.0468 -0.0568
vn -0.9966 0.0554 -0.0602
vn -0.0016 -0.9642 0.2653
vn 0.0028 -0.9301 0.3672
vn 0.0085 -0.9307 0.3658
vn 0.0043 -0.9643 0.2646
vn 0.0073 -0.8812 0.4727
vn 0.0128 -0.8818 0.4714
vn -0.0057 -0.9633 -0.2682
vn 0.0010 -0.9633 -0.2683
vn 0.0013 -0.9358 -0.3524
vn -0.0056 -0.9361 -0.3518
vn 0.0078 -0.9633 -0.2682
vn 0.0082 -0.9356 -0.3530
vn 0.0082 -0.9010 -0.4337
vn 0.0010 -0.9018 -0.4321
vn -0.0059 -0.9026 -0.4304
vn 0.0005 -0.8507 -0.5257
vn -0.0065 -0.8524 -0.5228
vn 0.0078 -0.8489 -0.5285
vn 0.0073 -0.7698 -0.6383
vn 0.0001 -0.7724 -0.6351
vn -0.0071 -0.7750 -0.6320
vn -0.0002 -0.6736 -0.7391
vn -0.0073 -0.6760 -0.7369
vn 0.0068 -0.6710 -0.7414
vn 0.0065 -0.5671 -0.8236
vn -0.0004 -0.5688 -0.8225
vn -0.0073 -0.5703 -0.8214
vn -0.0002 -0.4513 -0.8924
vn -0.0068 -0.4521 -0.8919
vn 0.0064 -0.4503 -0.8929
vn 0.0062 -0.2643 -0.9644
vn 0.0003 -0.2652 -0.9642
vn -0.0056 -0.2653 -0.9641
vn -0.0059 -0.9830 -0.1834
vn 0.0006 -0.9831 -0.1832
vn 0.0071 -0.9831 -0.1827
vn 0.0006 -0.0937 -0.9956
vn -0.0045 -0.0936 -0.9956
vn 0.0057 -0.0935 -0.9956
vn 0.9989 -0.0448 0.0112
vn 0.9988 -0.0472 0.0125
vn 0.9988 -0.0469 0.0124
vn 0.9989 -0.0447 0.0112
vn 0.9987 -0.0485 0.0134
vn 0.9988 -0.0480 0.0133
vn 0.9987 -0.0458 0.0205
vn 0.9988 -0.0449 0.0196
vn 0.9989 -0.0432 0.0182
vn 0.9992 -0.0381 0.0154
vn 0.9991 -0.0405 0.0160
vn 0.9991 -0.0365 0.0236
vn 0.9993 -0.0303 0.0220
vn 0.9989 -0.0412 0.0223
vn 0.9987 -0.0400 0.0300
vn 0.9979 -0.0434 0.0483
vn 0.9970 -0.0547 0.0544
vn 0.9964 -0.0598 0.0596
vn 0.9973 -0.0493 0.0549
vn 0.9953 -0.0708 0.0659
vn 0.9950 -0.0727 0.0678
vn 0.9953 -0.0678 0.0691
vn 0.9962 -0.0583 0.0643
vn 0.9969 -0.0492 0.0613
vn 0.9967 -0.0278 0.0760
vn 0.9971 -0.0133 0.0745
vn 0.9974 -0.0128 0.0715
vn 0.9970 -0.0266 0.0727
vn 0.9974 -0.0028 0.0714
vn 0.9976 -0.0027 0.0696
vn 0.9977 0.0050 0.0678
vn 0.9976 -0.0043 0.0688
vn 0.9974 -0.0174 0.0698
vn 0.9977 0.0014 0.0678
vn 0.9977 0.0011 0.0677
vn 0.9977 0.0081 0.0673
vn 0.9972 -0.0458 0.0589
vn 0.9978 -0.0421 0.0516
vn 0.9973 -0.0462 0.0565
vn 0.9971 -0.0471 0.0605
vn 0.9971 -0.0448 0.0618
vn 0.9970 -0.0436 0.0633
vn -0.0058 -1.0000 0.0052
vn -0.0000 -1.0000 0.0056
vn -0.0058 -0.9994 0.0334
vn -0.0000 -0.9994 0.0339
vn 0.0059 -0.9994 0.0344
vn 0.0060 -1.0000 0.0062
vn 0.9987 -0.0322 0.0403
vn 0.9984 -0.0366 0.0439
vn 0.9982 -0.0381 0.0457
vn 0.9985 -0.0339 0.0423
vn 0.9977 -0.0437 0.0519
vn 0.9977 -0.0433 0.0514
vn 0.9976 -0.0407 0.0553
vn 0.9979 -0.0376 0.0521
vn 0.9981 -0.0345 0.0504
vn 0.9969 -0.0499 0.0603
vn 0.9972 -0.0476 0.0575
vn 0.9965 -0.0523 0.0653
vn 0.9969 -0.0494 0.0617
vn 0.9971 -0.0440 0.0621
vn 0.9973 -0.0431 0.0591
vn -0.0000 0.9932 0.1160
vn -0.0063 0.9933 0.1156
vn 0.0063 0.9932 0.1165
vn 0.9966 -0.0504 0.0648
vn 0.9968 -0.0489 0.0628
vn 0.9970 -0.0439 0.0636
vn 0.9942 -0.0789 0.0734
vn 0.9943 -0.0780 0.0726
vn 0.9942 -0.0764 0.0761
vn 0.9945 -0.0743 0.0740
vn 0.9953 -0.0650 0.0720
vn 0.9950 -0.0701 0.0715
vn 0.9990 -0.0423 0.0117
vn 0.9990 -0.0428 0.0118
vn 0.9989 -0.0421 0.0184
vn 0.9987 -0.0335 0.0394
vn 0.9986 -0.0322 0.0412
vn 0.9986 -0.0326 0.0417
vn 0.9987 -0.0331 0.0388
vn 0.9982 -0.0329 0.0493
vn 0.9984 -0.0328 0.0459
vn 0.9955 -0.0563 0.0767
vn 0.9962 -0.0427 0.0765
vn 0.9965 -0.0410 0.0734
vn 0.9958 -0.0542 0.0739
vn 0.9970 -0.0313 0.0706
vn 0.9965 -0.0442 0.0712
vn -0.0000 0.9977 -0.0674
vn -0.0058 0.9977 -0.0678
vn 0.0059 0.9977 -0.0670
vn -0.0059 0.9977 -0.0678
vn -0.0042 -0.9799 0.1996
vn 0.0017 -0.9799 0.1996
vn 0.0080 -0.9798 0.1996
vn 0.9947 -0.0678 0.0767
vn 0.9951 -0.0656 0.0742
vn 0.9959 -0.0557 0.0718
vn -0.0058 -0.9982 0.0594
vn -0.0000 -0.9982 0.0599
vn 0.0060 -0.9982 0.0604
vn -0.0050 0.0306 0.9995
vn -0.0000 0.0303 0.9995
vn -0.0048 -0.0055 1.0000
vn -0.0000 -0.0056 1.0000
vn 0.0047 -0.0058 1.0000
vn 0.0049 0.0303 0.9995
vn -0.0060 0.9977 -0.0678
vn 0.0060 0.9977 -0.0670
vn -0.9986 0.0321 -0.0410
vn -0.9986 0.0326 -0.0415
vn -0.9987 0.0335 -0.0393
vn -0.9987 0.0331 -0.0387
vn -0.9990 0.0327 -0.0301
vn -0.9988 0.0331 -0.0348
vn -0.9955 0.0563 -0.0767
vn -0.9947 0.0679 -0.0767
vn -0.9951 0.0656 -0.0742
vn -0.9958 0.0542 -0.0739
vn -0.9948 0.0718 -0.0728
vn -0.9955 0.0608 -0.0723
vn -0.9962 0.0427 -0.0765
vn -0.9965 0.0410 -0.0734
vn -0.9963 0.0481 -0.0716
vn -0.0052 -0.0976 -0.9952
vn 0.0004 -0.0979 -0.9952
vn 0.0057 -0.0982 -0.9951
vn -0.1022 -0.6518 0.7515
vn -0.1072 -0.7515 0.6509
vn -0.0992 -0.5110 0.8538
vn 0.0196 -0.5167 0.8560
vn 0.0134 -0.6577 0.7531
vn 0.0107 -0.7571 0.6532
vn -0.9990 0.0340 -0.0280
vn -0.9992 0.0327 -0.0217
vn -0.9989 0.0421 -0.0189
vn -0.9988 0.0433 -0.0245
vn 0.0280 -0.2778 0.9602
vn 0.0255 -0.2450 0.9692
vn 0.0300 -0.2451 0.9690
vn 0.0324 -0.2772 0.9603
vn 0.0174 -0.2449 0.9694
vn 0.0244 -0.2449 0.9692
vn 0.0192 -0.2449 0.9694
vn -0.9989 0.0418 -0.0190
vn 0.9982 -0.0581 0.0154
vn 0.9982 -0.0575 0.0153
vn 0.9981 -0.0594 0.0139
vn 0.9981 -0.0603 0.0136
vn 0.9980 -0.0599 0.0191
vn 0.9979 -0.0610 0.0196
vn 0.9978 -0.0634 0.0188
vn 0.9980 -0.0618 0.0120
vn 0.9980 -0.0621 0.0117
vn -0.0084 0.0699 -0.9975
vn -0.0022 0.0693 -0.9976
vn -0.0021 0.0954 -0.9954
vn -0.0084 0.0959 -0.9954
vn 0.0042 0.0686 -0.9976
vn 0.0042 0.0949 -0.9955
vn 0.0042 0.1071 -0.9942
vn -0.0022 0.1073 -0.9942
vn -0.0085 0.1076 -0.9942
vn 0.0036 0.1899 -0.9818
vn -0.0035 0.1902 -0.9817
vn -0.0034 0.1729 -0.9849
vn 0.0033 0.1726 -0.9850
vn 0.0295 -0.2451 0.9691
vn 0.9981 -0.0585 0.0205
vn 0.9983 -0.0567 0.0132
vn -0.0106 0.1904 -0.9816
vn -0.0099 0.1731 -0.9848
vn -0.9991 0.0268 -0.0321
vn -0.9994 0.0255 -0.0251
vn 0.9983 -0.0567 0.0131
vn 0.0157 -0.2474 0.9688
vn 0.0233 -0.2474 0.9686
vn -0.9994 0.0257 -0.0250
vn 0.0042 0.1954 -0.9807
vn -0.0035 0.1957 -0.9807
vn 0.0221 -0.2503 0.9679
vn 0.0284 -0.2503 0.9677
vn 0.0292 -0.2475 0.9684
vn 0.9985 -0.0493 0.0257
vn 0.9987 -0.0472 0.0182
vn -0.0112 0.1958 -0.9806
vn -0.9990 0.0255 -0.0363
vn -0.9993 0.0242 -0.0286
vn 0.9987 -0.0469 0.0183
vn 0.6928 -0.7206 0.0285
vn 0.6919 -0.7216 0.0232
vn 0.9986 -0.0432 0.0310
vn 0.9981 -0.0462 0.0399
vn -0.9992 0.0252 -0.0319
vn -0.9992 0.0257 -0.0319
vn -0.9993 0.0246 -0.0285
vn 0.0051 0.1959 -0.9806
vn -0.0033 0.1962 -0.9806
vn 0.6924 -0.7212 0.0232
vn 0.9986 -0.0423 0.0311
vn 0.9984 -0.0467 0.0331
vn 0.9987 -0.0441 0.0250
vn -0.0030 0.1979 -0.9802
vn -0.0118 0.1981 -0.9801
vn -0.0116 0.1964 -0.9805
vn -0.7178 -0.6956 -0.0307
vn -0.7157 -0.6980 -0.0238
vn -0.9988 0.0264 -0.0401
vn 0.9987 -0.0435 0.0251
vn 0.0084 -0.7900 0.6131
vn 0.0137 -0.7916 0.6109
vn 0.0140 -0.2503 0.9681
vn -0.7159 -0.6977 -0.0238
vn 0.0048 -0.6305 -0.7762
vn -0.0023 -0.6326 -0.7745
vn 0.0059 0.1976 -0.9803
vn 0.0178 -0.7903 0.6124
vn 0.9981 -0.0616 0.0056
vn 0.9984 -0.0554 0.0068
vn 0.9917 -0.0295 -0.1250
vn 0.9919 -0.0389 -0.1211
vn -0.0095 -0.6303 -0.7763
vn -0.0047 -0.0107 0.9999
vn -0.0000 -0.0108 0.9999
vn -0.0000 -0.0101 0.9999
vn -0.0047 -0.0100 0.9999
vn 0.0047 -0.0110 0.9999
vn 0.0047 -0.0103 0.9999
vn -0.9983 0.0560 -0.0159
vn -0.9986 0.0498 -0.0172
vn -0.9986 0.0492 -0.0171
vn -0.9983 0.0556 -0.0154
vn -0.9990 0.0416 -0.0189
vn -0.9991 0.0397 -0.0130
vn -0.9988 0.0467 -0.0115
vn -0.9990 0.0340 -0.0298
vn -0.9990 0.0332 -0.0291
vn -0.9994 0.0342 -0.0049
vn -0.7191 -0.6949 -0.0003
vn -0.7188 -0.6953 -0.0003
vn -0.9994 0.0332 -0.0047
vn -0.7207 -0.6932 0.0072
vn -0.9995 0.0324 0.0057
vn -0.9993 0.0326 -0.0194
vn 0.9981 -0.0591 0.0153
vn 0.9983 -0.0554 0.0181
vn 0.9984 -0.0537 0.0177
vn 0.9982 -0.0591 0.0093
vn 0.9983 -0.0571 0.0127
vn 0.9984 -0.0524 0.0199
vn 0.9986 -0.0464 0.0246
vn 0.9988 -0.0419 0.0237
vn 0.9993 -0.0341 0.0165
vn 0.9990 -0.0340 0.0299
vn 0.9990 -0.0332 0.0291
vn 0.9993 -0.0332 0.0160
vn 0.9988 -0.0327 0.0368
vn 0.9992 -0.0327 0.0248
vn -0.9993 0.0324 -0.0213
vn -0.9990 0.0403 -0.0180
vn -0.9864 0.0254 -0.1623
vn -0.9869 0.0217 -0.1597
vn -0.9989 0.0439 -0.0180
vn -0.9860 0.0238 -0.1650
vn -0.6862 -0.0641 -0.7245
vn -0.6875 -0.0419 -0.7249
vn -0.6946 -0.0230 -0.7190
vn -0.1263 -0.0922 -0.9877
vn -0.1303 -0.0612 -0.9896
vn -0.1258 -0.1253 -0.9841
vn 0.0219 -0.7546 0.6558
vn 0.0160 -0.7559 0.6545
vn 0.0186 -0.6573 0.7534
vn 0.0244 -0.6569 0.7536
vn 0.0249 -0.5170 0.8556
vn 0.0306 -0.5173 0.8552
vn -0.9990 0.0356 -0.0256
vn -0.9986 0.0352 -0.0383
vn -0.9781 0.0300 -0.2061
vn -0.9787 0.0305 -0.2032
vn -0.9983 0.0341 -0.0470
vn -0.9785 0.0273 -0.2045
vn -0.6509 -0.0043 -0.7592
vn -0.6470 0.0022 -0.7625
vn -0.6458 0.0032 -0.7635
vn -0.1091 -0.0243 -0.9937
vn -0.1096 -0.0229 -0.9937
vn -0.1094 -0.0326 -0.9935
vn -0.9987 0.0466 -0.0196
vn -0.9858 0.0192 -0.1668
vn -0.9986 0.0479 -0.0205
vn -0.9863 0.0174 -0.1641
vn -0.6863 -0.1143 -0.7183
vn -0.6869 -0.0961 -0.7204
vn -0.1268 -0.1713 -0.9770
vn -0.1243 -0.1970 -0.9725
vn -0.9964 0.0218 -0.0820
vn -0.9968 0.0063 -0.0794
vn -0.9873 -0.1466 -0.0617
vn -0.9885 -0.1341 -0.0698
vn -0.9973 -0.0047 -0.0738
vn -0.9870 -0.1528 -0.0505
vn -0.6981 -0.7133 0.0621
vn -0.6975 -0.7158 0.0332
vn -0.6999 -0.7142 0.0064
vn -0.1353 -0.9843 0.1134
vn -0.1351 -0.9877 0.0791
vn -0.1360 -0.9795 0.1487
vn -0.9977 -0.0091 -0.0672
vn -0.9877 -0.1516 -0.0383
vn -0.9982 -0.0088 -0.0599
vn -0.9891 -0.1452 -0.0226
vn -0.7051 -0.6937 0.1473
vn -0.7012 -0.7066 0.0951
vn -0.1354 -0.9725 0.1895
vn -0.1308 -0.9575 0.2570
vn -0.1561 -0.9224 -0.3534
vn -0.1534 -0.9506 -0.2698
vn -0.1579 -0.8876 -0.4326
vn -0.7469 -0.5764 -0.3315
vn -0.7457 -0.6087 -0.2709
vn -0.7438 -0.6337 -0.2127
vn -0.9941 -0.0686 -0.0836
vn -0.9946 -0.0765 -0.0706
vn -0.9932 -0.0544 -0.1034
vn -0.9974 0.0409 -0.0586
vn -0.9984 0.0330 -0.0467
vn -0.9986 0.0318 -0.0414
vn -0.1602 -0.8358 -0.5252
vn -0.1618 -0.7570 -0.6331
vn -0.7496 -0.4650 -0.4711
vn -0.7498 -0.5270 -0.4000
vn -0.9915 -0.0359 -0.1249
vn -0.9900 -0.0216 -0.1395
vn -0.9957 0.0553 -0.0747
vn -0.9962 0.0506 -0.0707
vn -0.1612 -0.6584 -0.7352
vn -0.1578 -0.5551 -0.8167
vn -0.7398 -0.3441 -0.5782
vn -0.7461 -0.4016 -0.5310
vn -0.9896 -0.0167 -0.1428
vn -0.9900 -0.0190 -0.1399
vn -0.9976 0.0416 -0.0553
vn -0.9964 0.0515 -0.0679
vn -0.1515 -0.4393 -0.8855
vn -0.1353 -0.2522 -0.9582
vn -0.7164 -0.1578 -0.6796
vn -0.7333 -0.2774 -0.6208
vn -0.9902 -0.0196 -0.1384
vn -0.9888 -0.0075 -0.1492
vn -0.9988 0.0280 -0.0411
vn -0.9985 0.0317 -0.0442
vn -0.9979 0.0432 -0.0486
vn -0.9948 -0.0734 -0.0701
vn -0.9959 0.0630 -0.0642
vn -0.9948 -0.0635 -0.0797
vn -0.7373 -0.6623 -0.1330
vn -0.7417 -0.6502 -0.1646
vn -0.1492 -0.9710 -0.1869
vn -0.1444 -0.9818 -0.1233
vn -0.1158 -0.0859 -0.9896
vn -0.6709 -0.0445 -0.7402
vn -0.9827 0.0142 -0.1845
vn -0.9985 0.0308 -0.0461
vn 0.1244 -0.1029 -0.9869
vn 0.1289 -0.0709 -0.9891
vn 0.1238 -0.1367 -0.9829
vn 0.6859 -0.1274 -0.7165
vn 0.6883 -0.1000 -0.7185
vn 0.6996 -0.0710 -0.7110
vn 0.9882 -0.0555 -0.1427
vn 0.9908 -0.0407 -0.1293
vn 0.9871 -0.0654 -0.1462
vn 0.9989 -0.0459 0.0041
vn 0.9991 -0.0419 0.0047
vn 0.9994 -0.0338 0.0087
vn 0.1506 -0.6526 0.7426
vn 0.1506 -0.7468 0.6478
vn 0.1544 -0.5153 0.8430
vn 0.7125 -0.3889 0.5840
vn 0.7129 -0.4789 0.5122
vn 0.7154 -0.5354 0.4489
vn 0.9984 -0.0533 0.0165
vn 0.9982 -0.0569 0.0176
vn 0.9990 -0.0394 0.0218
vn 0.9989 -0.0434 0.0199
vn 0.1105 -0.0324 -0.9933
vn 0.1103 -0.0311 -0.9934
vn 0.1117 -0.0406 -0.9929
vn 0.6763 -0.0520 -0.7348
vn 0.6641 -0.0457 -0.7462
vn 0.6542 -0.0446 -0.7550
vn 0.9875 -0.0406 -0.1525
vn 0.9836 -0.0409 -0.1754
vn 0.9906 -0.0413 -0.1305
vn 0.9989 -0.0347 0.0331
vn 0.9991 -0.0356 0.0223
vn 0.9993 -0.0361 0.0073
vn 0.1250 -0.1835 -0.9750
vn 0.1297 -0.2095 -0.9692
vn 0.7020 -0.1810 -0.6888
vn 0.6862 -0.1638 -0.7087
vn 0.9866 -0.0762 -0.1442
vn 0.9872 -0.0806 -0.1374
vn 0.9987 -0.0508 0.0067
vn 0.9988 -0.0492 0.0056
vn 0.1391 -0.9810 0.1352
vn 0.1369 -0.9854 0.1016
vn 0.1422 -0.9753 0.1687
vn 0.6958 -0.6989 0.1656
vn 0.6872 -0.7118 0.1453
vn 0.6793 -0.7236 0.1223
vn 0.9804 -0.1702 0.0995
vn 0.9774 -0.1881 0.0965
vn 0.9832 -0.1538 0.0985
vn 0.9970 -0.0108 0.0760
vn 0.9964 -0.0227 0.0813
vn 0.9958 -0.0386 0.0833
vn 0.1452 -0.9676 0.2067
vn 0.7032 -0.6858 0.1877
vn 0.9852 -0.1421 0.0962
vn 0.9864 -0.1336 0.0959
vn 0.9980 -0.0044 0.0630
vn 0.9976 -0.0053 0.0697
vn 0.9985 -0.0400 0.0384
vn 0.9983 -0.0405 0.0431
vn 0.9905 -0.1376 0.0031
vn 0.9897 -0.1431 0.0059
vn 0.9974 -0.0477 0.0546
vn 0.9902 -0.1397 0.0080
vn 0.7418 -0.6240 -0.2457
vn 0.7376 -0.6439 -0.2032
vn 0.7300 -0.6663 -0.1519
vn 0.1599 -0.9265 -0.3406
vn 0.1554 -0.9538 -0.2571
vn 0.1622 -0.8934 -0.4190
vn 0.9962 -0.0569 0.0665
vn 0.9897 -0.1425 0.0130
vn 0.9956 -0.0614 0.0702
vn 0.9902 -0.1396 0.0075
vn 0.7509 -0.5510 -0.3640
vn 0.7474 -0.5953 -0.2949
vn 0.1634 -0.8437 -0.5113
vn 0.1629 -0.7672 -0.6204
vn 0.9964 -0.0573 0.0629
vn 0.9919 -0.1268 -0.0113
vn 0.9977 -0.0469 0.0494
vn 0.9935 -0.1072 -0.0369
vn 0.7486 -0.4156 -0.5166
vn 0.7518 -0.4883 -0.4431
vn 0.1604 -0.6699 -0.7249
vn 0.1567 -0.5661 -0.8093
vn 0.9987 -0.0363 0.0371
vn 0.9945 -0.0861 -0.0602
vn 0.9990 -0.0312 0.0326
vn 0.9947 -0.0654 -0.0788
vn 0.7361 -0.2052 -0.6451
vn 0.7452 -0.3316 -0.5785
vn 0.1513 -0.4484 -0.8809
vn 0.1369 -0.2596 -0.9559
vn 0.1478 -0.9741 -0.1712
vn 0.1412 -0.9846 -0.1029
vn 0.6914 -0.7217 -0.0327
vn 0.7127 -0.6958 -0.0892
vn 0.9863 -0.1635 0.0220
vn 0.9799 -0.1940 0.0460
vn 0.9953 -0.0736 0.0627
vn 0.9975 -0.0525 0.0464
vn 0.9989 -0.0323 0.0345
vn 0.9930 -0.0484 -0.1079
vn 0.6990 -0.0915 -0.7093
vn 0.1187 -0.0934 -0.9885
vn 0.9856 -0.1333 0.1039
vn 0.9871 -0.1310 0.0920
vn 0.9852 -0.1213 0.1212
vn 0.9873 -0.1265 0.0964
vn 0.9882 -0.1214 0.0936
vn 0.9991 -0.0131 0.0410
vn 0.9986 -0.0067 0.0533
vn -0.1269 0.1859 0.9743
vn -0.1253 0.2083 0.9700
vn -0.1279 0.1997 0.9715
vn -0.6855 0.1729 0.7072
vn -0.6896 0.1620 0.7058
vn -0.6951 0.1786 0.6964
vn -0.9878 0.0708 0.1389
vn -0.9891 0.0732 0.1281
vn -0.9868 0.0747 0.1436
vn -0.1249 0.2910 0.9485
vn -0.1284 0.4447 0.8864
vn -0.7060 0.2392 0.6666
vn -0.7205 0.3473 0.6002
vn -0.9907 0.0843 0.1072
vn -0.9918 0.1017 0.0776
vn -0.1444 0.9840 0.1041
vn -0.1428 0.9897 0.0049
vn -0.1452 0.9591 0.2428
vn -0.7339 0.6690 0.1178
vn -0.7245 0.6888 0.0259
vn -0.7130 0.7001 -0.0400
vn -0.9896 0.1325 -0.0554
vn -0.9882 0.1382 -0.0663
vn -0.9909 0.1287 -0.0400
vn -0.9977 0.0119 -0.0665
vn -0.1103 -0.0065 0.9939
vn -0.1102 -0.0072 0.9939
vn -0.1110 -0.0017 0.9938
vn -0.6763 0.0178 0.7365
vn -0.6661 0.0138 0.7458
vn -0.6556 0.0128 0.7550
vn -0.9867 0.0300 0.1599
vn -0.9834 0.0296 0.1788
vn -0.9894 0.0309 0.1422
vn -0.9995 0.0325 -0.0057
vn -0.1283 0.2333 0.9639
vn -0.1247 0.2521 0.9596
vn -0.6730 0.2154 0.7076
vn -0.6835 0.1987 0.7024
vn -0.9862 0.0824 0.1439
vn -0.9856 0.0871 0.1448
vn -0.1385 0.9876 -0.0737
vn -0.1369 0.9877 -0.0756
vn -0.1399 0.9879 -0.0670
vn -0.6947 0.7139 -0.0885
vn -0.6869 0.7207 -0.0932
vn -0.6794 0.7276 -0.0946
vn -0.9825 0.1697 -0.0775
vn -0.9797 0.1846 -0.0786
vn -0.9848 0.1563 -0.0757
vn -0.1413 0.9888 -0.0471
vn -0.7027 0.7075 -0.0749
vn -0.9866 0.1461 -0.0726
vn -0.1351 0.6311 0.7639
vn -0.1409 0.7901 0.5966
vn -0.7326 0.4699 0.4925
vn -0.7384 0.5674 0.3646
vn -0.9921 0.1175 0.0446
vn -0.9921 0.1251 0.0121
vn -0.9983 0.0403 -0.0414
vn -0.9833 0.1766 -0.0440
vn -0.9790 0.1944 -0.0608
vn -0.9866 0.1613 -0.0249
vn -0.7139 0.6770 0.1790
vn -0.7007 0.7099 0.0714
vn -0.6851 0.7283 -0.0149
vn -0.1488 0.9756 0.1615
vn -0.1390 0.9896 0.0380
vn -0.1574 0.9357 0.3157
vn -0.9892 0.1467 -0.0048
vn -0.9910 0.1329 0.0152
vn -0.7309 0.5553 0.3968
vn -0.7249 0.6241 0.2917
vn -0.1631 0.8639 0.4766
vn -0.1651 0.7643 0.6234
vn -0.9924 0.1178 0.0356
vn -0.9933 0.1003 0.0569
vn -0.7292 0.3721 0.5743
vn -0.7324 0.4708 0.4918
vn -0.1634 0.6400 0.7508
vn -0.1580 0.4956 0.8541
vn -0.9937 0.0818 0.0760
vn -0.9923 0.0547 0.1107
vn -0.7006 0.1477 0.6981
vn -0.7235 0.2718 0.6345
vn -0.1494 0.3511 0.9243
vn -0.1343 0.1811 0.9743
vn -0.1313 0.9905 -0.0405
vn -0.1284 0.9892 -0.0701
vn -0.6643 0.7420 -0.0905
vn -0.6719 0.7373 -0.0698
vn -0.9747 0.2112 -0.0729
vn -0.9718 0.2224 -0.0784
vn -0.9910 0.0354 0.1292
vn -0.6860 0.0456 0.7262
vn -0.1168 0.0367 0.9925
vn 0.9866 -0.0152 0.1624
vn 0.9870 -0.0129 0.1599
vn 0.9860 -0.0132 0.1661
vn 0.6826 0.1122 0.7221
vn 0.6861 0.1016 0.7203
vn 0.6901 0.1162 0.7143
vn 0.1257 0.1747 0.9766
vn 0.1241 0.1970 0.9725
vn 0.1266 0.1883 0.9739
vn 0.9875 -0.0038 0.1573
vn 0.9882 0.0129 0.1525
vn 0.6982 0.1715 0.6950
vn 0.7096 0.2742 0.6491
vn 0.1234 0.2789 0.9524
vn 0.1259 0.4313 0.8934
vn 0.9894 0.1187 0.0836
vn 0.9881 0.1370 0.0699
vn 0.9905 0.0963 0.0983
vn 0.7322 0.6424 0.2263
vn 0.7235 0.6777 0.1316
vn 0.7127 0.6989 0.0602
vn 0.1453 0.9815 0.1250
vn 0.1434 0.9894 0.0248
vn 0.1464 0.9533 0.2641
vn 0.9773 -0.0335 0.2094
vn 0.9782 -0.0335 0.2049
vn 0.9769 -0.0331 0.2113
vn 0.6485 -0.0251 0.7608
vn 0.6461 -0.0284 0.7627
vn 0.6451 -0.0289 0.7635
vn 0.1089 -0.0135 0.9940
vn 0.1094 -0.0143 0.9939
vn 0.1090 -0.0088 0.9940
vn 0.9856 -0.0090 0.1687
vn 0.9854 -0.0066 0.1699
vn 0.6871 0.1473 0.7114
vn 0.6811 0.1361 0.7195
vn 0.1271 0.2214 0.9669
vn 0.1309 0.2397 0.9620
vn 0.9876 0.1464 0.0571
vn 0.9889 0.1367 0.0575
vn 0.9868 0.1512 0.0577
vn 0.7001 0.7140 0.0054
vn 0.6999 0.7143 0.0003
vn 0.7020 0.7122 -0.0010
vn 0.1401 0.9886 -0.0552
vn 0.1394 0.9886 -0.0573
vn 0.1409 0.9888 -0.0482
vn 0.9870 0.1483 0.0611
vn 0.7041 0.7098 0.0209
vn 0.1419 0.9895 -0.0279
vn 0.9890 0.0340 0.1438
vn 0.9899 0.0545 0.1307
vn 0.7213 0.3984 0.5665
vn 0.7303 0.5065 0.4584
vn 0.1321 0.6168 0.7760
vn 0.1393 0.7770 0.6138
vn 0.1531 0.9712 0.1828
vn 0.1442 0.9879 0.0575
vn 0.1604 0.9275 0.3376
vn 0.7318 0.6252 0.2714
vn 0.7292 0.6641 0.1650
vn 0.7241 0.6853 0.0779
vn 0.9938 0.0752 0.0823
vn 0.9943 0.0817 0.0682
vn 0.9929 0.0654 0.0993
vn 0.1643 0.8518 0.4975
vn 0.1646 0.7492 0.6416
vn 0.7295 0.4901 0.4772
vn 0.7326 0.5647 0.3800
vn 0.9919 0.0530 0.1157
vn 0.9907 0.0404 0.1300
vn 0.1614 0.6234 0.7650
vn 0.1548 0.4792 0.8639
vn 0.7120 0.3054 0.6323
vn 0.7227 0.4029 0.5616
vn 0.9893 0.0277 0.1431
vn 0.9876 0.0147 0.1565
vn 0.1457 0.3364 0.9304
vn 0.1300 0.1697 0.9769
vn 0.6718 0.0952 0.7346
vn 0.7005 0.2091 0.6823
vn 0.9856 0.0021 0.1693
vn 0.9803 -0.0169 0.1966
vn 0.9948 0.0819 0.0610
vn 0.9950 0.0790 0.0608
vn 0.7210 0.6930 0.0046
vn 0.7211 0.6924 0.0235
vn 0.1366 0.9904 -0.0225
vn 0.1338 0.9896 -0.0526
vn 0.1140 0.0286 0.9931
vn 0.6557 0.0002 0.7550
vn 0.9776 -0.0302 0.2085
vn -0.9943 0.0748 -0.0757
vn -0.9944 -0.0606 -0.0869
vn -0.9941 0.0735 -0.0804
vn -0.9937 -0.0701 -0.0871
vn -0.7234 -0.6854 -0.0832
vn -0.7310 -0.6736 -0.1092
vn -0.1408 -0.9868 -0.0797
vn -0.1380 -0.9896 -0.0407
vn -0.9946 0.0646 -0.0818
vn -0.9928 -0.0864 -0.0832
vn -0.9953 0.0522 -0.0822
vn -0.9915 -0.1033 -0.0789
vn -0.7084 -0.7049 -0.0354
vn -0.7151 -0.6967 -0.0567
vn -0.1360 -0.9907 -0.0049
vn -0.1353 -0.9905 0.0229
vn -0.9959 0.0377 -0.0823
vn -0.9901 -0.1190 -0.0749
vn -0.7036 -0.7104 -0.0162
vn -0.1352 -0.9896 0.0487
vn 0.1376 -0.9889 -0.0567
vn 0.1354 -0.9906 -0.0174
vn 0.6716 -0.7401 0.0348
vn 0.6782 -0.7349 0.0054
vn 0.9745 -0.2153 0.0639
vn 0.9721 -0.2227 0.0740
vn 0.9930 -0.0869 0.0798
vn 0.9934 -0.0868 0.0747
vn 0.1342 -0.9908 0.0179
vn 0.1345 -0.9899 0.0454
vn 0.6692 -0.7387 0.0808
vn 0.6683 -0.7414 0.0605
vn 0.9717 -0.2220 0.0812
vn 0.9727 -0.2153 0.0867
vn 0.9943 -0.0681 0.0826
vn 0.9935 -0.0795 0.0817
vn 0.1355 -0.9882 0.0711
vn 0.6733 -0.7326 0.0999
vn 0.9748 -0.2035 0.0914
vn 0.9951 -0.0543 0.0831
vn -0.1291 0.9888 -0.0747
vn -0.1305 0.9886 -0.0755
vn -0.6617 0.7438 -0.0944
vn -0.6615 0.7440 -0.0939
vn -0.9706 0.2271 -0.0801
vn -0.9709 0.2254 -0.0804
vn -0.1321 0.9883 -0.0756
vn -0.1337 0.9881 -0.0757
vn -0.6679 0.7382 -0.0946
vn -0.6640 0.7417 -0.0946
vn -0.9724 0.2192 -0.0802
vn -0.9744 0.2100 -0.0798
vn -0.1353 0.9879 -0.0758
vn -0.6730 0.7335 -0.0947
vn -0.9769 0.1984 -0.0793
vn 0.9948 0.0820 0.0611
vn 0.9941 0.0904 0.0607
vn 0.7168 0.6973 0.0009
vn 0.7198 0.6942 0.0017
vn 0.1345 0.9893 -0.0571
vn 0.1357 0.9891 -0.0577
vn 0.9930 0.1014 0.0600
vn 0.9918 0.1131 0.0592
vn 0.7091 0.7051 -0.0002
vn 0.7130 0.7012 0.0003
vn 0.1368 0.9889 -0.0577
vn 0.1378 0.9888 -0.0576
vn 0.9904 0.1251 0.0583
vn 0.7053 0.7089 -0.0007
vn 0.1387 0.9887 -0.0576
vn -0.9985 0.0532 -0.0159
vn -0.9984 0.0535 -0.0172
vn -0.9990 0.0389 -0.0212
vn -0.9989 0.0415 -0.0231
vn -0.7082 -0.6680 0.2286
vn -0.1233 -0.9245 0.3608
vn -0.7107 -0.6290 0.3151
vn -0.1170 -0.8761 0.4677
vn 0.9997 -0.0192 0.0149
vn 0.9934 -0.0182 -0.1130
vn 0.9997 -0.0086 0.0215
vn 0.9947 -0.0036 -0.1031
vn 0.7241 0.0111 -0.6896
vn 0.7160 -0.0254 -0.6976
vn 0.1355 -0.0213 -0.9905
vn 0.1395 0.0211 -0.9900
vn -0.9988 0.0287 -0.0405
vn -0.9992 0.0134 -0.0382
vn -0.9881 0.0167 -0.1526
vn -0.9890 0.0372 -0.1433
vn -0.9994 0.0087 -0.0324
vn -0.9875 0.0085 -0.1575
vn -0.7062 0.0194 -0.7078
vn -0.7121 0.0384 -0.7010
vn -0.7189 0.0697 -0.6916
vn -0.1444 0.0452 -0.9885
vn -0.1452 0.0737 -0.9867
vn -0.1422 0.0231 -0.9896
vn -0.0081 0.0440 -0.9990
vn 0.0034 0.1415 -0.9899
vn 0.1443 0.1314 -0.9808
vn 0.1464 0.1621 -0.9759
vn 0.0036 0.1158 -0.9933
vn 0.1435 0.1065 -0.9839
vn 0.7257 0.0381 -0.6869
vn 0.7259 0.0544 -0.6857
vn 0.7242 0.0761 -0.6854
vn 0.9922 -0.0427 -0.1167
vn 0.9926 -0.0445 -0.1130
vn 0.9981 -0.0609 0.0072
vn -0.9984 0.0517 -0.0221
vn -0.9874 0.0692 -0.1427
vn -0.9867 0.0651 -0.1493
vn -0.9981 0.0579 -0.0207
vn -0.9878 0.0719 -0.1381
vn -0.7139 0.1211 -0.6897
vn -0.7132 0.1341 -0.6880
vn -0.7102 0.1490 -0.6881
vn -0.1475 0.1468 -0.9781
vn -0.1500 0.1764 -0.9728
vn -0.1460 0.1224 -0.9817
vn -0.0090 0.1162 -0.9932
vn -0.0094 0.1419 -0.9898
vn 0.7224 0.0932 -0.6852
vn 0.1503 0.1800 -0.9721
vn -0.9857 0.0590 -0.1580
vn -0.7080 0.1542 -0.6892
vn -0.1546 0.1921 -0.9691
vn 0.0222 -0.2782 0.9603
vn -0.1042 -0.2728 0.9564
vn -0.1122 -0.2401 0.9642
vn -0.7016 -0.1743 0.6909
vn -0.6983 -0.1572 0.6984
vn -0.9927 0.0008 0.1208
vn -0.9920 -0.0049 0.1264
vn -0.9994 0.0311 -0.0153
vn 0.9805 -0.1056 0.1658
vn 0.9776 -0.0990 0.1856
vn 0.6620 -0.2418 0.7095
vn 0.6466 -0.2176 0.7311
vn 0.1266 -0.2776 0.9523
vn 0.1224 -0.2478 0.9610
vn 0.9989 -0.0450 0.0116
vn 0.9919 -0.0171 -0.1260
vn 0.7228 0.1053 -0.6830
vn 0.1558 0.1868 -0.9700
vn -0.9844 0.0535 -0.1677
vn -0.7054 0.1526 -0.6922
vn -0.1595 0.1963 -0.9675
vn -0.1202 -0.2406 0.9632
vn -0.6989 -0.1619 0.6967
vn -0.9916 -0.0129 0.1291
vn -0.9995 0.0243 -0.0180
vn 0.9767 -0.0909 0.1943
vn 0.6492 -0.2116 0.7306
vn 0.1298 -0.2471 0.9602
vn 0.9990 -0.0409 0.0179
vn 0.9990 -0.0391 0.0231
vn 0.9923 -0.0088 -0.1239
vn 0.9921 -0.0117 -0.1249
vn 0.7259 0.1125 -0.6785
vn 0.7250 0.1093 -0.6801
vn 0.1618 0.1878 -0.9688
vn 0.1657 0.1897 -0.9678
vn -0.9828 0.0532 -0.1767
vn -0.7028 0.1518 -0.6950
vn -0.1639 0.1964 -0.9667
vn -0.1671 0.1981 -0.9658
vn -0.7008 0.1533 -0.6966
vn -0.1275 -0.2430 0.9616
vn -0.7011 -0.1642 0.6939
vn -0.9912 -0.0154 0.1314
vn -0.9909 -0.0159 0.1335
vn -0.7018 -0.1658 0.6928
vn -0.9995 0.0233 -0.0208
vn 0.9749 -0.0895 0.2039
vn 0.6515 -0.2106 0.7288
vn 0.1372 -0.2492 0.9587
vn 0.1410 -0.2517 0.9575
vn 0.6493 -0.2119 0.7304
vn -0.9994 0.0246 -0.0235
vn -0.7178 -0.6960 -0.0187
vn -0.7304 -0.6783 0.0804
vn -0.5567 -0.6712 0.4895
vn -0.0933 -0.7632 0.6394
vn -0.1330 -0.2455 0.9602
vn 0.9726 -0.0906 0.2141
vn 0.6994 -0.7014 0.1378
vn 0.4968 -0.6964 0.5179
vn 0.0940 -0.7712 0.6296
vn 0.1313 -0.6006 -0.7887
vn 0.5723 -0.5677 -0.5918
vn 0.7282 -0.6774 -0.1044
vn 0.6958 -0.7180 0.0168
vn -0.9814 0.0549 -0.1840
vn -0.7394 -0.6553 -0.1542
vn -0.5649 -0.5586 -0.6073
vn -0.1361 -0.5985 -0.7895
vn -0.7162 -0.6975 -0.0238
vn -0.9991 0.0263 -0.0319
vn -0.1445 0.8989 0.4137
vn -0.7408 0.6300 0.2330
vn -0.9919 0.1254 -0.0181
vn 0.9980 -0.0206 0.0602
vn 0.9909 0.0727 0.1136
vn 0.7369 0.5851 0.3386
vn 0.1449 0.8891 0.4342
vn -0.9983 0.0032 -0.0580
vn -0.9980 0.0051 -0.0626
vn -0.9885 0.0720 -0.1333
vn -0.7165 0.1173 -0.6877
vn -0.9981 0.0580 -0.0223
vn -0.9982 0.0533 -0.0282
vn -0.9891 0.0692 -0.1301
vn -0.7202 0.1151 -0.6841
vn -0.0024 0.1091 -0.9940
vn -0.0087 0.1093 -0.9940
vn 0.0039 0.1089 -0.9940
vn -0.0027 0.1160 -0.9932
vn -0.1455 0.1159 -0.9826
vn -0.1454 0.1141 -0.9828
vn -0.9936 -0.0032 0.1133
vn -0.7082 -0.2373 0.6649
vn -0.0031 0.1418 -0.9899
vn 0.1436 0.0999 -0.9846
vn 0.7289 0.0334 -0.6838
vn 0.1440 0.0982 -0.9847
vn 0.7351 0.0323 -0.6772
vn 0.1444 0.0870 -0.9857
vn 0.7403 0.0286 -0.6717
vn 0.1436 0.0634 -0.9876
vn 0.7384 0.0239 -0.6739
vn -0.0997 -0.3683 0.9243
vn 0.0236 -0.3737 0.9273
vn 0.0292 -0.3732 0.9273
vn 0.0343 -0.3726 0.9274
vn 0.1450 -0.3703 0.9175
vn 0.6944 -0.2991 0.6545
vn 0.9837 -0.1102 0.1420
vn 0.9947 -0.0441 -0.0932
vn 0.9958 -0.0381 -0.0830
vn 0.9987 -0.0427 0.0285
vn 0.9961 -0.0230 -0.0856
vn 0.9991 -0.0274 0.0314
vn 0.9934 -0.0450 -0.1055
vn -0.9873 0.0132 -0.1585
vn -0.7031 0.0006 -0.7111
vn -0.9995 0.0184 -0.0266
vn -0.9894 0.0584 -0.1328
vn -0.7217 0.1008 -0.6849
vn -0.9984 0.0437 -0.0360
vn -0.1373 -0.0155 -0.9904
vn 0.9955 -0.0071 -0.0947
vn 0.7304 0.0210 -0.6827
vn 0.9995 -0.0124 0.0279
vn -0.1452 0.1017 -0.9842
vn -0.0019 0.0436 -0.9990
vn 0.0043 0.0433 -0.9991
vn 0.1415 0.0410 -0.9891
vn -0.9990 0.0225 -0.0376
vn -0.9987 0.0300 -0.0411
vn -0.9988 -0.0053 -0.0494
vn -0.9910 -0.1335 0.0013
vn -0.9993 0.0028 -0.0362
vn -0.9932 -0.1132 0.0276
vn -0.9989 0.0347 -0.0304
vn -0.9986 0.0340 -0.0398
vn -0.9992 0.0359 -0.0150
vn -0.7220 -0.6919 -0.0077
vn -0.7195 -0.6945 -0.0003
vn -0.9994 0.0353 -0.0050
vn -0.9958 0.0446 -0.0799
vn -0.9964 0.0291 -0.0796
vn -0.9951 0.0585 -0.0798
vn -0.9944 0.0702 -0.0795
vn -0.9938 0.0786 -0.0783
vn -0.9987 0.0317 -0.0405
vn -0.9988 0.0306 -0.0380
vn -0.9981 0.0394 -0.0479
vn -0.9983 0.0392 -0.0434
vn -0.9973 0.0454 -0.0577
vn -0.9985 0.0349 -0.0415
vn -0.9977 0.0438 -0.0515
vn -0.9977 -0.0019 -0.0683
vn -0.9980 -0.0017 -0.0625
vn -0.9973 0.0029 -0.0734
vn -0.9940 0.0800 -0.0744
vn -0.9955 0.0694 -0.0645
vn -0.9964 0.0526 -0.0668
vn -0.9961 0.0557 -0.0688
vn -0.9969 0.0139 -0.0777
vn -0.9974 0.0509 -0.0504
vn -0.9967 0.0523 -0.0625
vn -0.9986 0.0504 -0.0170
vn -0.9983 0.0566 -0.0159
vn -0.9993 0.0250 -0.0285
vn -0.9994 0.0259 -0.0250
vn 0.9987 -0.0414 0.0311
vn 0.9988 -0.0428 0.0252
vn -0.9983 0.0550 -0.0177
vn -0.9986 0.0461 -0.0240
vn -0.9992 0.0167 -0.0351
vn -0.9995 0.0147 -0.0279
vn -0.9989 0.0260 -0.0386
vn -0.9988 0.0476 -0.0125
vn -0.9987 0.0490 -0.0134
vn -0.9989 0.0448 -0.0112
vn -0.9991 0.0415 -0.0116
vn -0.9993 0.0351 -0.0151
vn -0.9995 0.0236 -0.0209
vn -0.9989 0.0332 -0.0339
vn -0.9991 0.0272 -0.0317
vn 0.6928 -0.7208 0.0232
vn 0.9987 -0.0466 0.0184
vn 0.9980 -0.0624 0.0116
vn 0.9980 -0.0612 0.0132
vn 0.9989 -0.0348 0.0304
vn 0.9992 -0.0351 0.0168
vn 0.9986 -0.0340 0.0399
vn 0.9944 -0.0702 0.0795
vn 0.9938 -0.0785 0.0782
vn 0.9951 -0.0585 0.0798
vn 0.9958 -0.0446 0.0798
vn 0.9964 -0.0291 0.0796
vn 0.9987 -0.0318 0.0407
vn 0.9988 -0.0308 0.0384
vn 0.9940 -0.0799 0.0744
vn 0.9955 -0.0692 0.0644
vn 0.9964 -0.0521 0.0669
vn 0.9960 -0.0555 0.0694
vn 0.9973 -0.0447 0.0574
vn 0.9966 -0.0524 0.0633
vn 0.9976 -0.0441 0.0524
vn 0.9985 -0.0352 0.0422
vn 0.9981 -0.0387 0.0474
vn 0.9983 -0.0386 0.0431
vn 0.9977 0.0016 0.0681
vn 0.9973 -0.0030 0.0733
vn 0.9981 0.0013 0.0624
vn 0.9969 -0.0140 0.0777
vn 0.9975 -0.0505 0.0502
vn -0.9993 0.0206 -0.0322
vn -0.9996 0.0171 -0.0232
vn -0.9990 0.0083 -0.0428
vn 0.9991 -0.0417 0.0115
vn 0.9993 -0.0355 0.0148
vn 0.9995 -0.0240 0.0205
vn 0.9995 -0.0145 0.0275
vn 0.9988 -0.0476 0.0126
vn 0.9987 -0.0490 0.0136
vn 0.9993 -0.0158 0.0346
vn 0.9989 -0.0250 0.0385
vn 0.9990 -0.0152 0.0426
vn 0.9986 -0.0193 0.0489
vn 0.9991 -0.0191 0.0387
vn 0.9989 -0.0226 0.0410
vn 0.9989 -0.0331 0.0343
vn 0.9991 -0.0276 0.0323
vn 0.9985 -0.0021 0.0540
vn 0.9990 -0.0087 0.0432
vn 0.9992 -0.0212 0.0328
vn 0.9993 -0.0254 0.0287
vn -0.9951 -0.0849 0.0516
vn -0.7145 -0.5790 0.3928
vn -0.1124 -0.8199 0.5613
vn 0.0098 -0.8251 0.5649
vn 0.1537 -0.8144 0.5596
vn 0.0213 -0.8246 0.5654
vn 0.7213 -0.5701 0.3935
vn 0.9887 -0.1213 0.0886
vn 0.0153 -0.8249 0.5651
vn -0.9985 0.0017 -0.0540
vn -0.0000 -0.7166 -0.6974
vn 0.0032 -0.7156 -0.6985
vn -0.0000 -1.0000 -0.0000
vn -0.0034 -0.7155 -0.6986
vn 0.7174 -0.6813 0.1455
vn 0.4999 -0.6257 0.5988
vn 0.6978 -0.7162 0.0075
vn -0.0812 -0.6934 -0.7160
vn -0.5177 -0.6135 -0.5963
vn 0.7151 -0.6842 -0.1430
vn 0.6964 -0.7176 -0.0069
vn 0.6953 -0.7188 0.0003
vn -0.7382 -0.6582 0.1479
vn 0.4986 -0.6317 -0.5936
vn 0.6949 -0.7191 0.0003
vn -0.0000 -0.7109 0.7033
vn -0.0034 -0.7098 0.7044
vn -0.5171 -0.6102 0.6002
vn 0.0033 -0.7099 0.7043
vn -0.7388 -0.6577 -0.1471
vn 0.0782 -0.6903 0.7193
vn 0.0777 -0.6963 -0.7136
vn 0.6945 -0.7195 0.0003
vn -0.0816 -0.6877 0.7214
vn 0.9994 -0.0353 0.0050
vn 0.9994 -0.0342 0.0049
vn 0.9993 -0.0364 -0.0052
vn -0.9992 0.0351 -0.0168
vn -0.9993 0.0341 -0.0164
vn 0.1098 -0.0143 0.9938
vn 0.6447 -0.0288 0.7639
vn 0.9791 -0.0335 0.2005
vn 0.9994 -0.0326 0.0146
vn -0.9808 0.0294 0.1930
vn -0.6479 0.0125 0.7616
vn -0.1103 -0.0072 0.9939
vn -0.0048 -0.0107 0.9999
vn 0.9805 -0.0412 -0.1920
vn 0.6477 -0.0445 -0.7606
vn -0.1100 -0.0229 -0.9937
vn -0.6454 0.0031 -0.7638
vn -0.9792 0.0306 -0.2004
vn 0.9994 -0.0332 0.0047
vn -0.9993 0.0332 -0.0159
vn 0.9992 0.0377 -0.0157
vn 0.9991 0.0402 -0.0164
vn 0.9991 0.0362 -0.0243
vn 0.9993 0.0299 -0.0225
vn 0.9989 0.0324 -0.0333
vn 0.9993 0.0232 -0.0304
vn 0.9989 0.0427 -0.0202
vn 0.9986 0.0422 -0.0313
vn 0.9990 0.0435 -0.0107
vn 0.9965 0.0526 -0.0649
vn 0.9969 0.0497 -0.0614
vn 0.9972 0.0477 -0.0570
vn 0.9970 0.0499 -0.0596
vn 0.9978 0.0433 -0.0509
vn 0.9977 0.0435 -0.0512
vn 0.9975 0.0490 -0.0516
vn 0.9979 0.0454 -0.0464
vn 0.9971 0.0512 -0.0561
vn 0.9953 0.0710 -0.0660
vn 0.9950 0.0729 -0.0678
vn 0.9964 0.0601 -0.0597
vn 0.9970 0.0551 -0.0546
vn 0.9972 0.0498 -0.0551
vn 0.9979 0.0439 -0.0486
vn 0.9954 0.0712 -0.0648
vn 0.9963 0.0611 -0.0610
vn 0.9942 0.0814 -0.0699
vn -0.9980 0.0004 0.0639
vn -0.9978 -0.0005 0.0659
vn -0.9980 -0.0056 0.0625
vn -0.9983 -0.0036 0.0579
vn -0.9983 -0.0123 0.0565
vn -0.9987 -0.0096 0.0497
vn -0.9977 -0.0019 0.0674
vn -0.9978 -0.0113 0.0647
vn -0.9977 0.0052 0.0676
vn 0.9974 0.0027 -0.0715
vn 0.9976 0.0026 -0.0697
vn 0.9974 0.0127 -0.0716
vn 0.9971 0.0133 -0.0745
vn 0.9970 0.0266 -0.0727
vn 0.9967 0.0278 -0.0760
vn 0.9973 0.0204 -0.0699
vn 0.9969 0.0341 -0.0709
vn 0.9976 0.0102 -0.0688
vn 0.9972 0.0465 -0.0590
vn 0.9970 0.0477 -0.0605
vn 0.9968 0.0494 -0.0626
vn 0.9966 0.0509 -0.0646
vn 0.9969 0.0522 -0.0590
vn 0.9968 0.0531 -0.0602
vn 0.9942 0.0764 -0.0761
vn 0.9945 0.0744 -0.0740
vn 0.9943 0.0781 -0.0726
vn 0.9942 0.0790 -0.0734
vn 0.9938 0.0846 -0.0724
vn 0.9941 0.0804 -0.0729
vn 0.9979 -0.0008 -0.0641
vn 0.9978 0.0001 -0.0659
vn 0.9977 -0.0014 -0.0677
vn 0.9977 -0.0016 -0.0679
vn 0.9977 0.0057 -0.0680
vn 0.9977 0.0068 -0.0677
vn 0.9989 0.0447 -0.0112
vn 0.9989 0.0446 -0.0112
vn 0.9990 0.0427 -0.0120
vn 0.9990 0.0421 -0.0118
vn 0.9990 0.0444 -0.0055
vn 0.9989 0.0460 -0.0042
vn 0.0058 -0.9959 0.0901
vn -0.0001 -0.9922 0.1250
vn 0.0057 -0.9922 0.1246
vn -0.0005 -0.9871 0.1599
vn 0.0054 -0.9872 0.1596
vn -0.0062 -0.9921 0.1255
vn -0.0067 -0.9871 0.1602
vn -0.0060 -0.9958 0.0911
vn 0.9993 0.0358 -0.0128
vn 0.9953 -0.0597 0.0768
vn 0.9948 -0.0350 0.0953
vn 0.9987 0.0504 -0.0089
vn 0.9943 -0.0148 0.1060
vn 0.9986 0.0527 -0.0096
vn 0.7118 -0.4424 0.5455
vn 0.7115 -0.3373 0.6164
vn 0.7120 -0.5223 0.4693
vn 0.0062 0.9990 0.0446
vn 0.0066 0.9853 0.1707
vn 0.0070 0.9446 0.3282
vn -0.0067 0.9851 0.1716
vn -0.0071 0.9442 0.3292
vn -0.0062 0.9989 0.0455
vn 0.9987 0.0485 -0.0133
vn 0.9988 0.0480 -0.0132
vn 0.9988 0.0469 -0.0124
vn 0.9988 0.0472 -0.0124
vn 0.9988 0.0483 -0.0051
vn 0.9988 0.0495 -0.0058
vn 0.9983 0.0379 -0.0452
vn 0.9984 0.0363 -0.0433
vn 0.9985 0.0338 -0.0420
vn 0.9987 0.0321 -0.0399
vn 0.9983 0.0410 -0.0419
vn 0.9986 0.0360 -0.0374
vn 0.0063 0.9668 0.2556
vn 0.0062 0.9041 0.4272
vn -0.0063 0.9037 0.4281
vn -0.0064 0.9665 0.2565
vn -0.0061 0.7922 0.6102
vn 0.0061 0.7927 0.6095
vn 0.0073 0.7675 0.6410
vn 0.0072 0.6396 0.7687
vn 0.0069 0.4916 0.8708
vn -0.0072 0.6388 0.7693
vn -0.0069 0.4909 0.8712
vn -0.0073 0.7668 0.6418
vn 0.0058 0.9994 -0.0341
vn -0.0058 0.9994 -0.0333
vn -0.0057 0.9981 -0.0619
vn 0.0057 0.9980 -0.0627
vn 0.9988 0.0248 -0.0416
vn 0.9986 0.0266 -0.0463
vn 0.9986 0.0190 -0.0487
vn 0.9989 0.0226 -0.0407
vn 0.9991 0.0189 -0.0382
vn 0.9990 0.0149 -0.0421
vn 0.9987 0.0091 -0.0495
vn 0.9983 0.0117 -0.0564
vn 0.9978 0.0194 -0.0627
vn 0.9980 0.0269 -0.0566
vn 0.9982 0.0347 -0.0498
vn 0.0060 0.9977 -0.0675
vn 0.0061 0.9978 -0.0655
vn -0.0061 0.9979 -0.0647
vn -0.0060 0.9978 -0.0667
vn -0.0061 0.9983 -0.0578
vn 0.0061 0.9983 -0.0586
vn 0.0073 0.8704 0.4924
vn -0.0073 0.8698 0.4933
vn 0.0057 0.9977 -0.0671
vn -0.0057 0.9978 -0.0663
vn -0.0058 0.9977 -0.0670
vn 0.0058 0.9977 -0.0677
vn 0.0062 0.9993 -0.0382
vn -0.0062 0.9993 -0.0374
vn -0.0063 0.9999 0.0157
vn 0.0062 0.9999 0.0149
vn 0.0054 0.2046 0.9788
vn 0.0055 0.1819 0.9833
vn -0.0055 0.1814 0.9834
vn -0.0054 0.2041 0.9789
vn -0.0055 0.1953 0.9807
vn 0.0056 0.1958 0.9806
vn 0.0058 0.6317 0.7752
vn -0.0057 0.6311 0.7757
vn -0.0054 0.4430 0.8965
vn 0.0055 0.4435 0.8962
vn 0.0054 0.2882 0.9576
vn -0.0053 0.2877 0.9577
vn -0.9993 -0.0231 0.0298
vn -0.9991 -0.0217 0.0371
vn -0.9987 -0.0296 0.0405
vn -0.9989 -0.0324 0.0326
vn -0.9982 -0.0347 0.0484
vn -0.9985 -0.0382 0.0395
vn -0.9986 -0.0265 0.0462
vn -0.9981 -0.0285 0.0555
vn -0.9988 -0.0242 0.0415
vn 0.0056 0.2294 0.9733
vn -0.0055 0.2289 0.9734
vn -0.0057 0.2478 0.9688
vn 0.0054 0.2483 0.9687
vn 0.0065 0.3450 0.9386
vn 0.0058 0.1708 0.9853
vn -0.0064 0.3444 0.9388
vn -0.0057 0.1703 0.9854
vn 0.0049 -0.0649 -0.9979
vn 0.0057 -0.0169 -0.9998
vn -0.0005 -0.0173 -0.9999
vn -0.0010 -0.0654 -0.9979
vn -0.0064 -0.0178 -0.9998
vn -0.0065 -0.0660 -0.9978
vn 0.0010 0.0226 -0.9997
vn -0.0051 0.0225 -0.9997
vn 0.0072 0.0227 -0.9997
vn -0.0105 -0.9644 0.2641
vn -0.1469 -0.9518 0.2693
vn -0.1489 -0.9187 0.3659
vn -0.0145 -0.9311 0.3644
vn -0.1521 -0.8709 0.4672
vn -0.0188 -0.8824 0.4702
vn -0.7143 -0.6396 0.2841
vn -0.7181 -0.6060 0.3423
vn -0.7092 -0.6679 0.2258
vn 0.0047 -0.0270 -0.9996
vn -0.0001 -0.0285 -0.9996
vn 0.0046 -0.0284 -0.9996
vn -0.0003 -0.0373 -0.9993
vn 0.0045 -0.0371 -0.9993
vn -0.0049 -0.0287 -0.9996
vn -0.0051 -0.0374 -0.9993
vn -0.0048 -0.0273 -0.9996
vn 0.0053 -0.1317 -0.9913
vn -0.0002 -0.1319 -0.9913
vn -0.0003 -0.1791 -0.9838
vn 0.0053 -0.1788 -0.9839
vn -0.0003 -0.2048 -0.9788
vn 0.0051 -0.2046 -0.9788
vn -0.0056 -0.1793 -0.9838
vn -0.0059 -0.2051 -0.9787
vn -0.0055 -0.1321 -0.9912
vn 0.0060 -0.9932 -0.1162
vn -0.0002 -0.9933 -0.1158
vn -0.0001 -0.9975 -0.0700
vn 0.0059 -0.9975 -0.0705
vn 0.0059 -0.9995 -0.0310
vn -0.0062 -0.9976 -0.0695
vn -0.0061 -0.9995 -0.0300
vn -0.0065 -0.9933 -0.1153
vn 0.9973 0.0468 -0.0568
vn 0.9977 0.0428 -0.0519
vn 0.9966 0.0554 -0.0602
vn 0.0016 -0.9642 0.2653
vn -0.0043 -0.9643 0.2646
vn -0.0085 -0.9307 0.3658
vn -0.0028 -0.9301 0.3672
vn -0.0128 -0.8818 0.4714
vn -0.0073 -0.8812 0.4727
vn 0.0057 -0.9633 -0.2682
vn 0.0056 -0.9361 -0.3518
vn -0.0013 -0.9358 -0.3524
vn -0.0010 -0.9633 -0.2683
vn -0.0082 -0.9356 -0.3530
vn -0.0078 -0.9633 -0.2682
vn -0.0010 -0.9018 -0.4321
vn -0.0082 -0.9010 -0.4337
vn 0.0059 -0.9026 -0.4304
vn 0.0065 -0.8524 -0.5228
vn -0.0005 -0.8507 -0.5257
vn -0.0078 -0.8489 -0.5285
vn -0.0001 -0.7724 -0.6351
vn -0.0073 -0.7698 -0.6383
vn 0.0071 -0.7750 -0.6320
vn 0.0073 -0.6760 -0.7369
vn 0.0002 -0.6736 -0.7391
vn -0.0068 -0.6710 -0.7414
vn 0.0004 -0.5688 -0.8225
vn -0.0065 -0.5671 -0.8236
vn 0.0073 -0.5703 -0.8214
vn 0.0068 -0.4521 -0.8919
vn 0.0002 -0.4513 -0.8924
vn -0.0064 -0.4503 -0.8929
vn -0.0003 -0.2652 -0.9642
vn -0.0062 -0.2643 -0.9644
vn 0.0056 -0.2653 -0.9641
vn -0.0006 -0.9831 -0.1832
vn 0.0059 -0.9830 -0.1834
vn -0.0071 -0.9831 -0.1827
vn 0.0045 -0.0936 -0.9956
vn -0.0006 -0.0937 -0.9956
vn -0.0057 -0.0935 -0.9956
vn -0.9989 -0.0448 0.0112
vn -0.9989 -0.0447 0.0112
vn -0.9988 -0.0469 0.0124
vn -0.9988 -0.0472 0.0125
vn -0.9988 -0.0480 0.0133
vn -0.9987 -0.0485 0.0134
vn -0.9988 -0.0449 0.0196
vn -0.9987 -0.0458 0.0205
vn -0.9989 -0.0432 0.0182
vn -0.9992 -0.0381 0.0154
vn -0.9993 -0.0303 0.0220
vn -0.9991 -0.0365 0.0236
vn -0.9991 -0.0405 0.0160
vn -0.9987 -0.0400 0.0300
vn -0.9989 -0.0412 0.0223
vn -0.9979 -0.0434 0.0483
vn -0.9973 -0.0493 0.0549
vn -0.9964 -0.0598 0.0596
vn -0.9970 -0.0547 0.0544
vn -0.9950 -0.0727 0.0678
vn -0.9953 -0.0708 0.0659
vn -0.9962 -0.0583 0.0643
vn -0.9953 -0.0678 0.0691
vn -0.9969 -0.0492 0.0613
vn -0.9967 -0.0278 0.0760
vn -0.9970 -0.0266 0.0727
vn -0.9974 -0.0128 0.0715
vn -0.9971 -0.0133 0.0745
vn -0.9976 -0.0027 0.0696
vn -0.9974 -0.0028 0.0714
vn -0.9976 -0.0043 0.0688
vn -0.9977 0.0050 0.0678
vn -0.9974 -0.0174 0.0698
vn -0.9977 0.0011 0.0677
vn -0.9977 0.0014 0.0678
vn -0.9977 0.0081 0.0673
vn -0.9972 -0.0458 0.0589
vn -0.9971 -0.0471 0.0605
vn -0.9973 -0.0462 0.0565
vn -0.9978 -0.0421 0.0516
vn -0.9971 -0.0448 0.0618
vn -0.9970 -0.0436 0.0633
vn 0.0058 -1.0000 0.0052
vn 0.0058 -0.9994 0.0334
vn -0.0060 -1.0000 0.0062
vn -0.0059 -0.9994 0.0344
vn -0.9987 -0.0322 0.0403
vn -0.9985 -0.0339 0.0423
vn -0.9982 -0.0381 0.0457
vn -0.9984 -0.0366 0.0439
vn -0.9977 -0.0433 0.0514
vn -0.9977 -0.0437 0.0519
vn -0.9979 -0.0376 0.0521
vn -0.9976 -0.0407 0.0553
vn -0.9981 -0.0345 0.0504
vn -0.9972 -0.0476 0.0575
vn -0.9969 -0.0499 0.0603
vn -0.9969 -0.0494 0.0617
vn -0.9965 -0.0523 0.0653
vn -0.9973 -0.0431 0.0591
vn -0.9971 -0.0440 0.0621
vn 0.0063 0.9933 0.1156
vn -0.0063 0.9932 0.1165
vn -0.9968 -0.0489 0.0628
vn -0.9966 -0.0504 0.0648
vn -0.9970 -0.0439 0.0636
vn -0.9943 -0.0780 0.0726
vn -0.9942 -0.0789 0.0734
vn -0.9945 -0.0743 0.0740
vn -0.9942 -0.0764 0.0761
vn -0.9950 -0.0701 0.0715
vn -0.9953 -0.0650 0.0720
vn -0.9990 -0.0428 0.0118
vn -0.9990 -0.0423 0.0117
vn -0.9989 -0.0421 0.0184
vn -0.9987 -0.0335 0.0394
vn -0.9987 -0.0331 0.0388
vn -0.9986 -0.0326 0.0417
vn -0.9986 -0.0322 0.0412
vn -0.9982 -0.0329 0.0493
vn -0.9984 -0.0328 0.0459
vn -0.9955 -0.0563 0.0767
vn -0.9958 -0.0542 0.0739
vn -0.9965 -0.0410 0.0734
vn -0.9962 -0.0427 0.0765
vn -0.9970 -0.0313 0.0706
vn -0.9965 -0.0442 0.0712
vn 0.0058 0.9977 -0.0678
vn -0.0059 0.9977 -0.0670
vn 0.0059 0.9977 -0.0678
vn -0.0017 -0.9799 0.1996
vn 0.0042 -0.9799 0.1996
vn -0.0080 -0.9798 0.1996
vn -0.9951 -0.0656 0.0742
vn -0.9947 -0.0678 0.0767
vn -0.9959 -0.0557 0.0718
vn 0.0058 -0.9982 0.0594
vn -0.0060 -0.9982 0.0604
vn 0.0050 0.0306 0.9995
vn 0.0048 -0.0055 1.0000
vn -0.0049 0.0303 0.9995
vn -0.0047 -0.0058 1.0000
vn 0.0060 0.9977 -0.0678
vn -0.0060 0.9977 -0.0670
vn 0.9986 0.0326 -0.0416
vn 0.9986 0.0321 -0.0410
vn 0.9987 0.0331 -0.0387
vn 0.9987 0.0335 -0.0393
vn 0.9988 0.0331 -0.0348
vn 0.9990 0.0327 -0.0301
vn 0.9955 0.0563 -0.0767
vn 0.9958 0.0542 -0.0739
vn 0.9951 0.0656 -0.0742
vn 0.9947 0.0679 -0.0767
vn 0.9948 0.0718 -0.0728
vn 0.9955 0.0608 -0.0723
vn 0.9965 0.0410 -0.0734
vn 0.9962 0.0427 -0.0765
vn 0.9963 0.0481 -0.0716
vn -0.0004 -0.0979 -0.9952
vn 0.0052 -0.0976 -0.9952
vn -0.0057 -0.0982 -0.9951
vn 0.1072 -0.7515 0.6509
vn 0.1022 -0.6518 0.7515
vn 0.0992 -0.5110 0.8538
vn -0.0134 -0.6577 0.7531
vn -0.0196 -0.5167 0.8560
vn -0.0107 -0.7571 0.6532
vn 0.9990 0.0340 -0.0280
vn 0.9988 0.0433 -0.0245
vn 0.9989 0.0421 -0.0189
vn 0.9992 0.0327 -0.0217
vn -0.0280 -0.2778 0.9602
vn -0.0324 -0.2772 0.9603
vn -0.0300 -0.2451 0.9690
vn -0.0255 -0.2450 0.9692
vn -0.0174 -0.2449 0.9694
vn -0.0192 -0.2449 0.9694
vn -0.0244 -0.2449 0.9692
vn 0.9989 0.0418 -0.0190
vn -0.9982 -0.0581 0.0154
vn -0.9981 -0.0603 0.0136
vn -0.9981 -0.0594 0.0139
vn -0.9982 -0.0575 0.0153
vn -0.9979 -0.0610 0.0196
vn -0.9980 -0.0599 0.0191
vn -0.9980 -0.0618 0.0120
vn -0.9978 -0.0634 0.0188
vn -0.9980 -0.0621 0.0117
vn 0.0084 0.0699 -0.9975
vn 0.0084 0.0959 -0.9954
vn 0.0021 0.0954 -0.9954
vn 0.0022 0.0693 -0.9976
vn -0.0042 0.0949 -0.9955
vn -0.0042 0.0686 -0.9976
vn 0.0022 0.1073 -0.9942
vn -0.0042 0.1071 -0.9942
vn 0.0085 0.1076 -0.9942
vn -0.0036 0.1899 -0.9818
vn -0.0033 0.1726 -0.9850
vn 0.0034 0.1729 -0.9849
vn 0.0035 0.1902 -0.9817
vn -0.0295 -0.2451 0.9691
vn -0.9981 -0.0585 0.0205
vn -0.9983 -0.0567 0.0132
vn 0.0099 0.1731 -0.9848
vn 0.0106 0.1904 -0.9816
vn 0.9991 0.0268 -0.0321
vn 0.9994 0.0255 -0.0251
vn -0.9983 -0.0567 0.0131
vn -0.0157 -0.2474 0.9688
vn -0.0233 -0.2474 0.9686
vn 0.9994 0.0257 -0.0250
vn -0.0042 0.1954 -0.9807
vn 0.0035 0.1957 -0.9807
vn -0.0292 -0.2475 0.9684
vn -0.0284 -0.2503 0.9677
vn -0.0221 -0.2503 0.9679
vn -0.9985 -0.0493 0.0257
vn -0.9987 -0.0472 0.0182
vn 0.0112 0.1958 -0.9806
vn 0.9990 0.0255 -0.0363
vn 0.9993 0.0242 -0.0286
vn -0.9987 -0.0469 0.0183
vn -0.6928 -0.7206 0.0285
vn -0.9981 -0.0462 0.0399
vn -0.9986 -0.0432 0.0310
vn -0.6919 -0.7216 0.0232
vn 0.9993 0.0246 -0.0285
vn 0.9992 0.0257 -0.0319
vn 0.9992 0.0252 -0.0319
vn -0.0051 0.1959 -0.9806
vn 0.0033 0.1962 -0.9806
vn -0.9986 -0.0423 0.0311
vn -0.6924 -0.7212 0.0232
vn -0.9984 -0.0467 0.0331
vn -0.9987 -0.0441 0.0250
vn 0.0116 0.1964 -0.9805
vn 0.0118 0.1981 -0.9801
vn 0.0030 0.1979 -0.9802
vn 0.7178 -0.6956 -0.0307
vn 0.9988 0.0264 -0.0401
vn 0.7157 -0.6980 -0.0238
vn -0.9987 -0.0435 0.0251
vn -0.0084 -0.7900 0.6131
vn -0.0140 -0.2503 0.9681
vn -0.0137 -0.7916 0.6109
vn 0.7159 -0.6977 -0.0238
vn -0.0048 -0.6305 -0.7762
vn -0.0059 0.1976 -0.9803
vn 0.0023 -0.6326 -0.7745
vn -0.0178 -0.7903 0.6124
vn -0.9981 -0.0616 0.0056
vn -0.9919 -0.0389 -0.1211
vn -0.9917 -0.0295 -0.1250
vn -0.9984 -0.0554 0.0068
vn 0.0095 -0.6303 -0.7763
vn 0.0047 -0.0107 0.9999
vn 0.0047 -0.0100 0.9999
vn -0.0047 -0.0103 0.9999
vn -0.0047 -0.0110 0.9999
vn 0.9983 0.0560 -0.0159
vn 0.9983 0.0556 -0.0154
vn 0.9986 0.0492 -0.0171
vn 0.9986 0.0498 -0.0172
vn 0.9990 0.0416 -0.0189
vn 0.9988 0.0467 -0.0115
vn 0.9991 0.0397 -0.0130
vn 0.9990 0.0332 -0.0291
vn 0.9990 0.0340 -0.0298
vn 0.9994 0.0342 -0.0049
vn 0.9994 0.0332 -0.0047
vn 0.7188 -0.6953 -0.0003
vn 0.7191 -0.6949 -0.0003
vn 0.9995 0.0324 0.0057
vn 0.7207 -0.6932 0.0072
vn 0.9993 0.0326 -0.0194
vn -0.9984 -0.0537 0.0177
vn -0.9983 -0.0554 0.0181
vn -0.9981 -0.0591 0.0153
vn -0.9983 -0.0571 0.0127
vn -0.9982 -0.0591 0.0093
vn -0.9986 -0.0464 0.0246
vn -0.9984 -0.0524 0.0199
vn -0.9988 -0.0419 0.0237
vn -0.9993 -0.0341 0.0165
vn -0.9993 -0.0332 0.0160
vn -0.9990 -0.0332 0.0291
vn -0.9990 -0.0340 0.0299
vn -0.9988 -0.0327 0.0368
vn -0.9992 -0.0327 0.0248
vn 0.9992 0.0324 -0.0213
vn 0.9869 0.0217 -0.1597
vn 0.9864 0.0254 -0.1623
vn 0.9990 0.0403 -0.0180
vn 0.9860 0.0238 -0.1650
vn 0.9989 0.0439 -0.0180
vn 0.6875 -0.0419 -0.7249
vn 0.6862 -0.0641 -0.7245
vn 0.6946 -0.0230 -0.7190
vn 0.1303 -0.0612 -0.9896
vn 0.1263 -0.0922 -0.9877
vn 0.1258 -0.1253 -0.9841
vn -0.0219 -0.7546 0.6558
vn -0.0244 -0.6569 0.7536
vn -0.0186 -0.6573 0.7534
vn -0.0160 -0.7559 0.6545
vn -0.0249 -0.5170 0.8556
vn -0.0306 -0.5173 0.8552
vn 0.9990 0.0356 -0.0256
vn 0.9787 0.0305 -0.2032
vn 0.9781 0.0300 -0.2061
vn 0.9986 0.0352 -0.0383
vn 0.9785 0.0273 -0.2045
vn 0.9983 0.0341 -0.0470
vn 0.6470 0.0022 -0.7625
vn 0.6509 -0.0043 -0.7592
vn 0.6458 0.0032 -0.7635
vn 0.1096 -0.0229 -0.9937
vn 0.1091 -0.0243 -0.9937
vn 0.1094 -0.0326 -0.9935
vn 0.9858 0.0192 -0.1668
vn 0.9987 0.0466 -0.0196
vn 0.9863 0.0174 -0.1641
vn 0.9986 0.0479 -0.0204
vn 0.6869 -0.0961 -0.7204
vn 0.6862 -0.1143 -0.7183
vn 0.1268 -0.1713 -0.9770
vn 0.1243 -0.1970 -0.9725
vn 0.9964 0.0218 -0.0820
vn 0.9885 -0.1341 -0.0698
vn 0.9873 -0.1466 -0.0617
vn 0.9968 0.0063 -0.0794
vn 0.9870 -0.1528 -0.0505
vn 0.9973 -0.0047 -0.0738
vn 0.6975 -0.7158 0.0332
vn 0.6981 -0.7133 0.0621
vn 0.6999 -0.7142 0.0064
vn 0.1351 -0.9877 0.0791
vn 0.1353 -0.9843 0.1134
vn 0.1360 -0.9795 0.1487
vn 0.9877 -0.1516 -0.0383
vn 0.9977 -0.0091 -0.0672
vn 0.9891 -0.1452 -0.0225
vn 0.9982 -0.0088 -0.0599
vn 0.7012 -0.7066 0.0951
vn 0.7051 -0.6937 0.1473
vn 0.1354 -0.9725 0.1895
vn 0.1308 -0.9575 0.2570
vn 0.1534 -0.9506 -0.2698
vn 0.1561 -0.9224 -0.3534
vn 0.1579 -0.8876 -0.4326
vn 0.7457 -0.6087 -0.2709
vn 0.7469 -0.5764 -0.3315
vn 0.7438 -0.6337 -0.2127
vn 0.9946 -0.0765 -0.0706
vn 0.9941 -0.0686 -0.0836
vn 0.9932 -0.0544 -0.1034
vn 0.9984 0.0330 -0.0467
vn 0.9974 0.0409 -0.0586
vn 0.9986 0.0318 -0.0414
vn 0.1602 -0.8358 -0.5252
vn 0.1618 -0.7570 -0.6331
vn 0.7498 -0.5270 -0.4000
vn 0.7496 -0.4650 -0.4711
vn 0.9915 -0.0359 -0.1249
vn 0.9900 -0.0216 -0.1395
vn 0.9962 0.0506 -0.0707
vn 0.9957 0.0553 -0.0747
vn 0.1612 -0.6584 -0.7352
vn 0.1578 -0.5551 -0.8167
vn 0.7461 -0.4016 -0.5310
vn 0.7398 -0.3441 -0.5782
vn 0.9896 -0.0167 -0.1428
vn 0.9900 -0.0190 -0.1399
vn 0.9964 0.0515 -0.0679
vn 0.9976 0.0416 -0.0553
vn 0.1515 -0.4393 -0.8855
vn 0.1353 -0.2522 -0.9582
vn 0.7333 -0.2774 -0.6208
vn 0.7164 -0.1578 -0.6796
vn 0.9902 -0.0196 -0.1384
vn 0.9888 -0.0075 -0.1492
vn 0.9985 0.0317 -0.0442
vn 0.9988 0.0280 -0.0411
vn 0.9948 -0.0734 -0.0701
vn 0.9979 0.0432 -0.0486
vn 0.9948 -0.0635 -0.0797
vn 0.9959 0.0630 -0.0642
vn 0.7417 -0.6502 -0.1646
vn 0.7373 -0.6623 -0.1330
vn 0.1492 -0.9710 -0.1869
vn 0.1444 -0.9818 -0.1233
vn 0.1158 -0.0859 -0.9896
vn 0.6709 -0.0445 -0.7402
vn 0.9827 0.0142 -0.1845
vn 0.9985 0.0308 -0.0461
vn -0.1289 -0.0709 -0.9891
vn -0.1244 -0.1029 -0.9869
vn -0.1238 -0.1367 -0.9829
vn -0.6883 -0.1000 -0.7185
vn -0.6859 -0.1274 -0.7165
vn -0.6996 -0.0710 -0.7110
vn -0.9908 -0.0407 -0.1293
vn -0.9882 -0.0555 -0.1427
vn -0.9871 -0.0654 -0.1462
vn -0.9991 -0.0419 0.0047
vn -0.9989 -0.0459 0.0041
vn -0.9994 -0.0338 0.0087
vn -0.1506 -0.7468 0.6478
vn -0.1506 -0.6526 0.7426
vn -0.1544 -0.5153 0.8430
vn -0.7129 -0.4789 0.5122
vn -0.7125 -0.3889 0.5840
vn -0.7154 -0.5354 0.4489
vn -0.9982 -0.0569 0.0176
vn -0.9984 -0.0533 0.0165
vn -0.9990 -0.0394 0.0218
vn -0.9989 -0.0434 0.0199
vn -0.1103 -0.0311 -0.9934
vn -0.1105 -0.0324 -0.9933
vn -0.1117 -0.0406 -0.9929
vn -0.6641 -0.0457 -0.7462
vn -0.6763 -0.0520 -0.7348
vn -0.6542 -0.0446 -0.7550
vn -0.9836 -0.0409 -0.1754
vn -0.9875 -0.0406 -0.1525
vn -0.9906 -0.0413 -0.1305
vn -0.9991 -0.0356 0.0223
vn -0.9989 -0.0347 0.0330
vn -0.9993 -0.0361 0.0073
vn -0.1250 -0.1835 -0.9750
vn -0.1297 -0.2095 -0.9692
vn -0.6862 -0.1638 -0.7087
vn -0.7020 -0.1810 -0.6888
vn -0.9866 -0.0762 -0.1442
vn -0.9872 -0.0806 -0.1374
vn -0.9988 -0.0492 0.0056
vn -0.9987 -0.0508 0.0067
vn -0.1369 -0.9854 0.1016
vn -0.1391 -0.9810 0.1352
vn -0.1422 -0.9753 0.1687
vn -0.6872 -0.7118 0.1453
vn -0.6958 -0.6989 0.1656
vn -0.6793 -0.7236 0.1223
vn -0.9774 -0.1881 0.0965
vn -0.9804 -0.1702 0.0995
vn -0.9832 -0.1538 0.0985
vn -0.9964 -0.0227 0.0813
vn -0.9970 -0.0108 0.0760
vn -0.9958 -0.0386 0.0833
vn -0.1452 -0.9676 0.2067
vn -0.7031 -0.6858 0.1877
vn -0.9852 -0.1421 0.0962
vn -0.9864 -0.1336 0.0959
vn -0.9976 -0.0053 0.0697
vn -0.9980 -0.0044 0.0630
vn -0.9985 -0.0400 0.0384
vn -0.9897 -0.1431 0.0059
vn -0.9905 -0.1376 0.0031
vn -0.9983 -0.0405 0.0431
vn -0.9902 -0.1397 0.0080
vn -0.9974 -0.0477 0.0546
vn -0.7376 -0.6439 -0.2032
vn -0.7418 -0.6240 -0.2457
vn -0.7300 -0.6663 -0.1519
vn -0.1554 -0.9538 -0.2571
vn -0.1599 -0.9265 -0.3406
vn -0.1622 -0.8934 -0.4190
vn -0.9897 -0.1425 0.0130
vn -0.9962 -0.0569 0.0665
vn -0.9902 -0.1396 0.0075
vn -0.9956 -0.0614 0.0702
vn -0.7474 -0.5953 -0.2949
vn -0.7509 -0.5510 -0.3640
vn -0.1634 -0.8437 -0.5113
vn -0.1629 -0.7672 -0.6204
vn -0.9919 -0.1268 -0.0113
vn -0.9964 -0.0573 0.0629
vn -0.9935 -0.1072 -0.0369
vn -0.9977 -0.0469 0.0494
vn -0.7518 -0.4883 -0.4431
vn -0.7486 -0.4156 -0.5166
vn -0.1604 -0.6699 -0.7249
vn -0.1567 -0.5661 -0.8093
vn -0.9945 -0.0861 -0.0602
vn -0.9987 -0.0363 0.0371
vn -0.9947 -0.0654 -0.0788
vn -0.9990 -0.0312 0.0326
vn -0.7452 -0.3316 -0.5785
vn -0.7361 -0.2052 -0.6451
vn -0.1513 -0.4484 -0.8809
vn -0.1369 -0.2596 -0.9559
vn -0.1479 -0.9741 -0.1711
vn -0.1412 -0.9846 -0.1029
vn -0.7127 -0.6958 -0.0892
vn -0.6914 -0.7217 -0.0327
vn -0.9863 -0.1635 0.0220
vn -0.9799 -0.1940 0.0460
vn -0.9975 -0.0525 0.0464
vn -0.9953 -0.0736 0.0627
vn -0.9930 -0.0484 -0.1079
vn -0.9989 -0.0323 0.0345
vn -0.6990 -0.0915 -0.7093
vn -0.1187 -0.0934 -0.9885
vn -0.9871 -0.1310 0.0920
vn -0.9856 -0.1333 0.1039
vn -0.9852 -0.1213 0.1212
vn -0.9873 -0.1265 0.0964
vn -0.9882 -0.1214 0.0936
vn -0.9986 -0.0067 0.0533
vn -0.9991 -0.0131 0.0410
vn 0.1253 0.2083 0.9700
vn 0.1269 0.1859 0.9743
vn 0.1279 0.1997 0.9715
vn 0.6896 0.1620 0.7058
vn 0.6855 0.1729 0.7072
vn 0.6951 0.1786 0.6964
vn 0.9891 0.0732 0.1281
vn 0.9878 0.0708 0.1389
vn 0.9868 0.0747 0.1436
vn 0.1284 0.4447 0.8864
vn 0.1249 0.2910 0.9485
vn 0.7060 0.2392 0.6666
vn 0.7205 0.3473 0.6002
vn 0.9918 0.1017 0.0776
vn 0.9907 0.0843 0.1072
vn 0.1428 0.9897 0.0049
vn 0.1444 0.9840 0.1041
vn 0.1452 0.9591 0.2428
vn 0.7245 0.6888 0.0259
vn 0.7339 0.6690 0.1178
vn 0.7130 0.7001 -0.0400
vn 0.9882 0.1382 -0.0663
vn 0.9896 0.1325 -0.0554
vn 0.9909 0.1287 -0.0400
vn 0.9977 0.0119 -0.0665
vn 0.1102 -0.0072 0.9939
vn 0.1103 -0.0065 0.9939
vn 0.1110 -0.0017 0.9938
vn 0.6661 0.0138 0.7458
vn 0.6762 0.0178 0.7365
vn 0.6556 0.0128 0.7550
vn 0.9834 0.0296 0.1788
vn 0.9867 0.0300 0.1599
vn 0.9894 0.0309 0.1422
vn 0.9995 0.0325 -0.0057
vn 0.1283 0.2333 0.9639
vn 0.1247 0.2521 0.9596
vn 0.6835 0.1987 0.7024
vn 0.6730 0.2154 0.7076
vn 0.9862 0.0824 0.1439
vn 0.9856 0.0871 0.1447
vn 0.1369 0.9877 -0.0756
vn 0.1385 0.9876 -0.0737
vn 0.1399 0.9879 -0.0670
vn 0.6869 0.7207 -0.0932
vn 0.6947 0.7139 -0.0885
vn 0.6794 0.7276 -0.0946
vn 0.9797 0.1846 -0.0786
vn 0.9825 0.1697 -0.0775
vn 0.9848 0.1563 -0.0757
vn 0.1413 0.9888 -0.0471
vn 0.7027 0.7075 -0.0749
vn 0.9866 0.1461 -0.0726
vn 0.1409 0.7901 0.5966
vn 0.1351 0.6311 0.7639
vn 0.7326 0.4699 0.4925
vn 0.7384 0.5674 0.3646
vn 0.9921 0.1251 0.0121
vn 0.9921 0.1175 0.0446
vn 0.9983 0.0403 -0.0414
vn 0.9790 0.1944 -0.0608
vn 0.9833 0.1766 -0.0440
vn 0.9866 0.1613 -0.0249
vn 0.7007 0.7099 0.0714
vn 0.7139 0.6770 0.1790
vn 0.6851 0.7283 -0.0149
vn 0.1390 0.9896 0.0380
vn 0.1488 0.9756 0.1615
vn 0.1574 0.9357 0.3157
vn 0.9892 0.1467 -0.0048
vn 0.9910 0.1329 0.0152
vn 0.7249 0.6241 0.2917
vn 0.7309 0.5553 0.3968
vn 0.1631 0.8639 0.4766
vn 0.1651 0.7643 0.6234
vn 0.9924 0.1178 0.0356
vn 0.9933 0.1003 0.0569
vn 0.7324 0.4708 0.4918
vn 0.7292 0.3721 0.5743
vn 0.1634 0.6400 0.7508
vn 0.1580 0.4956 0.8541
vn 0.9937 0.0818 0.0760
vn 0.9923 0.0547 0.1107
vn 0.7235 0.2718 0.6345
vn 0.7006 0.1477 0.6981
vn 0.1494 0.3511 0.9243
vn 0.1343 0.1811 0.9743
vn 0.1313 0.9905 -0.0405
vn 0.1284 0.9892 -0.0701
vn 0.6719 0.7373 -0.0698
vn 0.6643 0.7420 -0.0905
vn 0.9747 0.2112 -0.0729
vn 0.9718 0.2224 -0.0784
vn 0.9910 0.0354 0.1292
vn 0.6860 0.0456 0.7262
vn 0.1168 0.0367 0.9925
vn -0.9870 -0.0129 0.1599
vn -0.9866 -0.0152 0.1624
vn -0.9860 -0.0132 0.1661
vn -0.6861 0.1016 0.7203
vn -0.6826 0.1122 0.7221
vn -0.6901 0.1162 0.7143
vn -0.1241 0.1970 0.9725
vn -0.1257 0.1747 0.9766
vn -0.1266 0.1883 0.9739
vn -0.9882 0.0129 0.1525
vn -0.9875 -0.0038 0.1573
vn -0.6982 0.1715 0.6950
vn -0.7096 0.2742 0.6491
vn -0.1259 0.4313 0.8934
vn -0.1234 0.2789 0.9524
vn -0.9881 0.1370 0.0699
vn -0.9894 0.1187 0.0836
vn -0.9905 0.0963 0.0983
vn -0.7235 0.6777 0.1316
vn -0.7322 0.6424 0.2263
vn -0.7127 0.6989 0.0602
vn -0.1434 0.9894 0.0248
vn -0.1453 0.9815 0.1250
vn -0.1464 0.9533 0.2641
vn -0.9782 -0.0335 0.2049
vn -0.9773 -0.0335 0.2094
vn -0.9769 -0.0331 0.2113
vn -0.6461 -0.0284 0.7627
vn -0.6485 -0.0251 0.7608
vn -0.6451 -0.0288 0.7635
vn -0.1094 -0.0143 0.9939
vn -0.1089 -0.0135 0.9940
vn -0.1090 -0.0088 0.9940
vn -0.9856 -0.0090 0.1687
vn -0.9854 -0.0066 0.1699
vn -0.6811 0.1361 0.7195
vn -0.6871 0.1473 0.7114
vn -0.1271 0.2214 0.9669
vn -0.1309 0.2397 0.9620
vn -0.9889 0.1367 0.0575
vn -0.9876 0.1464 0.0571
vn -0.9868 0.1512 0.0577
vn -0.6999 0.7143 0.0003
vn -0.7001 0.7140 0.0054
vn -0.7020 0.7122 -0.0010
vn -0.1394 0.9886 -0.0573
vn -0.1401 0.9886 -0.0552
vn -0.1409 0.9888 -0.0482
vn -0.9870 0.1483 0.0611
vn -0.7041 0.7098 0.0209
vn -0.1419 0.9895 -0.0279
vn -0.9899 0.0545 0.1307
vn -0.9890 0.0340 0.1438
vn -0.7213 0.3984 0.5665
vn -0.7303 0.5065 0.4584
vn -0.1393 0.7770 0.6138
vn -0.1321 0.6168 0.7760
vn -0.1442 0.9879 0.0575
vn -0.1531 0.9712 0.1828
vn -0.1604 0.9275 0.3376
vn -0.7292 0.6641 0.1650
vn -0.7318 0.6252 0.2714
vn -0.7241 0.6853 0.0779
vn -0.9943 0.0817 0.0682
vn -0.9938 0.0751 0.0823
vn -0.9929 0.0654 0.0993
vn -0.1643 0.8518 0.4975
vn -0.1646 0.7492 0.6416
vn -0.7326 0.5647 0.3800
vn -0.7295 0.4901 0.4772
vn -0.9919 0.0530 0.1157
vn -0.9907 0.0404 0.1300
vn -0.1614 0.6234 0.7650
vn -0.1548 0.4792 0.8639
vn -0.7227 0.4029 0.5616
vn -0.7120 0.3054 0.6323
vn -0.9893 0.0277 0.1431
vn -0.9876 0.0147 0.1565
vn -0.1457 0.3364 0.9304
vn -0.1300 0.1697 0.9769
vn -0.7005 0.2091 0.6823
vn -0.6718 0.0952 0.7346
vn -0.9856 0.0021 0.1693
vn -0.9803 -0.0169 0.1966
vn -0.9948 0.0819 0.0610
vn -0.9950 0.0790 0.0608
vn -0.7211 0.6924 0.0235
vn -0.7210 0.6930 0.0046
vn -0.1366 0.9904 -0.0225
vn -0.1338 0.9896 -0.0526
vn -0.1140 0.0286 0.9931
vn -0.6557 0.0002 0.7550
vn -0.9776 -0.0302 0.2085
vn 0.9944 -0.0606 -0.0869
vn 0.9943 0.0748 -0.0757
vn 0.9937 -0.0701 -0.0871
vn 0.9941 0.0735 -0.0804
vn 0.7310 -0.6736 -0.1092
vn 0.7234 -0.6854 -0.0832
vn 0.1408 -0.9868 -0.0797
vn 0.1380 -0.9896 -0.0407
vn 0.9928 -0.0864 -0.0832
vn 0.9946 0.0646 -0.0818
vn 0.9915 -0.1033 -0.0789
vn 0.9953 0.0522 -0.0822
vn 0.7151 -0.6967 -0.0567
vn 0.7084 -0.7049 -0.0354
vn 0.1360 -0.9907 -0.0049
vn 0.1353 -0.9905 0.0229
vn 0.9901 -0.1190 -0.0749
vn 0.9959 0.0377 -0.0823
vn 0.7036 -0.7104 -0.0162
vn 0.1352 -0.9896 0.0487
vn -0.1376 -0.9889 -0.0567
vn -0.1354 -0.9906 -0.0174
vn -0.6782 -0.7349 0.0054
vn -0.6716 -0.7401 0.0348
vn -0.9745 -0.2153 0.0639
vn -0.9721 -0.2227 0.0740
vn -0.9934 -0.0868 0.0747
vn -0.9930 -0.0869 0.0798
vn -0.1342 -0.9908 0.0179
vn -0.1345 -0.9899 0.0454
vn -0.6683 -0.7414 0.0605
vn -0.6692 -0.7387 0.0808
vn -0.9717 -0.2220 0.0812
vn -0.9727 -0.2153 0.0867
vn -0.9935 -0.0795 0.0817
vn -0.9943 -0.0681 0.0826
vn -0.1355 -0.9882 0.0711
vn -0.6733 -0.7326 0.0999
vn -0.9748 -0.2035 0.0914
vn -0.9951 -0.0543 0.0831
vn 0.1291 0.9888 -0.0747
vn 0.1305 0.9886 -0.0755
vn 0.6615 0.7440 -0.0939
vn 0.6617 0.7438 -0.0944
vn 0.9706 0.2271 -0.0801
vn 0.9709 0.2254 -0.0804
vn 0.1321 0.9883 -0.0756
vn 0.1337 0.9881 -0.0757
vn 0.6640 0.7417 -0.0946
vn 0.6679 0.7382 -0.0946
vn 0.9724 0.2192 -0.0802
vn 0.9744 0.2100 -0.0798
vn 0.1353 0.9879 -0.0758
vn 0.6730 0.7335 -0.0947
vn 0.9769 0.1984 -0.0793
vn -0.9948 0.0820 0.0611
vn -0.9941 0.0905 0.0607
vn -0.7198 0.6942 0.0017
vn -0.7168 0.6973 0.0009
vn -0.1345 0.9893 -0.0571
vn -0.1357 0.9891 -0.0577
vn -0.9930 0.1014 0.0600
vn -0.9918 0.1131 0.0592
vn -0.7130 0.7012 0.0003
vn -0.7091 0.7051 -0.0002
vn -0.1368 0.9889 -0.0577
vn -0.1378 0.9888 -0.0576
vn -0.9904 0.1251 0.0583
vn -0.7053 0.7089 -0.0007
vn -0.1387 0.9887 -0.0576
vn 0.9984 0.0535 -0.0172
vn 0.9985 0.0532 -0.0159
vn 0.9990 0.0389 -0.0212
vn 0.9989 0.0415 -0.0231
vn 0.1233 -0.9245 0.3608
vn 0.7082 -0.6680 0.2286
vn 0.1170 -0.8761 0.4677
vn 0.7107 -0.6290 0.3151
vn -0.9934 -0.0182 -0.1130
vn -0.9997 -0.0192 0.0149
vn -0.9947 -0.0036 -0.1031
vn -0.9997 -0.0086 0.0215
vn -0.7160 -0.0254 -0.6976
vn -0.7241 0.0111 -0.6896
vn -0.1355 -0.0213 -0.9905
vn -0.1395 0.0211 -0.9900
vn 0.9988 0.0287 -0.0405
vn 0.9890 0.0372 -0.1433
vn 0.9881 0.0167 -0.1526
vn 0.9992 0.0134 -0.0382
vn 0.9875 0.0085 -0.1575
vn 0.9994 0.0087 -0.0324
vn 0.7121 0.0384 -0.7010
vn 0.7061 0.0194 -0.7078
vn 0.7189 0.0697 -0.6916
vn 0.1452 0.0737 -0.9867
vn 0.1444 0.0452 -0.9885
vn 0.1422 0.0231 -0.9896
vn 0.0081 0.0440 -0.9990
vn -0.1464 0.1621 -0.9759
vn -0.1443 0.1314 -0.9808
vn -0.0034 0.1415 -0.9899
vn -0.1435 0.1065 -0.9839
vn -0.0036 0.1158 -0.9933
vn -0.7259 0.0544 -0.6857
vn -0.7257 0.0381 -0.6869
vn -0.7242 0.0761 -0.6854
vn -0.9922 -0.0427 -0.1167
vn -0.9926 -0.0445 -0.1130
vn -0.9981 -0.0609 0.0072
vn 0.9867 0.0651 -0.1493
vn 0.9874 0.0692 -0.1427
vn 0.9984 0.0517 -0.0221
vn 0.9878 0.0719 -0.1381
vn 0.9981 0.0579 -0.0207
vn 0.7132 0.1341 -0.6880
vn 0.7139 0.1211 -0.6897
vn 0.7102 0.1490 -0.6881
vn 0.1500 0.1764 -0.9728
vn 0.1475 0.1468 -0.9781
vn 0.1460 0.1224 -0.9817
vn 0.0094 0.1419 -0.9898
vn 0.0090 0.1162 -0.9932
vn -0.7224 0.0932 -0.6852
vn -0.1503 0.1800 -0.9721
vn 0.9857 0.0590 -0.1580
vn 0.7079 0.1542 -0.6892
vn 0.1546 0.1921 -0.9691
vn 0.1122 -0.2401 0.9642
vn 0.1042 -0.2728 0.9564
vn -0.0222 -0.2782 0.9603
vn 0.6983 -0.1572 0.6984
vn 0.7016 -0.1743 0.6909
vn 0.9920 -0.0049 0.1264
vn 0.9927 0.0008 0.1208
vn 0.9994 0.0311 -0.0153
vn -0.9776 -0.0990 0.1856
vn -0.9805 -0.1056 0.1658
vn -0.6466 -0.2176 0.7311
vn -0.6620 -0.2418 0.7095
vn -0.1224 -0.2478 0.9610
vn -0.1266 -0.2776 0.9523
vn -0.9919 -0.0171 -0.1260
vn -0.9989 -0.0450 0.0116
vn -0.7228 0.1053 -0.6830
vn -0.1558 0.1868 -0.9700
vn 0.9844 0.0535 -0.1677
vn 0.7054 0.1526 -0.6922
vn 0.1595 0.1963 -0.9675
vn 0.1202 -0.2406 0.9632
vn 0.6989 -0.1619 0.6967
vn 0.9916 -0.0129 0.1291
vn 0.9995 0.0243 -0.0180
vn -0.9767 -0.0909 0.1943
vn -0.6492 -0.2116 0.7306
vn -0.1298 -0.2471 0.9602
vn -0.9990 -0.0409 0.0179
vn -0.9921 -0.0117 -0.1249
vn -0.9923 -0.0088 -0.1239
vn -0.9990 -0.0391 0.0231
vn -0.7250 0.1093 -0.6801
vn -0.7259 0.1125 -0.6785
vn -0.1618 0.1878 -0.9688
vn -0.1657 0.1897 -0.9678
vn 0.9828 0.0532 -0.1767
vn 0.7028 0.1518 -0.6950
vn 0.7008 0.1533 -0.6966
vn 0.1671 0.1981 -0.9658
vn 0.1639 0.1964 -0.9667
vn 0.1275 -0.2430 0.9616
vn 0.7011 -0.1642 0.6939
vn 0.7018 -0.1658 0.6928
vn 0.9909 -0.0159 0.1335
vn 0.9912 -0.0154 0.1314
vn 0.9995 0.0233 -0.0208
vn -0.9749 -0.0895 0.2039
vn -0.6515 -0.2106 0.7288
vn -0.6493 -0.2119 0.7304
vn -0.1411 -0.2517 0.9575
vn -0.1372 -0.2492 0.9587
vn 0.9994 0.0246 -0.0235
vn 0.7304 -0.6783 0.0804
vn 0.7178 -0.6960 -0.0187
vn 0.5567 -0.6712 0.4895
vn 0.1330 -0.2455 0.9602
vn 0.0933 -0.7632 0.6394
vn -0.6994 -0.7014 0.1378
vn -0.9726 -0.0906 0.2141
vn -0.4968 -0.6964 0.5179
vn -0.0940 -0.7712 0.6296
vn -0.1313 -0.6006 -0.7887
vn -0.5723 -0.5677 -0.5918
vn -0.7282 -0.6774 -0.1044
vn -0.6958 -0.7180 0.0168
vn 0.7394 -0.6553 -0.1542
vn 0.9814 0.0549 -0.1840
vn 0.5649 -0.5586 -0.6073
vn 0.1361 -0.5985 -0.7895
vn 0.9991 0.0263 -0.0319
vn 0.7162 -0.6975 -0.0238
vn 0.1445 0.8989 0.4137
vn 0.7408 0.6300 0.2330
vn 0.9919 0.1254 -0.0181
vn -0.9909 0.0727 0.1136
vn -0.9980 -0.0206 0.0602
vn -0.7369 0.5851 0.3386
vn -0.1449 0.8891 0.4342
vn 0.9980 0.0051 -0.0626
vn 0.9983 0.0032 -0.0580
vn 0.7165 0.1173 -0.6877
vn 0.9885 0.0720 -0.1333
vn 0.9981 0.0580 -0.0223
vn 0.9891 0.0692 -0.1301
vn 0.9982 0.0533 -0.0282
vn 0.7202 0.1151 -0.6841
vn 0.0087 0.1093 -0.9940
vn 0.0024 0.1091 -0.9940
vn -0.0039 0.1089 -0.9940
vn 0.0027 0.1160 -0.9932
vn 0.1455 0.1159 -0.9826
vn 0.1454 0.1141 -0.9828
vn 0.7082 -0.2373 0.6649
vn 0.9936 -0.0032 0.1133
vn 0.0031 0.1418 -0.9899
vn -0.7289 0.0334 -0.6838
vn -0.1436 0.0999 -0.9846
vn -0.1440 0.0982 -0.9847
vn -0.7351 0.0323 -0.6772
vn -0.7403 0.0286 -0.6717
vn -0.1444 0.0870 -0.9857
vn -0.1436 0.0634 -0.9876
vn -0.7384 0.0239 -0.6739
vn -0.0236 -0.3737 0.9273
vn 0.0997 -0.3683 0.9243
vn -0.0343 -0.3726 0.9274
vn -0.0292 -0.3732 0.9273
vn -0.6944 -0.2991 0.6545
vn -0.1450 -0.3703 0.9175
vn -0.9837 -0.1102 0.1420
vn -0.9987 -0.0427 0.0285
vn -0.9958 -0.0381 -0.0830
vn -0.9947 -0.0441 -0.0932
vn -0.9961 -0.0230 -0.0856
vn -0.9991 -0.0274 0.0314
vn -0.9934 -0.0450 -0.1055
vn 0.7031 0.0006 -0.7111
vn 0.9873 0.0132 -0.1585
vn 0.9995 0.0184 -0.0266
vn 0.7217 0.1008 -0.6849
vn 0.9894 0.0584 -0.1328
vn 0.9984 0.0437 -0.0360
vn 0.1373 -0.0155 -0.9904
vn -0.7304 0.0210 -0.6827
vn -0.9955 -0.0071 -0.0947
vn -0.9995 -0.0124 0.0279
vn 0.1452 0.1017 -0.9842
vn 0.0019 0.0436 -0.9990
vn -0.0043 0.0433 -0.9991
vn -0.1415 0.0410 -0.9891
vn 0.9987 0.0300 -0.0411
vn 0.9990 0.0225 -0.0376
vn 0.9910 -0.1335 0.0013
vn 0.9988 -0.0053 -0.0494
vn 0.9932 -0.1132 0.0276
vn 0.9993 0.0028 -0.0362
vn 0.9986 0.0340 -0.0398
vn 0.9989 0.0347 -0.0304
vn 0.9992 0.0359 -0.0150
vn 0.9994 0.0353 -0.0050
vn 0.7195 -0.6945 -0.0003
vn 0.7220 -0.6919 -0.0077
vn 0.9964 0.0291 -0.0796
vn 0.9958 0.0446 -0.0799
vn 0.9951 0.0585 -0.0798
vn 0.9944 0.0702 -0.0795
vn 0.9938 0.0786 -0.0783
vn 0.9988 0.0306 -0.0380
vn 0.9987 0.0317 -0.0405
vn 0.9983 0.0392 -0.0434
vn 0.9981 0.0394 -0.0479
vn 0.9973 0.0454 -0.0577
vn 0.9977 0.0438 -0.0515
vn 0.9985 0.0349 -0.0415
vn 0.9980 -0.0017 -0.0625
vn 0.9977 -0.0019 -0.0683
vn 0.9973 0.0029 -0.0734
vn 0.9940 0.0800 -0.0744
vn 0.9955 0.0694 -0.0645
vn 0.9964 0.0526 -0.0668
vn 0.9961 0.0557 -0.0688
vn 0.9969 0.0139 -0.0777
vn 0.9974 0.0509 -0.0504
vn 0.9967 0.0523 -0.0625
vn 0.9983 0.0566 -0.0159
vn 0.9986 0.0504 -0.0170
vn 0.9993 0.0250 -0.0285
vn 0.9994 0.0259 -0.0250
vn -0.9988 -0.0428 0.0252
vn -0.9987 -0.0414 0.0311
vn 0.9983 0.0550 -0.0177
vn 0.9986 0.0461 -0.0240
vn 0.9995 0.0147 -0.0279
vn 0.9992 0.0167 -0.0351
vn 0.9989 0.0260 -0.0386
vn 0.9987 0.0490 -0.0134
vn 0.9988 0.0476 -0.0125
vn 0.9989 0.0448 -0.0112
vn 0.9991 0.0415 -0.0116
vn 0.9993 0.0351 -0.0151
vn 0.9995 0.0236 -0.0209
vn 0.9989 0.0332 -0.0339
vn 0.9991 0.0272 -0.0317
vn -0.6928 -0.7208 0.0232
vn -0.9987 -0.0466 0.0184
vn -0.9980 -0.0624 0.0116
vn -0.9980 -0.0612 0.0132
vn -0.9992 -0.0351 0.0168
vn -0.9989 -0.0348 0.0304
vn -0.9986 -0.0340 0.0399
vn -0.9938 -0.0785 0.0782
vn -0.9944 -0.0702 0.0795
vn -0.9951 -0.0585 0.0798
vn -0.9958 -0.0446 0.0798
vn -0.9964 -0.0291 0.0796
vn -0.9987 -0.0318 0.0407
vn -0.9988 -0.0308 0.0384
vn -0.9955 -0.0692 0.0644
vn -0.9940 -0.0799 0.0744
vn -0.9960 -0.0555 0.0693
vn -0.9964 -0.0521 0.0669
vn -0.9973 -0.0447 0.0574
vn -0.9976 -0.0441 0.0524
vn -0.9966 -0.0524 0.0633
vn -0.9985 -0.0352 0.0422
vn -0.9981 -0.0387 0.0474
vn -0.9983 -0.0386 0.0431
vn -0.9973 -0.0030 0.0733
vn -0.9977 0.0016 0.0681
vn -0.9981 0.0013 0.0624
vn -0.9969 -0.0140 0.0777
vn -0.9975 -0.0505 0.0502
vn 0.9993 0.0206 -0.0322
vn 0.9996 0.0171 -0.0232
vn 0.9990 0.0083 -0.0428
vn -0.9993 -0.0355 0.0148
vn -0.9991 -0.0417 0.0115
vn -0.9995 -0.0240 0.0205
vn -0.9995 -0.0145 0.0275
vn -0.9988 -0.0476 0.0126
vn -0.9987 -0.0490 0.0136
vn -0.9993 -0.0158 0.0346
vn -0.9989 -0.0250 0.0385
vn -0.9986 -0.0193 0.0489
vn -0.9990 -0.0152 0.0426
vn -0.9991 -0.0191 0.0387
vn -0.9989 -0.0226 0.0410
vn -0.9989 -0.0331 0.0343
vn -0.9991 -0.0276 0.0323
vn -0.9985 -0.0021 0.0540
vn -0.9990 -0.0087 0.0432
vn -0.9993 -0.0254 0.0287
vn -0.9992 -0.0212 0.0328
vn 0.9951 -0.0849 0.0516
vn 0.7145 -0.5790 0.3928
vn 0.1124 -0.8199 0.5613
vn -0.0098 -0.8251 0.5649
vn -0.0213 -0.8246 0.5654
vn -0.1537 -0.8144 0.5596
vn -0.7213 -0.5701 0.3935
vn -0.9887 -0.1213 0.0886
vn -0.0153 -0.8249 0.5651
vn 0.9985 0.0017 -0.0540
vn -0.0032 -0.7156 -0.6985
vn 0.0034 -0.7155 -0.6986
vn -0.7174 -0.6813 0.1455
vn -0.4999 -0.6257 0.5988
vn -0.6978 -0.7162 0.0075
vn 0.0812 -0.6934 -0.7160
vn 0.5177 -0.6135 -0.5963
vn -0.7151 -0.6842 -0.1430
vn -0.6964 -0.7176 -0.0068
vn -0.6953 -0.7188 0.0003
vn 0.7382 -0.6582 0.1479
vn -0.4986 -0.6317 -0.5936
vn -0.6949 -0.7191 0.0003
vn 0.0034 -0.7098 0.7044
vn 0.5171 -0.6102 0.6002
vn -0.0033 -0.7099 0.7043
vn 0.7388 -0.6577 -0.1471
vn -0.0782 -0.6903 0.7193
vn -0.0777 -0.6963 -0.7136
vn -0.6945 -0.7195 0.0003
vn 0.0816 -0.6877 0.7214
vn -0.9994 -0.0342 0.0049
vn -0.9994 -0.0353 0.0050
vn -0.9993 -0.0364 -0.0052
vn 0.9992 0.0351 -0.0168
vn 0.9993 0.0341 -0.0164
vn -0.1098 -0.0143 0.9938
vn -0.6447 -0.0288 0.7639
vn -0.9791 -0.0335 0.2005
vn -0.9994 -0.0326 0.0146
vn 0.9808 0.0294 0.1930
vn 0.6479 0.0125 0.7616
vn 0.1103 -0.0072 0.9939
vn 0.0048 -0.0107 0.9999
vn -0.9805 -0.0412 -0.1920
vn -0.6477 -0.0445 -0.7606
vn 0.1100 -0.0229 -0.9937
vn 0.6454 0.0031 -0.7638
vn 0.9792 0.0306 -0.2004
vn -0.9994 -0.0332 0.0047
vn 0.9993 0.0332 -0.0159
vt 0.720612 0.398634
vt 0.719603 0.399547
vt 0.719633 0.397703
vt 0.724881 0.400607
vt 0.724313 0.400562
vt 0.723565 0.398576
vt 0.724167 0.398571
vt 0.953244 0.399586
vt 0.953204 0.402156
vt 0.931282 0.403353
vt 0.931709 0.400286
vt 0.866732 0.406815
vt 0.860978 0.405179
vt 0.860827 0.403922
vt 0.866576 0.405558
vt 0.925258 0.024695
vt 0.924583 0.030352
vt 0.899220 0.029571
vt 0.899549 0.023877
vt 0.905673 0.400167
vt 0.906877 0.386086
vt 0.932827 0.387117
vt 0.702958 0.312550
vt 0.703588 0.330645
vt 0.693715 0.330756
vt 0.693816 0.311901
vt 0.977487 0.378291
vt 0.982605 0.383416
vt 0.981519 0.383652
vt 0.976622 0.378902
vt 0.934121 0.369596
vt 0.955580 0.372217
vt 0.955223 0.373738
vt 0.933905 0.371109
vt 0.978156 0.341873
vt 0.977910 0.340942
vt 0.978922 0.340083
vt 0.979240 0.340836
vt 0.905138 0.403724
vt 0.723326 0.378675
vt 0.723636 0.375252
vt 0.724581 0.375036
vt 0.723923 0.378461
vt 0.859660 0.371295
vt 0.859632 0.372306
vt 0.858423 0.372527
vt 0.858455 0.371509
vt 0.857955 0.401662
vt 0.857565 0.401562
vt 0.857739 0.400563
vt 0.858197 0.400652
vt 0.857866 0.402243
vt 0.857457 0.402088
vt 0.859567 0.402996
vt 0.860707 0.403211
vt 0.727175 0.373608
vt 0.726372 0.373656
vt 0.727508 0.372310
vt 0.747241 0.375312
vt 0.746631 0.371543
vt 0.772014 0.370857
vt 0.772549 0.374414
vt 0.866432 0.404633
vt 0.855409 0.373145
vt 0.854758 0.373757
vt 0.854976 0.373089
vt 0.855307 0.372796
vt 0.856387 0.400520
vt 0.856634 0.401337
vt 0.856249 0.401353
vt 0.855784 0.400527
vt 0.727588 0.371345
vt 0.726446 0.371556
vt 0.727708 0.370633
vt 0.858297 0.402502
vt 0.858234 0.403558
vt 0.857836 0.403322
vt 0.732918 0.017356
vt 0.719093 0.018207
vt 0.718684 0.016420
vt 0.732712 0.015499
vt 0.704090 0.288076
vt 0.702071 0.287919
vt 0.702172 0.260467
vt 0.704232 0.260566
vt 0.953658 0.403481
vt 0.966093 0.400028
vt 0.966783 0.401353
vt 0.879405 0.110438
vt 0.867231 0.109934
vt 0.866954 0.083169
vt 0.879210 0.083656
vt 0.723794 0.374024
vt 0.723263 0.374027
vt 0.723511 0.373210
vt 0.723845 0.373118
vt 0.979796 0.110754
vt 0.980467 0.136898
vt 0.979295 0.136921
vt 0.978576 0.110760
vt 0.821648 0.367080
vt 0.821326 0.368325
vt 0.799251 0.366937
vt 0.799543 0.365653
vt 0.976831 0.392244
vt 0.977586 0.388793
vt 0.979076 0.388754
vt 0.977912 0.392779
vt 0.733645 0.159669
vt 0.733607 0.134120
vt 0.759046 0.133698
vt 0.759102 0.159283
vt 0.721833 0.400836
vt 0.722230 0.401451
vt 0.721574 0.400845
vt 0.725602 0.398838
vt 0.731813 0.400055
vt 0.731821 0.402069
vt 0.726421 0.400813
vt 0.857873 0.371452
vt 0.857895 0.372545
vt 0.725475 0.374765
vt 0.725127 0.374910
vt 0.725072 0.373901
vt 0.725443 0.373730
vt 0.725936 0.374109
vt 0.725722 0.374216
vt 0.725940 0.373551
vt 0.866035 0.398551
vt 0.860516 0.397281
vt 0.859616 0.386333
vt 0.866030 0.385675
vt 0.977239 0.042037
vt 0.977545 0.060609
vt 0.976782 0.060572
vt 0.976548 0.042013
vt 0.855407 0.399498
vt 0.856160 0.399295
vt 0.969516 0.373157
vt 0.978337 0.377455
vt 0.968937 0.374255
vt 0.724884 0.388441
vt 0.725804 0.378292
vt 0.727388 0.377274
vt 0.726475 0.388233
vt 0.848369 0.390936
vt 0.850010 0.385472
vt 0.851187 0.385361
vt 0.849456 0.391173
vt 0.733105 0.371151
vt 0.733315 0.369923
vt 0.747386 0.407991
vt 0.731887 0.405999
vt 0.731768 0.404881
vt 0.747234 0.406809
vt 0.710537 0.024151
vt 0.709591 0.024299
vt 0.709225 0.020415
vt 0.710096 0.020249
vt 0.724334 0.372461
vt 0.724744 0.372308
vt 0.724831 0.372886
vt 0.724441 0.372988
vt 0.864827 0.344141
vt 0.855219 0.344357
vt 0.855702 0.339177
vt 0.865139 0.338933
vt 0.954112 0.405035
vt 0.954461 0.406269
vt 0.932380 0.407654
vt 0.932112 0.406386
vt 0.842917 0.375321
vt 0.843823 0.374587
vt 0.849169 0.379591
vt 0.848079 0.380011
vt 0.974901 0.183881
vt 0.965823 0.183880
vt 0.965818 0.160966
vt 0.974691 0.160965
vt 0.899145 0.137397
vt 0.879602 0.137137
vt 0.898822 0.110887
vt 0.979332 0.307168
vt 0.978507 0.307154
vt 0.978961 0.283161
vt 0.979805 0.283164
vt 0.702902 0.233002
vt 0.695579 0.232880
vt 0.696025 0.207837
vt 0.703277 0.207805
vt 0.719212 0.344769
vt 0.718987 0.332889
vt 0.732726 0.333839
vt 0.732985 0.345416
vt 0.720950 0.401390
vt 0.721874 0.401959
vt 0.721591 0.402307
vt 0.706524 0.022067
vt 0.707652 0.020884
vt 0.708012 0.024770
vt 0.707016 0.025339
vt 0.852796 0.375018
vt 0.853791 0.375939
vt 0.852803 0.376859
vt 0.853631 0.373901
vt 0.853329 0.374603
vt 0.852798 0.374706
vt 0.852928 0.374374
vt 0.984252 0.325937
vt 0.981888 0.325846
vt 0.982351 0.307309
vt 0.984648 0.307452
vt 0.722461 0.375616
vt 0.722870 0.375891
vt 0.722523 0.377894
vt 0.722102 0.377477
vt 0.783976 0.350460
vt 0.758056 0.350670
vt 0.757776 0.345882
vt 0.783733 0.345833
vt 0.723127 0.388352
vt 0.722485 0.388345
vt 0.832954 0.374564
vt 0.832402 0.376845
vt 0.820108 0.375002
vt 0.820068 0.372433
vt 0.924019 0.041602
vt 0.950251 0.042165
vt 0.949707 0.060799
vt 0.923464 0.060396
vt 0.979746 0.393807
vt 0.974959 0.398129
vt 0.973756 0.396764
vt 0.758097 0.017093
vt 0.758053 0.015171
vt 0.784013 0.015362
vt 0.784024 0.017314
vt 0.772462 0.369427
vt 0.798613 0.369841
vt 0.798151 0.371233
vt 0.725900 0.374606
vt 0.726416 0.372979
vt 0.726423 0.372409
vt 0.747158 0.370027
vt 0.747431 0.368552
vt 0.772777 0.367829
vt 0.732893 0.388896
vt 0.732912 0.376012
vt 0.747854 0.389032
vt 0.799694 0.387465
vt 0.798578 0.374300
vt 0.820530 0.386292
vt 0.724723 0.403150
vt 0.724647 0.404049
vt 0.724129 0.403816
vt 0.724203 0.403010
vt 0.713703 0.018970
vt 0.712932 0.017367
vt 0.855266 0.023408
vt 0.848080 0.022814
vt 0.848059 0.020915
vt 0.855266 0.021396
vt 0.725311 0.378522
vt 0.724640 0.378345
vt 0.721394 0.387767
vt 0.832011 0.385658
vt 0.839753 0.379671
vt 0.839446 0.385612
vt 0.709871 0.261059
vt 0.710458 0.261068
vt 0.710070 0.288836
vt 0.709497 0.288811
vt 0.864861 0.370916
vt 0.880290 0.369107
vt 0.880170 0.370863
vt 0.864961 0.372512
vt 0.899462 0.206501
vt 0.879989 0.206606
vt 0.880414 0.183867
vt 0.899681 0.183871
vt 0.708001 0.342981
vt 0.707006 0.342415
vt 0.706764 0.330788
vt 0.707936 0.331133
vt 0.818990 0.052487
vt 0.818881 0.033799
vt 0.828985 0.034886
vt 0.829143 0.053582
vt 0.720247 0.401994
vt 0.719960 0.401280
vt 0.721210 0.402796
vt 0.976081 0.341236
vt 0.976180 0.342421
vt 0.975667 0.342208
vt 0.975567 0.341130
vt 0.853236 0.183858
vt 0.846577 0.183854
vt 0.846345 0.160229
vt 0.852859 0.160383
vt 0.722282 0.375050
vt 0.721604 0.376593
vt 0.856270 0.386209
vt 0.855517 0.376027
vt 0.856121 0.376027
vt 0.856937 0.386254
vt 0.906378 0.409210
vt 0.906125 0.407957
vt 0.932673 0.408939
vt 0.979829 0.206829
vt 0.979287 0.230843
vt 0.978364 0.230827
vt 0.978912 0.206820
vt 0.721792 0.401508
vt 0.722129 0.401809
vt 0.708351 0.020709
vt 0.707312 0.019141
vt 0.707870 0.018941
vt 0.721538 0.381796
vt 0.849230 0.329157
vt 0.843115 0.330189
vt 0.843681 0.311507
vt 0.850101 0.310352
vt 0.773749 0.388491
vt 0.747570 0.367445
vt 0.747710 0.366157
vt 0.773256 0.365373
vt 0.773003 0.366624
vt 0.713688 0.348778
vt 0.719073 0.349543
vt 0.718664 0.351327
vt 0.712917 0.350381
vt 0.804897 0.334681
vt 0.783383 0.334858
vt 0.783209 0.315595
vt 0.804835 0.315780
vt 0.805805 0.017732
vt 0.805838 0.015809
vt 0.819698 0.016586
vt 0.819670 0.018429
vt 0.710657 0.018223
vt 0.711423 0.019906
vt 0.710634 0.020208
vt 0.709974 0.018502
vt 0.859731 0.370272
vt 0.858386 0.370522
vt 0.707642 0.346864
vt 0.708340 0.347037
vt 0.707859 0.348803
vt 0.707302 0.348608
vt 0.858952 0.402158
vt 0.858365 0.401839
vt 0.858567 0.400822
vt 0.859063 0.400999
vt 0.725241 0.404080
vt 0.726590 0.404324
vt 0.726747 0.405411
vt 0.725276 0.405005
vt 0.721432 0.400872
vt 0.854038 0.374368
vt 0.854615 0.373732
vt 0.854184 0.374384
vt 0.733460 0.369001
vt 0.727862 0.369377
vt 0.733618 0.367746
vt 0.980371 0.336425
vt 0.979542 0.338594
vt 0.978849 0.336544
vt 0.829595 0.078380
vt 0.837003 0.054895
vt 0.837541 0.079524
vt 0.710610 0.183980
vt 0.709658 0.183979
vt 0.709661 0.160049
vt 0.710618 0.160039
vt 0.725830 0.372394
vt 0.859544 0.402146
vt 0.857277 0.370792
vt 0.857355 0.371592
vt 0.856713 0.371772
vt 0.856533 0.370966
vt 0.953668 0.388294
vt 0.954462 0.377621
vt 0.966239 0.380383
vt 0.965152 0.388929
vt 0.864863 0.346199
vt 0.855219 0.346368
vt 0.860629 0.402243
vt 0.821323 0.396963
vt 0.833096 0.394201
vt 0.833725 0.396237
vt 0.821566 0.399061
vt 0.858305 0.082562
vt 0.851009 0.081764
vt 0.850143 0.057404
vt 0.857459 0.058223
vt 0.977915 0.026853
vt 0.978927 0.027707
vt 0.978859 0.031239
vt 0.977922 0.031118
vt 0.852391 0.231861
vt 0.859384 0.231557
vt 0.858896 0.258364
vt 0.851863 0.258965
vt 0.714158 0.035645
vt 0.712159 0.036019
vt 0.712090 0.023960
vt 0.714063 0.023518
vt 0.706904 0.106993
vt 0.706568 0.079302
vt 0.707340 0.079184
vt 0.707695 0.106918
vt 0.856455 0.395878
vt 0.855631 0.386215
vt 0.857052 0.396093
vt 0.858933 0.396263
vt 0.858026 0.386123
vt 0.714140 0.332113
vt 0.714140 0.313941
vt 0.718684 0.314209
vt 0.898676 0.084220
vt 0.705883 0.345356
vt 0.706020 0.342333
vt 0.706515 0.345680
vt 0.725243 0.372712
vt 0.703596 0.037116
vt 0.693714 0.037001
vt 0.693395 0.025371
vt 0.703681 0.025292
vt 0.694580 0.260080
vt 0.722660 0.374020
vt 0.723126 0.373193
vt 0.723261 0.376223
vt 0.723032 0.375256
vt 0.856732 0.376007
vt 0.857501 0.386093
vt 0.864872 0.023623
vt 0.878343 0.023697
vt 0.878388 0.029149
vt 0.865184 0.028830
vt 0.732547 0.052998
vt 0.718703 0.053562
vt 0.719007 0.034870
vt 0.732753 0.033918
vt 0.732524 0.314772
vt 0.757599 0.315303
vt 0.757482 0.334566
vt 0.950043 0.256620
vt 0.923382 0.256610
vt 0.923564 0.230269
vt 0.949951 0.230395
vt 0.854537 0.386790
vt 0.853459 0.387268
vt 0.858760 0.375745
vt 0.864955 0.374524
vt 0.798982 0.368204
vt 0.974901 0.342413
vt 0.974502 0.341167
vt 0.704912 0.312694
vt 0.705152 0.288205
vt 0.705756 0.312828
vt 0.723464 0.400593
vt 0.722263 0.400734
vt 0.721666 0.398416
vt 0.722345 0.398555
vt 0.860298 0.400944
vt 0.859025 0.399946
vt 0.725872 0.371661
vt 0.725824 0.371967
vt 0.725419 0.372184
vt 0.725768 0.370623
vt 0.975578 0.026661
vt 0.975679 0.025591
vt 0.976190 0.025378
vt 0.976091 0.026556
vt 0.854674 0.392756
vt 0.923401 0.111148
vt 0.923328 0.084666
vt 0.747161 0.405470
vt 0.774461 0.405243
vt 0.774619 0.406684
vt 0.783779 0.021947
vt 0.757814 0.021882
vt 0.899182 0.338200
vt 0.924550 0.337424
vt 0.925224 0.343082
vt 0.899510 0.343892
vt 0.819286 0.023114
vt 0.829406 0.019444
vt 0.829158 0.024278
vt 0.954784 0.407516
vt 0.976965 0.400007
vt 0.976058 0.399271
vt 0.981224 0.394583
vt 0.982314 0.395004
vt 0.856630 0.374002
vt 0.857115 0.374048
vt 0.854478 0.374280
vt 0.951887 0.341902
vt 0.952431 0.343775
vt 0.925661 0.345139
vt 0.880362 0.399258
vt 0.880983 0.385542
vt 0.723952 0.400545
vt 0.722951 0.398556
vt 0.975595 0.031111
vt 0.976094 0.031046
vt 0.868223 0.206889
vt 0.868743 0.183864
vt 0.706030 0.025419
vt 0.705892 0.022393
vt 0.859574 0.373776
vt 0.907591 0.369332
vt 0.907749 0.367894
vt 0.846321 0.207486
vt 0.845958 0.232243
vt 0.838801 0.232849
vt 0.839105 0.207780
vt 0.859885 0.369187
vt 0.865144 0.367523
vt 0.865022 0.368586
vt 0.868238 0.160840
vt 0.859927 0.160526
vt 0.859414 0.136178
vt 0.867658 0.136640
vt 0.711052 0.024116
vt 0.723667 0.401986
vt 0.722816 0.401967
vt 0.836371 0.401427
vt 0.823095 0.404796
vt 0.822724 0.403567
vt 0.835792 0.400327
vt 0.724739 0.402051
vt 0.724227 0.402021
vt 0.933414 0.375045
vt 0.933540 0.372807
vt 0.954706 0.375521
vt 0.724558 0.404626
vt 0.858540 0.402365
vt 0.878574 0.040355
vt 0.865731 0.039668
vt 0.725176 0.372048
vt 0.732637 0.372544
vt 0.846783 0.390426
vt 0.848329 0.385663
vt 0.857132 0.403031
vt 0.856418 0.402528
vt 0.856936 0.401842
vt 0.855584 0.398933
vt 0.724615 0.373989
vt 0.712142 0.331740
vt 0.711637 0.313693
vt 0.974777 0.325704
vt 0.974463 0.336669
vt 0.972660 0.336740
vt 0.972748 0.325714
vt 0.982364 0.060465
vt 0.981085 0.060548
vt 0.980663 0.042006
vt 0.981899 0.041937
vt 0.974516 0.026623
vt 0.974916 0.025385
vt 0.705811 0.037110
vt 0.977807 0.136948
vt 0.978351 0.160950
vt 0.977046 0.160963
vt 0.976511 0.136975
vt 0.783424 0.032925
vt 0.783249 0.052159
vt 0.757638 0.052489
vt 0.757514 0.033199
vt 0.706036 0.233079
vt 0.705435 0.260663
vt 0.704883 0.233035
vt 0.982418 0.110680
vt 0.983536 0.110649
vt 0.984289 0.136782
vt 0.983195 0.136799
vt 0.714782 0.261316
vt 0.711384 0.261116
vt 0.711827 0.233286
vt 0.714996 0.233409
vt 0.845408 0.108027
vt 0.844446 0.080720
vt 0.851898 0.108780
vt 0.708528 0.036501
vt 0.709577 0.036346
vt 0.708935 0.054333
vt 0.707782 0.054470
vt 0.843725 0.056246
vt 0.856763 0.399299
vt 0.856386 0.398330
vt 0.719231 0.022984
vt 0.733014 0.022337
vt 0.732682 0.352247
vt 0.732887 0.350395
vt 0.758011 0.352591
vt 0.976998 0.025462
vt 0.976759 0.026576
vt 0.844439 0.385798
vt 0.845930 0.385837
vt 0.844631 0.389434
vt 0.843671 0.388939
vt 0.973441 0.342791
vt 0.972931 0.341332
vt 0.977830 0.084593
vt 0.977643 0.110757
vt 0.976944 0.084561
vt 0.705693 0.021096
vt 0.706405 0.020166
vt 0.855442 0.373864
vt 0.855984 0.372636
vt 0.856828 0.372616
vt 0.714048 0.344232
vt 0.712076 0.343787
vt 0.840096 0.391300
vt 0.846599 0.380787
vt 0.841818 0.376462
vt 0.710443 0.313568
vt 0.711036 0.288887
vt 0.858040 0.373983
vt 0.857475 0.374029
vt 0.834540 0.397972
vt 0.822083 0.400844
vt 0.968383 0.375227
vt 0.854841 0.376163
vt 0.774121 0.401156
vt 0.747155 0.401234
vt 0.854732 0.397956
vt 0.855014 0.373765
vt 0.721287 0.400313
vt 0.720991 0.400206
vt 0.719731 0.400197
vt 0.719603 0.399861
vt 0.720138 0.399974
vt 0.720194 0.400302
vt 0.854157 0.373210
vt 0.854774 0.372308
vt 0.855057 0.372649
vt 0.707072 0.054606
vt 0.707949 0.036629
vt 0.774807 0.407943
vt 0.693395 0.342385
vt 0.703673 0.342458
vt 0.704271 0.346012
vt 0.693490 0.345033
vt 0.747040 0.403712
vt 0.731723 0.403669
vt 0.972896 0.394920
vt 0.923756 0.206490
vt 0.949947 0.206607
vt 0.710644 0.349520
vt 0.709962 0.349244
vt 0.710622 0.347538
vt 0.711409 0.347841
vt 0.905586 0.405151
vt 0.880276 0.404542
vt 0.879750 0.403027
vt 0.785214 0.208942
vt 0.784904 0.183775
vt 0.806868 0.183837
vt 0.806940 0.209140
vt 0.836644 0.331556
vt 0.836959 0.312858
vt 0.907306 0.371020
vt 0.966201 0.325550
vt 0.965792 0.307054
vt 0.972827 0.307220
vt 0.837501 0.288223
vt 0.844408 0.287030
vt 0.965603 0.283064
vt 0.972994 0.283256
vt 0.774176 0.403553
vt 0.923576 0.137485
vt 0.857330 0.376012
vt 0.843690 0.382347
vt 0.844768 0.381813
vt 0.849279 0.038601
vt 0.843166 0.037571
vt 0.842706 0.027030
vt 0.848584 0.028031
vt 0.720313 0.387287
vt 0.865756 0.402017
vt 0.820977 0.369556
vt 0.820522 0.371114
vt 0.878346 0.338618
vt 0.878534 0.327411
vt 0.898821 0.326914
vt 0.822440 0.402364
vt 0.835238 0.399353
vt 0.842385 0.021852
vt 0.842311 0.020058
vt 0.858846 0.400336
vt 0.858601 0.399787
vt 0.973240 0.383287
vt 0.976819 0.385649
vt 0.972589 0.388976
vt 0.983232 0.338362
vt 0.981148 0.338291
vt 0.981335 0.336371
vt 0.983420 0.336458
vt 0.804950 0.033110
vt 0.804876 0.052006
vt 0.983707 0.382920
vt 0.855749 0.028589
vt 0.878300 0.344071
vt 0.976021 0.325767
vt 0.975586 0.336673
vt 0.867633 0.231097
vt 0.867200 0.257813
vt 0.805474 0.022454
vt 0.976385 0.084548
vt 0.976239 0.060560
vt 0.800985 0.404983
vt 0.801192 0.406268
vt 0.723381 0.403648
vt 0.723556 0.402835
vt 0.829365 0.017669
vt 0.836519 0.018871
vt 0.836593 0.020624
vt 0.708603 0.024545
vt 0.979931 0.384163
vt 0.975451 0.379961
vt 0.709579 0.343452
vt 0.708592 0.343203
vt 0.708514 0.331263
vt 0.709563 0.331415
vt 0.905900 0.406754
vt 0.720841 0.400221
vt 0.720169 0.399748
vt 0.724092 0.404433
vt 0.705684 0.346654
vt 0.706396 0.347583
vt 0.858993 0.402891
vt 0.977777 0.385154
vt 0.854500 0.373718
vt 0.976752 0.341218
vt 0.976992 0.342335
vt 0.852838 0.207337
vt 0.710518 0.331546
vt 0.708927 0.313447
vt 0.709902 0.313526
vt 0.709911 0.054250
vt 0.710533 0.036216
vt 0.843474 0.395683
vt 0.844339 0.396295
vt 0.800279 0.399533
vt 0.800403 0.401770
vt 0.783928 0.077371
vt 0.758014 0.077798
vt 0.852664 0.373968
vt 0.853175 0.373299
vt 0.853158 0.373782
vt 0.976034 0.042013
vt 0.898799 0.256866
vt 0.899128 0.230351
vt 0.711046 0.331610
vt 0.858252 0.399642
vt 0.985557 0.110602
vt 0.982850 0.084515
vt 0.985006 0.084393
vt 0.974054 0.381596
vt 0.840909 0.392990
vt 0.842304 0.394625
vt 0.829314 0.350103
vt 0.829354 0.348330
vt 0.836542 0.347143
vt 0.836469 0.348899
vt 0.980651 0.325777
vt 0.979061 0.325756
vt 0.981072 0.307228
vt 0.951043 0.336572
vt 0.979548 0.029192
vt 0.967497 0.402751
vt 0.866223 0.403407
vt 0.783964 0.352414
vt 0.855898 0.371942
vt 0.907250 0.373418
vt 0.819456 0.077444
vt 0.705145 0.079607
vt 0.705760 0.054954
vt 0.880001 0.161129
vt 0.899471 0.161243
vt 0.880548 0.406021
vt 0.848030 0.344948
vt 0.848010 0.346849
vt 0.852384 0.374637
vt 0.857386 0.372578
vt 0.984660 0.060323
vt 0.710931 0.233265
vt 0.711206 0.207912
vt 0.712095 0.207922
vt 0.719188 0.399924
vt 0.721315 0.400885
vt 0.720827 0.400405
vt 0.720958 0.400789
vt 0.720428 0.400686
vt 0.923988 0.326168
vt 0.979346 0.060608
vt 0.979073 0.042022
vt 0.705801 0.330651
vt 0.724717 0.371229
vt 0.725116 0.370994
vt 0.839308 0.183853
vt 0.704278 0.021739
vt 0.800770 0.403472
vt 0.726515 0.403299
vt 0.981342 0.031410
vt 0.980379 0.031361
vt 0.855655 0.396657
vt 0.856002 0.398660
vt 0.855230 0.397073
vt 0.981476 0.388928
vt 0.732012 0.407063
vt 0.819646 0.351193
vt 0.819617 0.349347
vt 0.978521 0.060622
vt 0.978236 0.042037
vt 0.880825 0.408413
vt 0.880686 0.407126
vt 0.978974 0.084610
vt 0.829554 0.289362
vt 0.829098 0.314168
vt 0.818944 0.315279
vt 0.819411 0.290301
vt 0.805552 0.077060
vt 0.858439 0.396033
vt 0.718725 0.078427
vt 0.714251 0.078765
vt 0.714151 0.053828
vt 0.976086 0.336737
vt 0.985531 0.389107
vt 0.984334 0.389232
vt 0.878413 0.346180
vt 0.840614 0.377828
vt 0.858415 0.369597
vt 0.857792 0.370556
vt 0.857699 0.369980
vt 0.845371 0.259718
vt 0.838244 0.260617
vt 0.838283 0.107127
vt 0.845995 0.135489
vt 0.838842 0.134883
vt 0.986200 0.230986
vt 0.984282 0.230984
vt 0.984739 0.206910
vt 0.986620 0.206898
vt 0.805786 0.351975
vt 0.805753 0.350054
vt 0.974791 0.042079
vt 0.974474 0.031117
vt 0.842261 0.347707
vt 0.842335 0.345913
vt 0.974237 0.137008
vt 0.973639 0.110778
vt 0.975802 0.110781
vt 0.974896 0.307174
vt 0.842655 0.340732
vt 0.836533 0.342098
vt 0.693490 0.022717
vt 0.993897 0.325998
vt 0.993565 0.307873
vt 0.721569 0.401351
vt 0.721039 0.401184
vt 0.719954 0.400796
vt 0.719455 0.400598
vt 0.719182 0.400412
vt 0.719375 0.401039
vt 0.980787 0.338047
vt 0.980706 0.338423
vt 0.980210 0.338766
vt 0.993072 0.337065
vt 0.856479 0.039245
vt 0.836586 0.025668
vt 0.836699 0.036202
vt 0.708509 0.079068
vt 0.710083 0.347496
vt 0.710524 0.343601
vt 0.711038 0.343634
vt 0.898648 0.283539
vt 0.879178 0.284099
vt 0.879377 0.257310
vt 0.829103 0.343490
vt 0.828920 0.332872
vt 0.719550 0.208166
vt 0.715203 0.208001
vt 0.715124 0.184001
vt 0.719365 0.184028
vt 0.955866 0.371012
vt 0.956238 0.369780
vt 0.723569 0.372894
vt 0.723015 0.372532
vt 0.977921 0.400748
vt 0.983477 0.395310
vt 0.878816 0.308479
vt 0.898430 0.307905
vt 0.708716 0.349117
vt 0.709213 0.347330
vt 0.758931 0.234118
vt 0.758569 0.262086
vt 0.733175 0.261738
vt 0.733549 0.233805
vt 0.983189 0.230966
vt 0.983526 0.257119
vt 0.982408 0.257088
vt 0.785302 0.133242
vt 0.758633 0.105707
vt 0.784803 0.105264
vt 0.978566 0.257007
vt 0.980460 0.230866
vt 0.979785 0.257013
vt 0.976930 0.283210
vt 0.976768 0.307202
vt 0.976224 0.307217
vt 0.976371 0.283223
vt 0.981856 0.183882
vt 0.981031 0.183882
vt 0.980903 0.160929
vt 0.981752 0.160913
vt 0.878853 0.059280
vt 0.898462 0.059856
vt 0.723320 0.404343
vt 0.923821 0.183875
vt 0.977227 0.325745
vt 0.977531 0.307164
vt 0.978224 0.325743
vt 0.723812 0.372707
vt 0.758037 0.289999
vt 0.783921 0.290389
vt 0.974911 0.060604
vt 0.972842 0.060554
vt 0.972762 0.042067
vt 0.949952 0.161150
vt 0.923763 0.161261
vt 0.949960 0.137365
vt 0.984816 0.183882
vt 0.986686 0.183882
vt 0.993622 0.183883
vt 0.986623 0.160866
vt 0.993571 0.160903
vt 0.880840 0.365365
vt 0.908289 0.365365
vt 0.907937 0.366633
vt 0.880514 0.366584
vt 0.976768 0.336744
vt 0.820096 0.105288
vt 0.830143 0.106196
vt 0.704085 0.079736
vt 0.704915 0.055084
vt 0.979817 0.084606
vt 0.982837 0.283256
vt 0.984994 0.283378
vt 0.979657 0.339790
vt 0.979557 0.339400
vt 0.707066 0.313174
vt 0.706573 0.288510
vt 0.707346 0.288628
vt 0.707775 0.313311
vt 0.966868 0.378346
vt 0.705413 0.107194
vt 0.706029 0.134821
vt 0.704874 0.134863
vt 0.704210 0.107290
vt 0.859909 0.207199
vt 0.708727 0.018629
vt 0.709462 0.018489
vt 0.983156 0.389120
vt 0.722733 0.402669
vt 0.722460 0.403327
vt 0.968101 0.403797
vt 0.968699 0.404887
vt 0.706634 0.348586
vt 0.880285 0.373338
vt 0.976781 0.031045
vt 0.934328 0.368311
vt 0.934680 0.367082
vt 0.949686 0.306973
vt 0.949697 0.282906
vt 0.710356 0.233258
vt 0.711648 0.054080
vt 0.710452 0.054210
vt 0.711062 0.036147
vt 0.785377 0.158688
vt 0.860441 0.183861
vt 0.806398 0.104990
vt 0.830809 0.208254
vt 0.830550 0.233618
vt 0.820478 0.234459
vt 0.820713 0.208897
vt 0.965735 0.137164
vt 0.992879 0.110430
vt 0.992976 0.083963
vt 0.712072 0.160029
vt 0.711186 0.160031
vt 0.710929 0.134639
vt 0.711826 0.134631
vt 0.923436 0.307371
vt 0.949907 0.183879
vt 0.856136 0.402014
vt 0.856694 0.401655
vt 0.714257 0.289035
vt 0.854159 0.373808
vt 0.710636 0.207904
vt 0.864908 0.021566
vt 0.878456 0.021590
vt 0.880363 0.367768
vt 0.976536 0.325771
vt 0.925695 0.022638
vt 0.952460 0.024007
vt 0.951915 0.025879
vt 0.965541 0.397744
vt 0.975078 0.283205
vt 0.973628 0.256989
vt 0.975791 0.256985
vt 0.975092 0.084566
vt 0.977079 0.110759
vt 0.978371 0.136937
vt 0.979833 0.160934
vt 0.980059 0.183882
vt 0.979149 0.183882
vt 0.978916 0.160943
vt 0.984263 0.041842
vt 0.993906 0.041775
vt 0.993577 0.059905
vt 0.983748 0.183882
vt 0.983659 0.206903
vt 0.951069 0.031206
vt 0.866462 0.058763
vt 0.855620 0.371294
vt 0.981630 0.283202
vt 0.710354 0.134646
vt 0.709386 0.134665
vt 0.708867 0.106848
vt 0.709844 0.106800
vt 0.719443 0.233582
vt 0.733583 0.208361
vt 0.983426 0.031320
vt 0.858887 0.403929
vt 0.702149 0.107386
vt 0.702064 0.079891
vt 0.705222 0.160137
vt 0.706356 0.160125
vt 0.707725 0.160072
vt 0.707740 0.183976
vt 0.706384 0.183975
vt 0.845190 0.397132
vt 0.723794 0.388308
vt 0.857769 0.396210
vt 0.732755 0.078165
vt 0.733185 0.106108
vt 0.719117 0.106327
vt 0.714754 0.106545
vt 0.966218 0.042230
vt 0.966873 0.031299
vt 0.758489 0.183967
vt 0.974688 0.206797
vt 0.965814 0.206795
vt 0.983662 0.160861
vt 0.981326 0.136873
vt 0.967683 0.376612
vt 0.830949 0.183850
vt 0.830846 0.159456
vt 0.839133 0.159934
vt 0.703263 0.160125
vt 0.702891 0.134893
vt 0.993076 0.030712
vt 0.973008 0.084514
vt 0.784761 0.262507
vt 0.785194 0.234479
vt 0.806816 0.234724
vt 0.806356 0.262754
vt 0.993568 0.206862
vt 0.719454 0.134343
vt 0.715001 0.134514
vt 0.978348 0.206813
vt 0.978584 0.183882
vt 0.977286 0.183881
vt 0.980638 0.110740
vt 0.981643 0.084569
vt 0.981151 0.029493
vt 0.983236 0.029419
vt 0.724358 0.388470
vt 0.879580 0.230604
vt 0.980899 0.206834
vt 0.977911 0.336666
vt 0.805498 0.290691
vt 0.820048 0.262452
vt 0.706775 0.036976
vt 0.705221 0.183973
vt 0.850972 0.285987
vt 0.858929 0.109382
vt 0.852424 0.135872
vt 0.702959 0.055231
vt 0.758913 0.208607
vt 0.694547 0.107770
vt 0.693831 0.080571
vt 0.807010 0.158548
vt 0.820772 0.183846
vt 0.820764 0.158808
vt 0.984743 0.160853
vt 0.858269 0.285190
vt 0.967586 0.026436
vt 0.967985 0.024848
vt 0.949715 0.084861
vt 0.950057 0.111143
vt 0.866919 0.284584
vt 0.965618 0.084706
vt 0.965809 0.060721
vt 0.977042 0.206799
vt 0.977817 0.283178
vt 0.715182 0.159970
vt 0.923305 0.283096
vt 0.974230 0.230755
vt 0.965727 0.230598
vt 0.848535 0.339735
vt 0.695982 0.183971
vt 0.703233 0.183972
vt 0.706369 0.207809
vt 0.705236 0.207795
vt 0.818817 0.333983
vt 0.819230 0.344666
vt 0.805422 0.345332
vt 0.898856 0.040855
vt 0.899844 0.021639
vt 0.706643 0.019164
vt 0.978159 0.025927
vt 0.864904 0.369704
vt 0.709676 0.207892
vt 0.806897 0.133019
vt 0.693807 0.055877
vt 0.724013 0.371518
vt 0.972674 0.031045
vt 0.972947 0.026460
vt 0.820543 0.133276
vt 0.708516 0.288743
vt 0.710061 0.078969
vt 0.709490 0.079001
vt 0.965671 0.110973
vt 0.711178 0.183982
vt 0.977632 0.257009
vt 0.986207 0.136779
vt 0.980216 0.029024
vt 0.980792 0.029742
vt 0.722214 0.403874
vt 0.973459 0.025003
vt 0.981319 0.230891
vt 0.981749 0.206850
vt 0.725269 0.402067
vt 0.708499 0.183977
vt 0.708507 0.207881
vt 0.706927 0.260866
vt 0.707446 0.233181
vt 0.708220 0.233214
vt 0.707719 0.260942
vt 0.852384 0.385486
vt 0.850557 0.391670
vt 0.985548 0.257166
vt 0.966854 0.336484
vt 0.711025 0.078919
vt 0.707739 0.207865
vt 0.733362 0.184044
vt 0.712053 0.183990
vt 0.830601 0.134114
vt 0.708892 0.261011
vt 0.977800 0.230816
vt 0.976504 0.230789
vt 0.710428 0.106783
vt 0.711353 0.106745
vt 0.857708 0.399515
vt 0.719541 0.159841
vt 0.695557 0.135012
vt 0.693849 0.287233
vt 0.696003 0.160089
vt 0.844778 0.373847
vt 0.834960 0.370798
vt 0.835559 0.369707
vt 0.708493 0.160059
vt 0.899804 0.346134
vt 0.865689 0.328096
vt 0.866423 0.308994
vt 0.993231 0.136764
vt 0.977068 0.257008
vt 0.980627 0.257027
vt 0.725306 0.403089
vt 0.708216 0.134690
vt 0.931743 0.404743
vt 0.718727 0.289367
vt 0.719139 0.261527
vt 0.732746 0.289630
vt 0.967564 0.341351
vt 0.967962 0.342942
vt 0.830100 0.261547
vt 0.965659 0.256792
vt 0.707441 0.134721
vt 0.850332 0.379284
vt 0.709389 0.233239
vt 0.747712 0.409210
vt 0.726483 0.402284
vt 0.852589 0.373532
vt 0.834357 0.371846
vt 0.833643 0.373240
vt 0.857417 0.309530
vt 0.801543 0.407495
vt 0.775159 0.409210
vt 0.993016 0.028157
vt 0.859061 0.400443
vt 0.709450 0.349258
vt 0.856433 0.328514
vt 0.950227 0.325611
vt 0.858946 0.402584
vt 0.723295 0.372018
vt 0.992871 0.257338
vt 0.992966 0.283808
vt 0.979241 0.026957
vt 0.993225 0.231003
vt 0.857234 0.370177
vt 0.856465 0.370274
vt 0.853352 0.374829
vt 0.993014 0.339617
vt 0.856919 0.400525
vt 0.859496 0.400897
vt 0.854392 0.371839
vt 0.853464 0.372603
vt 0.855368 0.370755
vt 0.854026 0.374185
vt 0.859539 0.401570
vt 0.856969 0.401430
vt 0.041942 0.938994
vt 0.007057 0.939004
vt 0.007064 0.882930
vt 0.041960 0.882939
vt 0.084047 0.437945
vt 0.107065 0.438211
vt 0.107161 0.490457
vt 0.084110 0.490488
vt 0.064471 0.770813
vt 0.065504 0.770812
vt 0.065493 0.826881
vt 0.064460 0.826880
vt 0.109085 0.939035
vt 0.108120 0.939030
vt 0.108166 0.882969
vt 0.109130 0.882969
vt 0.064414 0.938987
vt 0.065446 0.938990
vt 0.065413 0.991634
vt 0.064382 0.991630
vt 0.084164 0.826885
vt 0.084176 0.770816
vt 0.107230 0.770818
vt 0.107222 0.826894
vt 0.143965 0.939078
vt 0.144022 0.882993
vt 0.081819 0.826885
vt 0.066665 0.826881
vt 0.066676 0.770813
vt 0.081831 0.770815
vt 0.065415 0.437854
vt 0.066586 0.437856
vt 0.066620 0.490502
vt 0.065448 0.490503
vt 0.041981 0.602616
vt 0.042946 0.602616
vt 0.042955 0.658681
vt 0.041990 0.658682
vt 0.041959 0.438021
vt 0.041943 0.490502
vt 0.007057 0.490491
vt 0.007112 0.438478
vt 0.084176 0.658677
vt 0.084165 0.602607
vt 0.107222 0.602599
vt 0.107231 0.658674
vt 0.083009 0.714746
vt 0.081836 0.714746
vt 0.081831 0.658677
vt 0.083004 0.658677
vt 0.007082 0.826866
vt 0.041978 0.826876
vt 0.043886 0.991491
vt 0.042922 0.991482
vt 0.042907 0.938994
vt 0.043871 0.938991
vt 0.065475 0.546546
vt 0.064442 0.546546
vt 0.064416 0.490502
vt 0.066677 0.658679
vt 0.066680 0.714746
vt 0.065508 0.714746
vt 0.065504 0.658679
vt 0.066667 0.602611
vt 0.066647 0.546546
vt 0.081801 0.546540
vt 0.081821 0.602607
vt 0.006112 0.602627
vt 0.007076 0.602627
vt 0.007101 0.658687
vt 0.006137 0.658687
vt 0.144043 0.602588
vt 0.109152 0.602599
vt 0.109131 0.546524
vt 0.144024 0.546501
vt 0.082971 0.882952
vt 0.081798 0.882952
vt 0.082991 0.826885
vt 0.082937 0.939007
vt 0.081766 0.939002
vt 0.109160 0.770817
vt 0.108195 0.770818
vt 0.108196 0.714747
vt 0.109161 0.714747
vt 0.144044 0.714747
vt 0.144048 0.770821
vt 0.041962 0.546553
vt 0.007062 0.546560
vt 0.042924 0.438007
vt 0.042908 0.490502
vt 0.064475 0.714746
vt 0.082876 0.437932
vt 0.082939 0.490489
vt 0.084044 0.991543
vt 0.084109 0.939008
vt 0.107157 0.939029
vt 0.107060 0.991277
vt 0.144042 0.826905
vt 0.109151 0.826893
vt 0.108187 0.602599
vt 0.108195 0.658674
vt 0.107201 0.882968
vt 0.108186 0.826894
vt 0.043891 0.546552
vt 0.064462 0.602611
vt 0.043911 0.602615
vt 0.041990 0.770811
vt 0.042956 0.770810
vt 0.042944 0.826875
vt 0.064471 0.658679
vt 0.043919 0.658681
vt 0.042925 0.882939
vt 0.082873 0.991556
vt 0.081703 0.991564
vt 0.042962 0.714746
vt 0.043927 0.714746
vt 0.043920 0.770810
vt 0.108024 0.991265
vt 0.082993 0.602607
vt 0.082974 0.546539
vt 0.084146 0.546539
vt 0.109090 0.490455
vt 0.143970 0.490412
vt 0.108988 0.991256
vt 0.006094 0.490491
vt 0.006098 0.546560
vt 0.083004 0.770815
vt 0.084142 0.882952
vt 0.065495 0.602611
vt 0.064384 0.437858
vt 0.064440 0.882945
vt 0.043889 0.882939
vt 0.043909 0.826877
vt 0.144933 0.490411
vt 0.143880 0.438382
vt 0.144843 0.438381
vt 0.084180 0.714746
vt 0.107232 0.714747
vt 0.144987 0.546499
vt 0.145010 0.770821
vt 0.145007 0.714747
vt 0.107202 0.546524
vt 0.041996 0.714746
vt 0.066645 0.882945
vt 0.065473 0.882945
vt 0.108166 0.546524
vt 0.042927 0.546552
vt 0.145005 0.826905
vt 0.145006 0.602588
vt 0.108125 0.490456
vt 0.108029 0.438223
vt 0.108993 0.438232
vt 0.043873 0.490502
vt 0.041958 0.991468
vt 0.007110 0.991011
vt 0.145010 0.658671
vt 0.144048 0.658671
vt 0.006093 0.938995
vt 0.006146 0.991002
vt 0.006130 0.714745
vt 0.007094 0.714745
vt 0.007093 0.770804
vt 0.006129 0.770804
vt 0.109161 0.658675
vt 0.066618 0.938988
vt 0.043887 0.437997
vt 0.006100 0.882930
vt 0.006117 0.826866
vt 0.081767 0.490491
vt 0.081705 0.437924
vt 0.006147 0.438487
vt 0.066584 0.991632
vt 0.144985 0.882995
vt 0.143873 0.991108
vt 0.144928 0.939079
vt 0.144836 0.991109
vt 0.979662 0.027995
vt 0.373996 0.012304
vt 0.372641 0.009137
vt 0.378972 0.007571
vt 0.380800 0.010871
vt 0.072256 0.235088
vt 0.073982 0.270487
vt 0.049176 0.271273
vt 0.046806 0.235358
vt 0.070493 0.127765
vt 0.069176 0.101679
vt 0.095384 0.100831
vt 0.096580 0.127748
vt 0.034708 0.346635
vt 0.030580 0.332705
vt 0.034790 0.329939
vt 0.038259 0.343040
vt 0.142771 0.038918
vt 0.142304 0.030216
vt 0.170851 0.029219
vt 0.170993 0.037944
vt 0.013293 0.047666
vt 0.012398 0.044947
vt 0.015033 0.044963
vt 0.017149 0.047475
vt 0.030276 0.035310
vt 0.032130 0.039426
vt 0.020567 0.045639
vt 0.018282 0.042455
vt 0.019100 0.271540
vt 0.013968 0.271518
vt 0.012022 0.234380
vt 0.016917 0.234713
vt 0.675186 0.027649
vt 0.666584 0.026368
vt 0.667202 0.022274
vt 0.675646 0.023953
vt 0.035367 0.360010
vt 0.030250 0.351653
vt 0.039072 0.354122
vt 0.366662 0.012848
vt 0.364356 0.012449
vt 0.365471 0.010782
vt 0.019330 0.337834
vt 0.016576 0.307775
vt 0.021953 0.306800
vt 0.025488 0.335979
vt 0.089918 0.052355
vt 0.088643 0.043833
vt 0.115127 0.040836
vt 0.116004 0.049700
vt 0.145903 0.099694
vt 0.145137 0.081733
vt 0.171777 0.081303
vt 0.172027 0.099396
vt 0.026029 0.155676
vt 0.027110 0.123006
vt 0.032197 0.123452
vt 0.030970 0.155933
vt 0.664478 0.063585
vt 0.673339 0.063940
vt 0.672737 0.089493
vt 0.663947 0.089254
vt 0.041329 0.340814
vt 0.044736 0.339787
vt 0.046347 0.347378
vt 0.043258 0.348182
vt 0.172289 0.126932
vt 0.172466 0.158553
vt 0.147114 0.158690
vt 0.146618 0.127130
vt 0.649339 0.038204
vt 0.655459 0.038570
vt 0.654763 0.063177
vt 0.648801 0.062937
vt 0.059778 0.040833
vt 0.061703 0.048525
vt 0.038750 0.054765
vt 0.036071 0.048137
vt 0.051720 0.302641
vt 0.075637 0.301612
vt 0.385079 0.005460
vt 0.387809 0.009116
vt 0.029691 0.080282
vt 0.026177 0.094641
vt 0.022782 0.092510
vt 0.027635 0.076573
vt 0.023352 0.070991
vt 0.017805 0.088807
vt 0.011581 0.086713
vt 0.012384 0.070532
vt 0.019554 0.064467
vt 0.686087 0.024739
vt 0.682867 0.024806
vt 0.684761 0.023012
vt 0.038184 0.328240
vt 0.041991 0.327303
vt 0.141139 0.009714
vt 0.141018 0.006570
vt 0.170441 0.005460
vt 0.170478 0.008608
vt 0.097916 0.194633
vt 0.098909 0.234940
vt 0.071053 0.194358
vt 0.086186 0.029330
vt 0.085437 0.025023
vt 0.113024 0.021414
vt 0.113510 0.025851
vt 0.124492 0.349044
vt 0.101128 0.348057
vt 0.101061 0.338602
vt 0.124492 0.339409
vt 0.092646 0.072260
vt 0.091307 0.062125
vt 0.117006 0.059860
vt 0.117948 0.070432
vt 0.010859 0.193330
vt 0.015710 0.193440
vt 0.031228 0.272260
vt 0.028034 0.235832
vt 0.032709 0.235660
vt 0.035598 0.271941
vt 0.066945 0.074582
vt 0.065355 0.065434
vt 0.020827 0.362347
vt 0.021298 0.353304
vt 0.025249 0.359283
vt 0.010544 0.119544
vt 0.016212 0.121003
vt 0.015196 0.155708
vt 0.009913 0.155630
vt 0.068262 0.085097
vt 0.094053 0.083715
vt 0.055704 0.338594
vt 0.076921 0.338196
vt 0.076804 0.347020
vt 0.055988 0.346569
vt 0.031932 0.082158
vt 0.029567 0.096251
vt 0.055837 0.026428
vt 0.056995 0.030924
vt 0.028560 0.031348
vt 0.027444 0.028541
vt 0.054168 0.019119
vt 0.054817 0.022104
vt 0.041346 0.350314
vt 0.148715 0.325936
vt 0.148651 0.301426
vt 0.173021 0.301617
vt 0.173034 0.326312
vt 0.539785 0.022577
vt 0.539781 0.018499
vt 0.574320 0.019951
vt 0.574339 0.023971
vt 0.608875 0.037627
vt 0.636257 0.037822
vt 0.635882 0.062567
vt 0.608799 0.062129
vt 0.366874 0.016881
vt 0.368096 0.030281
vt 0.365695 0.030204
vt 0.364441 0.016745
vt 0.012592 0.042875
vt 0.024454 0.053336
vt 0.022247 0.048743
vt 0.033776 0.043021
vt 0.101385 0.324971
vt 0.100939 0.301238
vt 0.124559 0.301276
vt 0.124627 0.325556
vt 0.199091 0.037962
vt 0.199231 0.029224
vt 0.540004 0.015957
vt 0.501949 0.016588
vt 0.502094 0.014008
vt 0.172979 0.269705
vt 0.197199 0.269684
vt 0.197197 0.301470
vt 0.030337 0.391514
vt 0.033343 0.392605
vt 0.031683 0.395556
vt 0.028868 0.393936
vt 0.574468 0.036901
vt 0.574549 0.061415
vt 0.031150 0.193468
vt 0.026323 0.193435
vt 0.680655 0.113306
vt 0.676791 0.113182
vt 0.677168 0.089615
vt 0.681036 0.089795
vt 0.045936 0.392418
vt 0.069442 0.398206
vt 0.068345 0.403022
vt 0.044429 0.396896
vt 0.045805 0.085783
vt 0.044992 0.076465
vt 0.100085 0.270034
vt 0.608362 0.112094
vt 0.608144 0.136369
vt 0.574374 0.136058
vt 0.574456 0.111600
vt 0.045311 0.156995
vt 0.045429 0.193801
vt 0.031542 0.387822
vt 0.034811 0.388737
vt 0.087318 0.035578
vt 0.114260 0.032297
vt 0.035289 0.083866
vt 0.034570 0.076511
vt 0.046199 0.125698
vt 0.046061 0.100762
vt 0.608738 0.020720
vt 0.636126 0.020642
vt 0.636266 0.024664
vt 0.608788 0.024718
vt 0.122570 0.194671
vt 0.123329 0.234833
vt 0.170542 0.013220
vt 0.141345 0.014310
vt 0.148554 0.349720
vt 0.172967 0.350159
vt 0.172977 0.359566
vt 0.148525 0.359055
vt 0.391902 0.108646
vt 0.392180 0.134253
vt 0.386313 0.134204
vt 0.386020 0.108574
vt 0.653811 0.136752
vt 0.663372 0.136876
vt 0.663251 0.160847
vt 0.653692 0.160803
vt 0.033312 0.380697
vt 0.036830 0.381714
vt 0.466945 0.019080
vt 0.501943 0.020760
vt 0.501973 0.034029
vt 0.466936 0.032520
vt 0.197149 0.326129
vt 0.197222 0.340298
vt 0.172994 0.340410
vt 0.023487 0.122592
vt 0.020452 0.122066
vt 0.100989 0.356924
vt 0.076680 0.355093
vt 0.026249 0.401327
vt 0.029439 0.398322
vt 0.041377 0.403951
vt 0.039495 0.407630
vt 0.026735 0.386947
vt 0.017726 0.386295
vt 0.018818 0.375429
vt 0.027950 0.378769
vt 0.026794 0.306012
vt 0.023951 0.272001
vt 0.030552 0.071793
vt 0.031576 0.075833
vt 0.019514 0.155706
vt 0.022610 0.155636
vt 0.023273 0.193478
vt 0.020132 0.193541
vt 0.121258 0.127438
vt 0.120197 0.100194
vt 0.432298 0.017233
vt 0.432265 0.030998
vt 0.401741 0.029846
vt 0.401457 0.015404
vt 0.198115 0.412740
vt 0.198211 0.416922
vt 0.172142 0.416980
vt 0.172223 0.412801
vt 0.075778 0.362485
vt 0.100319 0.364976
vt 0.099316 0.374345
vt 0.074466 0.371403
vt 0.389581 0.029768
vt 0.390756 0.056025
vt 0.384731 0.055964
vt 0.383384 0.029829
vt 0.172884 0.368476
vt 0.148237 0.367864
vt 0.197235 0.350059
vt 0.197226 0.359482
vt 0.197333 0.368437
vt 0.680276 0.160929
vt 0.680406 0.137106
vt 0.683747 0.137221
vt 0.683614 0.160965
vt 0.663602 0.112934
vt 0.672368 0.113098
vt 0.672130 0.136981
vt 0.654325 0.088974
vt 0.654023 0.112741
vt 0.379384 0.134176
vt 0.379093 0.108544
vt 0.374660 0.134152
vt 0.374793 0.159919
vt 0.371284 0.159898
vt 0.371152 0.134091
vt 0.063459 0.056395
vt 0.084703 0.020344
vt 0.033446 0.070955
vt 0.030593 0.065128
vt 0.041140 0.061476
vt 0.043596 0.068924
vt 0.141876 0.023671
vt 0.141601 0.019167
vt 0.170625 0.018097
vt 0.170712 0.022633
vt 0.066236 0.410579
vt 0.064991 0.414421
vt 0.123867 0.366697
vt 0.123156 0.376354
vt 0.042278 0.365081
vt 0.052649 0.367809
vt 0.050558 0.376131
vt 0.039510 0.373002
vt 0.071105 0.390221
vt 0.072927 0.380608
vt 0.098170 0.384063
vt 0.096875 0.394148
vt 0.574278 0.160574
vt 0.607942 0.160680
vt 0.676548 0.137032
vt 0.400771 0.007659
vt 0.401618 0.010734
vt 0.122358 0.386313
vt 0.147342 0.387802
vt 0.146828 0.398244
vt 0.121472 0.396626
vt 0.172753 0.378379
vt 0.147814 0.377688
vt 0.039264 0.363989
vt 0.036164 0.371816
vt 0.031186 0.368315
vt 0.026642 0.395788
vt 0.369747 0.012946
vt 0.370393 0.016874
vt 0.466968 0.014840
vt 0.467126 0.011967
vt 0.034244 0.097732
vt 0.008316 0.062334
vt 0.015918 0.057581
vt 0.022855 0.397410
vt 0.015757 0.039343
vt 0.648444 0.088803
vt 0.635536 0.088526
vt 0.368584 0.134035
vt 0.368336 0.108328
vt 0.370866 0.108419
vt 0.148586 0.340013
vt 0.403661 0.134296
vt 0.403773 0.159976
vt 0.392300 0.159959
vt 0.055512 0.353324
vt 0.574520 0.087460
vt 0.608586 0.088101
vt 0.124360 0.358220
vt 0.048142 0.384972
vt 0.373903 0.083220
vt 0.374372 0.108515
vt 0.370384 0.083099
vt 0.038744 0.303620
vt 0.031186 0.305119
vt 0.034617 0.304273
vt 0.392294 0.185410
vt 0.403770 0.185397
vt 0.539832 0.135641
vt 0.539742 0.160433
vt 0.501867 0.160280
vt 0.501947 0.135190
vt 0.020654 0.055022
vt 0.023915 0.061221
vt 0.097262 0.158810
vt 0.070708 0.158373
vt 0.013981 0.051573
vt 0.018682 0.050306
vt 0.684978 0.064746
vt 0.684381 0.090078
vt 0.681635 0.064369
vt 0.119033 0.082565
vt 0.144463 0.069155
vt 0.648173 0.112621
vt 0.647974 0.136680
vt 0.402507 0.056072
vt 0.432398 0.056685
vt 0.432613 0.083811
vt 0.403063 0.083412
vt 0.172449 0.399085
vt 0.172312 0.407638
vt 0.146379 0.406775
vt 0.391456 0.083344
vt 0.635233 0.112422
vt 0.634966 0.136564
vt 0.027975 0.272353
vt 0.042993 0.400505
vt 0.067341 0.406906
vt 0.146089 0.411909
vt 0.145821 0.416066
vt 0.501990 0.110193
vt 0.539894 0.110930
vt 0.467010 0.109520
vt 0.466987 0.084601
vt 0.502003 0.085547
vt 0.403425 0.108708
vt 0.432787 0.108977
vt 0.432895 0.134459
vt 0.005853 0.047141
vt 0.005717 0.053349
vt 0.148033 0.234742
vt 0.148476 0.269771
vt 0.124108 0.269852
vt 0.112178 0.012068
vt 0.084078 0.015873
vt 0.083690 0.012779
vt 0.111948 0.008934
vt 0.172607 0.388583
vt 0.112560 0.016622
vt 0.046385 0.353172
vt 0.043845 0.353317
vt 0.121954 0.158813
vt 0.143905 0.058368
vt 0.045021 0.358264
vt 0.054496 0.359901
vt 0.379516 0.159929
vt 0.027513 0.059336
vt 0.094270 0.411427
vt 0.094969 0.407394
vt 0.539873 0.035626
vt 0.042397 0.357591
vt 0.682504 0.040489
vt 0.685821 0.040948
vt 0.008166 0.043346
vt 0.674260 0.039909
vt 0.665357 0.039244
vt 0.385535 0.083261
vt 0.172048 0.420931
vt 0.145516 0.419993
vt 0.197485 0.378341
vt 0.197656 0.388545
vt 0.681520 0.021708
vt 0.679508 0.024567
vt 0.683999 0.113504
vt 0.676422 0.160904
vt 0.678684 0.040176
vt 0.677783 0.064121
vt 0.119720 0.414254
vt 0.119194 0.418140
vt 0.093492 0.415238
vt 0.095723 0.402412
vt 0.120694 0.405064
vt 0.120189 0.410141
vt 0.466997 0.134783
vt 0.432919 0.160033
vt 0.378621 0.083243
vt 0.686288 0.028608
vt 0.683027 0.028309
vt 0.058123 0.034978
vt 0.668561 0.018199
vt 0.677159 0.020170
vt 0.143282 0.047968
vt 0.021512 0.235350
vt 0.024970 0.235770
vt 0.388273 0.014660
vt 0.381808 0.015383
vt 0.027436 0.066886
vt 0.501996 0.059023
vt 0.539927 0.060316
vt 0.539927 0.086561
vt 0.466949 0.057790
vt 0.432368 0.012845
vt 0.433131 0.009643
vt 0.076828 0.325135
vt 0.054215 0.325929
vt 0.368454 0.010206
vt 0.013869 0.036932
vt 0.197595 0.158541
vt 0.197765 0.126931
vt 0.199457 0.018092
vt 0.199369 0.022632
vt 0.010096 0.041315
vt 0.634753 0.160743
vt 0.198446 0.424955
vt 0.171940 0.425026
vt 0.198321 0.420868
vt 0.683614 0.184432
vt 0.680275 0.184468
vt 0.172810 0.234639
vt 0.466934 0.160142
vt 0.377836 0.056000
vt 0.376466 0.030120
vt 0.026215 0.394138
vt 0.672008 0.160886
vt 0.373113 0.056019
vt 0.172631 0.194520
vt 0.147555 0.194617
vt 0.647857 0.160779
vt 0.171163 0.047095
vt 0.386441 0.159941
vt 0.092613 0.419194
vt 0.368718 0.159879
vt 0.367115 0.055794
vt 0.369533 0.055908
vt 0.367921 0.082985
vt 0.656297 0.024859
vt 0.679344 0.028062
vt 0.574456 0.017317
vt 0.026482 0.391340
vt 0.198926 0.047091
vt 0.020948 0.395480
vt 0.018717 0.391859
vt 0.145170 0.424065
vt 0.199605 0.008605
vt 0.199642 0.005460
vt 0.171568 0.068533
vt 0.371732 0.030305
vt 0.374960 0.016416
vt 0.197313 0.234629
vt 0.118598 0.422169
vt 0.171383 0.057624
vt 0.649880 0.020036
vt 0.649853 0.024436
vt 0.198715 0.057598
vt 0.371277 0.185464
vt 0.368710 0.185482
vt 0.656748 0.020360
vt 0.657722 0.017300
vt 0.650273 0.016718
vt 0.636521 0.017306
vt 0.608417 0.017833
vt 0.199540 0.013210
vt 0.198527 0.068484
vt 0.197843 0.399040
vt 0.466928 0.185242
vt 0.432924 0.185346
vt 0.647855 0.184619
vt 0.653690 0.184595
vt 0.335761 0.097634
vt 0.323837 0.100581
vt 0.324280 0.085623
vt 0.334757 0.083752
vt 0.676421 0.184493
vt 0.374786 0.185445
vt 0.501867 0.185109
vt 0.198007 0.407584
vt 0.539744 0.184960
vt 0.574277 0.184820
vt 0.663255 0.184550
vt 0.386437 0.185427
vt 0.197453 0.194507
vt 0.607943 0.184716
vt 0.634752 0.184653
vt 0.672007 0.184511
vt 0.379510 0.185437
vt 0.198003 0.099325
vt 0.198277 0.081215
vt 0.373965 0.333085
vt 0.380770 0.334518
vt 0.378942 0.337819
vt 0.372610 0.336251
vt 0.297778 0.234952
vt 0.323214 0.235232
vt 0.320706 0.270885
vt 0.296095 0.270271
vt 0.299472 0.127687
vt 0.273406 0.127726
vt 0.274566 0.100886
vt 0.300698 0.101643
vt 0.335186 0.346588
vt 0.331898 0.342855
vt 0.334936 0.329436
vt 0.338901 0.332534
vt 0.227297 0.038914
vt 0.227766 0.030216
vt 0.356749 0.047595
vt 0.352895 0.047406
vt 0.355010 0.044894
vt 0.357643 0.044877
vt 0.339771 0.035256
vt 0.351761 0.042390
vt 0.349479 0.045572
vt 0.337922 0.039371
vt 0.350818 0.271417
vt 0.352969 0.234539
vt 0.357864 0.234213
vt 0.355954 0.271375
vt 0.675185 0.317753
vt 0.675645 0.321449
vt 0.667201 0.323128
vt 0.666583 0.319034
vt 0.334524 0.359797
vt 0.330939 0.353927
vt 0.339551 0.351506
vt 0.366631 0.332540
vt 0.365439 0.334606
vt 0.364323 0.332938
vt 0.350258 0.337724
vt 0.344091 0.335851
vt 0.348194 0.306645
vt 0.353561 0.307656
vt 0.280160 0.052392
vt 0.254045 0.049711
vt 0.254929 0.040847
vt 0.281430 0.043855
vt 0.224929 0.081688
vt 0.224155 0.099655
vt 0.343981 0.155613
vt 0.339040 0.155880
vt 0.337789 0.123393
vt 0.342878 0.122939
vt 0.664477 0.281815
vt 0.663946 0.256145
vt 0.672737 0.255906
vt 0.673338 0.281460
vt 0.328753 0.340660
vt 0.326842 0.347996
vt 0.323846 0.347184
vt 0.325314 0.339745
vt 0.223428 0.127117
vt 0.222938 0.158667
vt 0.649337 0.307197
vt 0.648799 0.282463
vt 0.654761 0.282223
vt 0.655458 0.306831
vt 0.310299 0.040806
vt 0.333991 0.048075
vt 0.331319 0.054696
vt 0.308389 0.048495
vt 0.318666 0.302233
vt 0.294642 0.301295
vt 0.387780 0.336274
vt 0.385050 0.339931
vt 0.342418 0.076485
vt 0.347245 0.092418
vt 0.343860 0.094562
vt 0.340357 0.080190
vt 0.357659 0.070451
vt 0.358447 0.086627
vt 0.352221 0.088717
vt 0.346696 0.070904
vt 0.350493 0.064387
vt 0.686087 0.320663
vt 0.684761 0.322390
vt 0.682867 0.320596
vt 0.331444 0.327819
vt 0.327550 0.327134
vt 0.228936 0.009721
vt 0.229057 0.006577
vt 0.272120 0.194553
vt 0.298954 0.194256
vt 0.271153 0.234832
vt 0.283878 0.029340
vt 0.256552 0.025863
vt 0.257039 0.021427
vt 0.284624 0.025033
vt 0.245658 0.349023
vt 0.245671 0.339403
vt 0.268967 0.338649
vt 0.268886 0.348088
vt 0.277476 0.072411
vt 0.252070 0.070444
vt 0.253027 0.059877
vt 0.278782 0.062197
vt 0.354314 0.193319
vt 0.359159 0.193214
vt 0.338632 0.272247
vt 0.334225 0.271891
vt 0.337232 0.235532
vt 0.341880 0.235676
vt 0.304780 0.065384
vt 0.303231 0.074508
vt 0.348949 0.362059
vt 0.344545 0.359036
vt 0.348429 0.353085
vt 0.359464 0.119464
vt 0.360062 0.155547
vt 0.354781 0.155625
vt 0.353795 0.120919
vt 0.275918 0.083828
vt 0.301779 0.085010
vt 0.314750 0.337563
vt 0.314102 0.345648
vt 0.292948 0.346927
vt 0.293277 0.338012
vt 0.340458 0.096170
vt 0.338117 0.082062
vt 0.313068 0.030899
vt 0.314219 0.026405
vt 0.341483 0.031296
vt 0.315235 0.022082
vt 0.315881 0.019097
vt 0.342596 0.028489
vt 0.328705 0.350117
vt 0.221498 0.325890
vt 0.221498 0.301370
vt 0.539776 0.322822
vt 0.574333 0.321430
vt 0.574314 0.325449
vt 0.539771 0.326901
vt 0.608871 0.307774
vt 0.608796 0.283270
vt 0.635880 0.282832
vt 0.636255 0.307578
vt 0.366843 0.328505
vt 0.364410 0.328642
vt 0.365665 0.315180
vt 0.368066 0.315104
vt 0.357447 0.042807
vt 0.345597 0.053265
vt 0.336280 0.042963
vt 0.347802 0.048675
vt 0.268985 0.325075
vt 0.245584 0.325501
vt 0.245625 0.301206
vt 0.269264 0.301112
vt 0.539994 0.329443
vt 0.502081 0.331391
vt 0.501936 0.328810
vt 0.339559 0.391091
vt 0.341028 0.393498
vt 0.338229 0.395117
vt 0.336569 0.392183
vt 0.574462 0.308498
vt 0.574544 0.283983
vt 0.338820 0.193391
vt 0.343641 0.193331
vt 0.680655 0.232092
vt 0.681036 0.255604
vt 0.677168 0.255783
vt 0.676791 0.232216
vt 0.324024 0.392024
vt 0.325537 0.396482
vt 0.301724 0.402662
vt 0.300615 0.397866
vt 0.325100 0.076336
vt 0.270021 0.269898
vt 0.608360 0.233303
vt 0.574454 0.233796
vt 0.574372 0.209337
vt 0.608144 0.209027
vt 0.324574 0.193726
vt 0.324685 0.156930
vt 0.338353 0.387418
vt 0.335099 0.388334
vt 0.255800 0.032308
vt 0.282749 0.035591
vt 0.335479 0.076413
vt 0.323809 0.125639
vt 0.608734 0.324681
vt 0.608784 0.320683
vt 0.636263 0.320738
vt 0.636124 0.324760
vt 0.247482 0.194616
vt 0.246761 0.234762
vt 0.228729 0.014315
vt 0.221629 0.349688
vt 0.221699 0.359025
vt 0.391886 0.236729
vt 0.386003 0.236800
vt 0.386301 0.211166
vt 0.392169 0.211119
vt 0.653811 0.208646
vt 0.663372 0.208521
vt 0.333078 0.381345
vt 0.336578 0.380329
vt 0.466928 0.326316
vt 0.466920 0.312874
vt 0.501961 0.311367
vt 0.501930 0.324638
vt 0.349546 0.121985
vt 0.346507 0.122526
vt 0.293151 0.354949
vt 0.269025 0.356873
vt 0.343653 0.400848
vt 0.330483 0.407160
vt 0.328596 0.403501
vt 0.340470 0.397865
vt 0.343135 0.386537
vt 0.341910 0.378403
vt 0.350986 0.375061
vt 0.352097 0.385868
vt 0.343400 0.305861
vt 0.345948 0.271906
vt 0.339504 0.071706
vt 0.338471 0.075743
vt 0.350474 0.155632
vt 0.349862 0.193426
vt 0.346703 0.193367
vt 0.347386 0.155565
vt 0.248762 0.127435
vt 0.249839 0.100236
vt 0.432277 0.328159
vt 0.401430 0.329987
vt 0.401717 0.315543
vt 0.432245 0.314393
vt 0.294138 0.362303
vt 0.295509 0.371163
vt 0.270766 0.374203
vt 0.269747 0.364864
vt 0.389554 0.315619
vt 0.383356 0.315558
vt 0.384707 0.289419
vt 0.390733 0.289358
vt 0.221984 0.367818
vt 0.683747 0.208176
vt 0.680406 0.208292
vt 0.663602 0.232464
vt 0.672130 0.208416
vt 0.672368 0.232300
vt 0.654324 0.256424
vt 0.654022 0.232657
vt 0.379371 0.211193
vt 0.379075 0.236829
vt 0.374646 0.211216
vt 0.371138 0.211276
vt 0.306651 0.056361
vt 0.285355 0.020354
vt 0.336614 0.070865
vt 0.326486 0.068823
vt 0.328937 0.061397
vt 0.339465 0.065044
vt 0.228195 0.023674
vt 0.228471 0.019170
vt 0.305107 0.414010
vt 0.303852 0.410186
vt 0.247011 0.376249
vt 0.246291 0.366626
vt 0.327684 0.364784
vt 0.330409 0.372674
vt 0.319384 0.375780
vt 0.317294 0.367448
vt 0.298931 0.389911
vt 0.273258 0.393919
vt 0.271936 0.383875
vt 0.297081 0.380333
vt 0.676548 0.208365
vt 0.401592 0.334657
vt 0.400744 0.337733
vt 0.247829 0.386178
vt 0.248738 0.396460
vt 0.223440 0.398138
vt 0.222903 0.387718
vt 0.222416 0.377627
vt 0.338682 0.368019
vt 0.333734 0.371500
vt 0.330688 0.363737
vt 0.343248 0.395336
vt 0.370362 0.328514
vt 0.369715 0.332442
vt 0.467108 0.333429
vt 0.466951 0.330556
vt 0.354128 0.057505
vt 0.361727 0.062256
vt 0.347021 0.396941
vt 0.354283 0.039277
vt 0.635535 0.256873
vt 0.648443 0.256596
vt 0.368569 0.211331
vt 0.370846 0.236953
vt 0.368316 0.237043
vt 0.221604 0.339963
vt 0.403652 0.211079
vt 0.314398 0.352809
vt 0.574516 0.257937
vt 0.608583 0.257297
vt 0.245795 0.358171
vt 0.321808 0.384604
vt 0.373880 0.262157
vt 0.370360 0.262277
vt 0.374353 0.236858
vt 0.331572 0.303663
vt 0.335669 0.304118
vt 0.339043 0.304875
vt 0.539831 0.209752
vt 0.501943 0.210199
vt 0.346137 0.061143
vt 0.349395 0.054948
vt 0.299297 0.158296
vt 0.272750 0.158755
vt 0.351364 0.050236
vt 0.356063 0.051501
vt 0.684978 0.280654
vt 0.681635 0.281031
vt 0.684382 0.255321
vt 0.251001 0.082623
vt 0.225591 0.069111
vt 0.648172 0.232777
vt 0.647974 0.208718
vt 0.402486 0.289312
vt 0.403045 0.261968
vt 0.432599 0.261574
vt 0.432380 0.288703
vt 0.223911 0.406652
vt 0.391437 0.262036
vt 0.634965 0.208833
vt 0.635231 0.232976
vt 0.341927 0.272292
vt 0.302739 0.406530
vt 0.326977 0.400073
vt 0.224216 0.411776
vt 0.224495 0.415925
vt 0.501984 0.235197
vt 0.539890 0.234463
vt 0.467001 0.235868
vt 0.501994 0.259844
vt 0.466976 0.260788
vt 0.432891 0.210921
vt 0.432777 0.236406
vt 0.403410 0.236669
vt 0.364186 0.047069
vt 0.364323 0.053274
vt 0.222077 0.234702
vt 0.246028 0.269769
vt 0.221670 0.269725
vt 0.257886 0.012083
vt 0.258116 0.008950
vt 0.286364 0.012790
vt 0.285977 0.015883
vt 0.257503 0.016635
vt 0.323696 0.352867
vt 0.326227 0.353077
vt 0.248083 0.158778
vt 0.226153 0.058341
vt 0.315433 0.359479
vt 0.324978 0.357986
vt 0.342542 0.059259
vt 0.275912 0.411135
vt 0.275201 0.407116
vt 0.539865 0.309772
vt 0.327602 0.357358
vt 0.685821 0.304453
vt 0.682504 0.304912
vt 0.361872 0.043276
vt 0.665356 0.306157
vt 0.674259 0.305492
vt 0.385514 0.262118
vt 0.224811 0.419844
vt 0.681520 0.323694
vt 0.679507 0.320835
vt 0.683999 0.231894
vt 0.678684 0.305225
vt 0.677783 0.281279
vt 0.276701 0.414932
vt 0.251075 0.417914
vt 0.250538 0.414038
vt 0.274432 0.402153
vt 0.249538 0.404873
vt 0.250057 0.409937
vt 0.466991 0.210603
vt 0.378599 0.262134
vt 0.686288 0.316793
vt 0.683027 0.317093
vt 0.311945 0.034952
vt 0.677159 0.325232
vt 0.668560 0.327203
vt 0.226781 0.047955
vt 0.348382 0.235180
vt 0.344933 0.235607
vt 0.381779 0.330006
vt 0.388245 0.330729
vt 0.342619 0.066800
vt 0.539921 0.258833
vt 0.539919 0.285080
vt 0.501986 0.286371
vt 0.466936 0.287601
vt 0.433109 0.335751
vt 0.432346 0.332549
vt 0.293575 0.324827
vt 0.315654 0.325204
vt 0.368422 0.335182
vt 0.356169 0.036868
vt 0.359942 0.041247
vt 0.377811 0.289381
vt 0.376438 0.315265
vt 0.343668 0.393692
vt 0.373087 0.289362
vt 0.222520 0.194584
vt 0.277591 0.418873
vt 0.367087 0.289586
vt 0.369506 0.289472
vt 0.367898 0.262391
vt 0.656296 0.320543
vt 0.679344 0.317339
vt 0.574449 0.328084
vt 0.343396 0.390908
vt 0.348914 0.395015
vt 0.351125 0.391407
vt 0.225170 0.423908
vt 0.371703 0.315080
vt 0.374930 0.328971
vt 0.251683 0.421931
vt 0.649851 0.320966
vt 0.649878 0.325366
vt 0.656746 0.325042
vt 0.657721 0.328102
vt 0.650271 0.328684
vt 0.636519 0.328096
vt 0.608412 0.327569
vt 0.937324 0.885275
vt 0.939520 0.865842
vt 0.948434 0.868434
vt 0.945623 0.887234
vt 0.941460 0.855262
vt 0.951077 0.858485
vt 0.958224 0.860870
vt 0.955110 0.870345
vt 0.951892 0.888674
vt 0.373659 0.689269
vt 0.373858 0.692995
vt 0.361531 0.692580
vt 0.361335 0.688857
vt 0.374635 0.696872
vt 0.362323 0.696342
vt 0.353443 0.695904
vt 0.352636 0.692225
vt 0.352436 0.688500
vt 0.387649 0.655166
vt 0.381787 0.665546
vt 0.369663 0.667862
vt 0.375960 0.658432
vt 0.378586 0.671875
vt 0.366448 0.673112
vt 0.357611 0.673920
vt 0.360749 0.669448
vt 0.367194 0.660750
vt 0.415257 0.930391
vt 0.427082 0.939635
vt 0.419166 0.945559
vt 0.408481 0.935631
vt 0.436335 0.946869
vt 0.427255 0.953660
vt 0.418908 0.957633
vt 0.412481 0.949883
vt 0.403034 0.939623
vt 0.479351 0.494471
vt 0.467788 0.514501
vt 0.462235 0.512988
vt 0.473716 0.492282
vt 0.455843 0.535121
vt 0.449971 0.534551
vt 0.445391 0.534104
vt 0.457914 0.511810
vt 0.469352 0.490583
vt 0.374913 0.681493
vt 0.374001 0.685513
vt 0.361718 0.685131
vt 0.362691 0.681331
vt 0.352846 0.684790
vt 0.353859 0.681141
vt 0.408381 0.618196
vt 0.397055 0.638475
vt 0.386571 0.641917
vt 0.399307 0.621000
vt 0.378510 0.644438
vt 0.392262 0.623117
vt 0.498939 0.459941
vt 0.490044 0.475770
vt 0.483765 0.473450
vt 0.491585 0.457817
vt 0.478929 0.471670
vt 0.485895 0.456275
vt 0.934516 0.949074
vt 0.935436 0.916644
vt 0.943141 0.917931
vt 0.941715 0.949882
vt 0.949003 0.918894
vt 0.947212 0.950503
vt 0.473451 0.538109
vt 0.484594 0.519835
vt 0.489931 0.522589
vt 0.478829 0.540736
vt 0.496261 0.501512
vt 0.501552 0.504399
vt 0.506799 0.507275
vt 0.495230 0.525333
vt 0.484171 0.543356
vt 0.970852 0.805824
vt 0.967998 0.799534
vt 0.972048 0.798894
vt 0.974673 0.804615
vt 0.965257 0.791740
vt 0.969281 0.791316
vt 0.970384 0.791197
vt 0.973107 0.798673
vt 0.975656 0.804226
vt 0.192252 0.745378
vt 0.190363 0.741244
vt 0.196094 0.739344
vt 0.197870 0.742991
vt 0.188891 0.737124
vt 0.194709 0.735753
vt 0.199744 0.734410
vt 0.201095 0.737493
vt 0.202849 0.740662
vt 0.932924 0.987553
vt 0.933843 0.971670
vt 0.940683 0.972332
vt 0.939495 0.988304
vt 0.945930 0.972855
vt 0.944576 0.988903
vt 0.376054 0.701055
vt 0.363738 0.700194
vt 0.378249 0.705625
vt 0.365806 0.704217
vt 0.356804 0.703149
vt 0.354849 0.699514
vt 0.398516 0.969731
vt 0.403939 0.966092
vt 0.407784 0.971226
vt 0.402502 0.974714
vt 0.409570 0.962542
vt 0.413212 0.967972
vt 0.831272 0.846516
vt 0.836442 0.844264
vt 0.839111 0.848643
vt 0.833489 0.851014
vt 0.825944 0.848457
vt 0.827925 0.853025
vt 0.187137 0.728567
vt 0.186912 0.724228
vt 0.192764 0.724580
vt 0.193024 0.728350
vt 0.187120 0.719947
vt 0.192895 0.720830
vt 0.197956 0.721586
vt 0.197848 0.724833
vt 0.198109 0.728074
vt 0.200571 0.747533
vt 0.195108 0.750421
vt 0.205553 0.744685
vt 0.212240 0.752890
vt 0.207267 0.756477
vt 0.202047 0.760059
vt 0.947188 0.840606
vt 0.952670 0.832292
vt 0.964612 0.838456
vt 0.958136 0.845927
vt 0.957869 0.825911
vt 0.965941 0.826983
vt 0.510137 0.438896
vt 0.500100 0.436808
vt 0.502442 0.426203
vt 0.513806 0.430041
vt 0.491955 0.436762
vt 0.492367 0.429622
vt 0.965597 0.850586
vt 0.970668 0.846879
vt 0.317077 0.881284
vt 0.322131 0.877022
vt 0.342372 0.898039
vt 0.337307 0.902292
vt 0.327185 0.872758
vt 0.347441 0.893782
vt 0.366388 0.913562
vt 0.361276 0.917802
vt 0.356173 0.922025
vt 0.187805 0.732891
vt 0.193678 0.732090
vt 0.198747 0.731277
vt 0.221345 0.772317
vt 0.216327 0.776368
vt 0.226278 0.768252
vt 0.245430 0.788238
vt 0.240459 0.792447
vt 0.235464 0.796643
vt 0.377558 0.935147
vt 0.372361 0.939303
vt 0.382786 0.930951
vt 0.395595 0.945082
vt 0.390154 0.949169
vt 0.384803 0.953190
vt 0.839378 0.892040
vt 0.845551 0.891223
vt 0.849787 0.921876
vt 0.843619 0.922331
vt 0.851841 0.890421
vt 0.855999 0.921435
vt 0.859135 0.953210
vt 0.853002 0.953525
vt 0.846876 0.953852
vt 0.835779 0.855944
vt 0.829993 0.857904
vt 0.841785 0.853693
vt 0.844636 0.860442
vt 0.838358 0.862351
vt 0.832374 0.864101
vt 0.841487 0.872293
vt 0.835361 0.873646
vt 0.847846 0.870907
vt 0.873068 0.853807
vt 0.862386 0.856013
vt 0.860090 0.848329
vt 0.871557 0.845504
vt 0.854074 0.857614
vt 0.851259 0.850282
vt 0.848110 0.844438
vt 0.856937 0.841273
vt 0.869004 0.837424
vt 0.855179 0.975861
vt 0.849079 0.976184
vt 0.861267 0.975539
vt 0.863013 0.991673
vt 0.856885 0.992028
vt 0.850756 0.992368
vt 0.187727 0.715759
vt 0.193393 0.717111
vt 0.188708 0.711605
vt 0.194242 0.713339
vt 0.199253 0.714953
vt 0.198423 0.718327
vt 0.913648 0.882470
vt 0.907113 0.882686
vt 0.907573 0.861430
vt 0.914169 0.861185
vt 0.900532 0.882930
vt 0.900921 0.861683
vt 0.901300 0.848964
vt 0.907879 0.848679
vt 0.914431 0.848388
vt 0.529482 0.474379
vt 0.537181 0.464293
vt 0.539718 0.466031
vt 0.532075 0.476048
vt 0.542279 0.457725
vt 0.544778 0.459474
vt 0.545577 0.460052
vt 0.540506 0.466621
vt 0.532869 0.476635
vt 0.558562 0.911561
vt 0.515291 0.853197
vt 0.520281 0.849223
vt 0.563555 0.907569
vt 0.449037 0.762968
vt 0.454072 0.759115
vt 0.459092 0.755286
vt 0.525269 0.845251
vt 0.568550 0.903576
vt 0.913550 0.947834
vt 0.913712 0.970512
vt 0.907418 0.970847
vt 0.907163 0.948170
vt 0.913616 0.986194
vt 0.907595 0.986511
vt 0.901576 0.986952
vt 0.901120 0.971240
vt 0.900767 0.948525
vt 0.418144 0.647212
vt 0.424630 0.631184
vt 0.430291 0.633086
vt 0.423965 0.648863
vt 0.433033 0.612787
vt 0.438609 0.614897
vt 0.444128 0.616989
vt 0.435876 0.634963
vt 0.429657 0.650460
vt 0.376426 0.676986
vt 0.364267 0.677366
vt 0.355461 0.677561
vt 0.519168 0.467792
vt 0.527125 0.457306
vt 0.532197 0.460860
vt 0.524375 0.471108
vt 0.532586 0.450667
vt 0.537433 0.454276
vt 0.412118 0.667801
vt 0.418392 0.668772
vt 0.417355 0.675505
vt 0.410886 0.674958
vt 0.424322 0.669637
vt 0.423365 0.675952
vt 0.422910 0.680950
vt 0.416852 0.680913
vt 0.410223 0.680811
vt 0.416661 0.685054
vt 0.409930 0.685368
vt 0.422742 0.684730
vt 0.422726 0.687805
vt 0.416643 0.688454
vt 0.409871 0.689151
vt 0.416811 0.691755
vt 0.410050 0.692840
vt 0.422876 0.690773
vt 0.423307 0.694108
vt 0.417291 0.695478
vt 0.410602 0.696999
vt 0.418303 0.700026
vt 0.411749 0.702065
vt 0.424232 0.698174
vt 0.425903 0.703146
vt 0.420088 0.705529
vt 0.413734 0.708133
vt 0.414233 0.659075
vt 0.420287 0.660415
vt 0.426112 0.661665
vt 0.425678 0.717323
vt 0.420025 0.720657
vt 0.431136 0.714155
vt 0.879721 0.950675
vt 0.880992 0.973351
vt 0.874155 0.974204
vt 0.872483 0.951690
vt 0.882297 0.989259
vt 0.875717 0.990198
vt 0.870625 0.990936
vt 0.868916 0.974874
vt 0.866956 0.952484
vt 0.875954 0.885515
vt 0.867096 0.887393
vt 0.864465 0.867117
vt 0.874300 0.865111
vt 0.860371 0.888882
vt 0.856887 0.868707
vt 0.230844 0.738839
vt 0.235034 0.744412
vt 0.222951 0.744051
vt 0.219222 0.739391
vt 0.242848 0.753577
vt 0.230571 0.752461
vt 0.221455 0.751474
vt 0.214174 0.743446
vt 0.210887 0.739415
vt 0.345176 0.864703
vt 0.363827 0.883341
vt 0.358357 0.886583
vt 0.339046 0.866938
vt 0.382259 0.901099
vt 0.376983 0.905215
vt 0.372860 0.908417
vt 0.354078 0.889113
vt 0.334248 0.868686
vt 0.399877 0.917263
vt 0.394088 0.921955
vt 0.389547 0.925581
vt 0.225880 0.730381
vt 0.227975 0.734337
vt 0.216718 0.735647
vt 0.214869 0.732204
vt 0.208744 0.736214
vt 0.207156 0.733173
vt 0.442387 0.594024
vt 0.447889 0.596295
vt 0.452324 0.575299
vt 0.457767 0.577694
vt 0.463177 0.580080
vt 0.453348 0.598552
vt 0.224975 0.708447
vt 0.223823 0.712804
vt 0.213209 0.715645
vt 0.214314 0.711809
vt 0.223269 0.716693
vt 0.212615 0.719181
vt 0.205217 0.720966
vt 0.205783 0.717769
vt 0.206767 0.714372
vt 0.223201 0.720223
vt 0.212494 0.722522
vt 0.223593 0.723551
vt 0.212823 0.725748
vt 0.205367 0.727139
vt 0.205086 0.724079
vt 0.398542 0.959188
vt 0.393089 0.963015
vt 0.404167 0.955327
vt 0.224454 0.726860
vt 0.213595 0.728941
vt 0.206049 0.730164
vt 0.256116 0.768736
vt 0.244478 0.767492
vt 0.272827 0.787568
vt 0.262482 0.786733
vt 0.254498 0.786088
vt 0.235643 0.766505
vt 0.878033 0.917851
vt 0.870138 0.919299
vt 0.864122 0.920425
vt 0.253712 0.654013
vt 0.229994 0.698322
vt 0.219167 0.702498
vt 0.243470 0.658215
vt 0.211235 0.705583
vt 0.235674 0.661401
vt 0.308440 0.826363
vt 0.326686 0.845642
vt 0.319717 0.846980
vt 0.300503 0.826907
vt 0.314267 0.848027
vt 0.294306 0.827333
vt 0.260750 0.813475
vt 0.255722 0.817717
vt 0.265770 0.809225
vt 0.286234 0.830358
vt 0.281190 0.834620
vt 0.276145 0.838881
vt 0.508318 0.483317
vt 0.513569 0.486373
vt 0.518755 0.489415
vt 0.290460 0.806991
vt 0.281405 0.806799
vt 0.274361 0.806654
vt 0.462694 0.556623
vt 0.468103 0.559131
vt 0.473479 0.561634
vt 0.192580 0.701099
vt 0.197886 0.703568
vt 0.216871 0.655296
vt 0.222042 0.658374
vt 0.227191 0.661456
vt 0.202986 0.706016
vt 0.301661 0.855812
vt 0.296611 0.860076
vt 0.306711 0.851546
vt 0.385901 0.715699
vt 0.373160 0.713378
vt 0.419776 0.759342
vt 0.408158 0.756641
vt 0.399298 0.754662
vt 0.363833 0.711683
vt 0.431963 0.576649
vt 0.420118 0.597410
vt 0.412168 0.599404
vt 0.424879 0.577821
vt 0.405982 0.600928
vt 0.419357 0.578721
vt 0.443870 0.555878
vt 0.437474 0.556209
vt 0.432483 0.556460
vt 0.913331 0.914978
vt 0.906918 0.915267
vt 0.900483 0.915575
vt 0.974107 0.798293
vt 0.976572 0.803777
vt 0.971438 0.790923
vt 0.974716 0.789907
vt 0.977238 0.797063
vt 0.979493 0.802480
vt 0.925569 0.685704
vt 0.931655 0.684641
vt 0.933731 0.762508
vt 0.926581 0.763665
vt 0.974231 0.756453
vt 0.966541 0.679680
vt 0.971954 0.679454
vt 0.980261 0.755837
vt 0.956072 0.607005
vt 0.960860 0.606821
vt 0.961122 0.679902
vt 0.939529 0.683252
vt 0.943070 0.760989
vt 0.876202 0.792151
vt 0.866303 0.789785
vt 0.868962 0.779945
vt 0.878314 0.781765
vt 0.858991 0.787935
vt 0.861975 0.778483
vt 0.864945 0.758803
vt 0.871628 0.760072
vt 0.880537 0.761544
vt 0.914989 0.830076
vt 0.908474 0.830118
vt 0.908898 0.822070
vt 0.915363 0.822051
vt 0.901997 0.830134
vt 0.902468 0.822052
vt 0.902980 0.814212
vt 0.909367 0.814194
vt 0.915780 0.814147
vt 0.906710 0.687079
vt 0.912159 0.686855
vt 0.911476 0.764798
vt 0.905261 0.764961
vt 0.965649 0.606636
vt 0.870977 0.681872
vt 0.876923 0.682909
vt 0.917607 0.686625
vt 0.917706 0.764622
vt 0.924151 0.611989
vt 0.929582 0.611069
vt 0.884779 0.684205
vt 0.951767 0.543848
vt 0.956135 0.543649
vt 0.936586 0.609879
vt 0.907242 0.613155
vt 0.912047 0.612980
vt 0.950991 0.480881
vt 0.954984 0.480336
vt 0.960507 0.543448
vt 0.875086 0.608588
vt 0.880439 0.609460
vt 0.916848 0.612803
vt 0.923009 0.544448
vt 0.927869 0.544360
vt 0.887457 0.610602
vt 0.882257 0.477110
vt 0.886526 0.476183
vt 0.886360 0.479511
vt 0.882088 0.480253
vt 0.925924 0.477755
vt 0.931648 0.478554
vt 0.934108 0.544239
vt 0.907444 0.544861
vt 0.911829 0.544732
vt 0.892288 0.475192
vt 0.891978 0.478685
vt 0.878492 0.544612
vt 0.883290 0.544678
vt 0.911721 0.477432
vt 0.915521 0.477418
vt 0.916214 0.544598
vt 0.920750 0.474261
vt 0.925430 0.474029
vt 0.921535 0.477613
vt 0.889542 0.544774
vt 0.946357 0.478776
vt 0.950343 0.477695
vt 0.947135 0.481645
vt 0.931605 0.474886
vt 0.907348 0.474585
vt 0.911537 0.473672
vt 0.907921 0.477889
vt 0.954531 0.477140
vt 0.896508 0.764227
vt 0.898771 0.686508
vt 0.901824 0.687019
vt 0.899935 0.764823
vt 0.915862 0.474102
vt 0.315771 0.479371
vt 0.320961 0.482519
vt 0.281705 0.552232
vt 0.276529 0.549103
vt 0.326147 0.485662
vt 0.286880 0.555361
vt 0.945908 0.794077
vt 0.944456 0.782548
vt 0.954682 0.781177
vt 0.956843 0.792721
vt 0.952402 0.759443
vt 0.959509 0.758227
vt 0.962569 0.780138
vt 0.493487 0.855176
vt 0.485394 0.854823
vt 0.589592 0.979014
vt 0.591915 0.981672
vt 0.588087 0.984838
vt 0.585825 0.982044
vt 0.585080 0.987105
vt 0.582841 0.984327
vt 0.479157 0.854579
vt 0.886449 0.794458
vt 0.884588 0.803096
vt 0.873388 0.800233
vt 0.894513 0.796209
vt 0.893592 0.804980
vt 0.892328 0.813405
vt 0.881913 0.811754
vt 0.869699 0.807933
vt 0.342924 0.488456
vt 0.307604 0.553918
vt 0.300074 0.555514
vt 0.337165 0.488211
vt 0.294280 0.556715
vt 0.332717 0.487997
vt 0.922333 0.881931
vt 0.921621 0.914500
vt 0.918648 0.914392
vt 0.919102 0.881747
vt 0.921610 0.947709
vt 0.918810 0.947534
vt 0.917880 0.947582
vt 0.917686 0.914645
vt 0.918072 0.882118
vt 0.916633 0.914818
vt 0.916998 0.882344
vt 0.916835 0.947663
vt 0.990602 0.798480
vt 0.985077 0.800334
vt 0.983124 0.794942
vt 0.988825 0.793074
vt 0.980849 0.788025
vt 0.986731 0.786308
vt 0.552070 0.915018
vt 0.507777 0.855779
vt 0.510819 0.855844
vt 0.554355 0.914467
vt 0.439992 0.764197
vt 0.444158 0.765175
vt 0.445414 0.765399
vt 0.511796 0.855774
vt 0.555137 0.914199
vt 0.512701 0.855232
vt 0.555989 0.913604
vt 0.446396 0.764947
vt 0.921595 0.970579
vt 0.918911 0.970374
vt 0.921256 0.986356
vt 0.918680 0.986124
vt 0.917782 0.986061
vt 0.917994 0.970332
vt 0.916959 0.970364
vt 0.916765 0.986076
vt 0.466349 0.536128
vt 0.477731 0.517200
vt 0.480020 0.517812
vt 0.468777 0.536355
vt 0.489449 0.498388
vt 0.491745 0.499274
vt 0.492601 0.499591
vt 0.480895 0.518032
vt 0.469708 0.536436
vt 0.481819 0.518420
vt 0.470654 0.536766
vt 0.493509 0.500024
vt 0.501267 0.479995
vt 0.503775 0.480954
vt 0.511802 0.464240
vt 0.514594 0.465247
vt 0.515530 0.465595
vt 0.504670 0.481290
vt 0.505579 0.481747
vt 0.516438 0.466087
vt 0.407371 0.674593
vt 0.408750 0.667235
vt 0.406566 0.680669
vt 0.405349 0.680676
vt 0.406198 0.674566
vt 0.407619 0.667188
vt 0.404735 0.674801
vt 0.406209 0.667524
vt 0.403828 0.680834
vt 0.398564 0.681192
vt 0.399680 0.675469
vt 0.401372 0.668569
vt 0.406157 0.685470
vt 0.406058 0.689509
vt 0.404781 0.689619
vt 0.404897 0.685527
vt 0.403320 0.685622
vt 0.403167 0.689662
vt 0.397685 0.689681
vt 0.397903 0.685768
vt 0.406253 0.693451
vt 0.406880 0.697862
vt 0.405627 0.698065
vt 0.404977 0.693610
vt 0.403374 0.693603
vt 0.404039 0.697996
vt 0.398617 0.697736
vt 0.397899 0.693510
vt 0.408125 0.703203
vt 0.410263 0.709613
vt 0.409045 0.709920
vt 0.406887 0.703447
vt 0.405310 0.703288
vt 0.407493 0.709604
vt 0.402224 0.708610
vt 0.399956 0.702747
vt 0.403965 0.660154
vt 0.408570 0.658730
vt 0.408410 0.648353
vt 0.412718 0.646776
vt 0.414029 0.646289
vt 0.409932 0.658289
vt 0.411023 0.658344
vt 0.415084 0.646353
vt 0.417060 0.722464
vt 0.415968 0.722843
vt 0.414540 0.722485
vt 0.409611 0.721104
vt 0.897152 0.915722
vt 0.897130 0.883042
vt 0.897468 0.948711
vt 0.896418 0.948742
vt 0.896091 0.915643
vt 0.896049 0.882882
vt 0.895131 0.915421
vt 0.895028 0.882499
vt 0.895494 0.948740
vt 0.892689 0.948983
vt 0.892125 0.915548
vt 0.891713 0.882573
vt 0.991706 0.792170
vt 0.993437 0.797589
vt 0.989679 0.785482
vt 0.990631 0.785256
vt 0.992630 0.791887
vt 0.994358 0.797323
vt 0.862966 0.797008
vt 0.855503 0.794321
vt 0.858787 0.803631
vt 0.851557 0.799576
vt 0.527833 0.843187
vt 0.571122 0.901509
vt 0.461665 0.753287
vt 0.462346 0.752477
vt 0.528565 0.842430
vt 0.571898 0.900803
vt 0.356157 0.489179
vt 0.324649 0.550488
vt 0.323727 0.550596
vt 0.355373 0.489070
vt 0.276582 0.644658
vt 0.275451 0.645077
vt 0.271715 0.646597
vt 0.320896 0.551129
vt 0.353138 0.488913
vt 0.897870 0.971469
vt 0.898431 0.987218
vt 0.897421 0.987321
vt 0.896838 0.971556
vt 0.895931 0.971648
vt 0.896534 0.987433
vt 0.893965 0.987736
vt 0.893251 0.971926
vt 0.497945 0.526755
vt 0.486907 0.544721
vt 0.509485 0.508762
vt 0.510321 0.509289
vt 0.498778 0.527282
vt 0.487732 0.545265
vt 0.359605 0.859383
vt 0.376660 0.875684
vt 0.375808 0.876228
vt 0.358635 0.859785
vt 0.394513 0.891456
vt 0.393730 0.892108
vt 0.391606 0.893777
vt 0.373561 0.877562
vt 0.356102 0.860714
vt 0.521403 0.490985
vt 0.522221 0.491540
vt 0.412980 0.906344
vt 0.412194 0.907046
vt 0.429504 0.918011
vt 0.428736 0.918771
vt 0.426397 0.920879
vt 0.409962 0.908917
vt 0.253143 0.737202
vt 0.249771 0.731066
vt 0.254616 0.730338
vt 0.258071 0.736889
vt 0.247365 0.726054
vt 0.252147 0.725046
vt 0.253548 0.724732
vt 0.256048 0.730108
vt 0.259542 0.736782
vt 0.428142 0.670377
vt 0.427202 0.676374
vt 0.426287 0.676203
vt 0.427238 0.670099
vt 0.426750 0.681078
vt 0.425828 0.681000
vt 0.245774 0.722089
vt 0.250521 0.720952
vt 0.244811 0.718691
vt 0.249538 0.717513
vt 0.250909 0.717142
vt 0.251902 0.720597
vt 0.426566 0.684595
vt 0.425653 0.684602
vt 0.426526 0.687424
vt 0.425625 0.687514
vt 0.244282 0.715328
vt 0.248961 0.714122
vt 0.244131 0.711573
vt 0.248727 0.710293
vt 0.250058 0.709891
vt 0.250315 0.713742
vt 0.426639 0.690135
vt 0.425753 0.690311
vt 0.427012 0.693168
vt 0.426150 0.693440
vt 0.244379 0.707080
vt 0.248844 0.705642
vt 0.245302 0.701721
vt 0.249613 0.700049
vt 0.250872 0.699550
vt 0.250141 0.705198
vt 0.427860 0.696862
vt 0.427031 0.697252
vt 0.429446 0.701381
vt 0.428669 0.701923
vt 0.429012 0.662330
vt 0.432529 0.651309
vt 0.433387 0.651791
vt 0.429896 0.662720
vt 0.264413 0.744985
vt 0.262902 0.744959
vt 0.271937 0.756256
vt 0.270419 0.756144
vt 0.265527 0.755637
vt 0.257907 0.744788
vt 0.249944 0.690076
vt 0.254102 0.688246
vt 0.255327 0.687726
vt 0.434525 0.711780
vt 0.433815 0.712499
vt 0.847602 0.796782
vt 0.851238 0.792461
vt 0.852129 0.792952
vt 0.848400 0.797465
vt 0.854707 0.786524
vt 0.855629 0.786945
vt 0.441584 0.924783
vt 0.440942 0.925663
vt 0.450055 0.928157
vt 0.449598 0.929210
vt 0.447911 0.932630
vt 0.438747 0.928238
vt 0.840449 0.922569
vt 0.836236 0.892451
vt 0.843713 0.954023
vt 0.842702 0.954071
vt 0.839438 0.922634
vt 0.835237 0.892554
vt 0.955798 0.889596
vt 0.952773 0.919497
vt 0.951856 0.919351
vt 0.954887 0.889364
vt 0.950827 0.950917
vt 0.949923 0.950809
vt 0.832290 0.874295
vt 0.829387 0.864938
vt 0.831314 0.874446
vt 0.828432 0.865133
vt 0.962293 0.862645
vt 0.959104 0.871677
vt 0.958225 0.871306
vt 0.961464 0.862123
vt 0.390335 0.964982
vt 0.382087 0.955246
vt 0.395763 0.971641
vt 0.394887 0.972255
vt 0.389465 0.965626
vt 0.381232 0.955924
vt 0.482163 0.455222
vt 0.485641 0.444407
vt 0.486646 0.444605
vt 0.483086 0.455505
vt 0.486960 0.436849
vt 0.488056 0.436903
vt 0.489952 0.445113
vt 0.273869 0.547469
vt 0.313098 0.477736
vt 0.214214 0.653685
vt 0.213489 0.652977
vt 0.273096 0.546833
vt 0.312288 0.477156
vt 0.527858 0.920293
vt 0.475080 0.854555
vt 0.476084 0.854510
vt 0.528663 0.920044
vt 0.393762 0.753523
vt 0.395056 0.753755
vt 0.530969 0.919497
vt 0.845924 0.976350
vt 0.847594 0.992538
vt 0.846581 0.992586
vt 0.844913 0.976399
vt 0.949435 0.973221
vt 0.948544 0.973120
vt 0.948012 0.989324
vt 0.947130 0.989207
vt 0.334699 0.904493
vt 0.314480 0.883498
vt 0.353547 0.924204
vt 0.352723 0.924929
vt 0.333906 0.905255
vt 0.313726 0.884306
vt 0.442052 0.533739
vt 0.454793 0.510936
vt 0.455653 0.511194
vt 0.442980 0.533865
vt 0.466271 0.489359
vt 0.467101 0.489704
vt 0.369697 0.941437
vt 0.368856 0.942139
vt 0.475628 0.470417
vt 0.476486 0.470761
vt 0.827074 0.858842
vt 0.825064 0.853986
vt 0.826134 0.859077
vt 0.824134 0.854246
vt 0.969447 0.853829
vt 0.965706 0.857298
vt 0.964940 0.856642
vt 0.968774 0.853009
vt 0.961601 0.855011
vt 0.351389 0.677616
vt 0.353497 0.674269
vt 0.349786 0.681020
vt 0.348618 0.680954
vt 0.350205 0.677595
vt 0.352274 0.674331
vt 0.188151 0.747422
vt 0.186051 0.742849
vt 0.187104 0.742310
vt 0.189107 0.746734
vt 0.184429 0.738253
vt 0.185553 0.737877
vt 0.348758 0.684605
vt 0.348334 0.688320
vt 0.347165 0.688251
vt 0.347591 0.684527
vt 0.183239 0.733508
vt 0.184420 0.733307
vt 0.182567 0.728651
vt 0.183744 0.728635
vt 0.348542 0.692056
vt 0.349361 0.695702
vt 0.348192 0.695640
vt 0.347373 0.691997
vt 0.182404 0.723808
vt 0.183558 0.723965
vt 0.182735 0.719056
vt 0.183838 0.719375
vt 0.350760 0.699195
vt 0.352654 0.702627
vt 0.351444 0.702483
vt 0.349582 0.699105
vt 0.183525 0.714442
vt 0.184554 0.714908
vt 0.184784 0.709950
vt 0.185693 0.710534
vt 0.192133 0.752060
vt 0.199305 0.761993
vt 0.198605 0.762889
vt 0.191305 0.752873
vt 0.355259 0.670364
vt 0.356548 0.670185
vt 0.361615 0.662139
vt 0.362966 0.661846
vt 0.359445 0.710843
vt 0.358135 0.710605
vt 0.189008 0.699031
vt 0.189786 0.699712
vt 0.861194 0.920971
vt 0.857157 0.889634
vt 0.864233 0.952876
vt 0.863325 0.952990
vt 0.860255 0.921124
vt 0.856181 0.889869
vt 0.859223 0.921210
vt 0.855131 0.890021
vt 0.862309 0.953051
vt 0.853303 0.869595
vt 0.850123 0.858555
vt 0.852288 0.869946
vt 0.849072 0.859010
vt 0.851213 0.870215
vt 0.848007 0.859410
vt 0.409140 0.952000
vt 0.400281 0.941607
vt 0.414746 0.959521
vt 0.413599 0.960162
vt 0.408112 0.952670
vt 0.399356 0.942265
vt 0.407143 0.953312
vt 0.398429 0.942943
vt 0.412610 0.960740
vt 0.291425 0.557254
vt 0.330484 0.487841
vt 0.231948 0.662907
vt 0.230803 0.663303
vt 0.290483 0.557347
vt 0.329701 0.487716
vt 0.289561 0.556959
vt 0.328819 0.487270
vt 0.229845 0.663009
vt 0.866309 0.975208
vt 0.868070 0.991302
vt 0.867183 0.991413
vt 0.865419 0.975309
vt 0.864412 0.975371
vt 0.866173 0.991484
vt 0.351827 0.890435
vt 0.331714 0.869605
vt 0.370716 0.910074
vt 0.369904 0.910680
vt 0.350954 0.890932
vt 0.330729 0.869958
vt 0.350066 0.891588
vt 0.329808 0.870570
vt 0.369034 0.911367
vt 0.387220 0.927425
vt 0.386382 0.928073
vt 0.385497 0.928766
vt 0.847078 0.851322
vt 0.843967 0.845982
vt 0.846003 0.851858
vt 0.842941 0.846587
vt 0.844999 0.852367
vt 0.842046 0.847157
vt 0.203403 0.736533
vt 0.205178 0.739437
vt 0.202052 0.733720
vt 0.202792 0.733553
vt 0.204166 0.736315
vt 0.205982 0.739172
vt 0.205182 0.736309
vt 0.207089 0.739246
vt 0.203752 0.733484
vt 0.201068 0.730857
vt 0.200439 0.727919
vt 0.201171 0.727859
vt 0.201802 0.730742
vt 0.202734 0.730629
vt 0.202096 0.727713
vt 0.200189 0.724941
vt 0.200301 0.721951
vt 0.201046 0.721988
vt 0.200921 0.724930
vt 0.201835 0.724756
vt 0.201964 0.721777
vt 0.200781 0.718937
vt 0.201622 0.715811
vt 0.202422 0.715956
vt 0.201549 0.719021
vt 0.202491 0.718760
vt 0.203402 0.715622
vt 0.210065 0.743013
vt 0.217058 0.750888
vt 0.215663 0.750680
vt 0.208816 0.742855
vt 0.207943 0.743170
vt 0.214711 0.751048
vt 0.205515 0.707305
vt 0.206412 0.707532
vt 0.207520 0.707103
vt 0.415473 0.632002
vt 0.419385 0.630584
vt 0.424418 0.613102
vt 0.427922 0.611974
vt 0.429105 0.611593
vt 0.420636 0.630128
vt 0.421666 0.630219
vt 0.430122 0.611723
vt 0.434245 0.593801
vt 0.437399 0.592987
vt 0.444585 0.574524
vt 0.447450 0.574038
vt 0.448505 0.573861
vt 0.438517 0.592700
vt 0.439518 0.592875
vt 0.449489 0.574084
vt 0.455294 0.555269
vt 0.457920 0.555126
vt 0.458914 0.555072
vt 0.459880 0.555346
vt 0.438717 0.635959
vt 0.446942 0.618096
vt 0.447761 0.618665
vt 0.439552 0.636499
vt 0.283044 0.771717
vt 0.281578 0.771607
vt 0.296644 0.789477
vt 0.295263 0.789428
vt 0.291223 0.789095
vt 0.277056 0.771081
vt 0.456137 0.599743
vt 0.465945 0.581335
vt 0.466755 0.581910
vt 0.456947 0.600322
vt 0.311430 0.807365
vt 0.310140 0.807405
vt 0.326967 0.825015
vt 0.325776 0.825161
vt 0.322559 0.825393
vt 0.306538 0.807337
vt 0.476232 0.562944
vt 0.477048 0.563506
vt 0.343050 0.842428
vt 0.341965 0.842695
vt 0.339101 0.843255
vt 0.213741 0.778490
vt 0.232904 0.798836
vt 0.232275 0.799769
vt 0.213109 0.779421
vt 0.373164 0.645990
vt 0.374508 0.645648
vt 0.387403 0.624472
vt 0.388673 0.624165
vt 0.253150 0.819936
vt 0.273561 0.841106
vt 0.272879 0.841993
vt 0.252497 0.820853
vt 0.401603 0.601924
vt 0.402781 0.601699
vt 0.415381 0.579300
vt 0.416471 0.579179
vt 0.294020 0.862298
vt 0.293304 0.863149
vt 0.428852 0.556589
vt 0.429859 0.556585
vt 0.231272 0.765966
vt 0.250452 0.785751
vt 0.249037 0.785640
vt 0.229818 0.765782
vt 0.228814 0.766201
vt 0.248017 0.786100
vt 0.270723 0.806580
vt 0.291065 0.827558
vt 0.289848 0.827651
vt 0.269398 0.806564
vt 0.268387 0.807059
vt 0.288860 0.828181
vt 0.311395 0.848579
vt 0.310293 0.848795
vt 0.309336 0.849364
vt 0.959432 0.800983
vt 0.947954 0.802841
vt 0.962645 0.808344
vt 0.950805 0.811023
vt 0.523592 0.454874
vt 0.524464 0.455436
vt 0.529274 0.448082
vt 0.530078 0.448704
vt 0.891652 0.861663
vt 0.895289 0.861385
vt 0.891789 0.849593
vt 0.895671 0.848965
vt 0.896816 0.849036
vt 0.896385 0.861668
vt 0.897475 0.861792
vt 0.897895 0.849082
vt 0.925654 0.831880
vt 0.924496 0.840293
vt 0.920372 0.838856
vt 0.920788 0.830464
vt 0.923842 0.849279
vt 0.920063 0.848265
vt 0.918899 0.848205
vt 0.919156 0.838578
vt 0.919467 0.830124
vt 0.918063 0.838548
vt 0.918371 0.830062
vt 0.917804 0.848262
vt 0.914683 0.838612
vt 0.904400 0.786109
vt 0.901115 0.786156
vt 0.902056 0.765039
vt 0.903900 0.797358
vt 0.900618 0.797393
vt 0.899567 0.797342
vt 0.900065 0.786111
vt 0.901022 0.765013
vt 0.898946 0.785872
vt 0.898415 0.797082
vt 0.895307 0.785116
vt 0.926506 0.785006
vt 0.922742 0.785555
vt 0.923098 0.764233
vt 0.926348 0.796413
vt 0.922267 0.796920
vt 0.921067 0.797099
vt 0.921584 0.785749
vt 0.921987 0.764424
vt 0.920506 0.785828
vt 0.920930 0.764511
vt 0.919989 0.797168
vt 0.916676 0.797209
vt 0.917191 0.785895
vt 0.902851 0.687178
vt 0.903834 0.687187
vt 0.922522 0.686232
vt 0.921484 0.686412
vt 0.920484 0.686498
vt 0.968116 0.757065
vt 0.964920 0.757368
vt 0.958262 0.680023
vt 0.963900 0.757473
vt 0.957299 0.680090
vt 0.962897 0.757635
vt 0.956366 0.680246
vt 0.953416 0.680775
vt 0.861918 0.757797
vt 0.868213 0.681273
vt 0.861134 0.757110
vt 0.867427 0.680991
vt 0.984391 0.755713
vt 0.983361 0.755565
vt 0.974812 0.679343
vt 0.975788 0.679378
vt 0.899950 0.612634
vt 0.902729 0.613087
vt 0.903711 0.613231
vt 0.904652 0.613242
vt 0.921385 0.612457
vt 0.920393 0.612624
vt 0.919438 0.612701
vt 0.953492 0.607109
vt 0.952569 0.607171
vt 0.951666 0.607314
vt 0.948976 0.607771
vt 0.872529 0.608170
vt 0.871734 0.608033
vt 0.968233 0.606538
vt 0.969167 0.606520
vt 0.900682 0.544941
vt 0.901980 0.478215
vt 0.904171 0.478197
vt 0.903208 0.544968
vt 0.905003 0.478117
vt 0.904146 0.544960
vt 0.905051 0.544932
vt 0.905844 0.478072
vt 0.920489 0.544486
vt 0.919536 0.544498
vt 0.918611 0.544523
vt 0.917572 0.477486
vt 0.918449 0.477492
vt 0.949381 0.543957
vt 0.948488 0.543982
vt 0.947614 0.543982
vt 0.943462 0.481916
vt 0.944282 0.482046
vt 0.945161 0.544018
vt 0.876145 0.544589
vt 0.875359 0.544578
vt 0.963816 0.543272
vt 0.962908 0.543332
vt 0.957247 0.480102
vt 0.958156 0.479967
vt 0.941362 0.481385
vt 0.941837 0.478376
vt 0.943405 0.479429
vt 0.944006 0.479676
vt 0.944642 0.479539
vt 0.945087 0.482016
vt 0.879925 0.480601
vt 0.880245 0.477582
vt 0.879148 0.480696
vt 0.879472 0.477604
vt 0.956803 0.476956
vt 0.957709 0.476747
vt 0.905809 0.475402
vt 0.905233 0.475590
vt 0.904607 0.475495
vt 0.902818 0.474964
vt 0.919312 0.477563
vt 0.918884 0.474789
vt 0.918229 0.474896
vt 0.917619 0.474736
vt 0.937621 0.476486
vt 0.937246 0.479990
vt 0.399802 0.976580
vt 0.823158 0.849376
vt 0.822234 0.849627
vt 0.398941 0.977191
vt 0.487012 0.431084
vt 0.488155 0.430917
vt 0.973682 0.851388
vt 0.973166 0.850384
vt 0.423186 0.964559
vt 0.418330 0.965440
vt 0.844289 0.839294
vt 0.840724 0.841589
vt 0.839808 0.842303
vt 0.417085 0.965911
vt 0.416123 0.966416
vt 0.839008 0.842869
vt 0.505415 0.448171
vt 0.496776 0.446208
vt 0.921853 0.805795
vt 0.920592 0.805920
vt 0.926385 0.805396
vt 0.926739 0.814086
vt 0.921532 0.814093
vt 0.920175 0.814091
vt 0.909824 0.806069
vt 0.916212 0.806010
vt 0.903457 0.806121
vt 0.910277 0.797281
vt 0.919518 0.805970
vt 0.919099 0.814108
vt 0.966329 0.779643
vt 0.967402 0.779512
vt 0.910785 0.786003
vt 0.900183 0.806138
vt 0.899134 0.806091
vt 0.899697 0.814204
vt 0.898644 0.814161
vt 0.899164 0.822021
vt 0.898104 0.821975
vt 0.898665 0.830121
vt 0.897597 0.830078
vt 0.968455 0.779334
vt 0.971762 0.778674
vt 0.978020 0.777360
vt 0.984065 0.776100
vt 0.987109 0.775513
vt 0.988114 0.775479
vt 0.858780 0.777514
vt 0.857923 0.776951
vt 0.897332 0.813982
vt 0.896709 0.821903
vt 0.891122 0.821994
vt 0.896308 0.830106
vt 0.891461 0.830893
vt 0.897922 0.805849
vt 0.919753 0.860671
vt 0.918642 0.860891
vt 0.923268 0.861207
vt 0.921240 0.822263
vt 0.919800 0.822061
vt 0.926983 0.823015
vt 0.917549 0.861058
vt 0.896005 0.839032
vt 0.897196 0.838993
vt 0.891814 0.839950
vt 0.918716 0.822029
vt 0.908149 0.838791
vt 0.901629 0.838957
vt 0.898269 0.839021
vt 0.943667 0.847850
vt 0.954031 0.851912
vt 0.519720 0.453167
vt 0.522681 0.454441
vt 0.525506 0.445529
vt 0.528432 0.447500
vt 0.501570 0.855532
vt 0.431294 0.762102
vt 0.595783 0.973211
vt 0.598015 0.975241
vt 0.595598 0.978205
vt 0.593184 0.975820
vt 0.450280 0.555538
vt 0.461733 0.535688
vt 0.439055 0.575458
vt 0.428071 0.595387
vt 0.417433 0.615335
vt 0.399216 0.718460
vt 0.391501 0.707150
vt 0.389325 0.676348
vt 0.391330 0.670271
vt 0.387954 0.681482
vt 0.389216 0.701929
vt 0.387814 0.697347
vt 0.496353 0.478132
vt 0.506209 0.462293
vt 0.485018 0.496669
vt 0.407496 0.634858
vt 0.399446 0.651477
vt 0.387141 0.685766
vt 0.386853 0.689574
vt 0.473363 0.516017
vt 0.394312 0.662766
vt 0.387059 0.693321
vt 0.934290 0.783927
vt 0.934871 0.795415
vt 0.940337 0.544112
vt 0.943582 0.608689
vt 0.947386 0.681855
vt 0.897649 0.478214
vt 0.895806 0.544871
vt 0.935913 0.804458
vt 0.937683 0.813491
vt 0.932969 0.843561
vt 0.931571 0.851871
vt 0.935564 0.835246
vt 0.926952 0.971036
vt 0.926351 0.986852
vt 0.927249 0.948275
vt 0.927653 0.915354
vt 0.928895 0.883273
vt 0.930404 0.863146
vt 0.940601 0.824513
vt 0.954467 0.819212
vt 0.898275 0.474611
vt 0.894493 0.611746
vt 0.892669 0.685501
vt 0.889540 0.763046
vt 0.887867 0.783631
vt 0.315124 0.552324
vt 0.348686 0.488700
vt 0.263931 0.649802
vt 0.299512 0.807186
vt 0.283199 0.788422
vt 0.316375 0.825820
vt 0.333655 0.844304
vt 0.351305 0.862466
vt 0.241235 0.693802
vt 0.236315 0.704833
vt 0.267914 0.770031
vt 0.255558 0.754680
vt 0.236213 0.724317
vt 0.235291 0.720958
vt 0.237740 0.728071
vt 0.234830 0.717606
vt 0.234799 0.713951
vt 0.235226 0.709735
vt 0.240023 0.732582
vt 0.243200 0.737943
vt 0.405581 0.912562
vt 0.387517 0.896983
vt 0.421650 0.925049
vt 0.369291 0.880097
vt 0.247765 0.744584
vt 0.966930 0.816563
vt 0.974066 0.811457
vt 0.519256 0.441932
vt 0.524521 0.432512
vt 0.530230 0.439798
vt 0.885987 0.916451
vt 0.884865 0.883709
vt 0.887025 0.949685
vt 0.884114 0.863076
vt 0.883681 0.851427
vt 0.887889 0.972527
vt 0.888873 0.988371
vt 0.883008 0.842349
vt 0.881374 0.833294
vt 0.444519 0.954132
vt 0.435050 0.963235
vt 0.860942 0.821766
vt 0.865005 0.828596
vt 0.852183 0.832857
vt 0.852717 0.821668
vt 0.877835 0.822221
vt 0.865193 0.815587
vt 0.434013 0.933348
vt 0.443809 0.939377
vt 0.853144 0.811029
vt 0.847031 0.804094
vt 0.453872 0.946015
vt 0.455546 0.935524
vt 0.977279 0.809571
vt 0.978159 0.809037
vt 0.532768 0.442692
vt 0.533513 0.443423
vt 0.978993 0.808576
vt 0.981630 0.807301
vt 0.534255 0.444051
vt 0.536586 0.445957
vt 0.994950 0.802571
vt 0.992164 0.803430
vt 0.995870 0.802325
vt 0.548408 0.454560
vt 0.549216 0.455124
vt 0.545937 0.452842
vt 0.844462 0.801176
vt 0.843783 0.800330
vt 0.456303 0.931137
vt 0.456569 0.929927
vt 0.986839 0.805218
vt 0.541208 0.449464
vt 0.513623 0.450752
vt 0.608357 0.968694
vt 0.613716 0.964737
vt 0.614011 0.966713
vt 0.609355 0.970161
vt 0.602607 0.972179
vt 0.604317 0.973342
vt 0.370187 0.416950
vt 0.369692 0.416797
vt 0.370659 0.415202
vt 0.371314 0.415350
vt 0.371651 0.417082
vt 0.373159 0.415673
vt 0.599742 0.973175
vt 0.601296 0.974708
vt 0.599051 0.973449
vt 0.600292 0.975003
vt 0.388221 0.424805
vt 0.386731 0.423903
vt 0.386522 0.421930
vt 0.387934 0.422762
vt 0.375095 0.418080
vt 0.376363 0.416772
vt 0.583584 0.988162
vt 0.587081 0.987734
vt 0.585676 0.988753
vt 0.388892 0.425044
vt 0.388556 0.422918
vt 0.379458 0.419994
vt 0.380174 0.418513
vt 0.362536 0.409978
vt 0.357269 0.406428
vt 0.358952 0.405531
vt 0.363540 0.408617
vt 0.583062 0.988704
vt 0.585259 0.989290
vt 0.367484 0.414038
vt 0.367993 0.412163
vt 0.598716 0.973866
vt 0.599884 0.975614
vt 0.598782 0.977321
vt 0.369234 0.416255
vt 0.370095 0.414423
vt 0.616283 0.962660
vt 0.617170 0.962081
vt 0.617137 0.964407
vt 0.616327 0.964874
vt 0.383631 0.422142
vt 0.383792 0.420391
vt 0.354586 0.404775
vt 0.353788 0.404169
vt 0.355879 0.403454
vt 0.356557 0.404032
vt 0.596347 0.979997
vt 0.593060 0.982987
vt 0.589723 0.985726
vt 0.774008 0.540399
vt 0.779272 0.538518
vt 0.776958 0.544557
vt 0.774707 0.543661
vt 0.785071 0.538625
vt 0.783117 0.544686
vt 0.796010 0.538625
vt 0.794892 0.544686
vt 0.809977 0.538625
vt 0.809976 0.544686
vt 0.823944 0.538625
vt 0.825060 0.544686
vt 0.834884 0.538625
vt 0.836836 0.544686
vt 0.840684 0.538518
vt 0.842997 0.544557
vt 0.845949 0.540400
vt 0.845249 0.543661
vt 0.773907 0.529888
vt 0.779202 0.528647
vt 0.785024 0.528717
vt 0.795988 0.528717
vt 0.809979 0.528717
vt 0.823969 0.528717
vt 0.834932 0.528717
vt 0.840755 0.528647
vt 0.846049 0.529888
vt 0.773907 0.509525
vt 0.779203 0.509525
vt 0.785026 0.509525
vt 0.795990 0.509525
vt 0.809981 0.509525
vt 0.823972 0.509525
vt 0.834935 0.509525
vt 0.840756 0.509525
vt 0.846049 0.509525
vt 0.773907 0.489163
vt 0.779203 0.490404
vt 0.785028 0.490334
vt 0.795992 0.490334
vt 0.809984 0.490334
vt 0.823975 0.490334
vt 0.834937 0.490334
vt 0.840757 0.490404
vt 0.846049 0.489163
vt 0.774008 0.478651
vt 0.779274 0.480532
vt 0.785076 0.480426
vt 0.796016 0.480426
vt 0.809985 0.480426
vt 0.823953 0.480426
vt 0.834892 0.480426
vt 0.840688 0.480532
vt 0.845949 0.478650
vt 0.774708 0.475390
vt 0.776962 0.474493
vt 0.783124 0.474365
vt 0.794901 0.474365
vt 0.809988 0.474365
vt 0.825072 0.474365
vt 0.836847 0.474365
vt 0.843004 0.474493
vt 0.845251 0.475390
vt 0.950141 0.475437
vt 0.953230 0.475024
vt 0.954948 0.474867
vt 0.891870 0.472805
vt 0.897142 0.472090
vt 0.915427 0.471272
vt 0.917556 0.472021
vt 0.955601 0.474651
vt 0.921864 0.471411
vt 0.926496 0.471494
vt 0.901677 0.472018
vt 0.918314 0.472279
vt 0.932014 0.472330
vt 0.905116 0.472893
vt 0.905805 0.472594
vt 0.941666 0.475236
vt 0.943758 0.476540
vt 0.907788 0.471665
vt 0.944450 0.476989
vt 0.883160 0.474584
vt 0.886896 0.473739
vt 0.945116 0.476807
vt 0.904256 0.472590
vt 0.946918 0.476113
vt 0.937429 0.473637
vt 0.880630 0.475056
vt 0.881305 0.475049
vt 0.911591 0.471080
vt 0.919219 0.471958
vt 0.859308 0.618153
vt 0.852590 0.619312
vt 0.856121 0.615135
vt 0.858499 0.615868
vt 0.846122 0.619226
vt 0.849125 0.615027
vt 0.833521 0.619223
vt 0.835259 0.615023
vt 0.817292 0.619220
vt 0.817326 0.615018
vt 0.801032 0.619217
vt 0.799357 0.615012
vt 0.788213 0.619214
vt 0.785237 0.615008
vt 0.781258 0.619296
vt 0.777669 0.615111
vt 0.773907 0.618129
vt 0.774774 0.615844
vt 0.859730 0.624092
vt 0.852895 0.624831
vt 0.846343 0.624774
vt 0.833692 0.624772
vt 0.817438 0.624770
vt 0.801157 0.624768
vt 0.788316 0.624766
vt 0.781334 0.624819
vt 0.773959 0.624072
vt 0.860309 0.634673
vt 0.853324 0.634665
vt 0.846669 0.634661
vt 0.833979 0.634660
vt 0.817730 0.634659
vt 0.801459 0.634659
vt 0.788626 0.634659
vt 0.781645 0.634659
vt 0.774289 0.634661
vt 0.860887 0.645255
vt 0.853753 0.644499
vt 0.846995 0.644548
vt 0.834265 0.644549
vt 0.818020 0.644550
vt 0.801761 0.644551
vt 0.788936 0.644551
vt 0.781955 0.644500
vt 0.774620 0.645250
vt 0.861089 0.651193
vt 0.853909 0.650018
vt 0.847122 0.650098
vt 0.834401 0.650099
vt 0.818188 0.650101
vt 0.801965 0.650102
vt 0.789173 0.650103
vt 0.782222 0.650023
vt 0.774938 0.651192
vt 0.860348 0.653478
vt 0.857636 0.654211
vt 0.850255 0.654316
vt 0.836259 0.654316
vt 0.818370 0.654316
vt 0.800470 0.654316
vt 0.786407 0.654316
vt 0.778867 0.654211
vt 0.775942 0.653478
vt 0.382192 0.424964
vt 0.378071 0.423013
vt 0.385358 0.426580
vt 0.547479 0.916008
vt 0.541521 0.917257
vt 0.367603 0.418561
vt 0.365218 0.416699
vt 0.368408 0.419072
vt 0.369016 0.419393
vt 0.370624 0.420088
vt 0.581276 0.985537
vt 0.580680 0.986004
vt 0.352777 0.407705
vt 0.351924 0.407149
vt 0.355430 0.409423
vt 0.387027 0.427419
vt 0.387676 0.427728
vt 0.614533 0.960078
vt 0.615375 0.959442
vt 0.611873 0.962110
vt 0.598507 0.970978
vt 0.601192 0.969381
vt 0.597738 0.971529
vt 0.597168 0.971974
vt 0.373879 0.421282
vt 0.535566 0.918506
vt 0.360472 0.412914
vt 0.606626 0.965935
vt 0.699704 0.885079
vt 0.691424 0.887111
vt 0.688445 0.868338
vt 0.697335 0.865665
vt 0.685712 0.858412
vt 0.695300 0.855104
vt 0.681786 0.870308
vt 0.678588 0.860861
vt 0.685167 0.888608
vt 0.463708 0.688497
vt 0.451605 0.690855
vt 0.451209 0.687148
vt 0.463315 0.684787
vt 0.451396 0.683308
vt 0.463468 0.680836
vt 0.442482 0.688907
vt 0.442697 0.685146
vt 0.442874 0.692616
vt 0.482921 0.719955
vt 0.470863 0.718581
vt 0.463152 0.710267
vt 0.475489 0.710635
vt 0.459146 0.705592
vt 0.471326 0.704891
vt 0.454099 0.710112
vt 0.450293 0.706193
vt 0.461840 0.717680
vt 0.439211 0.460333
vt 0.431294 0.457063
vt 0.438987 0.444671
vt 0.448184 0.448302
vt 0.444658 0.434726
vt 0.455206 0.438885
vt 0.431400 0.442260
vt 0.435558 0.433091
vt 0.424988 0.454646
vt 0.598909 0.864105
vt 0.593691 0.867159
vt 0.579076 0.848531
vt 0.584320 0.846158
vt 0.563553 0.829182
vt 0.569261 0.827689
vt 0.574996 0.850379
vt 0.559102 0.830349
vt 0.589650 0.869527
vt 0.466177 0.695977
vt 0.454135 0.698072
vt 0.452573 0.694473
vt 0.464641 0.692152
vt 0.443867 0.696215
vt 0.445445 0.699657
vt 0.509245 0.753177
vt 0.499842 0.751845
vt 0.483955 0.733208
vt 0.494851 0.734947
vt 0.475595 0.731995
vt 0.492550 0.750870
vt 0.623717 0.895098
vt 0.616791 0.898360
vt 0.606595 0.884162
vt 0.612427 0.880878
vt 0.602101 0.886685
vt 0.611417 0.900783
vt 0.703083 0.948850
vt 0.695892 0.949722
vt 0.694180 0.917785
vt 0.701872 0.916429
vt 0.688327 0.918800
vt 0.690400 0.950393
vt 0.586174 0.821952
vt 0.591067 0.818506
vt 0.604903 0.834666
vt 0.600069 0.838230
vt 0.619258 0.850788
vt 0.614491 0.854476
vt 0.609701 0.831118
vt 0.623983 0.847117
vt 0.595928 0.815073
vt 0.665467 0.805931
vt 0.661636 0.804756
vt 0.664210 0.799012
vt 0.668265 0.799615
vt 0.666909 0.791408
vt 0.670936 0.791797
vt 0.663148 0.798799
vt 0.665804 0.791300
vt 0.660649 0.804375
vt 0.272803 0.697544
vt 0.278851 0.698367
vt 0.278098 0.702354
vt 0.272069 0.702030
vt 0.277707 0.706182
vt 0.271734 0.706392
vt 0.283410 0.702822
vt 0.282919 0.706152
vt 0.284267 0.699303
vt 0.705019 0.987313
vt 0.698455 0.988122
vt 0.697125 0.972162
vt 0.703959 0.971439
vt 0.691882 0.972732
vt 0.693380 0.988767
vt 0.452183 0.679281
vt 0.464207 0.676481
vt 0.453588 0.674981
vt 0.465650 0.671621
vt 0.443513 0.681360
vt 0.444868 0.677461
vt 0.412700 0.426791
vt 0.415234 0.420934
vt 0.421247 0.422907
vt 0.418890 0.428873
vt 0.427341 0.424617
vt 0.425258 0.430814
vt 0.805406 0.845373
vt 0.803229 0.849890
vt 0.797586 0.847569
vt 0.800215 0.843167
vt 0.810751 0.847265
vt 0.808811 0.851852
vt 0.272295 0.715109
vt 0.278031 0.713768
vt 0.278774 0.717473
vt 0.273221 0.719353
vt 0.279888 0.721057
vt 0.274549 0.723429
vt 0.283611 0.715890
vt 0.284571 0.718994
vt 0.283010 0.712695
vt 0.274230 0.691927
vt 0.280260 0.693274
vt 0.285816 0.694710
vt 0.284365 0.682882
vt 0.290106 0.685034
vt 0.278386 0.680802
vt 0.689442 0.840499
vt 0.678541 0.845917
vt 0.671999 0.838506
vt 0.683886 0.832235
vt 0.678629 0.825900
vt 0.670567 0.827044
vt 0.638105 0.914105
vt 0.643130 0.922267
vt 0.632516 0.927856
vt 0.628525 0.917756
vt 0.620490 0.919091
vt 0.622028 0.926075
vt 0.671122 0.850644
vt 0.666018 0.846982
vt 0.357430 0.533563
vt 0.371413 0.507969
vt 0.377419 0.510737
vt 0.363427 0.536344
vt 0.383430 0.513509
vt 0.369426 0.539125
vt 0.390451 0.486694
vt 0.396499 0.489438
vt 0.384416 0.483963
vt 0.277678 0.709988
vt 0.271801 0.710761
vt 0.282781 0.709437
vt 0.287866 0.661308
vt 0.293774 0.663894
vt 0.299603 0.666517
vt 0.306912 0.639441
vt 0.312816 0.642192
vt 0.300988 0.636709
vt 0.395482 0.463032
vt 0.401590 0.465673
vt 0.407739 0.468344
vt 0.410049 0.448829
vt 0.416374 0.451339
vt 0.403829 0.446359
vt 0.797707 0.890967
vt 0.793737 0.921295
vt 0.787566 0.920895
vt 0.791528 0.890205
vt 0.781350 0.920509
vt 0.785230 0.889460
vt 0.784634 0.952572
vt 0.778498 0.952312
vt 0.790762 0.952844
vt 0.806786 0.856748
vt 0.800983 0.854841
vt 0.794958 0.852643
vt 0.798462 0.861270
vt 0.792167 0.859417
vt 0.804461 0.862966
vt 0.801559 0.872538
vt 0.795422 0.871240
vt 0.789050 0.869911
vt 0.763677 0.853037
vt 0.765114 0.844721
vt 0.776605 0.847443
vt 0.774378 0.855147
vt 0.785453 0.849317
vt 0.782704 0.856674
vt 0.779695 0.840359
vt 0.788550 0.843445
vt 0.767594 0.836618
vt 0.788759 0.975195
vt 0.782656 0.974926
vt 0.776565 0.974658
vt 0.781095 0.991108
vt 0.774964 0.990808
vt 0.787227 0.991393
vt 0.281347 0.724513
vt 0.276238 0.727310
vt 0.283160 0.727929
vt 0.278277 0.731058
vt 0.285880 0.722015
vt 0.287569 0.725051
vt 0.723354 0.882062
vt 0.722643 0.860783
vt 0.729241 0.860968
vt 0.729892 0.882220
vt 0.735895 0.861161
vt 0.736474 0.882405
vt 0.728821 0.848221
vt 0.735402 0.848446
vt 0.722267 0.847989
vt 0.651589 0.876006
vt 0.653884 0.873948
vt 0.663016 0.882629
vt 0.660787 0.884746
vt 0.669051 0.888302
vt 0.666860 0.890424
vt 0.663702 0.881921
vt 0.669748 0.887604
vt 0.654575 0.873243
vt 0.611086 0.439735
vt 0.616647 0.442886
vt 0.583156 0.507347
vt 0.577601 0.504214
vt 0.532049 0.606802
vt 0.526468 0.603794
vt 0.588710 0.510479
vt 0.537611 0.609787
vt 0.622211 0.446037
vt 0.724037 0.947422
vt 0.730427 0.947701
vt 0.730375 0.970379
vt 0.724078 0.970101
vt 0.730337 0.986044
vt 0.724314 0.985781
vt 0.736676 0.970716
vt 0.736361 0.986431
vt 0.736826 0.947999
vt 0.514290 0.722981
vt 0.519777 0.720429
vt 0.528521 0.735005
vt 0.523232 0.737780
vt 0.539614 0.751649
vt 0.534442 0.754614
vt 0.533739 0.732268
vt 0.544732 0.748709
vt 0.525145 0.717951
vt 0.456319 0.701738
vt 0.468385 0.700188
vt 0.447593 0.702938
vt 0.642447 0.884144
vt 0.647063 0.880044
vt 0.656409 0.888926
vt 0.651964 0.893238
vt 0.662622 0.894597
vt 0.658407 0.898928
vt 0.505081 0.703606
vt 0.502731 0.696734
vt 0.509032 0.695169
vt 0.511123 0.701653
vt 0.514895 0.693777
vt 0.516841 0.699861
vt 0.507680 0.689909
vt 0.513655 0.688914
vt 0.501151 0.691060
vt 0.500139 0.686607
vt 0.506835 0.685851
vt 0.512890 0.685208
vt 0.506280 0.682497
vt 0.512388 0.682174
vt 0.499482 0.682880
vt 0.499075 0.679210
vt 0.505923 0.679211
vt 0.512066 0.679219
vt 0.505807 0.675458
vt 0.511964 0.675859
vt 0.498961 0.675015
vt 0.499292 0.669832
vt 0.506086 0.670808
vt 0.512233 0.671697
vt 0.506977 0.665092
vt 0.513096 0.666524
vt 0.500292 0.663526
vt 0.514317 0.709605
vt 0.508551 0.711886
vt 0.519870 0.707448
vt 0.504520 0.650164
vt 0.510630 0.652561
vt 0.516520 0.654826
vt 0.757891 0.949961
vt 0.765137 0.950911
vt 0.763667 0.973439
vt 0.756821 0.972647
vt 0.762247 0.989446
vt 0.755659 0.988566
vt 0.768912 0.974062
vt 0.767346 0.990139
vt 0.770671 0.951655
vt 0.761074 0.884769
vt 0.762545 0.864352
vt 0.772398 0.866269
vt 0.769949 0.886568
vt 0.779990 0.867791
vt 0.776687 0.887997
vt 0.311754 0.693689
vt 0.300397 0.696218
vt 0.302767 0.690740
vt 0.314328 0.687209
vt 0.307904 0.680620
vt 0.319453 0.676310
vt 0.294459 0.693635
vt 0.299369 0.683973
vt 0.292350 0.698389
vt 0.388904 0.542158
vt 0.382401 0.541616
vt 0.395857 0.517579
vt 0.401987 0.519267
vt 0.408919 0.494700
vt 0.415092 0.497281
vt 0.391063 0.516265
vt 0.404098 0.492696
vt 0.377312 0.541194
vt 0.421012 0.474046
vt 0.427831 0.477048
vt 0.415675 0.471744
vt 0.309193 0.703156
vt 0.298091 0.704297
vt 0.298968 0.700488
vt 0.310172 0.698787
vt 0.291126 0.702042
vt 0.290394 0.705393
vt 0.551722 0.768546
vt 0.546649 0.771659
vt 0.564420 0.785349
vt 0.559425 0.788575
vt 0.556755 0.765453
vt 0.569385 0.782136
vt 0.314097 0.724553
vt 0.302926 0.724118
vt 0.300850 0.720708
vt 0.311838 0.720654
vt 0.299346 0.717454
vt 0.310279 0.717048
vt 0.293127 0.720615
vt 0.291738 0.717680
vt 0.294971 0.723633
vt 0.298349 0.714263
vt 0.309283 0.713661
vt 0.297818 0.711064
vt 0.308786 0.710347
vt 0.290792 0.714712
vt 0.290258 0.711685
vt 0.409234 0.434699
vt 0.415502 0.436955
vt 0.421946 0.439198
vt 0.297721 0.707781
vt 0.308745 0.706928
vt 0.290119 0.708588
vt 0.317361 0.662457
vt 0.328261 0.658192
vt 0.329662 0.639153
vt 0.339422 0.635624
vt 0.309098 0.665736
vt 0.322130 0.641879
vt 0.767193 0.918500
vt 0.759284 0.917123
vt 0.773218 0.919572
vt 0.356155 0.769498
vt 0.345168 0.768141
vt 0.310060 0.731823
vt 0.321605 0.732999
vt 0.301596 0.730935
vt 0.336807 0.767121
vt 0.363562 0.588819
vt 0.355761 0.590385
vt 0.369011 0.565960
vt 0.376086 0.565416
vt 0.363477 0.566385
vt 0.349670 0.591606
vt 0.314981 0.611043
vt 0.320948 0.613812
vt 0.326911 0.616590
vt 0.335099 0.588030
vt 0.341088 0.590814
vt 0.329110 0.585249
vt 0.633977 0.866683
vt 0.629276 0.870531
vt 0.638616 0.862858
vt 0.342633 0.614813
vt 0.351318 0.612243
vt 0.335876 0.616808
vt 0.577565 0.802041
vt 0.572621 0.805375
vt 0.582477 0.798719
vt 0.289248 0.736395
vt 0.284780 0.740173
vt 0.324454 0.773632
vt 0.320276 0.777963
vt 0.293524 0.732690
vt 0.328609 0.769302
vt 0.343271 0.559412
vt 0.349266 0.562196
vt 0.355261 0.564980
vt 0.459399 0.664771
vt 0.471612 0.660462
vt 0.487106 0.616513
vt 0.498149 0.612007
vt 0.450457 0.667921
vt 0.478670 0.619870
vt 0.539107 0.790466
vt 0.531927 0.790430
vt 0.515959 0.771132
vt 0.524124 0.771842
vt 0.509611 0.770606
vt 0.526332 0.790416
vt 0.547785 0.809775
vt 0.554153 0.809090
vt 0.542817 0.810318
vt 0.730378 0.914797
vt 0.723963 0.914565
vt 0.736815 0.915048
vt 0.659730 0.803935
vt 0.662146 0.798429
vt 0.664748 0.791035
vt 0.659003 0.797227
vt 0.661462 0.790048
vt 0.656797 0.802664
vt 0.709675 0.685410
vt 0.709360 0.763377
vt 0.702200 0.762284
vt 0.703579 0.684402
vt 0.661647 0.756591
vt 0.655611 0.756029
vt 0.663236 0.679575
vt 0.668651 0.679753
vt 0.678469 0.606988
vt 0.674071 0.679926
vt 0.673680 0.606846
vt 0.692848 0.760848
vt 0.695693 0.683083
vt 0.759992 0.791411
vt 0.757787 0.781044
vt 0.767122 0.779141
vt 0.769868 0.788957
vt 0.774095 0.777616
vt 0.777164 0.787042
vt 0.764278 0.759293
vt 0.770950 0.757964
vt 0.755382 0.760845
vt 0.721545 0.829681
vt 0.721099 0.821660
vt 0.727565 0.821622
vt 0.728060 0.829666
vt 0.733993 0.821546
vt 0.734537 0.829624
vt 0.727025 0.813750
vt 0.733412 0.813711
vt 0.720611 0.813761
vt 0.728545 0.686617
vt 0.730691 0.764483
vt 0.724474 0.764375
vt 0.723094 0.686441
vt 0.668889 0.606704
vt 0.764230 0.681090
vt 0.758293 0.682180
vt 0.718243 0.764255
vt 0.717645 0.686260
vt 0.710433 0.611685
vt 0.704993 0.610814
vt 0.750450 0.683547
vt 0.682209 0.543794
vt 0.677838 0.543634
vt 0.697979 0.609687
vt 0.727351 0.612700
vt 0.722546 0.612568
vt 0.673465 0.543472
vt 0.678423 0.480314
vt 0.682421 0.480823
vt 0.759465 0.607846
vt 0.754121 0.608766
vt 0.717743 0.612434
vt 0.710971 0.544137
vt 0.706110 0.544092
vt 0.747113 0.609970
vt 0.751119 0.476438
vt 0.751316 0.479578
vt 0.747038 0.478875
vt 0.746842 0.475549
vt 0.699870 0.544027
vt 0.701743 0.478323
vt 0.707460 0.477472
vt 0.726539 0.544411
vt 0.722153 0.544321
vt 0.741413 0.478099
vt 0.741071 0.474609
vt 0.755487 0.543903
vt 0.750690 0.544012
vt 0.717767 0.544226
vt 0.717859 0.477043
vt 0.721659 0.477023
vt 0.712602 0.473932
vt 0.711847 0.477291
vt 0.707920 0.473743
vt 0.744440 0.544164
vt 0.687037 0.478676
vt 0.686284 0.481552
vt 0.683041 0.477631
vt 0.701753 0.474654
vt 0.726006 0.474137
vt 0.725463 0.477446
vt 0.721810 0.473261
vt 0.678848 0.477114
vt 0.739436 0.763670
vt 0.736015 0.764297
vt 0.733431 0.686513
vt 0.736478 0.685975
vt 0.717489 0.473730
vt 0.462016 0.921632
vt 0.405795 0.864696
vt 0.409964 0.860314
vt 0.466193 0.917228
vt 0.414132 0.855933
vt 0.470368 0.912830
vt 0.690305 0.793961
vt 0.679359 0.792702
vt 0.681417 0.781140
vt 0.691654 0.782420
vt 0.683502 0.759386
vt 0.673520 0.780171
vt 0.676384 0.758234
vt 0.547822 0.507342
vt 0.555758 0.505711
vt 0.631044 0.368220
vt 0.626845 0.365825
vt 0.628637 0.362708
vt 0.632918 0.365227
vt 0.623537 0.364043
vt 0.625308 0.360946
vt 0.541704 0.508570
vt 0.762878 0.799468
vt 0.751703 0.802430
vt 0.749765 0.793810
vt 0.742717 0.804395
vt 0.741718 0.795633
vt 0.754455 0.811064
vt 0.744056 0.812809
vt 0.766635 0.807135
vt 0.485817 0.905716
vt 0.480326 0.907470
vt 0.426820 0.852311
vt 0.434504 0.851867
vt 0.420914 0.852678
vt 0.476092 0.908847
vt 0.714665 0.881600
vt 0.717894 0.881387
vt 0.718640 0.914027
vt 0.715668 0.914162
vt 0.718775 0.947169
vt 0.715976 0.947369
vt 0.719605 0.914272
vt 0.719706 0.947209
vt 0.718928 0.881749
vt 0.720004 0.881965
vt 0.720659 0.914435
vt 0.720751 0.947281
vt 0.645653 0.798764
vt 0.647381 0.793342
vt 0.653098 0.795158
vt 0.651194 0.800568
vt 0.655311 0.788222
vt 0.649414 0.786557
vt 0.604128 0.437349
vt 0.606471 0.437531
vt 0.572765 0.502308
vt 0.569773 0.502854
vt 0.521301 0.602387
vt 0.517342 0.604012
vt 0.573741 0.502222
vt 0.522505 0.601967
vt 0.607285 0.437672
vt 0.608222 0.438124
vt 0.574721 0.502614
vt 0.523546 0.602258
vt 0.718878 0.970010
vt 0.716196 0.970238
vt 0.719250 0.985757
vt 0.716676 0.986011
vt 0.719794 0.969959
vt 0.720147 0.985685
vt 0.720830 0.969981
vt 0.721164 0.985692
vt 0.579475 0.825031
vt 0.581836 0.824423
vt 0.595874 0.840952
vt 0.593710 0.841919
vt 0.610385 0.857400
vt 0.608258 0.858639
vt 0.596703 0.840596
vt 0.611181 0.856952
vt 0.582743 0.824196
vt 0.583625 0.823721
vt 0.597553 0.840067
vt 0.612009 0.856380
vt 0.625164 0.873585
vt 0.622840 0.874929
vt 0.638334 0.887381
vt 0.635736 0.888817
vt 0.625995 0.873111
vt 0.639202 0.886889
vt 0.626819 0.872516
vt 0.640022 0.886259
vt 0.501845 0.704698
vt 0.499318 0.697651
vt 0.497562 0.691779
vt 0.498165 0.697863
vt 0.496359 0.691964
vt 0.500736 0.704923
vt 0.499290 0.704815
vt 0.496683 0.697863
vt 0.494833 0.692050
vt 0.491586 0.698004
vt 0.489578 0.692530
vt 0.494349 0.704549
vt 0.496398 0.687103
vt 0.495660 0.683131
vt 0.495144 0.687247
vt 0.494382 0.683224
vt 0.493572 0.687402
vt 0.492782 0.683437
vt 0.488201 0.688116
vt 0.487366 0.684286
vt 0.495229 0.679208
vt 0.495149 0.674753
vt 0.493944 0.679253
vt 0.493880 0.674751
vt 0.492362 0.679514
vt 0.492324 0.675071
vt 0.486971 0.680472
vt 0.487011 0.676186
vt 0.495533 0.669282
vt 0.496629 0.662615
vt 0.494273 0.669237
vt 0.495378 0.662504
vt 0.492740 0.669644
vt 0.493895 0.663062
vt 0.487540 0.671026
vt 0.488850 0.664878
vt 0.503014 0.713124
vt 0.498242 0.712447
vt 0.509002 0.724270
vt 0.504499 0.723395
vt 0.504429 0.713344
vt 0.510374 0.724544
vt 0.505497 0.713117
vt 0.511405 0.724313
vt 0.501306 0.648849
vt 0.500168 0.648648
vt 0.498815 0.649228
vt 0.494166 0.651372
vt 0.739877 0.882486
vt 0.740147 0.915164
vt 0.740126 0.948155
vt 0.741207 0.915077
vt 0.741177 0.948177
vt 0.740957 0.882317
vt 0.741975 0.881924
vt 0.742166 0.914846
vt 0.742100 0.948167
vt 0.745173 0.914946
vt 0.744907 0.948385
vt 0.745289 0.881968
vt 0.642810 0.797898
vt 0.644492 0.792463
vt 0.646459 0.785757
vt 0.643566 0.792188
vt 0.645505 0.785540
vt 0.641887 0.797640
vt 0.780709 0.793396
vt 0.773270 0.796149
vt 0.777508 0.802735
vt 0.784701 0.798615
vt 0.625078 0.447672
vt 0.591569 0.512112
vt 0.540469 0.611354
vt 0.592411 0.512743
vt 0.541269 0.612045
vt 0.625956 0.448245
vt 0.498392 0.901534
vt 0.497665 0.901846
vt 0.450934 0.850826
vt 0.451852 0.850687
vt 0.379479 0.772394
vt 0.380681 0.772500
vt 0.448062 0.851057
vt 0.375475 0.771912
vt 0.495551 0.902586
vt 0.739928 0.970916
vt 0.739508 0.986669
vt 0.740961 0.970994
vt 0.740519 0.986763
vt 0.741868 0.971077
vt 0.741407 0.986867
vt 0.744551 0.971332
vt 0.743978 0.987147
vt 0.598413 0.813293
vt 0.612156 0.829284
vt 0.626400 0.845223
vt 0.612895 0.828632
vt 0.627141 0.844571
vt 0.599141 0.812624
vt 0.404223 0.543490
vt 0.403183 0.543358
vt 0.415419 0.522973
vt 0.416384 0.523273
vt 0.428526 0.502934
vt 0.429453 0.503356
vt 0.412900 0.522278
vt 0.426037 0.501883
vt 0.400494 0.543129
vt 0.640982 0.860889
vt 0.641701 0.860212
vt 0.442404 0.483660
vt 0.443348 0.484131
vt 0.455275 0.467993
vt 0.456215 0.468524
vt 0.439758 0.482444
vt 0.452462 0.466575
vt 0.333698 0.689396
vt 0.338533 0.688400
vt 0.336926 0.695630
vt 0.332061 0.696203
vt 0.335937 0.701385
vt 0.331059 0.701672
vt 0.338368 0.695474
vt 0.337372 0.701319
vt 0.339981 0.688116
vt 0.520496 0.698525
vt 0.519647 0.698943
vt 0.517740 0.693066
vt 0.518617 0.692752
vt 0.516528 0.688403
vt 0.517426 0.688180
vt 0.335448 0.705762
vt 0.330569 0.705915
vt 0.335405 0.709339
vt 0.330534 0.709447
vt 0.336873 0.705741
vt 0.336825 0.709336
vt 0.515785 0.684874
vt 0.516688 0.684736
vt 0.515296 0.682003
vt 0.516201 0.681949
vt 0.335741 0.712762
vt 0.330909 0.712831
vt 0.336524 0.716518
vt 0.331753 0.716493
vt 0.337148 0.712773
vt 0.337914 0.716555
vt 0.514981 0.679221
vt 0.515883 0.679254
vt 0.514876 0.676068
vt 0.515771 0.676200
vt 0.337862 0.720974
vt 0.333175 0.720763
vt 0.340077 0.726167
vt 0.335477 0.725689
vt 0.339229 0.721061
vt 0.341422 0.726316
vt 0.515143 0.672165
vt 0.516024 0.672418
vt 0.516021 0.667294
vt 0.516874 0.667705
vt 0.522629 0.706332
vt 0.527846 0.716658
vt 0.523440 0.705808
vt 0.528616 0.716046
vt 0.341069 0.679343
vt 0.342520 0.678919
vt 0.345374 0.666572
vt 0.346810 0.666065
vt 0.336295 0.680823
vt 0.340789 0.668351
vt 0.347515 0.736371
vt 0.343022 0.735701
vt 0.348834 0.736550
vt 0.519428 0.656036
vt 0.520243 0.656634
vt 0.788631 0.795787
vt 0.787840 0.796476
vt 0.784070 0.791997
vt 0.784958 0.791498
vt 0.780517 0.786021
vt 0.781435 0.785592
vt 0.465235 0.458130
vt 0.466086 0.458810
vt 0.472651 0.452429
vt 0.473369 0.453324
vt 0.462438 0.456224
vt 0.470123 0.449574
vt 0.800853 0.891350
vt 0.796909 0.921505
vt 0.793927 0.952987
vt 0.797920 0.921560
vt 0.794938 0.953025
vt 0.801853 0.891444
vt 0.681270 0.889565
vt 0.682179 0.889324
vt 0.685478 0.919283
vt 0.684562 0.919437
vt 0.687692 0.950723
vt 0.686789 0.950838
vt 0.807455 0.863777
vt 0.804636 0.873160
vt 0.805613 0.873301
vt 0.808412 0.863963
vt 0.674535 0.862673
vt 0.675358 0.862143
vt 0.678680 0.871297
vt 0.677804 0.871676
vt 0.400666 0.445091
vt 0.406059 0.433526
vt 0.409542 0.425673
vt 0.405051 0.433134
vt 0.408535 0.425312
vt 0.399663 0.444662
vt 0.607899 0.902414
vt 0.608765 0.901988
vt 0.614006 0.912187
vt 0.613045 0.912542
vt 0.616617 0.919569
vt 0.615544 0.919796
vt 0.617190 0.911162
vt 0.459868 0.923913
vt 0.403658 0.866973
vt 0.318137 0.780216
vt 0.403081 0.867790
vt 0.317625 0.781091
vt 0.459238 0.924686
vt 0.579386 0.435974
vt 0.580220 0.436092
vt 0.538679 0.509124
vt 0.537682 0.509239
vt 0.474626 0.621437
vt 0.473385 0.621871
vt 0.582584 0.436268
vt 0.791916 0.975332
vt 0.790390 0.991534
vt 0.792927 0.975372
vt 0.791404 0.991574
vt 0.689271 0.973020
vt 0.688381 0.973130
vt 0.690829 0.989094
vt 0.689947 0.989219
vt 0.354341 0.532111
vt 0.368318 0.506532
vt 0.381309 0.482553
vt 0.367351 0.506005
vt 0.380323 0.482071
vt 0.353401 0.531530
vt 0.555863 0.831237
vt 0.556760 0.830966
vt 0.572861 0.851345
vt 0.572053 0.851736
vt 0.587567 0.870751
vt 0.586802 0.871223
vt 0.392351 0.461676
vt 0.391354 0.461219
vt 0.599833 0.887969
vt 0.599041 0.888444
vt 0.811681 0.852787
vt 0.809714 0.857661
vt 0.810656 0.857887
vt 0.812612 0.853039
vt 0.667302 0.853921
vt 0.667967 0.853095
vt 0.671834 0.856693
vt 0.671074 0.857357
vt 0.675158 0.855032
vt 0.446175 0.706500
vt 0.443564 0.703529
vt 0.441443 0.700422
vt 0.442398 0.703737
vt 0.440299 0.700672
vt 0.444959 0.706633
vt 0.268308 0.696652
vt 0.269412 0.697064
vt 0.268644 0.701860
vt 0.267486 0.701617
vt 0.268316 0.706544
vt 0.267133 0.706478
vt 0.439859 0.697045
vt 0.438853 0.693444
vt 0.438719 0.697306
vt 0.437710 0.693698
vt 0.268426 0.711252
vt 0.267234 0.711369
vt 0.269004 0.715937
vt 0.267864 0.716232
vt 0.438466 0.689722
vt 0.438698 0.685992
vt 0.437322 0.689965
vt 0.437553 0.686239
vt 0.270055 0.720491
vt 0.268983 0.720947
vt 0.271534 0.724845
vt 0.270553 0.725444
vt 0.439527 0.682322
vt 0.440853 0.678633
vt 0.438377 0.682597
vt 0.439681 0.678968
vt 0.273400 0.728966
vt 0.272530 0.729686
vt 0.275651 0.732885
vt 0.274928 0.733689
vt 0.270928 0.691130
vt 0.275231 0.679659
vt 0.269915 0.690563
vt 0.274320 0.678978
vt 0.449834 0.710049
vt 0.448533 0.710077
vt 0.457492 0.717268
vt 0.456111 0.717192
vt 0.446258 0.669445
vt 0.445002 0.669889
vt 0.282450 0.742247
vt 0.281879 0.743110
vt 0.779908 0.888720
vt 0.776150 0.920092
vt 0.773397 0.952023
vt 0.777091 0.920237
vt 0.774306 0.952128
vt 0.780886 0.888946
vt 0.781937 0.889089
vt 0.778123 0.920313
vt 0.775323 0.952181
vt 0.786663 0.857580
vt 0.783582 0.868647
vt 0.784600 0.868990
vt 0.787719 0.858025
vt 0.788787 0.858415
vt 0.785678 0.869248
vt 0.421810 0.453457
vt 0.427619 0.441098
vt 0.431047 0.432366
vt 0.426451 0.440722
vt 0.429772 0.432050
vt 0.420744 0.453066
vt 0.419672 0.452656
vt 0.425347 0.440358
vt 0.428665 0.431752
vt 0.473978 0.909586
vt 0.418018 0.852910
vt 0.332817 0.766650
vt 0.417085 0.853068
vt 0.331608 0.766569
vt 0.473256 0.909912
vt 0.472523 0.910575
vt 0.416297 0.853685
vt 0.330761 0.767106
vt 0.771521 0.974373
vt 0.769904 0.990481
vt 0.772412 0.974466
vt 0.770792 0.990585
vt 0.773420 0.974518
vt 0.771803 0.990646
vt 0.374625 0.540975
vt 0.388543 0.515583
vt 0.401593 0.491663
vt 0.387570 0.515333
vt 0.400650 0.491292
vt 0.373582 0.540893
vt 0.372533 0.540546
vt 0.386541 0.514934
vt 0.399630 0.490858
vt 0.412945 0.470578
vt 0.411966 0.470174
vt 0.410929 0.469738
vt 0.792706 0.844952
vt 0.789644 0.850320
vt 0.790723 0.850846
vt 0.793738 0.845548
vt 0.794638 0.846110
vt 0.791731 0.851346
vt 0.286837 0.699871
vt 0.285889 0.703141
vt 0.285327 0.706210
vt 0.286683 0.703150
vt 0.286085 0.706176
vt 0.287682 0.699916
vt 0.288731 0.699553
vt 0.287664 0.702888
vt 0.287029 0.705990
vt 0.285132 0.709231
vt 0.285299 0.712230
vt 0.285870 0.709148
vt 0.286020 0.712096
vt 0.286799 0.709012
vt 0.286951 0.711993
vt 0.285842 0.715170
vt 0.286736 0.718024
vt 0.286551 0.714987
vt 0.287446 0.717792
vt 0.287478 0.714915
vt 0.288387 0.717754
vt 0.287994 0.720805
vt 0.289628 0.723599
vt 0.288712 0.720522
vt 0.290362 0.723249
vt 0.289690 0.720526
vt 0.291395 0.723314
vt 0.290609 0.695134
vt 0.295281 0.685696
vt 0.289446 0.695616
vt 0.293991 0.686264
vt 0.288521 0.695542
vt 0.292976 0.686160
vt 0.295624 0.730780
vt 0.296430 0.730325
vt 0.297611 0.730447
vt 0.518149 0.739203
vt 0.514062 0.738421
vt 0.529524 0.756226
vt 0.525886 0.755668
vt 0.519456 0.739455
vt 0.530753 0.756415
vt 0.520459 0.739202
vt 0.531736 0.756126
vt 0.541888 0.773474
vt 0.538645 0.773169
vt 0.554813 0.790592
vt 0.551906 0.790566
vt 0.543037 0.773580
vt 0.555882 0.790599
vt 0.543998 0.773248
vt 0.556818 0.790224
vt 0.568145 0.807608
vt 0.565529 0.807883
vt 0.569134 0.807503
vt 0.570045 0.807081
vt 0.536386 0.730835
vt 0.547335 0.747171
vt 0.537124 0.730169
vt 0.548054 0.746479
vt 0.352067 0.648717
vt 0.353453 0.648224
vt 0.360576 0.627921
vt 0.361896 0.627510
vt 0.347844 0.650415
vt 0.356767 0.629306
vt 0.559320 0.763836
vt 0.571919 0.780459
vt 0.560028 0.763136
vt 0.572628 0.779763
vt 0.370194 0.606661
vt 0.371448 0.606360
vt 0.380602 0.585413
vt 0.381789 0.585241
vt 0.366737 0.607674
vt 0.377437 0.586037
vt 0.584988 0.796989
vt 0.585704 0.796305
vt 0.391601 0.564235
vt 0.392719 0.564207
vt 0.388692 0.564449
vt 0.284812 0.659942
vt 0.297941 0.635267
vt 0.283957 0.659211
vt 0.297089 0.634533
vt 0.471453 0.731433
vt 0.470071 0.731309
vt 0.488841 0.750403
vt 0.487538 0.750301
vt 0.311915 0.609581
vt 0.326031 0.583783
vt 0.311044 0.608868
vt 0.325139 0.583106
vt 0.506328 0.770352
vt 0.505129 0.770316
vt 0.523411 0.790421
vt 0.522315 0.790473
vt 0.340186 0.557951
vt 0.339272 0.557319
vt 0.540207 0.810610
vt 0.539212 0.810766
vt 0.305023 0.667407
vt 0.318316 0.643270
vt 0.303669 0.667967
vt 0.316980 0.643749
vt 0.302590 0.667828
vt 0.315875 0.643574
vt 0.332386 0.617836
vt 0.346485 0.592242
vt 0.331111 0.618202
vt 0.345286 0.592473
vt 0.330005 0.617991
vt 0.344194 0.592222
vt 0.360562 0.566610
vt 0.359441 0.566691
vt 0.358369 0.566395
vt 0.688338 0.802743
vt 0.676843 0.800987
vt 0.673696 0.808376
vt 0.685560 0.810950
vt 0.649633 0.895505
vt 0.648860 0.896198
vt 0.656241 0.901263
vt 0.655547 0.902005
vt 0.741525 0.860814
vt 0.745163 0.861059
vt 0.741031 0.848397
vt 0.744919 0.848990
vt 0.740431 0.861106
vt 0.739887 0.848478
vt 0.739342 0.861240
vt 0.738808 0.848535
vt 0.710897 0.831581
vt 0.715750 0.830122
vt 0.716241 0.838510
vt 0.712130 0.839983
vt 0.716634 0.847916
vt 0.712864 0.848963
vt 0.717455 0.838220
vt 0.717797 0.847845
vt 0.717068 0.829770
vt 0.718163 0.829698
vt 0.718547 0.838181
vt 0.718893 0.847892
vt 0.721928 0.838215
vt 0.733896 0.764532
vt 0.735026 0.785639
vt 0.731740 0.785622
vt 0.735623 0.796871
vt 0.732341 0.796866
vt 0.736076 0.785585
vt 0.736673 0.796811
vt 0.734930 0.764497
vt 0.737192 0.785336
vt 0.737823 0.796540
vt 0.740824 0.784548
vt 0.712847 0.763914
vt 0.713394 0.785232
vt 0.709626 0.784717
vt 0.713971 0.796592
vt 0.709886 0.796122
vt 0.714554 0.785416
vt 0.715173 0.796761
vt 0.713960 0.764095
vt 0.715018 0.764173
vt 0.715633 0.785485
vt 0.716251 0.796820
vt 0.718948 0.785522
vt 0.719565 0.796831
vt 0.732405 0.686681
vt 0.731422 0.686699
vt 0.712726 0.685911
vt 0.713766 0.686081
vt 0.714766 0.686158
vt 0.676932 0.680022
vt 0.670966 0.757423
vt 0.667767 0.757148
vt 0.677895 0.680080
vt 0.671986 0.757519
vt 0.678829 0.680228
vt 0.672991 0.757672
vt 0.681784 0.680731
vt 0.766989 0.680466
vt 0.773967 0.756931
vt 0.767772 0.680177
vt 0.774746 0.756237
vt 0.651481 0.755943
vt 0.659401 0.679534
vt 0.660377 0.679490
vt 0.652510 0.755786
vt 0.731864 0.612592
vt 0.734639 0.612115
vt 0.730883 0.612744
vt 0.729942 0.612764
vt 0.713203 0.612129
vt 0.714196 0.612286
vt 0.715152 0.612355
vt 0.681049 0.607068
vt 0.681973 0.607122
vt 0.682877 0.607257
vt 0.685572 0.607689
vt 0.762019 0.607404
vt 0.762813 0.607261
vt 0.665370 0.606620
vt 0.666304 0.606629
vt 0.733301 0.544431
vt 0.730776 0.544480
vt 0.729216 0.477720
vt 0.731407 0.477718
vt 0.729837 0.544480
vt 0.728383 0.477647
vt 0.728932 0.544460
vt 0.727542 0.477610
vt 0.713491 0.544153
vt 0.714445 0.544155
vt 0.714932 0.477143
vt 0.715809 0.477129
vt 0.715369 0.544172
vt 0.684596 0.543882
vt 0.685489 0.543898
vt 0.689141 0.481928
vt 0.689960 0.481790
vt 0.686363 0.543891
vt 0.688816 0.543905
vt 0.757834 0.543859
vt 0.758621 0.543840
vt 0.670155 0.543326
vt 0.675249 0.479973
vt 0.676158 0.480100
vt 0.671064 0.543378
vt 0.692055 0.481240
vt 0.689994 0.479303
vt 0.691553 0.478236
vt 0.689395 0.479556
vt 0.688335 0.481905
vt 0.688758 0.479424
vt 0.753136 0.476891
vt 0.753482 0.479907
vt 0.753908 0.476906
vt 0.754260 0.479995
vt 0.675667 0.476749
vt 0.676575 0.476950
vt 0.727553 0.474940
vt 0.728131 0.475123
vt 0.728756 0.475022
vt 0.730539 0.474475
vt 0.714472 0.474444
vt 0.714070 0.477221
vt 0.715128 0.474545
vt 0.715738 0.474380
vt 0.696158 0.479809
vt 0.695752 0.476309
vt 0.412137 0.419845
vt 0.813545 0.848160
vt 0.814472 0.848403
vt 0.411146 0.419482
vt 0.617663 0.925463
vt 0.616508 0.925480
vt 0.663045 0.851518
vt 0.663552 0.850509
vt 0.432945 0.425712
vt 0.437862 0.425283
vt 0.792324 0.838268
vt 0.795910 0.840530
vt 0.796833 0.841236
vt 0.431620 0.425586
vt 0.430559 0.425351
vt 0.797638 0.841794
vt 0.623754 0.909000
vt 0.631974 0.905695
vt 0.715726 0.805577
vt 0.714464 0.805463
vt 0.709929 0.805105
vt 0.714859 0.813758
vt 0.709653 0.813797
vt 0.716217 0.813743
vt 0.720106 0.805627
vt 0.726496 0.805630
vt 0.732862 0.805625
vt 0.725964 0.796846
vt 0.716801 0.805618
vt 0.717293 0.813751
vt 0.668682 0.779589
vt 0.669756 0.779710
vt 0.725355 0.785572
vt 0.737185 0.805556
vt 0.736136 0.805613
vt 0.736695 0.813674
vt 0.737747 0.813621
vt 0.738357 0.821430
vt 0.737297 0.821485
vt 0.737869 0.829581
vt 0.738936 0.829528
vt 0.664315 0.778789
vt 0.667627 0.779420
vt 0.651989 0.776325
vt 0.658045 0.777532
vt 0.647935 0.775741
vt 0.648940 0.775766
vt 0.777282 0.776619
vt 0.778133 0.776048
vt 0.745338 0.821387
vt 0.739751 0.821345
vt 0.739057 0.813431
vt 0.740226 0.829544
vt 0.745080 0.830289
vt 0.738395 0.805303
vt 0.718168 0.860528
vt 0.717055 0.860318
vt 0.713545 0.860885
vt 0.716662 0.821710
vt 0.715224 0.821925
vt 0.709489 0.822728
vt 0.719262 0.860685
vt 0.739417 0.838439
vt 0.740609 0.838468
vt 0.744808 0.839348
vt 0.717747 0.821669
vt 0.728463 0.838335
vt 0.734984 0.838443
vt 0.738344 0.838476
vt 0.682700 0.851866
vt 0.693027 0.847711
vt 0.648030 0.896770
vt 0.645307 0.898497
vt 0.654807 0.902713
vt 0.652229 0.905122
vt 0.509084 0.607458
vt 0.563682 0.504080
vt 0.638076 0.372969
vt 0.635097 0.370805
vt 0.637103 0.368068
vt 0.639959 0.370612
vt 0.574987 0.826197
vt 0.560535 0.808411
vt 0.546298 0.790519
vt 0.532297 0.772581
vt 0.518636 0.754568
vt 0.478494 0.668017
vt 0.484321 0.655628
vt 0.484164 0.704457
vt 0.481222 0.698775
vt 0.479056 0.693923
vt 0.476406 0.678280
vt 0.477064 0.673534
vt 0.630523 0.891624
vt 0.618283 0.877546
vt 0.604156 0.861037
vt 0.505733 0.736865
vt 0.495153 0.721730
vt 0.477575 0.689821
vt 0.476688 0.686108
vt 0.589585 0.843778
vt 0.488297 0.711396
vt 0.476298 0.682375
vt 0.701354 0.795200
vt 0.701832 0.783707
vt 0.693641 0.543956
vt 0.687823 0.681756
vt 0.690973 0.608559
vt 0.738177 0.544316
vt 0.735737 0.477678
vt 0.700393 0.804252
vt 0.698704 0.813300
vt 0.705159 0.851624
vt 0.703686 0.843327
vt 0.701017 0.835036
vt 0.711586 0.986553
vt 0.710844 0.970743
vt 0.710343 0.947986
vt 0.709644 0.915069
vt 0.708116 0.883001
vt 0.706427 0.862888
vt 0.695884 0.824348
vt 0.681972 0.819171
vt 0.735080 0.474082
vt 0.742571 0.684913
vt 0.740088 0.611177
vt 0.746394 0.762427
vt 0.748251 0.782996
vt 0.491312 0.903964
vt 0.442179 0.851424
vt 0.367122 0.770869
vt 0.349203 0.632069
vt 0.359998 0.609671
vt 0.371359 0.587254
vt 0.383161 0.564872
vt 0.395405 0.542702
vt 0.333639 0.734399
vt 0.325988 0.725054
vt 0.331424 0.671898
vt 0.339301 0.653835
vt 0.320754 0.709768
vt 0.320758 0.706285
vt 0.321242 0.702261
vt 0.322124 0.716657
vt 0.321191 0.713122
vt 0.323646 0.720612
vt 0.322257 0.697308
vt 0.323910 0.691299
vt 0.421249 0.499867
vt 0.434571 0.480081
vt 0.446785 0.463803
vt 0.408113 0.520957
vt 0.326564 0.683690
vt 0.669485 0.816634
vt 0.662304 0.811592
vt 0.657802 0.910033
vt 0.653318 0.918131
vt 0.646628 0.909663
vt 0.752148 0.883043
vt 0.751318 0.915794
vt 0.750577 0.949036
vt 0.752714 0.862404
vt 0.753042 0.850752
vt 0.749918 0.971885
vt 0.749076 0.987736
vt 0.753634 0.841668
vt 0.755188 0.832599
vt 0.449655 0.423436
vt 0.461188 0.429723
vt 0.775515 0.820889
vt 0.783740 0.820718
vt 0.784373 0.831901
vt 0.771514 0.827755
vt 0.758628 0.821494
vt 0.771210 0.814748
vt 0.456526 0.452541
vt 0.464388 0.444146
vt 0.789268 0.803093
vt 0.783217 0.810082
vt 0.472348 0.435091
vt 0.476726 0.444771
vt 0.659074 0.809735
vt 0.658189 0.809208
vt 0.659850 0.906774
vt 0.660469 0.905934
vt 0.657352 0.808755
vt 0.654703 0.807504
vt 0.661102 0.905196
vt 0.663103 0.902946
vt 0.644134 0.803727
vt 0.641341 0.802893
vt 0.640419 0.802655
vt 0.673413 0.892579
vt 0.674121 0.891894
vt 0.671246 0.894666
vt 0.792482 0.799300
vt 0.791811 0.800152
vt 0.478611 0.448803
vt 0.479187 0.449901
vt 0.649476 0.805468
vt 0.667111 0.898751
vt 0.639670 0.901847
vt 0.651206 0.375439
vt 0.651960 0.373832
vt 0.657103 0.376500
vt 0.657124 0.378497
vt 0.644977 0.372908
vt 0.646482 0.371489
vt 0.530950 0.967519
vt 0.532458 0.968766
vt 0.531865 0.969081
vt 0.530512 0.967796
vt 0.532328 0.967006
vt 0.534153 0.967968
vt 0.641991 0.372378
vt 0.643283 0.370619
vt 0.641266 0.372217
vt 0.642244 0.370486
vt 0.546278 0.955192
vt 0.546539 0.957238
vt 0.545397 0.958413
vt 0.545078 0.956454
vt 0.535387 0.965135
vt 0.536955 0.966064
vt 0.623663 0.360139
vt 0.625636 0.359223
vt 0.627185 0.360007
vt 0.546863 0.954784
vt 0.547099 0.956924
vt 0.539092 0.962140
vt 0.540172 0.963380
vt 0.525404 0.976259
vt 0.526732 0.977308
vt 0.523118 0.981493
vt 0.521258 0.981071
vt 0.623063 0.359685
vt 0.625140 0.358759
vt 0.529109 0.971039
vt 0.530094 0.972715
vt 0.640868 0.371858
vt 0.641745 0.369947
vt 0.640387 0.368437
vt 0.530213 0.968440
vt 0.531526 0.969981
vt 0.659988 0.380142
vt 0.659681 0.377949
vt 0.660555 0.378282
vt 0.660955 0.380573
vt 0.542552 0.958969
vt 0.543168 0.960616
vt 0.519105 0.983373
vt 0.521203 0.983570
vt 0.520701 0.984306
vt 0.518496 0.984167
vt 0.637559 0.366179
vt 0.630111 0.361571
vt 0.633839 0.363748
vt 0.774008 0.548973
vt 0.774707 0.545712
vt 0.776958 0.544814
vt 0.779272 0.550854
vt 0.785071 0.550749
vt 0.796010 0.550749
vt 0.809976 0.544686
vt 0.809977 0.550749
vt 0.823944 0.550749
vt 0.834884 0.550749
vt 0.842997 0.544814
vt 0.840684 0.550855
vt 0.845249 0.545712
vt 0.845949 0.548973
vt 0.773907 0.559485
vt 0.779202 0.560725
vt 0.785024 0.560656
vt 0.795988 0.560656
vt 0.809979 0.560656
vt 0.823969 0.560656
vt 0.834932 0.560656
vt 0.840755 0.560725
vt 0.846049 0.559485
vt 0.773907 0.579848
vt 0.779203 0.579848
vt 0.785026 0.579848
vt 0.795990 0.579848
vt 0.809981 0.579848
vt 0.823972 0.579848
vt 0.834935 0.579848
vt 0.840756 0.579848
vt 0.846049 0.579848
vt 0.773907 0.600210
vt 0.779203 0.598970
vt 0.785028 0.599040
vt 0.795992 0.599040
vt 0.809984 0.599040
vt 0.823975 0.599040
vt 0.834937 0.599040
vt 0.840757 0.598970
vt 0.846049 0.600210
vt 0.774008 0.610721
vt 0.779274 0.608841
vt 0.785076 0.608946
vt 0.796017 0.608947
vt 0.809985 0.608947
vt 0.823953 0.608947
vt 0.834892 0.608947
vt 0.840688 0.608841
vt 0.845950 0.610721
vt 0.774708 0.613982
vt 0.776962 0.614880
vt 0.783124 0.615008
vt 0.794902 0.615008
vt 0.809988 0.615008
vt 0.825073 0.615008
vt 0.836848 0.615008
vt 0.843004 0.614880
vt 0.845251 0.613982
vt 0.680130 0.474986
vt 0.683223 0.475371
vt 0.678411 0.474844
vt 0.736190 0.471551
vt 0.741468 0.472218
vt 0.715776 0.471664
vt 0.717898 0.470895
vt 0.677756 0.474635
vt 0.706832 0.471217
vt 0.711463 0.471092
vt 0.731654 0.471519
vt 0.715020 0.471929
vt 0.701321 0.472103
vt 0.727531 0.472132
vt 0.728223 0.472425
vt 0.689615 0.476417
vt 0.691695 0.475094
vt 0.725540 0.471221
vt 0.688927 0.476872
vt 0.746450 0.473107
vt 0.750194 0.473919
vt 0.688260 0.476696
vt 0.729080 0.472114
vt 0.686452 0.476018
vt 0.695919 0.473457
vt 0.752053 0.474368
vt 0.752727 0.474369
vt 0.721732 0.470670
vt 0.714112 0.471617
vt 0.775698 0.657439
vt 0.776507 0.655154
vt 0.778886 0.654420
vt 0.782416 0.658599
vt 0.785882 0.654316
vt 0.788883 0.658515
vt 0.799748 0.654316
vt 0.801484 0.658515
vt 0.817681 0.654316
vt 0.817713 0.658517
vt 0.835650 0.654316
vt 0.833974 0.658519
vt 0.849770 0.654316
vt 0.846792 0.658520
vt 0.857338 0.654420
vt 0.853747 0.658604
vt 0.860233 0.655154
vt 0.861099 0.657440
vt 0.775274 0.663376
vt 0.782109 0.664117
vt 0.788661 0.664062
vt 0.801311 0.664064
vt 0.817565 0.664067
vt 0.833847 0.664069
vt 0.846687 0.664071
vt 0.853669 0.664127
vt 0.861045 0.663381
vt 0.774692 0.673958
vt 0.781677 0.673952
vt 0.788332 0.673948
vt 0.801022 0.673952
vt 0.817271 0.673956
vt 0.833542 0.673960
vt 0.846375 0.673965
vt 0.853356 0.673967
vt 0.860712 0.673971
vt 0.774110 0.684539
vt 0.781245 0.683786
vt 0.788003 0.683836
vt 0.800733 0.683841
vt 0.816978 0.683846
vt 0.833237 0.683852
vt 0.846062 0.683857
vt 0.853044 0.683808
vt 0.860378 0.684559
vt 0.773907 0.690478
vt 0.781087 0.689306
vt 0.787874 0.689386
vt 0.800595 0.689391
vt 0.816808 0.689398
vt 0.833032 0.689404
vt 0.845823 0.689408
vt 0.852775 0.689330
vt 0.860057 0.690502
vt 0.774648 0.692762
vt 0.777359 0.693496
vt 0.784739 0.693603
vt 0.798736 0.693607
vt 0.816626 0.693612
vt 0.834524 0.693617
vt 0.848588 0.693621
vt 0.856128 0.693519
vt 0.859053 0.692787
vt 0.536958 0.959593
vt 0.540420 0.956626
vt 0.543049 0.954233
vt 0.599437 0.437099
vt 0.593358 0.436809
vt 0.526222 0.969070
vt 0.528032 0.966645
vt 0.528675 0.965940
vt 0.529177 0.965470
vt 0.530545 0.964376
vt 0.621801 0.363096
vt 0.621138 0.362729
vt 0.515913 0.981783
vt 0.516589 0.981022
vt 0.518695 0.978666
vt 0.544438 0.952984
vt 0.544983 0.952515
vt 0.659601 0.383464
vt 0.658669 0.382968
vt 0.655720 0.381383
vt 0.644023 0.375895
vt 0.641120 0.374743
vt 0.640273 0.374321
vt 0.639640 0.373972
vt 0.533371 0.962368
vt 0.587279 0.436518
vt 0.522640 0.973971
vt 0.649935 0.378437
s 1
usemtl FUNITURE_034_CHAIR_MAT
f 146/1/1 189/2/2 190/3/3
f 35/4/4 58/5/5 36/6/6 20/7/7
f 1094/8/8 1082/9/9 1067/10/10 1081/11/11
f 759/12/12 797/13/13 838/14/14 798/15/15
f 853/16/16 812/17/17 852/18/18 896/19/19
f 1066/20/20 1080/21/21 1093/22/22 1081/11/11
f 284/23/23 238/24/24 237/25/25 283/26/26
f 1088/27/27 1099/28/28 1109/29/29 1100/30/30
f 1044/31/31 1076/32/32 1090/33/33 1077/34/34
f 318/35/35 362/36/36 323/37/37 363/38/38
f 1033/39/39 1066/20/20 1081/11/11 1067/10/10
f 85/40/40 117/41/41 86/42/42 61/43/43
f 900/44/44 952/45/45 1006/46/46 953/47/47
f 1025/48/48 1062/49/49 1020/50/50 1061/51/51
f 1025/48/48 982/52/52 1024/53/53 1062/49/49
f 881/54/54 882/55/55 838/14/14
f 12/56/56 24/57/57 25/58/58
f 6/59/59 14/60/60 28/61/61 15/62/62
f 839/63/63 798/15/15 838/14/14 882/55/55
f 970/64/64 917/65/65 968/66/66 969/67/67
f 923/68/68 978/69/69 924/70/70 873/71/71
f 45/72/72 65/73/73 66/74/74
f 982/52/52 929/75/75 879/76/76 928/77/77
f 760/78/78 721/79/79 759/80/12 799/81/80
f 370/82/81 329/83/82 369/84/83 408/85/84
f 1068/86/85 1082/9/9 1095/87/86 1083/88/87
f 733/89/88 770/90/89 809/91/90 771/92/91
f 153/93/92 195/94/93 242/95/94 196/96/95
f 781/97/96 743/98/97 704/99/98 742/100/99
f 206/101/100 163/102/101 126/103/102 162/104/103
f 1121/105/104 1122/106/105 1116/107/106 1115/108/107
f 494/109/108 532/110/109 571/111/110 533/112/111
f 183/113/112 182/114/113 184/115/114
f 9/116/115 8/117/116 18/118/117 19/119/118
f 1007/120/119 953/47/47 1006/46/46 1050/121/120
f 39/122/121 62/123/122 87/124/123 63/125/124
f 41/126/125 40/127/126 42/128/127
f 988/129/128 1030/130/129 1064/131/130 1031/132/131
f 860/133/132 819/134/133 779/135/134 818/136/135
f 829/137/136 872/138/137 923/68/68 873/71/71
f 1042/139/138 1074/140/139 1088/27/27 1075/141/140
f 10/142/141 11/143/142 4/144/143 3/145/144
f 305/146/145 257/147/146 304/148/147 349/149/148
f 13/150/149 25/58/58 45/72/72 26/151/150
f 105/152/151 78/153/152 55/154/153 77/155/154
f 835/156/155 877/157/156 927/158/157 878/159/158
f 197/160/159 155/161/160 119/162/161 154/163/162
f 351/164/163 389/165/164 427/166/165 390/167/166
f 1035/168/167 992/169/168 938/170/169 991/171/170
f 208/172/171 255/173/172 303/174/173 256/175/174
f 472/176/175 471/177/176 509/178/177 510/179/178
f 658/180/179 695/181/180 733/89/88 696/182/181
f 440/183/182 477/184/183 515/185/184 478/186/185
f 407/187/186 406/188/187 444/189/188 445/190/189
f 123/191/190 159/192/191 203/193/192 160/194/193
f 275/195/194 272/196/195 319/197/196
f 874/198/197 925/199/198 875/200/199 831/201/200
f 866/202/201 867/203/202 824/204/203
f 963/205/204 913/206/205 912/207/206 911/208/207
f 282/209/208 326/210/209 366/211/210 327/212/211
f 150/213/212 151/214/213 115/215/214 149/216/215
f 205/217/216 161/218/217 204/219/218 252/220/219
f 85/40/40 61/43/43 60/221/220 84/222/221
f 98/223/222 72/224/223 50/225/224 71/226/225
f 773/227/226 736/228/227 698/229/228 735/230/229
f 1115/108/107 1107/231/230 1096/232/231 1106/233/232
f 800/234/233 841/235/234 886/236/235 842/237/236
f 28/61/61 48/238/237 70/239/238 49/240/239
f 40/127/126 41/126/125 23/241/240
f 24/57/57 41/126/125 42/128/127
f 23/241/240 41/126/125 24/57/57
f 42/128/127 43/242/241 24/57/57
f 44/243/242 43/242/241 42/128/127
f 25/58/58 43/242/241 44/243/242
f 24/57/57 43/242/241 25/58/58
f 27/244/243 47/245/244 69/246/245 48/238/237
f 2/247/246 1/248/247 6/59/59 7/249/248
f 30/250/249 29/251/250 50/225/224 51/252/251
f 109/253/252 141/254/253 179/255/254 142/256/255
f 721/79/79 758/257/256 797/258/13 759/80/12
f 1041/259/257 1073/260/258 1087/261/259 1074/262/139
f 22/263/260 38/264/261 62/123/122 39/122/121
f 113/265/262 115/215/214 85/40/40 84/222/221
f 73/266/263 72/224/223 99/267/264 100/268/265
f 451/269/266 414/270/267 376/271/268 413/272/269
f 951/273/270 1003/274/271 1046/275/272 1004/276/273
f 544/277/274 581/278/275 619/279/276 582/280/277
f 332/281/278 286/282/279 331/283/280 372/284/281
f 803/285/282 844/286/283 889/287/284 845/288/285
f 321/289/286 320/290/287 363/291/38
f 269/292/288 222/293/289 178/294/290 221/295/291
f 730/296/292 691/297/293 729/298/294 768/299/295
f 194/300/296 150/213/212 148/301/297
f 920/302/298 973/303/299 1016/304/300 974/305/301
f 841/306/234 885/307/302 938/170/169 886/308/235
f 590/309/303 552/310/304 513/311/305 551/312/306
f 272/196/195 226/313/307 225/314/308
f 980/315/309 925/199/198 979/316/310 1023/317/311
f 113/265/262 114/318/312 115/215/214
f 502/319/313 463/320/314 501/321/315 540/322/316
f 16/323/317 15/62/62 29/251/250 30/250/249
f 68/324/318 94/325/319 125/326/320 95/327/321
f 122/328/322 93/329/323 67/330/324 92/331/325
f 344/332/326 299/333/327 343/334/328 383/335/329
f 887/336/330 939/337/331 993/338/332 940/339/333
f 837/340/334 796/341/335 836/342/336 879/343/76
f 856/344/337 900/44/44 953/47/47 901/345/338
f 287/346/339 333/347/340 290/348/341 334/349/342
f 932/350/343 983/351/344 1026/352/345 984/353/346
f 108/354/347 79/355/348 107/356/349 140/357/350
f 226/313/307 227/358/351 184/115/114
f 915/359/352 967/360/353 917/65/65 916/361/354
f 46/362/355 66/74/74 92/363/325 67/364/324
f 325/365/356 324/366/357 364/367/358
f 804/368/359 845/288/285 890/369/360 846/370/361
f 565/371/362 602/372/363 640/373/364 603/374/365
f 65/73/73 45/72/72 44/243/242 64/375/366
f 881/54/54 932/350/343 933/376/367 882/55/55
f 1008/377/368 1051/378/369 1129/379/370 1052/380/371
f 1104/381/372 1112/382/373 1119/383/374 1113/384/375
f 307/385/376 350/386/377 389/165/164 351/164/163
f 882/55/55 933/376/367 934/387/378
f 74/388/379 101/389/380 133/390/381 102/391/382
f 849/392/383 892/393/384 944/394/385 893/395/386
f 1010/396/387 958/397/388 906/398/389 957/399/390
f 654/400/391 617/401/392 579/402/393 616/403/394
f 682/404/395 719/405/396 757/406/397 720/407/398
f 714/408/399 752/409/400 792/410/401 753/411/402
f 869/412/403 868/413/404 920/302/298 921/414/405
f 1064/131/130 1030/130/129 1059/415/406 1058/416/407
f 159/192/191 201/417/408 248/418/409 202/419/410
f 771/92/91 734/420/411 696/182/181 733/89/88
f 193/421/412 239/422/413 286/282/279 240/423/414
f 42/128/127 63/125/124 88/424/415 64/375/366
f 711/425/416 710/426/417 748/427/418 749/428/419
f 369/84/83 368/429/420 406/188/187 407/187/186
f 241/430/421 288/431/422 242/95/94 195/94/93
f 117/41/41 116/432/423 152/433/424
f 974/305/301 1016/304/300 1057/434/425 1017/435/426
f 51/252/251 50/225/224 72/224/223 73/266/263
f 999/436/427 947/437/428 895/438/429 946/439/430
f 646/440/431 607/441/432 645/442/433 684/443/434
f 797/258/13 758/257/256 796/341/335 837/340/334
f 203/193/192 250/444/435 298/445/436 251/446/437
f 394/447/438 431/448/439 469/449/440 432/450/441
f 824/204/203 867/203/202 825/451/442 786/452/443
f 38/264/261 61/43/43 86/42/42 62/123/122
f 1048/453/444 1047/454/445 1031/132/131 1064/131/130
f 96/455/446 70/239/238 48/238/237 69/246/245
f 140/456/350 177/457/447 221/295/291 178/294/290
f 330/458/448 370/82/81 409/459/449 371/460/450
f 111/461/451 144/462/452 112/463/453 83/464/454
f 987/465/455 1029/466/456 1059/415/406 1030/130/129
f 91/467/457 90/468/458 89/469/459
f 65/73/73 90/468/458 91/467/457
f 64/375/366 90/468/458 65/73/73
f 121/470/460 92/363/325 66/74/74 91/467/457
f 858/471/461 902/472/462 955/473/463 903/474/464
f 825/451/442 787/475/465 786/452/443
f 659/476/466 696/182/181 734/420/411 697/477/467
f 54/478/468 76/479/469 104/480/470 77/155/154
f 842/237/236 801/481/471 761/482/472 800/234/233
f 42/128/127 40/127/126 63/125/124
f 309/483/473 263/484/474 216/485/475 262/486/476
f 888/487/477 940/339/333 994/488/478 941/489/479
f 886/308/235 938/170/169 992/169/168 939/490/331
f 1070/491/480 1084/492/481 1097/493/482 1085/494/483
f 1016/304/300 973/303/299 1015/495/484 1056/496/485
f 916/361/354 918/497/486 867/203/202
f 216/485/475 174/498/487 137/499/488 173/500/489
f 1080/21/21 1066/20/20 1032/501/490 1065/502/491
f 82/503/492 111/461/451 83/464/454 59/504/493
f 817/505/494 858/471/461 903/474/464 859/506/495
f 581/278/275 618/507/496 656/508/497 619/279/276
f 789/509/498 830/510/499 874/198/197 831/201/200
f 1048/453/444 1005/511/500 1004/276/273 1047/454/445
f 1045/512/501 1002/513/502 1044/31/31 1077/34/34
f 653/514/503 615/515/504 614/516/505 652/517/506
f 856/344/337 815/518/507 814/519/508 855/520/509
f 66/74/74 65/73/73 91/467/457
f 694/521/510 731/522/511 769/523/512 732/524/513
f 757/406/397 795/525/514 836/342/336 796/341/335
f 111/461/451 143/526/515 181/527/516 144/462/452
f 307/528/376 261/529/517 214/530/518 260/531/519
f 58/5/5 81/532/520 110/533/521 82/503/492
f 1112/382/373 1103/534/522 1091/535/523 1102/536/524
f 108/354/347 140/357/350 178/537/290 141/254/253
f 930/538/525 929/75/75 983/351/344
f 851/539/526 894/540/527 946/439/430 895/438/429
f 116/432/423 85/40/40 115/215/214
f 91/467/457 89/469/459 120/541/528
f 89/469/459 88/424/415 120/541/528
f 1/248/247 5/542/529 14/60/60 6/59/59
f 5/542/529 12/56/56 25/58/58 13/150/149
f 305/146/145 258/543/530 210/544/531 257/147/146
f 981/545/532 1023/546/311 1063/547/533 1024/53/53
f 69/246/245 95/327/321 126/103/102 96/455/446
f 829/137/136 828/548/534 872/138/137
f 87/124/123 118/549/535 154/163/162 119/162/161
f 88/424/415 119/162/161 155/161/160 120/541/528
f 201/417/408 247/550/536 294/551/537 248/418/409
f 267/552/538 220/553/539 176/554/540 219/555/541
f 12/56/56 5/542/529 1/248/247 4/144/143
f 746/556/542 783/557/543 822/558/544 784/559/545
f 40/127/126 39/122/121 63/125/124
f 816/560/546 857/561/547 902/472/462 858/471/461
f 750/562/548 711/425/416 749/428/419 789/509/498
f 626/563/549 588/564/550 549/565/551 587/566/552
f 762/567/553 724/568/554 685/569/555 723/570/556
f 485/571/557 447/572/558 408/85/84 446/573/559
f 707/574/560 670/575/561 632/576/562 669/577/563
f 339/578/564 377/579/565 415/580/566 378/581/567
f 4/144/143 1/248/247 2/247/246 3/145/144
f 806/582/568 847/583/569 892/393/384 848/584/570
f 876/585/571 834/586/572 793/587/573 833/588/574
f 847/583/569 891/589/575 944/394/385 892/393/384
f 922/590/576 870/591/577 869/412/403
f 684/443/434 645/442/433 683/592/578 722/593/579
f 94/594/319 124/595/580 161/218/217 125/596/320
f 903/474/464 955/473/463 1009/597/581 956/598/582
f 131/599/583 167/600/584 211/601/585 168/602/586
f 107/603/349 139/604/587 177/457/447 140/456/350
f 780/605/588 742/100/99 703/606/589 741/607/590
f 829/608/136 873/609/71 925/199/198 874/198/197
f 972/610/591 1014/611/592 1055/612/593 1015/495/484
f 158/613/594 200/614/595 247/550/536 201/417/408
f 131/599/583 168/602/586 132/615/596 100/268/265
f 209/616/597 165/617/598 208/172/171 256/175/174
f 294/551/537 337/618/599 376/271/268 338/619/600
f 1050/121/120 1006/46/46 1049/620/601 1127/621/602
f 170/622/603 134/623/604 102/391/382 133/390/381
f 1100/30/30 1089/624/605 1075/141/140 1088/27/27
f 89/469/459 64/375/366 88/424/415
f 40/127/126 23/241/240 39/122/121
f 918/497/486 972/610/591 919/625/606
f 7/249/248 16/323/317 31/626/607 17/627/608
f 828/548/534 829/137/136 788/628/609
f 971/629/610 970/64/64 972/610/591
f 145/630/611 185/631/612 146/1/1
f 233/632/613 234/633/614 188/634/615 231/635/616
f 962/636/617 961/637/618 1013/638/619
f 833/588/574 791/639/620 832/640/621 876/585/571
f 77/155/154 104/480/470 136/641/622 105/152/151
f 191/642/623 192/643/624 148/644/297 147/645/625
f 148/301/297 149/216/215 114/318/312
f 150/213/212 149/216/215 148/301/297
f 116/432/423 151/214/213 152/433/424
f 115/215/214 151/214/213 116/432/423
f 195/94/93 153/93/92 117/41/41 152/433/424
f 144/462/452 145/630/611 112/463/453
f 18/118/117 32/646/626 54/478/468 33/647/627
f 1106/233/232 1114/648/628 1121/105/104 1115/108/107
f 432/450/441 469/449/440 507/649/629 470/650/630
f 71/226/225 50/225/224 29/251/250 49/240/239
f 121/651/460 156/652/631 199/653/632 157/654/633
f 990/655/634 936/656/635 989/657/636 1033/39/39
f 496/658/637 534/659/638 573/660/639 535/661/640
f 501/321/315 463/320/314 462/662/641 500/663/642
f 47/245/244 27/244/243 13/150/149 26/151/150
f 1046/275/272 1003/274/271 1045/512/501 1078/664/643
f 219/555/541 218/665/644 265/666/645 266/667/646
f 538/668/647 539/669/648 501/321/315 500/663/642
f 266/667/646 265/666/645 312/670/649 313/671/650
f 76/479/469 54/478/468 32/646/626 53/672/651
f 621/673/652 658/180/179 696/182/181 659/476/466
f 1058/416/407 1126/674/653 1048/453/444 1064/131/130
f 131/599/583 130/675/654 166/676/655 167/600/584
f 997/677/656 943/678/657 996/679/658 1040/680/659
f 113/265/262 146/1/1 190/3/3 147/681/625
f 800/234/233 761/482/472 722/593/579 760/78/78
f 935/682/660 988/129/128 1032/501/490 989/657/636
f 114/318/312 147/681/625 148/301/297
f 70/239/238 96/455/446 127/683/661 97/684/662
f 62/123/122 86/42/42 118/549/535 87/124/123
f 370/82/81 408/85/84 447/572/558 409/459/449
f 338/619/600 376/271/268 414/270/267 377/579/565
f 952/45/45 1005/511/500 1049/620/601 1006/46/46
f 309/483/473 352/685/663 391/686/664 353/687/665
f 260/531/519 214/530/518 171/688/666 213/689/667
f 1039/690/668 1072/691/669 1087/261/259 1073/260/258
f 1027/692/670 1060/693/671 1029/466/456
f 1102/536/524 1091/535/523 1077/34/34 1090/33/33
f 1124/694/672 1125/695/673 1122/106/105 1120/696/674
f 190/697/3 235/698/675 281/699/676 236/700/677
f 724/568/554 762/567/553 802/701/678 763/702/679
f 1099/28/28 1088/27/27 1074/140/139 1087/703/259
f 998/704/680 1040/680/659 1073/260/258 1041/259/257
f 139/604/587 176/554/540 220/553/539 177/457/447
f 99/267/264 130/675/654 131/599/583 100/268/265
f 390/167/166 352/685/663 308/705/681 351/164/163
f 220/553/539 267/552/538 315/706/682 268/707/683
f 617/401/392 580/708/684 542/709/685 579/402/393
f 801/481/471 842/237/236 887/336/330 843/710/686
f 779/135/134 741/607/590 702/711/687 740/712/688
f 104/480/470 135/713/689 172/714/690 136/641/622
f 64/375/366 44/243/242 42/128/127
f 969/67/67 968/66/66 1013/638/619
f 142/256/255 179/255/254 223/715/691 180/716/692
f 994/488/478 1037/717/693 1071/718/694 1038/719/695
f 1024/53/53 982/52/52 928/77/77 981/545/532
f 927/158/157 877/157/156 926/720/696 980/315/309
f 1117/721/697 1110/722/698 1100/30/30 1109/29/29
f 335/723/699 373/724/700 411/725/701 374/726/702
f 7/249/248 6/59/59 15/62/62 16/323/317
f 885/307/302 937/727/703 991/171/170 938/170/169
f 145/630/611 183/113/112 184/115/114
f 144/462/452 183/113/112 145/630/611
f 184/115/114 185/631/612 145/630/611
f 146/1/1 185/631/612 186/728/704
f 186/728/704 187/729/705 146/1/1
f 146/1/1 187/729/705 189/2/2
f 141/254/253 178/537/290 222/730/289 179/255/254
f 194/731/296 240/423/414 287/346/339 241/732/421
f 152/433/424 150/213/212 194/300/296
f 881/54/54 838/14/14 880/733/706
f 1116/107/106 1122/106/105 1125/695/673 1123/734/707
f 966/735/708 1013/638/619 968/66/66
f 17/627/608 31/626/607 53/672/651 32/646/626
f 317/736/709 270/737/710 222/293/289 269/292/288
f 692/738/711 653/514/503 691/297/293 730/296/292
f 153/93/92 118/549/535 86/42/42 117/41/41
f 336/739/712 374/726/702 412/740/713 375/741/714
f 755/742/715 793/587/573 834/586/572 794/743/716
f 213/689/667 259/744/717 306/745/718 260/531/519
f 52/746/719 74/388/379 102/391/382 75/747/720
f 724/568/554 686/748/721 647/749/722 685/569/555
f 211/601/585 167/600/584 210/544/531 258/543/530
f 909/750/723 960/751/724 910/752/725
f 818/136/135 779/135/134 740/712/688 778/753/726
f 801/481/471 762/567/553 723/570/556 761/482/472
f 431/448/439 468/754/727 506/755/728 469/449/440
f 247/550/536 293/756/729 337/618/599 294/551/537
f 1026/352/345 1061/51/51 1019/757/730 1060/693/671
f 633/758/731 670/575/561 708/759/732 671/760/733
f 1124/694/672 1118/761/734 1123/734/707 1125/695/673
f 169/762/735 211/601/585 258/543/530 212/763/736
f 49/240/239 70/239/238 97/684/662 71/226/225
f 302/764/737 346/765/738 386/766/739 347/767/740
f 365/768/741 402/769/742 440/183/182 403/770/743
f 174/498/487 216/485/475 263/484/474 217/771/744
f 907/772/745 906/398/389 958/397/388
f 1069/773/746 1083/88/87 1096/232/231 1084/492/481
f 883/774/747 935/682/660 989/657/636 936/656/635
f 125/596/320 161/218/217 205/217/216 162/775/103
f 1129/379/370 1055/612/593 1014/611/592 1054/776/748
f 1093/22/22 1080/21/21 1092/777/749 1103/534/522
f 84/222/221 112/463/453 146/1/1 113/265/262
f 845/288/285 804/368/359 764/778/750 803/285/282
f 791/639/620 752/409/400 713/779/751 751/780/752
f 657/781/753 620/782/754 582/280/277 619/279/276
f 884/783/755 936/656/635 990/655/634 937/727/703
f 426/784/756 389/165/164 350/386/377 388/785/757
f 910/752/725 911/208/207 865/786/758 909/750/723
f 1035/168/167 1068/86/85 1083/88/87 1069/773/746
f 1056/496/485 1015/495/484 1055/612/593 1128/787/759
f 671/760/733 708/759/732 746/556/542 709/788/760
f 415/580/566 452/789/761 490/790/762 453/791/763
f 234/633/614 233/632/613 235/792/675
f 226/313/307 184/115/114 182/114/113 225/314/308
f 228/793/764 227/358/351 226/313/307
f 186/728/704 227/358/351 228/793/764
f 228/793/764 229/794/765 186/728/704
f 230/795/766 229/794/765 228/793/764
f 188/634/615 229/794/765 230/795/766
f 230/795/766 231/635/616 188/634/615
f 232/796/767 231/635/616 230/795/766
f 233/632/613 231/635/616 232/796/767
f 987/465/455 935/682/660 883/774/747 934/387/378
f 263/484/474 309/483/473 353/687/665 310/797/768
f 783/557/543 821/798/769 862/799/770 822/558/544
f 192/643/624 238/24/24 285/800/771 239/422/413
f 120/541/528 155/161/160 198/801/772 156/802/631
f 691/297/293 653/514/503 652/517/506 690/803/773
f 788/804/609 830/510/499 789/509/498 749/428/419
f 53/672/651 75/747/720 103/805/774 76/479/469
f 1039/690/668 1038/719/695 1071/718/694 1072/691/669
f 56/806/775 55/154/153 78/153/152 79/355/348
f 823/807/776 784/559/545 822/558/544 863/808/777
f 872/138/137 870/591/577 922/590/576
f 8/117/116 17/627/608 32/646/626 18/118/117
f 826/809/778 871/810/779 828/548/534 827/811/780
f 983/351/344 1025/48/48 1061/51/51 1026/352/345
f 1115/108/107 1116/107/106 1108/812/781 1107/231/230
f 79/355/348 78/153/152 106/813/782 107/356/349
f 346/765/738 302/764/737 254/814/783 301/815/784
f 861/816/785 819/134/133 860/133/132 905/817/786
f 891/589/575 943/678/657 997/677/656 944/394/385
f 799/818/80 840/819/787 885/307/302 841/306/234
f 820/820/788 781/97/96 742/100/99 780/605/588
f 499/821/789 461/822/790 422/823/791 460/824/792
f 763/702/679 725/825/793 686/748/721 724/568/554
f 1029/466/456 1060/693/671 1018/826/794 1059/415/406
f 1083/88/87 1095/87/86 1106/233/232 1096/232/231
f 569/827/795 606/828/796 644/829/797 607/441/432
f 316/830/798 269/292/288 221/295/291 268/707/683
f 835/156/155 794/743/716 834/586/572 877/157/156
f 1099/28/28 1087/703/259 1072/831/669 1086/832/799
f 261/833/517 307/385/376 351/164/163 308/705/681
f 166/676/655 129/834/800 165/617/598 209/616/597
f 870/591/577 826/809/778 869/412/403
f 857/835/547 901/345/338 954/836/801 902/837/462
f 151/214/213 150/213/212 152/433/424
f 615/515/504 577/838/802 576/839/803 614/516/505
f 805/840/804 806/582/568 767/841/805 766/842/806
f 443/843/807 480/844/808 518/845/809 481/846/810
f 206/847/100 162/775/103 205/217/216 253/848/811
f 817/505/494 778/753/726 739/849/812 777/850/813
f 388/785/757 348/851/814 387/852/815 426/784/756
f 548/853/816 586/854/817 625/855/818 587/566/552
f 219/555/541 266/667/646 314/856/819 267/552/538
f 843/710/686 802/701/678 762/567/553 801/481/471
f 19/119/118 35/4/4 20/7/7 9/116/115
f 26/151/150 45/72/72 66/74/74 46/362/355
f 204/219/218 161/218/217 124/595/580 160/194/193
f 462/662/641 463/320/314 425/857/820 424/858/821
f 749/428/419 748/427/418 786/859/443 788/804/609
f 63/125/124 87/124/123 119/162/161 88/424/415
f 237/860/25 282/209/208 327/212/211 283/861/26
f 272/196/195 273/862/822 226/313/307
f 230/795/766 273/862/822 272/196/195
f 228/793/764 273/862/822 230/795/766
f 226/313/307 273/862/822 228/793/764
f 272/196/195 274/863/823 230/795/766
f 232/796/767 274/863/823 275/195/194
f 230/795/766 274/863/823 232/796/767
f 276/864/824 233/632/613 232/796/767 275/195/194
f 277/865/825 278/866/826 235/792/675
f 279/867/827 278/866/826 277/865/825
f 280/868/828 278/869/826 279/870/827
f 191/871/623 236/700/677 282/209/208 237/860/25
f 997/677/656 945/872/829 893/395/386 944/394/385
f 995/873/830 996/679/658 943/678/657 942/874/831
f 833/588/574 793/587/573 754/875/832 792/410/401
f 199/653/632 245/876/833 292/877/834 246/878/835
f 430/879/836 467/880/837 505/881/838 468/754/727
f 462/662/641 424/858/821 385/882/839 423/883/840
f 379/884/841 416/885/842 454/886/843 417/887/844
f 1043/888/845 1000/889/846 1042/139/138 1075/141/140
f 289/890/847 242/95/94 288/431/422 334/891/342
f 1037/892/693 1070/491/480 1085/494/483 1071/893/694
f 353/687/665 391/686/664 429/894/848 392/895/849
f 244/896/850 290/348/341 333/347/340 291/897/851
f 826/809/778 825/451/442 868/413/404 869/412/403
f 419/898/852 381/899/853 341/900/854 380/901/855
f 517/902/856 480/844/808 442/903/857 479/904/858
f 16/323/317 30/250/249 52/746/719 31/626/607
f 1112/382/373 1104/381/372 1093/22/22 1103/534/522
f 610/905/859 571/111/110 609/906/860 648/907/861
f 514/908/862 552/310/304 591/909/863 553/910/864
f 437/911/865 399/912/866 359/913/867 398/914/868
f 630/915/869 667/916/870 705/917/871 668/918/872
f 810/919/873 772/920/874 734/420/411 771/92/91
f 259/744/717 212/763/736 258/543/530 305/146/145
f 844/286/283 888/487/477 941/489/479 889/287/284
f 889/287/284 941/489/479 995/873/830 942/874/831
f 1018/826/794 1017/435/426 1058/416/407 1059/415/406
f 942/874/831 943/678/657 891/589/575 890/369/360
f 103/805/774 134/623/604 171/688/666 135/713/689
f 842/237/236 886/236/235 939/337/331 887/336/330
f 387/852/815 348/851/814 347/767/740 386/766/739
f 75/747/720 102/391/382 134/623/604 103/805/774
f 223/715/691 179/255/254 222/730/289 270/921/710
f 377/579/565 414/270/267 452/789/761 415/580/566
f 911/208/207 912/207/206 865/786/758
f 507/649/629 544/277/274 582/280/277 545/922/875
f 400/923/876 438/924/877 477/184/183 439/925/878
f 154/163/162 196/96/95 243/926/879 197/160/159
f 343/334/328 298/445/436 342/927/880 382/928/881
f 739/849/812 701/929/882 662/930/883 700/931/884
f 546/932/885 583/933/886 621/673/652 584/934/887
f 481/846/810 518/845/809 556/935/888 519/936/889
f 482/937/890 519/936/889 557/938/891 520/939/892
f 854/940/893 897/941/894 949/942/895 898/943/896
f 862/799/770 905/817/786 957/399/390 906/398/389
f 317/736/709 269/292/288 316/830/798 361/944/897
f 726/945/898 764/778/750 804/368/359 765/946/899
f 674/947/900 712/948/901 751/780/752 713/779/751
f 861/816/785 821/798/769 782/949/902 820/820/788
f 276/864/824 275/195/194 319/197/196
f 277/865/825 320/290/287 321/289/286 279/867/827
f 403/770/743 366/211/210 326/210/209 365/768/741
f 327/212/211 366/211/210 404/950/903 367/951/904
f 321/952/286 322/953/905 279/870/827
f 323/37/37 322/953/905 321/952/286
f 324/366/357 322/953/905 323/37/37
f 279/870/827 322/953/905 324/366/357
f 410/954/906 448/955/907 487/956/908 449/957/909
f 325/365/356 280/868/828 279/870/827 324/366/357
f 33/647/627 54/478/468 77/155/154 55/154/153
f 833/588/574 792/410/401 752/409/400 791/639/620
f 1112/382/373 1102/536/524 1111/958/910 1119/383/374
f 675/959/911 637/960/912 598/961/913 636/962/914
f 692/738/711 655/963/915 617/401/392 654/400/391
f 981/964/532 928/965/77 878/159/158 927/158/157
f 1097/493/482 1098/966/916 1086/832/799 1085/494/483
f 224/967/917 271/968/918 319/197/196 272/196/195
f 291/897/851 333/347/340 373/724/700 335/723/699
f 939/490/331 992/169/168 1036/969/919 993/970/332
f 241/732/421 287/346/339 334/349/342 288/971/422
f 1079/972/920 1046/275/272 1078/664/643 1092/777/749
f 904/973/921 956/598/582 1010/396/387 957/399/390
f 1043/888/845 1001/974/922 948/975/923 1000/889/846
f 988/129/128 1031/132/131 1065/502/491 1032/501/490
f 265/666/645 311/976/924 355/977/925 312/670/649
f 489/978/926 452/789/761 414/270/267 451/269/266
f 645/442/433 682/404/395 720/407/398 683/592/578
f 681/979/927 718/980/928 756/981/929 719/405/396
f 572/982/930 533/112/111 571/111/110 610/905/859
f 3/145/144 9/116/115 20/7/7 10/142/141
f 656/508/497 693/983/931 731/522/511 694/521/510
f 648/907/861 686/748/721 725/825/793 687/984/932
f 613/985/933 575/986/934 536/987/935 574/988/936
f 510/179/178 509/178/177 547/989/937 548/853/816
f 596/990/938 633/758/731 671/760/733 634/991/939
f 529/992/940 566/993/941 604/994/942 567/995/943
f 392/895/849 354/996/944 310/797/768 353/687/665
f 470/650/630 507/649/629 545/922/875 508/997/945
f 979/998/310 924/70/70 978/69/69 1022/999/946
f 248/418/409 294/551/537 338/619/600 295/1000/947
f 962/636/617 964/1001/948 963/205/204
f 452/789/761 489/978/926 527/1002/949 490/790/762
f 947/437/428 999/436/427 1042/1003/138 1000/1004/846
f 293/756/729 247/550/536 200/614/595 246/878/835
f 1072/831/669 1071/893/694 1085/494/483 1086/832/799
f 877/157/156 834/586/572 876/585/571 926/720/696
f 374/726/702 411/725/701 449/957/909 412/740/713
f 277/865/825 276/864/824 320/290/287
f 950/1005/950 1002/513/502 1045/512/501 1003/274/271
f 360/1006/951 316/830/798 268/707/683 315/706/682
f 897/1007/894 854/1008/893 813/1009/952 853/16/16
f 1095/87/86 1105/1010/953 1114/648/628 1106/233/232
f 358/1011/954 313/671/650 357/1012/955 397/1013/956
f 702/711/687 663/1014/957 701/929/882 740/712/688
f 626/563/549 664/1015/958 703/606/589 665/1016/959
f 666/1017/960 628/1018/961 589/1019/962 627/1020/963
f 747/1021/964 710/1022/417 672/1023/965 709/788/760
f 593/1024/966 556/935/888 518/845/809 555/1025/967
f 812/17/17 774/1026/968 736/228/227 773/227/226
f 204/219/218 251/446/437 299/333/327 252/220/219
f 771/92/91 809/91/90 850/1027/969 810/919/873
f 281/699/676 325/365/356 365/768/741 326/210/209
f 364/367/358 324/366/357 323/37/37
f 1054/776/748 1013/638/619 961/637/618 1012/1028/970
f 441/1029/971 404/950/903 366/211/210 403/770/743
f 1092/777/749 1080/21/21 1065/502/491 1079/972/920
f 641/1030/972 678/1031/973 716/1032/974 679/1033/975
f 929/75/75 982/52/52 1025/48/48 983/351/344
f 380/901/855 340/1034/976 379/884/841 418/1035/977
f 747/1021/964 784/559/545 823/807/776 785/1036/978
f 797/13/13 837/1037/334 880/733/706 838/14/14
f 618/507/496 655/963/915 693/983/931 656/508/497
f 674/947/900 636/962/914 597/1038/979 635/1039/980
f 560/1040/981 598/961/913 637/960/912 599/1041/982
f 638/1042/983 600/1043/984 561/1044/985 599/1041/982
f 260/531/519 306/745/718 350/1045/377 307/528/376
f 1111/958/910 1118/761/734 1124/694/672 1119/383/374
f 214/530/518 172/714/690 135/713/689 171/688/666
f 61/43/43 38/264/261 37/1046/986 60/221/220
f 157/654/633 199/653/632 246/878/835 200/614/595
f 1051/378/369 1008/377/368 954/836/801 1007/120/119
f 245/876/833 291/897/851 335/723/699 292/877/834
f 975/1047/987 1018/826/794 1060/693/671 1019/757/730
f 843/710/686 887/336/330 940/339/333 888/487/477
f 1120/696/674 1122/106/105 1121/105/104 1114/648/628
f 93/329/323 122/328/322 158/613/594 123/191/190
f 608/1048/988 569/827/795 607/441/432 646/440/431
f 647/749/722 609/906/860 570/1049/989 608/1048/988
f 531/1050/990 568/1051/991 606/828/796 569/827/795
f 699/1052/992 736/228/227 774/1026/968 737/1053/993
f 572/982/930 534/659/638 495/1054/994 533/112/111
f 434/1055/995 433/1056/996 471/177/176 472/176/175
f 631/1057/997 668/918/872 706/1058/998 669/577/563
f 718/980/928 755/742/715 794/743/716 756/981/929
f 996/679/658 995/873/830 1038/719/695 1039/690/668
f 182/114/113 144/462/452 181/527/516
f 1042/1003/138 999/436/427 1041/259/257 1074/262/139
f 1076/32/32 1089/624/605 1101/1059/999 1090/33/33
f 267/552/538 314/856/819 359/913/867 315/706/682
f 67/330/324 93/329/323 124/595/580 94/594/319
f 690/803/773 651/1060/1000 689/1061/1001 728/1062/1002
f 603/374/365 640/373/364 678/1031/973 641/1030/972
f 598/961/913 560/1040/981 521/1063/1003 559/1064/1004
f 710/1022/417 747/1021/964 785/1036/978 748/1065/418
f 663/1014/957 625/855/818 586/854/817 624/1066/1005
f 420/1067/1006 458/1068/1007 497/1069/1008 459/1070/1009
f 444/1071/188 481/846/810 519/936/889 482/937/890
f 493/1072/1010 530/1073/1011 568/1051/991 531/1050/990
f 512/1074/1012 550/1075/1013 589/1019/962 551/312/306
f 588/564/550 550/1075/1013 511/1076/1014 549/565/551
f 588/564/550 626/563/549 665/1016/959 627/1020/963
f 458/1068/1007 420/1067/1006 381/899/853 419/898/852
f 707/574/560 744/1077/1015 782/949/902 745/1078/1016
f 785/1036/978 823/807/776 865/1079/758 824/1080/203
f 22/263/260 11/143/142 10/142/141 21/1081/1017
f 581/278/275 544/277/274 506/755/728 543/1082/1018
f 552/310/304 590/309/303 629/1083/1019 591/909/863
f 364/367/358 401/1084/1020 439/925/878 402/769/742
f 285/800/771 330/458/448 371/460/450 331/283/280
f 460/824/792 421/1085/1021 459/1070/1009 498/1086/1022
f 831/201/200 790/1087/1023 750/562/548 789/509/498
f 532/110/109 570/1049/989 609/906/860 571/111/110
f 752/409/400 714/408/399 675/959/911 713/779/751
f 636/962/914 598/961/913 559/1064/1004 597/1038/979
f 522/1088/1024 560/1040/981 599/1041/982 561/1044/985
f 325/365/356 364/367/358 402/769/742 365/768/741
f 607/441/432 644/829/797 682/404/395 645/442/433
f 540/322/316 501/321/315 539/669/648 578/1089/1025
f 808/1090/1026 769/523/512 807/1091/1027 848/584/570
f 545/922/875 582/280/277 620/782/754 583/933/886
f 570/1049/989 531/1050/990 569/827/795 608/1048/988
f 750/562/548 712/948/901 673/1092/1028 711/425/416
f 496/658/637 458/1068/1007 419/898/852 457/1093/1029
f 597/1038/979 596/1094/938 634/1095/939 635/1039/980
f 729/298/294 691/297/293 690/803/773 728/1062/1002
f 534/659/638 572/982/930 611/1096/1030 573/660/639
f 612/1097/1031 573/660/639 611/1096/1030 650/1098/1032
f 594/1099/1033 631/1057/997 669/577/563 632/576/562
f 616/403/394 579/402/393 541/1100/1034 578/1089/1025
f 775/1101/1035 813/1009/952 854/1008/893 814/1102/508
f 697/477/467 660/1103/1036 622/1104/1037 659/476/466
f 167/600/584 166/676/655 209/616/597 210/544/531
f 720/407/398 757/406/397 796/341/335 758/257/256
f 579/402/393 542/709/685 504/1105/1038 541/1100/1034
f 286/282/279 332/281/278 287/346/339 240/423/414
f 890/369/360 891/589/575 847/583/569 846/370/361
f 690/803/773 652/517/506 613/985/933 651/1060/1000
f 624/1066/1005 623/1106/1039 661/1107/1040 662/930/883
f 512/1074/1012 473/1108/1041 511/1076/1014 550/1075/1013
f 515/185/184 477/184/183 438/924/877 476/1109/1042
f 576/839/803 577/838/802 539/669/648 538/668/647
f 567/995/943 530/1073/1011 492/1110/1043 529/992/940
f 301/815/784 254/814/783 206/847/100 253/848/811
f 1047/454/445 1004/276/273 1046/275/272 1079/972/920
f 825/451/442 867/203/202 919/625/606 868/413/404
f 311/976/924 354/996/944 393/1111/1044 355/977/925
f 396/1112/1045 395/1113/1046 433/1056/996 434/1055/995
f 464/1114/1047 425/857/820 463/320/314 502/319/313
f 445/190/189 444/189/188 482/1115/890 483/1116/1048
f 731/522/511 693/983/931 730/296/292 768/299/295
f 561/1044/985 523/1117/1049 484/1118/1050 522/1088/1024
f 737/1053/993 774/1026/968 813/1009/952 775/1101/1035
f 384/1119/1051 345/1120/1052 300/1121/1053 344/332/326
f 693/983/931 655/963/915 692/738/711 730/296/292
f 709/788/760 746/556/542 784/559/545 747/1021/964
f 773/227/226 811/1122/1054 852/18/18 812/17/17
f 948/1123/923 896/19/19 947/437/428 1000/1004/846
f 924/1124/70 979/316/310 925/199/198 873/609/71
f 1010/396/387 956/598/582 1009/597/581 1053/1125/1055
f 1003/274/271 951/273/270 899/1126/1056 950/1005/950
f 527/1002/949 564/1127/1057 602/372/363 565/371/362
f 532/110/109 493/1072/1010 531/1050/990 570/1049/989
f 318/35/35 270/737/710 317/736/709 362/36/36
f 610/905/859 648/907/861 687/984/932 649/1128/1058
f 635/1039/980 634/1095/939 672/1129/965 673/1092/1028
f 704/99/98 665/1016/959 703/606/589 742/100/99
f 612/1097/1031 574/988/936 535/661/640 573/660/639
f 641/1030/972 604/994/942 566/993/941 603/374/365
f 767/841/805 729/298/294 728/1062/1002 766/842/806
f 155/161/160 197/160/159 244/1130/850 198/801/772
f 468/754/727 505/881/838 543/1082/1018 506/755/728
f 738/1131/1059 776/1132/1060 816/560/546 777/850/813
f 726/945/898 688/1133/1061 649/1128/1058 687/984/932
f 160/194/193 124/595/580 93/329/323 123/191/190
f 1107/231/230 1108/812/781 1098/966/916 1097/493/482
f 132/615/596 168/602/586 211/601/585 169/762/735
f 1099/28/28 1086/832/799 1098/966/916 1109/29/29
f 412/740/713 449/957/909 487/956/908 450/1134/1062
f 76/479/469 103/805/774 135/713/689 104/480/470
f 612/1097/1031 650/1098/1032 689/1061/1001 651/1060/1000
f 755/742/715 718/980/928 680/1135/1063 717/1136/1064
f 661/1107/1040 698/229/228 736/228/227 699/1052/992
f 735/230/229 698/229/228 660/1103/1036 697/477/467
f 372/284/281 331/283/280 371/460/450 410/954/906
f 623/1106/1039 660/1103/1036 698/229/228 661/1107/1040
f 1095/87/86 1082/9/9 1094/8/8 1105/1010/953
f 586/854/817 585/1137/1065 623/1106/1039 624/1066/1005
f 651/1060/1000 613/985/933 574/988/936 612/1097/1031
f 528/1138/1066 565/371/362 603/374/365 566/993/941
f 552/310/304 514/908/862 475/1139/1067 513/311/305
f 595/1140/1068 632/576/562 670/575/561 633/758/731
f 790/1087/1023 751/780/752 712/948/901 750/562/548
f 628/1018/961 590/309/303 551/312/306 589/1019/962
f 666/1017/960 704/99/98 743/98/97 705/917/871
f 826/809/778 787/475/465 825/451/442
f 908/1141/1069 865/1079/758 864/1142/1070
f 318/1143/35 271/968/918 223/715/691 270/921/710
f 556/935/888 593/1024/966 631/1057/997 594/1099/1033
f 662/930/883 661/1107/1040 699/1052/992 700/931/884
f 776/1132/1060 775/1101/1035 814/1102/508 815/1144/507
f 517/902/856 554/1145/1071 592/1146/1072 555/1025/967
f 519/936/889 556/935/888 594/1099/1033 557/938/891
f 480/844/808 517/902/856 555/1025/967 518/845/809
f 35/4/4 57/1147/1073 81/532/520 58/5/5
f 560/1040/981 522/1088/1024 483/1116/1048 521/1063/1003
f 639/1148/1074 602/372/363 564/1127/1057 601/1149/1075
f 523/1117/1049 485/571/557 446/573/559 484/1118/1050
f 486/1150/1076 524/1151/1077 563/1152/1078 525/1153/1079
f 304/148/147 348/1154/814 388/1155/757 349/149/148
f 405/1156/1080 442/903/857 480/844/808 443/843/807
f 176/554/540 175/1157/1081 218/665/644 219/555/541
f 522/1088/1024 484/1118/1050 445/190/189 483/1116/1048
f 606/828/796 643/1158/1082 681/979/927 644/829/797
f 562/1159/1083 600/1043/984 639/1148/1074 601/1149/1075
f 533/112/111 495/1054/994 456/1160/1084 494/109/108
f 10/142/141 20/7/7 36/6/6 21/1081/1017
f 382/928/881 342/927/880 381/899/853 420/1067/1006
f 458/1068/1007 496/658/637 535/661/640 497/1069/1008
f 491/1161/1085 528/1138/1066 566/993/941 529/992/940
f 809/91/90 849/392/383 893/395/386 850/1027/969
f 927/158/157 980/315/309 1023/317/311 981/964/532
f 688/1133/1061 726/945/898 765/946/899 727/1162/1086
f 673/1092/1028 672/1129/965 710/426/417 711/425/416
f 821/798/769 861/816/785 905/817/786 862/799/770
f 972/610/591 970/64/64 1014/611/592
f 1004/276/273 1005/511/500 952/45/45 951/273/270
f 1058/416/407 1017/435/426 1057/434/425 1126/674/653
f 21/1081/1017 36/6/6 59/504/493 37/1046/986
f 832/640/621 791/639/620 751/780/752 790/1087/1023
f 945/872/829 997/677/656 1040/680/659 998/704/680
f 722/593/579 683/592/578 721/79/79 760/78/78
f 525/1153/1079 488/1163/1087 450/1134/1062 487/956/908
f 811/1122/1054 851/539/526 895/438/429 852/18/18
f 735/230/229 772/920/874 811/1122/1054 773/227/226
f 863/808/777 822/558/544 862/799/770 906/398/389
f 624/1066/1005 662/930/883 701/929/882 663/1014/957
f 548/853/816 547/989/937 585/1137/1065 586/854/817
f 627/1020/963 589/1019/962 550/1075/1013 588/564/550
f 512/1074/1012 474/1164/1088 435/1165/1089 473/1108/1041
f 511/1076/1014 473/1108/1041 434/1055/995 472/176/175
f 567/995/943 604/994/942 642/1166/1090 605/1167/1091
f 1020/50/50 976/1168/1092 1019/757/730 1061/51/51
f 355/977/925 393/1111/1044 431/448/439 394/447/438
f 593/1024/966 630/915/869 668/918/872 631/1057/997
f 456/1160/1084 417/887/844 455/1169/1093 494/109/108
f 418/1035/977 456/1160/1084 495/1054/994 457/1093/1029
f 820/820/788 782/949/902 744/1077/1015 781/97/96
f 709/788/760 672/1023/965 634/991/939 671/760/733
f 399/912/866 360/1006/951 315/706/682 359/913/867
f 559/1064/1004 558/1170/1094 596/1094/938 597/1038/979
f 525/1153/1079 487/956/908 448/955/907 486/1150/1076
f 605/1167/1091 568/1051/991 530/1073/1011 567/995/943
f 422/823/791 383/335/329 421/1085/1021 460/824/792
f 329/83/82 328/1171/1095 368/429/420 369/84/83
f 521/1063/1003 520/1172/892 558/1170/1094 559/1064/1004
f 813/1009/952 774/1026/968 812/17/17 853/16/16
f 116/432/423 117/41/41 85/40/40
f 995/873/830 941/489/479 994/488/478 1038/719/695
f 716/1032/974 753/411/402 792/410/401 754/875/832
f 738/1131/1059 737/1053/993 775/1101/1035 776/1132/1060
f 302/1173/737 255/173/172 207/1174/1096 254/1175/783
f 717/1136/1064 680/1135/1063 642/1166/1090 679/1033/975
f 664/1015/958 626/563/549 587/566/552 625/855/818
f 692/738/711 654/400/391 615/515/504 653/514/503
f 781/97/96 744/1077/1015 706/1058/998 743/98/97
f 600/1043/984 638/1042/983 677/1176/1097 639/1148/1074
f 417/887/844 454/886/843 492/1110/1043 455/1169/1093
f 534/659/638 496/658/637 457/1093/1029 495/1054/994
f 262/486/476 216/485/475 173/500/489 215/1177/1098
f 508/997/945 545/922/875 583/933/886 546/932/885
f 668/918/872 705/917/871 743/98/97 706/1058/998
f 538/668/647 500/663/642 461/822/790 499/821/789
f 587/566/552 549/565/551 510/179/178 548/853/816
f 346/765/738 301/815/784 345/1120/1052 385/882/839
f 212/763/736 170/622/603 133/390/381 169/762/735
f 240/423/414 194/731/296 148/644/297 193/421/412
f 293/756/729 336/739/712 375/741/714 337/618/599
f 836/342/336 878/159/158 928/965/77 879/343/76
f 945/872/829 894/540/527 850/1027/969 893/395/386
f 391/686/664 428/1178/1099 466/1179/1100 429/894/848
f 375/741/714 412/740/713 450/1134/1062 413/272/269
f 697/477/467 734/420/411 772/920/874 735/230/229
f 558/1180/1094 595/1140/1068 633/758/731 596/990/938
f 590/309/303 628/1018/961 667/916/870 629/1083/1019
f 513/311/305 475/1139/1067 436/1181/1101 474/1164/1088
f 473/1108/1041 435/1165/1089 396/1112/1045 434/1055/995
f 479/904/858 516/1182/1102 554/1145/1071 517/902/856
f 284/23/23 283/26/26 328/1171/1095 329/83/82
f 547/989/937 584/934/887 622/1104/1037 585/1137/1065
f 459/1070/1009 421/1085/1021 382/928/881 420/1067/1006
f 783/557/543 746/556/542 708/759/732 745/1078/1016
f 398/914/868 436/1181/1101 475/1139/1067 437/911/865
f 410/954/906 371/460/450 409/459/449 448/955/907
f 484/1118/1050 446/573/559 407/187/186 445/190/189
f 413/272/269 450/1134/1062 488/1163/1087 451/269/266
f 601/1149/1075 563/1152/1078 524/1151/1077 562/1159/1083
f 880/733/706 837/1037/334 879/76/76 929/75/75
f 455/1169/1093 492/1110/1043 530/1073/1011 493/1072/1010
f 56/806/775 79/355/348 108/354/347 80/1183/1103
f 574/988/936 536/987/935 497/1069/1008 535/661/640
f 678/1031/973 715/1184/1104 753/411/402 716/1032/974
f 1068/86/85 1034/1185/1105 1067/10/10 1082/9/9
f 856/344/337 855/520/509 899/1126/1056 900/44/44
f 605/1167/1091 642/1166/1090 680/1135/1063 643/1158/1082
f 679/1033/975 642/1166/1090 604/994/942 641/1030/972
f 418/1035/977 379/884/841 417/887/844 456/1160/1084
f 650/1098/1032 611/1096/1030 649/1128/1058 688/1133/1061
f 448/955/907 409/459/449 447/572/558 486/1150/1076
f 608/1048/988 646/440/431 685/569/555 647/749/722
f 421/1085/1021 383/335/329 343/334/328 382/928/881
f 765/946/899 804/368/359 846/370/361 805/840/804
f 392/895/849 429/894/848 467/880/837 430/879/836
f 221/295/291 177/457/447 220/553/539 268/707/683
f 1049/620/601 1005/511/500 1048/453/444 1126/674/653
f 849/392/383 808/1090/1026 848/584/570 892/393/384
f 249/1186/1106 296/1187/1107 341/900/854 297/1188/1108
f 713/779/751 675/959/911 636/962/914 674/947/900
f 174/498/487 138/1189/1109 106/1190/782 137/499/488
f 745/1078/1016 782/949/902 821/798/769 783/557/543
f 602/372/363 639/1148/1074 677/1176/1097 640/373/364
f 768/299/295 729/298/294 767/841/805 807/1091/1027
f 538/668/647 499/821/789 537/1191/1110 576/839/803
f 474/1164/1088 512/1074/1012 551/312/306 513/311/305
f 357/1012/955 396/1112/1045 435/1165/1089 397/1013/956
f 536/987/935 498/1086/1022 459/1070/1009 497/1069/1008
f 494/109/108 455/1169/1093 493/1072/1010 532/110/109
f 509/178/177 546/932/885 584/934/887 547/989/937
f 549/565/551 511/1076/1014 472/176/175 510/179/178
f 446/573/559 408/85/84 369/84/83 407/187/186
f 384/1119/1051 344/332/326 383/335/329 422/823/791
f 562/1159/1083 524/1151/1077 485/571/557 523/1117/1049
f 483/1116/1048 482/1115/890 520/1172/892 521/1063/1003
f 486/1150/1076 447/572/558 485/571/557 524/1151/1077
f 441/1029/971 478/186/185 516/1182/1102 479/904/858
f 700/931/884 699/1052/992 737/1053/993 738/1131/1059
f 628/1018/961 666/1017/960 705/917/871 667/916/870
f 312/670/649 355/977/925 394/447/438 356/1192/1111
f 715/1184/1104 678/1031/973 640/373/364 677/1176/1097
f 357/1012/955 356/1192/1111 395/1113/1046 396/1112/1045
f 491/1161/1085 454/886/843 416/885/842 453/791/763
f 676/1193/1112 637/960/912 675/959/911 714/408/399
f 866/202/201 824/204/203 865/786/758
f 380/901/855 418/1035/977 457/1093/1029 419/898/852
f 259/744/717 305/146/145 349/149/148 306/745/718
f 296/1187/1107 339/578/564 378/581/567 340/1034/976
f 330/458/448 285/800/771 238/24/24 284/23/23
f 498/1086/1022 536/987/935 575/986/934 537/1191/1110
f 860/133/132 904/973/921 957/399/390 905/817/786
f 246/878/835 292/877/834 336/739/712 293/756/729
f 769/523/512 731/522/511 768/299/295 807/1091/1027
f 732/524/513 769/523/512 808/1090/1026 770/90/89
f 853/16/16 896/19/19 948/1123/923 897/1007/894
f 342/927/880 297/1188/1108 341/900/854 381/899/853
f 700/931/884 738/1131/1059 777/850/813 739/849/812
f 946/439/430 998/704/680 1041/259/257 999/436/427
f 584/934/887 621/673/652 659/476/466 622/1104/1037
f 867/203/202 918/497/486 919/625/606
f 471/177/176 508/997/945 546/932/885 509/178/177
f 400/923/876 360/1006/951 399/912/866 438/924/877
f 453/791/763 416/885/842 378/581/567 415/580/566
f 657/781/753 694/521/510 732/524/513 695/181/180
f 670/575/561 707/574/560 745/1078/1016 708/759/732
f 555/1025/967 592/1146/1072 630/915/869 593/1024/966
f 557/938/891 594/1099/1033 632/576/562 595/1140/1068
f 520/939/892 557/938/891 595/1140/1068 558/1180/1094
f 303/174/173 255/173/172 302/1173/737 347/1194/740
f 451/269/266 488/1163/1087 526/1195/1113 489/978/926
f 411/725/701 373/724/700 332/281/278 372/284/281
f 686/748/721 648/907/861 609/906/860 647/749/722
f 403/770/743 440/183/182 478/186/185 441/1029/971
f 848/584/570 807/1091/1027 767/841/805 806/582/568
f 529/992/940 492/1110/1043 454/886/843 491/1161/1085
f 787/475/465 788/628/609 786/452/443
f 380/901/855 341/900/854 296/1187/1107 340/1034/976
f 340/1034/976 378/581/567 416/885/842 379/884/841
f 78/153/152 105/152/151 137/1196/488 106/813/782
f 952/45/45 900/44/44 899/1126/1056 951/273/270
f 1057/434/425 1016/304/300 1056/496/485 1127/621/602
f 3/145/144 2/247/246 8/117/116 9/116/115
f 344/332/326 300/1121/1053 252/220/219 299/333/327
f 500/663/642 462/662/641 423/883/840 461/822/790
f 359/913/867 314/856/819 358/1011/954 398/914/868
f 851/539/526 810/919/873 850/1027/969 894/540/527
f 583/933/886 620/782/754 658/180/179 621/673/652
f 702/711/687 664/1015/958 625/855/818 663/1014/957
f 433/1056/996 470/650/630 508/997/945 471/177/176
f 398/914/868 358/1011/954 397/1013/956 436/1181/1101
f 34/1197/1114 33/647/627 55/154/153 56/806/775
f 478/186/185 515/185/184 553/910/864 516/1182/1102
f 679/1033/975 716/1032/974 754/875/832 717/1136/1064
f 643/1158/1082 680/1135/1063 718/980/928 681/979/927
f 719/405/396 682/404/395 644/829/797 681/979/927
f 865/786/758 908/1198/1069 909/750/723
f 127/683/661 163/102/101 207/1174/1096 164/1199/1115
f 818/136/135 859/506/495 904/973/921 860/133/132
f 372/284/281 410/954/906 449/957/909 411/725/701
f 295/1000/947 338/619/600 377/579/565 339/578/564
f 98/223/222 128/1200/1116 165/617/598 129/834/800
f 180/716/692 143/526/515 110/533/521 142/256/255
f 354/996/944 392/895/849 430/879/836 393/1111/1044
f 96/455/446 126/103/102 163/102/101 127/683/661
f 541/1100/1034 504/1105/1038 466/1179/1100 503/1201/1117
f 541/1100/1034 503/1201/1117 540/322/316 578/1089/1025
f 712/948/901 674/947/900 635/1039/980 673/1092/1028
f 281/699/676 280/868/828 325/365/356
f 585/1137/1065 622/1104/1037 660/1103/1036 623/1106/1039
f 649/1128/1058 611/1096/1030 572/982/930 610/905/859
f 47/245/244 68/324/318 95/327/321 69/246/245
f 461/822/790 423/883/840 384/1119/1051 422/823/791
f 764/778/750 725/825/793 763/702/679 803/285/282
f 620/782/754 657/781/753 695/181/180 658/180/179
f 516/1182/1102 553/910/864 591/909/863 554/1145/1071
f 301/815/784 253/848/811 300/1121/1053 345/1120/1052
f 592/1146/1072 629/1083/1019 667/916/870 630/915/869
f 476/1109/1042 514/908/862 553/910/864 515/185/184
f 1078/664/643 1091/535/523 1103/534/522 1092/777/749
f 289/890/847 243/926/879 196/96/95 242/95/94
f 815/518/507 856/344/337 901/345/338 857/835/547
f 215/1202/1098 173/1203/489 136/641/622 172/714/690
f 526/1195/1113 563/1152/1078 601/1149/1075 564/1127/1057
f 565/371/362 528/1138/1066 490/790/762 527/1002/949
f 453/791/763 490/790/762 528/1138/1066 491/1161/1085
f 980/315/309 926/720/696 875/200/199 925/199/198
f 224/967/917 272/196/195 225/314/308 181/527/516
f 201/417/408 159/192/191 123/191/190 158/613/594
f 748/1065/418 785/1036/978 824/1080/203 786/1204/443
f 274/863/823 272/196/195 275/195/194
f 855/520/509 814/519/508 854/940/893 898/943/896
f 1027/692/670 1028/1205/1118 984/353/346
f 811/1122/1054 772/920/874 810/919/873 851/539/526
f 314/856/819 266/667/646 313/671/650 358/1011/954
f 395/1113/1046 432/450/441 470/650/630 433/1056/996
f 616/403/394 578/1089/1025 539/669/648 577/838/802
f 224/967/917 180/716/692 223/715/691 271/968/918
f 163/102/101 206/101/100 254/1175/783 207/1174/1096
f 208/172/171 164/1199/1115 207/1174/1096 255/173/172
f 576/839/803 537/1191/1110 575/986/934 614/516/505
f 704/99/98 666/1017/960 627/1020/963 665/1016/959
f 554/1145/1071 591/909/863 629/1083/1019 592/1146/1072
f 361/944/897 400/923/876 439/925/878 401/1084/1020
f 973/303/299 920/302/298 868/413/404 919/625/606
f 865/786/758 912/207/206 866/202/201
f 489/978/926 526/1195/1113 564/1127/1057 527/1002/949
f 156/652/631 198/1206/772 245/876/833 199/653/632
f 337/618/599 375/741/714 413/272/269 376/271/268
f 858/471/461 817/505/494 777/850/813 816/560/546
f 845/288/285 889/287/284 942/874/831 890/369/360
f 97/684/662 127/683/661 164/1199/1115 128/1200/1116
f 107/603/349 106/1190/782 138/1189/1109 139/604/587
f 540/322/316 503/1201/1117 465/1207/1119 502/319/313
f 58/5/5 82/503/492 59/504/493 36/6/6
f 832/640/621 875/200/199 926/720/696 876/585/571
f 638/1042/983 676/1193/1112 715/1184/1104 677/1176/1097
f 217/771/744 263/484/474 310/797/768 264/1208/1120
f 695/181/180 732/524/513 770/90/89 733/89/88
f 646/440/431 684/443/434 723/570/556 685/569/555
f 619/279/276 656/508/497 694/521/510 657/781/753
f 469/449/440 506/755/728 544/277/274 507/649/629
f 249/1186/1106 295/1000/947 339/578/564 296/1187/1107
f 790/1087/1023 831/201/200 875/200/199 832/640/621
f 654/400/391 616/403/394 577/838/802 615/515/504
f 313/671/650 312/670/649 356/1192/1111 357/1012/955
f 286/282/279 239/422/413 285/800/771 331/283/280
f 1114/648/628 1105/1010/953 1113/384/375 1120/696/674
f 664/1015/958 702/711/687 741/607/590 703/606/589
f 404/950/903 441/1029/971 479/904/858 442/903/857
f 676/1193/1112 714/408/399 753/411/402 715/1184/1104
f 438/924/877 399/912/866 437/911/865 476/1109/1042
f 1027/692/670 984/353/346 1026/352/345
f 319/197/196 271/968/918 318/1143/35 363/291/38
f 1002/513/502 950/1005/950 898/943/896 949/942/895
f 264/1208/1120 310/797/768 354/996/944 311/976/924
f 44/243/242 45/72/72 25/58/58
f 189/2/2 235/792/675 190/3/3
f 931/1209/1121 930/538/525 932/350/343
f 5/542/529 13/150/149 27/244/243 14/60/60
f 210/544/531 209/616/597 256/175/174 257/147/146
f 949/942/895 1001/974/922 1044/31/31 1002/513/502
f 217/771/744 175/1157/1081 138/1189/1109 174/498/487
f 638/1042/983 599/1041/982 637/960/912 676/1193/1112
f 197/160/159 243/926/879 290/1210/341 244/1130/850
f 650/1098/1032 688/1133/1061 727/1162/1086 689/1061/1001
f 465/1207/1119 427/166/165 464/1114/1047 502/319/313
f 400/923/876 361/944/897 316/830/798 360/1006/951
f 871/810/779 872/138/137 828/548/534
f 840/819/787 884/783/755 937/727/703 885/307/302
f 300/1121/1053 253/848/811 205/217/216 252/220/219
f 105/152/151 136/641/622 173/1203/489 137/1196/488
f 345/1120/1052 384/1119/1051 423/883/840 385/882/839
f 1079/972/920 1065/502/491 1031/132/131 1047/454/445
f 405/1156/1080 368/1211/420 328/1212/1095 367/951/904
f 323/37/37 321/952/286 363/38/38
f 477/184/183 440/183/182 402/769/742 439/925/878
f 1118/761/734 1111/958/910 1101/1059/999 1110/722/698
f 175/1157/1081 217/771/744 264/1208/1120 218/665/644
f 172/714/690 214/530/518 261/529/517 215/1202/1098
f 1053/1125/1055 1011/1213/1122 958/397/388 1010/396/387
f 972/610/591 1015/495/484 973/303/299 919/625/606
f 788/628/609 827/811/780 828/548/534
f 787/475/465 827/811/780 788/628/609
f 874/198/197 830/510/499 788/804/609 829/608/136
f 1094/8/8 1104/381/372 1113/384/375 1105/1010/953
f 142/256/255 110/533/521 81/532/520 109/253/252
f 932/350/343 930/538/525 983/351/344
f 101/389/380 74/388/379 51/252/251 73/266/263
f 37/1046/986 38/264/261 22/263/260 21/1081/1017
f 37/1046/986 59/504/493 83/464/454 60/221/220
f 26/151/150 46/362/355 68/324/318 47/245/244
f 276/864/824 277/865/825 235/792/675 233/632/613
f 1123/734/707 1118/761/734 1110/722/698 1117/721/697
f 852/18/18 895/438/429 947/437/428 896/19/19
f 778/753/726 817/505/494 859/506/495 818/136/135
f 1124/694/672 1120/696/674 1113/384/375 1119/383/374
f 31/626/607 52/746/719 75/747/720 53/672/651
f 128/1200/1116 164/1199/1115 208/172/171 165/617/598
f 975/1047/987 974/305/301 1017/435/426 1018/826/794
f 367/951/904 404/950/903 442/903/857 405/1156/1080
f 352/685/663 390/167/166 428/1178/1099 391/686/664
f 443/843/807 406/1214/187 368/1211/420 405/1156/1080
f 81/532/520 57/1147/1073 80/1183/1103 109/253/252
f 990/655/634 1033/39/39 1067/10/10 1034/1185/1105
f 114/318/312 149/216/215 115/215/214
f 118/549/535 153/93/92 196/96/95 154/163/162
f 1027/692/670 1026/352/345 1060/693/671
f 143/526/515 180/716/692 224/967/917 181/527/516
f 580/708/684 617/401/392 655/963/915 618/507/496
f 283/861/26 327/212/211 367/951/904 328/1212/1095
f 94/325/319 68/324/318 46/362/355 67/364/324
f 290/1210/341 243/926/879 289/890/847 334/891/342
f 921/414/405 976/1168/1092 922/590/576 869/412/403
f 49/240/239 29/251/250 15/62/62 28/61/61
f 979/998/310 1022/999/946 1063/547/533 1023/546/311
f 870/591/577 871/810/779 826/809/778
f 872/138/137 871/810/779 870/591/577
f 129/834/800 99/267/264 72/224/223 98/223/222
f 19/119/118 18/118/117 33/647/627 34/1197/1114
f 176/554/540 139/604/587 138/1189/1109 175/1157/1081
f 1110/722/698 1101/1059/999 1089/624/605 1100/30/30
f 839/63/63 883/774/747 936/656/635 884/783/755
f 200/614/595 158/613/594 122/328/322 157/654/633
f 1070/491/480 1036/969/919 1069/773/746 1084/492/481
f 1076/32/32 1043/888/845 1075/141/140 1089/624/605
f 955/1215/463 1008/377/368 1052/380/371 1009/1216/581
f 481/846/810 444/1071/188 406/1214/187 443/843/807
f 1050/121/120 1127/621/602 1056/496/485 1128/787/759
f 859/506/495 903/474/464 956/598/582 904/973/921
f 1108/812/781 1116/107/106 1123/734/707 1117/721/697
f 182/114/113 183/113/112 144/462/452
f 740/712/688 701/929/882 739/849/812 778/753/726
f 795/525/514 756/981/929 794/743/716 835/156/155
f 1044/31/31 1001/974/922 1043/888/845 1076/32/32
f 719/405/396 756/981/929 795/525/514 757/406/397
f 776/1132/1060 815/1144/507 857/561/547 816/560/546
f 160/194/193 203/193/192 251/446/437 204/219/218
f 291/897/851 245/876/833 198/1206/772 244/896/850
f 99/267/264 129/834/800 166/676/655 130/675/654
f 652/517/506 614/516/505 575/986/934 613/985/933
f 330/458/448 284/23/23 329/83/82 370/82/81
f 563/1152/1078 526/1195/1113 488/1163/1087 525/1153/1079
f 867/203/202 914/1217/1123 915/359/352
f 866/202/201 914/1217/1123 867/203/202
f 915/359/352 916/361/354 867/203/202
f 184/115/114 227/358/351 186/728/704 185/631/612
f 918/497/486 916/361/354 917/65/65
f 91/467/457 120/541/528 156/802/631 121/470/460
f 147/1218/625 190/697/3 236/700/677 191/871/623
f 162/104/103 126/103/102 95/327/321 125/326/320
f 872/138/137 922/590/576 977/1219/1124 923/68/68
f 902/837/462 954/836/801 1008/377/368 955/1215/463
f 374/726/702 336/739/712 292/877/834 335/723/699
f 934/387/378 986/1220/1125 987/465/455
f 82/503/492 110/533/521 143/526/515 111/461/451
f 991/171/170 937/727/703 990/655/634 1034/1185/1105
f 1073/260/258 1040/680/659 996/679/658 1039/690/668
f 930/538/525 931/1209/1121 880/733/706
f 881/54/54 931/1209/1121 932/350/343
f 880/733/706 931/1209/1121 881/54/54
f 929/75/75 930/538/525 880/733/706
f 1069/773/746 1036/969/919 992/169/168 1035/168/167
f 805/840/804 766/842/806 727/1162/1086 765/946/899
f 760/78/78 799/81/80 841/235/234 800/234/233
f 192/643/624 239/422/413 193/421/412 148/644/297
f 950/1005/950 899/1126/1056 855/520/509 898/943/896
f 467/880/837 504/1105/1038 542/709/685 505/881/838
f 1111/958/910 1102/536/524 1090/33/33 1101/1059/999
f 543/1082/1018 580/708/684 618/507/496 581/278/275
f 24/57/57 12/56/56 23/241/240
f 11/143/142 22/263/260 39/122/121 23/241/240
f 424/858/821 386/766/739 346/765/738 385/882/839
f 503/1201/1117 466/1179/1100 428/1178/1099 465/1207/1119
f 170/622/603 212/763/736 259/744/717 213/689/667
f 795/525/514 835/156/155 878/159/158 836/342/336
f 280/868/828 281/699/676 235/698/675
f 913/206/205 914/1217/1123 866/202/201 912/207/206
f 213/689/667 171/688/666 134/623/604 170/622/603
f 1127/621/602 1049/620/601 1126/674/653 1057/434/425
f 864/1142/1070 863/808/777 906/398/389 907/772/745 908/1141/1069
f 961/637/618 962/636/617 910/752/725 960/751/724 1011/1221/1122
f 908/1198/1069 959/1222/1126 960/751/724 909/750/723
f 959/1222/1126 1011/1221/1122 960/751/724
f 1053/1223/1055 1012/1028/970 961/637/618 1011/1221/1122
f 970/64/64 971/629/610 917/65/65
f 60/221/220 83/464/454 112/463/453 84/222/221
f 963/205/204 911/208/207 910/752/725 962/636/617
f 966/735/708 964/1001/948 1013/638/619
f 964/1001/948 965/1224/1127 913/206/205
f 966/735/708 965/1224/1127 964/1001/948
f 915/359/352 965/1224/1127 966/735/708
f 966/735/708 967/360/353 915/359/352
f 968/66/66 967/360/353 966/735/708
f 1070/491/480 1037/892/693 993/970/332 1036/969/919
f 918/497/486 971/629/610 972/610/591
f 917/65/65 971/629/610 918/497/486
f 976/1168/1092 921/414/405 975/1047/987 1019/757/730
f 977/1219/1124 922/590/576 976/1168/1092 1020/50/50
f 798/15/15 839/63/63 884/783/755 840/819/787
f 987/465/455 986/1220/1125 1029/466/456
f 295/1000/947 249/1186/1106 202/419/410 248/418/409
f 933/376/367 932/350/343 984/353/346
f 940/339/333 993/338/332 1037/717/693 994/488/478
f 1066/20/20 1033/39/39 989/657/636 1032/501/490
f 984/353/346 985/1225/1128 933/376/367
f 986/1220/1125 985/1225/1128 984/353/346
f 934/387/378 985/1225/1128 986/1220/1125
f 933/376/367 985/1225/1128 934/387/378
f 1129/379/370 1054/776/748 1012/1028/970 1052/380/371
f 1021/1226/1129 978/69/69 923/68/68 977/1219/1124
f 188/634/615 234/633/614 189/2/2 187/729/705
f 278/869/826 280/868/828 235/698/675
f 297/1188/1108 250/444/435 202/419/410 249/1186/1106
f 80/1183/1103 57/1147/1073 34/1197/1114 56/806/775
f 74/388/379 52/746/719 30/250/249 51/252/251
f 683/592/578 720/407/398 758/257/256 721/79/79
f 152/433/424 194/300/296 241/430/421 195/94/93
f 568/1051/991 605/1167/1091 643/1158/1082 606/828/796
f 429/894/848 466/1179/1100 504/1105/1038 467/880/837
f 474/1164/1088 436/1181/1101 397/1013/956 435/1165/1089
f 935/682/660 987/465/455 1030/130/129 988/129/128
f 1014/611/592 970/64/64 969/67/67
f 304/148/147 257/147/146 256/175/174 303/174/173
f 401/1084/1020 364/367/358 323/37/37 362/36/36
f 424/858/821 425/857/820 387/852/815 386/766/739
f 1009/1216/581 1052/380/371 1012/1028/970 1053/1223/1055
f 809/91/90 770/90/89 808/1090/1026 849/392/383
f 262/486/476 308/705/681 352/685/663 309/483/473
f 717/1136/1064 754/875/832 793/587/573 755/742/715
f 71/226/225 97/684/662 128/1200/1116 98/223/222
f 964/1001/948 962/636/617 1013/638/619
f 913/206/205 963/205/204 964/1001/948
f 969/67/67 1013/638/619 1054/776/748 1014/611/592
f 464/1114/1047 427/166/165 389/165/164 426/784/756
f 319/197/196 363/291/38 320/290/287 276/864/824
f 133/390/381 101/389/380 132/615/596 169/762/735
f 967/360/353 968/66/66 917/65/65
f 1091/535/523 1078/664/643 1045/512/501 1077/34/34
f 861/816/785 820/820/788 780/605/588 819/134/133
f 186/728/704 229/794/765 188/634/615 187/729/705
f 759/12/12 798/15/15 840/819/787 799/818/80
f 89/469/459 90/468/458 64/375/366
f 393/1111/1044 430/879/836 468/754/727 431/448/439
f 1029/466/456 1028/1205/1118 1027/692/670
f 986/1220/1125 1028/1205/1118 1029/466/456
f 984/353/346 1028/1205/1118 986/1220/1125
f 669/577/563 706/1058/998 744/1077/1015 707/574/560
f 218/665/644 264/1208/1120 311/976/924 265/666/645
f 80/1183/1103 108/354/347 141/254/253 109/253/252
f 901/345/338 953/47/47 1007/120/119 954/836/801
f 1021/1226/1129 1062/49/49 1024/53/53 1063/547/533
f 977/1219/1124 1020/50/50 1062/49/49 1021/1226/1129
f 465/1207/1119 428/1178/1099 390/167/166 427/166/165
f 238/24/24 192/643/624 191/642/623 237/25/25
f 373/724/700 333/347/340 287/346/339 332/281/278
f 1097/493/482 1084/492/481 1096/232/231 1107/231/230
f 1081/11/11 1093/22/22 1104/381/372 1094/8/8
f 401/1084/1020 362/36/36 317/736/709 361/944/897
f 1128/787/759 1051/378/369 1007/120/119 1050/121/120
f 684/443/434 722/593/579 761/482/472 723/570/556
f 225/314/308 182/114/113 181/527/516
f 802/701/678 843/710/686 888/487/477 844/286/283
f 350/1045/377 306/745/718 349/149/148 388/1155/757
f 19/119/118 34/1197/1114 57/1147/1073 35/4/4
f 913/206/205 965/1224/1127 915/359/352 914/1217/1123
f 537/1191/1110 499/821/789 460/824/792 498/1086/1022
f 92/331/325 121/651/460 157/654/633 122/328/322
f 356/1192/1111 394/447/438 432/450/441 395/1113/1046
f 846/370/361 847/583/569 806/582/568 805/840/804
f 819/134/133 780/605/588 741/607/590 779/135/134
f 600/1043/984 562/1159/1083 523/1117/1049 561/1044/985
f 215/1177/1098 261/833/517 308/705/681 262/486/476
f 934/387/378 883/774/747 839/63/63 882/55/55
f 203/193/192 159/192/191 202/419/410 250/444/435
f 1063/547/533 1022/999/946 978/69/69 1021/1226/1129
f 304/148/147 303/174/173 347/1194/740 348/1154/814
f 946/439/430 894/540/527 945/872/829 998/704/680
f 234/633/614 235/792/675 189/2/2
f 1098/966/916 1108/812/781 1117/721/697 1109/29/29
f 476/1109/1042 437/911/865 475/1139/1067 514/908/862
f 426/784/756 387/852/815 425/857/820 464/1114/1047
f 14/60/60 27/244/243 48/238/237 28/61/61
f 1001/974/922 949/942/895 897/941/894 948/975/923
f 726/945/898 687/984/932 725/825/793 764/778/750
f 298/445/436 250/444/435 297/1188/1108 342/927/880
f 147/681/625 114/318/312 113/265/262
f 73/266/263 100/268/265 132/615/596 101/389/380
f 763/702/679 802/701/678 844/286/283 803/285/282
f 251/446/437 298/445/436 343/334/328 299/333/327
f 975/1047/987 921/414/405 920/302/298 974/305/301
f 766/842/806 728/1062/1002 689/1061/1001 727/1162/1086
f 236/700/677 281/699/676 326/210/209 282/209/208
f 826/809/778 827/811/780 787/475/465
f 991/171/170 1034/1185/1105 1068/86/85 1035/168/167
f 1051/378/369 1128/787/759 1055/612/593 1129/379/370
f 505/881/838 542/709/685 580/708/684 543/1082/1018
f 23/241/240 12/56/56 4/144/143 11/143/142
f 2/247/246 7/249/248 17/627/608 8/117/116
f 112/463/453 145/630/611 146/1/1
f 1203/1227/1130 1182/1228/1131 1199/1229/1132 1216/1230/1133
f 1241/1231/1134 1280/1232/1135 1242/1233/1136 1223/1234/1137
f 1265/1235/1138 1137/1236/1139 1252/1237/1140 1253/1238/1141
f 1161/1239/1142 1160/1240/1143 1293/1241/1144 1165/1242/1145
f 1236/1243/1146 1247/1244/1147 1234/1245/1148 1233/1246/1149
f 1158/1247/1150 1292/1248/1151 1179/1249/1152 1167/1250/1153
f 1164/1251/1154 1161/1239/1142 1165/1242/1145 1183/1252/1155
f 1145/1253/1156 1266/1254/1157 1138/1255/1158 1156/1256/1159
f 1189/1257/1160 1208/1258/1161 1190/1259/1162 1187/1260/1163
f 1133/1261/1164 1134/1262/1165 1264/1263/1166 1256/1264/1167
f 1288/1265/1168 1150/1266/1169 1132/1267/1170 1287/1268/1171
f 1185/1269/1172 1193/1270/1173 1219/1271/1174 1206/1272/1175
f 1169/1273/1176 1291/1274/1177 1170/1275/1178 1178/1276/1179
f 1213/1277/1180 1230/1278/1181 1216/1230/1133 1199/1229/1132
f 1202/1279/1182 1201/1280/1183 1214/1281/1184 1215/1282/1185
f 1172/1283/1186 1173/1284/1187 1176/1285/1188 1187/1260/1163
f 1155/1286/1189 1284/1287/1190 1146/1288/1191 1154/1289/1192
f 1171/1290/1193 1177/1291/1194 1191/1292/1195 1186/1293/1196
f 1278/1294/1197 1257/1295/1198 1270/1296/1199 1244/1297/1200
f 1269/1298/1201 1226/1299/1202 1243/1300/1203 1259/1301/1204
f 1140/1302/1205 1139/1303/1206 1145/1253/1156 1283/1304/1207
f 1140/1302/1205 1267/1305/1208 1250/1306/1209 1139/1303/1206
f 1196/1307/1210 1184/1308/1211 1195/1309/1212 1205/1310/1213
f 1227/1311/1214 1212/1312/1215 1196/1307/1210 1205/1310/1213
f 1148/1313/1216 1133/1261/1164 1257/1295/1198 1263/1314/1217
f 1150/1266/1169 1288/1265/1168 1175/1315/1218 1151/1316/1219
f 1136/1317/1220 1146/1288/1191 1137/1236/1139 1265/1235/1138
f 1222/1318/1221 1241/1231/1134 1223/1234/1137 1220/1319/1222
f 1248/1320/1223 1141/1321/1224 1282/1322/1225 1142/1323/1226
f 1212/1312/1215 1197/1324/1227 1180/1325/1228 1196/1307/1210
f 1225/1326/1229 1211/1327/1230 1206/1272/1175 1219/1271/1174
f 1293/1241/1144 1159/1328/1231 1167/1250/1153 1166/1329/1232
f 1152/1330/1233 1173/1284/1187 1153/1331/1234 1147/1332/1235
f 1245/1333/1236 1271/1334/1237 1237/1335/1238 1230/1278/1181
f 1153/1331/1234 1285/1336/1239 1135/1337/1240 1147/1332/1235
f 1231/1338/1241 1216/1230/1133 1230/1278/1181 1237/1335/1238
f 1250/1306/1209 1267/1305/1208 1249/1339/1242 1274/1340/1243
f 1271/1334/1237 1255/1341/1244 1254/1342/1245 1276/1343/1246
f 1282/1322/1225 1160/1240/1143 1143/1344/1247 1142/1323/1226
f 1193/1270/1173 1192/1345/1248 1207/1346/1249 1210/1347/1250
f 1279/1348/1251 1262/1349/1252 1259/1301/1204 1243/1300/1203
f 1160/1240/1143 1161/1239/1142 1281/1350/1253 1143/1344/1247
f 1131/1351/1254 1132/1267/1170 1263/1314/1217 1258/1352/1255
f 1157/1353/1256 1292/1248/1151 1158/1247/1150 1283/1304/1207
f 1140/1302/1205 1144/1354/1257 1141/1321/1224 1267/1305/1208
f 1171/1290/1193 1155/1286/1189 1154/1289/1192 1290/1355/1258
f 1188/1356/1259 1189/1257/1160 1187/1260/1163 1176/1285/1188
f 1253/1238/1141 1272/1357/1260 1232/1358/1261 1246/1359/1262
f 1138/1255/1158 1137/1236/1139 1146/1288/1191 1284/1287/1190
f 1131/1360/1254 1262/1349/1252 1130/1361/1263 1149/1362/1264
f 1232/1358/1261 1272/1357/1260 1236/1243/1146 1215/1282/1185
f 1168/1363/1265 1185/1269/1172 1206/1272/1175 1194/1364/1266
f 1197/1324/1227 1183/1252/1155 1165/1242/1145 1180/1325/1228
f 1131/1360/1254 1258/1365/1255 1259/1301/1204 1262/1349/1252
f 1180/1325/1228 1166/1329/1232 1184/1308/1211 1196/1307/1210
f 1217/1366/1267 1212/1312/1215 1227/1311/1214 1228/1367/1268
f 1144/1354/1257 1158/1247/1150 1167/1250/1153 1159/1328/1231
f 1219/1271/1174 1193/1270/1173 1210/1347/1250 1224/1368/1269
f 1256/1264/1167 1264/1263/1166 1255/1341/1244 1277/1369/1270
f 1172/1283/1186 1177/1291/1194 1171/1290/1193 1290/1355/1258
f 1254/1342/1245 1135/1337/1240 1285/1336/1239 1136/1317/1220
f 1252/1237/1140 1266/1254/1157 1251/1370/1271 1275/1371/1272
f 1225/1326/1229 1219/1271/1174 1224/1368/1269 1240/1372/1273
f 1231/1338/1241 1214/1281/1184 1203/1227/1130 1216/1230/1133
f 1291/1274/1177 1156/1256/1159 1138/1255/1158 1284/1287/1190
f 1179/1249/1152 1184/1308/1211 1166/1329/1232 1167/1250/1153
f 1148/1313/1216 1286/1373/1274 1134/1262/1165 1133/1261/1164
f 1212/1312/1215 1217/1366/1267 1204/1374/1275 1197/1324/1227
f 1195/1309/1212 1184/1308/1211 1179/1249/1152 1194/1364/1266
f 1269/1298/1201 1259/1301/1204 1258/1365/1255 1278/1375/1197
f 1276/1343/1246 1246/1359/1262 1237/1335/1238 1271/1334/1237
f 1267/1305/1208 1141/1321/1224 1248/1320/1223 1249/1339/1242
f 1157/1353/1256 1283/1304/1207 1145/1253/1156 1156/1256/1159
f 1268/1376/1276 1261/1377/1277 1260/1378/1278 1279/1348/1251
f 1192/1345/1248 1193/1270/1173 1185/1269/1172 1178/1276/1179
f 1151/1316/1219 1289/1379/1279 1152/1330/1233 1286/1373/1274
f 1231/1338/1241 1232/1358/1261 1215/1282/1185 1214/1281/1184
f 1203/1227/1130 1200/1380/1280 1162/1381/1281 1182/1228/1131
f 1244/1382/1200 1228/1367/1268 1227/1311/1214 1239/1383/1282
f 1181/1384/1283 1182/1228/1131 1162/1381/1281 1163/1385/1284
f 1228/1386/1268 1238/1387/1285 1229/1388/1286 1217/1389/1267
f 1269/1298/1201 1239/1383/1282 1218/1390/1287 1226/1299/1202
f 1233/1246/1149 1202/1279/1182 1215/1282/1185 1236/1243/1146
f 1179/1249/1152 1292/1248/1151 1168/1363/1265 1194/1364/1266
f 1220/1319/1222 1223/1234/1137 1210/1347/1250 1207/1346/1249
f 1273/1391/1288 1247/1244/1147 1275/1371/1272 1251/1370/1271
f 1214/1281/1184 1201/1280/1183 1200/1380/1280 1203/1227/1130
f 1160/1240/1143 1282/1322/1225 1159/1328/1231 1293/1241/1144
f 1169/1273/1176 1157/1353/1256 1156/1256/1159 1291/1274/1177
f 1151/1316/1219 1286/1373/1274 1148/1313/1216 1150/1266/1169
f 1132/1267/1170 1150/1266/1169 1148/1313/1216 1263/1314/1217
f 1276/1343/1246 1265/1235/1138 1253/1238/1141 1246/1359/1262
f 1290/1355/1258 1153/1331/1234 1173/1284/1187 1172/1283/1186
f 1289/1379/1279 1174/1392/1289 1188/1356/1259 1176/1285/1188
f 1135/1337/1240 1264/1263/1166 1134/1262/1165 1147/1332/1235
f 1213/1277/1180 1199/1229/1132 1198/1393/1290 1204/1394/1275
f 1254/1342/1245 1255/1341/1244 1264/1263/1166 1135/1337/1240
f 1222/1318/1221 1220/1319/1222 1209/1395/1291 1221/1396/1292
f 1245/1333/1236 1229/1388/1286 1238/1387/1285 1277/1369/1270
f 1270/1296/1199 1238/1387/1285 1228/1386/1268 1244/1297/1200
f 1138/1255/1158 1266/1254/1157 1252/1237/1140 1137/1236/1139
f 1285/1336/1239 1154/1289/1192 1146/1288/1191 1136/1317/1220
f 1141/1321/1224 1144/1354/1257 1159/1328/1231 1282/1322/1225
f 1286/1373/1274 1152/1330/1233 1147/1332/1235 1134/1262/1165
f 1223/1234/1137 1242/1233/1136 1224/1368/1269 1210/1347/1250
f 1242/1233/1136 1268/1376/1276 1240/1372/1273 1224/1368/1269
f 1136/1317/1220 1265/1235/1138 1276/1343/1246 1254/1342/1245
f 1225/1326/1229 1226/1299/1202 1218/1390/1287 1211/1327/1230
f 1190/1259/1162 1208/1258/1161 1221/1396/1292 1209/1395/1291
f 1149/1397/1264 1287/1268/1171 1132/1267/1170 1131/1351/1254
f 1278/1375/1197 1244/1382/1200 1239/1383/1282 1269/1298/1201
f 1274/1340/1243 1235/1398/1293 1273/1391/1288 1250/1306/1209
f 1257/1295/1198 1278/1294/1197 1258/1352/1255 1263/1314/1217
f 1252/1237/1140 1275/1371/1272 1272/1357/1260 1253/1238/1141
f 1270/1296/1199 1256/1264/1167 1277/1369/1270 1238/1387/1285
f 1277/1369/1270 1255/1341/1244 1271/1334/1237 1245/1333/1236
f 1166/1329/1232 1180/1325/1228 1165/1242/1145 1293/1241/1144
f 1240/1372/1273 1243/1300/1203 1226/1299/1202 1225/1326/1229
f 1257/1295/1198 1133/1261/1164 1256/1264/1167 1270/1296/1199
f 1250/1306/1209 1273/1391/1288 1251/1370/1271 1139/1303/1206
f 1206/1272/1175 1211/1327/1230 1195/1309/1212 1194/1364/1266
f 1191/1292/1195 1207/1346/1249 1192/1345/1248 1186/1293/1196
f 1197/1324/1227 1204/1374/1275 1198/1399/1290 1183/1252/1155
f 1199/1229/1132 1182/1228/1131 1181/1384/1283 1198/1393/1290
f 1155/1286/1189 1170/1275/1178 1291/1274/1177 1284/1287/1190
f 1161/1239/1142 1164/1251/1154 1294/1400/1294 1281/1350/1253
f 1169/1273/1176 1168/1363/1265 1292/1248/1151 1157/1353/1256
f 1283/1304/1207 1158/1247/1150 1144/1354/1257 1140/1302/1205
f 1232/1358/1261 1231/1338/1241 1237/1335/1238 1246/1359/1262
f 1145/1253/1156 1139/1303/1206 1251/1370/1271 1266/1254/1157
f 1247/1244/1147 1273/1391/1288 1235/1398/1293 1234/1245/1148
f 1272/1357/1260 1275/1371/1272 1247/1244/1147 1236/1243/1146
f 1171/1290/1193 1186/1293/1196 1170/1275/1178 1155/1286/1189
f 1190/1259/1162 1177/1291/1194 1172/1283/1186 1187/1260/1163
f 1268/1376/1276 1242/1233/1136 1280/1232/1135 1261/1377/1277
f 1198/1399/1290 1181/1401/1283 1164/1251/1154 1183/1252/1155
f 1192/1345/1248 1178/1276/1179 1170/1275/1178 1186/1293/1196
f 1260/1378/1278 1130/1361/1263 1262/1349/1252 1279/1348/1251
f 1218/1390/1287 1205/1310/1213 1195/1309/1212 1211/1327/1230
f 1227/1311/1214 1205/1310/1213 1218/1390/1287 1239/1383/1282
f 1243/1300/1203 1240/1372/1273 1268/1376/1276 1279/1348/1251
f 1190/1259/1162 1209/1395/1291 1191/1292/1195 1177/1291/1194
f 1289/1379/1279 1151/1316/1219 1175/1315/1218 1174/1392/1289
f 1207/1346/1249 1191/1292/1195 1209/1395/1291 1220/1319/1222
f 1168/1363/1265 1169/1273/1176 1178/1276/1179 1185/1269/1172
f 1217/1389/1267 1229/1388/1286 1213/1277/1180 1204/1394/1275
f 1153/1331/1234 1290/1355/1258 1154/1289/1192 1285/1336/1239
f 1213/1277/1180 1229/1388/1286 1245/1333/1236 1230/1278/1181
f 1152/1330/1233 1289/1379/1279 1176/1285/1188 1173/1284/1187
f 1164/1251/1154 1181/1401/1283 1163/1402/1284 1294/1400/1294
f 908/1141/1069 907/772/745 958/397/388 1011/1213/1122 959/1403/1126
f 864/1142/1070 865/1079/758 823/807/776 863/808/777
f 1601/1404/1295 1570/1405/1296 1536/1406/1297 1569/1407/1298
f 1362/1408/1299 1342/1409/1300 1325/1410/1301 1341/1411/1302
f 1442/1412/1303 1473/1413/1304 1507/1414/1305 1474/1415/1306
f 1317/1416/1307 1306/1417/1308 1298/1418/1309 1305/1419/1310
f 1712/1420/1311 1728/1421/1312 1739/1422/1313 1729/1423/1314
f 1603/1424/1315 1633/1425/1316 1662/1426/1317 1634/1427/1318
f 1708/1428/1319 1688/1429/1320 1663/1430/1321 1687/1431/1322
f 1320/1432/1323 1335/1433/1324 1355/1434/1325 1336/1435/1326
f 1489/1436/1327 1458/1437/1328 1427/1438/1329 1457/1439/1330
f 1349/1440/1331 1332/1441/1332 1317/1416/1307 1331/1442/1333
f 1659/1443/1334 1660/1444/1335 1632/1445/1336
f 1333/1446/1337 1319/1447/1338 1307/1448/1339 1318/1449/1340
f 1638/1450/1341 1666/1451/1342 1691/1452/1311 1667/1453/1343
f 1578/1454/1344 1610/1455/1345 1641/1456/1346 1611/1457/1347
f 1339/1458/1348 1359/1459/1349 1383/1460/1350 1360/1461/1351
f 1524/1462/1352 1557/1463/1353 1590/1464/1354 1558/1465/1355
f 1304/1466/1356 1314/1467/1357 1329/1468/1358 1315/1469/1359
f 1579/1470/1360 1545/1471/1361 1509/1472/1362 1544/1473/1363
f 1429/1474/1364 1459/1475/1365 1491/1476/1366 1460/1477/1367
f 1665/1478/1368 1637/1479/1369 1606/1480/1370 1636/1481/1371
f 1312/1482/1372 1325/1410/1301 1342/1409/1300 1326/1483/1373
f 1536/1406/1297 1501/1484/1374 1535/1485/1375 1569/1407/1298
f 1408/1486/1376 1381/1487/1377 1407/1488/1378 1438/1489/1379
f 1469/1490/1380 1437/1491/1381 1468/1492/1382 1501/1493/1374 1502/1494/1383
f 1520/1495/1384 1521/1496/1385 1487/1497/1386
f 1297/1498/1387 1303/1499/1388 1314/1467/1357 1304/1466/1356
f 1751/1500/1389 1750/1501/1390 1755/1502/1391 1756/1503/1392
f 1413/1504/1393 1386/1505/1394 1362/1408/1299 1385/1506/1395
f 1710/1507/1396 1726/1508/1397 1737/1509/1398 1727/1510/1399
f 1419/1511/1400 1391/1512/1401 1366/1513/1402 1390/1514/1403
f 1576/1515/1404 1608/1516/1405 1639/1517/1406 1609/1518/1407
f 1336/1435/1326 1355/1434/1325 1378/1519/1408 1356/1520/1409
f 1301/1521/1410 1310/1522/1411 1324/1523/1412 1311/1524/1413
f 1608/1516/1405 1576/1515/1404 1541/1525/1414 1575/1526/1415
f 1372/1527/1416 1351/1528/1417 1350/1529/1418
f 1436/1530/1419 1406/1531/1420 1379/1532/1421 1405/1533/1422
f 1473/1413/1304 1506/1534/1423 1542/1535/1424 1507/1414/1305
f 1328/1536/1425 1345/1537/1426 1367/1538/1427 1346/1539/1428
f 1408/1486/1376 1409/1540/1429 1382/1541/1430 1381/1487/1377
f 1688/1429/1320 1708/1428/1319 1725/1542/1431 1709/1543/1432
f 1707/1544/1433 1706/1545/1434 1723/1546/1435 1724/1547/1436
f 1315/1469/1359 1316/1548/1437 1305/1419/1310 1304/1466/1356
f 1389/1549/1438 1388/1550/1439 1416/1551/1440 1417/1552/1441
f 1306/1417/1308 1317/1416/1307 1332/1441/1332 1318/1449/1340
f 1403/1553/1442 1377/1554/1443 1354/1555/1444 1376/1556/1445
f 1375/1557/1446 1400/1558/1447 1430/1559/1448 1401/1560/1449
f 1684/1561/1450 1705/1562/1451 1706/1563/1434 1685/1564/1452
f 1661/1565/1453 1662/1426/1317 1633/1425/1316
f 1605/1566/1454 1635/1567/1455 1664/1568/1456 1636/1481/1371
f 1344/1569/1457 1343/1570/1458 1364/1571/1459 1365/1572/1460
f 2192/1573/1314 1729/1423/1314 1739/1422/1313 2202/1574/1313
f 1355/1575/1325 1377/1554/1443 1404/1576/1461 1378/1577/1408
f 1446/1578/1462 1909/1579/1463 1879/1580/1464 1416/1551/1440
f 1485/1581/1465 1517/1582/1466 1552/1583/1467 1518/1584/1468
f 1402/1585/1469 1375/1557/1446 1401/1560/1449 1432/1586/1470
f 1340/1587/1471 1324/1523/1412 1310/1522/1411 1323/1588/1472
f 1675/1589/1473 1649/1590/1474 1620/1591/1475 1648/1592/1476
f 1516/1593/1477 1550/1594/1478 1584/1595/1479 1551/1596/1480
f 1472/1597/1481 1505/1598/1482 1541/1525/1414 1506/1534/1423
f 1342/1409/1300 1362/1408/1299 1386/1505/1394 1363/1599/1483
f 1462/1600/1484 1494/1601/1485 1529/1602/1486 1495/1603/1487
f 1340/1587/1471 1360/1461/1351 1384/1604/1488 1361/1605/1489
f 1454/1606/1490 1484/1607/1491 1517/1582/1466 1485/1581/1465
f 1666/1451/1342 1690/1608/1492 1711/1609/1493 1691/1452/1311
f 1440/1610/1494 1471/1611/1495 1505/1598/1482 1472/1597/1481
f 1307/1448/1339 1319/1447/1338 1335/1433/1324 1320/1432/1323
f 1411/1612/1496 1441/1613/1497 1473/1413/1304 1442/1412/1303
f 1334/1614/1498 1352/1615/1499 1374/1616/1500 1353/1617/1501
f 1444/1618/1502 1414/1619/1503 1386/1505/1394 1413/1504/1393
f 1751/1500/1389 1756/1503/1392 1757/1620/1504 1752/1621/1505
f 1448/1622/1506 1478/1623/1507 1511/1624/1508 1479/1625/1509
f 1680/1626/1510 1701/1627/1511 1719/1628/1512 1702/1629/1513
f 1592/1630/1514 1622/1631/1515 1651/1632/1516 1623/1633/1517
f 1484/1607/1491 1454/1606/1490 1424/1634/1518 1453/1635/1519
f 1466/1636/1520 1434/1637/1521 1465/1638/1522 1498/1639/1523
f 1880/1640/1524 1910/1641/1525 1447/1642/1526 1417/1552/1441
f 1407/1488/1378 1381/1487/1377 1358/1643/1527 1380/1644/1528
f 1367/1538/1427 1391/1512/1401 1420/1645/1529 1392/1646/1530
f 1554/1647/1531 1553/1648/1532 1586/1649/1533 1587/1650/1534
f 1425/1651/1535 1426/1652/1536 1397/1653/1537 1396/1654/1538
f 1299/1655/1539 1307/1448/1339 1320/1432/1323 1308/1656/1540
f 1470/1657/1541 1439/1658/1542 1408/1486/1376 1438/1489/1379
f 1357/1659/1543 1338/1660/1544 1322/1661/1545 1337/1662/1546
f 1508/1663/1547 1543/1664/1548 1578/1454/1344 1544/1473/1363
f 1499/1665/1549 1533/1666/1550 1567/1667/1551 1534/1668/1552
f 2157/1669/1553 2177/1670/1554 1714/1671/1555 1694/1672/1556
f 1421/1673/1557 1450/1674/1558 1481/1675/1559 1451/1676/1560
f 1599/1677/1561 1628/1678/1562 1656/1679/1563 1629/1680/1564
f 1479/1625/1509 1511/1624/1508 1546/1681/1565 1512/1682/1566
f 1447/1642/1526 1910/1641/1525 1941/1683/1567 1478/1623/1507
f 1511/1624/1508 1974/1684/1568 2009/1685/1569 1546/1681/1565
f 1408/1486/1376 1439/1658/1542 1409/1540/1429
f 1717/1686/1570 1698/1687/1571 1697/1688/1572 1716/1689/1573
f 1591/1690/1515 1621/1691/1574 1650/1692/1575 1622/1631/1515
f 1525/1693/1576 1558/1465/1355 1591/1690/1515 1559/1694/1577
f 1466/1636/1520 1498/1639/1523 1533/1666/1550 1499/1665/1549
f 1731/1695/1578 1720/1696/1579 1702/1629/1513 1719/1628/1512
f 1741/1697/1580 1748/1698/1581 1754/1699/1582 1749/1700/1583
f 1575/1526/1415 1607/1701/1584 1638/1450/1341 1608/1516/1405
f 1736/1702/1585 1726/1508/1397 1709/1543/1432 1725/1542/1431
f 1504/1703/1586 1539/1704/1587 1574/1705/1588 1540/1706/1589
f 1738/1707/1590 1746/1708/1591 1753/1709/1592 1747/1710/1593
f 1434/1637/1521 1404/1576/1461 1377/1554/1443 1403/1553/1442
f 1587/1650/1534 1586/1649/1533 1617/1711/1594 1618/1712/1595
f 1450/1674/1558 1480/1713/1596 1513/1714/1597 1481/1675/1559
f 1394/1715/1598 1422/1716/1599 1452/1717/1600 1423/1718/1601
f 1515/1719/1602 1482/1720/1603 1514/1721/1604 1549/1722/1605
f 1562/1723/1606 1529/1602/1486 1494/1601/1485 1528/1724/1607
f 1621/1691/1574 1649/1590/1474 1676/1725/1608 1650/1692/1575
f 1501/1484/1374 1468/1726/1382 1500/1727/1609 1535/1485/1375
f 1548/1728/1610 1581/1729/1611 1613/1730/1612 1582/1731/1613
f 1512/1682/1566 1546/1681/1565 1580/1732/1614 1547/1733/1615
f 1380/1644/1528 1406/1531/1420 1437/1491/1381 1407/1488/1378
f 1349/1440/1331 1370/1734/1616 1395/1735/1617 1371/1736/1618
f 1518/1584/1468 1552/1583/1467 1553/1648/1532 1519/1737/1619
f 1684/1561/1450 1659/1443/1334 1631/1738/1620 1658/1739/1621
f 1378/1577/1408 1404/1576/1461 1435/1740/1622 1405/1741/1422
f 1440/1610/1494 1410/1742/1623 1382/1541/1430 1409/1540/1429
f 1502/1494/1383 1501/1493/1374 1536/1743/1297 1537/1744/1624
f 1520/1745/1384 1519/1737/1619 1553/1648/1532 1554/1647/1531
f 1661/1565/1453 1686/1746/1625 1687/1431/1322 1662/1426/1317
f 1430/1559/1448 1460/1477/1367 1492/1747/1626 1461/1748/1627
f 1750/1749/1390 1743/1750/1628 1742/1751/1629 1749/1700/1583
f 1389/1549/1438 1417/1552/1441 1447/1642/1526 1418/1752/1630
f 1701/1627/1511 1679/1753/1631 1700/1754/1632 1718/1755/1633
f 1559/1694/1577 1591/1690/1515 1622/1631/1515 1592/1630/1514
f 1368/1756/1634 1346/1539/1428 1367/1538/1427 1392/1646/1530
f 1463/1757/1635 1431/1758/1636 1462/1600/1484 1495/1603/1487
f 1449/1759/1637 1420/1645/1529 1391/1512/1401 1419/1511/1400
f 1515/1719/1602 1483/1760/1638 1452/1717/1600 1482/1720/1603
f 1331/1442/1333 1317/1416/1307 1305/1419/1310 1316/1548/1437
f 1721/1761/1639 1732/1762/1640 1742/1751/1629 1733/1763/1641
f 1506/1534/1423 1541/1525/1414 1576/1515/1404 1542/1535/1424
f 1574/1705/1588 1606/1480/1370 1637/1479/1369 1607/1701/1584
f 1305/1419/1310 1298/1418/1309 1297/1498/1387 1304/1466/1356
f 1302/1764/1642 1311/1524/1413 1325/1410/1301 1312/1482/1372
f 1298/1418/1309 1295/1765/1643 1296/1766/1644 1297/1498/1387
f 2181/1767/1633 1718/1755/1633 1700/1754/1632 2163/1768/1645
f 1324/1523/1412 1340/1587/1471 1361/1605/1489 1341/1411/1302
f 1563/1769/1646 1594/1770/1647 1624/1771/1648 1595/1772/1649
f 1502/1494/1383 1537/1744/1624 1572/1773/1650 1538/1774/1651
f 1379/1532/1421 1357/1659/1543 1337/1662/1546 1356/1520/1409
f 1474/1415/1306 1443/1775/1652 1412/1776/1653 1442/1412/1303
f 1537/1744/1624 1571/1777/1654 1604/1778/1655 1572/1773/1650
f 1323/1588/1472 1322/1661/1545 1338/1660/1544 1339/1458/1348
f 1618/1779/1595 1647/1780/1656 1648/1592/1476 1619/1781/1657
f 1577/1782/1658 1609/1518/1407 1640/1783/1659 1610/1455/1345
f 1361/1605/1489 1384/1604/1488 1412/1776/1653 1385/1506/1395
f 1742/1751/1629 1732/1762/1640 1741/1697/1580 1749/1700/1583
f 1365/1572/1460 1389/1549/1438 1418/1752/1630 1390/1514/1403
f 1390/1514/1403 1418/1752/1630 1448/1622/1506 1419/1511/1400
f 1526/1784/1660 1559/1694/1577 1592/1630/1514 1560/1785/1661
f 1390/1514/1403 1366/1513/1402 1344/1569/1457 1365/1572/1460
f 1423/1718/1601 1452/1717/1600 1483/1760/1638 1453/1635/1519
f 1392/1646/1530 1420/1645/1529 1450/1674/1558 1421/1673/1557
f 1598/1786/1662 1566/1787/1663 1597/1788/1664 1627/1789/1665
f 1613/1730/1612 1642/1790/1666 1670/1791/1667 1643/1792/1668
f 1396/1654/1538 1424/1634/1518 1454/1606/1490 1425/1651/1535
f 1628/1678/1562 1598/1786/1662 1627/1789/1665 1655/1793/1669
f 1462/1600/1484 1493/1794/1670 1527/1795/1671 1494/1601/1485
f 1466/1636/1520 1435/1740/1622 1404/1576/1461 1434/1637/1521
f 1295/1765/1643 1299/1655/1539 1308/1656/1540 1300/1796/1672
f 1617/1711/1594 1586/1649/1533 1585/1797/1673 1616/1798/1674
f 1671/1799/1675 1694/1672/1556 1714/1671/1555 1695/1800/1676
f 1564/1801/1677 1530/1802/1678 1563/1769/1646 1595/1772/1649
f 1596/1803/1679 1565/1804/1680 1531/1805/1681 1564/1801/1677
f 1679/1753/1631 1654/1806/1682 1626/1807/1683 1653/1808/1684
f 1602/1809/1685 1603/1424/1315 1571/1777/1654 1570/1810/1296
f 1445/1811/1686 1415/1812/1687 1387/1813/1688 1414/1619/1503
f 1370/1734/1616 1394/1715/1598 1423/1718/1601 1395/1735/1617
f 1744/1814/1389 1735/1815/1689 1734/1816/1690 1743/1817/1628
f 1581/1729/1611 1547/1733/1615 1580/1732/1614 1612/1818/1691
f 1737/1509/1398 1745/1819/1505 1752/1621/1505 1746/1708/1591
f 1441/1613/1497 1472/1597/1481 1506/1534/1423 1473/1413/1304
f 1608/1516/1405 1638/1450/1341 1667/1453/1343 1639/1517/1406
f 1329/1468/1358 1346/1539/1428 1368/1756/1634 1347/1820/1692
f 1364/1571/1459 1387/1813/1688 1415/1812/1687 1388/1550/1439
f 1540/1706/1589 1574/1705/1588 1607/1701/1584 1575/1526/1415
f 1315/1469/1359 1329/1468/1358 1347/1820/1692 1330/1821/1693
f 1443/1775/1652 1474/1415/1306 1508/1663/1547 1475/1822/1694
f 1609/1518/1407 1639/1517/1406 1668/1823/1695 1640/1783/1659
f 1422/1716/1599 1394/1715/1598 1369/1824/1696 1393/1825/1697
f 1481/1675/1559 1513/1714/1597 1548/1728/1610 1514/1721/1604
f 1548/1728/1610 1513/1714/1597 1547/1733/1615 1581/1729/1611
f 1616/1798/1674 1585/1797/1673 1551/1596/1480 1584/1595/1479
f 1741/1697/1580 1731/1695/1578 1740/1826/1698 1748/1698/1581
f 1738/1707/1590 1728/1421/1312 1711/1609/1493 1727/1510/1399
f 1538/1774/1651 1572/1773/1650 1605/1566/1454 1573/1827/1699
f 1645/1828/1700 1616/1798/1674 1584/1595/1479 1615/1829/1701
f 1403/1553/1442 1433/1830/1702 1465/1638/1522 1434/1637/1521
f 1563/1769/1646 1529/1602/1486 1562/1723/1606 1594/1770/1647
f 1627/1789/1665 1597/1788/1664 1626/1807/1683 1654/1806/1682
f 1478/1623/1507 1941/1683/1567 1974/1684/1568 1511/1624/1508
f 1407/1488/1378 1437/1491/1381 1469/1490/1380 1438/1489/1379
f 1463/1757/1635 1432/1586/1470 1401/1560/1449 1431/1758/1636
f 1330/1821/1693 1347/1820/1692 1369/1824/1696 1348/1831/1703
f 1338/1660/1544 1357/1659/1543 1380/1644/1528 1358/1643/1527
f 1619/1781/1657 1588/1832/1704 1587/1833/1534 1618/1779/1595
f 1633/1425/1316 1603/1424/1315 1602/1809/1685 1632/1834/1336
f 1458/1437/1328 1489/1436/1327 1523/1835/1705 1490/1836/1706
f 1468/1492/1382 1437/1491/1381 1406/1531/1420 1436/1530/1419
f 1315/1469/1359 1330/1821/1693 1316/1548/1437
f 1655/1793/1669 1680/1626/1510 1702/1629/1513 1681/1837/1707
f 1695/1800/1676 1714/1671/1555 1715/1838/1708 1696/1839/1709
f 1367/1538/1427 1345/1537/1426 1366/1513/1402 1391/1512/1401
f 2043/1840/1710 2075/1841/1711 1612/1818/1691 1580/1732/1614
f 1456/1842/1712 1487/1497/1386 1521/1496/1385 1488/1843/1713
f 1451/1676/1560 1422/1716/1599 1393/1825/1697 1421/1673/1557
f 1549/1722/1605 1514/1721/1604 1548/1728/1610 1582/1731/1613
f 1675/1589/1473 1648/1592/1476 1647/1780/1656 1674/1844/1714
f 1676/1725/1608 1698/1687/1571 1717/1686/1570 1699/1845/1715
f 1556/1846/1716 1588/1832/1704 1619/1781/1657 1589/1847/1717
f 1645/1828/1700 1672/1848/1718 1673/1849/1709 1646/1850/1719
f 1583/1851/1720 1549/1722/1605 1582/1731/1613 1614/1852/1721
f 1671/1799/1675 1644/1853/1722 1614/1852/1721 1643/1792/1668
f 1480/1713/1596 1449/1759/1637 1479/1625/1509 1512/1682/1566
f 1626/1807/1683 1596/1803/1679 1625/1854/1723 1653/1808/1684
f 1653/1808/1684 1678/1855/1724 1700/1754/1632 1679/1753/1631
f 1703/1856/1725 1681/1837/1707 1702/1629/1513 1720/1696/1579
f 1554/1857/1531 1587/1833/1534 1588/1832/1704 1555/1858/1726
f 1636/1481/1371 1664/1568/1456 1689/1859/1727 1665/1478/1368
f 1427/1438/1329 1397/1860/1537 1426/1861/1536 1457/1439/1330
f 1460/1477/1367 1491/1476/1366 1525/1693/1576 1492/1747/1626
f 1667/1453/1343 1691/1452/1311 1712/1420/1311 1692/1862/1728
f 1321/1863/1729 1309/1864/1730 1300/1796/1672 1308/1656/1540
f 1446/1578/1462 1416/1551/1440 1388/1550/1439 1415/1812/1687
f 1535/1485/1375 1568/1865/1731 1600/1866/1732 1569/1407/1298
f 1724/1547/1436 1735/1815/1689 1736/1702/1585 1725/1542/1431
f 1438/1489/1379 1469/1490/1380 1503/1867/1733 1470/1657/1541
f 1585/1797/1673 1552/1583/1467 1517/1582/1466 1551/1596/1480
f 1583/1851/1720 1550/1594/1478 1515/1719/1602 1549/1722/1605
f 1696/1839/1709 1673/1849/1709 1672/1848/1718 1695/1800/1676
f 1547/1733/1615 1513/1714/1597 1480/1713/1596 1512/1682/1566
f 1419/1511/1400 1448/1622/1506 1479/1625/1509 1449/1759/1637
f 1492/1747/1626 1525/1693/1576 1559/1694/1577 1526/1784/1660
f 1531/1805/1681 1497/1868/1734 1464/1869/1735 1496/1870/1736
f 1694/1672/1556 1671/1799/1675 1643/1792/1668 1670/1791/1667
f 1465/1638/1522 1497/1868/1734 1532/1871/1737 1498/1639/1523
f 1532/1871/1737 1497/1868/1734 1531/1805/1681 1565/1804/1680
f 1405/1741/1422 1435/1740/1622 1467/1872/1738 1436/1873/1419
f 1470/1657/1541 1503/1867/1733 1539/1704/1587 1504/1703/1586
f 1443/1775/1652 1413/1504/1393 1385/1506/1395 1412/1776/1653
f 1507/1414/1305 1542/1535/1424 1577/1782/1658 1543/1664/1548
f 1344/1569/1457 1327/1874/1739 1326/1483/1373 1343/1570/1458
f 1337/1662/1546 1322/1661/1545 1309/1864/1730 1321/1863/1729
f 1475/1822/1694 1444/1618/1502 1413/1504/1393 1443/1775/1652
f 1664/1568/1456 1688/1429/1320 1709/1543/1432 1689/1859/1727
f 1339/1458/1348 1338/1660/1544 1358/1643/1527 1359/1459/1349
f 1635/1567/1455 1663/1430/1321 1688/1429/1320 1664/1568/1456
f 1690/1608/1492 1710/1507/1396 1727/1510/1399 1711/1609/1493
f 1686/1746/1625 1707/1544/1433 1708/1428/1319 1687/1431/1322
f 1600/1866/1732 1568/1865/1731 1599/1677/1561 1629/1680/1564
f 1303/1499/1388 1302/1764/1642 1312/1482/1372 1313/1875/1740
f 1349/1440/1331 1371/1736/1618 1350/1529/1418 1332/1441/1332
f 1395/1735/1617 1423/1718/1601 1453/1635/1519 1424/1634/1518
f 1659/1443/1334 1632/1445/1336 1602/1876/1685 1631/1738/1620
f 1686/1746/1625 1685/1877/1452 1706/1545/1434 1707/1544/1433
f 2008/1878/1741 1545/1471/1361 1579/1470/1360 2042/1879/1742
f 1542/1535/1424 1576/1515/1404 1609/1518/1407 1577/1782/1658
f 1753/1709/1592 2216/1880/1743 2210/1881/1744 1747/1710/1593
f 1483/1760/1638 1515/1719/1602 1550/1594/1478 1516/1593/1477
f 1402/1585/1469 1432/1586/1470 1464/1869/1735 1433/1830/1702
f 1695/1800/1676 1672/1848/1718 1644/1853/1722 1671/1799/1675
f 1420/1645/1529 1449/1759/1637 1480/1713/1596 1450/1674/1558
f 1583/1851/1720 1614/1852/1721 1644/1853/1722 1615/1829/1701
f 1660/1882/1335 1661/1565/1453 1633/1425/1316 1632/1834/1336
f 1672/1848/1718 1645/1828/1700 1615/1829/1701 1644/1853/1722
f 1494/1601/1485 1527/1795/1671 1561/1883/1745 1528/1724/1607
f 1432/1586/1470 1463/1757/1635 1496/1870/1736 1464/1869/1735
f 2179/1884/1746 1716/1885/1573 1715/1838/1708 2178/1886/1747
f 1467/1872/1738 1435/1740/1622 1466/1636/1520 1499/1665/1549
f 1467/1872/1738 1499/1665/1549 1534/1668/1552 1500/1727/1609
f 1567/1667/1551 1598/1786/1662 1628/1678/1562 1599/1677/1561
f 1701/1627/1511 1680/1626/1510 1654/1806/1682 1679/1753/1631
f 1716/1689/1573 2179/1887/1746 2180/1888/1748 1717/1686/1570
f 1422/1716/1599 1451/1676/1560 1482/1720/1603 1452/1717/1600
f 1477/1889/1749 1446/1578/1462 1415/1812/1687 1445/1811/1686
f 1735/1815/1689 1744/1814/1389 1745/1819/1505 1736/1702/1585
f 1689/1859/1727 1709/1543/1432 1726/1508/1397 1710/1507/1396
f 1652/1890/1750 1625/1854/1723 1595/1772/1649 1624/1771/1648
f 1682/1891/1751 1657/1892/1752 1629/1680/1564 1656/1679/1563
f 1532/1871/1737 1565/1804/1680 1597/1788/1664 1566/1787/1663
f 1558/1465/1355 1590/1464/1354 1621/1691/1574 1591/1690/1515
f 1518/1584/1468 1519/1737/1619 1486/1893/1753
f 1622/1631/1515 1650/1692/1575 1677/1894/1754 1651/1632/1516
f 1323/1588/1472 1339/1458/1348 1360/1461/1351 1340/1587/1471
f 1331/1442/1333 1348/1831/1703 1370/1734/1616 1349/1440/1331
f 1311/1524/1413 1324/1523/1412 1341/1411/1302 1325/1410/1301
f 1520/1495/1384 1554/1857/1531 1555/1858/1726 1521/1496/1385
f 1543/1664/1548 1577/1782/1658 1610/1455/1345 1578/1454/1344
f 1517/1582/1466 1484/1607/1491 1516/1593/1477 1551/1596/1480
f 1296/1766/1644 1301/1521/1410 1311/1524/1413 1302/1764/1642
f 1514/1721/1604 1482/1720/1603 1451/1676/1560 1481/1675/1559
f 1599/1677/1561 1568/1865/1731 1534/1668/1552 1567/1667/1551
f 1533/1666/1550 1566/1787/1663 1598/1786/1662 1567/1667/1551
f 1656/1679/1563 1628/1678/1562 1655/1793/1669 1681/1837/1707
f 1721/1761/1639 1704/1895/1755 1682/1891/1751 1703/1856/1725
f 1631/1738/1620 1602/1876/1685 1570/1405/1296 1601/1404/1295
f 1606/1480/1370 1574/1705/1588 1539/1704/1587 1573/1827/1699
f 1560/1785/1661 1527/1795/1671 1493/1794/1670 1526/1784/1660
f 1545/1471/1361 1510/1896/1756 1476/1897/1757 1509/1472/1362
f 1527/1795/1671 1560/1785/1661 1593/1898/1758 1561/1883/1745
f 1572/1773/1650 1604/1778/1655 1635/1567/1455 1605/1566/1454
f 1360/1461/1351 1383/1460/1350 1411/1612/1496 1384/1604/1488
f 1363/1599/1483 1343/1570/1458 1326/1483/1373 1342/1409/1300
f 1526/1784/1660 1493/1794/1670 1461/1748/1627 1492/1747/1626
f 1491/1476/1366 1524/1462/1352 1558/1465/1355 1525/1693/1576
f 1732/1762/1640 1721/1761/1639 1703/1856/1725 1720/1696/1579
f 1584/1595/1479 1550/1594/1478 1583/1851/1720 1615/1829/1701
f 1565/1804/1680 1596/1803/1679 1626/1807/1683 1597/1788/1664
f 1655/1793/1669 1627/1789/1665 1654/1806/1682 1680/1626/1510
f 1710/1507/1396 1690/1608/1492 1665/1478/1368 1689/1859/1727
f 1692/1862/1728 1712/1420/1311 1729/1423/1314 1713/1899/1759
f 1589/1847/1717 1619/1781/1657 1648/1592/1476 1620/1591/1475
f 1484/1607/1491 1453/1635/1519 1483/1760/1638 1516/1593/1477
f 1596/1803/1679 1564/1801/1677 1595/1772/1649 1625/1854/1723
f 1745/1819/1505 1737/1509/1398 1726/1508/1397 1736/1702/1585
f 1649/1590/1474 1675/1589/1473 1698/1687/1571 1676/1725/1608
f 1465/1638/1522 1433/1830/1702 1464/1869/1735 1497/1868/1734
f 1575/1526/1415 1541/1525/1414 1505/1598/1482 1540/1706/1589
f 1573/1827/1699 1539/1704/1587 1503/1867/1733 1538/1774/1651
f 1441/1613/1497 1411/1612/1496 1383/1460/1350 1410/1742/1623
f 1318/1449/1340 1332/1441/1332 1350/1529/1418 1351/1528/1417 1333/1446/1337
f 1639/1517/1406 1667/1453/1343 1692/1862/1728 1668/1823/1695
f 1616/1798/1674 1645/1828/1700 1646/1850/1719 1617/1711/1594
f 1740/1826/1698 1731/1695/1578 1719/1628/1512 1730/1900/1760
f 1618/1712/1595 1617/1711/1594 1646/1850/1719 1647/1901/1656
f 1560/1785/1661 1592/1630/1514 1623/1633/1517 1593/1898/1758
f 1755/1902/1391 1750/1749/1390 1749/1700/1583 1754/1699/1582
f 1691/1452/1311 1711/1609/1493 1728/1421/1312 1712/1420/1311
f 1439/1658/1542 1470/1657/1541 1504/1703/1586 1471/1611/1495
f 1723/1903/1435 1706/1563/1434 1705/1562/1451 1722/1904/1761
f 1724/1547/1436 1723/1546/1435 1734/1816/1690 1735/1815/1689
f 1722/1904/1761 1733/1763/1641 1734/1905/1690 1723/1903/1435
f 1552/1583/1467 1585/1797/1673 1586/1649/1533 1553/1648/1532
f 1613/1730/1612 1581/1729/1611 1612/1818/1691 1642/1790/1666
f 1488/1843/1713 1457/1439/1330 1426/1861/1536 1456/1842/1712
f 1313/1875/1740 1312/1482/1372 1326/1483/1373 1327/1874/1739
f 1475/1822/1694 1508/1663/1547 1544/1473/1363 1509/1472/1362
f 1571/1777/1654 1603/1424/1315 1634/1427/1318 1604/1778/1655
f 1348/1831/1703 1331/1442/1333 1316/1548/1437 1330/1821/1693
f 1445/1811/1686 1476/1897/1757 1510/1896/1756 1477/1889/1749
f 1490/1836/1706 1459/1475/1365 1428/1906/1762 1458/1437/1328
f 1522/1907/1763 1555/1858/1726 1588/1832/1704 1556/1846/1716
f 1379/1532/1421 1356/1520/1409 1378/1519/1408 1405/1533/1422
f 1355/1575/1325 1335/1908/1324 1354/1555/1444 1377/1554/1443
f 1401/1560/1449 1430/1559/1448 1461/1748/1627 1431/1758/1636
f 1486/1893/1753 1455/1909/1764 1485/1581/1465 1518/1584/1468
f 1524/1462/1352 1491/1476/1366 1459/1475/1365 1490/1836/1706
f 1566/1787/1663 1533/1666/1550 1498/1639/1523 1532/1871/1737
f 1318/1449/1340 1307/1448/1339 1299/1655/1539 1306/1417/1308
f 1493/1794/1670 1462/1600/1484 1431/1758/1636 1461/1748/1627
f 1406/1531/1420 1380/1644/1528 1357/1659/1543 1379/1532/1421
f 2176/1910/1765 1713/1899/1759 1729/1423/1314 2192/1573/1314
f 1314/1467/1357 1303/1499/1388 1313/1875/1740 1328/1536/1425
f 1487/1911/1386 1456/1912/1712 1455/1909/1764 1486/1893/1753
f 1697/1913/1572 1696/1839/1709 1715/1838/1708 1716/1885/1573
f 1739/1422/1313 1728/1421/1312 1738/1707/1590 1747/1710/1593
f 2219/1914/1766 1756/1503/1392 1755/1502/1391 2218/1915/1767
f 1610/1455/1345 1640/1783/1659 1669/1916/1768 1641/1456/1346
f 1746/1708/1591 1752/1621/1505 1757/1620/1504 1753/1709/1592
f 1634/1427/1318 1662/1426/1317 1687/1431/1322 1663/1430/1321
f 1341/1411/1302 1361/1605/1489 1385/1506/1395 1362/1408/1299
f 1564/1801/1677 1531/1805/1681 1496/1870/1736 1530/1802/1678
f 1468/1726/1382 1436/1873/1419 1467/1872/1738 1500/1727/1609
f 1705/1562/1451 1684/1561/1450 1658/1739/1621 1683/1917/1769
f 1683/1917/1769 1658/1739/1621 1630/1918/1770 1657/1892/1752
f 1308/1656/1540 1320/1432/1323 1336/1435/1326 1321/1863/1729
f 1909/1579/1463 1446/1578/1462 1477/1889/1749 1940/1919/1771
f 1327/1874/1739 1344/1569/1457 1366/1513/1402 1345/1537/1426
f 1730/1900/1760 1719/1628/1512 1701/1627/1511 1718/1755/1633
f 1674/1920/1714 1673/1849/1709 1696/1839/1709 1697/1913/1572
f 1668/1823/1695 1692/1862/1728 1713/1899/1759 1693/1921/1772
f 1489/1436/1327 1522/1907/1763 1556/1846/1716 1523/1835/1705
f 1590/1464/1354 1620/1591/1475 1649/1590/1474 1621/1691/1574
f 1353/1617/1501 1374/1616/1500 1400/1558/1447 1375/1557/1446
f 1657/1892/1752 1630/1918/1770 1600/1866/1732 1629/1680/1564
f 1733/1763/1641 1742/1751/1629 1743/1750/1628 1734/1905/1690
f 1741/1697/1580 1732/1762/1640 1720/1696/1579 1731/1695/1578
f 1653/1808/1684 1625/1854/1723 1652/1890/1750 1678/1855/1724
f 1657/1892/1752 1682/1891/1751 1704/1895/1755 1683/1917/1769
f 1368/1756/1634 1392/1646/1530 1421/1673/1557 1393/1825/1697
f 1365/1572/1460 1364/1571/1459 1388/1550/1439 1389/1549/1438
f 1476/1897/1757 1445/1811/1686 1414/1619/1503 1444/1618/1502
f 1352/1615/1499 1373/1922/1773 1399/1923/1774 1374/1616/1500
f 1727/1510/1399 1737/1509/1398 1746/1708/1591 1738/1707/1590
f 1698/1687/1571 1675/1589/1473 1674/1844/1714 1697/1688/1572
f 1371/1736/1618 1395/1735/1617 1424/1634/1518 1396/1654/1538
f 1530/1802/1678 1496/1870/1736 1463/1757/1635 1495/1603/1487
f 1733/1763/1641 1722/1904/1761 1704/1895/1755 1721/1761/1639
f 1643/1792/1668 1614/1852/1721 1582/1731/1613 1613/1730/1612
f 2156/1924/1775 1693/1921/1772 1713/1899/1759 2176/1910/1765
f 1457/1439/1330 1488/1843/1713 1522/1907/1763 1489/1436/1327
f 1313/1875/1740 1327/1874/1739 1345/1537/1426 1328/1536/1425
f 1442/1412/1303 1412/1776/1653 1384/1604/1488 1411/1612/1496
f 1409/1540/1429 1439/1658/1542 1471/1611/1495 1440/1610/1494
f 1444/1618/1502 1475/1822/1694 1509/1472/1362 1476/1897/1757
f 1471/1611/1495 1504/1703/1586 1540/1706/1589 1505/1598/1482
f 1568/1865/1731 1535/1485/1375 1500/1727/1609 1534/1668/1552
f 1744/1814/1389 1743/1817/1628 1750/1501/1390 1751/1500/1389
f 1744/1814/1389 1751/1500/1389 1752/1621/1505 1745/1819/1505
f 1650/1692/1575 1676/1725/1608 1699/1845/1715 1677/1894/1754
f 1394/1715/1598 1370/1734/1616 1348/1831/1703 1369/1824/1696
f 1376/1556/1445 1402/1585/1469 1433/1830/1702 1403/1553/1442
f 1571/1777/1654 1537/1744/1624 1536/1743/1297 1570/1810/1296
f 1334/1614/1498 1353/1617/1501 1376/1556/1445 1354/1555/1444
f 1430/1559/1448 1400/1558/1447 1429/1474/1364 1460/1477/1367
f 1630/1918/1770 1601/1404/1295 1569/1407/1298 1600/1866/1732
f 1306/1417/1308 1299/1655/1539 1295/1765/1643 1298/1418/1309
f 1321/1863/1729 1336/1435/1326 1356/1520/1409 1337/1662/1546
f 1474/1415/1306 1507/1414/1305 1543/1664/1548 1508/1663/1547
f 1347/1820/1692 1368/1756/1634 1393/1825/1697 1369/1824/1696
f 1682/1891/1751 1656/1679/1563 1681/1837/1707 1703/1856/1725
f 1604/1778/1655 1634/1427/1318 1663/1430/1321 1635/1567/1455
f 1469/1490/1380 1502/1494/1383 1538/1774/1651 1503/1867/1733
f 1363/1599/1483 1386/1505/1394 1414/1619/1503 1387/1813/1688
f 1519/1737/1619 1520/1745/1384 1487/1911/1386 1486/1893/1753
f 2217/1925/1776 2218/1926/1767 1755/1902/1391 1754/1699/1582
f 1544/1473/1363 1578/1454/1344 1611/1457/1347 1579/1470/1360
f 1429/1474/1364 1399/1923/1774 1428/1906/1762 1459/1475/1365
f 1374/1616/1500 1399/1923/1774 1429/1474/1364 1400/1558/1447
f 1557/1463/1353 1589/1847/1717 1620/1591/1475 1590/1464/1354
f 1428/1906/1762 1398/1927/1777 1427/1438/1329 1458/1437/1328
f 1725/1542/1431 1708/1428/1319 1707/1544/1433 1724/1547/1436
f 1425/1651/1535 1454/1606/1490 1485/1581/1465 1455/1909/1764
f 1601/1404/1295 1630/1918/1770 1658/1739/1621 1631/1738/1620
f 1573/1827/1699 1605/1566/1454 1636/1481/1371 1606/1480/1370
f 1353/1617/1501 1375/1557/1446 1402/1585/1469 1376/1556/1445
f 1359/1459/1349 1382/1541/1430 1410/1742/1623 1383/1460/1350
f 1640/1783/1659 1668/1823/1695 1693/1921/1772 1669/1916/1768
f 1607/1701/1584 1637/1479/1369 1666/1451/1342 1638/1450/1341
f 1397/1653/1537 1372/1527/1416 1350/1529/1418 1371/1736/1618 1396/1654/1538
f 1314/1467/1357 1328/1536/1425 1346/1539/1428 1329/1468/1358
f 1310/1522/1411 1309/1864/1730 1322/1661/1545 1323/1588/1472
f 1426/1652/1536 1425/1651/1535 1455/1909/1764 1456/1912/1712
f 1372/1928/1416 1397/1860/1537 1427/1438/1329 1398/1927/1777
f 1351/1929/1417 1372/1928/1416 1398/1927/1777 1373/1922/1773
f 1637/1479/1369 1665/1478/1368 1690/1608/1492 1666/1451/1342
f 1722/1904/1761 1705/1562/1451 1683/1917/1769 1704/1895/1755
f 1555/1858/1726 1522/1907/1763 1488/1843/1713 1521/1496/1385
f 1647/1901/1656 1646/1850/1719 1673/1849/1709 1674/1920/1714
f 1478/1623/1507 1448/1622/1506 1418/1752/1630 1447/1642/1526
f 1523/1835/1705 1556/1846/1716 1589/1847/1717 1557/1463/1353
f 1359/1459/1349 1358/1643/1527 1381/1487/1377 1382/1541/1430
f 1659/1443/1334 1684/1561/1450 1685/1564/1452 1660/1444/1335
f 1428/1906/1762 1399/1923/1774 1373/1922/1773 1398/1927/1777
f 1661/1565/1453 1660/1882/1335 1685/1877/1452 1686/1746/1625
f 1373/1922/1773 1352/1615/1499 1333/1930/1337 1351/1929/1417
f 1296/1766/1644 1295/1765/1643 1300/1796/1672 1301/1521/1410
f 1530/1802/1678 1495/1603/1487 1529/1602/1486 1563/1769/1646
f 1297/1498/1387 1296/1766/1644 1302/1764/1642 1303/1499/1388
f 1343/1570/1458 1363/1599/1483 1387/1813/1688 1364/1571/1459
f 1352/1615/1499 1334/1614/1498 1319/1931/1338 1333/1930/1337
f 1301/1521/1410 1300/1796/1672 1309/1864/1730 1310/1522/1411
f 1490/1836/1706 1523/1835/1705 1557/1463/1353 1524/1462/1352
f 1319/1931/1338 1334/1614/1498 1354/1555/1444 1335/1908/1324
f 1714/1671/1555 2177/1670/1554 2178/1886/1747 1715/1838/1708
f 1756/1503/1392 2219/1914/1766 2220/1932/1778 1757/1620/1504
f 2132/1933/1779 1669/1916/1768 1693/1921/1772 2156/1924/1775
f 1612/1818/1691 2075/1841/1711 2105/1934/1780 1642/1790/1666
f 1652/1890/1750 2115/1935/1781 2141/1936/1782 1678/1855/1724
f 2056/1937/1783 1593/1898/1758 1623/1633/1517 2086/1938/1784
f 1873/1939/1785 1904/1940/1786 1935/1941/1787 1903/1942/1788
f 2162/1943/1789 1699/1845/1715 1717/1686/1570 2180/1888/1748
f 2217/1925/1776 1754/1699/1582 1748/1698/1581 2211/1944/1581
f 2087/1945/1790 2115/1935/1781 1652/1890/1750 1624/1771/1648
f 2157/1669/1553 1694/1672/1556 1670/1791/1667 2133/1946/1791
f 1594/1770/1647 2057/1947/1792 2087/1945/1790 1624/1771/1648
f 1562/1723/1606 2025/1948/1793 2057/1947/1792 1594/1770/1647
f 2086/1938/1784 1623/1633/1517 1651/1632/1516 2114/1949/1794
f 2181/1767/1633 2193/1950/1795 1730/1900/1760 1718/1755/1633
f 1880/1640/1524 1417/1552/1441 1416/1551/1440 1879/1580/1464
f 1940/1919/1771 1477/1889/1749 1510/1896/1756 1973/1951/1796
f 1991/1952/1797 2025/1948/1793 1562/1723/1606 1528/1724/1607
f 1973/1951/1796 1510/1896/1756 1545/1471/1361 2008/1878/1741
f 2141/1936/1782 2163/1768/1645 1700/1754/1632 1678/1855/1724
f 1991/1952/1797 1528/1724/1607 1561/1883/1745 2024/1953/1798
f 2114/1949/1794 1651/1632/1516 1677/1894/1754 2140/1954/1799
f 2140/1954/1799 1677/1894/1754 1699/1845/1715 2162/1943/1789
f 1546/1681/1565 2009/1685/1569 2043/1840/1710 1580/1732/1614
f 1593/1898/1758 2056/1937/1783 2024/1953/1798 1561/1883/1745
f 2193/1950/1795 2203/1955/1800 1740/1826/1698 1730/1900/1760
f 2042/1879/1742 1579/1470/1360 1611/1457/1347 2074/1956/1801
f 2104/1957/1802 1641/1456/1346 1669/1916/1768 2132/1933/1779
f 1642/1790/1666 2105/1934/1780 2133/1946/1791 1670/1791/1667
f 1757/1620/1504 2220/1932/1778 2216/1880/1743 1753/1709/1592
f 1740/1826/1698 2203/1955/1800 2211/1944/1581 1748/1698/1581
f 2074/1956/1801 1611/1457/1347 1641/1456/1346 2104/1957/1802
f 2064/1958/1803 2032/1959/1804 1999/1960/1805 2033/1961/1806
f 1825/1962/1807 1804/1963/1808 1788/1964/1809 1805/1965/1810
f 1905/1966/1811 1937/1967/1812 1970/1968/1813 1936/1969/1814
f 1780/1970/1815 1768/1971/1816 1761/1972/1817 1769/1973/1818
f 2175/1974/1819 2192/1573/1314 2202/1574/1313 2191/1975/1820
f 2066/1976/1821 2097/1977/1822 2125/1978/1823 2096/1979/1824
f 2171/1980/1825 2150/1981/1826 2126/1982/1827 2151/1983/1828
f 1783/1984/1829 1799/1985/1830 1818/1986/1831 1798/1987/1832
f 1952/1988/1833 1920/1989/1834 1890/1990/1835 1921/1991/1836
f 1812/1992/1837 1794/1993/1838 1780/1970/1815 1795/1994/1839
f 2122/1995/1840 2095/1996/1841 2123/1997/1842
f 1796/1998/1843 1781/1999/1844 1770/2000/1845 1782/2001/1846
f 2101/2002/1847 2130/2003/1848 2154/2004/1819 2129/2005/1849
f 2104/1957/1802 2073/2006/1850 2041/2007/1851 2074/1956/1801
f 1802/2008/1852 1823/2009/1853 1846/2010/1854 1822/2011/1855
f 1987/2012/1856 2021/2013/1857 2053/2014/1858 2020/2015/1859
f 1767/2016/1860 1778/2017/1861 1792/2018/1862 1777/2019/1863
f 2042/1879/1742 2007/2020/1864 1972/2021/1865 2008/1878/1741
f 1892/2022/1866 1923/2023/1867 1954/2024/1868 1922/2025/1869
f 2128/2026/1870 2099/2027/1871 2069/2028/1872 2100/2029/1873
f 1775/2030/1874 1789/2031/1875 1805/1965/1810 1788/1964/1809
f 1999/1960/1805 2032/1959/1804 1998/2032/1876 1964/2033/1877
f 1901/2034/1878 1870/2035/1879 1844/2036/1880 1871/2037/1881
f 1964/2038/1877 1931/2039/1882 1900/2040/1883 1932/2041/1884 1965/2042/1885
f 1983/2043/1886 1950/2044/1887 1984/2045/1888
f 1760/2046/1889 1767/2016/1860 1777/2019/1863 1766/2047/1890
f 2214/2048/1891 2219/1914/1766 2218/1915/1767 2213/2049/1892
f 1876/2050/1893 1848/2051/1894 1825/1962/1807 1849/2052/1895
f 2173/2053/1896 2190/2054/1897 2200/2055/1898 2189/2056/1899
f 1882/2057/1900 1853/2058/1901 1829/2059/1902 1854/2060/1903
f 2039/2061/1904 2072/2062/1905 2102/2063/1906 2071/2064/1907
f 1799/1985/1830 1819/2065/1908 1841/2066/1909 1818/1986/1831
f 1764/2067/1910 1774/2068/1911 1787/2069/1912 1773/2070/1913
f 2071/2064/1907 2038/2071/1914 2004/2072/1915 2039/2061/1904
f 1835/2073/1916 1813/2074/1917 1814/2075/1918
f 1899/2076/1919 1868/2077/1920 1842/2078/1921 1869/2079/1922
f 1970/1968/1813 2005/2080/1923 1969/2081/1924 1936/1969/1814
f 1791/2082/1925 1809/2083/1926 1830/2084/1927 1808/2085/1928
f 1871/2037/1881 1844/2036/1880 1845/2086/1929 1872/2087/1930
f 2151/1983/1828 2172/2088/1931 2188/2089/1932 2171/1980/1825
f 2170/2090/1933 2187/2091/1934 2186/2092/1435 2169/2093/1935
f 1778/2017/1861 1767/2016/1860 1768/1971/1816 1779/2094/1936
f 1852/2095/1937 1880/1640/1524 1879/1580/1464 1851/2096/1938
f 1769/1973/1818 1781/1999/1844 1795/1994/1839 1780/1970/1815
f 1866/2097/1939 1839/2098/1940 1817/2099/1941 1840/2100/1942
f 1838/2101/1943 1864/2102/1944 1893/2103/1945 1863/2104/1946
f 2147/2105/1947 2148/2106/1948 2169/2107/1935 2168/2108/1949
f 2124/2109/1950 2096/1979/1824 2125/1978/1823
f 2068/2110/1951 2099/2027/1871 2127/2111/1952 2098/2112/1953
f 1807/2113/1954 1828/2114/1955 1827/2115/1956 1806/2116/1957
f 1818/2117/1831 1841/2118/1909 1867/2119/1958 1840/2100/1942
f 1948/2120/1959 1981/2121/1960 2015/2122/1961 1980/2123/1962
f 1865/2124/1963 1895/2125/1964 1864/2102/1944 1838/2101/1943
f 1803/2126/1965 1786/2127/1966 1773/2070/1913 1787/2069/1912
f 2138/2128/1967 2111/2129/1968 2083/2130/1969 2112/2131/1970
f 1979/2132/1971 2014/2133/1972 2047/2134/1973 2013/2135/1974
f 1935/1941/1787 1969/2081/1924 2004/2072/1915 1968/2136/1975
f 1805/1965/1810 1826/2137/1976 1849/2052/1895 1825/1962/1807
f 1925/2138/1977 1958/2139/1978 1992/2140/1979 1957/2141/1980
f 1803/2126/1965 1824/2142/1981 1847/2143/1982 1823/2009/1853
f 1917/2144/1983 1948/2120/1959 1980/2123/1962 1947/2145/1984
f 2129/2005/1849 2154/2004/1819 2174/2146/1985 2153/2147/1986
f 1903/1942/1788 1935/1941/1787 1968/2136/1975 1934/2148/1987
f 1770/2000/1845 1783/1984/1829 1798/1987/1832 1782/2001/1846
f 1874/2149/1988 1905/1966/1811 1936/1969/1814 1904/1940/1786
f 1797/2150/1989 1816/2151/1990 1837/2152/1991 1815/2153/1992
f 1907/2154/1993 1876/2050/1893 1849/2052/1895 1877/2155/1994
f 2214/2048/1891 2215/2156/1995 2220/1932/1778 2219/1914/1766
f 1911/2157/1996 1942/2158/1997 1974/1684/1568 1941/1683/1567
f 2143/2159/1998 2165/2160/1999 2182/2161/2000 2164/2162/2001
f 2055/2163/2002 2086/1938/1784 2114/1949/1794 2085/2164/2003
f 1947/2145/1984 1916/2165/2004 1887/2166/2005 1917/2144/1983
f 1929/2167/2006 1961/2168/2007 1928/2169/2008 1897/2170/2009
f 1870/2035/1879 1843/2171/2010 1821/2172/2011 1844/2036/1880
f 1830/2084/1927 1855/2173/2012 1883/2174/2013 1854/2060/1903
f 2017/2175/2014 2050/2176/2015 2049/2177/2016 2016/2178/2017
f 1888/2179/2018 1859/2180/2019 1860/2181/2020 1889/2182/2021
f 1762/2183/2022 1771/2184/2023 1783/1984/1829 1770/2000/1845
f 1933/2185/2024 1901/2034/1878 1871/2037/1881 1902/2186/2025
f 1820/2187/2026 1800/2188/2027 1785/2189/2028 1801/2190/2029
f 1971/2191/2030 2007/2020/1864 2041/2007/1851 2006/2192/2031
f 1962/2193/2032 1997/2194/2033 2030/2195/2034 1996/2196/2035
f 1884/2197/2036 1914/2198/2037 1944/2199/2038 1913/2200/2039
f 2062/2201/2040 2092/2202/2041 2119/2203/2042 2091/2204/2043
f 1942/2158/1997 1975/2205/2044 2009/1685/1569 1974/1684/1568
f 1871/2037/1881 1872/2087/1930 1902/2186/2025
f 2180/1888/1748 2179/1887/1746 2160/2206/2045 2161/2207/2046
f 2054/2208/2003 2085/2164/2003 2113/2209/2047 2084/2210/2048
f 1988/2211/2049 2022/2212/2050 2054/2208/2003 2021/2013/1857
f 1929/2167/2006 1962/2193/2032 1996/2196/2035 1961/2168/2007
f 2194/2213/2051 2182/2161/2000 2165/2160/1999 2183/2214/2052
f 2204/2215/2053 2212/2216/2054 2217/1925/1776 2211/1944/1581
f 2038/2071/1914 2071/2064/1907 2101/2002/1847 2070/2217/2055
f 2199/2218/1585 2188/2089/1932 2172/2088/1931 2189/2056/1899
f 1967/2219/2056 2003/2220/2057 2037/2221/2058 2002/2222/2059
f 2201/2223/2060 2210/1881/1744 2216/1880/1743 2209/2224/2061
f 1897/2170/2009 1866/2097/1939 1840/2100/1942 1867/2119/1958
f 2050/2176/2015 2081/2225/2062 2080/2226/2063 2049/2177/2016
f 1913/2200/2039 1944/2199/2038 1976/2227/2064 1943/2228/2065
f 1857/2229/2066 1886/2230/2067 1915/2231/2068 1885/2232/2069
f 1978/2233/1602 2012/2234/2070 1977/2235/2071 1945/2236/2072
f 2025/1948/1793 1991/1952/1797 1957/2141/1980 1992/2140/1979
f 2084/2210/2048 2113/2209/2047 2139/2237/2073 2112/2131/1970
f 1964/2033/1877 1998/2032/1876 1963/2238/2074 1931/2239/1882
f 2011/2240/2075 2045/2241/2076 2076/2242/2077 2044/2243/2078
f 1975/2205/2044 2010/2244/2079 2043/1840/1710 2009/1685/1569
f 1843/2171/2010 1870/2035/1879 1900/2040/1883 1869/2079/1922
f 1812/1992/1837 1834/2245/2080 1858/2246/2081 1833/2247/2082
f 1981/2121/1960 1982/2248/2083 2016/2178/2017 2015/2122/1961
f 2147/2105/1947 2121/2249/2084 2094/2250/2085 2122/1995/1840
f 1841/2118/1909 1868/2251/1920 1898/2252/2086 1867/2119/1958
f 1903/1942/1788 1872/2087/1930 1845/2086/1929 1873/1939/1785
f 1965/2042/1885 2000/2253/2087 1999/2254/1805 1964/2038/1877
f 1983/2255/1886 2017/2175/2014 2016/2178/2017 1982/2248/2083
f 2124/2109/1950 2125/1978/1823 2150/1981/1826 2149/2256/2088
f 1893/2103/1945 1924/2257/2089 1955/2258/2090 1923/2023/1867
f 2213/2259/1892 2212/2216/2054 2205/2260/2091 2206/2261/2092
f 1852/2095/1937 1881/2262/2093 1910/1641/1525 1880/1640/1524
f 2164/2162/2001 2181/1767/1633 2163/1768/1645 2142/2263/2094
f 2022/2212/2050 2055/2163/2002 2085/2164/2003 2054/2208/2003
f 1831/2264/2095 1855/2173/2012 1830/2084/1927 1809/2083/1926
f 1926/2265/2096 1958/2139/1978 1925/2138/1977 1894/2266/2097
f 1912/2267/2098 1882/2057/1900 1854/2060/1903 1883/2174/2013
f 1978/2233/1602 1945/2236/2072 1915/2231/2068 1946/2268/2099
f 1794/1993/1838 1779/2094/1936 1768/1971/1816 1780/1970/1815
f 2184/2269/2100 2196/2270/2101 2205/2260/2091 2195/2271/2102
f 1969/2081/1924 2005/2080/1923 2039/2061/1904 2004/2072/1915
f 2037/2221/2058 2070/2217/2055 2100/2029/1873 2069/2028/1872
f 1768/1971/1816 1767/2016/1860 1760/2046/1889 1761/1972/1817
f 1765/2272/2103 1775/2030/1874 1788/1964/1809 1774/2068/1911
f 1761/1972/1817 1760/2046/1889 1759/2273/2104 1758/2274/2105
f 1787/2069/1912 1804/1963/1808 1824/2142/1981 1803/2126/1965
f 2026/2275/2106 2058/2276/2107 2087/1945/1790 2057/1947/1792
f 1965/2042/1885 2001/2277/2108 2035/2278/2109 2000/2253/2087
f 1842/2078/1921 1819/2065/1908 1800/2188/2027 1820/2187/2026
f 1937/1967/1812 1905/1966/1811 1875/2279/2110 1906/2280/2111
f 2000/2253/2087 2035/2278/2109 2067/2281/2112 2034/2282/2113
f 1786/2127/1966 1802/2008/1852 1801/2190/2029 1785/2189/2028
f 2081/2283/2062 2082/2284/2114 2111/2129/1968 2110/2285/2115
f 2040/2286/2116 2073/2006/1850 2103/2287/2117 2072/2062/1905
f 1824/2142/1981 1848/2051/1894 1875/2279/2110 1847/2143/1982
f 2205/2260/2091 2212/2216/2054 2204/2215/2053 2195/2271/2102
f 1828/2114/1955 1853/2058/1901 1881/2262/2093 1852/2095/1937
f 1853/2058/1901 1882/2057/1900 1911/2157/1996 1881/2262/2093
f 1989/2288/2118 2023/2289/2119 2055/2163/2002 2022/2212/2050
f 1853/2058/1901 1828/2114/1955 1807/2113/1954 1829/2059/1902
f 1886/2230/2067 1916/2165/2004 1946/2268/2099 1915/2231/2068
f 1855/2173/2012 1884/2197/2036 1913/2200/2039 1883/2174/2013
f 2061/2290/2120 2090/2291/2121 2060/2292/2122 2029/2293/2123
f 2076/2242/2077 2106/2294/2124 2133/1946/1791 2105/1934/1780
f 1859/2180/2019 1888/2179/2018 1917/2144/1983 1887/2166/2005
f 2091/2204/2043 2118/2295/2125 2090/2291/2121 2061/2290/2120
f 1925/2138/1977 1957/2141/1980 1990/2296/2126 1956/2297/2127
f 1929/2167/2006 1897/2170/2009 1867/2119/1958 1898/2252/2086
f 1758/2274/2105 1763/2298/2128 1771/2184/2023 1762/2183/2022
f 2080/2226/2063 2079/2299/2129 2048/2300/2130 2049/2177/2016
f 2134/2301/2131 2158/2302/2132 2177/1670/1554 2157/1669/1553
f 2027/2303/2133 2058/2276/2107 2026/2275/2106 1993/2304/2134
f 2059/2305/2135 2027/2303/2133 1994/2306/2136 2028/2307/2137
f 2142/2263/2094 2116/2308/2138 2089/2309/2139 2117/2310/2140
f 2065/2311/2141 2033/2312/1806 2034/2282/2113 2066/1976/1821
f 1908/2313/2142 1877/2155/1994 1850/2314/2143 1878/2315/2144
f 1833/2247/2082 1858/2246/2081 1886/2230/2067 1857/2229/2066
f 2207/2316/1891 2206/2317/2092 2197/2318/2145 2198/2319/2146
f 2044/2243/2078 2075/1841/1711 2043/1840/1710 2010/2244/2079
f 2200/2055/1898 2209/2224/2061 2215/2156/1995 2208/2320/1995
f 1936/1969/1814 1969/2081/1924 1935/1941/1787 1904/1940/1786
f 2071/2064/1907 2102/2063/1906 2130/2003/1848 2101/2002/1847
f 1792/2018/1862 1810/2321/2147 1831/2264/2095 1809/2083/1926
f 1827/2115/1956 1851/2096/1938 1878/2315/2144 1850/2314/2143
f 2003/2220/2057 2038/2071/1914 2070/2217/2055 2037/2221/2058
f 1778/2017/1861 1793/2322/2148 1810/2321/2147 1792/2018/1862
f 1906/2280/2111 1938/2323/2149 1971/2191/2030 1937/1967/1812
f 2072/2062/1905 2103/2287/2117 2131/2324/2150 2102/2063/1906
f 1885/2232/2069 1856/2325/2151 1832/2326/2152 1857/2229/2066
f 1944/2199/2038 1977/2235/2071 2011/2240/2075 1976/2227/2064
f 2011/2240/2075 2044/2243/2078 2010/2244/2079 1976/2227/2064
f 2079/2299/2129 2047/2134/1973 2014/2133/1972 2048/2300/2130
f 2204/2215/2053 2211/1944/1581 2203/1955/1800 2194/2213/2051
f 2201/2223/2060 2190/2054/1897 2174/2146/1985 2191/1975/1820
f 2001/2277/2108 2036/2327/2153 2068/2110/1951 2035/2278/2109
f 2108/2328/2154 2078/2329/2155 2047/2134/1973 2079/2299/2129
f 1866/2097/1939 1897/2170/2009 1928/2169/2008 1896/2330/2156
f 2026/2275/2106 2057/1947/1792 2025/1948/1793 1992/2140/1979
f 2090/2291/2121 2117/2310/2140 2089/2309/2139 2060/2292/2122
f 1870/2035/1879 1901/2034/1878 1932/2041/1884 1900/2040/1883
f 1926/2265/2096 1894/2266/2097 1864/2102/1944 1895/2125/1964
f 1793/2322/2148 1811/2331/2157 1832/2326/2152 1810/2321/2147
f 1801/2190/2029 1821/2172/2011 1843/2171/2010 1820/2187/2026
f 2082/2284/2114 2081/2283/2062 2050/2332/2015 2051/2333/2158
f 2096/1979/1824 2095/2334/1841 2065/2311/2141 2066/1976/1821
f 1921/1991/1836 1953/2335/2159 1986/2336/2160 1952/1988/1833
f 1931/2039/1882 1899/2076/1919 1869/2079/1922 1900/2040/1883
f 1778/2017/1861 1779/2094/1936 1793/2322/2148
f 2118/2295/2125 2144/2337/2161 2165/2160/1999 2143/2159/1998
f 2158/2302/2132 2159/2338/2162 2178/1886/1747 2177/1670/1554
f 1830/2084/1927 1854/2060/1903 1829/2059/1902 1808/2085/1928
f 1919/2339/2163 1951/2340/2164 1984/2045/1888 1950/2044/1887
f 1914/2198/2037 1884/2197/2036 1856/2325/2151 1885/2232/2069
f 2012/2234/2070 2045/2241/2076 2011/2240/2075 1977/2235/2071
f 2138/2128/1967 2137/2341/2165 2110/2285/2115 2111/2129/1968
f 2139/2237/2073 2162/1943/1789 2180/1888/1748 2161/2207/2046
f 2019/2342/2166 2052/2343/2167 2082/2284/2114 2051/2333/2158
f 2108/2328/2154 2109/2344/2168 2136/2345/2162 2135/2346/2169
f 2046/2347/2170 2077/2348/2171 2045/2241/2076 2012/2234/2070
f 2134/2301/2131 2106/2294/2124 2077/2348/2171 2107/2349/2172
f 1943/2228/2065 1975/2205/2044 1942/2158/1997 1912/2267/2098
f 2089/2309/2139 2116/2308/2138 2088/2350/2173 2059/2305/2135
f 2116/2308/2138 2142/2263/2094 2163/1768/1645 2141/1936/1782
f 2166/2351/2174 2183/2214/2052 2165/2160/1999 2144/2337/2161
f 2017/2352/2014 2018/2353/2175 2051/2333/2158 2050/2332/2015
f 2099/2027/1871 2128/2026/1870 2152/2354/2176 2127/2111/1952
f 1890/1990/1835 1920/1989/1834 1889/2355/2021 1860/2356/2020
f 1923/2023/1867 1955/2258/2090 1988/2211/2049 1954/2024/1868
f 2130/2003/1848 2155/2357/2177 2175/1974/1819 2154/2004/1819
f 1784/2358/2178 1771/2184/2023 1763/2298/2128 1772/2359/2179
f 1909/1579/1463 1878/2315/2144 1851/2096/1938 1879/1580/1464
f 1998/2032/1876 2032/1959/1804 2063/2360/2180 2031/2361/2181
f 2187/2091/1934 2188/2089/1932 2199/2218/1585 2198/2319/2146
f 1901/2034/1878 1933/2185/2024 1966/2362/2182 1932/2041/1884
f 2048/2300/2130 2014/2133/1972 1980/2123/1962 2015/2122/1961
f 2046/2347/2170 2012/2234/2070 1978/2233/1602 2013/2135/1974
f 2159/2338/2162 2158/2302/2132 2135/2346/2169 2136/2345/2162
f 2010/2244/2079 1975/2205/2044 1943/2228/2065 1976/2227/2064
f 1882/2057/1900 1912/2267/2098 1942/2158/1997 1911/2157/1996
f 1955/2258/2090 1989/2288/2118 2022/2212/2050 1988/2211/2049
f 1994/2306/2136 1959/2363/2183 1927/2364/2184 1960/2365/2185
f 2157/1669/1553 2133/1946/1791 2106/2294/2124 2134/2301/2131
f 1928/2169/2008 1961/2168/2007 1995/2366/2186 1960/2365/2185
f 1995/2366/2186 2028/2307/2137 1994/2306/2136 1960/2365/2185
f 1868/2251/1920 1899/2367/1919 1930/2368/2187 1898/2252/2086
f 1933/2185/2024 1967/2219/2056 2002/2222/2059 1966/2362/2182
f 1906/2280/2111 1875/2279/2110 1848/2051/1894 1876/2050/1893
f 2006/2192/2031 2040/2286/2116 2005/2080/1923 1970/1968/1813
f 1807/2113/1954 1806/2116/1957 1789/2031/1875 1790/2369/2188
f 1800/2188/2027 1784/2358/2178 1772/2359/2179 1785/2189/2028
f 1938/2323/2149 1906/2280/2111 1876/2050/1893 1907/2154/1993
f 2127/2111/1952 2152/2354/2176 2172/2088/1931 2151/1983/1828
f 1802/2008/1852 1822/2011/1855 1821/2172/2011 1801/2190/2029
f 2098/2112/1953 2127/2111/1952 2151/1983/1828 2126/1982/1827
f 2153/2147/1986 2174/2146/1985 2190/2054/1897 2173/2053/1896
f 2149/2256/2088 2150/1981/1826 2171/1980/1825 2170/2090/1933
f 2063/2360/2180 2092/2202/2041 2062/2201/2040 2031/2361/2181
f 1766/2047/1890 1776/2370/2189 1775/2030/1874 1765/2272/2103
f 1812/1992/1837 1795/1994/1839 1813/2074/1917 1834/2245/2080
f 1858/2246/2081 1887/2166/2005 1916/2165/2004 1886/2230/2067
f 2122/1995/1840 2094/2250/2085 2065/2371/2141 2095/1996/1841
f 2149/2256/2088 2170/2090/1933 2169/2093/1935 2148/2372/1948
f 2005/2080/1923 2040/2286/2116 2072/2062/1905 2039/2061/1904
f 1946/2268/2099 1979/2132/1971 2013/2135/1974 1978/2233/1602
f 1865/2124/1963 1896/2330/2156 1927/2364/2184 1895/2125/1964
f 2158/2302/2132 2134/2301/2131 2107/2349/2172 2135/2346/2169
f 1883/2174/2013 1913/2200/2039 1943/2228/2065 1912/2267/2098
f 2046/2347/2170 2078/2329/2155 2107/2349/2172 2077/2348/2171
f 2123/2373/1842 2095/2334/1841 2096/1979/1824 2124/2109/1950
f 2135/2346/2169 2107/2349/2172 2078/2329/2155 2108/2328/2154
f 1957/2141/1980 1991/1952/1797 2024/1953/1798 1990/2296/2126
f 1895/2125/1964 1927/2364/2184 1959/2363/2183 1926/2265/2096
f 1930/2368/2187 1962/2193/2032 1929/2167/2006 1898/2252/2086
f 1930/2368/2187 1963/2238/2074 1997/2194/2033 1962/2193/2032
f 2030/2195/2034 2062/2201/2040 2091/2204/2043 2061/2290/2120
f 2164/2162/2001 2142/2263/2094 2117/2310/2140 2143/2159/1998
f 1885/2232/2069 1915/2231/2068 1945/2236/2072 1914/2198/2037
f 1940/1919/1771 1908/2313/2142 1878/2315/2144 1909/1579/1463
f 2198/2319/2146 2199/2218/1585 2208/2320/1995 2207/2316/1891
f 2152/2354/2176 2173/2053/1896 2189/2056/1899 2172/2088/1931
f 2115/1935/1781 2087/1945/1790 2058/2276/2107 2088/2350/2173
f 2145/2374/2190 2119/2203/2042 2092/2202/2041 2120/2375/2191
f 1995/2366/2186 2029/2293/2123 2060/2292/2122 2028/2307/2137
f 2021/2013/1857 2054/2208/2003 2084/2210/2048 2053/2014/1858
f 1981/2121/1960 1949/2376/2192 1982/2248/2083
f 2085/2164/2003 2114/1949/1794 2140/1954/1799 2113/2209/2047
f 1786/2127/1966 1803/2126/1965 1823/2009/1853 1802/2008/1852
f 1794/1993/1838 1812/1992/1837 1833/2247/2082 1811/2331/2157
f 1774/2068/1911 1788/1964/1809 1804/1963/1808 1787/2069/1912
f 1983/2043/1886 1984/2045/1888 2018/2353/2175 2017/2352/2014
f 2006/2192/2031 2041/2007/1851 2073/2006/1850 2040/2286/2116
f 1980/2123/1962 2014/2133/1972 1979/2132/1971 1947/2145/1984
f 1759/2273/2104 1765/2272/2103 1774/2068/1911 1764/2067/1910
f 1977/2235/2071 1944/2199/2038 1914/2198/2037 1945/2236/2072
f 2062/2201/2040 2030/2195/2034 1997/2194/2033 2031/2361/2181
f 1996/2196/2035 2030/2195/2034 2061/2290/2120 2029/2293/2123
f 2119/2203/2042 2144/2337/2161 2118/2295/2125 2091/2204/2043
f 2184/2269/2100 2166/2351/2174 2145/2374/2190 2167/2377/2193
f 2094/2250/2085 2064/1958/1803 2033/1961/1806 2065/2371/2141
f 2069/2028/1872 2036/2327/2153 2002/2222/2059 2037/2221/2058
f 2023/2289/2119 1989/2288/2118 1956/2297/2127 1990/2296/2126
f 2008/1878/1741 1972/2021/1865 1939/2378/2194 1973/1951/1796
f 1990/2296/2126 2024/1953/1798 2056/1937/1783 2023/2289/2119
f 2035/2278/2109 2068/2110/1951 2098/2112/1953 2067/2281/2112
f 1823/2009/1853 1847/2143/1982 1874/2149/1988 1846/2010/1854
f 1826/2137/1976 1805/1965/1810 1789/2031/1875 1806/2116/1957
f 1989/2288/2118 1955/2258/2090 1924/2257/2089 1956/2297/2127
f 1954/2024/1868 1988/2211/2049 2021/2013/1857 1987/2012/1856
f 2195/2271/2102 2183/2214/2052 2166/2351/2174 2184/2269/2100
f 2047/2134/1973 2078/2329/2155 2046/2347/2170 2013/2135/1974
f 2028/2307/2137 2060/2292/2122 2089/2309/2139 2059/2305/2135
f 2118/2295/2125 2143/2159/1998 2117/2310/2140 2090/2291/2121
f 2173/2053/1896 2152/2354/2176 2128/2026/1870 2153/2147/1986
f 2155/2357/2177 2176/1910/1765 2192/1573/1314 2175/1974/1819
f 2052/2343/2167 2083/2130/1969 2111/2129/1968 2082/2284/2114
f 1947/2145/1984 1979/2132/1971 1946/2268/2099 1916/2165/2004
f 2059/2305/2135 2088/2350/2173 2058/2276/2107 2027/2303/2133
f 2208/2320/1995 2199/2218/1585 2189/2056/1899 2200/2055/1898
f 2112/2131/1970 2139/2237/2073 2161/2207/2046 2138/2128/1967
f 1928/2169/2008 1960/2365/2185 1927/2364/2184 1896/2330/2156
f 2038/2071/1914 2003/2220/2057 1968/2136/1975 2004/2072/1915
f 2036/2327/2153 2001/2277/2108 1966/2362/2182 2002/2222/2059
f 1904/1940/1786 1873/1939/1785 1846/2010/1854 1874/2149/1988
f 1781/1999/1844 1796/1998/1843 1814/2075/1918 1813/2074/1917 1795/1994/1839
f 2102/2063/1906 2131/2324/2150 2155/2357/2177 2130/2003/1848
f 2079/2299/2129 2080/2226/2063 2109/2344/2168 2108/2328/2154
f 2203/1955/1800 2193/1950/1795 2182/2161/2000 2194/2213/2051
f 2081/2225/2062 2110/2379/2115 2109/2344/2168 2080/2226/2063
f 2023/2289/2119 2056/1937/1783 2086/1938/1784 2055/2163/2002
f 2218/1926/1767 2217/1925/1776 2212/2216/2054 2213/2259/1892
f 2154/2004/1819 2175/1974/1819 2191/1975/1820 2174/2146/1985
f 1902/2186/2025 1934/2148/1987 1967/2219/2056 1933/2185/2024
f 2186/2380/1435 2185/2381/2195 2168/2108/1949 2169/2107/1935
f 2187/2091/1934 2198/2319/2146 2197/2318/2145 2186/2092/1435
f 2185/2381/2195 2186/2380/1435 2197/2382/2145 2196/2270/2101
f 2015/2122/1961 2016/2178/2017 2049/2177/2016 2048/2300/2130
f 2076/2242/2077 2105/1934/1780 2075/1841/1711 2044/2243/2078
f 1951/2340/2164 1919/2339/2163 1889/2355/2021 1920/1989/1834
f 1776/2370/2189 1790/2369/2188 1789/2031/1875 1775/2030/1874
f 1938/2323/2149 1972/2021/1865 2007/2020/1864 1971/2191/2030
f 2034/2282/2113 2067/2281/2112 2097/1977/1822 2066/1976/1821
f 1811/2331/2157 1793/2322/2148 1779/2094/1936 1794/1993/1838
f 1908/2313/2142 1940/1919/1771 1973/1951/1796 1939/2378/2194
f 1953/2335/2159 1921/1991/1836 1891/2383/2196 1922/2025/1869
f 1985/2384/2197 2019/2342/2166 2051/2333/2158 2018/2353/2175
f 1842/2078/1921 1868/2077/1920 1841/2066/1909 1819/2065/1908
f 1818/2117/1831 1840/2100/1942 1817/2099/1941 1798/2385/1832
f 1864/2102/1944 1894/2266/2097 1924/2257/2089 1893/2103/1945
f 1949/2376/2192 1981/2121/1960 1948/2120/1959 1918/2386/2198
f 1987/2012/1856 1953/2335/2159 1922/2025/1869 1954/2024/1868
f 2029/2293/2123 1995/2366/2186 1961/2168/2007 1996/2196/2035
f 1781/1999/1844 1769/1973/1818 1762/2183/2022 1770/2000/1845
f 1956/2297/2127 1924/2257/2089 1894/2266/2097 1925/2138/1977
f 1869/2079/1922 1842/2078/1921 1820/2187/2026 1843/2171/2010
f 1777/2019/1863 1791/2082/1925 1776/2370/2189 1766/2047/1890
f 1950/2387/1887 1949/2376/2192 1918/2386/2198 1919/2388/2163
f 2160/2389/2045 2179/1884/1746 2178/1886/1747 2159/2338/2162
f 2202/1574/1313 2210/1881/1744 2201/2223/2060 2191/1975/1820
f 2073/2006/1850 2104/1957/1802 2132/1933/1779 2103/2287/2117
f 2209/2224/2061 2216/1880/1743 2220/1932/1778 2215/2156/1995
f 2097/1977/1822 2126/1982/1827 2150/1981/1826 2125/1978/1823
f 1804/1963/1808 1825/1962/1807 1848/2051/1894 1824/2142/1981
f 2027/2303/2133 1993/2304/2134 1959/2363/2183 1994/2306/2136
f 1931/2239/1882 1963/2238/2074 1930/2368/2187 1899/2367/1919
f 2168/2108/1949 2146/2390/2199 2121/2249/2084 2147/2105/1947
f 2146/2390/2199 2120/2375/2191 2093/2391/2200 2121/2249/2084
f 1771/2184/2023 1784/2358/2178 1799/1985/1830 1783/1984/1829
f 1790/2369/2188 1808/2085/1928 1829/2059/1902 1807/2113/1954
f 2193/1950/1795 2181/1767/1633 2164/2162/2001 2182/2161/2000
f 2137/2392/2165 2160/2389/2045 2159/2338/2162 2136/2345/2162
f 2131/2324/2150 2156/1924/1775 2176/1910/1765 2155/2357/2177
f 1952/1988/1833 1986/2336/2160 2019/2342/2166 1985/2384/2197
f 2053/2014/1858 2084/2210/2048 2112/2131/1970 2083/2130/1969
f 1816/2151/1990 1838/2101/1943 1863/2104/1946 1837/2152/1991
f 2120/2375/2191 2092/2202/2041 2063/2360/2180 2093/2391/2200
f 2196/2270/2101 2197/2382/2145 2206/2261/2092 2205/2260/2091
f 2204/2215/2053 2194/2213/2051 2183/2214/2052 2195/2271/2102
f 2116/2308/2138 2141/1936/1782 2115/1935/1781 2088/2350/2173
f 2120/2375/2191 2146/2390/2199 2167/2377/2193 2145/2374/2190
f 1831/2264/2095 1856/2325/2151 1884/2197/2036 1855/2173/2012
f 1828/2114/1955 1852/2095/1937 1851/2096/1938 1827/2115/1956
f 1939/2378/2194 1907/2154/1993 1877/2155/1994 1908/2313/2142
f 1815/2153/1992 1837/2152/1991 1862/2393/2201 1836/2394/2202
f 2190/2054/1897 2201/2223/2060 2209/2224/2061 2200/2055/1898
f 2161/2207/2046 2160/2206/2045 2137/2341/2165 2138/2128/1967
f 1834/2245/2080 1859/2180/2019 1887/2166/2005 1858/2246/2081
f 1993/2304/2134 1958/2139/1978 1926/2265/2096 1959/2363/2183
f 2196/2270/2101 2184/2269/2100 2167/2377/2193 2185/2381/2195
f 2106/2294/2124 2076/2242/2077 2045/2241/2076 2077/2348/2171
f 1920/1989/1834 1952/1988/1833 1985/2384/2197 1951/2340/2164
f 1776/2370/2189 1791/2082/1925 1808/2085/1928 1790/2369/2188
f 1905/1966/1811 1874/2149/1988 1847/2143/1982 1875/2279/2110
f 1872/2087/1930 1903/1942/1788 1934/2148/1987 1902/2186/2025
f 1907/2154/1993 1939/2378/2194 1972/2021/1865 1938/2323/2149
f 1934/2148/1987 1968/2136/1975 2003/2220/2057 1967/2219/2056
f 2031/2361/2181 1997/2194/2033 1963/2238/2074 1998/2032/1876
f 2207/2316/1891 2214/2048/1891 2213/2049/1892 2206/2317/2092
f 2207/2316/1891 2208/2320/1995 2215/2156/1995 2214/2048/1891
f 2113/2209/2047 2140/1954/1799 2162/1943/1789 2139/2237/2073
f 1857/2229/2066 1832/2326/2152 1811/2331/2157 1833/2247/2082
f 1839/2098/1940 1866/2097/1939 1896/2330/2156 1865/2124/1963
f 2034/2282/2113 2033/2312/1806 1999/2254/1805 2000/2253/2087
f 1797/2150/1989 1817/2099/1941 1839/2098/1940 1816/2151/1990
f 1893/2103/1945 1923/2023/1867 1892/2022/1866 1863/2104/1946
f 2093/2391/2200 2063/2360/2180 2032/1959/1804 2064/1958/1803
f 1769/1973/1818 1761/1972/1817 1758/2274/2105 1762/2183/2022
f 1784/2358/2178 1800/2188/2027 1819/2065/1908 1799/1985/1830
f 1937/1967/1812 1971/2191/2030 2006/2192/2031 1970/1968/1813
f 1810/2321/2147 1832/2326/2152 1856/2325/2151 1831/2264/2095
f 2145/2374/2190 2166/2351/2174 2144/2337/2161 2119/2203/2042
f 2067/2281/2112 2098/2112/1953 2126/1982/1827 2097/1977/1822
f 1932/2041/1884 1966/2362/2182 2001/2277/2108 1965/2042/1885
f 1826/2137/1976 1850/2314/2143 1877/2155/1994 1849/2052/1895
f 1982/2248/2083 1949/2376/2192 1950/2387/1887 1983/2255/1886
f 2007/2020/1864 2042/1879/1742 2074/1956/1801 2041/2007/1851
f 1892/2022/1866 1922/2025/1869 1891/2383/2196 1862/2393/2201
f 1837/2152/1991 1863/2104/1946 1892/2022/1866 1862/2393/2201
f 2020/2015/1859 2053/2014/1858 2083/2130/1969 2052/2343/2167
f 1891/2383/2196 1921/1991/1836 1890/1990/1835 1861/2395/2203
f 2188/2089/1932 2187/2091/1934 2170/2090/1933 2171/1980/1825
f 1888/2179/2018 1918/2386/2198 1948/2120/1959 1917/2144/1983
f 2064/1958/1803 2094/2250/2085 2121/2249/2084 2093/2391/2200
f 2036/2327/2153 2069/2028/1872 2099/2027/1871 2068/2110/1951
f 1816/2151/1990 1839/2098/1940 1865/2124/1963 1838/2101/1943
f 1822/2011/1855 1846/2010/1854 1873/1939/1785 1845/2086/1929
f 2103/2287/2117 2132/1933/1779 2156/1924/1775 2131/2324/2150
f 2070/2217/2055 2101/2002/1847 2129/2005/1849 2100/2029/1873
f 1860/2181/2020 1859/2180/2019 1834/2245/2080 1813/2074/1917 1835/2073/1916
f 1777/2019/1863 1792/2018/1862 1809/2083/1926 1791/2082/1925
f 1773/2070/1913 1786/2127/1966 1785/2189/2028 1772/2359/2179
f 1889/2182/2021 1919/2388/2163 1918/2386/2198 1888/2179/2018
f 1835/2396/1916 1861/2395/2203 1890/1990/1835 1860/2356/2020
f 1814/2397/1918 1836/2394/2202 1861/2395/2203 1835/2396/1916
f 2100/2029/1873 2129/2005/1849 2153/2147/1986 2128/2026/1870
f 2185/2381/2195 2167/2377/2193 2146/2390/2199 2168/2108/1949
f 2018/2353/2175 1984/2045/1888 1951/2340/2164 1985/2384/2197
f 2110/2379/2115 2137/2392/2165 2136/2345/2162 2109/2344/2168
f 1941/1683/1567 1910/1641/1525 1881/2262/2093 1911/2157/1996
f 1986/2336/2160 2020/2015/1859 2052/2343/2167 2019/2342/2166
f 1822/2011/1855 1845/2086/1929 1844/2036/1880 1821/2172/2011
f 2122/1995/1840 2123/1997/1842 2148/2106/1948 2147/2105/1947
f 1891/2383/2196 1861/2395/2203 1836/2394/2202 1862/2393/2201
f 2124/2109/1950 2149/2256/2088 2148/2372/1948 2123/2373/1842
f 1836/2394/2202 1814/2397/1918 1796/2398/1843 1815/2153/1992
f 1759/2273/2104 1764/2067/1910 1763/2298/2128 1758/2274/2105
f 1993/2304/2134 2026/2275/2106 1992/2140/1979 1958/2139/1978
f 1760/2046/1889 1766/2047/1890 1765/2272/2103 1759/2273/2104
f 1806/2116/1957 1827/2115/1956 1850/2314/2143 1826/2137/1976
f 1815/2153/1992 1796/2398/1843 1782/2399/1846 1797/2150/1989
f 1764/2067/1910 1773/2070/1913 1772/2359/2179 1763/2298/2128
f 1953/2335/2159 1987/2012/1856 2020/2015/1859 1986/2336/2160
f 1782/2399/1846 1798/2385/1832 1817/2099/1941 1797/2150/1989
f 1441/1613/1497 1410/1742/1623 1440/1610/1494 1472/1597/1481
f 1747/1710/1593 2210/1881/1744 2202/1574/1313 1739/1422/1313
f 2543/2400/2204 3160/2401/2205 3241/2402/2206 2997/2403/2207
f 3160/2401/2205 2546/2404/2208 3156/2405/2209 3241/2402/2206
f 3241/2402/2206 3156/2405/2209 2328/2406/2210 2726/2407/2211
f 2997/2403/2207 3241/2402/2206 2726/2407/2211 2313/2408/2212
f 2533/2409/2213 3142/2410/2214 3242/2411/2215 3012/2412/2216
f 3142/2410/2214 2532/2413/2217 3127/2414/2218 3242/2411/2215
f 3242/2411/2215 3127/2414/2218 2343/2415/2219 2773/2416/2220
f 3012/2412/2216 3242/2411/2215 2773/2416/2220 2340/2417/2221
f 2525/2418/2222 3141/2419/2223 3243/2420/2224 3120/2421/2225
f 3141/2419/2223 2526/2422/2226 2989/2423/2227 3243/2420/2224
f 3243/2420/2224 2989/2423/2227 2332/2424/2228 2787/2425/2229
f 3120/2421/2225 3243/2420/2224 2787/2425/2229 2308/2426/2230
f 2555/2427/2231 3196/2428/2232 3244/2429/2233 3171/2430/2234
f 3196/2428/2232 2556/2431/2235 3015/2432/2236 3244/2429/2233
f 3244/2429/2233 3015/2432/2236 2346/2433/2237 2804/2434/2238
f 3171/2430/2234 3244/2429/2233 2804/2434/2238 2371/2435/2239
f 2529/2436/2240 3140/2437/2241 3245/2438/2242 3124/2439/2243
f 3140/2437/2241 2530/2440/2244 3005/2441/2245 3245/2438/2242
f 3245/2438/2242 3005/2441/2245 2415/2442/2246 2752/2443/2247
f 3124/2439/2243 3245/2438/2242 2752/2443/2247 2323/2444/2248
f 2531/2445/2249 3139/2446/2250 3246/2447/2251 3008/2448/2252
f 3139/2446/2250 2533/2409/2213 3012/2412/2216 3246/2447/2251
f 3246/2447/2251 3012/2412/2216 2340/2417/2221 2768/2449/2253
f 3008/2448/2252 3246/2447/2251 2768/2449/2253 2337/2450/2254
f 2527/2451/2255 3138/2452/2256 3247/2453/2257 3122/2454/2258
f 3138/2452/2256 2525/2418/2222 3120/2421/2225 3247/2453/2257
f 3247/2453/2257 3120/2421/2225 2308/2426/2230 2897/2455/2259
f 3122/2454/2258 3247/2453/2257 2897/2455/2259 2410/2456/2260
f 2522/2457/2261 3137/2458/2262 3248/2459/2263 2980/2460/2264
f 3137/2458/2262 2529/2436/2240 3124/2439/2243 3248/2459/2263
f 3248/2459/2263 3124/2439/2243 2323/2444/2248 2755/2461/2265
f 2980/2460/2264 3248/2459/2263 2755/2461/2265 2325/2462/2266
f 2542/2463/2267 3159/2464/2268 3249/2465/2269 3152/2466/2270
f 3159/2464/2268 2543/2400/2204 2997/2403/2207 3249/2465/2269
f 3249/2465/2269 2997/2403/2207 2313/2408/2212 2721/2467/2271
f 3152/2466/2270 3249/2465/2269 2721/2467/2271 2317/2468/2272
f 2397/2469/2273 2617/2470/2274 3250/2471/2275 3007/2472/2276
f 2617/2470/2274 2242/2473/2277 3006/2474/2278 3250/2471/2275
f 3250/2471/2275 3006/2474/2278 2280/2475/2279 2673/2476/2280
f 3007/2472/2276 3250/2471/2275 2673/2476/2280 2407/2477/2281
f 2575/2478/2282 3229/2479/2283 3251/2480/2284 3211/2481/2285
f 3229/2479/2283 2501/2482/2286 3084/2483/2287 3251/2480/2284
f 3251/2480/2284 3084/2483/2287 2504/2484/2288 3230/2485/2289
f 3211/2481/2285 3251/2480/2284 3230/2485/2289 2579/2486/2290
f 2331/2487/2291 2767/2488/2292 3252/2489/2293 3038/2490/2294
f 2767/2488/2292 2338/2491/2295 3048/2492/2296 3252/2489/2293
f 3252/2489/2293 3048/2492/2296 2382/2493/2297 2838/2494/2298
f 3038/2490/2294 3252/2489/2293 2838/2494/2298 2377/2495/2299
f 2545/2496/2300 3158/2497/2301 3253/2498/2302 3155/2499/2303
f 3158/2497/2301 2542/2463/2267 3152/2466/2270 3253/2498/2302
f 3253/2498/2302 3152/2466/2270 2317/2468/2272 2745/2500/2304
f 3155/2499/2303 3253/2498/2302 2745/2500/2304 2319/2501/2305
f 2532/2413/2217 3136/2502/2306 3254/2503/2307 3127/2414/2218
f 3136/2502/2306 2528/2504/2308 3123/2505/2309 3254/2503/2307
f 3254/2503/2307 3123/2505/2309 2334/2506/2310 2778/2507/2311
f 3127/2414/2218 3254/2503/2307 2778/2507/2311 2343/2415/2219
f 2301/2508/2312 3034/2509/2313 3255/2510/2314 2974/2511/2315
f 3034/2509/2313 2347/2512/2316 2979/2513/2317 3255/2510/2314
f 3255/2514/2314 2979/2515/2317 2496/2516/2318 3035/2517/2319
f 2974/2518/2315 3255/2514/2314 3035/2517/2319 2494/2519/2320
f 2341/2520/2321 2777/2521/2322 3256/2522/2323 3050/2523/2324
f 2777/2521/2322 2344/2524/2325 3049/2525/2326 3256/2522/2323
f 3256/2522/2323 3049/2525/2326 2388/2526/2327 2849/2527/2328
f 3050/2523/2324 3256/2522/2323 2849/2527/2328 2385/2528/2329
f 2331/2487/2291 3038/2490/2294 3257/2529/2330 2783/2530/2331
f 3038/2490/2294 2377/2495/2299 2863/2531/2332 3257/2529/2330
f 3257/2529/2330 2863/2531/2332 2353/2532/2333 3039/2533/2334
f 2783/2530/2331 3257/2529/2330 3039/2533/2334 2307/2534/2335
f 2544/2535/2336 3162/2536/2337 3258/2537/2338 2998/2538/2339
f 2547/2539/2340 3161/2540/2341 3258/2537/2338 3162/2536/2337
f 2521/2541/2342 3116/2542/2343 3258/2543/2338 3161/2544/2341
f 2302/2545/2344 2976/2546/2345 3258/2543/2338 3116/2542/2343
f 2493/2547/2346 2998/2538/2339 3258/2537/2338 2976/2548/2345
f 2416/2549/2347 3046/2550/2348 3259/2551/2349 2747/2552/2350
f 3046/2550/2348 2424/2553/2351 2828/2554/2352 3259/2551/2349
f 3259/2551/2349 2828/2554/2352 2368/2555/2353 3047/2556/2354
f 2747/2552/2350 3259/2551/2349 3047/2556/2354 2322/2557/2355
f 2338/2491/2295 2772/2558/2356 3260/2559/2357 3048/2492/2296
f 2772/2558/2356 2341/2520/2321 3050/2523/2324 3260/2559/2357
f 3260/2559/2357 3050/2523/2324 2385/2528/2329 2844/2560/2358
f 3048/2492/2296 3260/2559/2357 2844/2560/2358 2382/2493/2297
f 2307/2534/2335 3039/2533/2334 3261/2561/2359 2893/2562/2360
f 3039/2533/2334 2353/2532/2333 2910/2563/2361 3261/2561/2359
f 3261/2561/2359 2910/2563/2361 2419/2564/2362 3040/2565/2363
f 2893/2562/2360 3261/2561/2359 3040/2565/2363 2409/2566/2364
f 2322/2557/2355 3047/2556/2354 3262/2567/2365 2753/2568/2366
f 3047/2556/2354 2368/2555/2353 2831/2569/2367 3262/2567/2365
f 3262/2567/2365 2831/2569/2367 2370/2570/2368 3033/2571/2369
f 2753/2568/2366 3262/2567/2365 3033/2571/2369 2326/2572/2370
f 2314/2573/2371 3042/2574/2372 3263/2575/2373 2716/2576/2374
f 3042/2574/2372 2358/2577/2375 2797/2578/2376 3263/2575/2373
f 3263/2575/2373 2797/2578/2376 2362/2579/2377 3043/2580/2378
f 2716/2576/2374 3263/2575/2373 3043/2580/2378 2316/2581/2379
f 2494/2519/2320 3035/2517/2319 3264/2582/2380 2757/2583/2381
f 3035/2517/2319 2496/2516/2318 2836/2584/2382 3264/2582/2380
f 3264/2582/2380 2836/2584/2382 2373/2585/2383 3044/2586/2384
f 2757/2583/2381 3264/2582/2380 3044/2586/2384 2329/2587/2385
f 2329/2587/2385 3044/2586/2384 3265/2588/2386 2723/2589/2387
f 3044/2586/2384 2373/2585/2383 2802/2590/2388 3265/2588/2386
f 3265/2588/2386 2802/2590/2388 2358/2577/2375 3042/2574/2372
f 2723/2589/2387 3265/2588/2386 3042/2574/2372 2314/2573/2371
f 2573/2591/2389 3201/2592/2390 3266/2593/2391 3205/2594/2392
f 3201/2592/2390 2374/2595/2393 2833/2596/2394 3266/2593/2391
f 3266/2593/2391 2833/2596/2394 2497/2597/2395 3016/2598/2396
f 3205/2594/2392 3266/2593/2391 3016/2598/2396 2569/2599/2397
f 2316/2581/2379 3043/2580/2378 3267/2600/2398 2741/2601/2399
f 3043/2580/2378 2362/2579/2377 2821/2602/2400 3267/2600/2398
f 3267/2600/2398 2821/2602/2400 2364/2603/2401 3045/2604/2402
f 2741/2601/2399 3267/2600/2398 3045/2604/2402 2320/2605/2403
f 2344/2524/2325 2782/2606/2404 3268/2607/2405 3049/2525/2326
f 2782/2606/2404 2335/2608/2406 3041/2609/2407 3268/2607/2405
f 3268/2607/2405 3041/2609/2407 2379/2610/2408 2854/2611/2409
f 3049/2525/2326 3268/2607/2405 2854/2611/2409 2388/2526/2327
f 2232/2612/2410 2999/2613/2411 3269/2614/2412 3101/2615/2413
f 2999/2613/2411 2272/2616/2414 2926/2617/2415 3269/2614/2412
f 3269/2614/2412 2926/2617/2415 2518/2618/2416 3111/2619/2417
f 3101/2615/2413 3269/2614/2412 3111/2619/2417 2514/2620/2418
f 2284/2621/2419 3234/2622/2420 3270/2623/2421 2658/2624/2422
f 3234/2622/2420 2581/2625/2423 3220/2626/2424 3270/2623/2421
f 3270/2623/2421 3220/2626/2424 2586/2627/2425 3235/2628/2426
f 2658/2624/2422 3270/2623/2421 3235/2628/2426 2285/2629/2427
f 3702/2630/2428 2605/2631/2429 3271/2632/2430 3687/2633/2431
f 2605/2631/2429 2230/2634/2432 2987/2635/2433 3271/2632/2430
f 3271/2632/2430 2987/2635/2433 2268/2636/2434 2661/2637/2435
f 3687/2633/2431 3271/2632/2430 2661/2637/2435 3683/2638/2436
f 2236/2639/2437 2610/2640/2438 3272/2641/2439 3000/2642/2440
f 2610/2640/2438 2238/2643/2441 3003/2644/2442 3272/2641/2439
f 3272/2641/2439 3003/2644/2442 2278/2645/2443 2667/2646/2444
f 3000/2642/2440 3272/2641/2439 2667/2646/2444 2274/2647/2445
f 2227/2648/2446 2871/2649/2447 3273/2650/2448 2991/2651/2449
f 2871/2649/2447 2392/2652/2450 2993/2653/2451 3273/2650/2448
f 3273/2650/2448 2993/2653/2451 2400/2654/2452 2880/2655/2453
f 2991/2651/2449 3273/2650/2448 2880/2655/2453 2265/2656/2454
f 2526/2422/2226 3135/2657/2455 3274/2658/2456 2989/2423/2227
f 3135/2657/2455 2531/2445/2249 3008/2448/2252 3274/2658/2456
f 3274/2658/2456 3008/2448/2252 2337/2450/2254 2762/2659/2457
f 2989/2423/2227 3274/2658/2456 2762/2659/2457 2332/2424/2228
f 2244/2660/2458 3232/2661/2459 3275/2662/2460 2981/2663/2461
f 3232/2661/2459 2578/2664/2462 3224/2665/2463 3275/2662/2460
f 3275/2662/2460 3224/2665/2463 2581/2625/2423 3234/2622/2420
f 2981/2663/2461 3275/2662/2460 3234/2622/2420 2284/2621/2419
f 2248/2666/2464 2990/2667/2465 3276/2668/2466 2622/2669/2467
f 2990/2667/2465 2286/2670/2468 2688/2671/2469 3276/2668/2466
f 3276/2668/2466 2688/2671/2469 2293/2672/2470 3009/2673/2471
f 2622/2669/2467 3276/2668/2466 3009/2673/2471 2253/2674/2472
f 2253/2674/2472 3009/2673/2471 3277/2675/2473 2628/2676/2474
f 3009/2673/2471 2293/2672/2470 2693/2677/2475 3277/2675/2473
f 3277/2675/2473 2693/2677/2475 2296/2678/2476 3013/2679/2477
f 2628/2676/2474 3277/2675/2473 3013/2679/2477 2256/2680/2478
f 2256/2680/2478 3013/2679/2477 3278/2681/2479 2633/2682/2480
f 3013/2679/2477 2296/2678/2476 2698/2683/2481 3278/2681/2479
f 3278/2681/2479 2698/2683/2481 2299/2684/2482 3011/2685/2483
f 2633/2682/2480 3278/2681/2479 3011/2685/2483 2259/2686/2484
f 2259/2686/2484 3011/2685/2483 3279/2687/2485 2638/2688/2486
f 3011/2685/2483 2299/2684/2482 2703/2689/2487 3279/2687/2485
f 3279/2687/2485 2703/2689/2487 2290/2690/2488 2995/2691/2489
f 2638/2688/2486 3279/2687/2485 2995/2691/2489 2250/2692/2490
f 2248/2666/2464 2647/2693/2491 3280/2694/2492 2990/2667/2465
f 2647/2693/2491 2227/2648/2446 2991/2651/2449 3280/2694/2492
f 3280/2694/2492 2991/2651/2449 2265/2656/2454 2704/2695/2493
f 2990/2667/2465 3280/2694/2492 2704/2695/2493 2286/2670/2468
f 2250/2692/2490 2995/2691/2489 3281/2696/2494 2648/2697/2495
f 2995/2691/2489 2290/2690/2488 2711/2698/2496 3281/2696/2494
f 3281/2696/2494 2711/2698/2496 2268/2636/2434 2987/2635/2433
f 2648/2697/2495 3281/2696/2494 2987/2635/2433 2230/2634/2432
f 2571/2699/2497 3204/2700/2498 3282/2701/2499 3025/2702/2500
f 3204/2700/2498 2572/2703/2501 3027/2704/2502 3282/2701/2499
f 3282/2701/2499 3027/2704/2502 2365/2705/2503 2817/2706/2504
f 3025/2702/2500 3282/2701/2499 2817/2706/2504 2361/2707/2505
f 2570/2708/2506 3198/2709/2507 3283/2710/2508 3203/2711/2509
f 3198/2709/2507 2359/2712/2510 2799/2713/2511 3283/2710/2508
f 3283/2710/2508 2799/2713/2511 2374/2595/2393 3201/2592/2390
f 3203/2711/2509 3283/2710/2508 3201/2592/2390 2573/2591/2389
f 2559/2714/2512 3195/2715/2513 3284/2716/2514 3174/2717/2515
f 3195/2715/2513 2560/2718/2516 3021/2719/2517 3284/2716/2514
f 3284/2716/2514 3021/2719/2517 2352/2720/2518 2859/2721/2519
f 3174/2717/2515 3284/2716/2514 2859/2721/2519 2376/2722/2520
f 2563/2723/2521 3194/2724/2522 3285/2725/2523 3178/2726/2524
f 3194/2724/2522 2564/2727/2525 3029/2728/2526 3285/2725/2523
f 3285/2725/2523 3029/2728/2526 2367/2729/2527 2823/2730/2528
f 3178/2726/2524 3285/2725/2523 2823/2730/2528 2425/2731/2529
f 2564/2727/2525 3193/2732/2530 3286/2733/2531 3029/2728/2526
f 3193/2732/2530 2555/2427/2231 3171/2430/2234 3286/2733/2531
f 3286/2733/2531 3171/2430/2234 2371/2435/2239 2829/2734/2532
f 3029/2728/2526 3286/2733/2531 2829/2734/2532 2367/2729/2527
f 2565/2735/2533 3192/2736/2534 3287/2737/2535 3180/2738/2536
f 3192/2736/2534 2559/2714/2512 3174/2717/2515 3287/2737/2535
f 3287/2737/2535 3174/2717/2515 2376/2722/2520 2843/2739/2537
f 3180/2738/2536 3287/2737/2535 2843/2739/2537 2383/2740/2538
f 2392/2652/2450 2876/2741/2539 3288/2742/2540 2993/2653/2451
f 2876/2741/2539 2395/2743/2541 3051/2744/2542 3288/2742/2540
f 3288/2742/2540 3051/2744/2542 2403/2745/2543 2885/2746/2544
f 2993/2653/2451 3288/2742/2540 2885/2746/2544 2400/2654/2452
f 2562/2747/2545 3191/2748/2546 3289/2749/2547 3023/2750/2548
f 3191/2748/2546 2566/2751/2549 3031/2752/2550 3289/2749/2547
f 3289/2749/2547 3031/2752/2550 2389/2753/2551 2858/2754/2552
f 3023/2750/2548 3289/2749/2547 2858/2754/2552 2380/2755/2553
f 2566/2751/2549 3190/2756/2554 3290/2757/2555 3031/2752/2550
f 3190/2756/2554 2567/2758/2556 3182/2759/2557 3290/2757/2555
f 3290/2757/2555 3182/2759/2557 2386/2760/2558 2853/2761/2559
f 3031/2752/2550 3290/2757/2555 2853/2761/2559 2389/2753/2551
f 2326/2572/2370 3033/2571/2369 3291/2762/2560 2728/2763/2561
f 3033/2571/2369 2370/2570/2368 2809/2764/2562 3291/2762/2560
f 3291/2762/2560 2809/2764/2562 2347/2512/2316 3034/2509/2313
f 2728/2763/2561 3291/2762/2560 3034/2509/2313 2301/2508/2312
f 2567/2758/2556 3189/2765/2563 3292/2766/2564 3182/2759/2557
f 3189/2765/2563 2565/2735/2533 3180/2738/2536 3292/2766/2564
f 3292/2766/2564 3180/2738/2536 2383/2740/2538 2848/2767/2565
f 3182/2759/2557 3292/2766/2564 2848/2767/2565 2386/2760/2558
f 2560/2718/2516 3188/2768/2566 3293/2769/2567 3021/2719/2517
f 3188/2768/2566 2561/2770/2568 3022/2771/2569 3293/2769/2567
f 3293/2769/2567 3022/2771/2569 2418/2772/2570 2906/2773/2571
f 3021/2719/2517 3293/2769/2567 2906/2773/2571 2352/2720/2518
f 2570/2708/2506 3202/2774/2572 3294/2775/2573 3198/2709/2507
f 3202/2774/2572 2571/2699/2497 3025/2702/2500 3294/2775/2573
f 3294/2775/2573 3025/2702/2500 2361/2707/2505 2792/2776/2574
f 3198/2709/2507 3294/2775/2573 2792/2776/2574 2359/2712/2510
f 2558/2777/2575 3187/2778/2576 3295/2779/2577 3019/2780/2578
f 3187/2778/2576 2562/2747/2545 3023/2750/2548 3295/2779/2577
f 3295/2779/2577 3023/2750/2548 2380/2755/2553 2866/2781/2579
f 3019/2780/2578 3295/2779/2577 2866/2781/2579 2355/2782/2580
f 2568/2783/2581 3186/2784/2582 3296/2785/2583 3053/2786/2584
f 3186/2784/2582 2563/2723/2521 3178/2726/2524 3296/2785/2583
f 3296/2785/2583 3178/2726/2524 2425/2731/2529 2916/2787/2585
f 3053/2786/2584 3296/2785/2583 2916/2787/2585 2421/2788/2586
f 2409/2566/2364 3040/2565/2363 3297/2789/2587 2898/2790/2588
f 3040/2565/2363 2419/2564/2362 2915/2791/2589 3297/2789/2587
f 3297/2789/2587 2915/2791/2589 2422/2792/2589 3054/2793/2587
f 2898/2790/2588 3297/2789/2587 3054/2793/2587 2412/2794/2590
f 2242/2473/2277 2620/2795/2591 3298/2796/2592 3006/2474/2278
f 2620/2795/2591 2244/2660/2458 2981/2663/2461 3298/2796/2592
f 3298/2796/2592 2981/2663/2461 2284/2621/2419 2679/2797/2593
f 3006/2474/2278 3298/2796/2592 2679/2797/2593 2280/2475/2279
f 2561/2770/2568 3185/2798/2594 3299/2799/2595 3022/2771/2569
f 3185/2798/2594 2568/2783/2581 3053/2786/2584 3299/2799/2595
f 3299/2799/2595 3053/2786/2584 2421/2788/2586 2911/2800/2596
f 3022/2771/2569 3299/2799/2595 2911/2800/2596 2418/2772/2570
f 2395/2743/2541 2879/2801/2597 3300/2802/2598 3051/2744/2542
f 2879/2801/2597 2397/2469/2273 3007/2472/2276 3300/2802/2598
f 3300/2802/2598 3007/2472/2276 2407/2477/2281 2890/2803/2599
f 3051/2744/2542 3300/2802/2598 2890/2803/2599 2403/2745/2543
f 2335/2608/2406 2790/2804/2600 3301/2805/2601 3041/2609/2407
f 2790/2804/2600 2310/2806/2602 3037/2807/2603 3301/2805/2601
f 3301/2805/2601 3037/2807/2603 2356/2808/2604 2864/2809/2605
f 3041/2609/2407 3301/2805/2601 2864/2809/2605 2379/2610/2408
f 2412/2794/2590 3054/2793/2587 3302/2810/2587 2903/2811/2606
f 3054/2793/2587 2422/2792/2589 2918/2812/2607 3302/2810/2587
f 3302/2810/2587 2918/2812/2607 2424/2553/2351 3046/2550/2348
f 2903/2811/2606 3302/2810/2587 3046/2550/2348 2416/2549/2347
f 2528/2504/2308 3134/2813/2608 3303/2814/2609 3123/2505/2309
f 3134/2813/2608 2523/2815/2610 3118/2816/2611 3303/2814/2609
f 3303/2814/2609 3118/2816/2611 2311/2817/2612 2788/2818/2613
f 3123/2505/2309 3303/2814/2609 2788/2818/2613 2334/2506/2310
f 2534/2819/2614 3133/2820/2615 3304/2821/2616 3129/2822/2617
f 3133/2820/2615 2527/2451/2255 3122/2454/2258 3304/2821/2616
f 3304/2821/2616 3122/2454/2258 2410/2456/2260 2902/2823/2618
f 3129/2822/2617 3304/2821/2616 2902/2823/2618 2413/2824/2619
f 2530/2440/2244 3132/2825/2620 3305/2826/2621 3005/2441/2245
f 3132/2825/2620 2534/2819/2614 3129/2822/2617 3305/2826/2621
f 3305/2826/2621 3129/2822/2617 2413/2824/2619 2905/2827/2622
f 3005/2441/2245 3305/2826/2621 2905/2827/2622 2415/2442/2246
f 2232/2612/2410 2596/2828/2623 3306/2829/2624 2999/2613/2411
f 2596/2828/2623 2236/2639/2437 3000/2642/2440 3306/2829/2624
f 3306/2829/2624 3000/2642/2440 2274/2647/2445 2652/2830/2625
f 2999/2613/2411 3306/2829/2624 2652/2830/2625 2272/2616/2414
f 2579/2486/2290 3230/2485/2289 3307/2831/2626 3214/2832/2627
f 3230/2485/2289 2504/2484/2288 3090/2833/2628 3307/2831/2626
f 3307/2831/2626 3090/2833/2628 2508/2834/2629 3231/2835/2630
f 3214/2832/2627 3307/2831/2626 3231/2835/2630 2577/2836/2631
f 2446/2837/2632 3144/2838/2633 3143/2839/2634 2434/2840/2635
f 2982/2841/2636 3060/2842/2637 2454/2843/2638 2442/2844/2639
f 2461/2845/2640 3064/2846/2641 3060/2842/2637 2449/2847/2642
f 3143/2839/2634 3144/2838/2633 2536/2848/2633 2535/2849/2643
f 2554/2850/2644 3168/2851/2645 3308/2852/2646 3170/2853/2647
f 3168/2851/2645 2510/2854/2648 3093/2855/2649 3308/2852/2646
f 3308/2852/2646 3093/2855/2649 2443/2856/2650 3163/2857/2651
f 3170/2853/2647 3308/2852/2646 3163/2857/2651 2549/2858/2652
f 2427/2859/2653 3001/2860/2654 3309/2861/2655 2589/2862/2656
f 3001/2860/2654 2431/2863/2657 2933/2864/2658 3309/2861/2655
f 3309/2861/2655 2933/2864/2658 2506/2865/2659 2588/2866/2660
f 2589/2862/2656 3309/2861/2655 2588/2866/2660 2519/2867/2661
f 2452/2868/2662 3059/2869/2663 3056/2870/2664 2440/2871/2665
f 3060/2842/2637 3064/2846/2641 2466/2872/2666 2454/2843/2638
f 2455/2873/2667 3164/2874/2668 3163/2857/2651 2443/2856/2650
f 3056/2870/2664 3059/2869/2663 2445/2875/2669 2433/2876/2670
f 2458/2877/2671 3145/2878/2672 3144/2838/2633 2446/2837/2632
f 3163/2857/2651 3164/2874/2668 2550/2879/2673 2549/2858/2652
f 3716/2880/2674 3724/2881/2675 3064/2846/2641 2461/2845/2640
f 3144/2838/2633 3145/2878/2672 2537/2882/2676 2536/2848/2633
f 2464/2883/2677 3063/2884/2678 3059/2869/2663 2452/2868/2662
f 3724/2881/2675 3068/2885/2679 2478/2886/2680 3721/2887/2681
f 2467/2888/2682 3165/2889/2683 3164/2874/2668 2455/2873/2667
f 3059/2869/2663 3063/2884/2678 2457/2890/2684 2445/2875/2669
f 3713/2891/2685 3725/2892/2686 3145/2878/2672 2458/2877/2671
f 3164/2874/2668 3165/2889/2683 2551/2893/2687 2550/2879/2673
f 2490/2894/2688 3167/2895/2689 3166/2896/2690 2479/2897/2691
f 3725/2892/2686 3146/2898/2692 2538/2899/2693 3722/2900/2694
f 3712/2901/2695 3726/2902/2696 3063/2884/2678 2464/2883/2677
f 3166/2896/2690 3167/2895/2689 2553/2903/2697 2552/2904/2698
f 3719/2905/2699 3727/2906/2700 3165/2889/2683 2467/2888/2682
f 3726/2902/2696 3067/2907/2701 2469/2908/2702 3715/2909/2703
f 2481/2910/2704 3147/2911/2705 3146/2898/2692 2470/2912/2706
f 3727/2906/2700 3166/2896/2690 2552/2904/2698 3723/2913/2707
f 2484/2914/2708 3072/2915/2709 3068/2885/2679 2473/2916/2710
f 3146/2898/2692 3147/2911/2705 2539/2917/2711 2538/2899/2693
f 2487/2918/2712 3071/2919/2713 3067/2907/2701 2476/2920/2714
f 3068/2885/2679 3072/2915/2709 2491/2921/2715 2478/2886/2680
f 2439/2922/2716 2451/2923/2717 2942/2924/2718 2935/2925/2719
f 3067/2907/2701 3071/2919/2713 2482/2926/2720 2469/2908/2702
f 3684/2927/2721 3688/2928/2722 3310/2929/2723 2735/2930/2724
f 3688/2928/2722 3708/2931/2725 2816/2932/2726 3310/2929/2723
f 3310/2929/2723 2816/2932/2726 2356/2808/2604 3037/2807/2603
f 2735/2930/2724 3310/2929/2723 3037/2807/2603 2310/2806/2602
f 2540/2933/2727 3149/2934/2728 3311/2935/2729 3087/2936/2730
f 3149/2934/2728 2535/2849/2643 3055/2937/2731 3311/2935/2729
f 3311/2935/2729 3055/2937/2731 2436/2938/2732 2919/2939/2733
f 3087/2936/2730 3311/2935/2729 2919/2939/2733 2501/2482/2286
f 2523/2815/2610 3131/2940/2734 3312/2941/2735 3118/2816/2611
f 3666/2942/2736 2524/2943/2737 2985/2944/2738 3670/2945/2739
f 3670/2945/2739 2985/2944/2738 2305/2946/2740 3662/2947/2741
f 3118/2816/2611 3312/2941/2735 2740/2948/2742 2311/2817/2612
f 2554/2850/2644 3099/2949/2743 3313/2950/2744 3169/2951/2745
f 3099/2949/2743 2511/2952/2746 3094/2953/2747 3313/2950/2744
f 3313/2950/2744 3094/2953/2747 2222/2954/2748 3017/2955/2749
f 3169/2951/2745 3313/2950/2744 3017/2955/2749 2548/2956/2750
f 3709/2957/2751 3184/2958/2752 3314/2959/2753 3690/2960/2754
f 3184/2958/2752 2558/2777/2575 3019/2780/2578 3314/2959/2753
f 3314/2959/2753 3019/2780/2578 2355/2782/2580 2811/2961/2755
f 3690/2960/2754 3314/2959/2753 2811/2961/2755 3685/2962/2756
f 2233/2963/2757 2591/2964/2758 3315/2965/2759 2590/2966/2760
f 2591/2964/2758 2235/2967/2761 2592/2968/2762 3315/2965/2759
f 3315/2965/2759 2592/2968/2762 2237/2969/2763 2593/2970/2764
f 2590/2966/2760 3315/2965/2759 2593/2970/2764 2234/2971/2765
f 2234/2971/2765 2593/2970/2764 3316/2972/2766 2594/2973/2767
f 2593/2970/2764 2237/2969/2763 2595/2974/2768 3316/2972/2766
f 3316/2972/2766 2595/2974/2768 2236/2639/2437 2596/2828/2623
f 2594/2973/2767 3316/2972/2766 2596/2828/2623 2232/2612/2410
f 2582/2975/2769 3223/2976/2770 3317/2977/2771 3233/2978/2772
f 3223/2976/2770 2577/2836/2631 3231/2835/2630 3317/2977/2771
f 3317/2977/2771 3231/2835/2630 2508/2834/2629 3091/2979/2773
f 3233/2978/2772 3317/2977/2771 3091/2979/2773 2507/2980/2774
f 3682/2981/2775 2600/2982/2776 3318/2983/2777 3691/2984/2778
f 2600/2982/2776 2229/2985/2779 2601/2986/2780 3318/2983/2777
f 3318/2983/2777 2601/2986/2780 2231/2987/2781 2602/2988/2782
f 3691/2984/2778 3318/2983/2777 2602/2988/2782 3701/2989/2783
f 3701/2989/2783 2602/2988/2782 3319/2990/2784 3692/2991/2785
f 2602/2988/2782 2231/2987/2781 2604/2992/2786 3319/2990/2784
f 3319/2990/2784 2604/2992/2786 2230/2634/2432 2605/2631/2429
f 3692/2991/2785 3319/2990/2784 2605/2631/2429 3702/2630/2428
f 2235/2967/2761 2606/2993/2787 3320/2994/2788 2592/2968/2762
f 2606/2993/2787 2239/2995/2789 2607/2996/2790 3320/2994/2788
f 3320/2994/2788 2607/2996/2790 2240/2997/2791 2608/2998/2792
f 2592/2968/2762 3320/2994/2788 2608/2998/2792 2237/2969/2763
f 2237/2969/2763 2608/2998/2792 3321/2999/2793 2595/2974/2768
f 2608/2998/2792 2240/2997/2791 2609/3000/2794 3321/2999/2793
f 3321/2999/2793 2609/3000/2794 2238/2643/2441 2610/2640/2438
f 2595/2974/2768 3321/2999/2793 2610/2640/2438 2236/2639/2437
f 2398/3001/2795 2612/3002/2796 3322/3003/2797 2611/3004/2798
f 2612/3002/2796 2241/3005/2799 2613/3006/2800 3322/3003/2797
f 3322/3003/2797 2613/3006/2800 2243/3007/2801 2614/3008/2802
f 2611/3004/2798 3322/3003/2797 2614/3008/2802 2399/3009/2803
f 2399/3009/2803 2614/3008/2802 3323/3010/2804 2615/3011/2805
f 2614/3008/2802 2243/3007/2801 2616/3012/2806 3323/3010/2804
f 3323/3010/2804 2616/3012/2806 2242/2473/2277 2617/2470/2274
f 2615/3011/2805 3323/3010/2804 2617/2470/2274 2397/2469/2273
f 2241/3005/2799 2618/3013/2807 3324/3014/2808 2613/3006/2800
f 2618/3013/2807 2245/3015/2809 2597/3016/2810 3324/3014/2808
f 3324/3014/2808 2597/3016/2810 2246/3017/2811 2619/3018/2812
f 2613/3006/2800 3324/3014/2808 2619/3018/2812 2243/3007/2801
f 2243/3007/2801 2619/3018/2812 3325/3019/2813 2616/3012/2806
f 2619/3018/2812 2246/3017/2811 2598/3020/2814 3325/3019/2813
f 3325/3019/2813 2598/3020/2814 2244/2660/2458 2620/2795/2591
f 2616/3012/2806 3325/3019/2813 2620/2795/2591 2242/2473/2277
f 2248/2666/2464 2622/2669/2467 3326/3021/2815 2621/3022/2816
f 2622/2669/2467 2253/2674/2472 2623/3023/2817 3326/3021/2815
f 3326/3021/2815 2623/3023/2817 2255/3024/2818 2624/3025/2819
f 2621/3022/2816 3326/3021/2815 2624/3025/2819 2249/3026/2820
f 2249/3026/2820 2624/3025/2819 3327/3027/2821 2625/3028/2822
f 2624/3025/2819 2255/3024/2818 2626/3029/2823 3327/3027/2821
f 3327/3027/2821 2626/3029/2823 2254/3030/2824 2627/3031/2825
f 2625/3028/2822 3327/3027/2821 2627/3031/2825 2247/3032/2826
f 2253/2674/2472 2628/2676/2474 3328/3033/2827 2623/3023/2817
f 2628/2676/2474 2256/2680/2478 2629/3034/2828 3328/3033/2827
f 3328/3033/2827 2629/3034/2828 2258/3035/2829 2630/3036/2830
f 2623/3023/2817 3328/3033/2827 2630/3036/2830 2255/3024/2818
f 2255/3024/2818 2630/3036/2830 3329/3037/2831 2626/3029/2823
f 2630/3036/2830 2258/3035/2829 2631/3038/2832 3329/3037/2831
f 3329/3037/2831 2631/3038/2832 2257/3039/2833 2632/3040/2834
f 2626/3029/2823 3329/3037/2831 2632/3040/2834 2254/3030/2824
f 2256/2680/2478 2633/2682/2480 3330/3041/2835 2629/3034/2828
f 2633/2682/2480 2259/2686/2484 2634/3042/2836 3330/3041/2835
f 3330/3041/2835 2634/3042/2836 2261/3043/2837 2635/3044/2838
f 2629/3034/2828 3330/3041/2835 2635/3044/2838 2258/3035/2829
f 2258/3035/2829 2635/3044/2838 3331/3045/2839 2631/3038/2832
f 2635/3044/2838 2261/3043/2837 2636/3046/2840 3331/3045/2839
f 3331/3045/2839 2636/3046/2840 2260/3047/2841 2637/3048/2842
f 2631/3038/2832 3331/3045/2839 2637/3048/2842 2257/3039/2833
f 2259/2686/2484 2638/2688/2486 3332/3049/2843 2634/3042/2836
f 2638/2688/2486 2250/2692/2490 2639/3050/2844 3332/3049/2843
f 3332/3049/2843 2639/3050/2844 2252/3051/2845 2640/3052/2846
f 2634/3042/2836 3332/3049/2843 2640/3052/2846 2261/3043/2837
f 2261/3043/2837 2640/3052/2846 3333/3053/2847 2636/3046/2840
f 2640/3052/2846 2252/3051/2845 2641/3054/2848 3333/3053/2847
f 3333/3053/2847 2641/3054/2848 2251/3055/2849 2642/3056/2850
f 2636/3046/2840 3333/3053/2847 2642/3056/2850 2260/3047/2841
f 2247/3032/2826 2643/3057/2851 3334/3058/2852 2625/3028/2822
f 2643/3057/2851 2226/3059/2853 2644/3060/2854 3334/3058/2852
f 3334/3058/2852 2644/3060/2854 2228/3061/2855 2645/3062/2856
f 2625/3028/2822 3334/3058/2852 2645/3062/2856 2249/3026/2820
f 2249/3026/2820 2645/3062/2856 3335/3063/2857 2621/3022/2816
f 2645/3062/2856 2228/3061/2855 2646/3064/2858 3335/3063/2857
f 3335/3063/2857 2646/3064/2858 2227/2648/2446 2647/2693/2491
f 2621/3022/2816 3335/3063/2857 2647/2693/2491 2248/2666/2464
f 2250/2692/2490 2648/2697/2495 3336/3065/2859 2639/3050/2844
f 2648/2697/2495 2230/2634/2432 2604/2992/2786 3336/3065/2859
f 3336/3065/2859 2604/2992/2786 2231/2987/2781 2649/3066/2860
f 2639/3050/2844 3336/3065/2859 2649/3066/2860 2252/3051/2845
f 2252/3051/2845 2649/3066/2860 3337/3067/2861 2641/3054/2848
f 2649/3066/2860 2231/2987/2781 2601/2986/2780 3337/3067/2861
f 3337/3067/2861 2601/2986/2780 2229/2985/2779 2650/3068/2862
f 2641/3054/2848 3337/3067/2861 2650/3068/2862 2251/3055/2849
f 2272/2616/2414 2652/2830/2625 3338/3069/2863 2651/3070/2864
f 2652/2830/2625 2274/2647/2445 2653/3071/2865 3338/3069/2863
f 3338/3069/2863 2653/3071/2865 2276/3072/2866 2654/3073/2867
f 2651/3070/2864 3338/3069/2863 2654/3073/2867 2273/3074/2868
f 2273/3074/2868 2654/3073/2867 3339/3075/2869 2655/3076/2870
f 2654/3073/2867 2276/3072/2866 2656/3077/2871 3339/3075/2869
f 3339/3075/2869 2656/3077/2871 2275/3078/2872 2657/3079/2873
f 2655/3076/2870 3339/3075/2869 2657/3079/2873 2271/3080/2874
f 2582/2975/2769 3233/2978/2772 3340/3081/2875 3218/3082/2876
f 3233/2978/2772 2507/2980/2774 3092/3083/2877 3340/3081/2875
f 3340/3081/2875 3092/3083/2877 2509/3084/2878 3236/3085/2879
f 3218/3082/2876 3340/3081/2875 3236/3085/2879 2585/3086/2880
f 2510/2854/2648 3168/2851/2645 3341/3087/2881 3237/3088/2882
f 3168/2851/2645 2554/2850/2644 3169/2951/2745 3341/3087/2881
f 3341/3087/2881 3169/2951/2745 2548/2956/2750 3239/3089/2883
f 3237/3088/2882 3341/3087/2881 3239/3089/2883 2584/3090/2884
f 3683/2638/2436 2661/2637/2435 3342/3091/2885 3693/3092/2886
f 2661/2637/2435 2268/2636/2434 2662/3093/2887 3342/3091/2885
f 3342/3091/2885 2662/3093/2887 2270/3094/2888 2663/3095/2889
f 3693/3092/2886 3342/3091/2885 2663/3095/2889 3703/3096/2890
f 3703/3097/2890 2663/3098/2889 3343/3099/2891 3694/3100/2892
f 2663/3098/2889 2270/3101/2888 2665/3102/2893 3343/3099/2891
f 3343/3099/2891 2665/3102/2893 2269/3103/2894 2666/3104/2895
f 3694/3100/2892 3343/3099/2891 2666/3104/2895 3704/3105/2896
f 2274/2647/2445 2667/2646/2444 3344/3106/2897 2653/3071/2865
f 2667/2646/2444 2278/2645/2443 2668/3107/2898 3344/3106/2897
f 3344/3106/2897 2668/3107/2898 2279/3108/2899 2669/3109/2900
f 2653/3071/2865 3344/3106/2897 2669/3109/2900 2276/3072/2866
f 2276/3072/2866 2669/3109/2900 3345/3110/2901 2656/3077/2871
f 2669/3109/2900 2279/3108/2899 2670/3111/2902 3345/3110/2901
f 3345/3110/2901 2670/3111/2902 2277/3112/2903 2671/3113/2904
f 2656/3077/2871 3345/3110/2901 2671/3113/2904 2275/3078/2872
f 2407/2477/2281 2673/2476/2280 3346/3114/2905 2672/3115/2906
f 2673/2476/2280 2280/2475/2279 2674/3116/2907 3346/3114/2905
f 3346/3114/2905 2674/3116/2907 2282/3117/2908 2675/3118/2909
f 2672/3115/2906 3346/3114/2905 2675/3118/2909 2408/3119/2910
f 2408/3120/2910 2675/3121/2909 3347/3122/2911 2676/3123/2912
f 2675/3121/2909 2282/3124/2908 2677/3125/2913 3347/3122/2911
f 3347/3122/2911 2677/3125/2913 2281/3126/2914 2678/3127/2915
f 2676/3123/2912 3347/3122/2911 2678/3127/2915 2406/3128/2916
f 2280/2475/2279 2679/2797/2593 3348/3129/2917 2674/3116/2907
f 2679/2797/2593 2284/2621/2419 2658/2624/2422 3348/3129/2917
f 3348/3129/2917 2658/2624/2422 2285/2629/2427 2680/3130/2918
f 2674/3116/2907 3348/3129/2917 2680/3130/2918 2282/3117/2908
f 2282/3124/2908 2680/3131/2918 3349/3132/2919 2677/3125/2913
f 2680/3131/2918 2285/3133/2427 2659/3134/2920 3349/3132/2919
f 3349/3132/2919 2659/3134/2920 2283/3135/2921 2681/3136/2922
f 2677/3125/2913 3349/3132/2919 2681/3136/2922 2281/3126/2914
f 2287/3137/2923 2683/3138/2924 3350/3139/2925 2682/3140/2926
f 2683/3138/2924 2292/3141/2927 2684/3142/2928 3350/3139/2925
f 3350/3139/2925 2684/3142/2928 2294/3143/2929 2685/3144/2930
f 2682/3140/2926 3350/3139/2925 2685/3144/2930 2288/3145/2931
f 2288/3146/2931 2685/3147/2930 3351/3148/2932 2686/3149/2933
f 2685/3147/2930 2294/3150/2929 2687/3151/2934 3351/3148/2932
f 3351/3148/2932 2687/3151/2934 2293/2672/2470 2688/2671/2469
f 2686/3149/2933 3351/3148/2932 2688/2671/2469 2286/2670/2468
f 2292/3141/2927 2689/3152/2935 3352/3153/2936 2684/3142/2928
f 2689/3152/2935 2295/3154/2937 2690/3155/2938 3352/3153/2936
f 3352/3153/2936 2690/3155/2938 2297/3156/2939 2691/3157/2940
f 2684/3142/2928 3352/3153/2936 2691/3157/2940 2294/3143/2929
f 2294/3150/2929 2691/3158/2940 3353/3159/2941 2687/3151/2934
f 2691/3158/2940 2297/3160/2939 2692/3161/2942 3353/3159/2941
f 3353/3159/2941 2692/3161/2942 2296/2678/2476 2693/2677/2475
f 2687/3151/2934 3353/3159/2941 2693/2677/2475 2293/2672/2470
f 2295/3154/2937 2694/3162/2943 3354/3163/2944 2690/3155/2938
f 2694/3162/2943 2298/3164/2945 2695/3165/2946 3354/3163/2944
f 3354/3163/2944 2695/3165/2946 2300/3166/2947 2696/3167/2948
f 2690/3155/2938 3354/3163/2944 2696/3167/2948 2297/3156/2939
f 2297/3160/2939 2696/3168/2948 3355/3169/2949 2692/3161/2942
f 2696/3168/2948 2300/3170/2947 2697/3171/2950 3355/3169/2949
f 3355/3169/2949 2697/3171/2950 2299/2684/2482 2698/2683/2481
f 2692/3161/2942 3355/3169/2949 2698/2683/2481 2296/2678/2476
f 2298/3164/2945 2699/3172/2951 3356/3173/2952 2695/3165/2946
f 2699/3172/2951 2289/3174/2953 2700/3175/2954 3356/3173/2952
f 3356/3173/2952 2700/3175/2954 2291/3176/2955 2701/3177/2956
f 2695/3165/2946 3356/3173/2952 2701/3177/2956 2300/3166/2947
f 2300/3170/2947 2701/3178/2956 3357/3179/2957 2697/3171/2950
f 2701/3178/2956 2291/3180/2955 2702/3181/2958 3357/3179/2957
f 3357/3179/2957 2702/3181/2958 2290/2690/2488 2703/2689/2487
f 2697/3171/2950 3357/3179/2957 2703/2689/2487 2299/2684/2482
f 2286/2670/2468 2704/2695/2493 3358/3182/2959 2686/3149/2933
f 2704/2695/2493 2265/2656/2454 2705/3183/2960 3358/3182/2959
f 3358/3182/2959 2705/3183/2960 2267/3184/2961 2706/3185/2962
f 2686/3149/2933 3358/3182/2959 2706/3185/2962 2288/3146/2931
f 2288/3145/2931 2706/3186/2962 3359/3187/2963 2682/3140/2926
f 2706/3186/2962 2267/3188/2961 2707/3189/2964 3359/3187/2963
f 3359/3187/2963 2707/3189/2964 2266/3190/2965 2708/3191/2966
f 2682/3140/2926 3359/3187/2963 2708/3191/2966 2287/3137/2923
f 2289/3174/2953 2709/3192/2967 3360/3193/2968 2700/3175/2954
f 2709/3192/2967 2269/3103/2894 2665/3102/2893 3360/3193/2968
f 3360/3193/2968 2665/3102/2893 2270/3101/2888 2710/3194/2969
f 2700/3175/2954 3360/3193/2968 2710/3194/2969 2291/3176/2955
f 2291/3180/2955 2710/3195/2969 3361/3196/2970 2702/3181/2958
f 2710/3195/2969 2270/3094/2888 2662/3093/2887 3361/3196/2970
f 3361/3196/2970 2662/3093/2887 2268/2636/2434 2711/2698/2496
f 2702/3181/2958 3361/3196/2970 2711/2698/2496 2290/2690/2488
f 2585/3197/2880 3236/3198/2879 3362/3199/2971 3221/3200/2972
f 3236/3198/2879 2509/3201/2878 3096/3202/2973 3362/3199/2971
f 3362/3199/2971 3096/3202/2973 2510/2854/2648 3237/3088/2882
f 3221/3200/2972 3362/3199/2971 3237/3088/2882 2584/3090/2884
f 2285/3133/2427 3235/3203/2426 3363/3204/2974 2659/3134/2920
f 3235/3203/2426 2586/3205/2425 3222/3206/2975 3363/3204/2974
f 3363/3204/2974 3222/3206/2975 2583/3207/2976 3238/3208/2977
f 2659/3134/2920 3363/3204/2974 3238/3208/2977 2283/3135/2921
f 2314/2573/2371 2716/2576/2374 3364/3209/2978 2715/3210/2979
f 2716/2576/2374 2316/2581/2379 2717/3211/2980 3364/3209/2978
f 3364/3209/2978 2717/3211/2980 2318/3212/2981 2718/3213/2982
f 2715/3210/2979 3364/3209/2978 2718/3213/2982 2315/3214/2983
f 2315/3215/2983 2718/3216/2982 3365/3217/2984 2719/3218/2985
f 2718/3216/2982 2318/3219/2981 2720/3220/2986 3365/3217/2984
f 3365/3217/2984 2720/3220/2986 2317/2468/2272 2721/2467/2271
f 2719/3218/2985 3365/3217/2984 2721/2467/2271 2313/2408/2212
f 2329/2587/2385 2723/2589/2387 3366/3221/2987 2722/3222/2988
f 2723/2589/2387 2314/2573/2371 2715/3210/2979 3366/3221/2987
f 3366/3221/2987 2715/3210/2979 2315/3214/2983 2724/3223/2989
f 2722/3222/2988 3366/3221/2987 2724/3223/2989 2330/3224/2990
f 2330/3225/2990 2724/3226/2989 3367/3227/2991 2725/3228/2992
f 2724/3226/2989 2315/3215/2983 2719/3218/2985 3367/3227/2991
f 3367/3227/2991 2719/3218/2985 2313/2408/2212 2726/2407/2211
f 2725/3228/2992 3367/3227/2991 2726/2407/2211 2328/2406/2210
f 2326/2572/2370 2728/2763/2561 3368/3229/2993 2727/3230/2994
f 2728/2763/2561 2301/2508/2312 2729/3231/2995 3368/3229/2993
f 3368/3229/2993 2729/3231/2995 2303/3232/2996 2730/3233/2997
f 2727/3230/2994 3368/3229/2993 2730/3233/2997 2327/3234/2998
f 2327/3235/2998 2730/3236/2997 3369/3237/2999 2731/3238/3000
f 2730/3236/2997 2303/3239/2996 2732/3240/3001 3369/3237/2999
f 3369/3237/2999 2732/3240/3001 2302/2545/2344 2733/3241/3002
f 2731/3238/3000 3369/3237/2999 2733/3241/3002 2325/2462/2266
f 3684/2927/2721 2735/2930/2724 3370/3242/3003 3695/3243/3004
f 2735/2930/2724 2310/2806/2602 2736/3244/3005 3370/3242/3003
f 3370/3242/3003 2736/3244/3005 2312/3245/3006 2737/3246/3007
f 3695/3243/3004 3370/3242/3003 2737/3246/3007 3705/3247/3008
f 3705/3248/3008 2737/3249/3007 3371/3250/3009 3696/3251/3010
f 2737/3249/3007 2312/3252/3006 2739/3253/3011 3371/3250/3009
f 3371/3250/3009 2739/3253/3011 2311/2817/2612 2740/2948/2742
f 3696/3251/3010 3371/3250/3009 2740/2948/2742 3706/3254/3012
f 2316/2581/2379 2741/2601/2399 3372/3255/3013 2717/3211/2980
f 2741/2601/2399 2320/2605/2403 2742/3256/3014 3372/3255/3013
f 3372/3255/3013 2742/3256/3014 2321/3257/3015 2743/3258/3016
f 2717/3211/2980 3372/3255/3013 2743/3258/3016 2318/3212/2981
f 2318/3219/2981 2743/3259/3016 3373/3260/3017 2720/3220/2986
f 2743/3259/3016 2321/3261/3015 2744/3262/3018 3373/3260/3017
f 3373/3260/3017 2744/3262/3018 2319/2501/2305 2745/2500/2304
f 2720/3220/2986 3373/3260/3017 2745/2500/2304 2317/2468/2272
f 2416/2549/2347 2747/2552/2350 3374/3263/3019 2746/3264/3020
f 2747/2552/2350 2322/2557/2355 2748/3265/3021 3374/3263/3019
f 3374/3263/3019 2748/3265/3021 2324/3266/3022 2749/3267/3023
f 2746/3264/3020 3374/3263/3019 2749/3267/3023 2417/3268/3024
f 2417/3269/3024 2749/3270/3023 3375/3271/3025 2750/3272/3026
f 2749/3270/3023 2324/3273/3022 2751/3274/3027 3375/3271/3025
f 3375/3271/3025 2751/3274/3027 2323/2444/2248 2752/2443/2247
f 2750/3272/3026 3375/3271/3025 2752/2443/2247 2415/2442/2246
f 2322/2557/2355 2753/2568/2366 3376/3275/3028 2748/3265/3021
f 2753/2568/2366 2326/2572/2370 2727/3230/2994 3376/3275/3028
f 3376/3275/3028 2727/3230/2994 2327/3234/2998 2754/3276/3029
f 2748/3265/3021 3376/3275/3028 2754/3276/3029 2324/3266/3022
f 2324/3273/3022 2754/3277/3029 3377/3278/3030 2751/3274/3027
f 2754/3277/3029 2327/3235/2998 2731/3238/3000 3377/3278/3030
f 3377/3278/3030 2731/3238/3000 2325/2462/2266 2755/2461/2265
f 2751/3274/3027 3377/3278/3030 2755/2461/2265 2323/2444/2248
f 2494/2519/2320 2757/2583/2381 3378/3279/3031 2756/3280/3032
f 2757/2583/2381 2329/2587/2385 2722/3222/2988 3378/3279/3031
f 3378/3279/3031 2722/3222/2988 2330/3224/2990 2758/3281/3033
f 2756/3280/3032 3378/3279/3031 2758/3281/3033 2495/3282/3034
f 2495/3283/3034 2758/3284/3033 3379/3285/3035 2759/3286/3036
f 2758/3284/3033 2330/3225/2990 2725/3228/2992 3379/3285/3035
f 3379/3285/3035 2725/3228/2992 2328/2406/2210 2760/3287/3037
f 2759/3286/3036 3379/3285/3035 2760/3287/3037 2493/2547/2346
f 2332/2424/2228 2762/2659/2457 3380/3288/3038 2761/3289/3039
f 2762/2659/2457 2337/2450/2254 2763/3290/3040 3380/3288/3038
f 3380/3288/3038 2763/3290/3040 2339/3291/3041 2764/3292/3042
f 2761/3289/3039 3380/3288/3038 2764/3292/3042 2333/3293/3043
f 2333/3294/3043 2764/3295/3042 3381/3296/3044 2765/3297/3045
f 2764/3295/3042 2339/3298/3041 2766/3299/3046 3381/3296/3044
f 3381/3296/3044 2766/3299/3046 2338/2491/2295 2767/2488/2292
f 2765/3297/3045 3381/3296/3044 2767/2488/2292 2331/2487/2291
f 2337/2450/2254 2768/2449/2253 3382/3300/3047 2763/3290/3040
f 2768/2449/2253 2340/2417/2221 2769/3301/3048 3382/3300/3047
f 3382/3300/3047 2769/3301/3048 2342/3302/3049 2770/3303/3050
f 2763/3290/3040 3382/3300/3047 2770/3303/3050 2339/3291/3041
f 2339/3298/3041 2770/3304/3050 3383/3305/3051 2766/3299/3046
f 2770/3304/3050 2342/3306/3049 2771/3307/3052 3383/3305/3051
f 3383/3305/3051 2771/3307/3052 2341/2520/2321 2772/2558/2356
f 2766/3299/3046 3383/3305/3051 2772/2558/2356 2338/2491/2295
f 2340/2417/2221 2773/2416/2220 3384/3308/3053 2769/3301/3048
f 2773/2416/2220 2343/2415/2219 2774/3309/3054 3384/3308/3053
f 3384/3308/3053 2774/3309/3054 2345/3310/3055 2775/3311/3056
f 2769/3301/3048 3384/3308/3053 2775/3311/3056 2342/3302/3049
f 2342/3306/3049 2775/3312/3056 3385/3313/3057 2771/3307/3052
f 2775/3312/3056 2345/3314/3055 2776/3315/3058 3385/3313/3057
f 3385/3313/3057 2776/3315/3058 2344/2524/2325 2777/2521/2322
f 2771/3307/3052 3385/3313/3057 2777/2521/2322 2341/2520/2321
f 2343/2415/2219 2778/2507/2311 3386/3316/3059 2774/3309/3054
f 2778/2507/2311 2334/2506/2310 2779/3317/3060 3386/3316/3059
f 3386/3316/3059 2779/3317/3060 2336/3318/3061 2780/3319/3062
f 2774/3309/3054 3386/3316/3059 2780/3319/3062 2345/3310/3055
f 2345/3314/3055 2780/3320/3062 3387/3321/3063 2776/3315/3058
f 2780/3320/3062 2336/3322/3061 2781/3323/3064 3387/3321/3063
f 3387/3321/3063 2781/3323/3064 2335/2608/2406 2782/2606/2404
f 2776/3315/3058 3387/3321/3063 2782/2606/2404 2344/2524/2325
f 2331/2487/2291 2783/2530/2331 3388/3324/3065 2765/3297/3045
f 2783/2530/2331 2307/2534/2335 2784/3325/3066 3388/3324/3065
f 3388/3324/3065 2784/3325/3066 2309/3326/3067 2785/3327/3068
f 2765/3297/3045 3388/3324/3065 2785/3327/3068 2333/3294/3043
f 2333/3293/3043 2785/3328/3068 3389/3329/3069 2761/3289/3039
f 2785/3328/3068 2309/3330/3067 2786/3331/3070 3389/3329/3069
f 3389/3329/3069 2786/3331/3070 2308/2426/2230 2787/2425/2229
f 2761/3289/3039 3389/3329/3069 2787/2425/2229 2332/2424/2228
f 2334/2506/2310 2788/2818/2613 3390/3332/3071 2779/3317/3060
f 2788/2818/2613 2311/2817/2612 2739/3253/3011 3390/3332/3071
f 3390/3332/3071 2739/3253/3011 2312/3252/3006 2789/3333/3072
f 2779/3317/3060 3390/3332/3071 2789/3333/3072 2336/3318/3061
f 2336/3322/3061 2789/3334/3072 3391/3335/3073 2781/3323/3064
f 2789/3334/3072 2312/3245/3006 2736/3244/3005 3391/3335/3073
f 3391/3335/3073 2736/3244/3005 2310/2806/2602 2790/2804/2600
f 2781/3323/3064 3391/3335/3073 2790/2804/2600 2335/2608/2406
f 2359/2712/2510 2792/2776/2574 3392/3336/3074 2791/3337/3075
f 2792/2776/2574 2361/2707/2505 2793/3338/3076 3392/3336/3074
f 3392/3336/3074 2793/3338/3076 2363/3339/3077 2794/3340/3078
f 2791/3337/3075 3392/3336/3074 2794/3340/3078 2360/3341/3079
f 2360/3341/3079 2794/3340/3078 3393/3342/3080 2795/3343/3081
f 2794/3340/3078 2363/3339/3077 2796/3344/3082 3393/3342/3080
f 3393/3342/3080 2796/3344/3082 2362/2579/2377 2797/2578/2376
f 2795/3343/3081 3393/3342/3080 2797/2578/2376 2358/2577/2375
f 2374/2595/2393 2799/2713/2511 3394/3345/3083 2798/3346/3084
f 2799/2713/2511 2359/2712/2510 2791/3337/3075 3394/3345/3083
f 3394/3345/3083 2791/3337/3075 2360/3341/3079 2800/3347/3085
f 2798/3346/3084 3394/3345/3083 2800/3347/3085 2375/3348/3086
f 2375/3348/3086 2800/3347/3085 3395/3349/3087 2801/3350/3088
f 2800/3347/3085 2360/3341/3079 2795/3343/3081 3395/3349/3087
f 3395/3349/3087 2795/3343/3081 2358/2577/2375 2802/2590/2388
f 2801/3350/3088 3395/3349/3087 2802/2590/2388 2373/2585/2383
f 2371/2435/2239 2804/2434/2238 3396/3351/3089 2803/3352/3090
f 2804/2434/2238 2346/2433/2237 2805/3353/3091 3396/3351/3089
f 3396/3351/3089 2805/3353/3091 2348/3354/3092 2806/3355/3093
f 2803/3352/3090 3396/3351/3089 2806/3355/3093 2372/3356/3094
f 2372/3356/3094 2806/3355/3093 3397/3357/3095 2807/3358/3096
f 2806/3355/3093 2348/3354/3092 2808/3359/3097 3397/3357/3095
f 3397/3357/3095 2808/3359/3097 2347/2512/2316 2809/2764/2562
f 2807/3358/3096 3397/3357/3095 2809/2764/2562 2370/2570/2368
f 3685/2962/2756 2811/2961/2755 3398/3360/3098 3697/3361/3099
f 2811/2961/2755 2355/2782/2580 2812/3362/3100 3398/3360/3098
f 3398/3360/3098 2812/3362/3100 2357/3363/3101 2813/3364/3102
f 3697/3361/3099 3398/3360/3098 2813/3364/3102 3707/3365/3103
f 3707/3365/3103 2813/3364/3102 3399/3366/3104 3698/3367/3105
f 2813/3364/3102 2357/3363/3101 2815/3368/3106 3399/3366/3104
f 3399/3366/3104 2815/3368/3106 2356/2808/2604 2816/2932/2726
f 3698/3367/3105 3399/3366/3104 2816/2932/2726 3708/2931/2725
f 2361/2707/2505 2817/2706/2504 3400/3369/3107 2793/3338/3076
f 2817/2706/2504 2365/2705/2503 2818/3370/3108 3400/3369/3107
f 3400/3369/3107 2818/3370/3108 2366/3371/3109 2819/3372/3110
f 2793/3338/3076 3400/3369/3107 2819/3372/3110 2363/3339/3077
f 2363/3339/3077 2819/3372/3110 3401/3373/3111 2796/3344/3082
f 2819/3372/3110 2366/3371/3109 2820/3374/3112 3401/3373/3111
f 3401/3373/3111 2820/3374/3112 2364/2603/2401 2821/2602/2400
f 2796/3344/3082 3401/3373/3111 2821/2602/2400 2362/2579/2377
f 2425/2731/2529 2823/2730/2528 3402/3375/3113 2822/3376/3114
f 2823/2730/2528 2367/2729/2527 2824/3377/3115 3402/3375/3113
f 3402/3375/3113 2824/3377/3115 2369/3378/3116 2825/3379/3117
f 2822/3376/3114 3402/3375/3113 2825/3379/3117 2426/3380/3118
f 2426/3380/3118 2825/3379/3117 3403/3381/3119 2826/3382/3120
f 2825/3379/3117 2369/3378/3116 2827/3383/3121 3403/3381/3119
f 3403/3381/3119 2827/3383/3121 2368/2555/2353 2828/2554/2352
f 2826/3382/3120 3403/3381/3119 2828/2554/2352 2424/2553/2351
f 2367/2729/2527 2829/2734/2532 3404/3384/3122 2824/3377/3115
f 2829/2734/2532 2371/2435/2239 2803/3352/3090 3404/3384/3122
f 3404/3384/3122 2803/3352/3090 2372/3356/3094 2830/3385/3123
f 2824/3377/3115 3404/3384/3122 2830/3385/3123 2369/3378/3116
f 2369/3378/3116 2830/3385/3123 3405/3386/3124 2827/3383/3121
f 2830/3385/3123 2372/3356/3094 2807/3358/3096 3405/3386/3124
f 3405/3386/3124 2807/3358/3096 2370/2570/2368 2831/2569/2367
f 2827/3383/3121 3405/3386/3124 2831/2569/2367 2368/2555/2353
f 2497/2597/2395 2833/2596/2394 3406/3387/3125 2832/3388/3126
f 2833/2596/2394 2374/2595/2393 2798/3346/3084 3406/3387/3125
f 3406/3387/3125 2798/3346/3084 2375/3348/3086 2834/3389/3127
f 2832/3388/3126 3406/3387/3125 2834/3389/3127 2498/3390/3128
f 2498/3390/3128 2834/3389/3127 3407/3391/3129 2835/3392/3130
f 2834/3389/3127 2375/3348/3086 2801/3350/3088 3407/3391/3129
f 3407/3391/3129 2801/3350/3088 2373/2585/2383 2836/2584/2382
f 2835/3392/3130 3407/3391/3129 2836/2584/2382 2496/2516/2318
f 2377/2495/2299 2838/2494/2298 3408/3393/3131 2837/3394/3132
f 2838/2494/2298 2382/2493/2297 2839/3395/3133 3408/3393/3131
f 3408/3393/3131 2839/3395/3133 2384/3396/3134 2840/3397/3135
f 2837/3394/3132 3408/3393/3131 2840/3397/3135 2378/3398/3136
f 2378/3398/3136 2840/3397/3135 3409/3399/3137 2841/3400/3138
f 2840/3397/3135 2384/3396/3134 2842/3401/3139 3409/3399/3137
f 3409/3399/3137 2842/3401/3139 2383/2740/2538 2843/2739/2537
f 2841/3400/3138 3409/3399/3137 2843/2739/2537 2376/2722/2520
f 2382/2493/2297 2844/2560/2358 3410/3402/3140 2839/3395/3133
f 2844/2560/2358 2385/2528/2329 2845/3403/3141 3410/3402/3140
f 3410/3402/3140 2845/3403/3141 2387/3404/3142 2846/3405/3143
f 2839/3395/3133 3410/3402/3140 2846/3405/3143 2384/3396/3134
f 2384/3396/3134 2846/3405/3143 3411/3406/3144 2842/3401/3139
f 2846/3405/3143 2387/3404/3142 2847/3407/3145 3411/3406/3144
f 3411/3406/3144 2847/3407/3145 2386/2760/2558 2848/2767/2565
f 2842/3401/3139 3411/3406/3144 2848/2767/2565 2383/2740/2538
f 2385/2528/2329 2849/2527/2328 3412/3408/3146 2845/3403/3141
f 2849/2527/2328 2388/2526/2327 2850/3409/3147 3412/3408/3146
f 3412/3408/3146 2850/3409/3147 2390/3410/3148 2851/3411/3149
f 2845/3403/3141 3412/3408/3146 2851/3411/3149 2387/3404/3142
f 2387/3404/3142 2851/3411/3149 3413/3412/3150 2847/3407/3145
f 2851/3411/3149 2390/3410/3148 2852/3413/3151 3413/3412/3150
f 3413/3412/3150 2852/3413/3151 2389/2753/2551 2853/2761/2559
f 2847/3407/3145 3413/3412/3150 2853/2761/2559 2386/2760/2558
f 2388/2526/2327 2854/2611/2409 3414/3414/3152 2850/3409/3147
f 2854/2611/2409 2379/2610/2408 2855/3415/3153 3414/3414/3152
f 3414/3414/3152 2855/3415/3153 2381/3416/3154 2856/3417/3155
f 2850/3409/3147 3414/3414/3152 2856/3417/3155 2390/3410/3148
f 2390/3410/3148 2856/3417/3155 3415/3418/3156 2852/3413/3151
f 2856/3417/3155 2381/3416/3154 2857/3419/3157 3415/3418/3156
f 3415/3418/3156 2857/3419/3157 2380/2755/2553 2858/2754/2552
f 2852/3413/3151 3415/3418/3156 2858/2754/2552 2389/2753/2551
f 2376/2722/2520 2859/2721/2519 3416/3420/3158 2841/3400/3138
f 2859/2721/2519 2352/2720/2518 2860/3421/3159 3416/3420/3158
f 3416/3420/3158 2860/3421/3159 2354/3422/3160 2861/3423/3161
f 2841/3400/3138 3416/3420/3158 2861/3423/3161 2378/3398/3136
f 2378/3398/3136 2861/3423/3161 3417/3424/3162 2837/3394/3132
f 2861/3423/3161 2354/3422/3160 2862/3425/3163 3417/3424/3162
f 3417/3424/3162 2862/3425/3163 2353/2532/2333 2863/2531/2332
f 2837/3394/3132 3417/3424/3162 2863/2531/2332 2377/2495/2299
f 2379/2610/2408 2864/2809/2605 3418/3426/3164 2855/3415/3153
f 2864/2809/2605 2356/2808/2604 2815/3368/3106 3418/3426/3164
f 3418/3426/3164 2815/3368/3106 2357/3363/3101 2865/3427/3165
f 2855/3415/3153 3418/3426/3164 2865/3427/3165 2381/3416/3154
f 2381/3416/3154 2865/3427/3165 3419/3428/3166 2857/3419/3157
f 2865/3427/3165 2357/3363/3101 2812/3362/3100 3419/3428/3166
f 3419/3428/3166 2812/3362/3100 2355/2782/2580 2866/2781/2579
f 2857/3419/3157 3419/3428/3166 2866/2781/2579 2380/2755/2553
f 2226/3059/2853 2867/3429/3167 3420/3430/3168 2644/3060/2854
f 2867/3429/3167 2391/3431/3169 2868/3432/3170 3420/3430/3168
f 3420/3430/3168 2868/3432/3170 2393/3433/3171 2869/3434/3172
f 2644/3060/2854 3420/3430/3168 2869/3434/3172 2228/3061/2855
f 2228/3061/2855 2869/3434/3172 3421/3435/3173 2646/3064/2858
f 2869/3434/3172 2393/3433/3171 2870/3436/3174 3421/3435/3173
f 3421/3435/3173 2870/3436/3174 2392/2652/2450 2871/2649/2447
f 2646/3064/2858 3421/3435/3173 2871/2649/2447 2227/2648/2446
f 2391/3431/3169 2872/3437/3175 3422/3438/3176 2868/3432/3170
f 2872/3437/3175 2394/3439/3177 2873/3440/3178 3422/3438/3176
f 3422/3438/3176 2873/3440/3178 2396/3441/3179 2874/3442/3180
f 2868/3432/3170 3422/3438/3176 2874/3442/3180 2393/3433/3171
f 2393/3433/3171 2874/3442/3180 3423/3443/3181 2870/3436/3174
f 2874/3442/3180 2396/3441/3179 2875/3444/3182 3423/3443/3181
f 3423/3443/3181 2875/3444/3182 2395/2743/2541 2876/2741/2539
f 2870/3436/3174 3423/3443/3181 2876/2741/2539 2392/2652/2450
f 2394/3439/3177 2877/3445/3183 3424/3446/3184 2873/3440/3178
f 2877/3445/3183 2398/3001/2795 2611/3004/2798 3424/3446/3184
f 3424/3446/3184 2611/3004/2798 2399/3009/2803 2878/3447/3185
f 2873/3440/3178 3424/3446/3184 2878/3447/3185 2396/3441/3179
f 2396/3441/3179 2878/3447/3185 3425/3448/3186 2875/3444/3182
f 2878/3447/3185 2399/3009/2803 2615/3011/2805 3425/3448/3186
f 3425/3448/3186 2615/3011/2805 2397/2469/2273 2879/2801/2597
f 2875/3444/3182 3425/3448/3186 2879/2801/2597 2395/2743/2541
f 2265/2656/2454 2880/2655/2453 3426/3449/3187 2705/3183/2960
f 2880/2655/2453 2400/2654/2452 2881/3450/3188 3426/3449/3187
f 3426/3449/3187 2881/3450/3188 2402/3451/3189 2882/3452/3190
f 2705/3183/2960 3426/3449/3187 2882/3452/3190 2267/3184/2961
f 2267/3188/2961 2882/3453/3190 3427/3454/3191 2707/3189/2964
f 2882/3453/3190 2402/3455/3189 2883/3456/3192 3427/3454/3191
f 3427/3454/3191 2883/3456/3192 2401/3457/3193 2884/3458/3194
f 2707/3189/2964 3427/3454/3191 2884/3458/3194 2266/3190/2965
f 2400/2654/2452 2885/2746/2544 3428/3459/3195 2881/3450/3188
f 2885/2746/2544 2403/2745/2543 2886/3460/3196 3428/3459/3195
f 3428/3459/3195 2886/3460/3196 2405/3461/3197 2887/3462/3198
f 2881/3450/3188 3428/3459/3195 2887/3462/3198 2402/3451/3189
f 2402/3455/3189 2887/3463/3198 3429/3464/3199 2883/3456/3192
f 2887/3463/3198 2405/3465/3197 2888/3466/3200 3429/3464/3199
f 3429/3464/3199 2888/3466/3200 2404/3467/3201 2889/3468/3202
f 2883/3456/3192 3429/3464/3199 2889/3468/3202 2401/3457/3193
f 2403/2745/2543 2890/2803/2599 3430/3469/3203 2886/3460/3196
f 2890/2803/2599 2407/2477/2281 2672/3115/2906 3430/3469/3203
f 3430/3469/3203 2672/3115/2906 2408/3119/2910 2891/3470/3204
f 2886/3460/3196 3430/3469/3203 2891/3470/3204 2405/3461/3197
f 2405/3465/3197 2891/3471/3204 3431/3472/3205 2888/3466/3200
f 2891/3471/3204 2408/3120/2910 2676/3123/2912 3431/3472/3205
f 3431/3472/3205 2676/3123/2912 2406/3128/2916 2892/3473/3206
f 2888/3466/3200 3431/3472/3205 2892/3473/3206 2404/3467/3201
f 2307/2534/2335 2893/2562/2360 3432/3474/3207 2784/3325/3066
f 2893/2562/2360 2409/2566/2364 2894/3475/3208 3432/3474/3207
f 3432/3474/3207 2894/3475/3208 2411/3476/3209 2895/3477/3210
f 2784/3325/3066 3432/3474/3207 2895/3477/3210 2309/3326/3067
f 2309/3330/3067 2895/3478/3210 3433/3479/3211 2786/3331/3070
f 2895/3478/3210 2411/3480/3209 2896/3481/3212 3433/3479/3211
f 3433/3479/3211 2896/3481/3212 2410/2456/2260 2897/2455/2259
f 2786/3331/3070 3433/3479/3211 2897/2455/2259 2308/2426/2230
f 2409/2566/2364 2898/2790/2588 3434/3482/3213 2894/3475/3208
f 2898/2790/2588 2412/2794/2590 2899/3483/3214 3434/3482/3213
f 3434/3482/3213 2899/3483/3214 2414/3484/3215 2900/3485/3216
f 2894/3475/3208 3434/3482/3213 2900/3485/3216 2411/3476/3209
f 2411/3480/3209 2900/3486/3216 3435/3487/3217 2896/3481/3212
f 2900/3486/3216 2414/3488/3215 2901/3489/3218 3435/3487/3217
f 3435/3487/3217 2901/3489/3218 2413/2824/2619 2902/2823/2618
f 2896/3481/3212 3435/3487/3217 2902/2823/2618 2410/2456/2260
f 2412/2794/2590 2903/2811/2606 3436/3490/3219 2899/3483/3214
f 2903/2811/2606 2416/2549/2347 2746/3264/3020 3436/3490/3219
f 3436/3490/3219 2746/3264/3020 2417/3268/3024 2904/3491/3220
f 2899/3483/3214 3436/3490/3219 2904/3491/3220 2414/3484/3215
f 2414/3488/3215 2904/3492/3220 3437/3493/3221 2901/3489/3218
f 2904/3492/3220 2417/3269/3024 2750/3272/3026 3437/3493/3221
f 3437/3493/3221 2750/3272/3026 2415/2442/2246 2905/2827/2622
f 2901/3489/3218 3437/3493/3221 2905/2827/2622 2413/2824/2619
f 2352/2720/2518 2906/2773/2571 3438/3494/3222 2860/3421/3159
f 2906/2773/2571 2418/2772/2570 2907/3495/3223 3438/3494/3222
f 3438/3494/3222 2907/3495/3223 2420/3496/3224 2908/3497/3225
f 2860/3421/3159 3438/3494/3222 2908/3497/3225 2354/3422/3160
f 2354/3422/3160 2908/3497/3225 3439/3498/3226 2862/3425/3163
f 2908/3497/3225 2420/3496/3224 2909/3499/3227 3439/3498/3226
f 3439/3498/3226 2909/3499/3227 2419/2564/2362 2910/2563/2361
f 2862/3425/3163 3439/3498/3226 2910/2563/2361 2353/2532/2333
f 2418/2772/2570 2911/2800/2596 3440/3500/3228 2907/3495/3223
f 2911/2800/2596 2421/2788/2586 2912/3501/3229 3440/3500/3228
f 3440/3500/3228 2912/3501/3229 2423/3502/3230 2913/3503/3231
f 2907/3495/3223 3440/3500/3228 2913/3503/3231 2420/3496/3224
f 2420/3496/3224 2913/3503/3231 3441/3504/3232 2909/3499/3227
f 2913/3503/3231 2423/3502/3230 2914/3505/3233 3441/3504/3232
f 3441/3504/3232 2914/3505/3233 2422/2792/2589 2915/2791/2589
f 2909/3499/3227 3441/3504/3232 2915/2791/2589 2419/2564/2362
f 2421/2788/2586 2916/2787/2585 3442/3506/3234 2912/3501/3229
f 2916/2787/2585 2425/2731/2529 2822/3376/3114 3442/3506/3234
f 3442/3506/3234 2822/3376/3114 2426/3380/3118 2917/3507/3235
f 2912/3501/3229 3442/3506/3234 2917/3507/3235 2423/3502/3230
f 2423/3502/3230 2917/3507/3235 3443/3508/3236 2914/3505/3233
f 2917/3507/3235 2426/3380/3118 2826/3382/3120 3443/3508/3236
f 3443/3508/3236 2826/3382/3120 2424/2553/2351 2918/2812/2607
f 2914/3505/3233 3443/3508/3236 2918/2812/2607 2422/2792/2589
f 2540/2933/2727 3087/2936/2730 3444/3509/3237 3150/3510/3238
f 3087/2936/2730 2501/2482/2286 3229/2479/2283 3444/3509/3237
f 3444/3509/3237 3229/2479/2283 2575/2478/2282 3228/3511/3239
f 3150/3510/3238 3444/3509/3237 3228/3511/3239 2541/3512/3240
f 2246/3017/2811 3227/3513/3241 3445/3514/3242 2598/3020/2814
f 3227/3513/3241 2580/3515/3243 3216/3516/3244 3445/3514/3242
f 3445/3514/3242 3216/3516/3244 2578/2664/2462 3232/2661/2459
f 2598/3020/2814 3445/3514/3242 3232/2661/2459 2244/2660/2458
f 2271/3080/2874 3106/3517/3245 3446/3518/3246 2655/3076/2870
f 3106/3517/3245 2516/3519/3247 3109/3520/3248 3446/3518/3246
f 3446/3518/3246 3109/3520/3248 2517/3521/3249 2924/3522/3250
f 2655/3076/2870 3446/3518/3246 2924/3522/3250 2273/3074/2868
f 2273/3074/2868 2924/3522/3250 3447/3523/3251 2651/3070/2864
f 2924/3522/3250 2517/3521/3249 3112/3524/3252 3447/3523/3251
f 3447/3523/3251 3112/3524/3252 2518/2618/2416 2926/2617/2415
f 2651/3070/2864 3447/3523/3251 2926/2617/2415 2272/2616/2414
f 2428/3525/3253 3102/3526/3254 3448/3527/3255 2927/3528/3256
f 3102/3526/3254 2515/3529/3257 3103/3530/3258 3448/3527/3255
f 3448/3527/3255 3103/3530/3258 2513/3531/3259 2929/3532/3260
f 2927/3528/3256 3448/3527/3255 2929/3532/3260 2429/3533/3261
f 2429/3533/3261 2929/3532/3260 3449/3534/3262 2930/3535/3263
f 2929/3532/3260 2513/3531/3259 3105/3536/3264 3449/3534/3262
f 3449/3534/3262 3105/3536/3264 2514/2620/2418 2931/3537/3265
f 2930/3535/3263 3449/3534/3262 2931/3537/3265 2427/2859/2653
f 2440/2871/2665 3074/3538/3266 3450/3539/3267 2932/3540/3268
f 3074/3538/3266 2499/3541/3269 3086/3542/3270 3450/3539/3267
f 3450/3539/3267 3086/3542/3270 2500/3543/3271 2934/3544/3272
f 2932/3540/3268 3450/3539/3267 2934/3544/3272 2441/3545/3273
f 2441/3545/3273 2934/3544/3272 3451/3546/3274 2935/2925/2719
f 2934/3544/3272 2500/3543/3271 3098/3547/3275 3451/3546/3274
f 3451/3546/3274 3098/3547/3275 2511/2952/2746 2936/3548/3276
f 2935/2925/2719 3451/3546/3274 2936/3548/3276 2439/2922/2716
f 2434/2840/2635 3077/3549/3277 3452/3550/3278 2937/3551/3279
f 3077/3549/3277 2503/3552/3280 3081/3553/3281 3452/3550/3278
f 3452/3550/3278 3081/3553/3281 2505/3554/3282 2939/3555/3283
f 2937/3551/3279 3452/3550/3278 2939/3555/3283 2435/3556/3284
f 2435/3556/3284 2939/3555/3283 3453/3557/3285 2940/3558/3286
f 2939/3555/3283 2505/3554/3282 3083/3559/3287 3453/3557/3285
f 3453/3557/3285 3083/3559/3287 2502/3560/3288 2941/3561/3289
f 2940/3558/3286 3453/3557/3285 2941/3561/3289 2433/2876/2670
f 2935/2925/2719 2942/2924/2718 2453/3562/3290 2441/3545/3273
f 2453/3562/3290 2943/3563/3291 2932/3540/3268 2441/3545/3273
f 2932/3540/3268 2943/3563/3291 2452/2868/2662 2440/2871/2665
f 2446/2837/2632 2434/2840/2635 2937/3551/3279 2944/3564/3292
f 2944/3564/3292 2937/3551/3279 2435/3556/3284 2447/3565/3293
f 2435/3556/3284 2940/3558/3286 2945/3566/3294 2447/3565/3293
f 2945/3566/3294 2940/3558/3286 2433/2876/2670 2445/2875/2669
f 2449/2847/2642 2437/3567/3295 2921/3568/3296 2946/3569/3297
f 2946/3569/3297 2921/3568/3296 2438/3570/3298 2450/3571/3299
f 2438/3570/3298 2920/3572/3300 2947/3573/3301 2450/3571/3299
f 2947/3573/3301 2920/3572/3300 2436/2938/2732 2448/3574/3302
f 2455/2873/2667 2443/2856/2650 2714/3575/3303 2948/3576/3304
f 2948/3576/3304 2714/3575/3303 2444/3577/3305 2456/3578/3306
f 2444/3579/3305 2713/3580/3307 2949/3581/3308 2456/3582/3306
f 2949/3581/3308 2713/3580/3307 2442/2844/2639 2454/2843/2638
f 2451/2923/2717 2463/3583/3309 2950/3584/3310 2942/2924/2718
f 2942/2924/2718 2950/3584/3310 2465/3585/3311 2453/3562/3290
f 2465/3585/3311 2951/3586/3312 2943/3563/3291 2453/3562/3290
f 2943/3563/3291 2951/3586/3312 2464/2883/2677 2452/2868/2662
f 2458/2877/2671 2446/2837/2632 2944/3564/3292 2952/3587/3313
f 2952/3587/3313 2944/3564/3292 2447/3565/3293 2459/3588/3314
f 2447/3565/3293 2945/3566/3294 2953/3589/3315 2459/3588/3314
f 2953/3589/3315 2945/3566/3294 2445/2875/2669 2457/2890/2684
f 2461/2845/2640 2449/2847/2642 2946/3569/3297 2954/3590/3316
f 2954/3590/3316 2946/3569/3297 2450/3571/3299 2462/3591/3317
f 2450/3571/3299 2947/3573/3301 2955/3592/3318 2462/3591/3317
f 2955/3592/3318 2947/3573/3301 2448/3574/3302 2460/3593/3319
f 2467/2888/2682 2455/2873/2667 2948/3576/3304 2956/3594/3320
f 2956/3594/3320 2948/3576/3304 2456/3578/3306 2468/3595/3321
f 2456/3582/3306 2949/3581/3308 2957/3596/3322 2468/3597/3321
f 2957/3596/3322 2949/3581/3308 2454/2843/2638 2466/2872/2666
f 3710/3598/3323 2475/3599/3324 2958/3600/3325 3728/3601/3326
f 3728/3601/3326 2958/3600/3325 2477/3602/3327 3711/3603/3328
f 3711/3603/3328 3729/3604/3329 2951/3586/3312 2465/3585/3311
f 3729/3604/3329 2959/3605/3330 2476/2920/2714 3712/2901/2695
f 3713/2891/2685 2458/2877/2671 2952/3587/3313 3730/3606/3331
f 3730/3606/3331 2952/3587/3313 2459/3588/3314 3714/3607/3332
f 3714/3607/3332 3731/3608/3333 2961/3609/3334 2471/3610/3335
f 3731/3608/3333 2953/3589/3315 2457/2890/2684 3715/2909/2703
f 3716/2880/2674 2461/2845/2640 2954/3590/3316 3732/3611/3336
f 3732/3611/3336 2954/3590/3316 2462/3591/3317 3717/3612/3337
f 3717/3612/3337 3733/3613/3338 2963/3614/3339 2474/3615/3340
f 3733/3613/3338 2955/3592/3318 2460/3593/3319 3718/3616/3341
f 3719/2905/2699 2467/2888/2682 2956/3594/3320 3734/3617/3342
f 3734/3617/3342 2956/3594/3320 2468/3595/3321 3720/3618/3343
f 3720/3619/3343 3735/3620/3344 2965/3621/3345 2480/3622/3346
f 3735/3620/3344 2957/3596/3322 2466/2872/2666 3721/2887/2681
f 2472/3623/3347 2485/3624/3348 2966/3625/3349 2963/3614/3339
f 2963/3614/3339 2966/3625/3349 2486/3626/3350 2474/3615/3340
f 2486/3626/3350 2967/3627/3351 2962/3628/3352 2474/3615/3340
f 2962/3628/3352 2967/3627/3351 2484/2914/2708 2473/2916/2710
f 2490/2894/2688 2479/2897/2691 2964/3629/3353 2968/3630/3354
f 2968/3630/3354 2964/3629/3353 2480/3631/3346 2492/3632/3355
f 2480/3622/3346 2965/3621/3345 2969/3633/3356 2492/3634/3355
f 2969/3633/3356 2965/3621/3345 2478/2886/2680 2491/2921/2715
f 2487/2918/2712 2476/2920/2714 2959/3605/3330 2970/3635/3357
f 2970/3635/3357 2959/3605/3330 2477/3602/3327 2489/3636/3358
f 2477/3602/3327 2958/3600/3325 2971/3637/3359 2489/3636/3358
f 2971/3637/3359 2958/3600/3325 2475/3599/3324 2488/3638/3360
f 2481/2910/2704 2470/2912/2706 2960/3639/3361 2972/3640/3362
f 2972/3640/3362 2960/3639/3361 2471/3610/3335 2483/3641/3363
f 2471/3610/3335 2961/3609/3334 2973/3642/3364 2483/3641/3363
f 2973/3642/3364 2961/3609/3334 2469/2908/2702 2482/2926/2720
f 2538/2899/2693 2539/2917/2711 3070/3643/3365 3066/3644/3366
f 2301/2508/2312 2974/2511/2315 3454/3645/3367 2729/3231/2995
f 2974/2518/2315 2494/2519/2320 2756/3280/3032 3454/3646/3367
f 3454/3646/3367 2756/3280/3032 2495/3282/3034 2975/3647/3368
f 2729/3231/2995 3454/3645/3367 2975/3648/3368 2303/3232/2996
f 2303/3239/2996 2975/3649/3368 3455/3650/3369 2732/3240/3001
f 2975/3651/3368 2495/3283/3034 2759/3286/3036 3455/3652/3369
f 3455/3652/3369 2759/3286/3036 2493/2547/2346 2976/2548/2345
f 2732/3240/3001 3455/3650/3369 2976/2546/2345 2302/2545/2344
f 2346/2433/2237 2977/3653/3370 3456/3654/3371 2805/3353/3091
f 2977/3655/3370 2497/2597/2395 2832/3388/3126 3456/3656/3371
f 3456/3656/3371 2832/3388/3126 2498/3390/3128 2978/3657/3372
f 2805/3353/3091 3456/3654/3371 2978/3658/3372 2348/3354/3092
f 2348/3354/3092 2978/3658/3372 3457/3659/3373 2808/3359/3097
f 2978/3657/3372 2498/3390/3128 2835/3392/3130 3457/3660/3373
f 3457/3660/3373 2835/3392/3130 2496/2516/2318 2979/2515/2317
f 2808/3359/3097 3457/3659/3373 2979/2513/2317 2347/2512/2316
f 2521/2541/2342 3130/3661/3374 3458/3662/3375 3116/2542/2343
f 3130/3661/3374 2522/2457/2261 2980/2460/2264 3458/3662/3375
f 3458/3662/3375 2980/2460/2264 2325/2462/2266 2733/3241/3002
f 3116/2542/2343 3458/3662/3375 2733/3241/3002 2302/2545/2344
f 2505/3554/3282 3081/3553/3281 3459/3663/3376 3079/3664/3377
f 3081/3553/3281 2503/3552/3280 3113/3665/3378 3459/3663/3376
f 3459/3663/3376 3113/3665/3378 2520/3666/3379 3114/3667/3380
f 3079/3664/3377 3459/3663/3376 3114/3667/3380 2221/3668/3381
f 2519/2867/2661 2588/2866/2660 3460/3669/3382 3076/3670/3383
f 2588/2866/2660 2506/2865/2659 2587/3671/3384 3460/3669/3382
f 3460/3669/3382 2587/3671/3384 2499/3541/3269 3085/3672/3385
f 3076/3670/3383 3460/3669/3382 3085/3672/3385 2502/3560/3288
f 2502/3560/3288 3083/3559/3287 3461/3673/3386 3076/3670/3383
f 3083/3559/3287 2505/3554/3282 3079/3664/3377 3461/3673/3386
f 3461/3673/3386 3079/3664/3377 2221/3668/3381 3080/3674/3387
f 3076/3670/3383 3461/3673/3386 3080/3674/3387 2519/2867/2661
f 2504/2484/2288 3084/2483/2287 3462/3675/3388 3078/3676/3389
f 3084/2483/2287 2501/2482/2286 2919/2939/2733 3462/3675/3388
f 3462/3675/3388 2919/2939/2733 2436/2938/2732 2920/3572/3300
f 3078/3676/3389 3462/3675/3388 2920/3572/3300 2438/3570/3298
f 2502/3560/3288 3085/3672/3385 3463/3677/3390 2941/3561/3289
f 3085/3672/3385 2499/3541/3269 3074/3538/3266 3463/3677/3390
f 3463/3677/3390 3074/3538/3266 2440/2871/2665 3056/2870/2664
f 2941/3561/3289 3463/3677/3390 3056/2870/2664 2433/2876/2670
f 2500/3543/3271 3086/3542/3270 3464/3678/3391 3075/3679/3392
f 3086/3542/3270 2499/3541/3269 2587/3671/3384 3464/3678/3391
f 3464/3678/3391 2587/3671/3384 2506/2865/2659 2983/3680/3393
f 3075/3679/3392 3464/3678/3391 2983/3680/3393 2512/3681/3394
f 2512/3681/3394 2983/3680/3393 3465/3682/3395 3097/3683/3396
f 2983/3680/3393 2506/2865/2659 2933/2864/2658 3465/3682/3395
f 3465/3682/3395 2933/2864/2658 2431/2863/2657 2925/3684/3397
f 3097/3683/3396 3465/3682/3395 2925/3684/3397 2432/3685/3398
f 2508/2834/2629 3090/2833/2628 3466/3686/3399 3088/3687/3400
f 3090/2833/2628 2504/2484/2288 3078/3676/3389 3466/3686/3399
f 3466/3686/3399 3078/3676/3389 2438/3570/3298 2921/3568/3296
f 3088/3687/3400 3466/3686/3399 2921/3568/3296 2437/3567/3295
f 2507/2980/2774 3091/2979/2773 3467/3688/3401 2712/3689/3402
f 3091/2979/2773 2508/2834/2629 3088/3687/3400 3467/3688/3401
f 3467/3688/3401 3088/3687/3400 2437/3567/3295 2982/2841/2636
f 2712/3689/3402 3467/3688/3401 2982/2841/2636 2442/2844/2639
f 2509/3084/2878 3092/3083/2877 3468/3690/3403 3089/3691/3404
f 3092/3083/2877 2507/2980/2774 2712/3689/3402 3468/3690/3403
f 3468/3690/3403 2712/3689/3402 2442/2844/2639 2713/3580/3307
f 3089/3691/3404 3468/3690/3403 2713/3580/3307 2444/3579/3305
f 2510/2854/2648 3096/3202/2973 3469/3692/3405 3093/2855/2649
f 3096/3202/2973 2509/3201/2878 3089/3693/3404 3469/3692/3405
f 3469/3692/3405 3089/3693/3404 2444/3577/3305 2714/3575/3303
f 3093/2855/2649 3469/3692/3405 2714/3575/3303 2443/2856/2650
f 2222/2954/2748 3095/3694/3406 3470/3695/3407 3026/3696/3408
f 3095/3694/3406 2512/3681/3394 3097/3683/3396 3470/3695/3407
f 3470/3695/3407 3097/3683/3396 2432/3685/3398 2923/3697/3409
f 3026/3696/3408 3470/3695/3407 2923/3697/3409 2430/3698/3410
f 2511/2952/2746 3098/3547/3275 3471/3699/3411 3094/2953/2747
f 3098/3547/3275 2500/3543/3271 3075/3679/3392 3471/3699/3411
f 3471/3699/3411 3075/3679/3392 2512/3681/3394 3095/3694/3406
f 3094/2953/2747 3471/3699/3411 3095/3694/3406 2222/2954/2748
f 2513/3531/3259 3103/3530/3258 3472/3700/3412 3100/3701/3413
f 3103/3530/3258 2515/3529/3257 2928/3702/3414 3472/3700/3412
f 3472/3700/3412 2928/3702/3414 2233/2963/2757 2590/2966/2760
f 3100/3701/3413 3472/3700/3412 2590/2966/2760 2234/2971/2765
f 2221/3668/3381 3114/3667/3380 3473/3703/3415 3082/3704/3416
f 3114/3667/3380 2520/3666/3379 2938/3705/3417 3473/3703/3415
f 3473/3703/3415 2938/3705/3417 2428/3525/3253 2927/3528/3256
f 3082/3704/3416 3473/3703/3415 2927/3528/3256 2429/3533/3261
f 2514/2620/2418 3105/3536/3264 3474/3706/3418 3101/2615/2413
f 3105/3536/3264 2513/3531/3259 3100/3701/3413 3474/3706/3418
f 3474/3706/3418 3100/3701/3413 2234/2971/2765 2594/2973/2767
f 3101/2615/2413 3474/3706/3418 2594/2973/2767 2232/2612/2410
f 2517/3521/3249 3109/3520/3248 3475/3707/3419 3107/3708/3420
f 3109/3520/3248 2516/3519/3247 2922/3709/3421 3475/3707/3419
f 3475/3707/3419 2922/3709/3421 2430/3698/3410 2923/3697/3409
f 3107/3708/3420 3475/3707/3419 2923/3697/3409 2432/3685/3398
f 2519/2867/2661 3080/3674/3387 3476/3710/3422 2589/2862/2656
f 3080/3674/3387 2221/3668/3381 3082/3704/3416 3476/3710/3422
f 3476/3710/3422 3082/3704/3416 2429/3533/3261 2930/3535/3263
f 2589/2862/2656 3476/3710/3422 2930/3535/3263 2427/2859/2653
f 2514/2620/2418 3111/2619/2417 3477/3711/3423 2931/3537/3265
f 3111/2619/2417 2518/2618/2416 3108/3712/3424 3477/3711/3423
f 3477/3711/3423 3108/3712/3424 2431/2863/2657 3001/2860/2654
f 2931/3537/3265 3477/3711/3423 3001/2860/2654 2427/2859/2653
f 2518/2618/2416 3112/3524/3252 3478/3713/3425 3108/3712/3424
f 3112/3524/3252 2517/3521/3249 3107/3708/3420 3478/3713/3425
f 3478/3713/3425 3107/3708/3420 2432/3685/3398 2925/3684/3397
f 3108/3712/3424 3478/3713/3425 2925/3684/3397 2431/2863/2657
f 2546/2404/2208 3157/3714/3426 3479/3715/3427 3156/2405/2209
f 3157/3714/3426 2544/2535/2336 2998/2538/2339 3479/3715/3427
f 3479/3715/3427 2998/2538/2339 2493/2547/2346 2760/3287/3037
f 3156/2405/2209 3479/3715/3427 2760/3287/3037 2328/2406/2210
f 2245/3015/2809 3226/3716/3428 3480/3717/3429 2597/3016/2810
f 3226/3716/3428 2576/3718/3430 3213/3719/3431 3480/3717/3429
f 3480/3717/3429 3213/3719/3431 2580/3515/3243 3227/3513/3241
f 2597/3016/2810 3480/3717/3429 3227/3513/3241 2246/3017/2811
f 2229/2985/2779 2600/2982/2776 3481/3720/3432 2984/3721/3433
f 3654/3722/3434 2223/3723/3435 3119/3724/3436 3680/3725/3437
f 3680/3725/3437 3119/3724/3436 2524/2943/2737 3666/2942/2736
f 2984/3721/3433 3481/3720/3432 3131/2940/2734 2523/2815/2610
f 2398/3001/2795 2877/3445/3183 3482/3726/3438 3125/3727/3439
f 2877/3445/3183 2394/3439/3177 3052/3728/3440 3482/3726/3438
f 3482/3726/3438 3052/3728/3440 2534/2819/2614 3132/2825/2620
f 3125/3727/3439 3482/3726/3438 3132/2825/2620 2530/2440/2244
f 2394/3439/3177 2872/3437/3175 3483/3729/3441 3052/3728/3440
f 2872/3437/3175 2391/3431/3169 2992/3730/3442 3483/3729/3441
f 3483/3729/3441 2992/3730/3442 2527/2451/2255 3133/2820/2615
f 3052/3728/3440 3483/3729/3441 3133/2820/2615 2534/2819/2614
f 2251/3055/2849 2650/3068/2862 3484/3731/3443 2994/3732/3444
f 2650/3068/2862 2229/2985/2779 2984/3721/3433 3484/3731/3443
f 3484/3731/3443 2984/3721/3433 2523/2815/2610 3134/2813/2608
f 2994/3732/3444 3484/3731/3443 3134/2813/2608 2528/2504/2308
f 2247/3032/2826 2627/3031/2825 3485/3733/3445 3121/3734/3446
f 2627/3031/2825 2254/3030/2824 3126/3735/3447 3485/3733/3445
f 3485/3733/3445 3126/3735/3447 2531/2445/2249 3135/2657/2455
f 3121/3734/3446 3485/3733/3445 3135/2657/2455 2526/2422/2226
f 2260/3047/2841 2642/3056/2850 3486/3736/3448 3010/3737/3449
f 2642/3056/2850 2251/3055/2849 2994/3732/3444 3486/3736/3448
f 3486/3736/3448 2994/3732/3444 2528/2504/2308 3136/2502/2306
f 3010/3737/3449 3486/3736/3448 3136/2502/2306 2532/2413/2217
f 2245/3015/2809 2618/3013/2807 3487/3738/3450 3117/3739/3451
f 2618/3013/2807 2241/3005/2799 3004/3740/3452 3487/3738/3450
f 3487/3738/3450 3004/3740/3452 2529/2436/2240 3137/2458/2262
f 3117/3739/3451 3487/3738/3450 3137/2458/2262 2522/2457/2261
f 2391/3431/3169 2867/3429/3167 3488/3741/3453 2992/3730/3442
f 2867/3429/3167 2226/3059/2853 2988/3742/3454 3488/3741/3453
f 3488/3741/3453 2988/3742/3454 2525/2418/2222 3138/2452/2256
f 2992/3730/3442 3488/3741/3453 3138/2452/2256 2527/2451/2255
f 2254/3030/2824 2632/3040/2834 3489/3743/3455 3126/3735/3447
f 2632/3040/2834 2257/3039/2833 3128/3744/3456 3489/3743/3455
f 3489/3743/3455 3128/3744/3456 2533/2409/2213 3139/2446/2250
f 3126/3735/3447 3489/3743/3455 3139/2446/2250 2531/2445/2249
f 2241/3005/2799 2612/3002/2796 3490/3745/3457 3004/3740/3452
f 2612/3002/2796 2398/3001/2795 3125/3727/3439 3490/3745/3457
f 3490/3745/3457 3125/3727/3439 2530/2440/2244 3140/2437/2241
f 3004/3740/3452 3490/3745/3457 3140/2437/2241 2529/2436/2240
f 2226/3059/2853 2643/3057/2851 3491/3746/3458 2988/3742/3454
f 2643/3057/2851 2247/3032/2826 3121/3734/3446 3491/3746/3458
f 3491/3746/3458 3121/3734/3446 2526/2422/2226 3141/2419/2223
f 2988/3742/3454 3491/3746/3458 3141/2419/2223 2525/2418/2222
f 2257/3039/2833 2637/3048/2842 3492/3747/3459 3128/3744/3456
f 2637/3048/2842 2260/3047/2841 3010/3737/3449 3492/3747/3459
f 3492/3747/3459 3010/3737/3449 2532/2413/2217 3142/2410/2214
f 3128/3744/3456 3492/3747/3459 3142/2410/2214 2533/2409/2213
f 2503/3552/3280 3077/3549/3277 3493/3748/3460 3148/3749/3461
f 3077/3549/3277 2434/2840/2635 3143/2839/2634 3493/3748/3460
f 3493/3748/3460 3143/2839/2634 2535/2849/2643 3149/2934/2728
f 3148/3749/3461 3493/3748/3460 3149/2934/2728 2540/2933/2727
f 3722/2900/2694 2538/2899/2693 3066/3644/3366 3736/3750/3462
f 3066/3644/3366 3070/3643/3365 2485/3624/3348 2472/3623/3347
f 2536/2848/2633 2537/2882/2676 3062/3751/3463 3058/3752/2633
f 3736/3750/3462 3066/3644/3366 2472/3623/3347 3718/3616/3341
f 2535/2849/2643 2536/2848/2633 3058/3752/2633 3055/2937/2731
f 3058/3752/2633 3062/3751/3463 2460/3593/3319 2448/3574/3302
f 3723/2913/2707 2552/2904/2698 3069/3753/3464 3737/3754/3465
f 3055/2937/2731 3058/3752/2633 2448/3574/3302 2436/2938/2732
f 2503/3552/3280 3148/3749/3461 3494/3755/3466 3113/3665/3378
f 3148/3749/3461 2540/2933/2727 3150/3510/3238 3494/3755/3466
f 3494/3755/3466 3150/3510/3238 2541/3512/3240 3115/3756/3467
f 3113/3665/3378 3494/3755/3466 3115/3756/3467 2520/3666/3379
f 2515/3529/3257 3102/3526/3254 3495/3757/3468 3104/3758/3469
f 3102/3526/3254 2428/3525/3253 3154/3759/3470 3495/3757/3468
f 3495/3757/3468 3154/3759/3470 2544/2535/2336 3157/3714/3426
f 3104/3758/3469 3495/3757/3468 3157/3714/3426 2546/2404/2208
f 2239/2995/2789 2606/2993/2787 3496/3760/3471 3002/3761/3472
f 2606/2993/2787 2235/2967/2761 2996/3762/3473 3496/3760/3471
f 3496/3760/3471 2996/3762/3473 2542/2463/2267 3158/2497/2301
f 3002/3761/3472 3496/3760/3471 3158/2497/2301 2545/2496/2300
f 2235/2967/2761 2591/2964/2758 3497/3763/3474 2996/3762/3473
f 2591/2964/2758 2233/2963/2757 3153/3764/3475 3497/3763/3474
f 3497/3763/3474 3153/3764/3475 2543/2400/2204 3159/2464/2268
f 2996/3762/3473 3497/3763/3474 3159/2464/2268 2542/2463/2267
f 2233/2963/2757 2928/3702/3414 3498/3765/3476 3153/3764/3475
f 2928/3702/3414 2515/3529/3257 3104/3758/3469 3498/3765/3476
f 3498/3765/3476 3104/3758/3469 2546/2404/2208 3160/2401/2205
f 3153/3764/3475 3498/3765/3476 3160/2401/2205 2543/2400/2204
f 2520/3666/3379 3115/3756/3467 3499/3766/3477 2938/3705/3417
f 2541/3512/3240 3151/3767/3478 3499/3766/3477 3115/3756/3467
f 2547/2539/2340 3162/2536/2337 3499/3766/3477 3151/3767/3478
f 2544/2535/2336 3154/3759/3470 3499/3766/3477 3162/2536/2337
f 2428/3525/3253 2938/3705/3417 3499/3766/3477 3154/3759/3470
f 2552/2904/2698 2553/2903/2697 3073/3768/3479 3069/3753/3464
f 3737/3754/3465 3069/3753/3464 2475/3599/3324 3710/3598/3323
f 2550/2879/2673 2551/2893/2687 3065/3769/3480 3061/3770/2673
f 3069/3753/3464 3073/3768/3479 2488/3638/3360 2475/3599/3324
f 2549/2858/2652 2550/2879/2673 3061/3770/2673 3057/3771/3481
f 3061/3770/2673 3065/3769/3480 2463/3583/3309 2451/2923/2717
f 3057/3771/3481 3061/3770/2673 2451/2923/2717 2439/2922/2716
f 2511/2952/2746 3099/2949/2743 3500/3772/3482 2936/3548/3276
f 3099/2949/2743 2554/2850/2644 3170/2853/2647 3500/3772/3482
f 3500/3772/3482 3170/2853/2647 2549/2858/2652 3057/3771/3481
f 2936/3548/3276 3500/3772/3482 3057/3771/3481 2439/2922/2716
f 3704/3105/2896 2666/3104/2895 3501/3773/3483 3700/3774/3484
f 2666/3104/2895 2269/3103/2894 3173/3775/3485 3501/3773/3483
f 3501/3773/3483 3173/3775/3485 2558/2777/2575 3184/2958/2752
f 3700/3774/3484 3501/3773/3483 3184/2958/2752 3709/2957/2751
f 2401/3457/3193 2889/3468/3202 3502/3776/3486 3176/3777/3487
f 2889/3468/3202 2404/3467/3201 3183/3778/3488 3502/3776/3486
f 3502/3776/3486 3183/3778/3488 2568/2783/2581 3185/2798/2594
f 3176/3777/3487 3502/3776/3486 3185/2798/2594 2561/2770/2568
f 2404/3467/3201 2892/3473/3206 3503/3779/3489 3183/3778/3488
f 2892/3473/3206 2406/3128/2916 3028/3780/3490 3503/3779/3489
f 3503/3779/3489 3028/3780/3490 2563/2723/2521 3186/2784/2582
f 3183/3778/3488 3503/3779/3489 3186/2784/2582 2568/2783/2581
f 2269/3103/2894 2709/3192/2967 3504/3781/3491 3173/3775/3485
f 2709/3192/2967 2289/3174/2953 3177/3782/3492 3504/3781/3491
f 3504/3781/3491 3177/3782/3492 2562/2747/2545 3187/2778/2576
f 3173/3775/3485 3504/3781/3491 3187/2778/2576 2558/2777/2575
f 2266/3190/2965 2884/3458/3194 3505/3783/3493 3175/3784/3494
f 2884/3458/3194 2401/3457/3193 3176/3777/3487 3505/3783/3493
f 3505/3783/3493 3176/3777/3487 2561/2770/2568 3188/2768/2566
f 3175/3784/3494 3505/3783/3493 3188/2768/2566 2560/2718/2516
f 2295/3154/2937 2689/3152/2935 3506/3785/3495 3032/3786/3496
f 2689/3152/2935 2292/3141/2927 3030/3787/3497 3506/3785/3495
f 3506/3785/3495 3030/3787/3497 2565/2735/2533 3189/2765/2563
f 3032/3786/3496 3506/3785/3495 3189/2765/2563 2567/2758/2556
f 2298/3164/2945 2694/3162/2943 3507/3788/3498 3181/3789/3499
f 2694/3162/2943 2295/3154/2937 3032/3786/3496 3507/3788/3498
f 3507/3788/3498 3032/3786/3496 2567/2758/2556 3190/2756/2554
f 3181/3789/3499 3507/3788/3498 3190/2756/2554 2566/2751/2549
f 2289/3174/2953 2699/3172/2951 3508/3790/3500 3177/3782/3492
f 2699/3172/2951 2298/3164/2945 3181/3789/3499 3508/3790/3500
f 3508/3790/3500 3181/3789/3499 2566/2751/2549 3191/2748/2546
f 3177/3782/3492 3508/3790/3500 3191/2748/2546 2562/2747/2545
f 2292/3141/2927 2683/3138/2924 3509/3791/3501 3030/3787/3497
f 2683/3138/2924 2287/3137/2923 3020/3792/3502 3509/3791/3501
f 3509/3791/3501 3020/3792/3502 2559/2714/2512 3192/2736/2534
f 3030/3787/3497 3509/3791/3501 3192/2736/2534 2565/2735/2533
f 2281/3126/2914 2681/3136/2922 3510/3793/3503 3179/3794/3504
f 2681/3136/2922 2283/3135/2921 3014/3795/3505 3510/3793/3503
f 3510/3793/3503 3014/3795/3505 2555/2427/2231 3193/2732/2530
f 3179/3794/3504 3510/3793/3503 3193/2732/2530 2564/2727/2525
f 2406/3128/2916 2678/3127/2915 3511/3796/3506 3028/3780/3490
f 2678/3127/2915 2281/3126/2914 3179/3794/3504 3511/3796/3506
f 3511/3796/3506 3179/3794/3504 2564/2727/2525 3194/2724/2522
f 3028/3780/3490 3511/3796/3506 3194/2724/2522 2563/2723/2521
f 2287/3137/2923 2708/3191/2966 3512/3797/3507 3020/3792/3502
f 2708/3191/2966 2266/3190/2965 3175/3784/3494 3512/3797/3507
f 3512/3797/3507 3175/3784/3494 2560/2718/2516 3195/2715/2513
f 3020/3792/3502 3512/3797/3507 3195/2715/2513 2559/2714/2512
f 2547/2539/2340 3151/3767/3478 3513/3798/3508 3161/2540/2341
f 2541/3512/3240 3228/3511/3239 3513/3798/3508 3151/3767/3478
f 2575/2478/2282 3209/3799/3509 3513/3798/3508 3228/3511/3239
f 2576/3718/3430 3225/3800/3510 3513/3801/3508 3209/3802/3509
f 2521/2541/2342 3161/2544/2341 3513/3801/3508 3225/3800/3510
f 2271/3080/2874 2657/3079/2873 3514/3803/3511 3024/3804/3512
f 2657/3079/2873 2275/3078/2872 3199/3805/2497 3514/3803/3511
f 3514/3803/3511 3199/3805/2497 2571/2699/2497 3202/2774/2572
f 3024/3804/3512 3514/3803/3511 3202/2774/2572 2570/2708/2506
f 2271/3080/2874 3024/3804/3512 3515/3806/3513 3106/3517/3245
f 3024/3804/3512 2570/2708/2506 3203/2711/2509 3515/3806/3513
f 3515/3806/3513 3203/2711/2509 2573/2591/2389 3110/3807/3514
f 3106/3517/3245 3515/3806/3513 3110/3807/3514 2516/3519/3247
f 2275/3078/2872 2671/3113/2904 3516/3808/3515 3199/3805/2497
f 2671/3113/2904 2277/3112/2903 3200/3809/3516 3516/3808/3515
f 3516/3808/3515 3200/3809/3516 2572/2703/2501 3204/2700/2498
f 3199/3805/2497 3516/3808/3515 3204/2700/2498 2571/2699/2497
f 2516/3519/3247 3110/3807/3514 3517/3810/3517 2922/3709/3421
f 3110/3807/3514 2573/2591/2389 3205/2594/2392 3517/3810/3517
f 3517/3810/3517 3205/2594/2392 2569/2599/2397 3197/3811/3518
f 2922/3709/3421 3517/3810/3517 3197/3811/3518 2430/3698/3410
f 2556/2431/2235 3207/3812/3519 3518/3813/3520 3015/2432/2236
f 2574/3814/3521 3208/3815/3522 3518/3816/3520 3207/3817/3519
f 2569/2599/2397 3016/2598/2396 3518/3816/3520 3208/3815/3522
f 2497/2597/2395 2977/3655/3370 3518/3816/3520 3016/2598/2396
f 2346/2433/2237 3015/2432/2236 3518/3813/3520 2977/3653/3370
f 2569/2599/2397 3208/3815/3522 3519/3818/3523 3197/3811/3518
f 2574/3814/3521 3206/3819/3524 3519/3818/3523 3208/3815/3522
f 2548/2956/2750 3017/2955/2749 3519/3818/3523 3206/3819/3524
f 2222/2954/2748 3026/3696/3408 3519/3818/3523 3017/2955/2749
f 2430/3698/3410 3197/3811/3518 3519/3818/3523 3026/3696/3408
f 2283/3135/2921 3238/3208/2977 3520/3820/3525 3014/3795/3505
f 3238/3208/2977 2583/3207/2976 3240/3821/3526 3520/3820/3525
f 3520/3820/3525 3240/3821/3526 2556/2431/2235 3196/2428/2232
f 3014/3795/3505 3520/3820/3525 3196/2428/2232 2555/2427/2231
f 2584/3090/2884 3239/3089/2883 3521/3822/3527 3210/3823/3528
f 2548/2956/2750 3206/3819/3524 3521/3822/3527 3239/3089/2883
f 2574/3814/3521 3207/3817/3519 3521/3822/3527 3206/3819/3524
f 2556/2431/2235 3240/3821/3526 3521/3824/3527 3207/3812/3519
f 2583/3207/2976 3210/3825/3528 3521/3824/3527 3240/3821/3526
f 2575/2478/2282 3211/2481/2285 3522/3826/3529 3209/3799/3509
f 3211/2481/2285 2579/2486/2290 3212/3827/3530 3522/3826/3529
f 3522/3828/3529 3212/3829/3530 2580/3515/3243 3213/3719/3431
f 3209/3802/3509 3522/3828/3529 3213/3719/3431 2576/3718/3430
f 2579/2486/2290 3214/2832/2627 3523/3830/3531 3212/3827/3530
f 3214/2832/2627 2577/2836/2631 3215/3831/3532 3523/3830/3531
f 3523/3832/3531 3215/3833/3532 2578/2664/2462 3216/3516/3244
f 3212/3829/3530 3523/3832/3531 3216/3516/3244 2580/3515/3243
f 2582/2975/2769 3218/3082/2876 3524/3834/3533 3217/3835/3534
f 3218/3082/2876 2585/3086/2880 3219/3836/3535 3524/3834/3533
f 3524/3837/3533 3219/3838/3535 2586/2627/2425 3220/2626/2424
f 3217/3839/3534 3524/3837/3533 3220/2626/2424 2581/2625/2423
f 2585/3197/2880 3221/3200/2972 3525/3840/3536 3219/3841/3535
f 3221/3200/2972 2584/3090/2884 3210/3823/3528 3525/3840/3536
f 3525/3842/3536 3210/3825/3528 2583/3207/2976 3222/3206/2975
f 3219/3843/3535 3525/3842/3536 3222/3206/2975 2586/3205/2425
f 2577/2836/2631 3223/2976/2770 3526/3844/3537 3215/3831/3532
f 3223/2976/2770 2582/2975/2769 3217/3835/3534 3526/3844/3537
f 3526/3845/3537 3217/3839/3534 2581/2625/2423 3224/2665/2463
f 3215/3833/3532 3526/3845/3537 3224/2665/2463 2578/2664/2462
f 2576/3718/3430 3226/3716/3428 3527/3846/3538 3225/3800/3510
f 3226/3716/3428 2245/3015/2809 3117/3739/3451 3527/3846/3538
f 3527/3846/3538 3117/3739/3451 2522/2457/2261 3130/3661/3374
f 3225/3800/3510 3527/3846/3538 3130/3661/3374 2521/2541/2342
f 2449/2847/2642 3060/2842/2637 2982/2841/2636 2437/3567/3295
f 2986/3847/3539 2262/3848/3540 3531/3849/3541 3551/3850/3541
f 2224/3851/3542 2986/3847/3539 3551/3850/3541 3529/3852/3541
f 2810/3853/3543 2351/3854/3544 3539/3855/3541 3548/3856/3541
f 2349/3857/3545 2810/3853/3543 3548/3856/3541 3537/3858/3541
f 2603/3859/3546 2224/3851/3542 3529/3852/3541 3543/3860/3541
f 2225/3861/3547 2603/3859/3546 3543/3860/3541 3530/3862/3541
f 2664/3863/3548 2263/3864/3549 3532/3865/3541 3545/3866/3541
f 3172/3867/3550 2349/3857/3545 3537/3858/3541 3555/3868/3541
f 2738/3869/3551 2305/2946/2740 3535/3870/3541 3547/3871/3541
f 2264/3872/3552 2664/3863/3548 3545/3866/3541 3533/3873/3541
f 2557/3874/3553 3172/3867/3550 3555/3868/3541 3541/3875/3541
f 3036/3876/3554 2304/3877/3555 3534/3878/3541 3553/3879/3541
f 2306/3880/3556 2738/3869/3551 3547/3871/3541 3536/3881/3541
f 2350/3882/3557 3036/3876/3554 3553/3879/3541 3538/3883/3541
f 2599/3884/3558 2225/3861/3547 3530/3862/3541 3542/3885/3541
f 2223/3723/3435 2599/3884/3558 3542/3885/3541 3528/3886/3541
f 2814/3887/3559 2350/3882/3557 3538/3883/3541 3549/3888/3541
f 2660/3889/3560 2264/3890/3552 3533/3891/3541 3544/3892/3541
f 3018/3893/3561 2557/3874/3553 3541/3875/3541 3552/3894/3541
f 2734/3895/3562 2306/3896/3556 3536/3897/3541 3546/3898/3541
f 2351/3854/3544 2814/3887/3559 3549/3888/3541 3539/3855/3541
f 2262/3848/3540 2660/3889/3560 3544/3892/3541 3531/3849/3541
f 3119/3724/3436 2223/3723/3435 3528/3886/3541 3554/3899/3541
f 2263/3864/3549 3018/3893/3561 3552/3894/3541 3532/3865/3541
f 2985/2944/2738 2524/2943/2737 3540/3900/3541 3550/3901/3541
f 2304/3877/3555 2734/3895/3562 3546/3898/3541 3534/3878/3541
f 2524/2943/2737 3119/3724/3436 3554/3899/3541 3540/3900/3541
f 2305/2946/2740 2985/2944/2738 3550/3901/3541 3535/3870/3541
f 3543/3902/3541 3556/3903/3541 3542/3904/3541 3530/3905/3541
f 3556/3903/3541 3561/3906/3541 3528/3907/3541 3542/3904/3541
f 3561/3906/3541 3566/3908/3541 3554/3909/3541 3528/3907/3541
f 3566/3908/3541 3571/3910/3541 3540/3911/3541 3554/3909/3541
f 3571/3910/3541 3576/3912/3541 3550/3913/3541 3540/3911/3541
f 3576/3912/3541 3581/3914/3541 3535/3915/3541 3550/3913/3541
f 3581/3914/3541 3586/3916/3541 3547/3917/3541 3535/3915/3541
f 3586/3916/3541 3546/3918/3541 3536/3919/3541 3547/3917/3541
f 3529/3920/3541 3557/3921/3541 3556/3903/3541 3543/3902/3541
f 3557/3921/3541 3562/3922/3541 3561/3906/3541 3556/3903/3541
f 3562/3922/3541 3567/3923/3541 3566/3908/3541 3561/3906/3541
f 3567/3923/3541 3572/3924/3541 3571/3910/3541 3566/3908/3541
f 3572/3924/3541 3577/3925/3541 3576/3912/3541 3571/3910/3541
f 3577/3925/3541 3582/3926/3541 3581/3914/3541 3576/3912/3541
f 3582/3926/3541 3587/3927/3541 3586/3916/3541 3581/3914/3541
f 3587/3927/3541 3534/3928/3541 3546/3918/3541 3586/3916/3541
f 3551/3929/3541 3558/3930/3541 3557/3921/3541 3529/3920/3541
f 3558/3930/3541 3563/3931/3541 3562/3922/3541 3557/3921/3541
f 3563/3931/3541 3568/3932/3541 3567/3923/3541 3562/3922/3541
f 3568/3932/3541 3573/3933/3541 3572/3924/3541 3567/3923/3541
f 3573/3933/3541 3578/3934/3541 3577/3925/3541 3572/3924/3541
f 3578/3934/3541 3583/3935/3541 3582/3926/3541 3577/3925/3541
f 3583/3935/3541 3588/3936/3541 3587/3927/3541 3582/3926/3541
f 3588/3936/3541 3553/3937/3541 3534/3928/3541 3587/3927/3541
f 3531/3938/3541 3559/3939/3541 3558/3930/3541 3551/3929/3541
f 3559/3939/3541 3564/3940/3541 3563/3931/3541 3558/3930/3541
f 3564/3940/3541 3569/3941/3541 3568/3932/3541 3563/3931/3541
f 3569/3941/3541 3574/3942/3541 3573/3933/3541 3568/3932/3541
f 3574/3942/3541 3579/3943/3541 3578/3934/3541 3573/3933/3541
f 3579/3943/3541 3584/3944/3541 3583/3935/3541 3578/3934/3541
f 3584/3944/3541 3589/3945/3541 3588/3936/3541 3583/3935/3541
f 3589/3945/3541 3538/3946/3541 3553/3937/3541 3588/3936/3541
f 3544/3947/3541 3560/3948/3541 3559/3939/3541 3531/3938/3541
f 3560/3948/3541 3565/3949/3541 3564/3940/3541 3559/3939/3541
f 3565/3949/3541 3570/3950/3541 3569/3941/3541 3564/3940/3541
f 3570/3950/3541 3575/3951/3541 3574/3942/3541 3569/3941/3541
f 3575/3951/3541 3580/3952/3541 3579/3943/3541 3574/3942/3541
f 3580/3952/3541 3585/3953/3541 3584/3944/3541 3579/3943/3541
f 3585/3953/3541 3590/3954/3541 3589/3945/3541 3584/3944/3541
f 3590/3954/3541 3549/3955/3541 3538/3946/3541 3589/3945/3541
f 3533/3956/3541 3545/3957/3541 3560/3948/3541 3544/3947/3541
f 3545/3957/3541 3532/3958/3541 3565/3949/3541 3560/3948/3541
f 3532/3958/3541 3552/3959/3541 3570/3950/3541 3565/3949/3541
f 3552/3959/3541 3541/3960/3541 3575/3951/3541 3570/3950/3541
f 3541/3960/3541 3555/3961/3541 3580/3952/3541 3575/3951/3541
f 3555/3961/3541 3537/3962/3541 3585/3953/3541 3580/3952/3541
f 3537/3962/3541 3548/3963/3541 3590/3954/3541 3585/3953/3541
f 3548/3963/3541 3539/3964/3541 3549/3955/3541 3590/3954/3541
f 2491/2921/2715 3072/2915/2709 3615/3965/3541 3601/3966/3541
f 2969/3633/3356 2491/2921/2715 3601/3966/3541 3608/3967/3541
f 3073/3768/3479 2553/2903/2697 3604/3968/3541 3616/3969/3541
f 2973/3642/3364 2482/2926/2720 3592/3970/3541 3612/3971/3541
f 2492/3634/3355 2969/3633/3356 3608/3967/3541 3602/3972/3541
f 3147/2911/2705 2481/2910/2704 3591/3973/3541 3617/3974/3541
f 2488/3638/3360 3073/3768/3479 3616/3969/3541 3598/3975/3541
f 2483/3641/3363 2973/3642/3364 3612/3971/3541 3593/3976/3541
f 2539/2917/2711 3147/2911/2705 3617/3974/3541 3603/3977/3541
f 2970/3635/3357 2489/3636/3358 3599/3978/3541 3609/3979/3541
f 2966/3625/3349 2485/3624/3348 3595/3980/3541 3605/3981/3541
f 2487/2918/2712 2970/3635/3357 3609/3979/3541 3597/3982/3541
f 2486/3626/3350 2966/3625/3349 3605/3981/3541 3596/3983/3541
f 3167/2895/2689 2490/2894/2688 3600/3984/3541 3618/3985/3541
f 2553/2903/2697 3167/2895/2689 3618/3985/3541 3604/3968/3541
f 2967/3627/3351 2486/3626/3350 3596/3983/3541 3606/3986/3541
f 2971/3637/3359 2488/3638/3360 3598/3975/3541 3610/3987/3541
f 2484/2914/2708 2967/3627/3351 3606/3986/3541 3594/3988/3541
f 3070/3643/3365 2539/2917/2711 3603/3977/3541 3613/3989/3541
f 2489/3636/3358 2971/3637/3359 3610/3987/3541 3599/3978/3541
f 2485/3624/3348 3070/3643/3365 3613/3989/3541 3595/3980/3541
f 2968/3630/3354 2492/3632/3355 3602/3990/3541 3607/3991/3541
f 3071/2919/2713 2487/2918/2712 3597/3982/3541 3614/3992/3541
f 2972/3640/3362 2483/3641/3363 3593/3976/3541 3611/3993/3541
f 2490/2894/2688 2968/3630/3354 3607/3991/3541 3600/3984/3541
f 2482/2926/2720 3071/2919/2713 3614/3992/3541 3592/3970/3541
f 2481/2910/2704 2972/3640/3362 3611/3993/3541 3591/3973/3541
f 3072/2915/2709 2484/2914/2708 3594/3988/3541 3615/3965/3541
f 3608/3994/3541 3619/3995/3541 3607/3996/3541 3602/3997/3541
f 3619/3995/3541 3624/3998/3541 3600/3999/3541 3607/3996/3541
f 3624/3998/3541 3629/4000/3541 3618/4001/3541 3600/3999/3541
f 3629/4000/3541 3634/4002/3541 3604/4003/3541 3618/4001/3541
f 3634/4002/3541 3639/4004/3541 3616/4005/3541 3604/4003/3541
f 3639/4004/3541 3644/4006/3541 3598/4007/3541 3616/4005/3541
f 3644/4006/3541 3649/4008/3541 3610/4009/3541 3598/4007/3541
f 3649/4008/3541 3609/4010/3541 3599/4011/3541 3610/4009/3541
f 3601/4012/3541 3620/4013/3541 3619/3995/3541 3608/3994/3541
f 3620/4013/3541 3625/4014/3541 3624/3998/3541 3619/3995/3541
f 3625/4014/3541 3630/4015/3541 3629/4000/3541 3624/3998/3541
f 3630/4015/3541 3635/4016/3541 3634/4002/3541 3629/4000/3541
f 3635/4016/3541 3640/4017/3541 3639/4004/3541 3634/4002/3541
f 3640/4017/3541 3645/4018/3541 3644/4006/3541 3639/4004/3541
f 3645/4018/3541 3650/4019/3541 3649/4008/3541 3644/4006/3541
f 3650/4019/3541 3597/4020/3541 3609/4010/3541 3649/4008/3541
f 3615/4021/3541 3621/4022/3541 3620/4013/3541 3601/4012/3541
f 3621/4022/3541 3626/4023/3541 3625/4014/3541 3620/4013/3541
f 3626/4023/3541 3631/4024/3541 3630/4015/3541 3625/4014/3541
f 3631/4024/3541 3636/4025/3541 3635/4016/3541 3630/4015/3541
f 3636/4025/3541 3641/4026/3541 3640/4017/3541 3635/4016/3541
f 3641/4026/3541 3646/4027/3541 3645/4018/3541 3640/4017/3541
f 3646/4027/3541 3651/4028/3541 3650/4019/3541 3645/4018/3541
f 3651/4028/3541 3614/4029/3541 3597/4020/3541 3650/4019/3541
f 3594/4030/3541 3622/4031/3541 3621/4022/3541 3615/4021/3541
f 3622/4031/3541 3627/4032/3541 3626/4023/3541 3621/4022/3541
f 3627/4032/3541 3632/4033/3541 3631/4024/3541 3626/4023/3541
f 3632/4033/3541 3637/4034/3541 3636/4025/3541 3631/4024/3541
f 3637/4034/3541 3642/4035/3541 3641/4026/3541 3636/4025/3541
f 3642/4035/3541 3647/4036/3541 3646/4027/3541 3641/4026/3541
f 3647/4036/3541 3652/4037/3541 3651/4028/3541 3646/4027/3541
f 3652/4037/3541 3592/4038/3541 3614/4029/3541 3651/4028/3541
f 3606/4039/3541 3623/4040/3541 3622/4031/3541 3594/4030/3541
f 3623/4040/3541 3628/4041/3541 3627/4032/3541 3622/4031/3541
f 3628/4041/3541 3633/4042/3541 3632/4033/3541 3627/4032/3541
f 3633/4042/3541 3638/4043/3541 3637/4034/3541 3632/4033/3541
f 3638/4043/3541 3643/4044/3541 3642/4035/3541 3637/4034/3541
f 3643/4044/3541 3648/4045/3541 3647/4036/3541 3642/4035/3541
f 3648/4045/3541 3653/4046/3541 3652/4037/3541 3647/4036/3541
f 3653/4046/3541 3612/4047/3541 3592/4038/3541 3652/4037/3541
f 3596/4048/3541 3605/4049/3541 3623/4040/3541 3606/4039/3541
f 3605/4049/3541 3595/4050/3541 3628/4041/3541 3623/4040/3541
f 3595/4050/3541 3613/4051/3541 3633/4042/3541 3628/4041/3541
f 3613/4051/3541 3603/4052/3541 3638/4043/3541 3633/4042/3541
f 3603/4052/3541 3617/4053/3541 3643/4044/3541 3638/4043/3541
f 3617/4053/3541 3591/4054/3541 3648/4045/3541 3643/4044/3541
f 3591/4054/3541 3611/4055/3541 3653/4046/3541 3648/4045/3541
f 3611/4055/3541 3593/4056/3541 3612/4047/3541 3653/4046/3541
f 3018/3893/3561 3681/4057/3563 3667/4058/3564 2557/3874/3553
f 2263/3864/3549 3659/4059/3565 3681/4057/3563 3018/3893/3561
f 3699/4060/3566 3680/3725/3437 3666/2942/2736 3686/4061/3567
f 3682/2981/2775 3654/3722/3434 3680/3725/3437 3699/4060/3566
f 2814/3887/3559 3679/4062/3568 3665/4063/2725 2350/3882/3557
f 2351/3854/3544 3664/4064/3569 3679/4062/3568 2814/3887/3559
f 2810/3853/3543 3678/4065/3570 3664/4064/3569 2351/3854/3544
f 2349/3857/3545 3663/4066/3571 3678/4065/3570 2810/3853/3543
f 2738/3869/3551 3677/4067/3572 3662/2947/2741 2305/2946/2740
f 2306/3880/3556 3661/4068/3573 3677/4067/3572 2738/3869/3551
f 2734/3895/3562 3676/4069/3574 3661/4070/3573 2306/3896/3556
f 2304/3877/3555 3660/4071/3575 3676/4069/3574 2734/3895/3562
f 2664/3863/3548 3675/4072/3576 3659/4059/3565 2263/3864/3549
f 2264/3872/3552 3658/4073/3577 3675/4072/3576 2664/3863/3548
f 2660/3889/3560 3674/4074/2886 3658/4075/3577 2264/3890/3552
f 2262/3848/3540 3657/4076/2436 3674/4074/2886 2660/3889/3560
f 2603/3859/3546 3673/4077/3578 3656/4078/2428 2224/3851/3542
f 2225/3861/3547 3655/4079/3579 3673/4077/3578 2603/3859/3546
f 2599/3884/3558 3672/4080/3580 3655/4079/3579 2225/3861/3547
f 2223/3723/3435 3654/3722/3434 3672/4080/3580 2599/3884/3558
f 3172/3867/3550 3671/4081/3581 3663/4066/3571 2349/3857/3545
f 2557/3874/3553 3667/4058/3564 3671/4081/3581 3172/3867/3550
f 3689/4082/3582 3670/2945/2739 3662/2947/2741 3706/3254/3012
f 3686/4061/3567 3666/2942/2736 3670/2945/2739 3689/4082/3582
f 3036/3876/3554 2350/3882/3557 3665/4063/2725 3669/4083/2722
f 2304/3877/3555 3036/3876/3554 3669/4083/2722 3660/4071/3575
f 2986/3847/3539 3668/4084/2431 3657/4076/2436 2262/3848/3540
f 2224/3851/3542 3656/4078/2428 3668/4084/2431 2986/3847/3539
f 3131/2940/2734 3686/4061/3567 3689/4082/3582 3312/2941/2735
f 3312/2941/2735 3689/4082/3582 3706/3254/3012 2740/2948/2742
f 2600/2982/2776 3682/2981/2775 3699/4060/3566 3481/3720/3432
f 3481/3720/3432 3699/4060/3566 3686/4061/3567 3131/2940/2734
f 3681/4057/3563 3700/3774/3484 3709/2957/2751 3667/4058/3564
f 3659/4059/3565 3704/3105/2896 3700/3774/3484 3681/4057/3563
f 3679/4062/3568 3698/3367/3105 3708/2931/2725 3665/4063/2725
f 3664/4064/3569 3707/3365/3103 3698/3367/3105 3679/4062/3568
f 3678/4065/3570 3697/3361/3099 3707/3365/3103 3664/4064/3569
f 3663/4066/3571 3685/2962/2756 3697/3361/3099 3678/4065/3570
f 3677/4067/3572 3696/3251/3010 3706/3254/3012 3662/2947/2741
f 3661/4068/3573 3705/3248/3008 3696/3251/3010 3677/4067/3572
f 3676/4069/3574 3695/3243/3004 3705/3247/3008 3661/4070/3573
f 3660/4071/3575 3684/2927/2721 3695/3243/3004 3676/4069/3574
f 3675/4072/3576 3694/3100/2892 3704/3105/2896 3659/4059/3565
f 3658/4073/3577 3703/3097/2890 3694/3100/2892 3675/4072/3576
f 3674/4074/2886 3693/3092/2886 3703/3096/2890 3658/4075/3577
f 3657/4076/2436 3683/2638/2436 3693/3092/2886 3674/4074/2886
f 3673/4077/3578 3692/2991/2785 3702/2630/2428 3656/4078/2428
f 3655/4079/3579 3701/2989/2783 3692/2991/2785 3673/4077/3578
f 3672/4080/3580 3691/2984/2778 3701/2989/2783 3655/4079/3579
f 3654/3722/3434 3682/2981/2775 3691/2984/2778 3672/4080/3580
f 3671/4081/3581 3690/2960/2754 3685/2962/2756 3663/4066/3571
f 3667/4058/3564 3709/2957/2751 3690/2960/2754 3671/4081/3581
f 3669/4083/2722 3665/4063/2725 3708/2931/2725 3688/2928/2722
f 3660/4071/3575 3669/4083/2722 3688/2928/2722 3684/2927/2721
f 3668/4084/2431 3687/2633/2431 3683/2638/2436 3657/4076/2436
f 3656/4078/2428 3702/2630/2428 3687/2633/2431 3668/4084/2431
f 3065/3769/3480 3737/3754/3465 3710/3598/3323 2463/3583/3309
f 2551/2893/2687 3723/2913/2707 3737/3754/3465 3065/3769/3480
f 3062/3751/3463 3736/3750/3462 3718/3616/3341 2460/3593/3319
f 2537/2882/2676 3722/2900/2694 3736/3750/3462 3062/3751/3463
f 2965/3621/3345 3735/3620/3344 3721/2887/2681 2478/2886/2680
f 2468/3597/3321 2957/3596/3322 3735/3620/3344 3720/3619/3343
f 2964/3629/3353 3734/3617/3342 3720/3618/3343 2480/3631/3346
f 2479/2897/2691 3719/2905/2699 3734/3617/3342 2964/3629/3353
f 2963/3614/3339 3733/3613/3338 3718/3616/3341 2472/3623/3347
f 2462/3591/3317 2955/3592/3318 3733/3613/3338 3717/3612/3337
f 2962/3628/3352 3732/3611/3336 3717/3612/3337 2474/3615/3340
f 2473/2916/2710 3716/2880/2674 3732/3611/3336 2962/3628/3352
f 2961/3609/3334 3731/3608/3333 3715/2909/2703 2469/2908/2702
f 2459/3588/3314 2953/3589/3315 3731/3608/3333 3714/3607/3332
f 2960/3639/3361 3730/3606/3331 3714/3607/3332 2471/3610/3335
f 2470/2912/2706 3713/2891/2685 3730/3606/3331 2960/3639/3361
f 2951/3586/3312 3729/3604/3329 3712/2901/2695 2464/2883/2677
f 2477/3602/3327 2959/3605/3330 3729/3604/3329 3711/3603/3328
f 2950/3584/3310 3728/3601/3326 3711/3603/3328 2465/3585/3311
f 2463/3583/3309 3710/3598/3323 3728/3601/3326 2950/3584/3310
f 3165/2889/2683 3727/2906/2700 3723/2913/2707 2551/2893/2687
f 3063/2884/2678 3726/2902/2696 3715/2909/2703 2457/2890/2684
f 2479/2897/2691 3166/2896/2690 3727/2906/2700 3719/2905/2699
f 2476/2920/2714 3067/2907/2701 3726/2902/2696 3712/2901/2695
f 3145/2878/2672 3725/2892/2686 3722/2900/2694 2537/2882/2676
f 2470/2912/2706 3146/2898/2692 3725/2892/2686 3713/2891/2685
f 3064/2846/2641 3724/2881/2675 3721/2887/2681 2466/2872/2666
f 2473/2916/2710 3068/2885/2679 3724/2881/2675 3716/2880/2674
f 4060/4085/3583 4514/4086/3584 4758/4087/3585 4677/4088/3586
f 4677/4088/3586 4758/4087/3585 4673/4089/3587 4063/4090/3588
f 4758/4087/3585 4243/4091/3589 3845/4092/3590 4673/4089/3587
f 4514/4086/3584 3830/4093/3591 4243/4091/3589 4758/4087/3585
f 4050/4094/3592 4529/4095/3593 4759/4096/3594 4659/4097/3595
f 4659/4097/3595 4759/4096/3594 4644/4098/3596 4049/4099/3597
f 4759/4096/3594 4290/4100/3598 3860/4101/3599 4644/4098/3596
f 4529/4095/3593 3857/4102/3600 4290/4100/3598 4759/4096/3594
f 4042/4103/3601 4637/4104/3602 4760/4105/3603 4658/4106/3604
f 4658/4106/3604 4760/4105/3603 4506/4107/3605 4043/4108/3606
f 4760/4105/3603 4304/4109/3607 3849/4110/3608 4506/4107/3605
f 4637/4104/3602 3825/4111/3609 4304/4109/3607 4760/4105/3603
f 4072/4112/3610 4688/4113/3611 4761/4114/3612 4713/4115/3613
f 4713/4115/3613 4761/4114/3612 4532/4116/3614 4073/4117/3615
f 4761/4114/3612 4321/4118/3616 3863/4119/3617 4532/4116/3614
f 4688/4113/3611 3888/4120/3618 4321/4118/3616 4761/4114/3612
f 4046/4121/3619 4641/4122/3620 4762/4123/3621 4657/4124/3622
f 4657/4124/3622 4762/4123/3621 4522/4125/3623 4047/4126/3624
f 4762/4123/3621 4269/4127/3625 3932/4128/3626 4522/4125/3623
f 4641/4122/3620 3840/4129/3627 4269/4127/3625 4762/4123/3621
f 4048/4130/3628 4525/4131/3629 4763/4132/3630 4656/4133/3631
f 4656/4133/3631 4763/4132/3630 4529/4095/3593 4050/4094/3592
f 4763/4132/3630 4285/4134/3632 3857/4102/3600 4529/4095/3593
f 4525/4131/3629 3854/4135/3633 4285/4134/3632 4763/4132/3630
f 4044/4136/3634 4639/4137/3635 4764/4138/3636 4655/4139/3637
f 4655/4139/3637 4764/4138/3636 4637/4104/3602 4042/4103/3601
f 4764/4138/3636 4414/4140/3638 3825/4111/3609 4637/4104/3602
f 4639/4137/3635 3927/4141/3639 4414/4140/3638 4764/4138/3636
f 4039/4142/3640 4497/4143/3641 4765/4144/3642 4654/4145/3643
f 4654/4145/3643 4765/4144/3642 4641/4122/3620 4046/4121/3619
f 4765/4144/3642 4272/4146/3644 3840/4129/3627 4641/4122/3620
f 4497/4143/3641 3842/4147/3645 4272/4146/3644 4765/4144/3642
f 4059/4148/3646 4669/4149/3647 4766/4150/3648 4676/4151/3649
f 4676/4151/3649 4766/4150/3648 4514/4086/3584 4060/4085/3583
f 4766/4150/3648 4238/4152/3650 3830/4093/3591 4514/4086/3584
f 4669/4149/3647 3834/4153/3651 4238/4152/3650 4766/4150/3648
f 3914/4154/3652 4524/4155/2276 4767/4156/3653 4134/4157/3654
f 4134/4157/3654 4767/4156/3653 4523/4158/3655 3759/4159/3656
f 4767/4156/3653 4190/4160/3657 3797/4161/3658 4523/4158/3655
f 4524/4155/2276 3924/4162/3659 4190/4160/3657 4767/4156/3653
f 4092/4163/3660 4728/4164/3661 4768/4165/3662 4746/4166/3663
f 4746/4166/3663 4768/4165/3662 4601/4167/3664 4018/4168/3665
f 4768/4165/3662 4747/4169/3666 4021/4170/3667 4601/4167/3664
f 4728/4164/3661 4096/4171/3668 4747/4169/3666 4768/4165/3662
f 3848/4172/3669 4555/4173/2294 4769/4174/2293 4284/4175/3670
f 4284/4175/3670 4769/4174/2293 4565/4176/2296 3855/4177/3671
f 4769/4174/2293 4355/4178/3672 3899/4179/3673 4565/4176/2296
f 4555/4173/2294 3894/4180/3674 4355/4178/3672 4769/4174/2293
f 4062/4181/3675 4672/4182/3676 4770/4183/3677 4675/4184/3678
f 4675/4184/3678 4770/4183/3677 4669/4149/3647 4059/4148/3646
f 4770/4183/3677 4262/4185/3679 3834/4153/3651 4669/4149/3647
f 4672/4182/3676 3836/4186/3680 4262/4185/3679 4770/4183/3677
f 4049/4099/3597 4644/4098/3596 4771/4187/3681 4653/4188/3682
f 4653/4188/3682 4771/4187/3681 4640/4189/3683 4045/4190/3684
f 4771/4187/3681 4295/4191/3685 3851/4192/3686 4640/4189/3683
f 4644/4098/3596 3860/4101/3599 4295/4191/3685 4771/4187/3681
f 3818/4193/3687 4491/4194/3688 4772/4195/2314 4551/4196/2313
f 4551/4196/2313 4772/4195/2314 4496/4197/3689 3864/4198/3690
f 4772/4199/2314 4552/4200/2319 4013/4201/3691 4496/4202/3689
f 4491/4203/3688 4011/4204/3692 4552/4200/2319 4772/4199/2314
f 3858/4205/3693 4567/4206/2324 4773/4207/2323 4294/4208/3694
f 4294/4208/3694 4773/4207/2323 4566/4209/2326 3861/4210/3695
f 4773/4207/2323 4366/4211/3696 3905/4212/3697 4566/4209/2326
f 4567/4206/2324 3902/4213/3698 4366/4211/3696 4773/4207/2323
f 3848/4172/3669 4300/4214/3699 4774/4215/2330 4555/4173/2294
f 4555/4173/2294 4774/4215/2330 4380/4216/3700 3894/4180/3674
f 4774/4215/2330 4556/4217/2334 3870/4218/3701 4380/4216/3700
f 4300/4214/3699 3824/4219/3702 4556/4217/2334 4774/4215/2330
f 4061/4220/3703 4515/4221/3704 4775/4222/3705 4679/4223/3706
f 4064/4224/3707 4679/4223/3706 4775/4222/3705 4678/4225/3708
f 4038/4226/3709 4678/4227/3708 4775/4228/3705 4633/4229/3710
f 3819/4230/3711 4633/4229/3710 4775/4228/3705 4493/4231/3712
f 4010/4232/3713 4493/4233/3712 4775/4222/3705 4515/4221/3704
f 3933/4234/3714 4264/4235/3715 4776/4236/2349 4563/4237/2348
f 4563/4237/2348 4776/4236/2349 4345/4238/3716 3941/4239/3717
f 4776/4236/2349 4564/4240/2354 3885/4241/3718 4345/4238/3716
f 4264/4235/3715 3839/4242/3719 4564/4240/2354 4776/4236/2349
f 3855/4177/3671 4565/4176/2296 4777/4243/2357 4289/4244/3720
f 4289/4244/3720 4777/4243/2357 4567/4206/2324 3858/4205/3693
f 4777/4243/2357 4361/4245/3721 3902/4213/3698 4567/4206/2324
f 4565/4176/2296 3899/4179/3673 4361/4245/3721 4777/4243/2357
f 3824/4219/3702 4410/4246/3722 4778/4247/2359 4556/4217/2334
f 4556/4217/2334 4778/4247/2359 4427/4248/3723 3870/4218/3701
f 4778/4247/2359 4557/4249/2363 3936/4250/3724 4427/4248/3723
f 4410/4246/3722 3926/4251/3725 4557/4249/2363 4778/4247/2359
f 3839/4242/3719 4270/4252/3726 4779/4253/2365 4564/4240/2354
f 4564/4240/2354 4779/4253/2365 4348/4254/3727 3885/4241/3718
f 4779/4253/2365 4550/4255/2369 3887/4256/3728 4348/4254/3727
f 4270/4252/3726 3843/4257/3729 4550/4255/2369 4779/4253/2365
f 3831/4258/3730 4233/4259/3731 4780/4260/2373 4559/4261/2372
f 4559/4261/2372 4780/4260/2373 4314/4262/3732 3875/4263/3733
f 4780/4260/2373 4560/4264/2378 3879/4265/3734 4314/4262/3732
f 4233/4259/3731 3833/4266/3735 4560/4264/2378 4780/4260/2373
f 4011/4204/3692 4274/4267/3736 4781/4268/2380 4552/4200/2319
f 4552/4200/2319 4781/4268/2380 4353/4269/3737 4013/4201/3691
f 4781/4268/2380 4561/4270/2384 3890/4271/3738 4353/4269/3737
f 4274/4267/3736 3846/4272/3739 4561/4270/2384 4781/4268/2380
f 3846/4272/3739 4240/4273/3740 4782/4274/2386 4561/4270/2384
f 4561/4270/2384 4782/4274/2386 4319/4275/3741 3890/4271/3738
f 4782/4274/2386 4559/4261/2372 3875/4263/3733 4319/4275/3741
f 4240/4273/3740 3831/4258/3730 4559/4261/2372 4782/4274/2386
f 4090/4276/3742 4722/4277/3743 4783/4278/3744 4718/4279/3745
f 4718/4279/3745 4783/4278/3744 4350/4280/3746 3891/4281/3747
f 4783/4278/3744 4533/4282/3748 4014/4283/3749 4350/4280/3746
f 4722/4277/3743 4086/4284/3750 4533/4282/3748 4783/4278/3744
f 3833/4266/3735 4258/4285/3751 4784/4286/2398 4560/4264/2378
f 4560/4264/2378 4784/4286/2398 4338/4287/3752 3879/4265/3734
f 4784/4286/2398 4562/4288/2402 3881/4289/3753 4338/4287/3752
f 4258/4285/3751 3837/4290/3754 4562/4288/2402 4784/4286/2398
f 3861/4210/3695 4566/4209/2326 4785/4291/2405 4299/4292/3755
f 4299/4292/3755 4785/4291/2405 4558/4293/2407 3852/4294/3756
f 4785/4291/2405 4371/4295/3757 3896/4296/3758 4558/4293/2407
f 4566/4209/2326 3905/4212/3697 4371/4295/3757 4785/4291/2405
f 3749/4297/3759 4618/4298/3760 4786/4299/3761 4516/4300/3762
f 4516/4300/3762 4786/4299/3761 4443/4301/3763 3789/4302/3764
f 4786/4299/3761 4628/4303/3765 4035/4304/3766 4443/4301/3763
f 4618/4298/3760 4031/4305/3767 4628/4303/3765 4786/4299/3761
f 3801/4306/3768 4175/4307/3769 4787/4308/3770 4751/4309/3771
f 4751/4309/3771 4787/4308/3770 4737/4310/3772 4098/4311/3773
f 4787/4308/3770 4752/4312/3774 4103/4313/3775 4737/4310/3772
f 4175/4307/3769 3802/4314/3776 4752/4312/3774 4787/4308/3770
f 5219/4315/3777 5204/4316/2431 4788/4317/3778 4122/4318/3779
f 4122/4318/3779 4788/4317/3778 4504/4319/3780 3747/4320/3781
f 4788/4317/3778 4178/4321/3782 3785/4322/3783 4504/4319/3780
f 5204/4316/2431 5200/4323/3784 4178/4321/3782 4788/4317/3778
f 3753/4324/3785 4517/4325/3786 4789/4326/3787 4127/4327/3788
f 4127/4327/3788 4789/4326/3787 4520/4328/3789 3755/4329/3790
f 4789/4326/3787 4184/4330/3791 3795/4331/3792 4520/4328/3789
f 4517/4325/3786 3791/4332/3793 4184/4330/3791 4789/4326/3787
f 3744/4333/3794 4508/4334/3795 4790/4335/3796 4388/4336/3797
f 4388/4336/3797 4790/4335/3796 4510/4337/2451 3909/4338/3798
f 4790/4335/3796 4397/4339/3799 3917/4340/3800 4510/4337/2451
f 4508/4334/3795 3782/4341/3801 4397/4339/3799 4790/4335/3796
f 4043/4108/3606 4506/4107/3605 4791/4342/3802 4652/4343/3803
f 4652/4343/3803 4791/4342/3802 4525/4131/3629 4048/4130/3628
f 4791/4342/3802 4279/4344/3804 3854/4135/3633 4525/4131/3629
f 4506/4107/3605 3849/4110/3608 4279/4344/3804 4791/4342/3802
f 3761/4345/3805 4498/4346/3806 4792/4347/3807 4749/4348/3808
f 4749/4348/3808 4792/4347/3807 4741/4349/3809 4095/4350/3810
f 4792/4347/3807 4751/4309/3771 4098/4311/3773 4741/4349/3809
f 4498/4346/3806 3801/4306/3768 4751/4309/3771 4792/4347/3807
f 3765/4351/3811 4139/4352/3812 4793/4353/3813 4507/4354/3814
f 4507/4354/3814 4793/4353/3813 4205/4355/3815 3803/4356/3816
f 4793/4353/3813 4526/4357/3817 3810/4358/3818 4205/4355/3815
f 4139/4352/3812 3770/4359/3819 4526/4357/3817 4793/4353/3813
f 3770/4359/3819 4145/4360/3820 4794/4361/3821 4526/4357/3817
f 4526/4357/3817 4794/4361/3821 4210/4362/3822 3810/4358/3818
f 4794/4361/3821 4530/4363/3823 3813/4364/3824 4210/4362/3822
f 4145/4360/3820 3773/4365/3825 4530/4363/3823 4794/4361/3821
f 3773/4365/3825 4150/4366/3826 4795/4367/3827 4530/4363/3823
f 4530/4363/3823 4795/4367/3827 4215/4368/3828 3813/4364/3824
f 4795/4367/3827 4528/4369/3829 3816/4370/3830 4215/4368/3828
f 4150/4366/3826 3776/4371/3831 4528/4369/3829 4795/4367/3827
f 3776/4371/3831 4155/4372/3832 4796/4373/3833 4528/4369/3829
f 4528/4369/3829 4796/4373/3833 4220/4374/3834 3816/4370/3830
f 4796/4373/3833 4512/4375/3835 3807/4376/3836 4220/4374/3834
f 4155/4372/3832 3767/4377/3837 4512/4375/3835 4796/4373/3833
f 3765/4351/3811 4507/4354/3814 4797/4378/3838 4164/4379/3839
f 4164/4379/3839 4797/4378/3838 4508/4334/3795 3744/4333/3794
f 4797/4378/3838 4221/4380/3840 3782/4341/3801 4508/4334/3795
f 4507/4354/3814 3803/4356/3816 4221/4380/3840 4797/4378/3838
f 3767/4377/3837 4165/4381/3841 4798/4382/3842 4512/4375/3835
f 4512/4375/3835 4798/4382/3842 4228/4383/3843 3807/4376/3836
f 4798/4382/3842 4504/4319/3780 3785/4322/3783 4228/4383/3843
f 4165/4381/3841 3747/4320/3781 4504/4319/3780 4798/4382/3842
f 4088/4384/3844 4542/4385/3845 4799/4386/3846 4721/4387/3847
f 4721/4387/3847 4799/4386/3846 4544/4388/3848 4089/4389/3849
f 4799/4386/3846 4334/4390/3850 3882/4391/3851 4544/4388/3848
f 4542/4385/3845 3878/4392/3852 4334/4390/3850 4799/4386/3846
f 4087/4393/3853 4720/4394/3854 4800/4395/3855 4715/4396/3856
f 4715/4396/3856 4800/4395/3855 4316/4397/3857 3876/4398/3858
f 4800/4395/3855 4718/4279/3745 3891/4281/3747 4316/4397/3857
f 4720/4394/3854 4090/4276/3742 4718/4279/3745 4800/4395/3855
f 4076/4399/3859 4691/4400/3860 4801/4401/3861 4712/4402/3862
f 4712/4402/3862 4801/4401/3861 4538/4403/3863 4077/4404/3864
f 4801/4401/3861 4376/4405/3865 3869/4406/3866 4538/4403/3863
f 4691/4400/3860 3893/4407/3867 4376/4405/3865 4801/4401/3861
f 4080/4408/3868 4695/4409/3869 4802/4410/3870 4711/4411/3871
f 4711/4411/3871 4802/4410/3870 4546/4412/3872 4081/4413/3873
f 4802/4410/3870 4340/4414/3874 3884/4415/3875 4546/4412/3872
f 4695/4409/3869 3942/4416/3876 4340/4414/3874 4802/4410/3870
f 4081/4413/3873 4546/4412/3872 4803/4417/3877 4710/4418/3878
f 4710/4418/3878 4803/4417/3877 4688/4113/3611 4072/4112/3610
f 4803/4417/3877 4346/4419/3879 3888/4120/3618 4688/4113/3611
f 4546/4412/3872 3884/4415/3875 4346/4419/3879 4803/4417/3877
f 4082/4420/3880 4697/4421/3881 4804/4422/3882 4709/4423/3883
f 4709/4423/3883 4804/4422/3882 4691/4400/3860 4076/4399/3859
f 4804/4422/3882 4360/4424/3884 3893/4407/3867 4691/4400/3860
f 4697/4421/3881 3900/4425/3885 4360/4424/3884 4804/4422/3882
f 3909/4338/3798 4510/4337/2451 4805/4426/2540 4393/4427/3886
f 4393/4427/3886 4805/4426/2540 4568/4428/2542 3912/4429/3887
f 4805/4426/2540 4402/4430/3888 3920/4431/3889 4568/4428/2542
f 4510/4337/2451 3917/4340/3800 4402/4430/3888 4805/4426/2540
f 4079/4432/3890 4540/4433/3891 4806/4434/3892 4708/4435/3893
f 4708/4435/3893 4806/4434/3892 4548/4436/3894 4083/4437/3895
f 4806/4434/3892 4375/4438/3896 3906/4439/3897 4548/4436/3894
f 4540/4433/3891 3897/4440/3898 4375/4438/3896 4806/4434/3892
f 4083/4437/3895 4548/4436/3894 4807/4441/3899 4707/4442/3900
f 4707/4442/3900 4807/4441/3899 4699/4443/3901 4084/4444/3902
f 4807/4441/3899 4370/4445/3903 3903/4446/3904 4699/4443/3901
f 4548/4436/3894 3906/4439/3897 4370/4445/3903 4807/4441/3899
f 3843/4257/3729 4245/4447/3905 4808/4448/2560 4550/4255/2369
f 4550/4255/2369 4808/4448/2560 4326/4449/3906 3887/4256/3728
f 4808/4448/2560 4551/4196/2313 3864/4198/3690 4326/4449/3906
f 4245/4447/3905 3818/4193/3687 4551/4196/2313 4808/4448/2560
f 4084/4444/3902 4699/4443/3901 4809/4450/3907 4706/4451/3908
f 4706/4451/3908 4809/4450/3907 4697/4421/3881 4082/4420/3880
f 4809/4450/3907 4365/4452/3909 3900/4425/3885 4697/4421/3881
f 4699/4443/3901 3903/4446/3904 4365/4452/3909 4809/4450/3907
f 4077/4404/3864 4538/4403/3863 4810/4453/3910 4705/4454/3911
f 4705/4454/3911 4810/4453/3910 4539/4455/3912 4078/4456/3913
f 4810/4453/3910 4423/4457/3914 3935/4458/3915 4539/4455/3912
f 4538/4403/3863 3869/4406/3866 4423/4457/3914 4810/4453/3910
f 4087/4393/3853 4715/4396/3856 4811/4459/3916 4719/4460/3917
f 4719/4460/3917 4811/4459/3916 4542/4385/3845 4088/4384/3844
f 4811/4459/3916 4309/4461/3918 3878/4392/3852 4542/4385/3845
f 4715/4396/3856 3876/4398/3858 4309/4461/3918 4811/4459/3916
f 4075/4462/3919 4536/4463/3920 4812/4464/3921 4704/4465/3922
f 4704/4465/3922 4812/4464/3921 4540/4433/3891 4079/4432/3890
f 4812/4464/3921 4383/4466/3923 3897/4440/3898 4540/4433/3891
f 4536/4463/3920 3872/4467/3924 4383/4466/3923 4812/4464/3921
f 4085/4468/3925 4570/4469/3926 4813/4470/3927 4703/4471/3928
f 4703/4471/3928 4813/4470/3927 4695/4409/3869 4080/4408/3868
f 4813/4470/3927 4433/4472/3929 3942/4416/3876 4695/4409/3869
f 4570/4469/3926 3938/4473/3930 4433/4472/3929 4813/4470/3927
f 3926/4251/3725 4415/4474/3931 4814/4475/2587 4557/4249/2363
f 4557/4249/2363 4814/4475/2587 4432/4476/3932 3936/4250/3724
f 4814/4475/2587 4571/4477/2587 3939/4478/3932 4432/4476/3932
f 4415/4474/3931 3929/4479/3933 4571/4477/2587 4814/4475/2587
f 3759/4159/3656 4523/4158/3655 4815/4480/3934 4137/4481/3935
f 4137/4481/3935 4815/4480/3934 4498/4346/3806 3761/4345/3805
f 4815/4480/3934 4196/4482/3936 3801/4306/3768 4498/4346/3806
f 4523/4158/3655 3797/4161/3658 4196/4482/3936 4815/4480/3934
f 4078/4456/3913 4539/4455/3912 4816/4483/3937 4702/4484/3938
f 4702/4484/3938 4816/4483/3937 4570/4469/3926 4085/4468/3925
f 4816/4483/3937 4428/4485/3939 3938/4473/3930 4570/4469/3926
f 4539/4455/3912 3935/4458/3915 4428/4485/3939 4816/4483/3937
f 3912/4429/3887 4568/4428/2542 4817/4486/2598 4396/4487/3940
f 4396/4487/3940 4817/4486/2598 4524/4155/2276 3914/4154/3652
f 4817/4486/2598 4407/4488/3941 3924/4162/3659 4524/4155/2276
f 4568/4428/2542 3920/4431/3889 4407/4488/3941 4817/4486/2598
f 3852/4294/3756 4558/4293/2407 4818/4489/2601 4307/4490/3942
f 4307/4490/3942 4818/4489/2601 4554/4491/2603 3827/4492/3943
f 4818/4489/2601 4381/4493/3944 3873/4494/3945 4554/4491/2603
f 4558/4293/2407 3896/4296/3758 4381/4493/3944 4818/4489/2601
f 3929/4479/3933 4420/4495/3946 4819/4496/2587 4571/4477/2587
f 4571/4477/2587 4819/4496/2587 4435/4497/3947 3939/4478/3932
f 4819/4496/2587 4563/4237/2348 3941/4239/3717 4435/4497/3947
f 4420/4495/3946 3933/4234/3714 4563/4237/2348 4819/4496/2587
f 4045/4190/3684 4640/4189/3683 4820/4498/3948 4651/4499/3949
f 4651/4499/3949 4820/4498/3948 4635/4500/3950 4040/4501/3951
f 4820/4498/3948 4305/4502/3952 3828/4503/3953 4635/4500/3950
f 4640/4189/3683 3851/4192/3686 4305/4502/3952 4820/4498/3948
f 4051/4504/3954 4646/4505/3955 4821/4506/3956 4650/4507/3957
f 4650/4507/3957 4821/4506/3956 4639/4137/3635 4044/4136/3634
f 4821/4506/3956 4419/4508/3958 3927/4141/3639 4639/4137/3635
f 4646/4505/3955 3930/4509/3959 4419/4508/3958 4821/4506/3956
f 4047/4126/3624 4522/4125/3623 4822/4510/3960 4649/4511/3961
f 4649/4511/3961 4822/4510/3960 4646/4505/3955 4051/4504/3954
f 4822/4510/3960 4422/4512/3962 3930/4509/3959 4646/4505/3955
f 4522/4125/3623 3932/4128/3626 4422/4512/3962 4822/4510/3960
f 3749/4297/3759 4516/4300/3762 4823/4513/3963 4113/4514/3964
f 4113/4514/3964 4823/4513/3963 4517/4325/3786 3753/4324/3785
f 4823/4513/3963 4169/4515/3965 3791/4332/3793 4517/4325/3786
f 4516/4300/3762 3789/4302/3764 4169/4515/3965 4823/4513/3963
f 4096/4171/3668 4731/4516/3966 4824/4517/3967 4747/4169/3666
f 4747/4169/3666 4824/4517/3967 4607/4518/3968 4021/4170/3667
f 4824/4517/3967 4748/4519/3969 4025/4520/3970 4607/4518/3968
f 4731/4516/3966 4094/4521/3971 4748/4519/3969 4824/4517/3967
f 3963/4522/3972 3951/4523/3973 4660/4524/3974 4661/4525/3975
f 4499/4526/3976 3959/4527/3977 3971/4528/3978 4577/4529/3979
f 3978/4530/3980 3966/4531/3981 4577/4529/3979 4581/4532/3982
f 4660/4524/3974 4052/4533/3983 4053/4534/3975 4661/4525/3975
f 4071/4535/3984 4687/4536/3985 4825/4537/3986 4685/4538/3987
f 4685/4538/3987 4825/4537/3986 4610/4539/3988 4027/4540/3989
f 4825/4537/3986 4680/4541/3990 3960/4542/3991 4610/4539/3988
f 4687/4536/3985 4066/4543/3992 4680/4541/3990 4825/4537/3986
f 3944/4544/3993 4106/4545/3994 4826/4546/3995 4518/4547/3996
f 4518/4547/3996 4826/4546/3995 4450/4548/3997 3948/4549/3998
f 4826/4546/3995 4105/4550/3999 4023/4551/4000 4450/4548/3997
f 4106/4545/3994 4036/4552/4001 4105/4550/3999 4826/4546/3995
f 3969/4553/4002 3957/4554/4003 4573/4555/4004 4576/4556/4005
f 4577/4529/3979 3971/4528/3978 3983/4557/4006 4581/4532/3982
f 3972/4558/4007 3960/4542/3991 4680/4541/3990 4681/4559/4008
f 4573/4555/4004 3950/4560/4009 3962/4561/4010 4576/4556/4005
f 3975/4562/4011 3963/4522/3972 4661/4525/3975 4662/4563/4012
f 4680/4541/3990 4066/4543/3992 4067/4564/4013 4681/4559/4008
f 5233/4565/4014 3978/4530/3980 4581/4532/3982 5241/4566/4015
f 4661/4525/3975 4053/4534/3975 4054/4567/4016 4662/4563/4012
f 3981/4568/4017 3969/4553/4002 4576/4556/4005 4580/4569/4018
f 5241/4566/4015 5238/4570/4019 3995/4571/4020 4585/4572/4021
f 3984/4573/4022 3972/4558/4007 4681/4559/4008 4682/4574/4023
f 4576/4556/4005 3962/4561/4010 3974/4575/4024 4580/4569/4018
f 5230/4576/4025 3975/4562/4011 4662/4563/4012 5242/4577/4026
f 4681/4559/4008 4067/4564/4013 4068/4578/4027 4682/4574/4023
f 4007/4579/4028 3996/4580/4029 4683/4581/4030 4684/4582/4031
f 5242/4577/4026 5239/4583/4032 4055/4584/4033 4663/4585/4034
f 5229/4586/4035 3981/4568/4017 4580/4569/4018 5243/4587/4036
f 4683/4581/4030 4069/4588/4037 4070/4589/4038 4684/4582/4031
f 5236/4590/4039 3984/4573/4022 4682/4574/4023 5244/4591/4040
f 5243/4587/4036 5232/4592/4041 3986/4593/4042 4584/4594/4043
f 3998/4595/4044 3987/4596/4045 4663/4585/4034 4664/4597/4046
f 5244/4591/4040 5240/4598/4047 4069/4588/4037 4683/4581/4030
f 4001/4599/4048 3990/4600/4049 4585/4572/4021 4589/4601/4050
f 4663/4585/4034 4055/4584/4033 4056/4602/4051 4664/4597/4046
f 4004/4603/4052 3993/4604/4053 4584/4594/4043 4588/4605/4054
f 4585/4572/4021 3995/4571/4020 4008/4606/4055 4589/4601/4050
f 3956/4607/4056 4452/4608/4057 4459/4609/4058 3968/4610/4059
f 4584/4594/4043 3986/4593/4042 3999/4611/4060 4588/4605/4054
f 5201/4612/4061 4252/4613/4062 4827/4614/2723 5205/4615/2722
f 5205/4615/2722 4827/4614/2723 4333/4616/4063 5225/4617/4064
f 4827/4614/2723 4554/4491/2603 3873/4494/3945 4333/4616/4063
f 4252/4613/4062 3827/4492/3943 4554/4491/2603 4827/4614/2723
f 4057/4618/4065 4604/4619/4066 4828/4620/4067 4666/4621/4068
f 4666/4621/4068 4828/4620/4067 4572/4622/4069 4052/4533/3983
f 4828/4620/4067 4436/4623/4070 3953/4624/4071 4572/4622/4069
f 4604/4619/4066 4018/4168/3665 4436/4623/4070 4828/4620/4067
f 4040/4501/3951 4635/4500/3950 4829/4625/4072 4648/4626/4073
f 5183/4627/4074 5187/4628/4075 4502/4629/4076 4041/4630/4077
f 5187/4628/4075 5179/4631/4078 3822/4632/4079 4502/4629/4076
f 4635/4500/3950 3828/4503/3953 4257/4633/4080 4829/4625/4072
f 4071/4535/3984 4686/4634/4081 4830/4635/4082 4616/4636/4083
f 4616/4636/4083 4830/4635/4082 4611/4637/4084 4028/4638/4085
f 4830/4635/4082 4534/4639/4086 3739/4640/4087 4611/4637/4084
f 4686/4634/4081 4065/4641/4088 4534/4639/4086 4830/4635/4082
f 5226/4642/4089 5207/4643/4090 4831/4644/4091 4701/4645/4092
f 4701/4645/4092 4831/4644/4091 4536/4463/3920 4075/4462/3919
f 4831/4644/4091 4328/4646/4093 3872/4467/3924 4536/4463/3920
f 5207/4643/4090 5202/4647/4094 4328/4646/4093 4831/4644/4091
f 3750/4648/4095 4107/4649/4096 4832/4650/4097 4108/4651/4098
f 4108/4651/4098 4832/4650/4097 4109/4652/4099 3752/4653/4100
f 4832/4650/4097 4110/4654/4101 3754/4655/4102 4109/4652/4099
f 4107/4649/4096 3751/4656/4103 4110/4654/4101 4832/4650/4097
f 3751/4656/4103 4111/4657/4104 4833/4658/4105 4110/4654/4101
f 4110/4654/4101 4833/4658/4105 4112/4659/4106 3754/4655/4102
f 4833/4658/4105 4113/4514/3964 3753/4324/3785 4112/4659/4106
f 4111/4657/4104 3749/4297/3759 4113/4514/3964 4833/4658/4105
f 4099/4660/4107 4750/4661/4108 4834/4662/4109 4740/4663/4110
f 4740/4663/4110 4834/4662/4109 4748/4519/3969 4094/4521/3971
f 4834/4662/4109 4608/4664/4111 4025/4520/3970 4748/4519/3969
f 4750/4661/4108 4024/4665/4112 4608/4664/4111 4834/4662/4109
f 5199/4666/4113 5208/4667/4114 4835/4668/4115 4117/4669/4116
f 4117/4669/4116 4835/4668/4115 4118/4670/4117 3746/4671/4118
f 4835/4668/4115 4119/4672/4119 3748/4673/4120 4118/4670/4117
f 5208/4667/4114 5218/4674/4121 4119/4672/4119 4835/4668/4115
f 5218/4674/4121 5209/4675/4122 4836/4676/4123 4119/4672/4119
f 4119/4672/4119 4836/4676/4123 4121/4677/4124 3748/4673/4120
f 4836/4676/4123 4122/4318/3779 3747/4320/3781 4121/4677/4124
f 5209/4675/4122 5219/4315/3777 4122/4318/3779 4836/4676/4123
f 3752/4653/4100 4109/4652/4099 4837/4678/4125 4123/4679/4126
f 4123/4679/4126 4837/4678/4125 4124/4680/4127 3756/4681/4128
f 4837/4678/4125 4125/4682/4129 3757/4683/4130 4124/4680/4127
f 4109/4652/4099 3754/4655/4102 4125/4682/4129 4837/4678/4125
f 3754/4655/4102 4112/4659/4106 4838/4684/4131 4125/4682/4129
f 4125/4682/4129 4838/4684/4131 4126/4685/4132 3757/4683/4130
f 4838/4684/4131 4127/4327/3788 3755/4329/3790 4126/4685/4132
f 4112/4659/4106 3753/4324/3785 4127/4327/3788 4838/4684/4131
f 3915/4686/4133 4128/4687/4134 4839/4688/4135 4129/4689/4136
f 4129/4689/4136 4839/4688/4135 4130/4690/4137 3758/4691/4138
f 4839/4688/4135 4131/4692/4139 3760/4693/4140 4130/4690/4137
f 4128/4687/4134 3916/4694/4141 4131/4692/4139 4839/4688/4135
f 3916/4694/4141 4132/4695/4142 4840/4696/4143 4131/4692/4139
f 4131/4692/4139 4840/4696/4143 4133/4697/4144 3760/4693/4140
f 4840/4696/4143 4134/4157/3654 3759/4159/3656 4133/4697/4144
f 4132/4695/4142 3914/4154/3652 4134/4157/3654 4840/4696/4143
f 3758/4691/4138 4130/4690/4137 4841/4698/4145 4135/4699/4146
f 4135/4699/4146 4841/4698/4145 4114/4700/4147 3762/4701/4148
f 4841/4698/4145 4136/4702/4149 3763/4703/4150 4114/4700/4147
f 4130/4690/4137 3760/4693/4140 4136/4702/4149 4841/4698/4145
f 3760/4693/4140 4133/4697/4144 4842/4704/4151 4136/4702/4149
f 4136/4702/4149 4842/4704/4151 4115/4705/4152 3763/4703/4150
f 4842/4704/4151 4137/4481/3935 3761/4345/3805 4115/4705/4152
f 4133/4697/4144 3759/4159/3656 4137/4481/3935 4842/4704/4151
f 3765/4351/3811 4138/4706/4153 4843/4707/4154 4139/4352/3812
f 4139/4352/3812 4843/4707/4154 4140/4708/4155 3770/4359/3819
f 4843/4707/4154 4141/4709/4156 3772/4710/4157 4140/4708/4155
f 4138/4706/4153 3766/4711/4158 4141/4709/4156 4843/4707/4154
f 3766/4711/4158 4142/4712/4159 4844/4713/4160 4141/4709/4156
f 4141/4709/4156 4844/4713/4160 4143/4714/4161 3772/4710/4157
f 4844/4713/4160 4144/4715/4162 3771/4716/4163 4143/4714/4161
f 4142/4712/4159 3764/4717/4164 4144/4715/4162 4844/4713/4160
f 3770/4359/3819 4140/4708/4155 4845/4718/4165 4145/4360/3820
f 4145/4360/3820 4845/4718/4165 4146/4719/4166 3773/4365/3825
f 4845/4718/4165 4147/4720/4167 3775/4721/4168 4146/4719/4166
f 4140/4708/4155 3772/4710/4157 4147/4720/4167 4845/4718/4165
f 3772/4710/4157 4143/4714/4161 4846/4722/4169 4147/4720/4167
f 4147/4720/4167 4846/4722/4169 4148/4723/4170 3775/4721/4168
f 4846/4722/4169 4149/4724/4171 3774/4725/4172 4148/4723/4170
f 4143/4714/4161 3771/4716/4163 4149/4724/4171 4846/4722/4169
f 3773/4365/3825 4146/4719/4166 4847/4726/4173 4150/4366/3826
f 4150/4366/3826 4847/4726/4173 4151/4727/4174 3776/4371/3831
f 4847/4726/4173 4152/4728/4175 3778/4729/4176 4151/4727/4174
f 4146/4719/4166 3775/4721/4168 4152/4728/4175 4847/4726/4173
f 3775/4721/4168 4148/4723/4170 4848/4730/4177 4152/4728/4175
f 4152/4728/4175 4848/4730/4177 4153/4731/4178 3778/4729/4176
f 4848/4730/4177 4154/4732/4179 3777/4733/4180 4153/4731/4178
f 4148/4723/4170 3774/4725/4172 4154/4732/4179 4848/4730/4177
f 3776/4371/3831 4151/4727/4174 4849/4734/4181 4155/4372/3832
f 4155/4372/3832 4849/4734/4181 4156/4735/4182 3767/4377/3837
f 4849/4734/4181 4157/4736/4183 3769/4737/4184 4156/4735/4182
f 4151/4727/4174 3778/4729/4176 4157/4736/4183 4849/4734/4181
f 3778/4729/4176 4153/4731/4178 4850/4738/4185 4157/4736/4183
f 4157/4736/4183 4850/4738/4185 4158/4739/4186 3769/4737/4184
f 4850/4738/4185 4159/4740/4187 3768/4741/4188 4158/4739/4186
f 4153/4731/4178 3777/4733/4180 4159/4740/4187 4850/4738/4185
f 3764/4717/4164 4142/4712/4159 4851/4742/4189 4160/4743/4190
f 4160/4743/4190 4851/4742/4189 4161/4744/4191 3743/4745/4192
f 4851/4742/4189 4162/4746/4193 3745/4747/4194 4161/4744/4191
f 4142/4712/4159 3766/4711/4158 4162/4746/4193 4851/4742/4189
f 3766/4711/4158 4138/4706/4153 4852/4748/4195 4162/4746/4193
f 4162/4746/4193 4852/4748/4195 4163/4749/4196 3745/4747/4194
f 4852/4748/4195 4164/4379/3839 3744/4333/3794 4163/4749/4196
f 4138/4706/4153 3765/4351/3811 4164/4379/3839 4852/4748/4195
f 3767/4377/3837 4156/4735/4182 4853/4750/4197 4165/4381/3841
f 4165/4381/3841 4853/4750/4197 4121/4677/4124 3747/4320/3781
f 4853/4750/4197 4166/4751/4198 3748/4673/4120 4121/4677/4124
f 4156/4735/4182 3769/4737/4184 4166/4751/4198 4853/4750/4197
f 3769/4737/4184 4158/4739/4186 4854/4752/4199 4166/4751/4198
f 4166/4751/4198 4854/4752/4199 4118/4670/4117 3748/4673/4120
f 4854/4752/4199 4167/4753/4200 3746/4671/4118 4118/4670/4117
f 4158/4739/4186 3768/4741/4188 4167/4753/4200 4854/4752/4199
f 3789/4302/3764 4168/4754/4201 4855/4755/4202 4169/4515/3965
f 4169/4515/3965 4855/4755/4202 4170/4756/4203 3791/4332/3793
f 4855/4755/4202 4171/4757/4204 3793/4758/4205 4170/4756/4203
f 4168/4754/4201 3790/4759/4206 4171/4757/4204 4855/4755/4202
f 3790/4759/4206 4172/4760/4207 4856/4761/4208 4171/4757/4204
f 4171/4757/4204 4856/4761/4208 4173/4762/4209 3793/4758/4205
f 4856/4761/4208 4174/4763/4210 3792/4764/4211 4173/4762/4209
f 4172/4760/4207 3788/4765/4212 4174/4763/4210 4856/4761/4208
f 4099/4660/4107 4735/4766/4213 4857/4767/4214 4750/4661/4108
f 4750/4661/4108 4857/4767/4214 4609/4768/4215 4024/4665/4112
f 4857/4767/4214 4753/4769/4216 4026/4770/4217 4609/4768/4215
f 4735/4766/4213 4102/4771/4218 4753/4769/4216 4857/4767/4214
f 4027/4540/3989 4754/4772/4219 4858/4773/4220 4685/4538/3987
f 4685/4538/3987 4858/4773/4220 4686/4634/4081 4071/4535/3984
f 4858/4773/4220 4756/4774/4221 4065/4641/4088 4686/4634/4081
f 4754/4772/4219 4101/4775/4222 4756/4774/4221 4858/4773/4220
f 5200/4323/3784 5210/4776/4223 4859/4777/4224 4178/4321/3782
f 4178/4321/3782 4859/4777/4224 4179/4778/4225 3785/4322/3783
f 4859/4777/4224 4180/4779/4226 3787/4780/4227 4179/4778/4225
f 5210/4776/4223 5220/4781/4228 4180/4779/4226 4859/4777/4224
f 5220/4782/4228 5211/4783/4229 4860/4784/4230 4180/4785/4226
f 4180/4785/4226 4860/4784/4230 4182/4786/4231 3787/4787/4227
f 4860/4784/4230 4183/4788/4232 3786/4789/4233 4182/4786/4231
f 5211/4783/4229 5221/4790/4234 4183/4788/4232 4860/4784/4230
f 3791/4332/3793 4170/4756/4203 4861/4791/4235 4184/4330/3791
f 4184/4330/3791 4861/4791/4235 4185/4792/4236 3795/4331/3792
f 4861/4791/4235 4186/4793/4237 3796/4794/4238 4185/4792/4236
f 4170/4756/4203 3793/4758/4205 4186/4793/4237 4861/4791/4235
f 3793/4758/4205 4173/4762/4209 4862/4795/4239 4186/4793/4237
f 4186/4793/4237 4862/4795/4239 4187/4796/4240 3796/4794/4238
f 4862/4795/4239 4188/4797/4241 3794/4798/4242 4187/4796/4240
f 4173/4762/4209 3792/4764/4211 4188/4797/4241 4862/4795/4239
f 3924/4162/3659 4189/4799/4243 4863/4800/4244 4190/4160/3657
f 4190/4160/3657 4863/4800/4244 4191/4801/4245 3797/4161/3658
f 4863/4800/4244 4192/4802/4246 3799/4803/4247 4191/4801/4245
f 4189/4799/4243 3925/4804/4248 4192/4802/4246 4863/4800/4244
f 3925/4805/4248 4193/4806/4249 4864/4807/4250 4192/4808/4246
f 4192/4808/4246 4864/4807/4250 4194/4809/4251 3799/4810/4247
f 4864/4807/4250 4195/4811/4252 3798/4812/4253 4194/4809/4251
f 4193/4806/4249 3923/4813/4254 4195/4811/4252 4864/4807/4250
f 3797/4161/3658 4191/4801/4245 4865/4814/4255 4196/4482/3936
f 4196/4482/3936 4865/4814/4255 4175/4307/3769 3801/4306/3768
f 4865/4814/4255 4197/4815/4256 3802/4314/3776 4175/4307/3769
f 4191/4801/4245 3799/4803/4247 4197/4815/4256 4865/4814/4255
f 3799/4810/4247 4194/4809/4251 4866/4816/4257 4197/4817/4256
f 4197/4817/4256 4866/4816/4257 4176/4818/4258 3802/4819/3776
f 4866/4816/4257 4198/4820/4259 3800/4821/4260 4176/4818/4258
f 4194/4809/4251 3798/4812/4253 4198/4820/4259 4866/4816/4257
f 3804/4822/4261 4199/4823/4262 4867/4824/4263 4200/4825/4264
f 4200/4825/4264 4867/4824/4263 4201/4826/4265 3809/4827/4266
f 4867/4824/4263 4202/4828/4267 3811/4829/4268 4201/4826/4265
f 4199/4823/4262 3805/4830/4269 4202/4828/4267 4867/4824/4263
f 3805/4831/4269 4203/4832/4270 4868/4833/4271 4202/4834/4267
f 4202/4834/4267 4868/4833/4271 4204/4835/4272 3811/4836/4268
f 4868/4833/4271 4205/4355/3815 3810/4358/3818 4204/4835/4272
f 4203/4832/4270 3803/4356/3816 4205/4355/3815 4868/4833/4271
f 3809/4827/4266 4201/4826/4265 4869/4837/4273 4206/4838/4274
f 4206/4838/4274 4869/4837/4273 4207/4839/4275 3812/4840/4276
f 4869/4837/4273 4208/4841/4277 3814/4842/4278 4207/4839/4275
f 4201/4826/4265 3811/4829/4268 4208/4841/4277 4869/4837/4273
f 3811/4836/4268 4204/4835/4272 4870/4843/4279 4208/4844/4277
f 4208/4844/4277 4870/4843/4279 4209/4845/4280 3814/4846/4278
f 4870/4843/4279 4210/4362/3822 3813/4364/3824 4209/4845/4280
f 4204/4835/4272 3810/4358/3818 4210/4362/3822 4870/4843/4279
f 3812/4840/4276 4207/4839/4275 4871/4847/4281 4211/4848/4282
f 4211/4848/4282 4871/4847/4281 4212/4849/4283 3815/4850/4284
f 4871/4847/4281 4213/4851/4285 3817/4852/4286 4212/4849/4283
f 4207/4839/4275 3814/4842/4278 4213/4851/4285 4871/4847/4281
f 3814/4846/4278 4209/4845/4280 4872/4853/4287 4213/4854/4285
f 4213/4854/4285 4872/4853/4287 4214/4855/4288 3817/4856/4286
f 4872/4853/4287 4215/4368/3828 3816/4370/3830 4214/4855/4288
f 4209/4845/4280 3813/4364/3824 4215/4368/3828 4872/4853/4287
f 3815/4850/4284 4212/4849/4283 4873/4857/4289 4216/4858/4290
f 4216/4858/4290 4873/4857/4289 4217/4859/4291 3806/4860/4292
f 4873/4857/4289 4218/4861/4293 3808/4862/4294 4217/4859/4291
f 4212/4849/4283 3817/4852/4286 4218/4861/4293 4873/4857/4289
f 3817/4856/4286 4214/4855/4288 4874/4863/4295 4218/4864/4293
f 4218/4864/4293 4874/4863/4295 4219/4865/4296 3808/4866/4294
f 4874/4863/4295 4220/4374/3834 3807/4376/3836 4219/4865/4296
f 4214/4855/4288 3816/4370/3830 4220/4374/3834 4874/4863/4295
f 3803/4356/3816 4203/4832/4270 4875/4867/4297 4221/4380/3840
f 4221/4380/3840 4875/4867/4297 4222/4868/4298 3782/4341/3801
f 4875/4867/4297 4223/4869/4299 3784/4870/4300 4222/4868/4298
f 4203/4832/4270 3805/4831/4269 4223/4869/4299 4875/4867/4297
f 3805/4830/4269 4199/4823/4262 4876/4871/4301 4223/4872/4299
f 4223/4872/4299 4876/4871/4301 4224/4873/4302 3784/4874/4300
f 4876/4871/4301 4225/4875/4303 3783/4876/4304 4224/4873/4302
f 4199/4823/4262 3804/4822/4261 4225/4875/4303 4876/4871/4301
f 3806/4860/4292 4217/4859/4291 4877/4877/4305 4226/4878/4306
f 4226/4878/4306 4877/4877/4305 4182/4786/4231 3786/4789/4233
f 4877/4877/4305 4227/4879/4307 3787/4787/4227 4182/4786/4231
f 4217/4859/4291 3808/4862/4294 4227/4879/4307 4877/4877/4305
f 3808/4866/4294 4219/4865/4296 4878/4880/4308 4227/4881/4307
f 4227/4881/4307 4878/4880/4308 4179/4778/4225 3787/4780/4227
f 4878/4880/4308 4228/4383/3843 3785/4322/3783 4179/4778/4225
f 4219/4865/4296 3807/4376/3836 4228/4383/3843 4878/4880/4308
f 4102/4882/4218 4738/4883/4309 4879/4884/4310 4753/4885/4216
f 4753/4885/4216 4879/4884/4310 4613/4886/4311 4026/4887/4217
f 4879/4884/4310 4754/4772/4219 4027/4540/3989 4613/4886/4311
f 4738/4883/4309 4101/4775/4222 4754/4772/4219 4879/4884/4310
f 3802/4819/3776 4176/4818/4258 4880/4888/4312 4752/4889/3774
f 4752/4889/3774 4880/4888/4312 4739/4890/4313 4103/4891/3775
f 4880/4888/4312 4755/4892/4314 4100/4893/4315 4739/4890/4313
f 4176/4818/4258 3800/4821/4260 4755/4892/4314 4880/4888/4312
f 3831/4258/3730 4232/4894/4316 4881/4895/4317 4233/4259/3731
f 4233/4259/3731 4881/4895/4317 4234/4896/4318 3833/4266/3735
f 4881/4895/4317 4235/4897/4319 3835/4898/4320 4234/4896/4318
f 4232/4894/4316 3832/4899/4321 4235/4897/4319 4881/4895/4317
f 3832/4900/4321 4236/4901/4322 4882/4902/4323 4235/4903/4319
f 4235/4903/4319 4882/4902/4323 4237/4904/4324 3835/4905/4320
f 4882/4902/4323 4238/4152/3650 3834/4153/3651 4237/4904/4324
f 4236/4901/4322 3830/4093/3591 4238/4152/3650 4882/4902/4323
f 3846/4272/3739 4239/4906/4325 4883/4907/4326 4240/4273/3740
f 4240/4273/3740 4883/4907/4326 4232/4894/4316 3831/4258/3730
f 4883/4907/4326 4241/4908/4327 3832/4899/4321 4232/4894/4316
f 4239/4906/4325 3847/4909/4328 4241/4908/4327 4883/4907/4326
f 3847/4910/4328 4242/4911/4329 4884/4912/4330 4241/4913/4327
f 4241/4913/4327 4884/4912/4330 4236/4901/4322 3832/4900/4321
f 4884/4912/4330 4243/4091/3589 3830/4093/3591 4236/4901/4322
f 4242/4911/4329 3845/4092/3590 4243/4091/3589 4884/4912/4330
f 3843/4257/3729 4244/4914/4331 4885/4915/4332 4245/4447/3905
f 4245/4447/3905 4885/4915/4332 4246/4916/4333 3818/4193/3687
f 4885/4915/4332 4247/4917/4334 3820/4918/4335 4246/4916/4333
f 4244/4914/4331 3844/4919/4336 4247/4917/4334 4885/4915/4332
f 3844/4920/4336 4248/4921/4337 4886/4922/4338 4247/4923/4334
f 4247/4923/4334 4886/4922/4338 4249/4924/4339 3820/4925/4335
f 4886/4922/4338 4250/4926/4340 3819/4230/3711 4249/4924/4339
f 4248/4921/4337 3842/4147/3645 4250/4926/4340 4886/4922/4338
f 5201/4612/4061 5212/4927/4341 4887/4928/4342 4252/4613/4062
f 4252/4613/4062 4887/4928/4342 4253/4929/4343 3827/4492/3943
f 4887/4928/4342 4254/4930/4344 3829/4931/4345 4253/4929/4343
f 5212/4927/4341 5222/4932/4346 4254/4930/4344 4887/4928/4342
f 5222/4933/4346 5213/4934/4347 4888/4935/4348 4254/4936/4344
f 4254/4936/4344 4888/4935/4348 4256/4937/4349 3829/4938/4345
f 4888/4935/4348 4257/4633/4080 3828/4503/3953 4256/4937/4349
f 5213/4934/4347 5223/4939/4350 4257/4633/4080 4888/4935/4348
f 3833/4266/3735 4234/4896/4318 4889/4940/4351 4258/4285/3751
f 4258/4285/3751 4889/4940/4351 4259/4941/4352 3837/4290/3754
f 4889/4940/4351 4260/4942/4353 3838/4943/4354 4259/4941/4352
f 4234/4896/4318 3835/4898/4320 4260/4942/4353 4889/4940/4351
f 3835/4905/4320 4237/4904/4324 4890/4944/4355 4260/4945/4353
f 4260/4945/4353 4890/4944/4355 4261/4946/4356 3838/4947/4354
f 4890/4944/4355 4262/4185/3679 3836/4186/3680 4261/4946/4356
f 4237/4904/4324 3834/4153/3651 4262/4185/3679 4890/4944/4355
f 3933/4234/3714 4263/4948/4357 4891/4949/4358 4264/4235/3715
f 4264/4235/3715 4891/4949/4358 4265/4950/4359 3839/4242/3719
f 4891/4949/4358 4266/4951/4360 3841/4952/4361 4265/4950/4359
f 4263/4948/4357 3934/4953/4362 4266/4951/4360 4891/4949/4358
f 3934/4954/4362 4267/4955/4363 4892/4956/4364 4266/4957/4360
f 4266/4957/4360 4892/4956/4364 4268/4958/4365 3841/4959/4361
f 4892/4956/4364 4269/4127/3625 3840/4129/3627 4268/4958/4365
f 4267/4955/4363 3932/4128/3626 4269/4127/3625 4892/4956/4364
f 3839/4242/3719 4265/4950/4359 4893/4960/4366 4270/4252/3726
f 4270/4252/3726 4893/4960/4366 4244/4914/4331 3843/4257/3729
f 4893/4960/4366 4271/4961/4367 3844/4919/4336 4244/4914/4331
f 4265/4950/4359 3841/4952/4361 4271/4961/4367 4893/4960/4366
f 3841/4959/4361 4268/4958/4365 4894/4962/4368 4271/4963/4367
f 4271/4963/4367 4894/4962/4368 4248/4921/4337 3844/4920/4336
f 4894/4962/4368 4272/4146/3644 3842/4147/3645 4248/4921/4337
f 4268/4958/4365 3840/4129/3627 4272/4146/3644 4894/4962/4368
f 4011/4204/3692 4273/4964/4369 4895/4965/4370 4274/4267/3736
f 4274/4267/3736 4895/4965/4370 4239/4906/4325 3846/4272/3739
f 4895/4965/4370 4275/4966/4371 3847/4909/4328 4239/4906/4325
f 4273/4964/4369 4012/4967/4372 4275/4966/4371 4895/4965/4370
f 4012/4968/4372 4276/4969/4373 4896/4970/4374 4275/4971/4371
f 4275/4971/4371 4896/4970/4374 4242/4911/4329 3847/4910/4328
f 4896/4970/4374 4277/4972/4375 3845/4092/3590 4242/4911/4329
f 4276/4969/4373 4010/4232/3713 4277/4972/4375 4896/4970/4374
f 3849/4110/3608 4278/4973/4376 4897/4974/4377 4279/4344/3804
f 4279/4344/3804 4897/4974/4377 4280/4975/4378 3854/4135/3633
f 4897/4974/4377 4281/4976/4379 3856/4977/4380 4280/4975/4378
f 4278/4973/4376 3850/4978/4381 4281/4976/4379 4897/4974/4377
f 3850/4979/4381 4282/4980/4382 4898/4981/4383 4281/4982/4379
f 4281/4982/4379 4898/4981/4383 4283/4983/4384 3856/4984/4380
f 4898/4981/4383 4284/4175/3670 3855/4177/3671 4283/4983/4384
f 4282/4980/4382 3848/4172/3669 4284/4175/3670 4898/4981/4383
f 3854/4135/3633 4280/4975/4378 4899/4985/4385 4285/4134/3632
f 4285/4134/3632 4899/4985/4385 4286/4986/4386 3857/4102/3600
f 4899/4985/4385 4287/4987/4387 3859/4988/4388 4286/4986/4386
f 4280/4975/4378 3856/4977/4380 4287/4987/4387 4899/4985/4385
f 3856/4984/4380 4283/4983/4384 4900/4989/4389 4287/4990/4387
f 4287/4990/4387 4900/4989/4389 4288/4991/4390 3859/4992/4388
f 4900/4989/4389 4289/4244/3720 3858/4205/3693 4288/4991/4390
f 4283/4983/4384 3855/4177/3671 4289/4244/3720 4900/4989/4389
f 3857/4102/3600 4286/4986/4386 4901/4993/4391 4290/4100/3598
f 4290/4100/3598 4901/4993/4391 4291/4994/4392 3860/4101/3599
f 4901/4993/4391 4292/4995/4393 3862/4996/4394 4291/4994/4392
f 4286/4986/4386 3859/4988/4388 4292/4995/4393 4901/4993/4391
f 3859/4992/4388 4288/4991/4390 4902/4997/4395 4292/4998/4393
f 4292/4998/4393 4902/4997/4395 4293/4999/4396 3862/5000/4394
f 4902/4997/4395 4294/4208/3694 3861/4210/3695 4293/4999/4396
f 4288/4991/4390 3858/4205/3693 4294/4208/3694 4902/4997/4395
f 3860/4101/3599 4291/4994/4392 4903/5001/4397 4295/4191/3685
f 4295/4191/3685 4903/5001/4397 4296/5002/4398 3851/4192/3686
f 4903/5001/4397 4297/5003/4399 3853/5004/4400 4296/5002/4398
f 4291/4994/4392 3862/4996/4394 4297/5003/4399 4903/5001/4397
f 3862/5000/4394 4293/4999/4396 4904/5005/4401 4297/5006/4399
f 4297/5006/4399 4904/5005/4401 4298/5007/4402 3853/5008/4400
f 4904/5005/4401 4299/4292/3755 3852/4294/3756 4298/5007/4402
f 4293/4999/4396 3861/4210/3695 4299/4292/3755 4904/5005/4401
f 3848/4172/3669 4282/4980/4382 4905/5009/4403 4300/4214/3699
f 4300/4214/3699 4905/5009/4403 4301/5010/4404 3824/4219/3702
f 4905/5009/4403 4302/5011/4405 3826/5012/4406 4301/5010/4404
f 4282/4980/4382 3850/4979/4381 4302/5011/4405 4905/5009/4403
f 3850/4978/4381 4278/4973/4376 4906/5013/4407 4302/5014/4405
f 4302/5014/4405 4906/5013/4407 4303/5015/4408 3826/5016/4406
f 4906/5013/4407 4304/4109/3607 3825/4111/3609 4303/5015/4408
f 4278/4973/4376 3849/4110/3608 4304/4109/3607 4906/5013/4407
f 3851/4192/3686 4296/5002/4398 4907/5017/4409 4305/4502/3952
f 4305/4502/3952 4907/5017/4409 4256/4937/4349 3828/4503/3953
f 4907/5017/4409 4306/5018/4410 3829/4938/4345 4256/4937/4349
f 4296/5002/4398 3853/5004/4400 4306/5018/4410 4907/5017/4409
f 3853/5008/4400 4298/5007/4402 4908/5019/4411 4306/5020/4410
f 4306/5020/4410 4908/5019/4411 4253/4929/4343 3829/4931/4345
f 4908/5019/4411 4307/4490/3942 3827/4492/3943 4253/4929/4343
f 4298/5007/4402 3852/4294/3756 4307/4490/3942 4908/5019/4411
f 3876/4398/3858 4308/5021/4412 4909/5022/4413 4309/4461/3918
f 4309/4461/3918 4909/5022/4413 4310/5023/4414 3878/4392/3852
f 4909/5022/4413 4311/5024/4415 3880/5025/4416 4310/5023/4414
f 4308/5021/4412 3877/5026/4417 4311/5024/4415 4909/5022/4413
f 3877/5026/4417 4312/5027/4418 4910/5028/4419 4311/5024/4415
f 4311/5024/4415 4910/5028/4419 4313/5029/4420 3880/5025/4416
f 4910/5028/4419 4314/4262/3732 3879/4265/3734 4313/5029/4420
f 4312/5027/4418 3875/4263/3733 4314/4262/3732 4910/5028/4419
f 3891/4281/3747 4315/5030/4421 4911/5031/4422 4316/4397/3857
f 4316/4397/3857 4911/5031/4422 4308/5021/4412 3876/4398/3858
f 4911/5031/4422 4317/5032/4423 3877/5026/4417 4308/5021/4412
f 4315/5030/4421 3892/5033/4424 4317/5032/4423 4911/5031/4422
f 3892/5033/4424 4318/5034/4425 4912/5035/4426 4317/5032/4423
f 4317/5032/4423 4912/5035/4426 4312/5027/4418 3877/5026/4417
f 4912/5035/4426 4319/4275/3741 3875/4263/3733 4312/5027/4418
f 4318/5034/4425 3890/4271/3738 4319/4275/3741 4912/5035/4426
f 3888/4120/3618 4320/5036/4427 4913/5037/4428 4321/4118/3616
f 4321/4118/3616 4913/5037/4428 4322/5038/4429 3863/4119/3617
f 4913/5037/4428 4323/5039/4430 3865/5040/4431 4322/5038/4429
f 4320/5036/4427 3889/5041/4432 4323/5039/4430 4913/5037/4428
f 3889/5041/4432 4324/5042/4433 4914/5043/4434 4323/5039/4430
f 4323/5039/4430 4914/5043/4434 4325/5044/4435 3865/5040/4431
f 4914/5043/4434 4326/4449/3906 3864/4198/3690 4325/5044/4435
f 4324/5042/4433 3887/4256/3728 4326/4449/3906 4914/5043/4434
f 5202/4647/4094 5214/5045/4436 4915/5046/4437 4328/4646/4093
f 4328/4646/4093 4915/5046/4437 4329/5047/4438 3872/4467/3924
f 4915/5046/4437 4330/5048/4439 3874/5049/4440 4329/5047/4438
f 5214/5045/4436 5224/5050/4441 4330/5048/4439 4915/5046/4437
f 5224/5050/4441 5215/5051/4442 4916/5052/4443 4330/5048/4439
f 4330/5048/4439 4916/5052/4443 4332/5053/4444 3874/5049/4440
f 4916/5052/4443 4333/4616/4063 3873/4494/3945 4332/5053/4444
f 5215/5051/4442 5225/4617/4064 4333/4616/4063 4916/5052/4443
f 3878/4392/3852 4310/5023/4414 4917/5054/4445 4334/4390/3850
f 4334/4390/3850 4917/5054/4445 4335/5055/4446 3882/4391/3851
f 4917/5054/4445 4336/5056/4447 3883/5057/4448 4335/5055/4446
f 4310/5023/4414 3880/5025/4416 4336/5056/4447 4917/5054/4445
f 3880/5025/4416 4313/5029/4420 4918/5058/4449 4336/5056/4447
f 4336/5056/4447 4918/5058/4449 4337/5059/4450 3883/5057/4448
f 4918/5058/4449 4338/4287/3752 3881/4289/3753 4337/5059/4450
f 4313/5029/4420 3879/4265/3734 4338/4287/3752 4918/5058/4449
f 3942/4416/3876 4339/5060/4451 4919/5061/4452 4340/4414/3874
f 4340/4414/3874 4919/5061/4452 4341/5062/4453 3884/4415/3875
f 4919/5061/4452 4342/5063/4454 3886/5064/4455 4341/5062/4453
f 4339/5060/4451 3943/5065/4456 4342/5063/4454 4919/5061/4452
f 3943/5065/4456 4343/5066/4457 4920/5067/4458 4342/5063/4454
f 4342/5063/4454 4920/5067/4458 4344/5068/4459 3886/5064/4455
f 4920/5067/4458 4345/4238/3716 3885/4241/3718 4344/5068/4459
f 4343/5066/4457 3941/4239/3717 4345/4238/3716 4920/5067/4458
f 3884/4415/3875 4341/5062/4453 4921/5069/4460 4346/4419/3879
f 4346/4419/3879 4921/5069/4460 4320/5036/4427 3888/4120/3618
f 4921/5069/4460 4347/5070/4461 3889/5041/4432 4320/5036/4427
f 4341/5062/4453 3886/5064/4455 4347/5070/4461 4921/5069/4460
f 3886/5064/4455 4344/5068/4459 4922/5071/4462 4347/5070/4461
f 4347/5070/4461 4922/5071/4462 4324/5042/4433 3889/5041/4432
f 4922/5071/4462 4348/4254/3727 3887/4256/3728 4324/5042/4433
f 4344/5068/4459 3885/4241/3718 4348/4254/3727 4922/5071/4462
f 4014/4283/3749 4349/5072/4463 4923/5073/4464 4350/4280/3746
f 4350/4280/3746 4923/5073/4464 4315/5030/4421 3891/4281/3747
f 4923/5073/4464 4351/5074/4465 3892/5033/4424 4315/5030/4421
f 4349/5072/4463 4015/5075/4466 4351/5074/4465 4923/5073/4464
f 4015/5075/4466 4352/5076/4467 4924/5077/4468 4351/5074/4465
f 4351/5074/4465 4924/5077/4468 4318/5034/4425 3892/5033/4424
f 4924/5077/4468 4353/4269/3737 3890/4271/3738 4318/5034/4425
f 4352/5076/4467 4013/4201/3691 4353/4269/3737 4924/5077/4468
f 3894/4180/3674 4354/5078/4469 4925/5079/4470 4355/4178/3672
f 4355/4178/3672 4925/5079/4470 4356/5080/4471 3899/4179/3673
f 4925/5079/4470 4357/5081/4472 3901/5082/4473 4356/5080/4471
f 4354/5078/4469 3895/5083/4474 4357/5081/4472 4925/5079/4470
f 3895/5083/4474 4358/5084/4475 4926/5085/4476 4357/5081/4472
f 4357/5081/4472 4926/5085/4476 4359/5086/4477 3901/5082/4473
f 4926/5085/4476 4360/4424/3884 3900/4425/3885 4359/5086/4477
f 4358/5084/4475 3893/4407/3867 4360/4424/3884 4926/5085/4476
f 3899/4179/3673 4356/5080/4471 4927/5087/4478 4361/4245/3721
f 4361/4245/3721 4927/5087/4478 4362/5088/4479 3902/4213/3698
f 4927/5087/4478 4363/5089/4480 3904/5090/4481 4362/5088/4479
f 4356/5080/4471 3901/5082/4473 4363/5089/4480 4927/5087/4478
f 3901/5082/4473 4359/5086/4477 4928/5091/4482 4363/5089/4480
f 4363/5089/4480 4928/5091/4482 4364/5092/4483 3904/5090/4481
f 4928/5091/4482 4365/4452/3909 3903/4446/3904 4364/5092/4483
f 4359/5086/4477 3900/4425/3885 4365/4452/3909 4928/5091/4482
f 3902/4213/3698 4362/5088/4479 4929/5093/4484 4366/4211/3696
f 4366/4211/3696 4929/5093/4484 4367/5094/4485 3905/4212/3697
f 4929/5093/4484 4368/5095/4486 3907/5096/4487 4367/5094/4485
f 4362/5088/4479 3904/5090/4481 4368/5095/4486 4929/5093/4484
f 3904/5090/4481 4364/5092/4483 4930/5097/4488 4368/5095/4486
f 4368/5095/4486 4930/5097/4488 4369/5098/4489 3907/5096/4487
f 4930/5097/4488 4370/4445/3903 3906/4439/3897 4369/5098/4489
f 4364/5092/4483 3903/4446/3904 4370/4445/3903 4930/5097/4488
f 3905/4212/3697 4367/5094/4485 4931/5099/4490 4371/4295/3757
f 4371/4295/3757 4931/5099/4490 4372/5100/4491 3896/4296/3758
f 4931/5099/4490 4373/5101/4492 3898/5102/4493 4372/5100/4491
f 4367/5094/4485 3907/5096/4487 4373/5101/4492 4931/5099/4490
f 3907/5096/4487 4369/5098/4489 4932/5103/4494 4373/5101/4492
f 4373/5101/4492 4932/5103/4494 4374/5104/4495 3898/5102/4493
f 4932/5103/4494 4375/4438/3896 3897/4440/3898 4374/5104/4495
f 4369/5098/4489 3906/4439/3897 4375/4438/3896 4932/5103/4494
f 3893/4407/3867 4358/5084/4475 4933/5105/4496 4376/4405/3865
f 4376/4405/3865 4933/5105/4496 4377/5106/4497 3869/4406/3866
f 4933/5105/4496 4378/5107/4498 3871/5108/4499 4377/5106/4497
f 4358/5084/4475 3895/5083/4474 4378/5107/4498 4933/5105/4496
f 3895/5083/4474 4354/5078/4469 4934/5109/4500 4378/5107/4498
f 4378/5107/4498 4934/5109/4500 4379/5110/4501 3871/5108/4499
f 4934/5109/4500 4380/4216/3700 3870/4218/3701 4379/5110/4501
f 4354/5078/4469 3894/4180/3674 4380/4216/3700 4934/5109/4500
f 3896/4296/3758 4372/5100/4491 4935/5111/4502 4381/4493/3944
f 4381/4493/3944 4935/5111/4502 4332/5053/4444 3873/4494/3945
f 4935/5111/4502 4382/5112/4503 3874/5049/4440 4332/5053/4444
f 4372/5100/4491 3898/5102/4493 4382/5112/4503 4935/5111/4502
f 3898/5102/4493 4374/5104/4495 4936/5113/4504 4382/5112/4503
f 4382/5112/4503 4936/5113/4504 4329/5047/4438 3874/5049/4440
f 4936/5113/4504 4383/4466/3923 3872/4467/3924 4329/5047/4438
f 4374/5104/4495 3897/4440/3898 4383/4466/3923 4936/5113/4504
f 3743/4745/4192 4161/4744/4191 4937/5114/4505 4384/5115/4506
f 4384/5115/4506 4937/5114/4505 4385/5116/4507 3908/5117/4508
f 4937/5114/4505 4386/5118/4509 3910/5119/4510 4385/5116/4507
f 4161/4744/4191 3745/4747/4194 4386/5118/4509 4937/5114/4505
f 3745/4747/4194 4163/4749/4196 4938/5120/4511 4386/5118/4509
f 4386/5118/4509 4938/5120/4511 4387/5121/4512 3910/5119/4510
f 4938/5120/4511 4388/4336/3797 3909/4338/3798 4387/5121/4512
f 4163/4749/4196 3744/4333/3794 4388/4336/3797 4938/5120/4511
f 3908/5117/4508 4385/5116/4507 4939/5122/4513 4389/5123/4514
f 4389/5123/4514 4939/5122/4513 4390/5124/4515 3911/5125/4516
f 4939/5122/4513 4391/5126/4517 3913/5127/4518 4390/5124/4515
f 4385/5116/4507 3910/5119/4510 4391/5126/4517 4939/5122/4513
f 3910/5119/4510 4387/5121/4512 4940/5128/4519 4391/5126/4517
f 4391/5126/4517 4940/5128/4519 4392/5129/4520 3913/5127/4518
f 4940/5128/4519 4393/4427/3886 3912/4429/3887 4392/5129/4520
f 4387/5121/4512 3909/4338/3798 4393/4427/3886 4940/5128/4519
f 3911/5125/4516 4390/5124/4515 4941/5130/4521 4394/5131/4522
f 4394/5131/4522 4941/5130/4521 4128/4687/4134 3915/4686/4133
f 4941/5130/4521 4395/5132/4523 3916/4694/4141 4128/4687/4134
f 4390/5124/4515 3913/5127/4518 4395/5132/4523 4941/5130/4521
f 3913/5127/4518 4392/5129/4520 4942/5133/4524 4395/5132/4523
f 4395/5132/4523 4942/5133/4524 4132/4695/4142 3916/4694/4141
f 4942/5133/4524 4396/4487/3940 3914/4154/3652 4132/4695/4142
f 4392/5129/4520 3912/4429/3887 4396/4487/3940 4942/5133/4524
f 3782/4341/3801 4222/4868/4298 4943/5134/4525 4397/4339/3799
f 4397/4339/3799 4943/5134/4525 4398/5135/4526 3917/4340/3800
f 4943/5134/4525 4399/5136/4527 3919/5137/4528 4398/5135/4526
f 4222/4868/4298 3784/4870/4300 4399/5136/4527 4943/5134/4525
f 3784/4874/4300 4224/4873/4302 4944/5138/4529 4399/5139/4527
f 4399/5139/4527 4944/5138/4529 4400/5140/4530 3919/5141/4528
f 4944/5138/4529 4401/5142/4531 3918/5143/4532 4400/5140/4530
f 4224/4873/4302 3783/4876/4304 4401/5142/4531 4944/5138/4529
f 3917/4340/3800 4398/5135/4526 4945/5144/4533 4402/4430/3888
f 4402/4430/3888 4945/5144/4533 4403/5145/4534 3920/4431/3889
f 4945/5144/4533 4404/5146/4535 3922/5147/4536 4403/5145/4534
f 4398/5135/4526 3919/5137/4528 4404/5146/4535 4945/5144/4533
f 3919/5141/4528 4400/5140/4530 4946/5148/4537 4404/5149/4535
f 4404/5149/4535 4946/5148/4537 4405/5150/4538 3922/5151/4536
f 4946/5148/4537 4406/5152/4539 3921/5153/4540 4405/5150/4538
f 4400/5140/4530 3918/5143/4532 4406/5152/4539 4946/5148/4537
f 3920/4431/3889 4403/5145/4534 4947/5154/4541 4407/4488/3941
f 4407/4488/3941 4947/5154/4541 4189/4799/4243 3924/4162/3659
f 4947/5154/4541 4408/5155/4542 3925/4804/4248 4189/4799/4243
f 4403/5145/4534 3922/5147/4536 4408/5155/4542 4947/5154/4541
f 3922/5151/4536 4405/5150/4538 4948/5156/4543 4408/5157/4542
f 4408/5157/4542 4948/5156/4543 4193/4806/4249 3925/4805/4248
f 4948/5156/4543 4409/5158/4544 3923/4813/4254 4193/4806/4249
f 4405/5150/4538 3921/5153/4540 4409/5158/4544 4948/5156/4543
f 3824/4219/3702 4301/5010/4404 4949/5159/4545 4410/4246/3722
f 4410/4246/3722 4949/5159/4545 4411/5160/4546 3926/4251/3725
f 4949/5159/4545 4412/5161/4547 3928/5162/4548 4411/5160/4546
f 4301/5010/4404 3826/5012/4406 4412/5161/4547 4949/5159/4545
f 3826/5016/4406 4303/5015/4408 4950/5163/4549 4412/5164/4547
f 4412/5164/4547 4950/5163/4549 4413/5165/4550 3928/5166/4548
f 4950/5163/4549 4414/4140/3638 3927/4141/3639 4413/5165/4550
f 4303/5015/4408 3825/4111/3609 4414/4140/3638 4950/5163/4549
f 3926/4251/3725 4411/5160/4546 4951/5167/4551 4415/4474/3931
f 4415/4474/3931 4951/5167/4551 4416/5168/4552 3929/4479/3933
f 4951/5167/4551 4417/5169/4553 3931/5170/4554 4416/5168/4552
f 4411/5160/4546 3928/5162/4548 4417/5169/4553 4951/5167/4551
f 3928/5166/4548 4413/5165/4550 4952/5171/4555 4417/5172/4553
f 4417/5172/4553 4952/5171/4555 4418/5173/4556 3931/5174/4554
f 4952/5171/4555 4419/4508/3958 3930/4509/3959 4418/5173/4556
f 4413/5165/4550 3927/4141/3639 4419/4508/3958 4952/5171/4555
f 3929/4479/3933 4416/5168/4552 4953/5175/4557 4420/4495/3946
f 4420/4495/3946 4953/5175/4557 4263/4948/4357 3933/4234/3714
f 4953/5175/4557 4421/5176/4558 3934/4953/4362 4263/4948/4357
f 4416/5168/4552 3931/5170/4554 4421/5176/4558 4953/5175/4557
f 3931/5174/4554 4418/5173/4556 4954/5177/4559 4421/5178/4558
f 4421/5178/4558 4954/5177/4559 4267/4955/4363 3934/4954/4362
f 4954/5177/4559 4422/4512/3962 3932/4128/3626 4267/4955/4363
f 4418/5173/4556 3930/4509/3959 4422/4512/3962 4954/5177/4559
f 3869/4406/3866 4377/5106/4497 4955/5179/4560 4423/4457/3914
f 4423/4457/3914 4955/5179/4560 4424/5180/4561 3935/4458/3915
f 4955/5179/4560 4425/5181/4562 3937/5182/4563 4424/5180/4561
f 4377/5106/4497 3871/5108/4499 4425/5181/4562 4955/5179/4560
f 3871/5108/4499 4379/5110/4501 4956/5183/4564 4425/5181/4562
f 4425/5181/4562 4956/5183/4564 4426/5184/4565 3937/5182/4563
f 4956/5183/4564 4427/4248/3723 3936/4250/3724 4426/5184/4565
f 4379/5110/4501 3870/4218/3701 4427/4248/3723 4956/5183/4564
f 3935/4458/3915 4424/5180/4561 4957/5185/4566 4428/4485/3939
f 4428/4485/3939 4957/5185/4566 4429/5186/4567 3938/4473/3930
f 4957/5185/4566 4430/5187/4568 3940/5188/4569 4429/5186/4567
f 4424/5180/4561 3937/5182/4563 4430/5187/4568 4957/5185/4566
f 3937/5182/4563 4426/5184/4565 4958/5189/4570 4430/5187/4568
f 4430/5187/4568 4958/5189/4570 4431/5190/4571 3940/5188/4569
f 4958/5189/4570 4432/4476/3932 3939/4478/3932 4431/5190/4571
f 4426/5184/4565 3936/4250/3724 4432/4476/3932 4958/5189/4570
f 3938/4473/3930 4429/5186/4567 4959/5191/4572 4433/4472/3929
f 4433/4472/3929 4959/5191/4572 4339/5060/4451 3942/4416/3876
f 4959/5191/4572 4434/5192/4573 3943/5065/4456 4339/5060/4451
f 4429/5186/4567 3940/5188/4569 4434/5192/4573 4959/5191/4572
f 3940/5188/4569 4431/5190/4571 4960/5193/4574 4434/5192/4573
f 4434/5192/4573 4960/5193/4574 4343/5066/4457 3943/5065/4456
f 4960/5193/4574 4435/4497/3947 3941/4239/3717 4343/5066/4457
f 4431/5190/4571 3939/4478/3932 4435/4497/3947 4960/5193/4574
f 4057/4618/4065 4667/5194/4575 4961/5195/4576 4604/4619/4066
f 4604/4619/4066 4961/5195/4576 4746/4166/3663 4018/4168/3665
f 4961/5195/4576 4745/5196/4577 4092/4163/3660 4746/4166/3663
f 4667/5194/4575 4058/5197/4578 4745/5196/4577 4961/5195/4576
f 3763/4703/4150 4115/4705/4152 4962/5198/4579 4744/5199/4580
f 4744/5199/4580 4962/5198/4579 4733/5200/4581 4097/5201/4582
f 4962/5198/4579 4749/4348/3808 4095/4350/3810 4733/5200/4581
f 4115/4705/4152 3761/4345/3805 4749/4348/3808 4962/5198/4579
f 3788/4765/4212 4172/4760/4207 4963/5202/4583 4623/5203/4584
f 4623/5203/4584 4963/5202/4583 4626/5204/4585 4033/5205/4586
f 4963/5202/4583 4441/5206/4587 4034/5207/4588 4626/5204/4585
f 4172/4760/4207 3790/4759/4206 4441/5206/4587 4963/5202/4583
f 3790/4759/4206 4168/4754/4201 4964/5208/4589 4441/5206/4587
f 4441/5206/4587 4964/5208/4589 4629/5209/4590 4034/5207/4588
f 4964/5208/4589 4443/4301/3763 4035/4304/3766 4629/5209/4590
f 4168/4754/4201 3789/4302/3764 4443/4301/3763 4964/5208/4589
f 3945/5210/4591 4444/5211/4592 4965/5212/4593 4619/5213/4594
f 4619/5213/4594 4965/5212/4593 4620/5214/4595 4032/5215/4596
f 4965/5212/4593 4446/5216/4597 4030/5217/4598 4620/5214/4595
f 4444/5211/4592 3946/5218/4599 4446/5216/4597 4965/5212/4593
f 3946/5218/4599 4447/5219/4600 4966/5220/4601 4446/5216/4597
f 4446/5216/4597 4966/5220/4601 4622/5221/4602 4030/5217/4598
f 4966/5220/4601 4448/5222/4603 4031/4305/3767 4622/5221/4602
f 4447/5219/4600 3944/4544/3993 4448/5222/4603 4966/5220/4601
f 3957/4554/4003 4449/5223/4604 4967/5224/4605 4591/5225/4606
f 4591/5225/4606 4967/5224/4605 4603/5226/4607 4016/5227/4608
f 4967/5224/4605 4451/5228/4609 4017/5229/4610 4603/5226/4607
f 4449/5223/4604 3958/5230/4611 4451/5228/4609 4967/5224/4605
f 3958/5230/4611 4452/4608/4057 4968/5231/4612 4451/5228/4609
f 4451/5228/4609 4968/5231/4612 4615/5232/4613 4017/5229/4610
f 4968/5231/4612 4453/5233/4614 4028/4638/4085 4615/5232/4613
f 4452/4608/4057 3956/4607/4056 4453/5233/4614 4968/5231/4612
f 3951/4523/3973 4454/5234/4615 4969/5235/4616 4594/5236/4617
f 4594/5236/4617 4969/5235/4616 4598/5237/4618 4020/5238/4619
f 4969/5235/4616 4456/5239/4620 4022/5240/4621 4598/5237/4618
f 4454/5234/4615 3952/5241/4622 4456/5239/4620 4969/5235/4616
f 3952/5241/4622 4457/5242/4623 4970/5243/4624 4456/5239/4620
f 4456/5239/4620 4970/5243/4624 4600/5244/4625 4022/5240/4621
f 4970/5243/4624 4458/5245/4626 4019/5246/4627 4600/5244/4625
f 4457/5242/4623 3950/4560/4009 4458/5245/4626 4970/5243/4624
f 4452/4608/4057 3958/5230/4611 3970/5247/4628 4459/4609/4058
f 3970/5247/4628 3958/5230/4611 4449/5223/4604 4460/5248/4629
f 4449/5223/4604 3957/4554/4003 3969/4553/4002 4460/5248/4629
f 3963/4522/3972 4461/5249/4630 4454/5234/4615 3951/4523/3973
f 4461/5249/4630 3964/5250/4631 3952/5241/4622 4454/5234/4615
f 3952/5241/4622 3964/5250/4631 4462/5251/4632 4457/5242/4623
f 4462/5251/4632 3962/4561/4010 3950/4560/4009 4457/5242/4623
f 3966/4531/3981 4463/5252/4633 4438/5253/4634 3954/5254/4635
f 4463/5252/4633 3967/5255/4636 3955/5256/4637 4438/5253/4634
f 3955/5256/4637 3967/5255/4636 4464/5257/4638 4437/5258/4639
f 4464/5257/4638 3965/5259/4640 3953/4624/4071 4437/5258/4639
f 3972/4558/4007 4465/5260/4641 4231/5261/4642 3960/4542/3991
f 4465/5260/4641 3973/5262/4643 3961/5263/4644 4231/5261/4642
f 3961/5264/4644 3973/5265/4643 4466/5266/4645 4230/5267/4646
f 4466/5266/4645 3971/4528/3978 3959/4527/3977 4230/5267/4646
f 3968/4610/4059 4459/4609/4058 4467/5268/4647 3980/5269/4648
f 4459/4609/4058 3970/5247/4628 3982/5270/4649 4467/5268/4647
f 3982/5270/4649 3970/5247/4628 4460/5248/4629 4468/5271/4650
f 4460/5248/4629 3969/4553/4002 3981/4568/4017 4468/5271/4650
f 3975/4562/4011 4469/5272/4651 4461/5249/4630 3963/4522/3972
f 4469/5272/4651 3976/5273/4652 3964/5250/4631 4461/5249/4630
f 3964/5250/4631 3976/5273/4652 4470/5274/4653 4462/5251/4632
f 4470/5274/4653 3974/4575/4024 3962/4561/4010 4462/5251/4632
f 3978/4530/3980 4471/5275/4654 4463/5252/4633 3966/4531/3981
f 4471/5275/4654 3979/5276/4655 3967/5255/4636 4463/5252/4633
f 3967/5255/4636 3979/5276/4655 4472/5277/4656 4464/5257/4638
f 4472/5277/4656 3977/5278/4657 3965/5259/4640 4464/5257/4638
f 3984/4573/4022 4473/5279/4658 4465/5260/4641 3972/4558/4007
f 4473/5279/4658 3985/5280/4659 3973/5262/4643 4465/5260/4641
f 3973/5265/4643 3985/5281/4659 4474/5282/4660 4466/5266/4645
f 4474/5282/4660 3983/4557/4006 3971/4528/3978 4466/5266/4645
f 5227/5283/4661 5245/5284/4662 4475/5285/4663 3992/5286/4664
f 5245/5284/4662 5228/5287/4665 3994/5288/4666 4475/5285/4663
f 5228/5287/4665 3982/5270/4649 4468/5271/4650 5246/5289/4667
f 5246/5289/4667 5229/4586/4035 3993/4604/4053 4476/5290/4668
f 5230/4576/4025 5247/5291/4669 4469/5272/4651 3975/4562/4011
f 5247/5291/4669 5231/5292/4670 3976/5273/4652 4469/5272/4651
f 5231/5292/4670 3988/5293/4671 4478/5294/4672 5248/5295/4673
f 5248/5295/4673 5232/4592/4041 3974/4575/4024 4470/5274/4653
f 5233/4565/4014 5249/5296/4674 4471/5275/4654 3978/4530/3980
f 5249/5296/4674 5234/5297/4675 3979/5276/4655 4471/5275/4654
f 5234/5297/4675 3991/5298/4676 4480/5299/4677 5250/5300/4678
f 5250/5300/4678 5235/5301/4679 3977/5278/4657 4472/5277/4656
f 5236/4590/4039 5251/5302/4680 4473/5279/4658 3984/4573/4022
f 5251/5302/4680 5237/5303/4681 3985/5280/4659 4473/5279/4658
f 5237/5304/4681 3997/5305/4682 4482/5306/4683 5252/5307/4684
f 5252/5307/4684 5238/4570/4019 3983/4557/4006 4474/5282/4660
f 3989/5308/4685 4480/5299/4677 4483/5309/4686 4002/5310/4687
f 4480/5299/4677 3991/5298/4676 4003/5311/4688 4483/5309/4686
f 4003/5311/4688 3991/5298/4676 4479/5312/4689 4484/5313/4690
f 4479/5312/4689 3990/4600/4049 4001/4599/4048 4484/5313/4690
f 4007/4579/4028 4485/5314/4691 4481/5315/4692 3996/4580/4029
f 4485/5314/4691 4009/5316/4693 3997/5317/4682 4481/5315/4692
f 3997/5305/4682 4009/5318/4693 4486/5319/4694 4482/5306/4683
f 4486/5319/4694 4008/4606/4055 3995/4571/4020 4482/5306/4683
f 4004/4603/4052 4487/5320/4695 4476/5290/4668 3993/4604/4053
f 4487/5320/4695 4006/5321/4696 3994/5288/4666 4476/5290/4668
f 3994/5288/4666 4006/5321/4696 4488/5322/4697 4475/5285/4663
f 4488/5322/4697 4005/5323/4698 3992/5286/4664 4475/5285/4663
f 3998/4595/4044 4489/5324/4699 4477/5325/4700 3987/4596/4045
f 4489/5324/4699 4000/5326/4701 3988/5293/4671 4477/5325/4700
f 3988/5293/4671 4000/5326/4701 4490/5327/4702 4478/5294/4672
f 4490/5327/4702 3999/4611/4060 3986/4593/4042 4478/5294/4672
f 4055/4584/4033 4583/5328/4703 4587/5329/4704 4056/4602/4051
f 3818/4193/3687 4246/4916/4333 4971/5330/4705 4491/4194/3688
f 4491/4203/3688 4971/5331/4705 4273/4964/4369 4011/4204/3692
f 4971/5331/4705 4492/5332/4706 4012/4967/4372 4273/4964/4369
f 4246/4916/4333 3820/4918/4335 4492/5333/4706 4971/5330/4705
f 3820/4925/4335 4249/4924/4339 4972/5334/4707 4492/5335/4706
f 4492/5336/4706 4972/5337/4707 4276/4969/4373 4012/4968/4372
f 4972/5337/4707 4493/4233/3712 4010/4232/3713 4276/4969/4373
f 4249/4924/4339 3819/4230/3711 4493/4231/3712 4972/5334/4707
f 3863/4119/3617 4322/5038/4429 4973/5338/4708 4494/5339/4709
f 4494/5340/4709 4973/5341/4708 4349/5072/4463 4014/4283/3749
f 4973/5341/4708 4495/5342/4710 4015/5075/4466 4349/5072/4463
f 4322/5038/4429 3865/5040/4431 4495/5343/4710 4973/5338/4708
f 3865/5040/4431 4325/5044/4435 4974/5344/4711 4495/5343/4710
f 4495/5342/4710 4974/5345/4711 4352/5076/4467 4015/5075/4466
f 4974/5345/4711 4496/4202/3689 4013/4201/3691 4352/5076/4467
f 4325/5044/4435 3864/4198/3690 4496/4197/3689 4974/5344/4711
f 4038/4226/3709 4633/4229/3710 4975/5346/4712 4647/5347/4713
f 4647/5347/4713 4975/5346/4712 4497/4143/3641 4039/4142/3640
f 4975/5346/4712 4250/4926/4340 3842/4147/3645 4497/4143/3641
f 4633/4229/3710 3819/4230/3711 4250/4926/4340 4975/5346/4712
f 4022/5240/4621 4596/5348/4714 4976/5349/4715 4598/5237/4618
f 4598/5237/4618 4976/5349/4715 4630/5350/4716 4020/5238/4619
f 4976/5349/4715 4631/5351/4717 4037/5352/4718 4630/5350/4716
f 4596/5348/4714 3738/5353/4719 4631/5351/4717 4976/5349/4715
f 4036/4552/4001 4593/5354/4720 4977/5355/4721 4105/4550/3999
f 4105/4550/3999 4977/5355/4721 4104/5356/4722 4023/4551/4000
f 4977/5355/4721 4602/5357/4723 4016/5227/4608 4104/5356/4722
f 4593/5354/4720 4019/5246/4627 4602/5357/4723 4977/5355/4721
f 4019/5246/4627 4593/5354/4720 4978/5358/4724 4600/5244/4625
f 4600/5244/4625 4978/5358/4724 4596/5348/4714 4022/5240/4621
f 4978/5358/4724 4597/5359/4725 3738/5353/4719 4596/5348/4714
f 4593/5354/4720 4036/4552/4001 4597/5359/4725 4978/5358/4724
f 4021/4170/3667 4595/5360/4726 4979/5361/4727 4601/4167/3664
f 4601/4167/3664 4979/5361/4727 4436/4623/4070 4018/4168/3665
f 4979/5361/4727 4437/5258/4639 3953/4624/4071 4436/4623/4070
f 4595/5360/4726 3955/5256/4637 4437/5258/4639 4979/5361/4727
f 4019/5246/4627 4458/5245/4626 4980/5362/4728 4602/5357/4723
f 4602/5357/4723 4980/5362/4728 4591/5225/4606 4016/5227/4608
f 4980/5362/4728 4573/4555/4004 3957/4554/4003 4591/5225/4606
f 4458/5245/4626 3950/4560/4009 4573/4555/4004 4980/5362/4728
f 4017/5229/4610 4592/5363/4729 4981/5364/4730 4603/5226/4607
f 4603/5226/4607 4981/5364/4730 4104/5356/4722 4016/5227/4608
f 4981/5364/4730 4500/5365/4731 4023/4551/4000 4104/5356/4722
f 4592/5363/4729 4029/5366/4732 4500/5365/4731 4981/5364/4730
f 4029/5366/4732 4614/5367/4733 4982/5368/4734 4500/5365/4731
f 4500/5365/4731 4982/5368/4734 4450/4548/3997 4023/4551/4000
f 4982/5368/4734 4442/5369/4735 3948/4549/3998 4450/4548/3997
f 4614/5367/4733 3949/5370/4736 4442/5369/4735 4982/5368/4734
f 4025/4520/3970 4605/5371/4737 4983/5372/4738 4607/4518/3968
f 4607/4518/3968 4983/5372/4738 4595/5360/4726 4021/4170/3667
f 4983/5372/4738 4438/5253/4634 3955/5256/4637 4595/5360/4726
f 4605/5371/4737 3954/5254/4635 4438/5253/4634 4983/5372/4738
f 4024/4665/4112 4229/5373/4739 4984/5374/4740 4608/4664/4111
f 4608/4664/4111 4984/5374/4740 4605/5371/4737 4025/4520/3970
f 4984/5374/4740 4499/4526/3976 3954/5254/4635 4605/5371/4737
f 4229/5373/4739 3959/4527/3977 4499/4526/3976 4984/5374/4740
f 4026/4770/4217 4606/5375/4741 4985/5376/4742 4609/4768/4215
f 4609/4768/4215 4985/5376/4742 4229/5373/4739 4024/4665/4112
f 4985/5376/4742 4230/5267/4646 3959/4527/3977 4229/5373/4739
f 4606/5375/4741 3961/5264/4644 4230/5267/4646 4985/5376/4742
f 4027/4540/3989 4610/4539/3988 4986/5377/4743 4613/4886/4311
f 4613/4886/4311 4986/5377/4743 4606/5378/4741 4026/4887/4217
f 4986/5377/4743 4231/5261/4642 3961/5263/4644 4606/5378/4741
f 4610/4539/3988 3960/4542/3991 4231/5261/4642 4986/5377/4743
f 3739/4640/4087 4543/5379/4744 4987/5380/4745 4612/5381/4746
f 4612/5381/4746 4987/5380/4745 4614/5367/4733 4029/5366/4732
f 4987/5380/4745 4440/5382/4747 3949/5370/4736 4614/5367/4733
f 4543/5379/4744 3947/5383/4748 4440/5382/4747 4987/5380/4745
f 4028/4638/4085 4611/4637/4084 4988/5384/4749 4615/5232/4613
f 4615/5232/4613 4988/5384/4749 4592/5363/4729 4017/5229/4610
f 4988/5384/4749 4612/5381/4746 4029/5366/4732 4592/5363/4729
f 4611/4637/4084 3739/4640/4087 4612/5381/4746 4988/5384/4749
f 4030/5217/4598 4617/5385/4750 4989/5386/4751 4620/5214/4595
f 4620/5214/4595 4989/5386/4751 4445/5387/4752 4032/5215/4596
f 4989/5386/4751 4107/4649/4096 3750/4648/4095 4445/5387/4752
f 4617/5385/4750 3751/4656/4103 4107/4649/4096 4989/5386/4751
f 3738/5353/4719 4599/5388/4753 4990/5389/4754 4631/5351/4717
f 4631/5351/4717 4990/5389/4754 4455/5390/4755 4037/5352/4718
f 4990/5389/4754 4444/5211/4592 3945/5210/4591 4455/5390/4755
f 4599/5388/4753 3946/5218/4599 4444/5211/4592 4990/5389/4754
f 4031/4305/3767 4618/4298/3760 4991/5391/4756 4622/5221/4602
f 4622/5221/4602 4991/5391/4756 4617/5385/4750 4030/5217/4598
f 4991/5391/4756 4111/4657/4104 3751/4656/4103 4617/5385/4750
f 4618/4298/3760 3749/4297/3759 4111/4657/4104 4991/5391/4756
f 4034/5207/4588 4624/5392/4757 4992/5393/4758 4626/5204/4585
f 4626/5204/4585 4992/5393/4758 4439/5394/4759 4033/5205/4586
f 4992/5393/4758 4440/5382/4747 3947/5383/4748 4439/5394/4759
f 4624/5392/4757 3949/5370/4736 4440/5382/4747 4992/5393/4758
f 4036/4552/4001 4106/4545/3994 4993/5395/4760 4597/5359/4725
f 4597/5359/4725 4993/5395/4760 4599/5388/4753 3738/5353/4719
f 4993/5395/4760 4447/5219/4600 3946/5218/4599 4599/5388/4753
f 4106/4545/3994 3944/4544/3993 4447/5219/4600 4993/5395/4760
f 4031/4305/3767 4448/5222/4603 4994/5396/4761 4628/4303/3765
f 4628/4303/3765 4994/5396/4761 4625/5397/4762 4035/4304/3766
f 4994/5396/4761 4518/4547/3996 3948/4549/3998 4625/5397/4762
f 4448/5222/4603 3944/4544/3993 4518/4547/3996 4994/5396/4761
f 4035/4304/3766 4625/5397/4762 4995/5398/4763 4629/5209/4590
f 4629/5209/4590 4995/5398/4763 4624/5392/4757 4034/5207/4588
f 4995/5398/4763 4442/5369/4735 3949/5370/4736 4624/5392/4757
f 4625/5397/4762 3948/4549/3998 4442/5369/4735 4995/5398/4763
f 4063/4090/3588 4673/4089/3587 4996/5399/4764 4674/5400/4765
f 4674/5400/4765 4996/5399/4764 4515/4221/3704 4061/4220/3703
f 4996/5399/4764 4277/4972/4375 4010/4232/3713 4515/4221/3704
f 4673/4089/3587 3845/4092/3590 4277/4972/4375 4996/5399/4764
f 3762/4701/4148 4114/4700/4147 4997/5401/4766 4743/5402/4767
f 4743/5402/4767 4997/5401/4766 4730/5403/4768 4093/5404/4769
f 4997/5401/4766 4744/5199/4580 4097/5201/4582 4730/5403/4768
f 4114/4700/4147 3763/4703/4150 4744/5199/4580 4997/5401/4766
f 3746/4671/4118 4501/5405/4770 4998/5406/4771 4117/4669/4116
f 5171/5407/4772 5197/5408/4773 4636/5409/4774 3740/5410/4775
f 5197/5408/4773 5183/4627/4074 4041/4630/4077 4636/5409/4774
f 4501/5405/4770 4040/4501/3951 4648/4626/4073 4998/5406/4771
f 3915/4686/4133 4642/5411/4776 4999/5412/4777 4394/5131/4522
f 4394/5131/4522 4999/5412/4777 4569/5413/4778 3911/5125/4516
f 4999/5412/4777 4649/4511/3961 4051/4504/3954 4569/5413/4778
f 4642/5411/4776 4047/4126/3624 4649/4511/3961 4999/5412/4777
f 3911/5125/4516 4569/5413/4778 5000/5414/4779 4389/5123/4514
f 4389/5123/4514 5000/5414/4779 4509/5415/4780 3908/5117/4508
f 5000/5414/4779 4650/4507/3957 4044/4136/3634 4509/5415/4780
f 4569/5413/4778 4051/4504/3954 4650/4507/3957 5000/5414/4779
f 3768/4741/4188 4511/5416/4781 5001/5417/4782 4167/4753/4200
f 4167/4753/4200 5001/5417/4782 4501/5405/4770 3746/4671/4118
f 5001/5417/4782 4651/4499/3949 4040/4501/3951 4501/5405/4770
f 4511/5416/4781 4045/4190/3684 4651/4499/3949 5001/5417/4782
f 3764/4717/4164 4638/5418/4783 5002/5419/4784 4144/4715/4162
f 4144/4715/4162 5002/5419/4784 4643/5420/4785 3771/4716/4163
f 5002/5419/4784 4652/4343/3803 4048/4130/3628 4643/5420/4785
f 4638/5418/4783 4043/4108/3606 4652/4343/3803 5002/5419/4784
f 3777/4733/4180 4527/5421/4786 5003/5422/4787 4159/4740/4187
f 4159/4740/4187 5003/5422/4787 4511/5416/4781 3768/4741/4188
f 5003/5422/4787 4653/4188/3682 4045/4190/3684 4511/5416/4781
f 4527/5421/4786 4049/4099/3597 4653/4188/3682 5003/5422/4787
f 3762/4701/4148 4634/5423/4788 5004/5424/4789 4135/4699/4146
f 4135/4699/4146 5004/5424/4789 4521/5425/4790 3758/4691/4138
f 5004/5424/4789 4654/4145/3643 4046/4121/3619 4521/5425/4790
f 4634/5423/4788 4039/4142/3640 4654/4145/3643 5004/5424/4789
f 3908/5117/4508 4509/5415/4780 5005/5426/4791 4384/5115/4506
f 4384/5115/4506 5005/5426/4791 4505/5427/4792 3743/4745/4192
f 5005/5426/4791 4655/4139/3637 4042/4103/3601 4505/5427/4792
f 4509/5415/4780 4044/4136/3634 4655/4139/3637 5005/5426/4791
f 3771/4716/4163 4643/5420/4785 5006/5428/4793 4149/4724/4171
f 4149/4724/4171 5006/5428/4793 4645/5429/4794 3774/4725/4172
f 5006/5428/4793 4656/4133/3631 4050/4094/3592 4645/5429/4794
f 4643/5420/4785 4048/4130/3628 4656/4133/3631 5006/5428/4793
f 3758/4691/4138 4521/5425/4790 5007/5430/4795 4129/4689/4136
f 4129/4689/4136 5007/5430/4795 4642/5411/4776 3915/4686/4133
f 5007/5430/4795 4657/4124/3622 4047/4126/3624 4642/5411/4776
f 4521/5425/4790 4046/4121/3619 4657/4124/3622 5007/5430/4795
f 3743/4745/4192 4505/5427/4792 5008/5431/4796 4160/4743/4190
f 4160/4743/4190 5008/5431/4796 4638/5418/4783 3764/4717/4164
f 5008/5431/4796 4658/4106/3604 4043/4108/3606 4638/5418/4783
f 4505/5427/4792 4042/4103/3601 4658/4106/3604 5008/5431/4796
f 3774/4725/4172 4645/5429/4794 5009/5432/4797 4154/4732/4179
f 4154/4732/4179 5009/5432/4797 4527/5421/4786 3777/4733/4180
f 5009/5432/4797 4659/4097/3595 4049/4099/3597 4527/5421/4786
f 4645/5429/4794 4050/4094/3592 4659/4097/3595 5009/5432/4797
f 4020/5238/4619 4665/5433/4798 5010/5434/4799 4594/5236/4617
f 4594/5236/4617 5010/5434/4799 4660/4524/3974 3951/4523/3973
f 5010/5434/4799 4666/4621/4068 4052/4533/3983 4660/4524/3974
f 4665/5433/4798 4057/4618/4065 4666/4621/4068 5010/5434/4799
f 5239/4583/4032 5253/5435/4800 4583/5328/4703 4055/4584/4033
f 4583/5328/4703 3989/5308/4685 4002/5310/4687 4587/5329/4704
f 4053/4534/3975 4575/5436/3975 4579/5437/4801 4054/4567/4016
f 5253/5435/4800 5235/5301/4679 3989/5308/4685 4583/5328/4703
f 4052/4533/3983 4572/4622/4069 4575/5436/3975 4053/4534/3975
f 4575/5436/3975 3965/5259/4640 3977/5278/4657 4579/5437/4801
f 5240/4598/4047 5254/5438/4802 4586/5439/4803 4069/4588/4037
f 4572/4622/4069 3953/4624/4071 3965/5259/4640 4575/5436/3975
f 4020/5238/4619 4630/5350/4716 5011/5440/4804 4665/5433/4798
f 4665/5433/4798 5011/5440/4804 4667/5194/4575 4057/4618/4065
f 5011/5440/4804 4632/5441/4805 4058/5197/4578 4667/5194/4575
f 4630/5350/4716 4037/5352/4718 4632/5441/4805 5011/5440/4804
f 4032/5215/4596 4621/5442/4806 5012/5443/4807 4619/5213/4594
f 4619/5213/4594 5012/5443/4807 4671/5444/4808 3945/5210/4591
f 5012/5443/4807 4674/5400/4765 4061/4220/3703 4671/5444/4808
f 4621/5442/4806 4063/4090/3588 4674/5400/4765 5012/5443/4807
f 3756/4681/4128 4519/5445/4809 5013/5446/4810 4123/4679/4126
f 4123/4679/4126 5013/5446/4810 4513/5447/4811 3752/4653/4100
f 5013/5446/4810 4675/4184/3678 4059/4148/3646 4513/5447/4811
f 4519/5445/4809 4062/4181/3675 4675/4184/3678 5013/5446/4810
f 3752/4653/4100 4513/5447/4811 5014/5448/4812 4108/4651/4098
f 4108/4651/4098 5014/5448/4812 4670/5449/4813 3750/4648/4095
f 5014/5448/4812 4676/4151/3649 4060/4085/3583 4670/5449/4813
f 4513/5447/4811 4059/4148/3646 4676/4151/3649 5014/5448/4812
f 3750/4648/4095 4670/5449/4813 5015/5450/4814 4445/5387/4752
f 4445/5387/4752 5015/5450/4814 4621/5442/4806 4032/5215/4596
f 5015/5450/4814 4677/4088/3586 4063/4090/3588 4621/5442/4806
f 4670/5449/4813 4060/4085/3583 4677/4088/3586 5015/5450/4814
f 4037/5352/4718 4455/5390/4755 5016/5451/4815 4632/5441/4805
f 4058/5197/4578 4632/5441/4805 5016/5451/4815 4668/5452/4816
f 4064/4224/3707 4668/5452/4816 5016/5451/4815 4679/4223/3706
f 4061/4220/3703 4679/4223/3706 5016/5451/4815 4671/5444/4808
f 3945/5210/4591 4671/5444/4808 5016/5451/4815 4455/5390/4755
f 4069/4588/4037 4586/5439/4803 4590/5453/4817 4070/4589/4038
f 5254/5438/4802 5227/5283/4661 3992/5286/4664 4586/5439/4803
f 4067/4564/4013 4578/5454/4013 4582/5455/4818 4068/4578/4027
f 4586/5439/4803 3992/5286/4664 4005/5323/4698 4590/5453/4817
f 4066/4543/3992 4574/5456/4819 4578/5454/4013 4067/4564/4013
f 4578/5454/4013 3968/4610/4059 3980/5269/4648 4582/5455/4818
f 4574/5456/4819 3956/4607/4056 3968/4610/4059 4578/5454/4013
f 4028/4638/4085 4453/5233/4614 5017/5457/4820 4616/4636/4083
f 4616/4636/4083 5017/5457/4820 4687/4536/3985 4071/4535/3984
f 5017/5457/4820 4574/5456/4819 4066/4543/3992 4687/4536/3985
f 4453/5233/4614 3956/4607/4056 4574/5456/4819 5017/5457/4820
f 5221/4790/4234 5217/5458/4821 5018/5459/4822 4183/4788/4232
f 4183/4788/4232 5018/5459/4822 4690/5460/4823 3786/4789/4233
f 5018/5459/4822 4701/4645/4092 4075/4462/3919 4690/5460/4823
f 5217/5458/4821 5226/4642/4089 4701/4645/4092 5018/5459/4822
f 3918/5143/4532 4693/5461/4824 5019/5462/4825 4406/5152/4539
f 4406/5152/4539 5019/5462/4825 4700/5463/4826 3921/5153/4540
f 5019/5462/4825 4702/4484/3938 4085/4468/3925 4700/5463/4826
f 4693/5461/4824 4078/4456/3913 4702/4484/3938 5019/5462/4825
f 3921/5153/4540 4700/5463/4826 5020/5464/4827 4409/5158/4544
f 4409/5158/4544 5020/5464/4827 4545/5465/4828 3923/4813/4254
f 5020/5464/4827 4703/4471/3928 4080/4408/3868 4545/5465/4828
f 4700/5463/4826 4085/4468/3925 4703/4471/3928 5020/5464/4827
f 3786/4789/4233 4690/5460/4823 5021/5466/4829 4226/4878/4306
f 4226/4878/4306 5021/5466/4829 4694/5467/4830 3806/4860/4292
f 5021/5466/4829 4704/4465/3922 4079/4432/3890 4694/5467/4830
f 4690/5460/4823 4075/4462/3919 4704/4465/3922 5021/5466/4829
f 3783/4876/4304 4692/5468/4831 5022/5469/4832 4401/5142/4531
f 4401/5142/4531 5022/5469/4832 4693/5461/4824 3918/5143/4532
f 5022/5469/4832 4705/4454/3911 4078/4456/3913 4693/5461/4824
f 4692/5468/4831 4077/4404/3864 4705/4454/3911 5022/5469/4832
f 3812/4840/4276 4549/5470/4833 5023/5471/4834 4206/4838/4274
f 4206/4838/4274 5023/5471/4834 4547/5472/4835 3809/4827/4266
f 5023/5471/4834 4706/4451/3908 4082/4420/3880 4547/5472/4835
f 4549/5470/4833 4084/4444/3902 4706/4451/3908 5023/5471/4834
f 3815/4850/4284 4698/5473/4836 5024/5474/4837 4211/4848/4282
f 4211/4848/4282 5024/5474/4837 4549/5470/4833 3812/4840/4276
f 5024/5474/4837 4707/4442/3900 4084/4444/3902 4549/5470/4833
f 4698/5473/4836 4083/4437/3895 4707/4442/3900 5024/5474/4837
f 3806/4860/4292 4694/5467/4830 5025/5475/4838 4216/4858/4290
f 4216/4858/4290 5025/5475/4838 4698/5473/4836 3815/4850/4284
f 5025/5475/4838 4708/4435/3893 4083/4437/3895 4698/5473/4836
f 4694/5467/4830 4079/4432/3890 4708/4435/3893 5025/5475/4838
f 3809/4827/4266 4547/5472/4835 5026/5476/4839 4200/4825/4264
f 4200/4825/4264 5026/5476/4839 4537/5477/4840 3804/4822/4261
f 5026/5476/4839 4709/4423/3883 4076/4399/3859 4537/5477/4840
f 4547/5472/4835 4082/4420/3880 4709/4423/3883 5026/5476/4839
f 3798/4812/4253 4696/5478/4841 5027/5479/4842 4198/4820/4259
f 4198/4820/4259 5027/5479/4842 4531/5480/4843 3800/4821/4260
f 5027/5479/4842 4710/4418/3878 4072/4112/3610 4531/5480/4843
f 4696/5478/4841 4081/4413/3873 4710/4418/3878 5027/5479/4842
f 3923/4813/4254 4545/5465/4828 5028/5481/4844 4195/4811/4252
f 4195/4811/4252 5028/5481/4844 4696/5478/4841 3798/4812/4253
f 5028/5481/4844 4711/4411/3871 4081/4413/3873 4696/5478/4841
f 4545/5465/4828 4080/4408/3868 4711/4411/3871 5028/5481/4844
f 3804/4822/4261 4537/5477/4840 5029/5482/4845 4225/4875/4303
f 4225/4875/4303 5029/5482/4845 4692/5468/4831 3783/4876/4304
f 5029/5482/4845 4712/4402/3862 4077/4404/3864 4692/5468/4831
f 4537/5477/4840 4076/4399/3859 4712/4402/3862 5029/5482/4845
f 4064/4224/3707 4678/4225/3708 5030/5483/4846 4668/5452/4816
f 4058/5197/4578 4668/5452/4816 5030/5483/4846 4745/5196/4577
f 4092/4163/3660 4745/5196/4577 5030/5483/4846 4726/5484/4847
f 4093/5404/4769 4726/5485/4847 5030/5486/4846 4742/5487/4848
f 4038/4226/3709 4742/5487/4848 5030/5486/4846 4678/4227/3708
f 3788/4765/4212 4541/5488/4849 5031/5489/4850 4174/4763/4210
f 4174/4763/4210 5031/5489/4850 4716/5490/3844 3792/4764/4211
f 5031/5489/4850 4719/4460/3917 4088/4384/3844 4716/5490/3844
f 4541/5488/4849 4087/4393/3853 4719/4460/3917 5031/5489/4850
f 3788/4765/4212 4623/5203/4584 5032/5491/4851 4541/5488/4849
f 4541/5488/4849 5032/5491/4851 4720/4394/3854 4087/4393/3853
f 5032/5491/4851 4627/5492/4852 4090/4276/3742 4720/4394/3854
f 4623/5203/4584 4033/5205/4586 4627/5492/4852 5032/5491/4851
f 3792/4764/4211 4716/5490/3844 5033/5493/4853 4188/4797/4241
f 4188/4797/4241 5033/5493/4853 4717/5494/4854 3794/4798/4242
f 5033/5493/4853 4721/4387/3847 4089/4389/3849 4717/5494/4854
f 4716/5490/3844 4088/4384/3844 4721/4387/3847 5033/5493/4853
f 4033/5205/4586 4439/5394/4759 5034/5495/4855 4627/5492/4852
f 4627/5492/4852 5034/5495/4855 4722/4277/3743 4090/4276/3742
f 5034/5495/4855 4714/5496/4856 4086/4284/3750 4722/4277/3743
f 4439/5394/4759 3947/5383/4748 4714/5496/4856 5034/5495/4855
f 4073/4117/3615 4532/4116/3614 5035/5497/4857 4724/5498/4858
f 4091/5499/4859 4724/5500/4858 5035/5501/4857 4725/5502/4860
f 4086/4284/3750 4725/5502/4860 5035/5501/4857 4533/4282/3748
f 4014/4283/3749 4533/4282/3748 5035/5501/4857 4494/5340/4709
f 3863/4119/3617 4494/5339/4709 5035/5497/4857 4532/4116/3614
f 4086/4284/3750 4714/5496/4856 5036/5503/4861 4725/5502/4860
f 4091/5499/4859 4725/5502/4860 5036/5503/4861 4723/5504/4862
f 4065/4641/4088 4723/5504/4862 5036/5503/4861 4534/4639/4086
f 3739/4640/4087 4534/4639/4086 5036/5503/4861 4543/5379/4744
f 3947/5383/4748 4543/5379/4744 5036/5503/4861 4714/5496/4856
f 3800/4821/4260 4531/5480/4843 5037/5505/4863 4755/4892/4314
f 4755/4892/4314 5037/5505/4863 4757/5506/4864 4100/4893/4315
f 5037/5505/4863 4713/4115/3613 4073/4117/3615 4757/5506/4864
f 4531/5480/4843 4072/4112/3610 4713/4115/3613 5037/5505/4863
f 4101/4775/4222 4727/5507/4865 5038/5508/4866 4756/4774/4221
f 4065/4641/4088 4756/4774/4221 5038/5508/4866 4723/5504/4862
f 4091/5499/4859 4723/5504/4862 5038/5508/4866 4724/5500/4858
f 4073/4117/3615 4724/5498/4858 5038/5509/4866 4757/5506/4864
f 4100/4893/4315 4757/5506/4864 5038/5509/4866 4727/5510/4865
f 4092/4163/3660 4726/5484/4847 5039/5511/4867 4728/4164/3661
f 4728/4164/3661 5039/5511/4867 4729/5512/4868 4096/4171/3668
f 5039/5513/4867 4730/5403/4768 4097/5201/4582 4729/5514/4868
f 4726/5485/4847 4093/5404/4769 4730/5403/4768 5039/5513/4867
f 4096/4171/3668 4729/5512/4868 5040/5515/4869 4731/4516/3966
f 4731/4516/3966 5040/5515/4869 4732/5516/4870 4094/4521/3971
f 5040/5517/4869 4733/5200/4581 4095/4350/3810 4732/5518/4870
f 4729/5514/4868 4097/5201/4582 4733/5200/4581 5040/5517/4869
f 4099/4660/4107 4734/5519/4871 5041/5520/4872 4735/4766/4213
f 4735/4766/4213 5041/5520/4872 4736/5521/4873 4102/4771/4218
f 5041/5522/4872 4737/4310/3772 4103/4313/3775 4736/5523/4873
f 4734/5524/4871 4098/4311/3773 4737/4310/3772 5041/5522/4872
f 4102/4882/4218 4736/5525/4873 5042/5526/4874 4738/4883/4309
f 4738/4883/4309 5042/5526/4874 4727/5507/4865 4101/4775/4222
f 5042/5527/4874 4739/4890/4313 4100/4893/4315 4727/5510/4865
f 4736/5528/4873 4103/4891/3775 4739/4890/4313 5042/5527/4874
f 4094/4521/3971 4732/5516/4870 5043/5529/4875 4740/4663/4110
f 4740/4663/4110 5043/5529/4875 4734/5519/4871 4099/4660/4107
f 5043/5530/4875 4741/4349/3809 4098/4311/3773 4734/5524/4871
f 4732/5518/4870 4095/4350/3810 4741/4349/3809 5043/5530/4875
f 4093/5404/4769 4742/5487/4848 5044/5531/4876 4743/5402/4767
f 4743/5402/4767 5044/5531/4876 4634/5423/4788 3762/4701/4148
f 5044/5531/4876 4647/5347/4713 4039/4142/3640 4634/5423/4788
f 4742/5487/4848 4038/4226/3709 4647/5347/4713 5044/5531/4876
f 3966/4531/3981 3954/5254/4635 4499/4526/3976 4577/4529/3979
f 4503/5532/3539 5068/5533/3541 5048/5534/3541 3779/5535/4877
f 3741/5536/4878 5046/5537/3541 5068/5533/3541 4503/5532/3539
f 4327/5538/4879 5065/5539/3541 5056/5540/3541 3868/5541/4880
f 3866/5542/4881 5054/5543/3541 5065/5539/3541 4327/5538/4879
f 4120/5544/4882 5060/5545/3541 5046/5537/3541 3741/5536/4878
f 3742/5546/4883 5047/5547/3541 5060/5545/3541 4120/5544/4882
f 4181/5548/4884 5062/5549/3541 5049/5550/3541 3780/5551/4885
f 4689/5552/4886 5072/5553/3541 5054/5543/3541 3866/5542/4881
f 4255/5554/4887 5064/5555/3541 5052/5556/3541 3822/4632/4079
f 3781/5557/4888 5050/5558/3541 5062/5549/3541 4181/5548/4884
f 4074/5559/4889 5058/5560/3541 5072/5553/3541 4689/5552/4886
f 4553/5561/3554 5070/5562/3541 5051/5563/3541 3821/5564/4890
f 3823/5565/4891 5053/5566/3541 5064/5555/3541 4255/5554/4887
f 3867/5567/4892 5055/5568/3541 5070/5562/3541 4553/5561/3554
f 4116/5569/4893 5059/5570/3541 5047/5547/3541 3742/5546/4883
f 3740/5410/4775 5045/5571/3541 5059/5570/3541 4116/5569/4893
f 4331/5572/4894 5066/5573/3541 5055/5568/3541 3867/5567/4892
f 4177/5574/4895 5061/5575/3541 5050/5576/3541 3781/5577/4888
f 4535/5578/4896 5069/5579/3541 5058/5560/3541 4074/5559/4889
f 4251/5580/4897 5063/5581/3541 5053/5582/3541 3823/5583/4891
f 3868/5541/4880 5056/5540/3541 5066/5573/3541 4331/5572/4894
f 3779/5535/4877 5048/5534/3541 5061/5575/3541 4177/5574/4895
f 4636/5409/4774 5071/5584/3541 5045/5571/3541 3740/5410/4775
f 3780/5551/4885 5049/5550/3541 5069/5579/3541 4535/5578/4896
f 4502/4629/4076 5067/5585/3541 5057/5586/3541 4041/4630/4077
f 3821/5564/4890 5051/5563/3541 5063/5581/3541 4251/5580/4897
f 4041/4630/4077 5057/5586/3541 5071/5584/3541 4636/5409/4774
f 3822/4632/4079 5052/5556/3541 5067/5585/3541 4502/4629/4076
f 5060/5587/3541 5047/5588/3541 5059/5589/3541 5073/5590/3541
f 5073/5590/3541 5059/5589/3541 5045/3907/3541 5078/5591/3541
f 5078/5591/3541 5045/3907/3541 5071/3909/3541 5083/5592/3541
f 5083/5592/3541 5071/3909/3541 5057/5593/3541 5088/5594/3541
f 5088/5594/3541 5057/5593/3541 5067/3913/3541 5093/5595/3541
f 5093/5595/3541 5067/3913/3541 5052/3915/3541 5098/5596/3541
f 5098/5596/3541 5052/3915/3541 5064/5597/3541 5103/5598/3541
f 5103/5598/3541 5064/5597/3541 5053/5599/3541 5063/5600/3541
f 5046/5601/3541 5060/5587/3541 5073/5590/3541 5074/5602/3541
f 5074/5602/3541 5073/5590/3541 5078/5591/3541 5079/5603/3541
f 5079/5603/3541 5078/5591/3541 5083/5592/3541 5084/5604/3541
f 5084/5604/3541 5083/5592/3541 5088/5594/3541 5089/5605/3541
f 5089/5605/3541 5088/5594/3541 5093/5595/3541 5094/5606/3541
f 5094/5606/3541 5093/5595/3541 5098/5596/3541 5099/5607/3541
f 5099/5607/3541 5098/5596/3541 5103/5598/3541 5104/5608/3541
f 5104/5608/3541 5103/5598/3541 5063/5600/3541 5051/5609/3541
f 5068/5610/3541 5046/5601/3541 5074/5602/3541 5075/5611/3541
f 5075/5611/3541 5074/5602/3541 5079/5603/3541 5080/5612/3541
f 5080/5612/3541 5079/5603/3541 5084/5604/3541 5085/5613/3541
f 5085/5613/3541 5084/5604/3541 5089/5605/3541 5090/5614/3541
f 5090/5614/3541 5089/5605/3541 5094/5606/3541 5095/5615/3541
f 5095/5615/3541 5094/5606/3541 5099/5607/3541 5100/5616/3541
f 5100/5616/3541 5099/5607/3541 5104/5608/3541 5105/5617/3541
f 5105/5617/3541 5104/5608/3541 5051/5609/3541 5070/5618/3541
f 5048/5619/3541 5068/5610/3541 5075/5611/3541 5076/5620/3541
f 5076/5620/3541 5075/5611/3541 5080/5612/3541 5081/5621/3541
f 5081/5621/3541 5080/5612/3541 5085/5613/3541 5086/5622/3541
f 5086/5622/3541 5085/5613/3541 5090/5614/3541 5091/5623/3541
f 5091/5623/3541 5090/5614/3541 5095/5615/3541 5096/5624/3541
f 5096/5624/3541 5095/5615/3541 5100/5616/3541 5101/5625/3541
f 5101/5625/3541 5100/5616/3541 5105/5617/3541 5106/5626/3541
f 5106/5626/3541 5105/5617/3541 5070/5618/3541 5055/5627/3541
f 5061/5628/3541 5048/5619/3541 5076/5620/3541 5077/5629/3541
f 5077/5629/3541 5076/5620/3541 5081/5621/3541 5082/5630/3541
f 5082/5630/3541 5081/5621/3541 5086/5622/3541 5087/5631/3541
f 5087/5631/3541 5086/5622/3541 5091/5623/3541 5092/5632/3541
f 5092/5632/3541 5091/5623/3541 5096/5624/3541 5097/5633/3541
f 5097/5633/3541 5096/5624/3541 5101/5625/3541 5102/5634/3541
f 5102/5634/3541 5101/5625/3541 5106/5626/3541 5107/5635/3541
f 5107/5635/3541 5106/5626/3541 5055/5627/3541 5066/5636/3541
f 5050/5637/3541 5061/5628/3541 5077/5629/3541 5062/5638/3541
f 5062/5638/3541 5077/5629/3541 5082/5630/3541 5049/5639/3541
f 5049/5639/3541 5082/5630/3541 5087/5631/3541 5069/5640/3541
f 5069/5640/3541 5087/5631/3541 5092/5632/3541 5058/5641/3541
f 5058/5641/3541 5092/5632/3541 5097/5633/3541 5072/5642/3541
f 5072/5642/3541 5097/5633/3541 5102/5634/3541 5054/5643/3541
f 5054/5643/3541 5102/5634/3541 5107/5635/3541 5065/5644/3541
f 5065/5644/3541 5107/5635/3541 5066/5636/3541 5056/5645/3541
f 4008/4606/4055 5118/5646/3541 5132/5647/3541 4589/4601/4050
f 4486/5319/4694 5125/5648/3541 5118/5646/3541 4008/4606/4055
f 4590/5453/4817 5133/5649/3541 5121/5650/3541 4070/4589/4038
f 4490/5327/4702 5129/5651/3541 5109/5652/3541 3999/4611/4060
f 4009/5318/4693 5119/5653/3541 5125/5648/3541 4486/5319/4694
f 4664/4597/4046 5134/5654/3541 5108/5655/3541 3998/4595/4044
f 4005/5323/4698 5115/5656/3541 5133/5649/3541 4590/5453/4817
f 4000/5326/4701 5110/5657/3541 5129/5651/3541 4490/5327/4702
f 4056/4602/4051 5120/5658/3541 5134/5654/3541 4664/4597/4046
f 4487/5320/4695 5126/5659/3541 5116/5660/3541 4006/5321/4696
f 4483/5309/4686 5122/5661/3541 5112/5662/3541 4002/5310/4687
f 4004/4603/4052 5114/5663/3541 5126/5659/3541 4487/5320/4695
f 4003/5311/4688 5113/5664/3541 5122/5661/3541 4483/5309/4686
f 4684/4582/4031 5135/5665/3541 5117/5666/3541 4007/4579/4028
f 4070/4589/4038 5121/5650/3541 5135/5665/3541 4684/4582/4031
f 4484/5313/4690 5123/5667/3541 5113/5664/3541 4003/5311/4688
f 4488/5322/4697 5127/5668/3541 5115/5656/3541 4005/5323/4698
f 4001/4599/4048 5111/5669/3541 5123/5667/3541 4484/5313/4690
f 4587/5329/4704 5130/5670/3541 5120/5658/3541 4056/4602/4051
f 4006/5321/4696 5116/5660/3541 5127/5668/3541 4488/5322/4697
f 4002/5310/4687 5112/5662/3541 5130/5670/3541 4587/5329/4704
f 4485/5314/4691 5124/5671/3541 5119/5672/3541 4009/5316/4693
f 4588/4605/4054 5131/5673/3541 5114/5663/3541 4004/4603/4052
f 4489/5324/4699 5128/5674/3541 5110/5657/3541 4000/5326/4701
f 4007/4579/4028 5117/5666/3541 5124/5671/3541 4485/5314/4691
f 3999/4611/4060 5109/5652/3541 5131/5673/3541 4588/4605/4054
f 3998/4595/4044 5108/5655/3541 5128/5674/3541 4489/5324/4699
f 4589/4601/4050 5132/5647/3541 5111/5669/3541 4001/4599/4048
f 5125/5675/3541 5119/5676/3541 5124/5677/3541 5136/5678/3541
f 5136/5678/3541 5124/5677/3541 5117/5679/3541 5141/5680/3541
f 5141/5680/3541 5117/5679/3541 5135/5681/3541 5146/5682/3541
f 5146/5682/3541 5135/5681/3541 5121/5683/3541 5151/5684/3541
f 5151/5684/3541 5121/5683/3541 5133/5685/3541 5156/5686/3541
f 5156/5686/3541 5133/5685/3541 5115/5687/3541 5161/5688/3541
f 5161/5688/3541 5115/5687/3541 5127/5689/3541 5166/5690/3541
f 5166/5690/3541 5127/5689/3541 5116/5691/3541 5126/5692/3541
f 5118/5693/3541 5125/5675/3541 5136/5678/3541 5137/5694/3541
f 5137/5694/3541 5136/5678/3541 5141/5680/3541 5142/5695/3541
f 5142/5695/3541 5141/5680/3541 5146/5682/3541 5147/5696/3541
f 5147/5696/3541 5146/5682/3541 5151/5684/3541 5152/5697/3541
f 5152/5697/3541 5151/5684/3541 5156/5686/3541 5157/5698/3541
f 5157/5698/3541 5156/5686/3541 5161/5688/3541 5162/5699/3541
f 5162/5699/3541 5161/5688/3541 5166/5690/3541 5167/5700/3541
f 5167/5700/3541 5166/5690/3541 5126/5692/3541 5114/5701/3541
f 5132/5702/3541 5118/5693/3541 5137/5694/3541 5138/5703/3541
f 5138/5703/3541 5137/5694/3541 5142/5695/3541 5143/5704/3541
f 5143/5704/3541 5142/5695/3541 5147/5696/3541 5148/5705/3541
f 5148/5705/3541 5147/5696/3541 5152/5697/3541 5153/5706/3541
f 5153/5706/3541 5152/5697/3541 5157/5698/3541 5158/5707/3541
f 5158/5707/3541 5157/5698/3541 5162/5699/3541 5163/5708/3541
f 5163/5708/3541 5162/5699/3541 5167/5700/3541 5168/5709/3541
f 5168/5709/3541 5167/5700/3541 5114/5701/3541 5131/5710/3541
f 5111/5711/3541 5132/5702/3541 5138/5703/3541 5139/5712/3541
f 5139/5712/3541 5138/5703/3541 5143/5704/3541 5144/5713/3541
f 5144/5713/3541 5143/5704/3541 5148/5705/3541 5149/5714/3541
f 5149/5714/3541 5148/5705/3541 5153/5706/3541 5154/5715/3541
f 5154/5715/3541 5153/5706/3541 5158/5707/3541 5159/5716/3541
f 5159/5716/3541 5158/5707/3541 5163/5708/3541 5164/5717/3541
f 5164/5717/3541 5163/5708/3541 5168/5709/3541 5169/5718/3541
f 5169/5718/3541 5168/5709/3541 5131/5710/3541 5109/5719/3541
f 5123/5720/3541 5111/5711/3541 5139/5712/3541 5140/5721/3541
f 5140/5721/3541 5139/5712/3541 5144/5713/3541 5145/5722/3541
f 5145/5722/3541 5144/5713/3541 5149/5714/3541 5150/5723/3541
f 5150/5723/3541 5149/5714/3541 5154/5715/3541 5155/5724/3541
f 5155/5724/3541 5154/5715/3541 5159/5716/3541 5160/5725/3541
f 5160/5725/3541 5159/5716/3541 5164/5717/3541 5165/5726/3541
f 5165/5726/3541 5164/5717/3541 5169/5718/3541 5170/5727/3541
f 5170/5727/3541 5169/5718/3541 5109/5719/3541 5129/5728/3541
f 5113/5729/3541 5123/5720/3541 5140/5721/3541 5122/5730/3541
f 5122/5730/3541 5140/5721/3541 5145/5722/3541 5112/5731/3541
f 5112/5731/3541 5145/5722/3541 5150/5723/3541 5130/5732/3541
f 5130/5732/3541 5150/5723/3541 5155/5724/3541 5120/5733/3541
f 5120/5733/3541 5155/5724/3541 5160/5725/3541 5134/5734/3541
f 5134/5734/3541 5160/5725/3541 5165/5726/3541 5108/5735/3541
f 5108/5735/3541 5165/5726/3541 5170/5727/3541 5128/5736/3541
f 5128/5736/3541 5170/5727/3541 5129/5728/3541 5110/5737/3541
f 4535/5578/4896 4074/5559/4889 5184/5738/4898 5198/5739/4899
f 3780/5551/4885 4535/5578/4896 5198/5739/4899 5176/5740/4900
f 5216/5741/4901 5203/5742/4902 5183/4627/4074 5197/5408/4773
f 5199/4666/4113 5216/5741/4901 5197/5408/4773 5171/5407/4772
f 4331/5572/4894 3867/5567/4892 5182/5743/4064 5196/5744/4903
f 3868/5541/4880 4331/5572/4894 5196/5744/4903 5181/5745/4904
f 4327/5538/4879 3868/5541/4880 5181/5745/4904 5195/5746/4905
f 3866/5542/4881 4327/5538/4879 5195/5746/4905 5180/5747/4906
f 4255/5554/4887 3822/4632/4079 5179/4631/4078 5194/5748/4907
f 3823/5565/4891 4255/5554/4887 5194/5748/4907 5178/5749/4908
f 4251/5580/4897 3823/5583/4891 5178/5750/4908 5193/5751/4909
f 3821/5564/4890 4251/5580/4897 5193/5751/4909 5177/5752/4910
f 4181/5548/4884 3780/5551/4885 5176/5740/4900 5192/5753/4911
f 3781/5557/4888 4181/5548/4884 5192/5753/4911 5175/5754/4912
f 4177/5574/4895 3781/5577/4888 5175/5755/4912 5191/5756/4223
f 3779/5535/4877 4177/5574/4895 5191/5756/4223 5174/5757/3784
f 4120/5544/4882 3741/5536/4878 5173/5758/3777 5190/5759/4913
f 3742/5546/4883 4120/5544/4882 5190/5759/4913 5172/5760/4914
f 4116/5569/4893 3742/5546/4883 5172/5760/4914 5189/5761/4915
f 3740/5410/4775 4116/5569/4893 5189/5761/4915 5171/5407/4772
f 4689/5552/4886 3866/5542/4881 5180/5747/4906 5188/5762/4916
f 4074/5559/4889 4689/5552/4886 5188/5762/4916 5184/5738/4898
f 5206/5763/4917 5223/4939/4350 5179/4631/4078 5187/4628/4075
f 5203/5742/4902 5206/5763/4917 5187/4628/4075 5183/4627/4074
f 4553/5561/3554 5186/5764/2722 5182/5743/4064 3867/5567/4892
f 3821/5564/4890 5177/5752/4910 5186/5764/2722 4553/5561/3554
f 4503/5532/3539 3779/5535/4877 5174/5757/3784 5185/5765/2431
f 3741/5536/4878 4503/5532/3539 5185/5765/2431 5173/5758/3777
f 4648/4626/4073 4829/4625/4072 5206/5763/4917 5203/5742/4902
f 4829/4625/4072 4257/4633/4080 5223/4939/4350 5206/5763/4917
f 4117/4669/4116 4998/5406/4771 5216/5741/4901 5199/4666/4113
f 4998/5406/4771 4648/4626/4073 5203/5742/4902 5216/5741/4901
f 5198/5739/4899 5184/5738/4898 5226/4642/4089 5217/5458/4821
f 5176/5740/4900 5198/5739/4899 5217/5458/4821 5221/4790/4234
f 5196/5744/4903 5182/5743/4064 5225/4617/4064 5215/5051/4442
f 5181/5745/4904 5196/5744/4903 5215/5051/4442 5224/5050/4441
f 5195/5746/4905 5181/5745/4904 5224/5050/4441 5214/5045/4436
f 5180/5747/4906 5195/5746/4905 5214/5045/4436 5202/4647/4094
f 5194/5748/4907 5179/4631/4078 5223/4939/4350 5213/4934/4347
f 5178/5749/4908 5194/5748/4907 5213/4934/4347 5222/4933/4346
f 5193/5751/4909 5178/5750/4908 5222/4932/4346 5212/4927/4341
f 5177/5752/4910 5193/5751/4909 5212/4927/4341 5201/4612/4061
f 5192/5753/4911 5176/5740/4900 5221/4790/4234 5211/4783/4229
f 5175/5754/4912 5192/5753/4911 5211/4783/4229 5220/4782/4228
f 5191/5756/4223 5175/5755/4912 5220/4781/4228 5210/4776/4223
f 5174/5757/3784 5191/5756/4223 5210/4776/4223 5200/4323/3784
f 5190/5759/4913 5173/5758/3777 5219/4315/3777 5209/4675/4122
f 5172/5760/4914 5190/5759/4913 5209/4675/4122 5218/4674/4121
f 5189/5761/4915 5172/5760/4914 5218/4674/4121 5208/4667/4114
f 5171/5407/4772 5189/5761/4915 5208/4667/4114 5199/4666/4113
f 5188/5762/4916 5180/5747/4906 5202/4647/4094 5207/4643/4090
f 5184/5738/4898 5188/5762/4916 5207/4643/4090 5226/4642/4089
f 5186/5764/2722 5205/4615/2722 5225/4617/4064 5182/5743/4064
f 5177/5752/4910 5201/4612/4061 5205/4615/2722 5186/5764/2722
f 5185/5765/2431 5174/5757/3784 5200/4323/3784 5204/4316/2431
f 5173/5758/3777 5185/5765/2431 5204/4316/2431 5219/4315/3777
f 4582/5455/4818 3980/5269/4648 5227/5283/4661 5254/5438/4802
f 4068/4578/4027 4582/5455/4818 5254/5438/4802 5240/4598/4047
f 4579/5437/4801 3977/5278/4657 5235/5301/4679 5253/5435/4800
f 4054/4567/4016 4579/5437/4801 5253/5435/4800 5239/4583/4032
f 4482/5306/4683 3995/4571/4020 5238/4570/4019 5252/5307/4684
f 3985/5281/4659 5237/5304/4681 5252/5307/4684 4474/5282/4660
f 4481/5315/4692 3997/5317/4682 5237/5303/4681 5251/5302/4680
f 3996/4580/4029 4481/5315/4692 5251/5302/4680 5236/4590/4039
f 4480/5299/4677 3989/5308/4685 5235/5301/4679 5250/5300/4678
f 3979/5276/4655 5234/5297/4675 5250/5300/4678 4472/5277/4656
f 4479/5312/4689 3991/5298/4676 5234/5297/4675 5249/5296/4674
f 3990/4600/4049 4479/5312/4689 5249/5296/4674 5233/4565/4014
f 4478/5294/4672 3986/4593/4042 5232/4592/4041 5248/5295/4673
f 3976/5273/4652 5231/5292/4670 5248/5295/4673 4470/5274/4653
f 4477/5325/4700 3988/5293/4671 5231/5292/4670 5247/5291/4669
f 3987/4596/4045 4477/5325/4700 5247/5291/4669 5230/4576/4025
f 4468/5271/4650 3981/4568/4017 5229/4586/4035 5246/5289/4667
f 3994/5288/4666 5228/5287/4665 5246/5289/4667 4476/5290/4668
f 4467/5268/4647 3982/5270/4649 5228/5287/4665 5245/5284/4662
f 3980/5269/4648 4467/5268/4647 5245/5284/4662 5227/5283/4661
f 4682/4574/4023 4068/4578/4027 5240/4598/4047 5244/4591/4040
f 4580/4569/4018 3974/4575/4024 5232/4592/4041 5243/4587/4036
f 3996/4580/4029 5236/4590/4039 5244/4591/4040 4683/4581/4030
f 3993/4604/4053 5229/4586/4035 5243/4587/4036 4584/4594/4043
f 4662/4563/4012 4054/4567/4016 5239/4583/4032 5242/4577/4026
f 3987/4596/4045 5230/4576/4025 5242/4577/4026 4663/4585/4034
f 4581/4532/3982 3983/4557/4006 5238/4570/4019 5241/4566/4015
f 3990/4600/4049 5233/4565/4014 5241/4566/4015 4585/4572/4021
o Vettora_Dining_Table
v -0.012109 0.339280 1.312655
v -0.012109 0.390567 1.312655
v -0.012109 0.339280 1.086909
v -0.012109 0.390566 1.086909
v -0.096446 0.390566 1.086909
v -0.096446 0.339280 1.086909
v -0.096445 0.390567 1.312655
v -0.096445 0.339280 1.312655
v -0.054277 0.390566 1.086909
v -0.054277 0.339280 1.086909
v -0.054277 0.390567 1.312655
v -0.054277 0.339280 1.312655
v -0.552191 0.730156 1.060144
v -0.552191 0.730156 1.339420
v -0.330690 0.515661 1.292061
v -0.330690 0.515661 1.107503
v -0.441441 0.622909 1.315741
v -0.441441 0.622909 1.083823
v -0.330690 0.214185 1.107503
v -0.330690 0.214185 1.292061
v -0.441441 0.106937 1.083823
v -0.441441 0.106937 1.315741
v -0.219939 0.390566 1.131183
v -0.219939 0.390566 1.268381
v -0.219939 0.339280 1.131183
v -0.219939 0.339280 1.268381
v -0.491268 0.730156 0.970022
v -0.491267 0.730156 1.429542
v -0.369420 0.730156 1.429541
v -0.369420 0.730156 0.970022
v -0.208019 0.515661 1.351617
v -0.289800 0.515661 1.351617
v -0.288719 0.622909 1.390579
v -0.390534 0.622909 1.390579
v -0.289800 0.214185 1.351617
v -0.208019 0.214185 1.351617
v -0.390534 0.106937 1.390579
v -0.288719 0.106937 1.390579
v -0.189066 0.390567 1.312655
v -0.127319 0.390567 1.312655
v -0.189066 0.339280 1.312655
v -0.127319 0.339280 1.312655
v -0.289800 0.515661 1.047947
v -0.208019 0.515661 1.047947
v -0.390534 0.622909 1.008985
v -0.288719 0.622909 1.008985
v -0.208019 0.214185 1.047947
v -0.289800 0.214185 1.047947
v -0.288719 0.106937 1.008985
v -0.390534 0.106937 1.008985
v -0.127319 0.390566 1.086909
v -0.189066 0.390566 1.086909
v -0.127319 0.339280 1.086909
v -0.189066 0.339280 1.086909
v -0.371405 -0.000310 1.029061
v -0.510252 -0.000310 1.029061
v -0.510252 -0.000310 1.370503
v -0.371405 -0.000310 1.370503
v -0.510252 -0.000310 1.096025
v -0.510252 -0.000310 1.303539
v -0.406117 -0.000310 1.029061
v -0.475540 -0.000310 1.370503
v -0.406117 -0.000310 1.370503
v -0.475540 -0.000310 1.029061
v -0.218670 0.411234 1.085885
v -0.216939 0.405414 1.086909
v -0.219939 0.405414 1.089909
v -0.222094 0.410501 1.089245
v -0.217805 0.408361 1.086609
v -0.219641 0.408191 1.087540
v -0.219060 0.405414 1.087788
v -0.220570 0.408147 1.089577
v -0.220719 0.410355 1.087110
v -0.219939 0.405414 1.309655
v -0.216939 0.405414 1.312655
v -0.218670 0.411234 1.313679
v -0.222094 0.410501 1.310318
v -0.219060 0.405414 1.311776
v -0.219641 0.408191 1.312024
v -0.217805 0.408361 1.312955
v -0.220719 0.410355 1.312453
v -0.220570 0.408147 1.309987
v -0.012109 0.405414 1.086909
v -0.012109 0.408414 1.089909
v -0.012109 0.407535 1.087788
v -0.012109 0.408414 1.309655
v -0.012109 0.405414 1.312655
v -0.012109 0.407535 1.311776
v -0.216939 0.324432 1.086909
v -0.218670 0.318612 1.085885
v -0.222094 0.319345 1.089245
v -0.219939 0.324432 1.089909
v -0.217805 0.321485 1.086609
v -0.219641 0.321655 1.087540
v -0.220719 0.319491 1.087110
v -0.220570 0.321700 1.089577
v -0.219060 0.324432 1.087788
v -0.222094 0.319345 1.310318
v -0.218670 0.318613 1.313679
v -0.216939 0.324432 1.312655
v -0.219939 0.324432 1.309655
v -0.220719 0.319492 1.312453
v -0.219641 0.321655 1.312024
v -0.217805 0.321485 1.312955
v -0.219060 0.324432 1.311776
v -0.220570 0.321700 1.309987
v -0.012109 0.321432 1.089909
v -0.012109 0.324432 1.086909
v -0.012109 0.322311 1.087788
v -0.012109 0.324432 1.312655
v -0.012109 0.321432 1.309655
v -0.012109 0.322311 1.311776
v -0.096446 0.405414 1.086909
v -0.101833 0.411234 1.085885
v -0.098096 0.410919 1.089134
v -0.093446 0.408414 1.089909
v -0.099139 0.408361 1.086609
v -0.097094 0.408850 1.087490
v -0.099337 0.411233 1.086803
v -0.096050 0.409148 1.089522
v -0.094946 0.407535 1.087788
v -0.096445 0.405414 1.312655
v -0.093445 0.408414 1.309655
v -0.098096 0.410919 1.310430
v -0.101833 0.411234 1.313679
v -0.094945 0.407535 1.311776
v -0.097094 0.408850 1.312074
v -0.096050 0.409148 1.310042
v -0.099337 0.411233 1.312761
v -0.099139 0.408361 1.312955
v -0.093446 0.321432 1.089909
v -0.098096 0.318927 1.089134
v -0.101833 0.318612 1.085885
v -0.096446 0.324432 1.086909
v -0.096050 0.320698 1.089522
v -0.097094 0.320997 1.087490
v -0.099337 0.318613 1.086803
v -0.099139 0.321485 1.086609
v -0.094946 0.322311 1.087788
v -0.101833 0.318612 1.313679
v -0.098096 0.318927 1.310430
v -0.093445 0.321432 1.309655
v -0.096445 0.324432 1.312655
v -0.099337 0.318613 1.312761
v -0.097094 0.320997 1.312074
v -0.096050 0.320699 1.310042
v -0.094945 0.322311 1.311776
v -0.099139 0.321485 1.312955
v -0.308496 0.730156 0.973157
v -0.312025 0.730156 0.970022
v -0.309529 0.730156 0.970940
v -0.548011 0.730156 0.970022
v -0.552191 0.730156 0.973117
v -0.550967 0.730156 0.970929
v -0.552191 0.730156 1.426447
v -0.548011 0.730156 1.429542
v -0.550967 0.730156 1.428635
v -0.310649 -0.000310 0.973405
v -0.310166 0.002510 0.971047
v -0.306845 0.002195 0.974067
v -0.310388 0.000528 0.971308
v -0.308893 0.000783 0.971830
v -0.307878 0.002195 0.971851
v -0.308648 0.000421 0.973707
v -0.550725 -0.000310 0.973479
v -0.550036 0.001777 0.973875
v -0.545099 0.002510 0.971047
v -0.551129 0.000199 0.973543
v -0.549641 0.000833 0.971831
v -0.547904 0.002656 0.972006
v -0.547651 0.000524 0.971331
v -0.550725 -0.000310 1.426085
v -0.545099 0.002510 1.428517
v -0.550036 0.001777 1.425689
v -0.547651 0.000524 1.428233
v -0.549641 0.000833 1.427734
v -0.547904 0.002656 1.427558
v -0.551129 0.000199 1.426021
v -0.312025 0.730156 1.429541
v -0.308496 0.730156 1.426407
v -0.309529 0.730156 1.428623
v -0.310649 -0.000310 1.426159
v -0.306845 0.002195 1.425497
v -0.310166 0.002510 1.428517
v -0.308647 0.000421 1.425857
v -0.308893 0.000783 1.427734
v -0.307878 0.002195 1.427713
v -0.310388 0.000529 1.428256
v -0.330690 0.515661 1.051041
v -0.326509 0.515661 1.047947
v -0.329465 0.515661 1.048853
v -0.437260 0.622909 1.008985
v -0.441441 0.622909 1.012079
v -0.440216 0.622909 1.009891
v -0.441441 0.622909 1.387485
v -0.437260 0.622909 1.390579
v -0.440216 0.622909 1.389673
v -0.326509 0.515661 1.351617
v -0.330690 0.515661 1.348523
v -0.329465 0.515661 1.350711
v -0.167129 0.515661 1.348482
v -0.170658 0.515661 1.351617
v -0.168162 0.515661 1.350699
v -0.241341 0.622909 1.390579
v -0.237812 0.622909 1.387444
v -0.238846 0.622909 1.389661
v -0.237812 0.622909 1.012120
v -0.241341 0.622909 1.008984
v -0.238846 0.622909 1.009903
v -0.170658 0.515661 1.047947
v -0.167129 0.515661 1.051082
v -0.168163 0.515661 1.048865
v -0.167129 0.214185 1.051082
v -0.170658 0.214185 1.047947
v -0.168163 0.214185 1.048865
v -0.241341 0.106937 1.008985
v -0.237812 0.106937 1.012120
v -0.238846 0.106937 1.009903
v -0.237812 0.106937 1.387444
v -0.241341 0.106937 1.390579
v -0.238846 0.106937 1.389661
v -0.170658 0.214185 1.351617
v -0.167129 0.214185 1.348482
v -0.168162 0.214185 1.350699
v -0.330690 0.214185 1.348523
v -0.326509 0.214185 1.351617
v -0.329465 0.214185 1.350711
v -0.437260 0.106937 1.390579
v -0.441441 0.106937 1.387485
v -0.440216 0.106937 1.389673
v -0.441441 0.106937 1.012079
v -0.437260 0.106937 1.008985
v -0.440216 0.106937 1.009891
v -0.326509 0.214185 1.047947
v -0.330690 0.214185 1.051041
v -0.329465 0.214185 1.048853
v -0.216939 0.339280 1.086909
v -0.219939 0.339280 1.089909
v -0.219060 0.339280 1.087788
v -0.219939 0.390566 1.089909
v -0.216939 0.390566 1.086909
v -0.219060 0.390566 1.087788
v -0.216939 0.390567 1.312655
v -0.219939 0.390567 1.309655
v -0.219060 0.390567 1.311776
v -0.219939 0.339280 1.309655
v -0.216939 0.339280 1.312655
v -0.219060 0.339280 1.311776
v -0.054277 0.408414 1.309655
v -0.054277 0.405414 1.312655
v -0.054277 0.407535 1.311776
v -0.054277 0.324432 1.312655
v -0.054277 0.321432 1.309655
v -0.054277 0.322311 1.311776
v -0.054277 0.408414 1.089909
v -0.054277 0.405414 1.086909
v -0.054277 0.407535 1.087788
v -0.054277 0.324432 1.086909
v -0.054277 0.321432 1.089909
v -0.054277 0.322311 1.087788
v -0.219939 0.405414 1.131183
v -0.222094 0.410501 1.130722
v -0.220570 0.408147 1.131048
v -0.222094 0.410501 1.268842
v -0.219939 0.405414 1.268381
v -0.220570 0.408147 1.268516
v -0.222094 0.319345 1.130722
v -0.219939 0.324432 1.131183
v -0.220570 0.321700 1.131048
v -0.219939 0.324432 1.268381
v -0.222094 0.319345 1.268842
v -0.220570 0.321700 1.268516
v -0.550611 -0.000310 1.062407
v -0.550036 0.001777 1.060605
v -0.551098 0.000301 1.060942
v -0.550036 0.001777 1.338960
v -0.550611 -0.000310 1.337157
v -0.551097 0.000301 1.338622
v -0.189066 0.405414 1.312655
v -0.191714 0.411234 1.313679
v -0.189841 0.408361 1.312955
v -0.370673 -0.000310 0.973399
v -0.367298 0.002510 0.971047
v -0.369165 0.000516 0.971311
v -0.129441 0.411234 1.313679
v -0.127319 0.405414 1.312655
v -0.127940 0.408361 1.312955
v -0.191714 0.318612 1.313679
v -0.189066 0.324432 1.312655
v -0.189841 0.321485 1.312955
v -0.127319 0.324432 1.312655
v -0.129441 0.318612 1.313679
v -0.127940 0.321485 1.312955
v -0.490726 -0.000310 1.426141
v -0.488619 0.002510 1.428517
v -0.490333 0.000516 1.428246
v -0.367298 0.002510 1.428517
v -0.370673 -0.000310 1.426165
v -0.369165 0.000516 1.428253
v -0.189066 0.324432 1.086909
v -0.191714 0.318612 1.085885
v -0.189841 0.321485 1.086609
v -0.127319 0.324432 1.086909
v -0.129441 0.318612 1.085885
v -0.127940 0.321485 1.086609
v -0.191714 0.411234 1.085885
v -0.189066 0.405414 1.086909
v -0.189841 0.408361 1.086609
v -0.129441 0.411234 1.085885
v -0.127319 0.405414 1.086909
v -0.127940 0.408361 1.086609
v -0.488619 0.002510 0.971047
v -0.490727 -0.000310 0.973423
v -0.490333 0.000516 0.971318
v -0.371405 -0.000310 1.309468
v -0.371405 -0.000310 1.090096
v -0.098096 0.318927 1.270872
v -0.098096 0.318927 1.128692
v -0.096050 0.320698 1.128941
v -0.096050 0.320698 1.270623
v -0.093446 0.321432 1.129190
v -0.093446 0.321432 1.270374
v -0.310649 -0.000310 1.345226
v -0.310649 -0.000310 1.054338
v -0.308648 0.000421 1.054532
v -0.308647 0.000421 1.345032
v -0.306845 0.002195 1.054763
v -0.306845 0.002195 1.344801
v -0.054277 0.321432 1.270374
v -0.054277 0.321432 1.129190
v -0.012109 0.321432 1.129190
v -0.012109 0.321432 1.270374
v -0.167129 0.214185 1.295320
v -0.167129 0.214185 1.104244
v -0.237812 0.106937 1.079211
v -0.237812 0.106937 1.320352
v -0.475540 -0.000310 1.094543
v -0.406117 -0.000310 1.091578
v -0.475540 -0.000310 1.305021
v -0.406117 -0.000310 1.307986
v 0.072228 0.390566 1.086909
v 0.072228 0.339280 1.086909
v 0.072228 0.390567 1.312654
v 0.072228 0.339280 1.312654
v 0.030060 0.390566 1.086909
v 0.030060 0.339280 1.086909
v 0.030060 0.390567 1.312654
v 0.030060 0.339280 1.312655
v 0.527974 0.730156 1.060143
v 0.527974 0.730156 1.339420
v 0.306473 0.515661 1.292061
v 0.306473 0.515661 1.107503
v 0.417224 0.622909 1.315740
v 0.417223 0.622909 1.083823
v 0.306473 0.214185 1.107503
v 0.306473 0.214185 1.292061
v 0.417223 0.106937 1.083823
v 0.417224 0.106937 1.315740
v 0.195722 0.390566 1.131183
v 0.195722 0.390566 1.268381
v 0.195722 0.339280 1.131183
v 0.195722 0.339280 1.268381
v 0.467050 0.730156 0.970022
v 0.467050 0.730156 1.429541
v 0.345203 0.730156 1.429541
v 0.345202 0.730156 0.970022
v 0.183802 0.515661 1.351617
v 0.265583 0.515661 1.351617
v 0.264502 0.622909 1.390579
v 0.366316 0.622909 1.390579
v 0.265583 0.214185 1.351617
v 0.183802 0.214185 1.351617
v 0.366316 0.106937 1.390579
v 0.264502 0.106937 1.390579
v 0.164849 0.390567 1.312654
v 0.103102 0.390567 1.312654
v 0.164849 0.339280 1.312654
v 0.103102 0.339280 1.312654
v 0.265582 0.515661 1.047947
v 0.183802 0.515661 1.047947
v 0.366316 0.622909 1.008984
v 0.264502 0.622909 1.008984
v 0.183802 0.214185 1.047947
v 0.265582 0.214185 1.047947
v 0.264502 0.106937 1.008984
v 0.366316 0.106937 1.008984
v 0.103102 0.390566 1.086909
v 0.164849 0.390566 1.086909
v 0.103102 0.339280 1.086909
v 0.164849 0.339280 1.086909
v 0.347188 -0.000310 1.029061
v 0.486034 -0.000310 1.029061
v 0.486035 -0.000310 1.370503
v 0.347188 -0.000310 1.370503
v 0.486035 -0.000310 1.096025
v 0.486035 -0.000310 1.303539
v 0.381900 -0.000310 1.029061
v 0.451323 -0.000310 1.370503
v 0.381900 -0.000310 1.370503
v 0.451323 -0.000310 1.029061
v 0.194453 0.411234 1.085885
v 0.192722 0.405414 1.086909
v 0.195722 0.405414 1.089909
v 0.197877 0.410501 1.089245
v 0.193587 0.408361 1.086609
v 0.195424 0.408191 1.087540
v 0.194843 0.405414 1.087788
v 0.196353 0.408147 1.089577
v 0.196501 0.410355 1.087110
v 0.195722 0.405414 1.309654
v 0.192722 0.405414 1.312654
v 0.194453 0.411234 1.313679
v 0.197877 0.410501 1.310318
v 0.194843 0.405414 1.311776
v 0.195424 0.408191 1.312024
v 0.193587 0.408361 1.312955
v 0.196502 0.410355 1.312453
v 0.196353 0.408147 1.309986
v 0.192722 0.324432 1.086909
v 0.194453 0.318612 1.085885
v 0.197877 0.319345 1.089245
v 0.195722 0.324432 1.089909
v 0.193587 0.321485 1.086609
v 0.195424 0.321655 1.087540
v 0.196501 0.319491 1.087110
v 0.196353 0.321700 1.089577
v 0.194843 0.324432 1.087788
v 0.197877 0.319345 1.310318
v 0.194453 0.318613 1.313679
v 0.192722 0.324432 1.312654
v 0.195722 0.324432 1.309654
v 0.196502 0.319492 1.312453
v 0.195424 0.321655 1.312024
v 0.193587 0.321485 1.312955
v 0.194843 0.324432 1.311776
v 0.196353 0.321700 1.309986
v 0.072228 0.405414 1.086909
v 0.077616 0.411234 1.085885
v 0.073879 0.410919 1.089134
v 0.069228 0.408414 1.089909
v 0.074922 0.408361 1.086609
v 0.072877 0.408850 1.087490
v 0.075120 0.411233 1.086803
v 0.071833 0.409148 1.089522
v 0.070728 0.407535 1.087788
v 0.072228 0.405414 1.312654
v 0.069228 0.408414 1.309655
v 0.073879 0.410919 1.310430
v 0.077616 0.411234 1.313679
v 0.070728 0.407535 1.311776
v 0.072877 0.408850 1.312074
v 0.071833 0.409148 1.310042
v 0.075120 0.411233 1.312760
v 0.074922 0.408361 1.312955
v 0.069228 0.321432 1.089909
v 0.073879 0.318927 1.089134
v 0.077616 0.318612 1.085885
v 0.072228 0.324432 1.086909
v 0.071833 0.320698 1.089522
v 0.072877 0.320997 1.087490
v 0.075120 0.318613 1.086803
v 0.074922 0.321485 1.086609
v 0.070728 0.322311 1.087788
v 0.077616 0.318612 1.313679
v 0.073879 0.318927 1.310430
v 0.069228 0.321432 1.309655
v 0.072228 0.324432 1.312654
v 0.075120 0.318613 1.312761
v 0.072877 0.320997 1.312074
v 0.071833 0.320699 1.310042
v 0.070728 0.322311 1.311776
v 0.074922 0.321485 1.312955
v 0.284279 0.730156 0.973157
v 0.287807 0.730156 0.970022
v 0.285312 0.730156 0.970940
v 0.523794 0.730156 0.970022
v 0.527974 0.730156 0.973116
v 0.526750 0.730156 0.970928
v 0.527974 0.730156 1.426447
v 0.523794 0.730156 1.429541
v 0.526750 0.730156 1.428635
v 0.286431 -0.000310 0.973405
v 0.285949 0.002510 0.971047
v 0.282628 0.002195 0.974067
v 0.286170 0.000528 0.971307
v 0.284675 0.000783 0.971830
v 0.283661 0.002195 0.971851
v 0.284430 0.000421 0.973707
v 0.526508 -0.000310 0.973479
v 0.525819 0.001777 0.973875
v 0.520882 0.002510 0.971046
v 0.526911 0.000199 0.973543
v 0.525423 0.000833 0.971830
v 0.523687 0.002656 0.972006
v 0.523434 0.000524 0.971331
v 0.526508 -0.000310 1.426085
v 0.520882 0.002510 1.428517
v 0.525819 0.001777 1.425689
v 0.523434 0.000524 1.428233
v 0.525424 0.000833 1.427733
v 0.523687 0.002656 1.427557
v 0.526912 0.000199 1.426020
v 0.287808 0.730156 1.429541
v 0.284279 0.730156 1.426406
v 0.285312 0.730156 1.428623
v 0.286432 -0.000310 1.426158
v 0.282628 0.002195 1.425496
v 0.285949 0.002510 1.428517
v 0.284430 0.000421 1.425857
v 0.284676 0.000783 1.427734
v 0.283661 0.002195 1.427713
v 0.286171 0.000529 1.428256
v 0.306473 0.515661 1.051041
v 0.302292 0.515661 1.047947
v 0.305248 0.515661 1.048853
v 0.413043 0.622909 1.008984
v 0.417223 0.622909 1.012079
v 0.415999 0.622909 1.009891
v 0.417224 0.622909 1.387485
v 0.413043 0.622909 1.390579
v 0.415999 0.622909 1.389673
v 0.302292 0.515661 1.351617
v 0.306473 0.515661 1.348522
v 0.305248 0.515661 1.350710
v 0.142912 0.515661 1.348482
v 0.146441 0.515661 1.351617
v 0.143945 0.515661 1.350699
v 0.217124 0.622909 1.390579
v 0.213595 0.622909 1.387444
v 0.214629 0.622909 1.389661
v 0.213595 0.622909 1.012119
v 0.217124 0.622909 1.008984
v 0.214629 0.622909 1.009903
v 0.146441 0.515661 1.047947
v 0.142912 0.515661 1.051082
v 0.143945 0.515661 1.048865
v 0.142912 0.214185 1.051082
v 0.146441 0.214185 1.047947
v 0.143945 0.214185 1.048865
v 0.217124 0.106937 1.008984
v 0.213595 0.106937 1.012119
v 0.214629 0.106937 1.009903
v 0.213595 0.106937 1.387444
v 0.217124 0.106937 1.390579
v 0.214629 0.106937 1.389661
v 0.146441 0.214185 1.351617
v 0.142912 0.214185 1.348482
v 0.143945 0.214185 1.350699
v 0.306473 0.214185 1.348522
v 0.302292 0.214185 1.351617
v 0.305248 0.214185 1.350711
v 0.413043 0.106937 1.390579
v 0.417224 0.106937 1.387485
v 0.415999 0.106937 1.389673
v 0.417223 0.106937 1.012079
v 0.413043 0.106937 1.008984
v 0.415999 0.106937 1.009891
v 0.302292 0.214185 1.047947
v 0.306473 0.214185 1.051041
v 0.305248 0.214185 1.048853
v 0.192722 0.339280 1.086909
v 0.195722 0.339280 1.089909
v 0.194843 0.339280 1.087788
v 0.195722 0.390566 1.089909
v 0.192722 0.390566 1.086909
v 0.194843 0.390566 1.087788
v 0.192722 0.390567 1.312654
v 0.195722 0.390567 1.309654
v 0.194843 0.390567 1.311776
v 0.195722 0.339280 1.309654
v 0.192722 0.339280 1.312654
v 0.194843 0.339280 1.311776
v 0.030060 0.408414 1.309655
v 0.030060 0.405414 1.312654
v 0.030060 0.407535 1.311776
v 0.030060 0.324432 1.312655
v 0.030060 0.321432 1.309655
v 0.030060 0.322311 1.311776
v 0.030060 0.408414 1.089909
v 0.030060 0.405414 1.086909
v 0.030060 0.407535 1.087788
v 0.030060 0.324432 1.086909
v 0.030060 0.321432 1.089909
v 0.030060 0.322311 1.087788
v 0.195722 0.405414 1.131183
v 0.197877 0.410501 1.130722
v 0.196353 0.408147 1.131048
v 0.197877 0.410501 1.268842
v 0.195722 0.405414 1.268381
v 0.196353 0.408147 1.268516
v 0.197877 0.319345 1.130722
v 0.195722 0.324432 1.131183
v 0.196353 0.321700 1.131048
v 0.195722 0.324432 1.268381
v 0.197877 0.319345 1.268842
v 0.196353 0.321700 1.268516
v 0.526394 -0.000310 1.062407
v 0.525819 0.001777 1.060604
v 0.526880 0.000301 1.060941
v 0.525819 0.001777 1.338959
v 0.526394 -0.000310 1.337157
v 0.526880 0.000301 1.338622
v 0.164849 0.405414 1.312654
v 0.167497 0.411234 1.313679
v 0.165624 0.408361 1.312955
v 0.346456 -0.000310 0.973399
v 0.343081 0.002510 0.971047
v 0.344948 0.000516 0.971311
v 0.105224 0.411234 1.313679
v 0.103102 0.405414 1.312654
v 0.103723 0.408361 1.312955
v 0.167497 0.318612 1.313679
v 0.164849 0.324432 1.312654
v 0.165624 0.321485 1.312955
v 0.103102 0.324432 1.312654
v 0.105224 0.318612 1.313679
v 0.103723 0.321485 1.312955
v 0.466509 -0.000310 1.426141
v 0.464402 0.002510 1.428517
v 0.466116 0.000516 1.428245
v 0.343081 0.002510 1.428517
v 0.346456 -0.000310 1.426165
v 0.344948 0.000516 1.428252
v 0.164849 0.324432 1.086909
v 0.167497 0.318612 1.085885
v 0.165624 0.321485 1.086609
v 0.103102 0.324432 1.086909
v 0.105223 0.318612 1.085885
v 0.103723 0.321485 1.086609
v 0.167497 0.411234 1.085885
v 0.164849 0.405414 1.086909
v 0.165624 0.408361 1.086609
v 0.105223 0.411234 1.085885
v 0.103102 0.405414 1.086909
v 0.103723 0.408361 1.086609
v 0.464402 0.002510 0.971046
v 0.466509 -0.000310 0.973423
v 0.466116 0.000516 0.971318
v 0.347188 -0.000310 1.309468
v 0.347188 -0.000310 1.090096
v 0.073879 0.318927 1.270871
v 0.073879 0.318927 1.128692
v 0.071833 0.320698 1.128941
v 0.071833 0.320698 1.270622
v 0.069228 0.321432 1.129190
v 0.069228 0.321432 1.270374
v 0.286432 -0.000310 1.345226
v 0.286431 -0.000310 1.054338
v 0.284430 0.000421 1.054531
v 0.284430 0.000421 1.345032
v 0.282628 0.002195 1.054763
v 0.282628 0.002195 1.344800
v 0.030060 0.321432 1.270374
v 0.030060 0.321432 1.129190
v 0.142912 0.214185 1.295320
v 0.142912 0.214185 1.104244
v 0.213595 0.106937 1.079211
v 0.213595 0.106937 1.320352
v 0.451323 -0.000310 1.094543
v 0.381900 -0.000310 1.091578
v 0.451323 -0.000310 1.305021
v 0.381900 -0.000310 1.307986
v -0.866095 0.730588 0.827319
v -0.866094 0.730588 1.555799
v -0.290285 0.730588 0.827319
v -0.290284 0.730588 1.555799
v 0.285525 0.730588 0.827319
v 0.285525 0.730588 1.555799
v 0.861335 0.730588 0.827318
v 0.861335 0.730588 1.555799
v -0.904047 0.750000 1.589284
v -0.904047 0.750000 0.793834
v -0.302935 0.750000 1.589284
v -0.302935 0.750000 0.793834
v 0.298176 0.750000 1.589284
v 0.298176 0.750000 0.793834
v 0.899288 0.750000 1.589283
v 0.899287 0.750000 0.793834
v 0.899287 0.665574 0.692543
v 0.899287 0.732512 0.692543
v 0.298176 0.665574 0.692543
v 0.298176 0.732512 0.692543
v -0.302935 0.665574 0.692543
v -0.302935 0.732512 0.692543
v -0.904047 0.665574 0.692543
v -0.904047 0.732512 0.692543
v -0.904047 0.665574 1.690575
v -0.904047 0.732512 1.690575
v -0.302935 0.665574 1.690575
v -0.302935 0.732512 1.690575
v 0.298176 0.665574 1.690575
v 0.298176 0.732512 1.690575
v 0.899288 0.665574 1.690574
v 0.899288 0.732512 1.690574
v -1.000503 0.665574 0.793834
v -1.000503 0.732512 0.793834
v -1.000502 0.665574 1.589284
v -1.000502 0.732512 1.589284
v 0.995743 0.665574 1.589283
v 0.995743 0.732512 1.589283
v 0.995743 0.665574 0.793834
v 0.995743 0.732512 0.793834
v -0.992503 0.742000 0.692543
v -1.000503 0.742000 0.700543
v -0.992503 0.750000 0.700543
v -0.998159 0.742000 0.694887
v -0.997121 0.746619 0.695925
v -0.998159 0.747657 0.700543
v -0.992503 0.747657 0.694887
v -0.992502 0.750000 1.682575
v -1.000502 0.742000 1.682575
v -0.992502 0.742000 1.690575
v -0.998159 0.747657 1.682575
v -0.997121 0.746619 1.687194
v -0.998159 0.742000 1.688232
v -0.992502 0.747657 1.688232
v 0.987743 0.750000 0.700543
v 0.995743 0.742000 0.700543
v 0.987743 0.742000 0.692543
v 0.993400 0.747657 0.700543
v 0.992362 0.746619 0.695924
v 0.993400 0.742000 0.694886
v 0.987743 0.747657 0.694886
v 0.987743 0.742000 1.690574
v 0.995743 0.742000 1.682574
v 0.987743 0.750000 1.682574
v 0.993400 0.742000 1.688231
v 0.992362 0.746619 1.687193
v 0.993400 0.747657 1.682574
v 0.987743 0.747657 1.688231
v -0.950490 0.656087 0.734556
v -0.958490 0.656087 0.742556
v -0.966490 0.648087 0.726556
v -0.956147 0.656087 0.736899
v -0.958490 0.651468 0.734556
v -0.960833 0.650430 0.734556
v -0.958490 0.650430 0.732213
v -0.958490 0.656087 1.640563
v -0.950490 0.656087 1.648563
v -0.966490 0.648087 1.656563
v -0.956147 0.656087 1.646219
v -0.958490 0.651468 1.648563
v -0.958490 0.650430 1.650906
v -0.960833 0.650430 1.648563
v 0.953731 0.656087 0.742555
v 0.945731 0.656087 0.734555
v 0.961731 0.648087 0.726555
v 0.951388 0.656087 0.736898
v 0.953731 0.651468 0.734555
v 0.953731 0.650430 0.732212
v 0.956074 0.650430 0.734555
v 0.945731 0.656087 1.648562
v 0.953731 0.656087 1.640562
v 0.961731 0.648087 1.656562
v 0.951388 0.656087 1.646219
v 0.953731 0.651468 1.648562
v 0.956074 0.650430 1.648562
v 0.953731 0.650430 1.650905
v 0.995743 0.656087 0.700543
v 0.987743 0.648087 0.700543
v 0.987743 0.656087 0.692543
v 0.993400 0.650430 0.700543
v 0.992362 0.651468 0.695924
v 0.987743 0.650430 0.694886
v 0.993400 0.656087 0.694886
v -0.992503 0.648087 0.700543
v -1.000503 0.656087 0.700543
v -0.992503 0.656087 0.692543
v -0.998159 0.650430 0.700543
v -0.997121 0.651468 0.695924
v -0.998159 0.656087 0.694887
v -0.992503 0.650430 0.694887
v -1.000502 0.656087 1.682575
v -0.992502 0.648087 1.682575
v -0.992502 0.656087 1.690575
v -0.998159 0.650430 1.682575
v -0.997121 0.651468 1.687194
v -0.992502 0.650430 1.688232
v -0.998159 0.656087 1.688232
v 0.987743 0.648087 1.682574
v 0.995743 0.656087 1.682574
v 0.987743 0.656087 1.690574
v 0.993400 0.650430 1.682574
v 0.992362 0.651468 1.687193
v 0.993400 0.656087 1.688231
v 0.987743 0.650430 1.688231
v -0.950490 0.730588 0.742556
v -0.958490 0.722588 0.742556
v -0.950490 0.722588 0.734556
v -0.956147 0.728245 0.742556
v -0.955109 0.727207 0.737937
v -0.956147 0.722588 0.736899
v -0.950490 0.728245 0.736899
v -0.950490 0.730588 1.640563
v -0.950490 0.722588 1.648563
v -0.958490 0.722588 1.640563
v -0.950490 0.728245 1.646219
v -0.955109 0.727207 1.645181
v -0.956147 0.722588 1.646219
v -0.956147 0.728245 1.640563
v 0.945731 0.730588 0.742555
v 0.945731 0.722588 0.734555
v 0.953731 0.722588 0.742555
v 0.945731 0.728245 0.736898
v 0.950350 0.727207 0.737936
v 0.951388 0.722588 0.736898
v 0.951388 0.728245 0.742555
v 0.945731 0.730588 1.640562
v 0.953731 0.722588 1.640562
v 0.945731 0.722588 1.648562
v 0.951388 0.728245 1.640562
v 0.950350 0.727207 1.645181
v 0.951388 0.722588 1.646219
v 0.945731 0.728245 1.646219
v 0.899287 0.742000 0.692543
v 0.899287 0.750000 0.700543
v 0.899287 0.747657 0.694886
v 0.298176 0.742000 0.692543
v 0.298176 0.750000 0.700543
v 0.298176 0.747657 0.694886
v -0.302935 0.742000 0.692543
v -0.302935 0.750000 0.700543
v -0.302935 0.747657 0.694886
v -0.904047 0.750000 0.700543
v -0.904047 0.742000 0.692543
v -0.904047 0.747657 0.694887
v -0.904047 0.742000 1.690575
v -0.904047 0.750000 1.682575
v -0.904047 0.747657 1.688232
v -0.302935 0.742000 1.690575
v -0.302935 0.750000 1.682575
v -0.302935 0.747657 1.688232
v 0.298176 0.742000 1.690575
v 0.298176 0.750000 1.682575
v 0.298176 0.747657 1.688231
v 0.899288 0.750000 1.682574
v 0.899288 0.742000 1.690574
v 0.899288 0.747657 1.688231
v 0.892061 0.648087 0.700543
v 0.899287 0.656087 0.692543
v 0.897171 0.650430 0.694886
v 0.295767 0.648087 0.700543
v 0.298176 0.656087 0.692543
v 0.297470 0.650430 0.694886
v -0.300526 0.648087 0.700543
v -0.302935 0.656087 0.692543
v -0.302230 0.650430 0.694886
v -0.904047 0.656087 0.692543
v -0.896820 0.648087 0.700543
v -0.901930 0.650430 0.694887
v -0.896820 0.648087 1.682575
v -0.904047 0.656087 1.690575
v -0.901930 0.650430 1.688232
v -0.300526 0.648087 1.682575
v -0.302935 0.656087 1.690575
v -0.302230 0.650430 1.688232
v 0.295767 0.648087 1.682575
v 0.298176 0.656087 1.690575
v 0.297471 0.650430 1.688231
v 0.899288 0.656087 1.690574
v 0.892061 0.648087 1.682574
v 0.897171 0.650430 1.688231
v 0.861335 0.656087 0.734555
v 0.868562 0.648087 0.726555
v 0.863452 0.650430 0.732212
v 0.285525 0.656087 0.734555
v 0.287934 0.648087 0.726555
v 0.286231 0.650430 0.732212
v -0.290285 0.656087 0.734555
v -0.292694 0.648087 0.726556
v -0.290990 0.650430 0.732212
v -0.873321 0.648087 0.726556
v -0.866095 0.656087 0.734556
v -0.868211 0.650430 0.732213
v -0.866094 0.656087 1.648563
v -0.873321 0.648087 1.656563
v -0.868211 0.650430 1.650906
v -0.290284 0.656087 1.648562
v -0.292693 0.648087 1.656562
v -0.290990 0.650430 1.650905
v 0.285525 0.656087 1.648562
v 0.287934 0.648087 1.656562
v 0.286231 0.650430 1.650905
v 0.868562 0.648087 1.656562
v 0.861335 0.656087 1.648562
v 0.863452 0.650430 1.650905
v 0.861335 0.730588 0.742555
v 0.861335 0.722588 0.734555
v 0.861335 0.728245 0.736898
v 0.285525 0.730588 0.742555
v 0.285525 0.722588 0.734555
v 0.285525 0.728245 0.736899
v -0.290285 0.730588 0.742555
v -0.290285 0.722588 0.734555
v -0.290285 0.728245 0.736899
v -0.866095 0.722588 0.734556
v -0.866095 0.730588 0.742556
v -0.866095 0.728245 0.736899
v -0.866094 0.730588 1.640563
v -0.866094 0.722588 1.648563
v -0.866094 0.728245 1.646219
v -0.290284 0.730588 1.640562
v -0.290284 0.722588 1.648562
v -0.290284 0.728245 1.646219
v 0.285525 0.730588 1.640562
v 0.285525 0.722588 1.648562
v 0.285525 0.728245 1.646219
v 0.861335 0.722588 1.648562
v 0.861335 0.730588 1.640562
v 0.861335 0.728245 1.646219
v -1.000503 0.742000 0.793834
v -0.992503 0.750000 0.793834
v -0.998159 0.747657 0.793834
v -0.992502 0.750000 1.589284
v -1.000502 0.742000 1.589284
v -0.998159 0.747657 1.589284
v 0.995743 0.742000 1.589283
v 0.987743 0.750000 1.589283
v 0.993400 0.747657 1.589283
v 0.987743 0.750000 0.793834
v 0.995743 0.742000 0.793834
v 0.993400 0.747657 0.793834
v -0.992503 0.648087 0.800210
v -1.000503 0.656087 0.793834
v -0.998159 0.650430 0.795702
v -1.000502 0.656087 1.589284
v -0.992502 0.648087 1.582908
v -0.998159 0.650430 1.587417
v 0.987743 0.648087 1.582907
v 0.995743 0.656087 1.589283
v 0.993400 0.650430 1.587416
v 0.995743 0.656087 0.793834
v 0.987743 0.648087 0.800210
v 0.993400 0.650430 0.795701
v -0.958490 0.656087 0.827319
v -0.966490 0.648087 0.820943
v -0.960833 0.650430 0.825451
v -0.966490 0.648087 1.562176
v -0.958490 0.656087 1.555799
v -0.960833 0.650430 1.557667
v 0.953731 0.656087 1.555799
v 0.961731 0.648087 1.562175
v 0.956074 0.650430 1.557666
v 0.961731 0.648087 0.820942
v 0.953731 0.656087 0.827318
v 0.956074 0.650430 0.825451
v -0.950490 0.730588 0.827319
v -0.958490 0.722588 0.827319
v -0.956147 0.728245 0.827319
v -0.958490 0.722588 1.555799
v -0.950490 0.730588 1.555799
v -0.956147 0.728245 1.555799
v 0.945731 0.730588 1.555799
v 0.953731 0.722588 1.555799
v 0.951388 0.728245 1.555799
v 0.953731 0.722588 0.827318
v 0.945731 0.730588 0.827318
v 0.951388 0.728245 0.827318
v 0.987743 0.732512 1.690574
v 0.995743 0.732512 1.682574
v 0.993400 0.732512 1.688231
v 0.995743 0.665574 1.682574
v 0.987743 0.665574 1.690574
v 0.993400 0.665574 1.688231
v -0.992502 0.665574 1.690575
v -1.000502 0.665574 1.682575
v -0.998159 0.665574 1.688232
v -1.000502 0.732512 1.682575
v -0.992502 0.732512 1.690575
v -0.998159 0.732512 1.688232
v -0.992503 0.732512 0.692543
v -1.000503 0.732512 0.700543
v -0.998159 0.732512 0.694887
v -1.000503 0.665574 0.700543
v -0.992503 0.665574 0.692543
v -0.998159 0.665574 0.694887
v 0.987743 0.665574 0.692543
v 0.995743 0.665574 0.700543
v 0.993400 0.665574 0.694886
v 0.995743 0.732512 0.700543
v 0.987743 0.732512 0.692543
v 0.993400 0.732512 0.694886
vn -0.0000 0.1951 -0.9808
vn -0.0000 -0.0000 -1.0000
vn -0.0000 -0.1951 -0.9808
vn 0.1368 -0.9906 -0.0000
vn -0.0000 -1.0000 -0.0000
vn -0.0000 -0.9808 0.1951
vn 0.1403 -0.9679 0.2087
vn 0.1403 0.9679 -0.2087
vn 0.1403 0.9679 0.2087
vn -0.0000 0.9808 0.1951
vn -0.0000 0.9808 -0.1951
vn -0.9808 -0.0000 -0.1951
vn -0.9736 0.1202 -0.1939
vn -0.9936 0.1133 -0.0000
vn -1.0000 -0.0000 -0.0000
vn -0.1375 0.3736 0.9173
vn -0.1248 0.4501 0.8842
vn -0.0000 0.3415 0.9399
vn -0.0000 0.2934 0.9560
vn 0.0678 -0.0954 -0.9931
vn -0.0000 0.0507 -0.9987
vn -0.1237 0.2233 0.9669
vn -0.0000 0.1065 0.9943
vn 0.1753 0.2320 -0.9568
vn 0.1439 0.0641 -0.9875
vn -0.0000 0.1080 -0.9942
vn -0.0000 0.3415 -0.9399
vn -0.6544 -0.7371 0.1686
vn -0.6522 -0.7374 0.1760
vn -0.6957 -0.7184 -0.0000
vn -0.0000 -0.3415 -0.9399
vn 0.1067 -0.2766 -0.9550
vn 0.1753 -0.2320 -0.9568
vn -0.1248 -0.4501 -0.8842
vn -0.6544 0.7371 -0.1686
vn -0.7217 0.6624 -0.2012
vn -0.7584 0.6517 -0.0001
vn -0.6957 0.7184 -0.0000
vn 0.1743 -0.9847 -0.0000
vn 0.1606 -0.9721 0.1711
vn -0.1825 -0.4967 -0.8485
vn 0.0678 0.0954 -0.9931
vn -0.9936 -0.1133 -0.0000
vn -0.9808 -0.0000 0.1951
vn -0.9736 -0.1202 0.1939
vn 0.1753 -0.2320 0.9568
vn -0.0000 -0.3415 0.9399
vn -0.0000 -0.0507 -0.9987
vn -0.1951 -0.0000 -0.9808
vn -0.1843 -0.0710 -0.9803
vn -0.7325 0.6559 -0.1823
vn -0.7725 0.6350 -0.0000
vn 0.8500 0.4885 -0.1974
vn 0.8481 0.4702 -0.2442
vn 0.8481 0.4702 0.2442
vn 0.8500 0.4885 0.1974
vn 0.1691 0.1761 -0.9697
vn -0.0000 0.2934 -0.9560
vn 0.1753 0.2320 0.9568
vn -0.9736 0.1202 0.1939
vn -0.7725 -0.6350 -0.0000
vn 0.1691 -0.1761 0.9697
vn -0.0000 -0.2934 0.9560
vn -0.0000 -0.0000 1.0000
vn 0.0678 -0.0954 0.9931
vn -0.0000 -0.1951 0.9808
vn -0.9736 -0.1202 -0.1939
vn -0.1951 -0.0000 0.9808
vn -0.1248 0.4501 -0.8842
vn -0.1375 0.3736 -0.9173
vn -0.0000 -0.0507 0.9987
vn 0.0678 0.0954 0.9931
vn -0.0000 0.1951 0.9808
vn 0.1691 0.1762 0.9697
vn 0.7518 -0.6594 -0.0000
vn 0.8350 -0.5503 -0.0000
vn 0.8500 -0.4885 -0.1974
vn 0.7662 -0.6159 -0.1832
vn 0.7662 0.6159 -0.1832
vn 0.7662 0.6159 0.1832
vn -0.7325 -0.6559 0.1823
vn -0.1843 0.0710 -0.9803
vn -0.4344 -0.9007 -0.0001
vn -0.4344 -0.9007 0.0001
vn -0.1248 -0.4501 0.8842
vn -0.1843 -0.0710 0.9803
vn -0.1825 -0.4967 0.8485
vn -0.3808 -0.8689 -0.3162
vn -0.6544 0.7371 0.1686
vn -0.7325 0.6559 0.1823
vn -0.0000 -0.2934 -0.9560
vn -0.0000 -0.9823 0.1871
vn -0.0001 -0.9826 0.1858
vn -0.1843 0.0710 0.9803
vn -0.0000 0.0507 0.9987
vn -0.0001 -0.9826 -0.1858
vn -0.0000 -0.9823 -0.1871
vn 0.1691 -0.1762 -0.9697
vn -0.3808 -0.8689 0.3162
vn -0.1375 -0.3736 0.9173
vn -0.6544 -0.7371 -0.1686
vn -0.7325 -0.6559 -0.1823
vn -0.6522 -0.7374 -0.1759
vn 0.1607 -0.9721 -0.1711
vn -0.0000 0.1065 -0.9943
vn -0.7584 0.6517 0.0001
vn -0.0000 0.1080 0.9942
vn 0.1439 0.0641 0.9875
vn -0.1237 0.2233 -0.9669
vn 0.7724 -0.6351 -0.0000
vn 0.7980 -0.5733 -0.1861
vn 0.1067 -0.2766 0.9550
vn -0.7216 0.6624 0.2012
vn -0.1375 -0.3736 -0.9173
vn -0.2033 -0.2294 -0.9519
vn -0.6413 -0.3421 -0.6868
vn -0.5189 -0.5562 -0.6492
vn -0.6967 -0.1169 -0.7078
vn -0.8926 -0.3987 -0.2108
vn -0.6967 -0.1169 0.7078
vn -0.6413 -0.3421 0.6868
vn -0.8926 -0.3987 0.2108
vn -0.2033 -0.2294 0.9519
vn -0.5189 -0.5562 0.6492
vn -0.2033 0.2294 -0.9519
vn -0.6413 0.3421 -0.6868
vn -0.6967 0.1169 -0.7078
vn -0.5189 0.5562 -0.6492
vn -0.8926 0.3987 -0.2108
vn -0.5189 0.5562 0.6492
vn -0.6413 0.3421 0.6868
vn -0.8926 0.3987 0.2108
vn -0.2033 0.2294 0.9519
vn -0.6967 0.1169 0.7078
vn 0.1761 -0.0035 -0.9844
vn 0.4922 0.4595 -0.7393
vn 0.2069 0.5981 -0.7743
vn 0.6272 0.2731 -0.7294
vn 0.5180 0.8235 -0.2314
vn 0.2069 0.5981 0.7743
vn 0.4922 0.4595 0.7393
vn 0.1761 -0.0035 0.9844
vn 0.5180 0.8235 0.2313
vn 0.6272 0.2731 0.7294
vn 0.1403 -0.9679 -0.2087
vn 0.5180 -0.8235 -0.2314
vn 0.4922 -0.4595 -0.7393
vn 0.2069 -0.5981 -0.7743
vn 0.6272 -0.2731 -0.7294
vn 0.1761 0.0035 -0.9844
vn 0.6272 -0.2731 0.7294
vn 0.4922 -0.4595 0.7393
vn 0.1761 0.0035 0.9844
vn 0.7662 -0.6159 0.1832
vn 0.5180 -0.8235 0.2314
vn 0.2069 -0.5981 0.7743
vn 0.1777 -0.6198 -0.7644
vn 0.4966 -0.6215 -0.6059
vn 0.5475 -0.8245 -0.1428
vn 0.6187 -0.2867 -0.7314
vn -0.9344 -0.0949 -0.3435
vn -0.6016 0.0247 -0.7984
vn -0.1699 -0.4561 -0.8736
vn -0.4638 0.5633 -0.6838
vn -0.1699 -0.4561 0.8736
vn -0.6016 0.0247 0.7984
vn -0.9344 -0.0948 0.3435
vn -0.4638 0.5633 0.6838
vn 0.5475 -0.8245 0.1428
vn 0.4966 -0.6215 0.6059
vn 0.1777 -0.6198 0.7644
vn 0.7980 -0.5733 0.1861
vn 0.6187 -0.2867 0.7314
vn -0.0000 -0.1734 -0.9849
vn -0.9208 -0.3901 -0.0000
vn -0.0000 0.7071 0.7071
vn -0.0000 0.1734 -0.9849
vn -0.9208 0.3901 -0.0000
vn -0.0000 -0.7071 0.7071
vn -0.7071 -0.0000 -0.7071
vn -0.7071 -0.0000 0.7071
vn -0.0000 0.7071 -0.7071
vn -0.0000 -0.1734 0.9849
vn -0.0000 -0.9808 -0.1951
vn -0.0000 -0.7071 -0.7071
vn -0.0000 0.1734 0.9849
vn 0.4742 -0.8804 -0.0000
vn -0.0001 -0.6187 -0.7856
vn -0.9997 -0.0253 -0.0005
vn -0.0000 -0.6157 0.7880
vn 0.5344 -0.8452 -0.0000
vn 0.6552 -0.1639 -0.7375
vn 0.8500 -0.4885 0.1974
vn 0.6552 -0.1639 0.7375
vn -0.4408 0.6716 0.5956
vn -0.4408 0.6716 -0.5956
vn -0.4916 -0.6972 -0.5218
vn -0.4408 -0.6716 -0.5956
vn -0.4408 -0.6716 0.5956
vn 0.5519 0.0616 0.8316
vn 0.6552 0.1639 0.7375
vn 0.6552 0.1639 -0.7375
vn -0.4916 -0.6972 0.5218
vn 0.5519 0.0616 -0.8316
vn -0.9997 -0.0253 0.0005
vn -0.0000 -0.6157 -0.7880
vn -0.0001 -0.6187 0.7856
vn -0.1368 -0.9906 -0.0000
vn -0.1403 -0.9679 0.2087
vn -0.1403 0.9679 -0.2087
vn -0.1403 0.9679 0.2087
vn 0.9808 -0.0000 -0.1951
vn 1.0000 -0.0000 -0.0000
vn 0.9936 0.1133 -0.0000
vn 0.9736 0.1202 -0.1939
vn 0.1375 0.3736 0.9173
vn 0.1248 0.4501 0.8842
vn -0.0678 -0.0954 -0.9931
vn 0.1237 0.2233 0.9669
vn -0.1753 0.2320 -0.9568
vn -0.1439 0.0641 -0.9875
vn 0.6544 -0.7371 0.1686
vn 0.6957 -0.7184 -0.0000
vn 0.6522 -0.7374 0.1760
vn -0.1753 -0.2320 -0.9568
vn -0.1067 -0.2766 -0.9550
vn 0.1248 -0.4501 -0.8842
vn 0.6544 0.7371 -0.1686
vn 0.6957 0.7184 -0.0000
vn 0.7584 0.6517 -0.0001
vn 0.7216 0.6624 -0.2012
vn -0.1743 -0.9847 -0.0000
vn -0.1606 -0.9721 0.1711
vn 0.1825 -0.4967 -0.8485
vn -0.0678 0.0954 -0.9931
vn 0.9936 -0.1133 -0.0000
vn 0.9736 -0.1202 0.1939
vn 0.9808 -0.0000 0.1951
vn -0.1753 -0.2320 0.9568
vn 0.1843 -0.0710 -0.9803
vn 0.1951 -0.0000 -0.9808
vn 0.7325 0.6559 -0.1823
vn 0.7725 0.6350 -0.0000
vn -0.8500 0.4885 -0.1974
vn -0.8500 0.4885 0.1974
vn -0.8481 0.4702 0.2442
vn -0.8481 0.4702 -0.2442
vn -0.1691 0.1761 -0.9697
vn -0.1753 0.2320 0.9568
vn 0.9736 0.1202 0.1939
vn 0.7725 -0.6350 -0.0000
vn -0.1691 -0.1761 0.9697
vn -0.0678 -0.0954 0.9931
vn 0.9736 -0.1202 -0.1939
vn 0.1951 -0.0000 0.9808
vn 0.1375 0.3736 -0.9173
vn 0.1248 0.4501 -0.8842
vn -0.0678 0.0954 0.9931
vn -0.1691 0.1761 0.9697
vn -0.7518 -0.6594 -0.0000
vn -0.7662 -0.6159 -0.1832
vn -0.8500 -0.4885 -0.1974
vn -0.8350 -0.5503 -0.0000
vn -0.7662 0.6159 -0.1832
vn -0.7662 0.6159 0.1832
vn 0.7325 -0.6559 0.1823
vn 0.1843 0.0710 -0.9803
vn 0.4345 -0.9007 -0.0001
vn 0.4345 -0.9007 0.0001
vn 0.1248 -0.4501 0.8842
vn 0.1843 -0.0710 0.9803
vn 0.1825 -0.4967 0.8485
vn 0.3808 -0.8689 -0.3162
vn 0.7325 0.6559 0.1823
vn 0.6544 0.7371 0.1686
vn 0.0001 -0.9826 0.1858
vn 0.1843 0.0710 0.9803
vn 0.0001 -0.9826 -0.1858
vn -0.1691 -0.1761 -0.9697
vn 0.3808 -0.8689 0.3162
vn 0.1375 -0.3736 0.9173
vn 0.6544 -0.7371 -0.1686
vn 0.7325 -0.6559 -0.1823
vn 0.6522 -0.7374 -0.1760
vn -0.1607 -0.9721 -0.1711
vn 0.7584 0.6517 0.0001
vn -0.1439 0.0641 0.9875
vn 0.1237 0.2233 -0.9669
vn -0.7980 -0.5733 -0.1861
vn -0.7724 -0.6351 -0.0000
vn -0.1067 -0.2766 0.9550
vn 0.7216 0.6624 0.2012
vn 0.1375 -0.3736 -0.9173
vn 0.5189 -0.5562 -0.6492
vn 0.6413 -0.3421 -0.6868
vn 0.2033 -0.2294 -0.9519
vn 0.6967 -0.1169 -0.7078
vn 0.8926 -0.3987 -0.2108
vn 0.8926 -0.3987 0.2108
vn 0.6413 -0.3421 0.6868
vn 0.6967 -0.1169 0.7078
vn 0.2033 -0.2294 0.9519
vn 0.5189 -0.5562 0.6492
vn 0.6967 0.1169 -0.7078
vn 0.6413 0.3421 -0.6868
vn 0.2033 0.2294 -0.9519
vn 0.5189 0.5562 -0.6492
vn 0.8926 0.3987 -0.2108
vn 0.8926 0.3987 0.2108
vn 0.6413 0.3421 0.6868
vn 0.5189 0.5562 0.6492
vn 0.2033 0.2294 0.9519
vn 0.6967 0.1169 0.7078
vn -0.2069 0.5981 -0.7743
vn -0.4922 0.4595 -0.7393
vn -0.1761 -0.0035 -0.9844
vn -0.6272 0.2731 -0.7294
vn -0.5180 0.8235 -0.2314
vn -0.1761 -0.0035 0.9844
vn -0.4922 0.4595 0.7393
vn -0.2069 0.5981 0.7743
vn -0.5180 0.8235 0.2313
vn -0.6272 0.2731 0.7294
vn -0.1403 -0.9679 -0.2087
vn -0.2069 -0.5981 -0.7743
vn -0.4922 -0.4595 -0.7393
vn -0.5180 -0.8235 -0.2314
vn -0.6272 -0.2731 -0.7294
vn -0.1761 0.0035 -0.9844
vn -0.1761 0.0035 0.9844
vn -0.4922 -0.4595 0.7393
vn -0.6272 -0.2731 0.7294
vn -0.7662 -0.6159 0.1832
vn -0.5180 -0.8235 0.2314
vn -0.2069 -0.5981 0.7743
vn -0.5475 -0.8245 -0.1428
vn -0.4966 -0.6215 -0.6059
vn -0.1777 -0.6198 -0.7644
vn -0.6187 -0.2867 -0.7314
vn 0.1699 -0.4561 -0.8736
vn 0.6016 0.0247 -0.7984
vn 0.9344 -0.0948 -0.3435
vn 0.4638 0.5633 -0.6838
vn 0.9344 -0.0948 0.3435
vn 0.6016 0.0247 0.7984
vn 0.1699 -0.4561 0.8736
vn 0.4638 0.5633 0.6838
vn -0.1777 -0.6198 0.7644
vn -0.4966 -0.6215 0.6059
vn -0.5475 -0.8245 0.1428
vn -0.7980 -0.5733 0.1861
vn -0.6187 -0.2867 0.7314
vn 0.9208 -0.3901 -0.0000
vn 0.9208 0.3901 -0.0000
vn 0.7071 -0.0000 -0.7071
vn 0.7071 -0.0000 0.7071
vn -0.4742 -0.8804 -0.0000
vn 0.0001 -0.6187 -0.7856
vn 0.9997 -0.0253 -0.0005
vn -0.5344 -0.8452 -0.0000
vn -0.6552 -0.1639 -0.7375
vn -0.8500 -0.4885 0.1974
vn -0.6552 -0.1639 0.7375
vn 0.4408 0.6716 0.5956
vn 0.4408 0.6716 -0.5956
vn 0.4408 -0.6716 -0.5956
vn 0.4916 -0.6972 -0.5218
vn 0.4408 -0.6716 0.5956
vn -0.6552 0.1639 0.7375
vn -0.5519 0.0616 0.8316
vn -0.6552 0.1639 -0.7375
vn 0.4916 -0.6972 0.5218
vn -0.5519 0.0616 -0.8316
vn 0.9997 -0.0253 0.0005
vn 0.0001 -0.6187 0.7856
vn 0.9673 0.1794 0.1794
vn 0.9808 0.1951 -0.0000
vn -0.0507 -0.9974 -0.0507
vn 0.1794 -0.9673 0.1794
vn 0.9673 -0.1794 0.1794
vn 0.9808 -0.1951 -0.0000
vn -0.9673 -0.1794 -0.1794
vn -0.9808 -0.1951 -0.0000
vn 0.1794 -0.1794 -0.9673
vn -0.1794 -0.1794 0.9673
vn -0.9673 -0.1794 0.1794
vn -0.9556 -0.2514 0.1535
vn 0.1794 -0.1794 0.9673
vn 0.1535 -0.2514 0.9556
vn 0.9673 -0.1794 -0.1794
vn 0.9556 -0.2514 -0.1535
vn -0.1794 -0.1794 -0.9673
vn -0.1535 -0.2514 -0.9556
vn -0.0507 -0.9974 0.0507
vn 0.1794 -0.9673 -0.1794
vn 0.1951 -0.9808 -0.0000
vn -0.1951 -0.9808 -0.0000
vn 0.0507 -0.9974 -0.0507
vn -0.1794 -0.9673 0.1794
vn -0.9808 0.1951 -0.0000
vn -0.9556 -0.2514 -0.1535
vn 0.9556 -0.2514 0.1535
vn 0.9673 0.1794 -0.1794
vn -0.0000 1.0000 -0.0000
vn -0.9673 0.1794 -0.1794
vn -0.1794 -0.9673 -0.1794
vn 0.0507 -0.9974 0.0507
vn -0.1535 -0.2514 0.9556
vn 0.1535 -0.2514 -0.9556
vn 0.1794 0.1794 0.9673
vn 0.1951 0.9808 -0.0000
vn -0.1951 0.9808 -0.0000
vn -0.9673 0.1794 0.1794
vn -0.1794 0.9673 0.1794
vn 0.1794 0.9673 -0.1794
vn -0.1794 0.1794 0.9673
vn 0.1794 0.1794 -0.9673
vn -0.1794 0.9673 -0.1794
vn 0.1794 0.9673 0.1794
vn -0.1794 0.1794 -0.9673
vn -0.6965 0.1726 -0.6965
vn -0.5774 0.5773 -0.5774
vn -0.1726 0.6965 -0.6965
vn -0.6965 0.6965 -0.1726
vn -0.6965 0.6965 0.1726
vn -0.5773 0.5773 0.5774
vn -0.1726 0.6965 0.6965
vn -0.6965 0.1726 0.6965
vn 0.6965 0.6965 -0.1726
vn 0.5774 0.5773 -0.5774
vn 0.1726 0.6965 -0.6965
vn 0.6965 0.1726 -0.6965
vn 0.6965 0.1726 0.6965
vn 0.5774 0.5773 0.5774
vn 0.1726 0.6965 0.6965
vn 0.6965 0.6965 0.1726
vn 0.6462 -0.4061 0.6462
vn 0.4519 -0.7692 0.4519
vn 0.0636 -0.8594 0.5073
vn 0.5073 -0.8594 0.0636
vn 0.6462 -0.4061 -0.6462
vn 0.4519 -0.7692 -0.4519
vn 0.5073 -0.8594 -0.0636
vn 0.0636 -0.8594 -0.5073
vn -0.6462 -0.4061 0.6462
vn -0.4519 -0.7692 0.4519
vn -0.5073 -0.8594 0.0636
vn -0.0636 -0.8594 0.5073
vn -0.6462 -0.4061 -0.6462
vn -0.4519 -0.7692 -0.4519
vn -0.0636 -0.8594 -0.5073
vn -0.5073 -0.8594 -0.0636
vn 0.7037 -0.6922 -0.1602
vn 0.5773 -0.5775 -0.5773
vn 0.6965 -0.1726 -0.6965
vn 0.1602 -0.6922 -0.7037
vn -0.7037 -0.6922 -0.1602
vn -0.5773 -0.5775 -0.5773
vn -0.6965 -0.1726 -0.6965
vn -0.1602 -0.6922 -0.7037
vn -0.7037 -0.6922 0.1602
vn -0.5773 -0.5775 0.5773
vn -0.6965 -0.1726 0.6965
vn -0.1602 -0.6922 0.7037
vn 0.7037 -0.6922 0.1602
vn 0.5773 -0.5775 0.5773
vn 0.6965 -0.1726 0.6965
vn 0.1602 -0.6922 0.7037
vn 0.6965 -0.6965 0.1726
vn 0.5773 -0.5774 0.5774
vn 0.1726 -0.6965 0.6965
vn 0.1726 -0.6965 -0.6965
vn 0.5774 -0.5773 -0.5774
vn 0.6965 -0.6965 -0.1726
vn -0.1726 -0.6965 0.6965
vn -0.5774 -0.5773 0.5774
vn -0.6965 -0.6965 0.1726
vn -0.6965 -0.6965 -0.1726
vn -0.5774 -0.5773 -0.5774
vn -0.1726 -0.6965 -0.6965
vn -0.7071 0.7071 -0.0000
vn 0.7071 0.7071 -0.0000
vn -0.7071 -0.7071 -0.0000
vn 0.7071 -0.7071 -0.0000
vt 0.761522 0.261333
vt 0.756951 0.261323
vt 0.756998 0.248319
vt 0.761563 0.248344
vt 0.741164 0.261292
vt 0.736591 0.261284
vt 0.736600 0.248295
vt 0.741165 0.248286
vt 0.797297 0.417895
vt 0.809092 0.422064
vt 0.804909 0.433864
vt 0.792877 0.429806
vt 0.626870 0.615975
vt 0.636746 0.685833
vt 0.624259 0.687148
vt 0.614625 0.618097
vt 0.741084 0.196288
vt 0.736340 0.196290
vt 0.736640 0.183339
vt 0.741234 0.183371
vt 0.834113 0.171650
vt 0.883202 0.169655
vt 0.875556 0.178163
vt 0.828641 0.178128
vt 0.741133 0.235210
vt 0.736500 0.235200
vt 0.736619 0.225602
vt 0.741196 0.225621
vt 0.932367 0.167937
vt 0.979409 0.166700
vt 0.968386 0.179550
vt 0.922681 0.178598
vt 0.841991 0.036276
vt 0.872555 0.009737
vt 0.889417 0.014593
vt 0.856251 0.040632
vt 0.820536 0.765750
vt 0.869294 0.760672
vt 0.865452 0.787160
vt 0.817378 0.787655
vt 0.761498 0.900347
vt 0.798724 0.922263
vt 0.782587 0.929557
vt 0.748104 0.906395
vt 0.757766 0.863256
vt 0.803394 0.881574
vt 0.790234 0.887450
vt 0.747343 0.867901
vt 0.901630 0.054824
vt 0.942749 0.031278
vt 0.950482 0.056805
vt 0.907496 0.076189
vt 0.921640 0.243294
vt 0.931359 0.221041
vt 0.941783 0.243780
vt 0.934107 0.260856
vt 0.848909 0.899808
vt 0.832947 0.906926
vt 0.757084 0.235244
vt 0.761712 0.235246
vt 0.810411 0.064102
vt 0.821638 0.067511
vt 0.761616 0.140876
vt 0.757032 0.140839
vt 0.757171 0.127883
vt 0.761936 0.127862
vt 0.733497 0.738054
vt 0.773308 0.725232
vt 0.784552 0.734752
vt 0.742405 0.745623
vt 0.757064 0.225660
vt 0.761657 0.225664
vt 0.724054 0.878375
vt 0.713478 0.883191
vt 0.761758 0.206543
vt 0.757157 0.206481
vt 0.757274 0.197736
vt 0.762028 0.197762
vt 0.771622 0.770902
vt 0.769138 0.788141
vt 0.815580 0.103459
vt 0.858690 0.079151
vt 0.863316 0.096020
vt 0.819675 0.115804
vt 0.757275 0.196290
vt 0.757096 0.183333
vt 0.706442 0.628135
vt 0.732491 0.595823
vt 0.811670 0.711492
vt 0.772081 0.724228
vt 0.779407 0.091317
vt 0.787787 0.093777
vt 0.858553 0.197401
vt 0.901792 0.201902
vt 0.892160 0.212892
vt 0.850855 0.206273
vt 0.741145 0.140877
vt 0.736543 0.140932
vt 0.736174 0.127960
vt 0.740942 0.127931
vt 0.721567 0.788852
vt 0.761248 0.844829
vt 0.715699 0.831235
vt 0.611064 0.688914
vt 0.601500 0.619994
vt 0.694026 0.750761
vt 0.701000 0.756240
vt 0.756933 0.098459
vt 0.741029 0.098506
vt 0.740957 0.088903
vt 0.756946 0.088845
vt 0.736320 0.088927
vt 0.736392 0.075797
vt 0.740968 0.075797
vt 0.762040 0.196273
vt 0.761699 0.183287
vt 0.757163 0.126432
vt 0.740939 0.126483
vt 0.741028 0.117718
vt 0.757028 0.117670
vt 0.806464 0.099600
vt 0.846340 0.074890
vt 0.857355 0.078131
vt 0.814485 0.102235
vt 0.756840 0.075737
vt 0.740940 0.062760
vt 0.756769 0.062701
vt 0.761526 0.098454
vt 0.761591 0.088829
vt 0.761416 0.075703
vt 0.761352 0.062684
vt 0.736358 0.062777
vt 0.815600 0.193090
vt 0.809467 0.199659
vt 0.784100 0.253596
vt 0.817105 0.277333
vt 0.810214 0.292588
vt 0.778609 0.265051
vt 0.653965 0.691727
vt 0.680213 0.660393
vt 0.732282 0.737046
vt 0.692611 0.749773
vt 0.722730 0.776009
vt 0.741191 0.206468
vt 0.741087 0.197734
vt 0.886447 0.049735
vt 0.900286 0.053817
vt 0.926888 0.145113
vt 0.878908 0.151327
vt 0.736588 0.206510
vt 0.736349 0.197772
vt 0.987668 0.275645
vt 0.953144 0.352479
vt 0.946067 0.337959
vt 0.972121 0.279999
vt 0.762034 0.762119
vt 0.808669 0.755043
vt 0.819714 0.764293
vt 0.770811 0.769442
vt 0.807544 0.858457
vt 0.761922 0.126373
vt 0.761643 0.117608
vt 0.855064 0.748007
vt 0.868470 0.759215
vt 0.853640 0.872095
vt 0.942291 0.375438
vt 0.937658 0.356563
vt 0.831417 0.157375
vt 0.883802 0.168090
vt 0.834404 0.170033
vt 0.821800 0.426588
vt 0.817519 0.438350
vt 0.704907 0.848902
vt 0.687373 0.857078
vt 0.932989 0.166379
vt 0.948541 0.227914
vt 0.982338 0.243273
vt 0.970835 0.256927
vt 0.951514 0.248127
vt 0.736181 0.126471
vt 0.736415 0.117676
vt 0.850742 0.301112
vt 0.842208 0.320385
vt 0.925449 0.370013
vt 0.891406 0.355121
vt 0.908479 0.343792
vt 0.927966 0.352350
vt 0.826387 0.723927
vt 0.679484 0.860597
vt 0.997624 0.252242
vt 0.980427 0.261355
vt 0.715916 0.768899
vt 0.722212 0.774462
vt 0.804583 0.880397
vt 0.758948 0.862074
vt 0.713338 0.843905
vt 0.850098 0.898631
vt 0.736429 0.098527
vt 0.874726 0.347115
vt 0.898704 0.339425
vt 0.925072 0.025199
vt 0.973701 0.139317
vt 0.943171 0.206901
vt 0.930925 0.219580
vt 0.941117 0.030483
vt 0.883526 0.323888
vt 0.873515 0.346353
vt 0.812902 0.712484
vt 0.980394 0.165171
vt 0.712426 0.845253
vt 0.711744 0.844577
vt 0.712204 0.844163
vt 0.712857 0.844567
vt 0.762050 0.197018
vt 0.762951 0.196959
vt 0.762968 0.197578
vt 0.762918 0.196288
vt 0.712530 0.843590
vt 0.761945 0.127116
vt 0.762846 0.127173
vt 0.762815 0.127844
vt 0.762861 0.126555
vt 0.722444 0.775241
vt 0.721704 0.775456
vt 0.721370 0.774931
vt 0.721866 0.776095
vt 0.735414 0.197588
vt 0.735432 0.196973
vt 0.736329 0.197032
vt 0.815010 0.102863
vt 0.814411 0.103356
vt 0.813894 0.103003
vt 0.814815 0.103884
vt 0.735465 0.196305
vt 0.834230 0.170840
vt 0.833462 0.170733
vt 0.833529 0.170072
vt 0.833206 0.171305
vt 0.736161 0.127216
vt 0.735260 0.127277
vt 0.735241 0.126658
vt 0.735296 0.127947
vt 0.762623 0.234381
vt 0.762809 0.235059
vt 0.762419 0.235740
vt 0.678713 0.860888
vt 0.677781 0.860472
vt 0.678357 0.860083
vt 0.653348 0.692318
vt 0.653081 0.691665
vt 0.653787 0.690908
vt 0.627189 0.615173
vt 0.627962 0.615118
vt 0.627712 0.615776
vt 0.762299 0.088333
vt 0.762692 0.089016
vt 0.762505 0.089697
vt 0.637601 0.685796
vt 0.638021 0.686356
vt 0.637268 0.686517
vt 0.693303 0.750276
vt 0.692300 0.750583
vt 0.691824 0.750092
vt 0.692799 0.751029
vt 0.816032 0.363319
vt 0.815226 0.362971
vt 0.815090 0.362268
vt 0.815855 0.362458
vt 0.778558 0.265911
vt 0.777718 0.265252
vt 0.777889 0.264542
vt 0.778348 0.091983
vt 0.777718 0.091671
vt 0.778595 0.091128
vt 0.735791 0.235691
vt 0.735403 0.235008
vt 0.735593 0.234329
vt 0.808825 0.200256
vt 0.807776 0.200115
vt 0.808200 0.199586
vt 0.808220 0.200867
vt 0.807386 0.200685
vt 0.792204 0.430370
vt 0.791489 0.430044
vt 0.792030 0.429578
vt 0.735412 0.089799
vt 0.735221 0.089120
vt 0.735608 0.088435
vt 0.874311 0.347689
vt 0.873940 0.347324
vt 0.874176 0.346765
vt 0.871861 0.009461
vt 0.872270 0.009100
vt 0.872769 0.009161
vt 0.873407 0.347124
vt 0.942449 0.375528
vt 0.941928 0.375926
vt 0.941320 0.375859
vt 0.941925 0.030877
vt 0.942657 0.030556
vt 0.943286 0.030984
vt 0.942085 0.030175
vt 0.997291 0.251235
vt 0.997747 0.251645
vt 0.997797 0.252299
vt 0.979896 0.165943
vt 0.980691 0.165838
vt 0.980398 0.166461
vt 0.981006 0.165144
vt 0.930733 0.220884
vt 0.930958 0.220313
vt 0.931491 0.220334
vt 0.929992 0.220697
vt 0.930444 0.220133
vt 0.931398 0.220004
vt 0.762681 0.206320
vt 0.703991 0.848322
vt 0.762484 0.140844
vt 0.720692 0.788854
vt 0.762060 0.062681
vt 0.762128 0.075696
vt 0.624344 0.687864
vt 0.611167 0.689631
vt 0.805624 0.100305
vt 0.735669 0.206284
vt 0.830543 0.157497
vt 0.735677 0.140904
vt 0.817270 0.439036
vt 0.804671 0.434551
vt 0.735681 0.075796
vt 0.735649 0.062780
vt 0.741085 0.197009
vt 0.757276 0.197015
vt 0.757168 0.127160
vt 0.740940 0.127205
vt 0.762273 0.248350
vt 0.614512 0.617390
vt 0.762445 0.098647
vt 0.700044 0.756665
vt 0.827998 0.367630
vt 0.828240 0.366943
vt 0.735890 0.248298
vt 0.814576 0.192811
vt 0.735511 0.098725
vt 0.783351 0.253154
vt 0.811294 0.375066
vt 0.812083 0.375415
vt 0.925094 0.370612
vt 0.925757 0.024769
vt 0.988073 0.275324
vt 0.974214 0.139071
vt 0.948383 0.227085
vt 0.944016 0.206908
vt 0.884781 0.324598
vt 0.884207 0.324274
vt 0.842057 0.321141
vt 0.841181 0.036099
vt 0.849792 0.207461
vt 0.850261 0.206859
vt 0.932913 0.167149
vt 0.858225 0.078523
vt 0.849722 0.899307
vt 0.804206 0.881073
vt 0.771449 0.770145
vt 0.812228 0.712007
vt 0.772636 0.724749
vt 0.679936 0.659686
vt 0.712703 0.883471
vt 0.758573 0.862754
vt 0.820359 0.764997
vt 0.869115 0.759919
vt 0.732829 0.737567
vt 0.706159 0.627433
vt 0.732206 0.595122
vt 0.781812 0.929833
vt 0.747327 0.906672
vt 0.810053 0.293348
vt 0.809597 0.063926
vt 0.891093 0.214057
vt 0.891564 0.213467
vt 0.883736 0.168866
vt 0.901164 0.054205
vt 0.762229 0.261335
vt 0.601405 0.619279
vt 0.840676 0.371984
vt 0.840908 0.371291
vt 0.735883 0.261283
vt 0.762566 0.183316
vt 0.714858 0.830997
vt 0.818867 0.116158
vt 0.735775 0.183371
vt 0.953173 0.352994
vt 0.951048 0.056748
vt 0.762566 0.117830
vt 0.714869 0.769217
vt 0.890686 0.355562
vt 0.890141 0.014162
vt 0.827546 0.177966
vt 0.735492 0.117904
vt 0.982547 0.242608
vt 0.969196 0.179568
vt 0.787068 0.094531
vt 0.735703 0.225404
vt 0.762574 0.225471
vt 0.686569 0.856435
vt 0.921018 0.243092
vt 0.920280 0.242850
vt 0.796463 0.417679
vt 0.803250 0.212407
vt 0.802433 0.212126
vt 0.882075 0.232837
vt 0.842551 0.222473
vt 0.836688 0.383849
vt 0.823921 0.379488
vt 0.906389 0.322240
vt 0.936161 0.334019
vt 0.962607 0.275220
vt 0.916317 0.326188
vt 0.943619 0.265638
vt 0.761506 0.274318
vt 0.756944 0.274324
vt 0.741128 0.274298
vt 0.736550 0.274275
vt 0.846444 0.435689
vt 0.842006 0.448073
vt 0.830107 0.443035
vt 0.834560 0.431274
vt 0.575939 0.622428
vt 0.588330 0.621592
vt 0.597884 0.690946
vt 0.585526 0.693510
vt 0.740809 0.326200
vt 0.740894 0.339090
vt 0.736312 0.339102
vt 0.736074 0.326176
vt 0.843144 0.488833
vt 0.843430 0.480216
vt 0.878819 0.512011
vt 0.878735 0.523385
vt 0.741044 0.287352
vt 0.741064 0.296919
vt 0.736496 0.296916
vt 0.736424 0.287335
vt 0.912936 0.557206
vt 0.913316 0.543359
vt 0.944151 0.573791
vt 0.942300 0.589806
vt 0.762051 0.600170
vt 0.775954 0.605232
vt 0.787075 0.644885
vt 0.770934 0.639211
vt 0.494624 0.787080
vt 0.510848 0.802009
vt 0.473456 0.831838
vt 0.453858 0.813856
vt 0.624968 0.853997
vt 0.639131 0.850257
vt 0.627011 0.889849
vt 0.609943 0.894349
vt 0.604539 0.822958
vt 0.615523 0.819998
vt 0.594631 0.862082
vt 0.580759 0.865807
vt 0.819196 0.621006
vt 0.836484 0.608706
vt 0.856090 0.649191
vt 0.838130 0.660513
vt 0.971608 0.663547
vt 0.950443 0.654057
vt 0.966430 0.642356
vt 0.993059 0.647341
vt 0.573830 0.903992
vt 0.557008 0.908518
vt 0.761594 0.287405
vt 0.756972 0.287386
vt 0.753875 0.558448
vt 0.764972 0.562729
vt 0.761013 0.381531
vt 0.761015 0.394395
vt 0.756388 0.394290
vt 0.756453 0.381511
vt 0.544360 0.710588
vt 0.542243 0.722124
vt 0.502783 0.740462
vt 0.505406 0.725978
vt 0.761493 0.296974
vt 0.756907 0.296955
vt 0.640126 0.813463
vt 0.651335 0.810542
vt 0.761501 0.316064
vt 0.761727 0.324833
vt 0.756981 0.324835
vt 0.756907 0.316104
vt 0.535633 0.760218
vt 0.548432 0.772000
vt 0.782897 0.530232
vt 0.794146 0.523127
vt 0.815336 0.566468
vt 0.801145 0.576568
vt 0.756975 0.326278
vt 0.756736 0.339208
vt 0.494070 0.609374
vt 0.505712 0.724424
vt 0.467264 0.739798
vt 0.453757 0.601681
vt 0.746253 0.516943
vt 0.754550 0.520289
vt 0.879325 0.486189
vt 0.879708 0.474249
vt 0.914790 0.498055
vt 0.914136 0.512708
vt 0.740644 0.381404
vt 0.740538 0.394186
vt 0.735909 0.394217
vt 0.736061 0.381365
vt 0.585777 0.742606
vt 0.616959 0.771735
vt 0.590257 0.810892
vt 0.583328 0.695668
vt 0.581319 0.704314
vt 0.756656 0.026972
vt 0.756747 0.036566
vt 0.740764 0.036630
vt 0.740771 0.027047
vt 0.740871 0.049726
vt 0.736297 0.049759
vt 0.736132 0.036636
vt 0.761732 0.326319
vt 0.761327 0.339277
vt 0.756503 -0.000744
vt 0.756542 0.007886
vt 0.740689 0.007959
vt 0.740646 -0.000665
vt 0.773239 0.527490
vt 0.781259 0.530498
vt 0.799482 0.576523
vt 0.788952 0.572237
vt 0.756742 0.049667
vt 0.761236 0.026933
vt 0.761388 0.036543
vt 0.761317 0.049666
vt 0.843885 0.459902
vt 0.843759 0.450720
vt 0.863368 0.392565
vt 0.867679 0.380075
vt 0.909920 0.382850
vt 0.904279 0.398675
vt 0.574187 0.622423
vt 0.583835 0.694004
vt 0.544663 0.709035
vt 0.534474 0.616629
vt 0.576798 0.733376
vt 0.740819 0.324757
vt 0.740966 0.316038
vt 0.817600 0.621016
vt 0.804680 0.616112
vt 0.863343 0.534173
vt 0.894337 0.570037
vt 0.736090 0.324696
vt 0.736371 0.315974
vt 0.924339 0.604510
vt 0.923241 0.620022
vt 0.871664 0.654375
vt 0.856920 0.649537
vt 0.537506 0.747368
vt 0.535337 0.758578
vt 0.494340 0.785438
vt 0.497027 0.771348
vt 0.563025 0.850534
vt 0.761121 -0.000803
vt 0.761131 0.007867
vt 0.453578 0.812214
vt 0.456864 0.795141
vt 0.535929 0.890050
vt 0.854676 0.664567
vt 0.838454 0.660969
vt 0.831397 0.497955
vt 0.842269 0.490249
vt 0.878137 0.524941
vt 0.636413 0.778624
vt 0.655119 0.773928
vt 0.912316 0.558680
vt 0.981301 0.631296
vt 0.959621 0.633388
vt 0.945947 0.616314
vt 0.956740 0.600993
vt 0.736111 0.007985
vt 0.736027 -0.000689
vt 0.952295 0.384654
vt 0.945355 0.404601
vt 0.841336 0.677984
vt 0.859557 0.673912
vt 0.870017 0.693017
vt 0.859758 0.712129
vt 0.463821 0.758614
vt 0.663435 0.771692
vt 0.939159 0.608198
vt 0.942048 0.591784
vt 0.577628 0.723552
vt 0.576228 0.731847
vt 0.602882 0.822786
vt 0.579099 0.865644
vt 0.626750 0.780057
vt 0.555349 0.908355
vt 0.736183 0.027051
vt 0.875637 0.702729
vt 0.869935 0.729073
vt 0.821078 0.656102
vt 0.924337 0.603609
vt 0.946544 0.537948
vt 0.947181 0.520752
vt 0.836536 0.660451
vt 0.992971 0.386381
vt 0.985168 0.410160
vt 0.466944 0.741341
vt 0.941749 0.591309
vt 0.628303 0.780527
vt 0.627537 0.780267
vt 0.627789 0.779543
vt 0.628406 0.779575
vt 0.762665 0.325021
vt 0.762645 0.325639
vt 0.761745 0.325576
vt 0.762608 0.326308
vt 0.627177 0.779305
vt 0.761890 0.394475
vt 0.761856 0.395164
vt 0.760981 0.395108
vt 0.761098 -0.001517
vt 0.761958 -0.001688
vt 0.762044 -0.001058
vt 0.577178 0.731683
vt 0.577248 0.732301
vt 0.576538 0.732599
vt 0.577524 0.732899
vt 0.736066 0.325435
vt 0.735171 0.325489
vt 0.735156 0.324876
vt 0.781281 0.529517
vt 0.781911 0.529568
vt 0.782070 0.530337
vt 0.782566 0.529407
vt 0.735201 0.326156
vt 0.841632 0.489628
vt 0.842031 0.489082
vt 0.842683 0.489523
vt 0.842225 0.488478
vt 0.735101 -0.000934
vt 0.735181 -0.001565
vt 0.736043 -0.001402
vt 0.735935 0.394932
vt 0.735058 0.394976
vt 0.735033 0.394286
vt 0.762303 0.286915
vt 0.762690 0.287596
vt 0.762500 0.288273
vt 0.663983 0.770587
vt 0.664674 0.770526
vt 0.664214 0.771433
vt 0.573766 0.621713
vt 0.574755 0.621773
vt 0.575062 0.622409
vt 0.575482 0.621731
vt 0.762293 0.035668
vt 0.762486 0.036347
vt 0.762100 0.037033
vt 0.585273 0.694310
vt 0.584562 0.694464
vt 0.584683 0.693769
vt 0.583593 0.694835
vt 0.584448 0.695113
vt 0.865872 0.379705
vt 0.866492 0.379089
vt 0.867232 0.379285
vt 0.866780 0.379875
vt 0.868266 0.379435
vt 0.745482 0.516579
vt 0.745122 0.515586
vt 0.745826 0.515735
vt 0.735515 0.288200
vt 0.735328 0.287523
vt 0.735717 0.286843
vt 0.842756 0.449917
vt 0.842788 0.449241
vt 0.843680 0.449827
vt 0.843625 0.448937
vt 0.842813 0.448513
vt 0.842101 0.448935
vt 0.735424 0.037132
vt 0.735033 0.036450
vt 0.735219 0.035771
vt 0.870354 0.729646
vt 0.869759 0.729915
vt 0.869355 0.729551
vt 0.770775 0.639792
vt 0.770341 0.639555
vt 0.770222 0.639031
vt 0.993382 0.385736
vt 0.993908 0.385905
vt 0.993760 0.386498
vt 0.837821 0.661758
vt 0.837898 0.661141
vt 0.838398 0.660830
vt 0.837362 0.660541
vt 0.837177 0.661224
vt 0.941940 0.591680
vt 0.942421 0.591334
vt 0.943024 0.591500
vt 0.942773 0.590696
vt 0.942068 0.590608
vt 0.993728 0.646990
vt 0.993908 0.647506
vt 0.993427 0.647952
vt 0.947356 0.519316
vt 0.948030 0.519750
vt 0.947717 0.520291
vt 0.947253 0.520032
vt 0.947794 0.520801
vt 0.762422 0.316292
vt 0.636758 0.777599
vt 0.761874 0.381576
vt 0.586455 0.742057
vt 0.762028 0.049667
vt 0.598013 0.691657
vt 0.773018 0.526394
vt 0.735453 0.316195
vt 0.830796 0.497270
vt 0.735199 0.381398
vt 0.829836 0.443717
vt 0.735586 0.049765
vt 0.756979 0.325555
vt 0.740814 0.325481
vt 0.740646 -0.001377
vt 0.756496 -0.001452
vt 0.740539 0.394892
vt 0.756377 0.395002
vt 0.762216 0.274316
vt 0.588263 0.620880
vt 0.762151 0.026730
vt 0.582332 0.704046
vt 0.853453 0.376157
vt 0.853668 0.375454
vt 0.735841 0.274270
vt 0.842918 0.459408
vt 0.735267 0.026858
vt 0.862509 0.392353
vt 0.861647 0.392142
vt 0.840713 0.678332
vt 0.821385 0.656811
vt 0.924554 0.604093
vt 0.982198 0.631238
vt 0.947114 0.538536
vt 0.893051 0.715661
vt 0.893473 0.716220
vt 0.985944 0.410342
vt 0.952698 0.383996
vt 0.761297 0.599826
vt 0.879730 0.472622
vt 0.879667 0.473397
vt 0.912780 0.558107
vt 0.800398 0.576762
vt 0.579815 0.865930
vt 0.556065 0.908640
vt 0.535288 0.759524
vt 0.505615 0.725178
vt 0.467160 0.740547
vt 0.534220 0.615925
vt 0.652111 0.810270
vt 0.603599 0.823076
vt 0.453523 0.813163
vt 0.494286 0.786387
vt 0.544570 0.709786
vt 0.453523 0.600970
vt 0.493832 0.608665
vt 0.627784 0.889576
vt 0.639906 0.849984
vt 0.910335 0.382189
vt 0.753112 0.558081
vt 0.914762 0.497220
vt 0.914836 0.496461
vt 0.878604 0.524324
vt 0.818491 0.621215
vt 0.762191 0.339252
vt 0.617460 0.771022
vt 0.793738 0.522313
vt 0.735449 0.339066
vt 0.856453 0.649576
vt 0.762044 0.007625
vt 0.578643 0.723142
vt 0.859360 0.712929
vt 0.787408 0.645630
vt 0.842492 0.479588
vt 0.735196 0.007752
vt 0.957303 0.600549
vt 0.944693 0.574345
vt 0.754451 0.519227
vt 0.735580 0.297108
vt 0.762408 0.297170
vt 0.655337 0.772925
vt 0.956071 0.496090
vt 0.956791 0.496424
vt 0.971960 0.664154
vt 0.847251 0.436060
vt 0.848056 0.436430
vt 0.921222 0.476480
vt 0.884778 0.456472
vt 0.849540 0.388162
vt 0.892602 0.692534
vt 0.876859 0.663664
vt 0.929829 0.628383
vt 0.887204 0.682867
vt 0.943607 0.645349
vt 0.375982 0.682786
vt 0.376275 0.685676
vt 0.347890 0.686459
vt 0.347855 0.683561
vt 0.418404 0.673270
vt 0.410038 0.680967
vt 0.411000 0.651240
vt 0.419307 0.643960
vt 0.376813 0.706600
vt 0.376711 0.709504
vt 0.348122 0.709912
vt 0.348104 0.706959
vt 0.073998 0.037917
vt 0.074101 0.035000
vt 0.102791 0.034629
vt 0.102806 0.037591
vt 0.047686 0.680146
vt 0.044759 0.680097
vt 0.043923 0.652825
vt 0.046896 0.652759
vt 0.403657 0.064778
vt 0.406576 0.064830
vt 0.407411 0.092052
vt 0.404442 0.092116
vt 0.112966 0.725108
vt 0.113159 0.745084
vt 0.088123 0.745602
vt 0.086479 0.724704
vt 0.027800 0.102908
vt 0.007621 0.102886
vt 0.007369 0.077740
vt 0.028468 0.076305
vt 0.338491 0.019591
vt 0.338318 -0.000427
vt 0.363408 -0.000917
vt 0.365031 0.020026
vt 0.423118 0.641805
vt 0.443294 0.641839
vt 0.443532 0.666983
vt 0.422434 0.668406
vt 0.070404 0.652141
vt 0.067497 0.652227
vt 0.065122 0.465663
vt 0.068071 0.465645
vt 0.081614 0.720761
vt 0.073891 0.712542
vt 0.104613 0.713220
vt 0.111050 0.721357
vt 0.102711 0.706470
vt 0.102678 0.709389
vt 0.074134 0.708810
vt 0.074076 0.705909
vt 0.369901 0.023983
vt 0.377629 0.032228
vt 0.346849 0.031511
vt 0.340407 0.023352
vt 0.031748 0.643400
vt 0.040034 0.650651
vt 0.040980 0.680392
vt 0.032609 0.672655
vt 0.025581 0.461981
vt 0.004854 0.462132
vt 0.004854 0.282118
vt 0.025580 0.282279
vt 0.423369 0.103623
vt 0.443727 0.103515
vt 0.446326 0.282676
vt 0.425605 0.282812
vt 0.419569 0.101472
vt 0.411295 0.094225
vt 0.410346 0.064535
vt 0.418707 0.072255
vt 0.446188 0.462647
vt 0.425467 0.462471
vt 0.731230 0.385633
vt 0.729447 0.563486
vt 0.703072 0.563451
vt 0.704902 0.385492
vt 0.727812 0.588384
vt 0.702906 0.589742
vt 0.476425 0.206926
vt 0.476454 0.385379
vt 0.450122 0.385559
vt 0.450118 0.206745
vt 0.479020 0.563408
vt 0.452325 0.563610
vt 0.103043 0.061077
vt 0.103006 0.058174
vt 0.348401 0.058805
vt 0.348346 0.061735
vt 0.364247 0.725349
vt 0.362936 0.745981
vt 0.337547 0.745759
vt 0.337774 0.725571
vt 0.027944 0.641248
vt 0.007568 0.641362
vt 0.406756 0.466270
vt 0.409711 0.466292
vt 0.407109 0.653415
vt 0.404166 0.653350
vt 0.406906 0.278991
vt 0.409860 0.278973
vt 0.086632 0.019120
vt 0.087979 -0.001567
vt 0.113437 -0.001304
vt 0.113184 0.018938
vt 0.044292 0.278466
vt 0.041336 0.278446
vt 0.043802 0.091286
vt 0.046746 0.091349
vt 0.044290 0.465789
vt 0.041335 0.465809
vt 0.044616 0.064019
vt 0.047539 0.063989
vt 0.029403 0.462707
vt 0.037517 0.465085
vt 0.029402 0.281552
vt 0.037516 0.279171
vt 0.031610 0.100750
vt 0.039913 0.093464
vt 0.406279 0.680684
vt 0.403355 0.680712
vt 0.421786 0.282084
vt 0.413676 0.279700
vt 0.421645 0.463195
vt 0.413531 0.465569
vt 0.103089 0.683050
vt 0.103037 0.685974
vt 0.074751 0.684947
vt 0.075064 0.682073
vt 0.383132 0.279119
vt 0.386079 0.279103
vt 0.385919 0.466110
vt 0.382970 0.466089
vt 0.383507 0.652810
vt 0.380560 0.652727
vt 0.065133 0.278611
vt 0.068083 0.278629
vt 0.100895 0.465467
vt 0.350128 0.465886
vt 0.347923 0.652455
vt 0.103176 0.651804
vt 0.067403 0.091870
vt 0.070350 0.091950
vt 0.100928 0.278820
vt 0.350307 0.279273
vt 0.380992 0.092714
vt 0.383898 0.092633
vt 0.102984 0.092206
vt 0.348223 0.093015
vt 0.074873 0.061912
vt 0.074596 0.059015
vt 0.731233 0.206616
vt 0.704878 0.206756
vt 0.729314 0.028415
vt 0.702789 0.028479
vt 0.478658 0.029275
vt 0.452117 0.029080
vt 0.478595 0.002818
vt 0.453932 0.004412
vt 0.479076 0.589974
vt 0.111241 0.022683
vt 0.104757 0.030797
vt 0.073875 0.031230
vt 0.081736 0.023034
vt 0.454172 0.588452
vt 0.382253 0.679814
vt 0.028590 0.667807
vt 0.007776 0.666832
vt 0.422721 0.077098
vt 0.443516 0.078068
vt 0.348748 0.038277
vt 0.348784 0.035352
vt 0.377381 0.035968
vt 0.377435 0.038874
vt 0.727623 0.003367
vt 0.702517 0.002072
vt 0.346166 0.713736
vt 0.339707 0.721834
vt 0.376941 0.713259
vt 0.369122 0.721439
vt 0.379364 0.679467
vt 0.347812 0.679776
vt 0.103151 0.679274
vt 0.032495 0.071439
vt 0.040858 0.063738
vt 0.376727 0.059874
vt 0.103087 0.064868
vt 0.348280 0.065531
vt 0.376409 0.062753
vt 0.379164 0.466063
vt 0.376741 0.652625
vt 0.379329 0.279139
vt 0.377184 0.092815
vt 0.376142 0.066373
vt 0.068633 0.064880
vt 0.074167 0.092048
vt 0.071890 0.278653
vt 0.071876 0.465621
vt 0.074212 0.652033
vt 0.075320 0.678460
vt 0.379761 0.066074
vt 0.382649 0.065728
vt 0.071716 0.678783
vt 0.068825 0.679116
vt 0.075140 0.065525
vt 0.375735 0.679162
vt 0.071520 0.065225
vt 0.071904 0.063291
vt 0.073489 0.063852
vt 0.073342 0.065432
vt 0.075063 0.063727
vt 0.072962 0.062273
vt 0.376218 0.064573
vt 0.377798 0.064701
vt 0.377941 0.066281
vt 0.378340 0.063117
vt 0.379380 0.064143
vt 0.075249 0.680253
vt 0.073674 0.680128
vt 0.073525 0.678561
vt 0.073135 0.681712
vt 0.072112 0.680684
vt 0.378978 0.681404
vt 0.377391 0.680843
vt 0.377538 0.679258
vt 0.375806 0.680963
vt 0.377921 0.682439
vt 0.028144 0.074395
vt 0.029662 0.073697
vt 0.030443 0.073786
vt 0.084104 0.021039
vt 0.084029 0.020264
vt 0.084742 0.018775
vt 0.366926 0.019686
vt 0.367633 0.021189
vt 0.367551 0.021965
vt 0.420750 0.074595
vt 0.421527 0.074505
vt 0.423034 0.075194
vt 0.084589 0.725045
vt 0.083881 0.723546
vt 0.083962 0.722771
vt 0.030563 0.670313
vt 0.029785 0.670402
vt 0.028277 0.669712
vt 0.422758 0.670316
vt 0.421239 0.671014
vt 0.420458 0.670924
vt 0.366765 0.723432
vt 0.366841 0.724205
vt 0.366132 0.725691
vt 0.074125 0.710651
vt 0.072604 0.710529
vt 0.072242 0.708983
vt 0.042893 0.680135
vt 0.043035 0.681681
vt 0.044615 0.682032
vt 0.074097 0.033140
vt 0.072554 0.033253
vt 0.072176 0.034822
vt 0.042762 0.063992
vt 0.042899 0.062461
vt 0.044460 0.062112
vt 0.377392 0.034123
vt 0.378916 0.034246
vt 0.379277 0.035796
vt 0.408438 0.064793
vt 0.408296 0.063251
vt 0.406719 0.062901
vt 0.376717 0.711357
vt 0.378253 0.711242
vt 0.378627 0.709680
vt 0.408134 0.680712
vt 0.407996 0.682243
vt 0.406434 0.682592
vt 0.727738 0.001613
vt 0.729070 0.001891
vt 0.729375 0.003217
vt 0.728280 -0.000248
vt 0.730109 0.000831
vt 0.731229 0.002640
vt 0.452208 0.004267
vt 0.452504 0.002968
vt 0.453806 0.002686
vt 0.450393 0.003700
vt 0.451489 0.001936
vt 0.453263 0.000882
vt 0.729549 0.588526
vt 0.729252 0.589839
vt 0.727939 0.590122
vt 0.731386 0.589093
vt 0.730280 0.590883
vt 0.728480 0.591948
vt 0.454053 0.590195
vt 0.452733 0.589915
vt 0.452431 0.588602
vt 0.453508 0.592035
vt 0.451704 0.590963
vt 0.450597 0.589176
vt 0.072260 0.092000
vt 0.348312 0.063634
vt 0.378649 0.652675
vt 0.103121 0.681167
vt 0.041853 0.091914
vt 0.348221 0.033421
vt 0.409059 0.652789
vt 0.103242 0.711315
vt 0.403352 0.682677
vt 0.378742 0.706630
vt 0.382471 0.063789
vt 0.378666 0.060033
vt 0.047541 0.062025
vt 0.072057 0.037888
vt 0.069015 0.681087
vt 0.072814 0.684792
vt 0.029693 0.102291
vt 0.339044 0.021464
vt 0.421225 0.642420
vt 0.112412 0.723240
vt 0.731204 0.028340
vt 0.733080 0.028261
vt 0.478529 0.000942
vt 0.478459 -0.000941
vt 0.450444 0.563692
vt 0.448578 0.563779
vt 0.702960 0.591616
vt 0.703018 0.593508
vt 0.086216 0.745752
vt 0.007687 0.668665
vt 0.364752 0.746100
vt 0.443662 0.668908
vt 0.365319 -0.001065
vt 0.443604 0.076238
vt 0.086158 -0.001688
vt 0.007238 0.075815
vt 0.072310 0.652086
vt 0.069974 0.465633
vt 0.069987 0.278641
vt 0.379086 0.092766
vt 0.381230 0.279129
vt 0.381067 0.466076
vt 0.041973 0.652199
vt 0.039427 0.465603
vt 0.039427 0.278653
vt 0.409358 0.092677
vt 0.411767 0.279181
vt 0.411620 0.466086
vt 0.029833 0.641863
vt 0.027491 0.462188
vt 0.027491 0.282071
vt 0.421481 0.103009
vt 0.423696 0.282603
vt 0.423557 0.462678
vt 0.731330 0.563558
vt 0.733197 0.563635
vt 0.733128 0.385643
vt 0.735026 0.385653
vt 0.733133 0.206606
vt 0.735033 0.206596
vt 0.450245 0.028999
vt 0.448388 0.028914
vt 0.448222 0.206735
vt 0.446326 0.206724
vt 0.448224 0.385571
vt 0.446326 0.385583
vt 0.103066 0.062980
vt 0.347833 0.681660
vt 0.103370 0.032699
vt 0.347548 0.711837
vt 0.112617 0.020806
vt 0.338337 0.723708
vt 0.702564 0.000179
vt 0.702614 -0.001688
vt 0.479018 0.591858
vt 0.478956 0.593717
vt 0.382076 0.681762
vt 0.378212 0.685536
vt 0.403651 0.062841
vt 0.379389 0.038860
vt 0.068810 0.062933
vt 0.072623 0.059166
vt 0.047694 0.682093
vt 0.072126 0.705926
s 1
usemtl FUNITURE_034_TABLE_MAT
f 5337/5766/4918 5258/5767/4919 5263/5768/4919 5510/5769/4918
f 5257/5770/4919 5362/5771/4920 5512/5772/4920 5264/5773/4919
f 5576/5774/4921 5583/5775/4922 5507/5776/4923 5396/5777/4924
f 5370/5778/4925 5377/5779/4926 5503/5780/4927 5509/5781/4928
f 5492/5782/4929 5346/5783/4930 5522/5784/4931 5279/5785/4932
f 5353/5786/4933 5480/5787/4934 5289/5788/4935 5542/5789/4936
f 5260/5790/4919 5388/5791/4937 5557/5792/4938 5307/5793/4919
f 5482/5794/4934 5427/5795/4939 5549/5796/4940 5291/5797/4935
f 5470/5798/4941 5413/5799/4942 5537/5800/4943 5303/5801/4944
f 5449/5802/4945 5409/5803/4946 5268/5804/4947 5271/5805/4947
f 5300/5806/4948 5284/5807/4948 5404/5808/4949 5462/5809/4950
f 5444/5810/4951 5446/5811/4951 5299/5812/4948 5297/5813/4948
f 5485/5814/4952 5420/5815/4953 5528/5816/4954 5275/5817/4955
f 5577/5818/4956 5436/5819/4957 5312/5820/4922 5569/5821/4922
f 5446/5811/4951 5406/5822/4958 5281/5823/4948 5299/5812/4948
f 5510/5769/4918 5263/5768/4919 5259/5824/4919 5367/5825/4959
f 5468/5826/4941 5470/5798/4941 5303/5801/4944 5301/5827/4944
f 5519/5828/4960 5278/5829/4932 5498/5830/4961 5328/5831/4962
f 5456/5832/4963 5458/5833/4963 5287/5834/4964 5285/5835/4964
f 5367/5825/4959 5259/5824/4919 5305/5836/4919 5564/5837/4965
f 5298/5838/4948 5300/5806/4948 5462/5809/4950 5464/5839/4950
f 5561/5840/4965 5306/5841/4919 5495/5842/4966 5320/5843/4967
f 5453/5844/4945 5449/5802/4945 5271/5805/4947 5269/5845/4947
f 5345/5846/4968 5489/5847/4952 5273/5848/4955 5521/5849/4969
f 5494/5850/4929 5492/5782/4929 5279/5785/4932 5277/5851/4932
f 5461/5852/4970 5403/5853/4971 5434/5854/4972 5459/5855/4973
f 5480/5787/4934 5482/5794/4934 5291/5797/4935 5289/5788/4935
f 5387/5856/4974 5468/5826/4941 5301/5827/4944 5558/5857/4975
f 5290/5858/4935 5292/5859/4935 5474/5860/4976 5476/5861/4976
f 5280/5862/4932 5524/5863/4931 5355/5864/4977 5500/5865/4961
f 5489/5847/4952 5485/5814/4952 5275/5817/4955 5273/5848/4955
f 5518/5866/4978 5269/5845/4947 5270/5867/4947 5516/5868/4978
f 5509/5781/4928 5503/5780/4927 5340/5869/4927 5338/5870/4928
f 5263/5768/4919 5264/5773/4919 5260/5790/4919 5259/5824/4919
f 5379/5871/4979 5456/5832/4963 5285/5835/4964 5539/5872/4980
f 5294/5873/4981 5296/5874/4981 5262/5875/4981 5261/5876/4981
f 5262/5875/4981 5397/5877/4982 5506/5878/4983 5266/5879/4981
f 5321/5880/4984 5494/5850/4929 5277/5851/4932 5515/5881/4960
f 5497/5882/4985 5501/5883/4985 5295/5884/4981 5293/5885/4981
f 5555/5886/4975 5302/5887/4944 5488/5888/4986 5344/5889/4987
f 5265/5890/4981 5266/5879/4981 5255/5891/4981 5256/5892/4981
f 5261/5876/4981 5262/5875/4981 5266/5879/4981 5265/5890/4981
f 5540/5893/4988 5294/5873/4981 5261/5876/4981 5376/5894/4989
f 5504/5895/4990 5265/5890/4981 5256/5892/4981 5341/5896/4990
f 5258/5767/4919 5257/5770/4919 5264/5773/4919 5263/5768/4919
f 5266/5879/4981 5506/5878/4983 5364/5897/4983 5255/5891/4981
f 5546/5898/4936 5290/5858/4935 5476/5861/4976 5394/5899/4991
f 5572/5900/4992 5588/5901/4993 5467/5902/4994 5386/5903/4995
f 5369/5904/4996 5465/5905/4970 5455/5906/4973 5378/5907/4997
f 5331/5908/4998 5453/5844/4945 5269/5845/4947 5518/5866/4978
f 5279/5785/4932 5522/5784/4931 5524/5863/4931 5280/5862/4932
f 5306/5841/4919 5308/5909/4919 5491/5910/4966 5495/5842/4966
f 5277/5851/4932 5279/5785/4932 5280/5862/4932 5278/5829/4932
f 5302/5887/4944 5304/5911/4944 5486/5912/4986 5488/5888/4986
f 5273/5848/4955 5275/5817/4955 5276/5913/4955 5274/5914/4955
f 5308/5909/4919 5554/5915/4938 5343/5916/4999 5491/5910/4966
f 5531/5917/5000 5527/5918/5001 5313/5919/4922 5314/5920/4922
f 5286/5921/4964 5288/5922/4964 5450/5923/5002 5452/5924/5002
f 5269/5845/4947 5271/5805/4947 5272/5925/4947 5270/5867/4947
f 5329/5926/5003 5497/5882/4985 5293/5885/4981 5533/5927/4988
f 5515/5881/4960 5277/5851/4932 5278/5829/4932 5519/5828/4960
f 5288/5922/4964 5282/5928/4964 5410/5929/5004 5450/5923/5002
f 5271/5805/4947 5268/5804/4947 5267/5930/4947 5272/5925/4947
f 5527/5918/5001 5419/5931/5005 5310/5932/4922 5313/5919/4922
f 5293/5885/4981 5294/5873/4981 5540/5893/4988 5533/5927/4988
f 5525/5933/4969 5274/5914/4955 5479/5934/5006 5352/5935/5007
f 5521/5849/4969 5273/5848/4955 5274/5914/4955 5525/5933/4969
f 5583/5775/4922 5586/5936/4922 5365/5937/4923 5507/5776/4923
f 5295/5884/4981 5296/5874/4981 5294/5873/4981 5293/5885/4981
f 5264/5773/4919 5512/5772/4920 5388/5791/4937 5260/5790/4919
f 5278/5829/4932 5280/5862/4932 5500/5865/4961 5498/5830/4961
f 5291/5797/4935 5292/5859/4935 5290/5858/4935 5289/5788/4935
f 5560/5938/5008 5297/5813/4948 5298/5838/4948 5563/5939/5008
f 5274/5914/4955 5276/5913/4955 5483/5940/5006 5479/5934/5006
f 5552/5941/5009 5548/5942/5010 5316/5943/4922 5317/5944/4922
f 5501/5883/4985 5354/5945/5011 5543/5946/5012 5295/5884/4981
f 5287/5834/4964 5288/5922/4964 5286/5921/4964 5285/5835/4964
f 5588/5901/4993 5589/5947/4993 5471/5948/4994 5467/5902/4994
f 5465/5905/4970 5461/5852/4970 5459/5855/4973 5455/5906/4973
f 5567/5949/5013 5536/5950/5014 5315/5951/4922 5318/5952/4922
f 5301/5827/4944 5303/5801/4944 5304/5911/4944 5302/5887/4944
f 5376/5894/4989 5261/5876/4981 5265/5890/4981 5504/5895/4990
f 5282/5928/4964 5288/5922/4964 5287/5834/4964 5283/5953/4964
f 5436/5819/4957 5552/5941/5009 5317/5944/4922 5312/5820/4922
f 5307/5793/4919 5557/5792/4938 5554/5915/4938 5308/5909/4919
f 5563/5939/5008 5298/5838/4948 5464/5839/4950 5368/5954/5015
f 5548/5942/5010 5426/5955/5016 5311/5956/4922 5316/5943/4922
f 5285/5835/4964 5286/5921/4964 5534/5957/4980 5539/5872/4980
f 5534/5957/4980 5286/5921/4964 5452/5924/5002 5330/5958/5017
f 5259/5824/4919 5260/5790/4919 5307/5793/4919 5305/5836/4919
f 5289/5788/4935 5290/5858/4935 5546/5898/4936 5542/5789/4936
f 5297/5813/4948 5299/5812/4948 5300/5806/4948 5298/5838/4948
f 5270/5867/4947 5272/5925/4947 5447/5959/5018 5443/5960/5018
f 5564/5837/4965 5305/5836/4919 5306/5841/4919 5561/5840/4965
f 5516/5868/4978 5270/5867/4947 5443/5960/5018 5322/5961/5019
f 5299/5812/4948 5281/5823/4948 5284/5807/4948 5300/5806/4948
f 5272/5925/4947 5267/5930/4947 5407/5962/5020 5447/5959/5018
f 5543/5946/5012 5545/5963/5012 5296/5874/4981 5295/5884/4981
f 5536/5950/5014 5412/5964/5021 5309/5965/4922 5315/5951/4922
f 5558/5857/4975 5301/5827/4944 5302/5887/4944 5555/5886/4975
f 5296/5874/4981 5545/5963/5012 5397/5877/4982 5262/5875/4981
f 5305/5836/4919 5307/5793/4919 5308/5909/4919 5306/5841/4919
f 5303/5801/4944 5537/5800/4943 5566/5966/5022 5304/5911/4944
f 5275/5817/4955 5528/5816/4954 5530/5967/5023 5276/5913/4955
f 5549/5796/4940 5551/5968/5024 5292/5859/4935 5291/5797/4935
f 5292/5859/4935 5551/5968/5024 5438/5969/5025 5474/5860/4976
f 5304/5911/4944 5566/5966/5022 5421/5970/5026 5486/5912/4986
f 5419/5931/5005 5567/5949/5013 5318/5952/4922 5310/5932/4922
f 5589/5947/4993 5581/5971/5027 5414/5972/5028 5471/5948/4994
f 5458/5833/4963 5433/5973/5029 5283/5953/4964 5287/5834/4964
f 5276/5913/4955 5530/5967/5023 5428/5974/5030 5483/5940/5006
f 5426/5955/5016 5531/5917/5000 5314/5920/4922 5311/5956/4922
f 5319/5975/5031 5323/5976/5032 5324/5977/5033 5327/5978/5034
f 5320/5843/4967 5325/5979/5035 5324/5980/5033 5323/5981/5032
f 5321/5880/4984 5326/5982/5036 5324/5980/5033 5325/5979/5035
f 5322/5961/5019 5327/5978/5034 5324/5977/5033 5326/5983/5036
f 5328/5831/4962 5332/5984/5037 5333/5985/5038 5336/5986/5039
f 5329/5926/5003 5334/5987/5040 5333/5985/5038 5332/5984/5037
f 5330/5958/5017 5335/5988/5041 5333/5989/5038 5334/5990/5040
f 5331/5908/4998 5336/5991/5039 5333/5989/5038 5335/5988/5041
f 5343/5916/4999 5347/5992/5042 5348/5993/5043 5351/5994/5044
f 5344/5889/4987 5349/5995/5045 5348/5996/5043 5347/5997/5042
f 5345/5846/4968 5350/5998/5046 5348/5996/5043 5349/5995/5045
f 5346/5783/4930 5351/5994/5044 5348/5993/5043 5350/5999/5046
f 5352/5935/5007 5356/6000/5047 5357/6001/5048 5360/6002/5049
f 5353/5786/4933 5358/6003/5050 5357/6001/5048 5356/6000/5047
f 5354/5945/5011 5359/6004/5051 5357/6005/5048 5358/6006/5050
f 5355/5864/4977 5360/6007/5049 5357/6005/5048 5359/6004/5051
f 5367/5825/4959 5371/6008/5052 5372/6009/5053 5375/6010/5054
f 5368/5954/5015 5373/6011/5055 5372/6012/5053 5371/6013/5052
f 5369/5904/4996 5374/6014/5056 5372/6015/5053 5373/6016/5055
f 5370/5778/4925 5375/6017/5054 5372/6018/5053 5374/6019/5056
f 5376/5894/4989 5380/6020/5057 5381/6021/5058 5384/6022/5059
f 5377/5779/4926 5382/6023/5060 5381/6024/5058 5380/6025/5057
f 5378/5907/4997 5383/6026/5061 5381/6027/5058 5382/6028/5060
f 5379/5871/4979 5384/6029/5059 5381/6027/5058 5383/6026/5061
f 5385/6030/5062 5389/6031/5063 5390/6032/5064 5393/6033/5065
f 5386/5903/4995 5391/6034/5066 5390/6035/5064 5389/6036/5063
f 5387/5856/4974 5392/6037/5067 5390/6038/5064 5391/6039/5066
f 5388/5791/4937 5393/6040/5065 5390/6041/5064 5392/6042/5067
f 5394/5899/4991 5398/6043/5068 5399/6044/5069 5402/6045/5070
f 5395/6046/5071 5400/6047/5072 5399/6044/5069 5398/6043/5068
f 5396/5777/4924 5401/6048/5073 5399/6049/5069 5400/6050/5072
f 5397/5877/4982 5402/6051/5070 5399/6052/5069 5401/6053/5073
f 5412/5964/5021 5415/6054/5074 5416/6055/5075 5418/6056/5076
f 5413/5799/4942 5417/6057/5077 5416/6058/5075 5415/6059/5074
f 5414/5972/5028 5418/6056/5076 5416/6055/5075 5417/6060/5077
f 5419/5931/5005 5422/6061/5078 5423/6062/5079 5425/6063/5080
f 5420/5815/4953 5424/6064/5081 5423/6065/5079 5422/6066/5078
f 5421/5970/5026 5425/6067/5080 5423/6065/5079 5424/6064/5081
f 5426/5955/5016 5429/6068/5082 5430/6069/5083 5432/6070/5084
f 5427/5795/4939 5431/6071/5085 5430/6072/5083 5429/6073/5082
f 5428/5974/5030 5432/6074/5084 5430/6072/5083 5431/6071/5085
f 5436/5819/4957 5439/6075/5086 5440/6076/5087 5442/6077/5088
f 5437/6078/5089 5441/6079/5090 5440/6076/5087 5439/6075/5086
f 5438/5969/5025 5442/6080/5088 5440/6076/5087 5441/6079/5090
f 5561/5840/4965 5320/5843/4967 5323/5981/5032 5562/6081/5091
f 5562/6082/5091 5323/5976/5032 5319/5975/5031 5560/5938/5008
f 5519/5828/4960 5328/5831/4962 5336/5986/5039 5520/6083/5092
f 5520/6084/5092 5336/5991/5039 5331/5908/4998 5518/5866/4978
f 5504/5895/4990 5341/5896/4990 5342/6085/5093 5505/6086/5093
f 5505/6087/5093 5342/6088/5093 5340/5869/4927 5503/5780/4927
f 5555/5886/4975 5344/5889/4987 5347/5997/5042 5556/6089/5094
f 5556/6090/5094 5347/5992/5042 5343/5916/4999 5554/5915/4938
f 5525/5933/4969 5352/5935/5007 5360/6002/5049 5526/6091/5095
f 5526/6092/5095 5360/6007/5049 5355/5864/4977 5524/5863/4931
f 5507/5776/4923 5365/5937/4923 5366/6093/5096 5508/6094/5096
f 5508/6095/5096 5366/6096/5096 5364/5897/4983 5506/5878/4983
f 5495/5842/4966 5491/5910/4966 5493/6097/5097 5496/6098/5097
f 5496/6098/5097 5493/6097/5097 5492/5782/4929 5494/5850/4929
f 5320/5843/4967 5495/5842/4966 5496/6098/5097 5325/5979/5035
f 5325/5979/5035 5496/6098/5097 5494/5850/4929 5321/5880/4984
f 5501/5883/4985 5497/5882/4985 5499/6099/5098 5502/6100/5098
f 5502/6100/5098 5499/6099/5098 5498/5830/4961 5500/5865/4961
f 5354/5945/5011 5501/5883/4985 5502/6100/5098 5359/6004/5051
f 5359/6004/5051 5502/6100/5098 5500/5865/4961 5355/5864/4977
f 5510/5769/4918 5367/5825/4959 5375/6010/5054 5511/6101/5099
f 5511/6102/5099 5375/6017/5054 5370/5778/4925 5509/5781/4928
f 5540/5893/4988 5376/5894/4989 5384/6022/5059 5541/6103/5100
f 5541/6104/5100 5384/6029/5059 5379/5871/4979 5539/5872/4980
f 5513/6105/5101 5385/6030/5062 5393/6033/5065 5514/6106/5102
f 5514/6107/5102 5393/6040/5065 5388/5791/4937 5512/5772/4920
f 5546/5898/4936 5394/5899/4991 5402/6045/5070 5547/6108/5103
f 5547/6109/5103 5402/6051/5070 5397/5877/4982 5545/5963/5012
f 5572/5900/4992 5386/5903/4995 5389/6036/5063 5573/6110/5104
f 5573/6111/5104 5389/6031/5063 5385/6030/5062 5575/6112/4921
f 5369/5904/4996 5378/5907/4997 5382/6028/5060 5374/6014/5056
f 5374/6019/5056 5382/6023/5060 5377/5779/4926 5370/5778/4925
f 5567/5949/5013 5419/5931/5005 5425/6063/5080 5568/6113/5105
f 5568/6114/5105 5425/6067/5080 5421/5970/5026 5566/5966/5022
f 5531/5917/5000 5426/5955/5016 5432/6070/5084 5532/6115/5106
f 5532/6116/5106 5432/6074/5084 5428/5974/5030 5530/5967/5023
f 5552/5941/5009 5436/5819/4957 5442/6077/5088 5553/6117/5107
f 5553/6118/5107 5442/6080/5088 5438/5969/5025 5551/5968/5024
f 5578/6119/4956 5412/5964/5021 5418/6056/5076 5579/6120/5108
f 5579/6120/5108 5418/6056/5076 5414/5972/5028 5581/5971/5027
f 5471/5948/4994 5414/5972/5028 5417/6060/5077 5472/6121/5109
f 5472/6122/5109 5417/6057/5077 5413/5799/4942 5470/5798/4941
f 5477/6123/5110 5395/6046/5071 5398/6043/5068 5478/6124/5111
f 5478/6124/5111 5398/6043/5068 5394/5899/4991 5476/5861/4976
f 5483/5940/5006 5428/5974/5030 5431/6071/5085 5484/6125/5112
f 5484/6125/5112 5431/6071/5085 5427/5795/4939 5482/5794/4934
f 5489/5847/4952 5345/5846/4968 5349/5995/5045 5490/6126/5113
f 5490/6126/5113 5349/5995/5045 5344/5889/4987 5488/5888/4986
f 5447/5959/5018 5407/5962/5020 5408/6127/5114 5448/6128/5115
f 5448/6128/5115 5408/6127/5114 5406/5822/4958 5446/5811/4951
f 5453/5844/4945 5331/5908/4998 5335/5988/5041 5454/6129/5116
f 5454/6129/5116 5335/5988/5041 5330/5958/5017 5452/5924/5002
f 5459/5855/4973 5434/5854/4972 5435/6130/5117 5460/6131/5118
f 5460/6131/5118 5435/6130/5117 5433/5973/5029 5458/5833/4963
f 5465/5905/4970 5369/5904/4996 5373/6016/5055 5466/6132/5119
f 5466/6133/5119 5373/6011/5055 5368/5954/5015 5464/5839/4950
f 5322/5961/5019 5443/5960/5018 5445/6134/5115 5327/5978/5034
f 5327/5978/5034 5445/6134/5115 5444/5810/4951 5319/5975/5031
f 5443/5960/5018 5447/5959/5018 5448/6128/5115 5445/6134/5115
f 5445/6134/5115 5448/6128/5115 5446/5811/4951 5444/5810/4951
f 5409/5803/4946 5449/5802/4945 5451/6135/5116 5411/6136/5120
f 5411/6136/5120 5451/6135/5116 5450/5923/5002 5410/5929/5004
f 5449/5802/4945 5453/5844/4945 5454/6129/5116 5451/6135/5116
f 5451/6135/5116 5454/6129/5116 5452/5924/5002 5450/5923/5002
f 5378/5907/4997 5455/5906/4973 5457/6137/5118 5383/6026/5061
f 5383/6026/5061 5457/6137/5118 5456/5832/4963 5379/5871/4979
f 5455/5906/4973 5459/5855/4973 5460/6131/5118 5457/6137/5118
f 5457/6137/5118 5460/6131/5118 5458/5833/4963 5456/5832/4963
f 5403/5853/4971 5461/5852/4970 5463/6138/5119 5405/6139/5121
f 5405/6140/5121 5463/6141/5119 5462/5809/4950 5404/5808/4949
f 5461/5852/4970 5465/5905/4970 5466/6132/5119 5463/6138/5119
f 5463/6141/5119 5466/6133/5119 5464/5839/4950 5462/5809/4950
f 5386/5903/4995 5467/5902/4994 5469/6142/5109 5391/6034/5066
f 5391/6039/5066 5469/6143/5109 5468/5826/4941 5387/5856/4974
f 5467/5902/4994 5471/5948/4994 5472/6121/5109 5469/6142/5109
f 5469/6143/5109 5472/6122/5109 5470/5798/4941 5468/5826/4941
f 5437/6078/5089 5473/6144/5110 5475/6145/5111 5441/6079/5090
f 5441/6079/5090 5475/6145/5111 5474/5860/4976 5438/5969/5025
f 5473/6144/5110 5477/6123/5110 5478/6124/5111 5475/6145/5111
f 5475/6145/5111 5478/6124/5111 5476/5861/4976 5474/5860/4976
f 5352/5935/5007 5479/5934/5006 5481/6146/5112 5356/6000/5047
f 5356/6000/5047 5481/6146/5112 5480/5787/4934 5353/5786/4933
f 5479/5934/5006 5483/5940/5006 5484/6125/5112 5481/6146/5112
f 5481/6146/5112 5484/6125/5112 5482/5794/4934 5480/5787/4934
f 5420/5815/4953 5485/5814/4952 5487/6147/5113 5424/6064/5081
f 5424/6064/5081 5487/6147/5113 5486/5912/4986 5421/5970/5026
f 5485/5814/4952 5489/5847/4952 5490/6126/5113 5487/6147/5113
f 5487/6147/5113 5490/6126/5113 5488/5888/4986 5486/5912/4986
f 5497/5882/4985 5329/5926/5003 5332/5984/5037 5499/6099/5098
f 5499/6099/5098 5332/5984/5037 5328/5831/4962 5498/5830/4961
f 5491/5910/4966 5343/5916/4999 5351/5994/5044 5493/6097/5097
f 5493/6097/5097 5351/5994/5044 5346/5783/4930 5492/5782/4929
f 5376/5894/4989 5504/5895/4990 5505/6086/5093 5380/6020/5057
f 5380/6025/5057 5505/6087/5093 5503/5780/4927 5377/5779/4926
f 5396/5777/4924 5507/5776/4923 5508/6094/5096 5401/6048/5073
f 5401/6053/5073 5508/6095/5096 5506/5878/4983 5397/5877/4982
f 5337/5766/4918 5510/5769/4918 5511/6101/5099 5339/6148/5099
f 5339/6149/5099 5511/6102/5099 5509/5781/4928 5338/5870/4928
f 5361/6150/5101 5513/6105/5101 5514/6106/5102 5363/6151/5102
f 5363/6152/5102 5514/6107/5102 5512/5772/4920 5362/5771/4920
f 5321/5880/4984 5515/5881/4960 5517/6153/5092 5326/5982/5036
f 5326/5983/5036 5517/6154/5092 5516/5868/4978 5322/5961/5019
f 5515/5881/4960 5519/5828/4960 5520/6083/5092 5517/6153/5092
f 5517/6154/5092 5520/6084/5092 5518/5866/4978 5516/5868/4978
f 5345/5846/4968 5521/5849/4969 5523/6155/5095 5350/5998/5046
f 5350/5999/5046 5523/6156/5095 5522/5784/4931 5346/5783/4930
f 5521/5849/4969 5525/5933/4969 5526/6091/5095 5523/6155/5095
f 5523/6156/5095 5526/6092/5095 5524/5863/4931 5522/5784/4931
f 5419/5931/5005 5527/5918/5001 5529/6157/5122 5422/6061/5078
f 5422/6066/5078 5529/6158/5122 5528/5816/4954 5420/5815/4953
f 5527/5918/5001 5531/5917/5000 5532/6115/5106 5529/6157/5122
f 5529/6158/5122 5532/6116/5106 5530/5967/5023 5528/5816/4954
f 5329/5926/5003 5533/5927/4988 5535/6159/5100 5334/5987/5040
f 5334/5990/5040 5535/6160/5100 5534/5957/4980 5330/5958/5017
f 5412/5964/5021 5536/5950/5014 5538/6161/5123 5415/6054/5074
f 5415/6059/5074 5538/6162/5123 5537/5800/4943 5413/5799/4942
f 5533/5927/4988 5540/5893/4988 5541/6103/5100 5535/6159/5100
f 5535/6160/5100 5541/6104/5100 5539/5872/4980 5534/5957/4980
f 5353/5786/4933 5542/5789/4936 5544/6163/5103 5358/6003/5050
f 5358/6006/5050 5544/6164/5103 5543/5946/5012 5354/5945/5011
f 5542/5789/4936 5546/5898/4936 5547/6108/5103 5544/6163/5103
f 5544/6164/5103 5547/6109/5103 5545/5963/5012 5543/5946/5012
f 5426/5955/5016 5548/5942/5010 5550/6165/5124 5429/6068/5082
f 5429/6073/5082 5550/6166/5124 5549/5796/4940 5427/5795/4939
f 5548/5942/5010 5552/5941/5009 5553/6117/5107 5550/6165/5124
f 5550/6166/5124 5553/6118/5107 5551/5968/5024 5549/5796/4940
f 5558/5857/4975 5555/5886/4975 5556/6089/5094 5559/6167/5094
f 5559/6168/5094 5556/6090/5094 5554/5915/4938 5557/5792/4938
f 5387/5856/4974 5558/5857/4975 5559/6167/5094 5392/6037/5067
f 5392/6042/5067 5559/6168/5094 5557/5792/4938 5388/5791/4937
f 5564/5837/4965 5561/5840/4965 5562/6081/5091 5565/6169/5091
f 5565/6170/5091 5562/6082/5091 5560/5938/5008 5563/5939/5008
f 5367/5825/4959 5564/5837/4965 5565/6169/5091 5371/6008/5052
f 5371/6013/5052 5565/6170/5091 5563/5939/5008 5368/5954/5015
f 5536/5950/5014 5567/5949/5013 5568/6113/5105 5538/6161/5123
f 5538/6162/5123 5568/6114/5105 5566/5966/5022 5537/5800/4943
f 5319/5975/5031 5444/5810/4951 5297/5813/4948 5560/5938/5008
f 5439/6075/5086 5580/6171/5108 5582/6172/5027 5437/6078/5089
f 5580/6171/5108 5579/6120/5108 5581/5971/5027 5582/6172/5027
f 5436/5819/4957 5577/5818/4956 5580/6171/5108 5439/6075/5086
f 5577/5818/4956 5578/6119/4956 5579/6120/5108 5580/6171/5108
f 5400/6050/5072 5574/6173/5104 5576/5774/4921 5396/5777/4924
f 5574/6173/5104 5573/6111/5104 5575/6112/4921 5576/5774/4921
f 5395/6046/5071 5571/6174/4992 5574/6175/5104 5400/6047/5072
f 5571/6174/4992 5572/5900/4992 5573/6110/5104 5574/6175/5104
f 5473/6144/5110 5437/6078/5089 5582/6172/5027 5590/6176/4993
f 5590/6176/4993 5582/6172/5027 5581/5971/5027 5589/5947/4993
f 5477/6123/5110 5473/6144/5110 5590/6176/4993 5587/6177/4993
f 5587/6177/4993 5590/6176/4993 5589/5947/4993 5588/5901/4993
f 5513/6105/5101 5361/6150/5101 5585/6178/4922 5584/6179/4922
f 5584/6179/4922 5585/6178/4922 5586/5936/4922 5583/5775/4922
f 5395/6046/5071 5477/6123/5110 5587/6177/4993 5571/6174/4992
f 5571/6174/4992 5587/6177/4993 5588/5901/4993 5572/5900/4992
f 5412/5964/5021 5578/6119/4956 5570/6180/4922 5309/5965/4922
f 5578/6119/4956 5577/5818/4956 5569/5821/4922 5570/6180/4922
f 5385/6030/5062 5513/6105/5101 5584/6179/4922 5575/6112/4921
f 5575/6112/4921 5584/6179/4922 5583/5775/4922 5576/5774/4921
f 5318/5952/4922 5591/6181/4922 5313/5919/4922 5310/5932/4922
f 5591/6181/4922 5593/6182/4922 5314/5920/4922 5313/5919/4922
f 5593/6182/4922 5316/5943/4922 5311/5956/4922 5314/5920/4922
f 5315/5951/4922 5592/6183/4922 5591/6181/4922 5318/5952/4922
f 5592/6183/4922 5594/6184/4922 5593/6182/4922 5591/6181/4922
f 5594/6184/4922 5317/5944/4922 5316/5943/4922 5593/6182/4922
f 5309/5965/4922 5570/6180/4922 5592/6183/4922 5315/5951/4922
f 5570/6180/4922 5569/5821/4922 5594/6184/4922 5592/6183/4922
f 5569/5821/4922 5312/5820/4922 5317/5944/4922 5594/6184/4922
f 5337/5766/4918 5834/6185/4918 5599/6186/4919 5258/5767/4919
f 5257/5770/4919 5600/6187/4919 5836/6188/4920 5362/5771/4920
f 5900/6189/5125 5720/6190/5126 5831/6191/4923 5907/6192/4922
f 5694/6193/5127 5833/6194/4928 5827/6195/4927 5701/6196/5128
f 5816/6197/5129 5615/6198/5130 5846/6199/5131 5676/6200/5132
f 5683/6201/5133 5866/6202/4936 5625/6203/4935 5804/6204/5134
f 5596/6205/4919 5643/6206/4919 5881/6207/4938 5712/6208/5135
f 5806/6209/5134 5627/6210/4935 5873/6211/4940 5751/6212/5136
f 5794/6213/5137 5639/6214/4944 5861/6215/4943 5737/6216/5138
f 5773/6217/5139 5607/6218/5140 5604/6219/5140 5733/6220/5141
f 5636/6221/4948 5786/6222/5142 5728/6223/5143 5620/6224/4948
f 5768/6225/5144 5633/6226/4948 5635/6227/4948 5770/6228/5144
f 5809/6229/5145 5611/6230/5146 5852/6231/5147 5744/6232/5148
f 5901/6233/5149 5893/6234/4922 5648/6235/4922 5760/6236/5150
f 5770/6228/5144 5635/6227/4948 5617/6237/4948 5730/6238/5151
f 5834/6185/4918 5691/6239/5152 5595/6240/4919 5599/6186/4919
f 5792/6241/5137 5637/6242/4944 5639/6214/4944 5794/6213/5137
f 5843/6243/5153 5664/6244/5154 5822/6245/5155 5614/6246/5130
f 5780/6247/5156 5621/6248/4964 5623/6249/4964 5782/6250/5156
f 5691/6239/5152 5888/6251/4965 5641/6252/4919 5595/6240/4919
f 5634/6253/4948 5788/6254/5142 5786/6222/5142 5636/6221/4948
f 5885/6255/4965 5656/6256/5157 5819/6257/5158 5642/6258/4919
f 5777/6259/5139 5605/6260/5140 5607/6218/5140 5773/6217/5139
f 5675/6261/5159 5845/6262/5160 5609/6263/5146 5813/6264/5145
f 5818/6265/5129 5613/6266/5130 5615/6198/5130 5816/6197/5129
f 5785/6267/5161 5783/6268/5162 5758/6269/5163 5727/6270/5164
f 5804/6204/5134 5625/6203/4935 5627/6210/4935 5806/6209/5134
f 5711/6271/5165 5882/6272/4975 5637/6242/4944 5792/6241/5137
f 5626/6273/4935 5800/6274/5166 5798/6275/5166 5628/6276/4935
f 5616/6277/5130 5824/6278/5155 5685/6279/5167 5848/6280/5131
f 5813/6264/5145 5609/6263/5146 5611/6230/5146 5809/6229/5145
f 5842/6281/5168 5840/6282/5168 5606/6283/5140 5605/6260/5140
f 5833/6194/4928 5338/5870/4928 5340/5869/4927 5827/6195/4927
f 5599/6186/4919 5595/6240/4919 5596/6205/4919 5600/6187/4919
f 5703/6284/5169 5863/6285/4980 5621/6248/4964 5780/6247/5156
f 5630/6286/4981 5597/6287/4981 5598/6288/4981 5632/6289/4981
f 5598/6288/4981 5602/6290/4981 5830/6291/4983 5721/6292/5170
f 5657/6293/5171 5839/6294/5153 5613/6266/5130 5818/6265/5129
f 5821/6295/5172 5629/6296/4981 5631/6297/4981 5825/6298/5172
f 5879/6299/4975 5674/6300/5173 5812/6301/5174 5638/6302/4944
f 5601/6303/4981 5256/5892/4981 5255/5891/4981 5602/6290/4981
f 5597/6287/4981 5601/6303/4981 5602/6290/4981 5598/6288/4981
f 5864/6304/4988 5700/6305/5175 5597/6287/4981 5630/6286/4981
f 5828/6306/4990 5341/5896/4990 5256/5892/4981 5601/6303/4981
f 5258/5767/4919 5599/6186/4919 5600/6187/4919 5257/5770/4919
f 5602/6290/4981 5255/5891/4981 5364/5897/4983 5830/6291/4983
f 5870/6307/4936 5718/6308/5176 5800/6274/5166 5626/6273/4935
f 5896/6309/5177 5710/6310/5178 5791/6311/5179 5910/6312/5180
f 5693/6313/5181 5702/6314/5182 5779/6315/5162 5789/6316/5161
f 5667/6317/5183 5842/6281/5168 5605/6260/5140 5777/6259/5139
f 5615/6198/5130 5616/6277/5130 5848/6280/5131 5846/6199/5131
f 5642/6258/4919 5819/6257/5158 5815/6318/5158 5644/6319/4919
f 5613/6266/5130 5614/6246/5130 5616/6277/5130 5615/6198/5130
f 5638/6302/4944 5812/6301/5174 5810/6320/5174 5640/6321/4944
f 5609/6263/5146 5610/6322/5146 5612/6323/5146 5611/6230/5146
f 5644/6319/4919 5815/6318/5158 5673/6324/5184 5878/6325/4938
f 5855/6326/5185 5650/6327/4922 5649/6328/4922 5851/6329/5186
f 5622/6330/4964 5776/6331/5187 5774/6332/5187 5624/6333/4964
f 5605/6260/5140 5606/6283/5140 5608/6334/5140 5607/6218/5140
f 5665/6335/5188 5857/6336/4988 5629/6296/4981 5821/6295/5172
f 5839/6294/5153 5843/6243/5153 5614/6246/5130 5613/6266/5130
f 5624/6333/4964 5774/6332/5187 5734/6337/5189 5618/6338/4964
f 5607/6218/5140 5608/6334/5140 5603/6339/5140 5604/6219/5140
f 5851/6329/5186 5649/6328/4922 5646/6340/4922 5743/6341/5190
f 5629/6296/4981 5857/6336/4988 5864/6304/4988 5630/6286/4981
f 5849/6342/5160 5682/6343/5191 5803/6344/5192 5610/6322/5146
f 5845/6262/5160 5849/6342/5160 5610/6322/5146 5609/6263/5146
f 5907/6192/4922 5831/6191/4923 5365/5937/4923 5586/5936/4922
f 5631/6297/4981 5629/6296/4981 5630/6286/4981 5632/6289/4981
f 5600/6187/4919 5596/6205/4919 5712/6208/5135 5836/6188/4920
f 5614/6246/5130 5822/6245/5155 5824/6278/5155 5616/6277/5130
f 5627/6210/4935 5625/6203/4935 5626/6273/4935 5628/6276/4935
f 5884/6345/5008 5887/6346/5008 5634/6253/4948 5633/6226/4948
f 5610/6322/5146 5803/6344/5192 5807/6347/5192 5612/6323/5146
f 5876/6348/5009 5653/6349/4922 5652/6350/4922 5872/6351/5193
f 5825/6298/5172 5631/6297/4981 5867/6352/5012 5684/6353/5194
f 5623/6249/4964 5621/6248/4964 5622/6330/4964 5624/6333/4964
f 5910/6312/5180 5791/6311/5179 5795/6354/5179 5911/6355/5180
f 5789/6316/5161 5779/6315/5162 5783/6268/5162 5785/6267/5161
f 5891/6356/5195 5654/6357/4922 5651/6358/4922 5860/6359/5014
f 5637/6242/4944 5638/6302/4944 5640/6321/4944 5639/6214/4944
f 5700/6305/5175 5828/6306/4990 5601/6303/4981 5597/6287/4981
f 5618/6338/4964 5619/6360/4964 5623/6249/4964 5624/6333/4964
f 5760/6236/5150 5648/6235/4922 5653/6349/4922 5876/6348/5009
f 5643/6206/4919 5644/6319/4919 5878/6325/4938 5881/6207/4938
f 5887/6346/5008 5692/6361/5196 5788/6254/5142 5634/6253/4948
f 5872/6351/5193 5652/6350/4922 5647/6362/4922 5750/6363/5197
f 5621/6248/4964 5863/6285/4980 5858/6364/4980 5622/6330/4964
f 5858/6364/4980 5666/6365/5198 5776/6331/5187 5622/6330/4964
f 5595/6240/4919 5641/6252/4919 5643/6206/4919 5596/6205/4919
f 5625/6203/4935 5866/6202/4936 5870/6307/4936 5626/6273/4935
f 5633/6226/4948 5634/6253/4948 5636/6221/4948 5635/6227/4948
f 5606/6283/5140 5767/6366/5199 5771/6367/5199 5608/6334/5140
f 5888/6251/4965 5885/6255/4965 5642/6258/4919 5641/6252/4919
f 5840/6282/5168 5658/6368/5200 5767/6366/5199 5606/6283/5140
f 5635/6227/4948 5636/6221/4948 5620/6224/4948 5617/6237/4948
f 5608/6334/5140 5771/6367/5199 5731/6369/5201 5603/6339/5140
f 5867/6352/5012 5631/6297/4981 5632/6289/4981 5869/6370/5012
f 5860/6359/5014 5651/6358/4922 5645/6371/4922 5736/6372/5202
f 5882/6272/4975 5879/6299/4975 5638/6302/4944 5637/6242/4944
f 5632/6289/4981 5598/6288/4981 5721/6292/5170 5869/6370/5012
f 5641/6252/4919 5642/6258/4919 5644/6319/4919 5643/6206/4919
f 5639/6214/4944 5640/6321/4944 5890/6373/5022 5861/6215/4943
f 5611/6230/5146 5612/6323/5146 5854/6374/5203 5852/6231/5147
f 5873/6211/4940 5627/6210/4935 5628/6276/4935 5875/6375/5024
f 5628/6276/4935 5798/6275/5166 5762/6376/5204 5875/6375/5024
f 5640/6321/4944 5810/6320/5174 5745/6377/5205 5890/6373/5022
f 5743/6341/5190 5646/6340/4922 5654/6357/4922 5891/6356/5195
f 5911/6355/5180 5795/6354/5179 5738/6378/5206 5905/6379/5207
f 5782/6250/5156 5623/6249/4964 5619/6360/4964 5757/6380/5208
f 5612/6323/5146 5807/6347/5192 5752/6381/5209 5854/6374/5203
f 5750/6363/5197 5647/6362/4922 5650/6327/4922 5855/6326/5185
f 5655/6382/5210 5663/6383/5211 5660/6384/5212 5659/6385/5213
f 5656/6256/5157 5659/6386/5213 5660/6387/5212 5661/6388/5214
f 5657/6293/5171 5661/6388/5214 5660/6387/5212 5662/6389/5215
f 5658/6368/5200 5662/6390/5215 5660/6384/5212 5663/6383/5211
f 5664/6244/5154 5672/6391/5216 5669/6392/5217 5668/6393/5218
f 5665/6335/5188 5668/6394/5218 5669/6395/5217 5670/6396/5219
f 5666/6365/5198 5670/6397/5219 5669/6398/5217 5671/6399/5220
f 5667/6317/5183 5671/6399/5220 5669/6398/5217 5672/6400/5216
f 5673/6324/5184 5681/6401/5221 5678/6402/5222 5677/6403/5223
f 5674/6300/5173 5677/6404/5223 5678/6405/5222 5679/6406/5224
f 5675/6261/5159 5679/6406/5224 5678/6405/5222 5680/6407/5225
f 5676/6200/5132 5680/6408/5225 5678/6402/5222 5681/6401/5221
f 5682/6343/5191 5690/6409/5226 5687/6410/5227 5686/6411/5228
f 5683/6201/5133 5686/6411/5228 5687/6410/5227 5688/6412/5229
f 5684/6353/5194 5688/6413/5229 5687/6414/5227 5689/6415/5230
f 5685/6279/5167 5689/6416/5230 5687/6417/5227 5690/6418/5226
f 5691/6239/5152 5699/6419/5231 5696/6420/5232 5695/6421/5233
f 5692/6361/5196 5695/6422/5233 5696/6423/5232 5697/6424/5234
f 5693/6313/5181 5697/6425/5234 5696/6426/5232 5698/6427/5235
f 5694/6193/5127 5698/6427/5235 5696/6426/5232 5699/6428/5231
f 5700/6305/5175 5708/6429/5236 5705/6430/5237 5704/6431/5238
f 5701/6196/5128 5704/6432/5238 5705/6433/5237 5706/6434/5239
f 5702/6314/5182 5706/6434/5239 5705/6433/5237 5707/6435/5240
f 5703/6284/5169 5707/6435/5240 5705/6433/5237 5708/6436/5236
f 5709/6437/5241 5717/6438/5242 5714/6439/5243 5713/6440/5244
f 5710/6310/5178 5713/6440/5244 5714/6439/5243 5715/6441/5245
f 5711/6271/5165 5715/6442/5245 5714/6443/5243 5716/6444/5246
f 5712/6208/5135 5716/6445/5246 5714/6446/5243 5717/6447/5242
f 5718/6308/5176 5726/6448/5247 5723/6449/5248 5722/6450/5249
f 5719/6451/5250 5722/6450/5249 5723/6449/5248 5724/6452/5251
f 5720/6190/5126 5724/6452/5251 5723/6449/5248 5725/6453/5252
f 5721/6292/5170 5725/6454/5252 5723/6455/5248 5726/6456/5247
f 5736/6372/5202 5742/6457/5253 5740/6458/5254 5739/6459/5255
f 5737/6216/5138 5739/6460/5255 5740/6461/5254 5741/6462/5256
f 5738/6378/5206 5741/6463/5256 5740/6464/5254 5742/6465/5253
f 5743/6341/5190 5749/6466/5257 5747/6467/5258 5746/6468/5259
f 5744/6232/5148 5746/6468/5259 5747/6467/5258 5748/6469/5260
f 5745/6377/5205 5748/6469/5260 5747/6467/5258 5749/6470/5257
f 5750/6363/5197 5756/6471/5261 5754/6472/5262 5753/6473/5263
f 5751/6212/5136 5753/6474/5263 5754/6472/5262 5755/6475/5264
f 5752/6381/5209 5755/6475/5264 5754/6472/5262 5756/6471/5261
f 5760/6236/5150 5766/6476/5265 5764/6477/5266 5763/6478/5267
f 5761/6479/5268 5763/6480/5267 5764/6481/5266 5765/6482/5269
f 5762/6376/5204 5765/6482/5269 5764/6481/5266 5766/6483/5265
f 5885/6255/4965 5886/6484/5091 5659/6386/5213 5656/6256/5157
f 5886/6485/5091 5884/6345/5008 5655/6382/5210 5659/6385/5213
f 5843/6243/5153 5844/6486/5270 5672/6391/5216 5664/6244/5154
f 5844/6487/5270 5842/6281/5168 5667/6317/5183 5672/6400/5216
f 5828/6306/4990 5829/6488/5093 5342/6085/5093 5341/5896/4990
f 5829/6489/5093 5827/6195/4927 5340/5869/4927 5342/6088/5093
f 5879/6299/4975 5880/6490/5094 5677/6404/5223 5674/6300/5173
f 5880/6491/5094 5878/6325/4938 5673/6324/5184 5677/6403/5223
f 5849/6342/5160 5850/6492/5271 5690/6409/5226 5682/6343/5191
f 5850/6493/5271 5848/6280/5131 5685/6279/5167 5690/6418/5226
f 5831/6191/4923 5832/6494/5096 5366/6093/5096 5365/5937/4923
f 5832/6495/5096 5830/6291/4983 5364/5897/4983 5366/6096/5096
f 5819/6257/5158 5820/6496/5272 5817/6497/5272 5815/6318/5158
f 5820/6496/5272 5818/6265/5129 5816/6197/5129 5817/6497/5272
f 5656/6256/5157 5661/6388/5214 5820/6496/5272 5819/6257/5158
f 5661/6388/5214 5657/6293/5171 5818/6265/5129 5820/6496/5272
f 5825/6298/5172 5826/6498/5273 5823/6499/5273 5821/6295/5172
f 5826/6500/5273 5824/6278/5155 5822/6245/5155 5823/6501/5273
f 5684/6353/5194 5689/6415/5230 5826/6498/5273 5825/6298/5172
f 5689/6416/5230 5685/6279/5167 5824/6278/5155 5826/6500/5273
f 5834/6185/4918 5835/6502/5099 5699/6419/5231 5691/6239/5152
f 5835/6503/5099 5833/6194/4928 5694/6193/5127 5699/6428/5231
f 5864/6304/4988 5865/6504/5100 5708/6429/5236 5700/6305/5175
f 5865/6505/5100 5863/6285/4980 5703/6284/5169 5708/6436/5236
f 5837/6506/5101 5838/6507/5102 5717/6438/5242 5709/6437/5241
f 5838/6508/5102 5836/6188/4920 5712/6208/5135 5717/6447/5242
f 5870/6307/4936 5871/6509/5103 5726/6448/5247 5718/6308/5176
f 5871/6510/5103 5869/6370/5012 5721/6292/5170 5726/6456/5247
f 5896/6309/5177 5897/6511/5274 5713/6440/5244 5710/6310/5178
f 5897/6511/5274 5899/6512/5125 5709/6437/5241 5713/6440/5244
f 5693/6313/5181 5698/6427/5235 5706/6434/5239 5702/6314/5182
f 5698/6427/5235 5694/6193/5127 5701/6196/5128 5706/6434/5239
f 5891/6356/5195 5892/6513/5275 5749/6466/5257 5743/6341/5190
f 5892/6514/5275 5890/6373/5022 5745/6377/5205 5749/6470/5257
f 5855/6326/5185 5856/6515/5276 5756/6471/5261 5750/6363/5197
f 5856/6515/5276 5854/6374/5203 5752/6381/5209 5756/6471/5261
f 5876/6348/5009 5877/6516/5107 5766/6476/5265 5760/6236/5150
f 5877/6517/5107 5875/6375/5024 5762/6376/5204 5766/6483/5265
f 5902/6518/5149 5903/6519/5277 5742/6457/5253 5736/6372/5202
f 5903/6520/5277 5905/6379/5207 5738/6378/5206 5742/6465/5253
f 5795/6354/5179 5796/6521/5278 5741/6463/5256 5738/6378/5206
f 5796/6522/5278 5794/6213/5137 5737/6216/5138 5741/6462/5256
f 5801/6523/5279 5802/6524/5280 5722/6450/5249 5719/6451/5250
f 5802/6524/5280 5800/6274/5166 5718/6308/5176 5722/6450/5249
f 5807/6347/5192 5808/6525/5281 5755/6475/5264 5752/6381/5209
f 5808/6525/5281 5806/6209/5134 5751/6212/5136 5755/6475/5264
f 5813/6264/5145 5814/6526/5282 5679/6406/5224 5675/6261/5159
f 5814/6526/5282 5812/6301/5174 5674/6300/5173 5679/6406/5224
f 5771/6367/5199 5772/6527/5283 5732/6528/5284 5731/6369/5201
f 5772/6527/5283 5770/6228/5144 5730/6238/5151 5732/6528/5284
f 5777/6259/5139 5778/6529/5285 5671/6399/5220 5667/6317/5183
f 5778/6529/5285 5776/6331/5187 5666/6365/5198 5671/6399/5220
f 5783/6268/5162 5784/6530/5286 5759/6531/5287 5758/6269/5163
f 5784/6530/5286 5782/6250/5156 5757/6380/5208 5759/6531/5287
f 5789/6316/5161 5790/6532/5288 5697/6425/5234 5693/6313/5181
f 5790/6533/5288 5788/6254/5142 5692/6361/5196 5697/6424/5234
f 5658/6368/5200 5663/6383/5211 5769/6534/5283 5767/6366/5199
f 5663/6383/5211 5655/6382/5210 5768/6225/5144 5769/6534/5283
f 5767/6366/5199 5769/6534/5283 5772/6527/5283 5771/6367/5199
f 5769/6534/5283 5768/6225/5144 5770/6228/5144 5772/6527/5283
f 5733/6220/5141 5735/6535/5289 5775/6536/5285 5773/6217/5139
f 5735/6535/5289 5734/6337/5189 5774/6332/5187 5775/6536/5285
f 5773/6217/5139 5775/6536/5285 5778/6529/5285 5777/6259/5139
f 5775/6536/5285 5774/6332/5187 5776/6331/5187 5778/6529/5285
f 5702/6314/5182 5707/6435/5240 5781/6537/5286 5779/6315/5162
f 5707/6435/5240 5703/6284/5169 5780/6247/5156 5781/6537/5286
f 5779/6315/5162 5781/6537/5286 5784/6530/5286 5783/6268/5162
f 5781/6537/5286 5780/6247/5156 5782/6250/5156 5784/6530/5286
f 5727/6270/5164 5729/6538/5290 5787/6539/5288 5785/6267/5161
f 5729/6540/5290 5728/6223/5143 5786/6222/5142 5787/6541/5288
f 5785/6267/5161 5787/6539/5288 5790/6532/5288 5789/6316/5161
f 5787/6541/5288 5786/6222/5142 5788/6254/5142 5790/6533/5288
f 5710/6310/5178 5715/6441/5245 5793/6542/5278 5791/6311/5179
f 5715/6442/5245 5711/6271/5165 5792/6241/5137 5793/6543/5278
f 5791/6311/5179 5793/6542/5278 5796/6521/5278 5795/6354/5179
f 5793/6543/5278 5792/6241/5137 5794/6213/5137 5796/6522/5278
f 5761/6479/5268 5765/6482/5269 5799/6544/5280 5797/6545/5279
f 5765/6482/5269 5762/6376/5204 5798/6275/5166 5799/6544/5280
f 5797/6545/5279 5799/6544/5280 5802/6524/5280 5801/6523/5279
f 5799/6544/5280 5798/6275/5166 5800/6274/5166 5802/6524/5280
f 5682/6343/5191 5686/6411/5228 5805/6546/5281 5803/6344/5192
f 5686/6411/5228 5683/6201/5133 5804/6204/5134 5805/6546/5281
f 5803/6344/5192 5805/6546/5281 5808/6525/5281 5807/6347/5192
f 5805/6546/5281 5804/6204/5134 5806/6209/5134 5808/6525/5281
f 5744/6232/5148 5748/6469/5260 5811/6547/5282 5809/6229/5145
f 5748/6469/5260 5745/6377/5205 5810/6320/5174 5811/6547/5282
f 5809/6229/5145 5811/6547/5282 5814/6526/5282 5813/6264/5145
f 5811/6547/5282 5810/6320/5174 5812/6301/5174 5814/6526/5282
f 5821/6295/5172 5823/6499/5273 5668/6394/5218 5665/6335/5188
f 5823/6501/5273 5822/6245/5155 5664/6244/5154 5668/6393/5218
f 5815/6318/5158 5817/6497/5272 5681/6401/5221 5673/6324/5184
f 5817/6497/5272 5816/6197/5129 5676/6200/5132 5681/6401/5221
f 5700/6305/5175 5704/6431/5238 5829/6488/5093 5828/6306/4990
f 5704/6432/5238 5701/6196/5128 5827/6195/4927 5829/6489/5093
f 5720/6190/5126 5725/6453/5252 5832/6494/5096 5831/6191/4923
f 5725/6454/5252 5721/6292/5170 5830/6291/4983 5832/6495/5096
f 5337/5766/4918 5339/6148/5099 5835/6502/5099 5834/6185/4918
f 5339/6149/5099 5338/5870/4928 5833/6194/4928 5835/6503/5099
f 5361/6150/5101 5363/6151/5102 5838/6507/5102 5837/6506/5101
f 5363/6152/5102 5362/5771/4920 5836/6188/4920 5838/6508/5102
f 5657/6293/5171 5662/6389/5215 5841/6548/5270 5839/6294/5153
f 5662/6390/5215 5658/6368/5200 5840/6282/5168 5841/6549/5270
f 5839/6294/5153 5841/6548/5270 5844/6486/5270 5843/6243/5153
f 5841/6549/5270 5840/6282/5168 5842/6281/5168 5844/6487/5270
f 5675/6261/5159 5680/6407/5225 5847/6550/5271 5845/6262/5160
f 5680/6408/5225 5676/6200/5132 5846/6199/5131 5847/6551/5271
f 5845/6262/5160 5847/6550/5271 5850/6492/5271 5849/6342/5160
f 5847/6551/5271 5846/6199/5131 5848/6280/5131 5850/6493/5271
f 5743/6341/5190 5746/6468/5259 5853/6552/5291 5851/6329/5186
f 5746/6468/5259 5744/6232/5148 5852/6231/5147 5853/6552/5291
f 5851/6329/5186 5853/6552/5291 5856/6515/5276 5855/6326/5185
f 5853/6552/5291 5852/6231/5147 5854/6374/5203 5856/6515/5276
f 5665/6335/5188 5670/6396/5219 5859/6553/5100 5857/6336/4988
f 5670/6397/5219 5666/6365/5198 5858/6364/4980 5859/6554/5100
f 5736/6372/5202 5739/6459/5255 5862/6555/5123 5860/6359/5014
f 5739/6460/5255 5737/6216/5138 5861/6215/4943 5862/6556/5123
f 5857/6336/4988 5859/6553/5100 5865/6504/5100 5864/6304/4988
f 5859/6554/5100 5858/6364/4980 5863/6285/4980 5865/6505/5100
f 5683/6201/5133 5688/6412/5229 5868/6557/5103 5866/6202/4936
f 5688/6413/5229 5684/6353/5194 5867/6352/5012 5868/6558/5103
f 5866/6202/4936 5868/6557/5103 5871/6509/5103 5870/6307/4936
f 5868/6558/5103 5867/6352/5012 5869/6370/5012 5871/6510/5103
f 5750/6363/5197 5753/6473/5263 5874/6559/5292 5872/6351/5193
f 5753/6474/5263 5751/6212/5136 5873/6211/4940 5874/6560/5292
f 5872/6351/5193 5874/6559/5292 5877/6516/5107 5876/6348/5009
f 5874/6560/5292 5873/6211/4940 5875/6375/5024 5877/6517/5107
f 5882/6272/4975 5883/6561/5094 5880/6490/5094 5879/6299/4975
f 5883/6562/5094 5881/6207/4938 5878/6325/4938 5880/6491/5094
f 5711/6271/5165 5716/6444/5246 5883/6561/5094 5882/6272/4975
f 5716/6445/5246 5712/6208/5135 5881/6207/4938 5883/6562/5094
f 5888/6251/4965 5889/6563/5091 5886/6484/5091 5885/6255/4965
f 5889/6564/5091 5887/6346/5008 5884/6345/5008 5886/6485/5091
f 5691/6239/5152 5695/6421/5233 5889/6563/5091 5888/6251/4965
f 5695/6422/5233 5692/6361/5196 5887/6346/5008 5889/6564/5091
f 5860/6359/5014 5862/6555/5123 5892/6513/5275 5891/6356/5195
f 5862/6556/5123 5861/6215/4943 5890/6373/5022 5892/6514/5275
f 5655/6382/5210 5884/6345/5008 5633/6226/4948 5768/6225/5144
f 5763/6480/5267 5761/6479/5268 5906/6565/5207 5904/6566/5277
f 5904/6566/5277 5906/6565/5207 5905/6379/5207 5903/6520/5277
f 5760/6236/5150 5763/6478/5267 5904/6567/5277 5901/6233/5149
f 5901/6233/5149 5904/6567/5277 5903/6519/5277 5902/6518/5149
f 5724/6452/5251 5720/6190/5126 5900/6189/5125 5898/6568/5274
f 5898/6568/5274 5900/6189/5125 5899/6512/5125 5897/6511/5274
f 5719/6451/5250 5724/6452/5251 5898/6568/5274 5895/6569/5177
f 5895/6569/5177 5898/6568/5274 5897/6511/5274 5896/6309/5177
f 5797/6545/5279 5912/6570/5180 5906/6565/5207 5761/6479/5268
f 5912/6570/5180 5911/6355/5180 5905/6379/5207 5906/6565/5207
f 5801/6523/5279 5909/6571/5180 5912/6570/5180 5797/6545/5279
f 5909/6571/5180 5910/6312/5180 5911/6355/5180 5912/6570/5180
f 5837/6506/5101 5908/6572/4922 5585/6178/4922 5361/6150/5101
f 5908/6572/4922 5907/6192/4922 5586/5936/4922 5585/6178/4922
f 5719/6451/5250 5895/6569/5177 5909/6571/5180 5801/6523/5279
f 5895/6569/5177 5896/6309/5177 5910/6312/5180 5909/6571/5180
f 5736/6372/5202 5645/6371/4922 5894/6573/4922 5902/6518/5149
f 5902/6518/5149 5894/6573/4922 5893/6234/4922 5901/6233/5149
f 5709/6437/5241 5899/6512/5125 5908/6572/4922 5837/6506/5101
f 5899/6512/5125 5900/6189/5125 5907/6192/4922 5908/6572/4922
f 5654/6357/4922 5646/6340/4922 5649/6328/4922 5913/6574/4922
f 5913/6574/4922 5649/6328/4922 5650/6327/4922 5915/6575/4922
f 5915/6575/4922 5650/6327/4922 5647/6362/4922 5652/6350/4922
f 5651/6358/4922 5654/6357/4922 5913/6574/4922 5914/6576/4922
f 5914/6576/4922 5913/6574/4922 5915/6575/4922 5916/6577/4922
f 5916/6577/4922 5915/6575/4922 5652/6350/4922 5653/6349/4922
f 5645/6371/4922 5651/6358/4922 5914/6576/4922 5894/6573/4922
f 5894/6573/4922 5914/6576/4922 5916/6577/4922 5893/6234/4922
f 5893/6234/4922 5916/6577/4922 5653/6349/4922 5648/6235/4922
f 5979/6578/5293 6214/6579/5155 5954/6580/5130 6171/6581/5294
f 6008/6582/5295 6034/6583/5296 6115/6584/4923 6138/6585/5101
f 6216/6586/5155 6035/6587/5297 6184/6588/5298 5953/6589/5130
f 6228/6590/4929 6021/6591/5299 6178/6592/5300 5949/6593/4932
f 6231/6594/5158 6015/6595/5301 6094/6596/4920 5933/6597/4919
f 6219/6598/4985 6029/6599/5302 6106/6600/4983 5941/6601/4981
f 6199/6602/5300 6210/6603/5300 6057/6604/5303 5999/6605/5304
f 6127/6606/4983 6150/6607/4983 6043/6608/5305 5985/6609/5306
f 6193/6610/5298 6204/6611/5298 6050/6612/5307 5992/6613/5308
f 6139/6614/4920 6162/6615/4920 6064/6616/5309 6006/6617/5310
f 6069/6618/4918 5934/6619/4919 5936/6620/4919 6072/6621/4918
f 6001/6622/5311 6014/6623/5312 6187/6624/5313 6198/6625/5314
f 5955/6626/5130 6186/6627/5298 6013/6628/5307 6232/6629/5129
f 5994/6630/5315 6028/6631/5316 6181/6632/5314 6192/6633/5313
f 6118/6634/4923 6093/6635/5101 6014/6636/5312 6001/6637/5311
f 6120/6638/4983 6145/6639/4983 6148/6640/4983 6123/6641/4983
f 6123/6641/4983 6148/6640/4983 6150/6607/4983 6127/6606/4983
f 6129/6642/4920 6154/6643/4920 6157/6644/4920 6132/6645/4920
f 6130/6646/5101 6105/6647/4923 6028/6648/5316 5994/6649/5315
f 6132/6645/4920 6157/6644/4920 6160/6650/4920 6135/6651/4920
f 6135/6651/4920 6160/6650/4920 6162/6615/4920 6139/6614/4920
f 6144/6652/4923 6141/6653/4923 5923/6654/4922 5921/6655/4922
f 6141/6653/4923 6055/6656/5316 6211/6657/5314 5923/6654/4922
f 5920/6658/4922 5922/6659/4922 6159/6660/5101 6156/6661/5101
f 5922/6659/4922 5924/6662/4922 6163/6663/5101 6159/6660/5101
f 6165/6664/5317 5950/6665/4932 5952/6666/4932 6169/6667/5317
f 6007/6668/5318 6063/6669/5299 6208/6670/5300 6195/6671/5300
f 6117/6672/4983 6142/6673/4983 6145/6639/4983 6120/6638/4983
f 5945/6674/4981 6112/6675/4983 6114/6676/4983 5947/6677/4981
f 5943/6678/4981 6109/6679/4983 6112/6675/4983 5945/6674/4981
f 5986/6680/5319 6042/6681/5297 6202/6682/5298 6189/6683/5298
f 5941/6601/4981 6106/6600/4983 6109/6679/4983 5943/6678/4981
f 5937/6684/4919 6100/6685/4920 6102/6686/4920 5939/6687/4919
f 5935/6688/4919 6097/6689/4920 6100/6685/4920 5937/6684/4919
f 5939/6687/4919 6102/6686/4920 6022/6690/5309 6229/6691/4966
f 6121/6692/4923 6096/6693/5101 6093/6635/5101 6118/6634/4923
f 6124/6694/4923 6099/6695/5101 6096/6693/5101 6121/6692/4923
f 6126/6696/4923 6103/6697/5101 6099/6695/5101 6124/6694/4923
f 5947/6677/4981 6114/6676/4983 6036/6698/5305 6217/6699/5172
f 6133/6700/5101 6108/6701/4923 6105/6647/4923 6130/6646/5101
f 6136/6702/5101 6111/6703/4923 6108/6701/4923 6133/6700/5101
f 6138/6585/5101 6115/6584/4923 6111/6703/4923 6136/6702/5101
f 6175/6704/5294 5956/6705/5130 6234/6706/5129 5972/6707/5320
f 6084/6708/4990 5944/6709/4981 5946/6710/4981 6087/6711/4990
f 6087/6711/4990 5946/6710/4981 5948/6712/4981 6091/6713/4990
f 5933/6597/4919 6094/6596/4920 6097/6689/4920 5935/6688/4919
f 6072/6621/4918 5936/6620/4919 5938/6714/4919 6075/6715/4918
f 5930/6716/5321 5929/6717/5321 5931/6718/5321 5932/6719/5321
f 6075/6715/4918 5938/6714/4919 5940/6720/4919 6079/6721/4918
f 5928/6722/5321 5927/6723/5321 5929/6717/5321 5930/6716/5321
f 6081/6724/4990 5942/6725/4981 5944/6709/4981 6084/6708/4990
f 5926/6726/5321 5925/6727/5321 5927/6723/5321 5928/6722/5321
f 5958/6728/5322 6226/6729/4929 5950/6665/4932 6165/6664/5317
f 6171/6581/5294 5954/6580/5130 5956/6705/5130 6175/6704/5294
f 6147/6730/4923 6144/6652/4923 5921/6655/4922 5919/6731/4922
f 5921/6655/4922 5923/6654/4922 5924/6662/4922 5922/6659/4922
f 6151/6732/4923 6147/6730/4923 5919/6731/4922 5917/6733/4922
f 5919/6731/4922 5921/6655/4922 5922/6659/4922 5920/6658/4922
f 5918/6734/4922 5920/6658/4922 6156/6661/5101 6153/6735/5101
f 5917/6733/4922 5919/6731/4922 5920/6658/4922 5918/6734/4922
f 6205/6736/5313 5918/6734/4922 6153/6735/5101 6048/6737/5312
f 5923/6654/4922 6211/6657/5314 6207/6738/5314 5924/6662/4922
f 6190/6739/5313 6177/6740/5314 6020/6741/5323 5987/6742/5324
f 6195/6671/5300 6208/6670/5300 6210/6603/5300 6199/6602/5300
f 5924/6662/4922 6207/6738/5314 6062/6743/5323 6163/6663/5101
f 5948/6712/4981 5947/6677/4981 6217/6699/5172 6213/6744/5172
f 6000/6745/5325 6056/6746/5302 6142/6673/4983 6117/6672/4983
f 6189/6683/5298 6202/6682/5298 6204/6611/5298 6193/6610/5298
f 5993/6747/5326 6049/6748/5301 6154/6643/4920 6129/6642/4920
f 5953/6589/5130 6184/6588/5298 6186/6627/5298 5955/6626/5130
f 5951/6749/4932 6180/6750/5300 6027/6751/5303 6220/6752/4961
f 6192/6633/5313 6181/6632/5314 6177/6740/5314 6190/6739/5313
f 6041/6753/5296 6151/6732/4923 5917/6733/4922 6201/6754/5313
f 6198/6625/5314 6187/6624/5313 6183/6755/5313 6196/6756/5314
f 6196/6756/5314 6183/6755/5313 6034/6757/5296 6008/6758/5295
f 6201/6754/5313 5917/6733/4922 5918/6734/4922 6205/6736/5313
f 6091/6713/4990 5948/6712/4981 6213/6744/5172 5978/6759/5327
f 5949/6593/4932 6178/6592/5300 6180/6750/5300 5951/6749/4932
f 5932/6719/5321 5931/6718/5321 6172/6760/5328 6174/6761/5328
f 5954/6580/5130 5953/6589/5130 5955/6626/5130 5956/6705/5130
f 5987/6762/5324 6020/6763/5323 6103/6697/5101 6126/6696/4923
f 5952/6666/4932 5951/6749/4932 6220/6752/4961 6222/6764/4961
f 6166/6765/5329 6168/6766/5329 5925/6727/5321 5926/6726/5321
f 5950/6665/4932 5949/6593/4932 5951/6749/4932 5952/6666/4932
f 6169/6667/5317 5952/6666/4932 6222/6764/4961 5965/6767/5330
f 5956/6705/5130 5955/6626/5130 6232/6629/5129 6234/6706/5129
f 5929/6717/5321 6088/6768/4927 6090/6769/4927 5931/6718/5321
f 5946/6710/4981 5945/6674/4981 5947/6677/4981 5948/6712/4981
f 5927/6723/5321 6085/6770/4927 6088/6768/4927 5929/6717/5321
f 5944/6709/4981 5943/6678/4981 5945/6674/4981 5946/6710/4981
f 5925/6727/5321 6082/6771/4927 6085/6770/4927 5927/6723/5321
f 5942/6725/4981 5941/6601/4981 5943/6678/4981 5944/6709/4981
f 6168/6766/5329 5964/6772/5331 6082/6771/4927 5925/6727/5321
f 5940/6720/4919 5939/6687/4919 6229/6691/4966 6225/6773/4966
f 6078/6774/4928 5926/6726/5321 5928/6722/5321 6076/6775/4928
f 5938/6714/4919 5937/6684/4919 5939/6687/4919 5940/6720/4919
f 6076/6775/4928 5928/6722/5321 5930/6716/5321 6073/6776/4928
f 5936/6620/4919 5935/6688/4919 5937/6684/4919 5938/6714/4919
f 6073/6776/4928 5930/6716/5321 5932/6719/5321 6070/6777/4928
f 5934/6619/4919 5933/6597/4919 5935/6688/4919 5936/6620/4919
f 6070/6777/4928 5932/6719/5321 6174/6761/5328 5971/6778/5332
f 5966/6779/5333 6223/6780/4985 5942/6725/4981 6081/6724/4990
f 6223/6780/4985 6219/6598/4985 5941/6601/4981 5942/6725/4981
f 5973/6781/5334 6235/6782/5158 5934/6619/4919 6069/6618/4918
f 6235/6782/5158 6231/6594/5158 5933/6597/4919 5934/6619/4919
f 5959/6783/5335 6166/6765/5329 5926/6726/5321 6078/6774/4928
f 6226/6729/4929 6228/6590/4929 5949/6593/4932 5950/6665/4932
f 5931/6718/5321 6090/6769/4927 5980/6784/5336 6172/6760/5328
f 6214/6579/5155 6216/6586/5155 5953/6589/5130 5954/6580/5130
f 5957/6785/5337 5960/6786/5338 5961/6787/5339 5963/6788/5340
f 5958/6728/5322 5962/6789/5341 5961/6787/5339 5960/6790/5338
f 5959/6783/5335 5963/6788/5340 5961/6787/5339 5962/6789/5341
f 5964/6772/5331 5967/6791/5342 5968/6792/5343 5970/6793/5344
f 5965/6767/5330 5969/6794/5345 5968/6792/5343 5967/6791/5342
f 5966/6779/5333 5970/6793/5344 5968/6792/5343 5969/6795/5345
f 5971/6778/5332 5974/6796/5346 5975/6797/5347 5977/6798/5348
f 5972/6707/5320 5976/6799/5349 5975/6797/5347 5974/6796/5346
f 5973/6781/5334 5977/6798/5348 5975/6797/5347 5976/6800/5349
f 5978/6759/5327 5981/6801/5350 5982/6802/5351 5984/6803/5352
f 5979/6578/5293 5983/6804/5353 5982/6802/5351 5981/6805/5350
f 5980/6784/5336 5984/6803/5352 5982/6802/5351 5983/6804/5353
f 5985/6609/5306 5988/6806/5354 5989/6807/5355 5991/6808/5356
f 5986/6680/5319 5990/6809/5357 5989/6810/5355 5988/6811/5354
f 5987/6762/5324 5991/6808/5356 5989/6807/5355
f 5992/6613/5308 5995/6812/5358 5996/6813/5359 5998/6814/5360
f 5993/6747/5326 5997/6815/5361 5996/6816/5359 5995/6817/5358
f 5994/6630/5315 5998/6814/5360 5996/6813/5359
f 5999/6605/5304 6002/6818/5362 6003/6819/5363 6005/6820/5364
f 6000/6745/5325 6004/6821/5365 6003/6822/5363 6002/6823/5362
f 6001/6622/5311 6005/6820/5364 6003/6819/5363
f 6006/6617/5310 6009/6824/5366 6010/6825/5367 6012/6826/5368
f 6007/6668/5318 6011/6827/5369 6010/6828/5367 6009/6829/5366
f 6008/6582/5295 6012/6826/5368 6010/6825/5367
f 6013/6628/5307 6016/6830/5370 6017/6831/5371 6019/6832/5372
f 6014/6636/5312 6018/6833/5373 6017/6834/5371
f 6015/6595/5301 6019/6835/5372 6017/6834/5371 6018/6833/5373
f 6020/6741/5323 6023/6836/5374 6024/6837/5375
f 6021/6591/5299 6025/6838/5376 6024/6837/5375 6023/6836/5374
f 6022/6690/5309 6026/6839/5377 6024/6840/5375 6025/6841/5376
f 6027/6751/5303 6030/6842/5378 6031/6843/5379 6033/6844/5380
f 6028/6648/5316 6032/6845/5381 6031/6846/5379
f 6029/6599/5302 6033/6847/5380 6031/6846/5379 6032/6845/5381
f 6034/6757/5296 6037/6848/5382 6038/6849/5383
f 6035/6587/5297 6039/6850/5384 6038/6849/5383 6037/6848/5382
f 6036/6698/5305 6040/6851/5385 6038/6852/5383 6039/6853/5384
f 6041/6753/5296 6044/6854/5386 6045/6855/5387 6047/6856/5388
f 6042/6857/5297 6046/6858/5384 6045/6855/5387 6044/6854/5386
f 6043/6859/5305 6047/6856/5388 6045/6855/5387 6046/6858/5384
f 6048/6737/5312 6051/6860/5389 6052/6861/5390 6054/6862/5391
f 6049/6863/5301 6053/6864/5372 6052/6861/5390 6051/6860/5389
f 6050/6865/5307 6054/6862/5391 6052/6861/5390 6053/6864/5372
f 6055/6656/5316 6058/6866/5392 6059/6867/5393 6061/6868/5394
f 6056/6869/5302 6060/6870/5380 6059/6867/5393 6058/6866/5392
f 6057/6871/5303 6061/6868/5394 6059/6867/5393 6060/6870/5380
f 6062/6743/5323 6065/6872/5395 6066/6873/5396 6068/6874/5397
f 6063/6875/5299 6067/6876/5376 6066/6873/5396 6065/6872/5395
f 6064/6877/5309 6068/6874/5397 6066/6873/5396 6067/6876/5376
f 6079/6721/4918 5957/6785/5337 5963/6788/5340 6080/6878/5099
f 6080/6878/5099 5963/6788/5340 5959/6783/5335 6078/6774/4928
f 6169/6667/5317 5965/6767/5330 5967/6791/5342 6170/6879/5398
f 6170/6879/5398 5967/6791/5342 5964/6772/5331 6168/6766/5329
f 6091/6713/4990 5978/6759/5327 5984/6803/5352 6092/6880/5093
f 6092/6880/5093 5984/6803/5352 5980/6784/5336 6090/6769/4927
f 6175/6704/5294 5972/6707/5320 5974/6796/5346 6176/6881/5399
f 6176/6881/5399 5974/6796/5346 5971/6778/5332 6174/6761/5328
f 6103/6697/5101 6020/6763/5323 6026/6839/5377 6104/6882/5102
f 6104/6882/5102 6026/6839/5377 6022/6690/5309 6102/6686/4920
f 6181/6632/5314 6028/6631/5316 6030/6842/5378 6182/6883/5400
f 6182/6883/5400 6030/6842/5378 6027/6751/5303 6180/6750/5300
f 6115/6584/4923 6034/6583/5296 6040/6851/5385 6116/6884/5096
f 6116/6884/5096 6040/6851/5385 6036/6698/5305 6114/6676/4983
f 6187/6624/5313 6014/6623/5312 6016/6830/5370 6188/6885/5401
f 6188/6885/5401 6016/6830/5370 6013/6628/5307 6186/6627/5298
f 6217/6699/5172 6036/6698/5305 6039/6853/5384 6218/6886/5273
f 6218/6887/5273 6039/6850/5384 6035/6587/5297 6216/6586/5155
f 6223/6780/4985 5966/6779/5333 5969/6795/5345 6224/6888/5098
f 6224/6889/5098 5969/6794/5345 5965/6767/5330 6222/6764/4961
f 6229/6691/4966 6022/6690/5309 6025/6841/5376 6230/6890/5097
f 6230/6891/5097 6025/6838/5376 6021/6591/5299 6228/6590/4929
f 6235/6782/5158 5973/6781/5334 5976/6800/5349 6236/6892/5272
f 6236/6893/5272 5976/6799/5349 5972/6707/5320 6234/6706/5129
f 6127/6606/4983 5985/6609/5306 5991/6808/5356 6128/6894/5096
f 6128/6894/5096 5991/6808/5356 5987/6762/5324 6126/6696/4923
f 6193/6610/5298 5992/6613/5308 5998/6814/5360 6194/6895/5401
f 6194/6895/5401 5998/6814/5360 5994/6630/5315 6192/6633/5313
f 6139/6614/4920 6006/6617/5310 6012/6826/5368 6140/6896/5102
f 6140/6896/5102 6012/6826/5368 6008/6582/5295 6138/6585/5101
f 6199/6602/5300 5999/6605/5304 6005/6820/5364 6200/6897/5400
f 6200/6897/5400 6005/6820/5364 6001/6622/5311 6198/6625/5314
f 6151/6732/4923 6041/6753/5296 6047/6856/5388 6152/6898/5096
f 6152/6898/5096 6047/6856/5388 6043/6859/5305 6150/6899/4983
f 6205/6736/5313 6048/6737/5312 6054/6862/5391 6206/6900/5401
f 6206/6900/5401 6054/6862/5391 6050/6865/5307 6204/6901/5298
f 6163/6663/5101 6062/6743/5323 6068/6874/5397 6164/6902/5102
f 6164/6902/5102 6068/6874/5397 6064/6877/5309 6162/6903/4920
f 6211/6657/5314 6055/6656/5316 6061/6868/5394 6212/6904/5400
f 6212/6904/5400 6061/6868/5394 6057/6871/5303 6210/6905/5300
f 5999/6605/5304 6057/6604/5303 6060/6906/5380 6002/6818/5362
f 6002/6823/5362 6060/6907/5380 6056/6746/5302 6000/6745/5325
f 6063/6669/5299 6007/6668/5318 6009/6829/5366 6067/6908/5376
f 6067/6909/5376 6009/6824/5366 6006/6617/5310 6064/6616/5309
f 5992/6613/5308 6050/6612/5307 6053/6910/5372 5995/6812/5358
f 5995/6817/5358 6053/6911/5372 6049/6748/5301 5993/6747/5326
f 6042/6681/5297 5986/6680/5319 5988/6811/5354 6046/6912/5384
f 6046/6913/5384 5988/6806/5354 5985/6609/5306 6043/6608/5305
f 5973/6781/5334 6069/6618/4918 6071/6914/5099 5977/6798/5348
f 5977/6798/5348 6071/6914/5099 6070/6777/4928 5971/6778/5332
f 6069/6618/4918 6072/6621/4918 6074/6915/5099 6071/6914/5099
f 6071/6914/5099 6074/6915/5099 6073/6776/4928 6070/6777/4928
f 6072/6621/4918 6075/6715/4918 6077/6916/5099 6074/6915/5099
f 6074/6915/5099 6077/6916/5099 6076/6775/4928 6073/6776/4928
f 6075/6715/4918 6079/6721/4918 6080/6878/5099 6077/6916/5099
f 6077/6916/5099 6080/6878/5099 6078/6774/4928 6076/6775/4928
f 5966/6779/5333 6081/6724/4990 6083/6917/5093 5970/6793/5344
f 5970/6793/5344 6083/6917/5093 6082/6771/4927 5964/6772/5331
f 6081/6724/4990 6084/6708/4990 6086/6918/5093 6083/6917/5093
f 6083/6917/5093 6086/6918/5093 6085/6770/4927 6082/6771/4927
f 6084/6708/4990 6087/6711/4990 6089/6919/5093 6086/6918/5093
f 6086/6918/5093 6089/6919/5093 6088/6768/4927 6085/6770/4927
f 6087/6711/4990 6091/6713/4990 6092/6880/5093 6089/6919/5093
f 6089/6919/5093 6092/6880/5093 6090/6769/4927 6088/6768/4927
f 6014/6636/5312 6093/6635/5101 6095/6920/5102 6018/6833/5373
f 6018/6833/5373 6095/6920/5102 6094/6596/4920 6015/6595/5301
f 6093/6635/5101 6096/6693/5101 6098/6921/5102 6095/6920/5102
f 6095/6920/5102 6098/6921/5102 6097/6689/4920 6094/6596/4920
f 6096/6693/5101 6099/6695/5101 6101/6922/5102 6098/6921/5102
f 6098/6921/5102 6101/6922/5102 6100/6685/4920 6097/6689/4920
f 6099/6695/5101 6103/6697/5101 6104/6882/5102 6101/6922/5102
f 6101/6922/5102 6104/6882/5102 6102/6686/4920 6100/6685/4920
f 6028/6648/5316 6105/6647/4923 6107/6923/5096 6032/6845/5381
f 6032/6845/5381 6107/6923/5096 6106/6600/4983 6029/6599/5302
f 6105/6647/4923 6108/6701/4923 6110/6924/5096 6107/6923/5096
f 6107/6923/5096 6110/6924/5096 6109/6679/4983 6106/6600/4983
f 6108/6701/4923 6111/6703/4923 6113/6925/5096 6110/6924/5096
f 6110/6924/5096 6113/6925/5096 6112/6675/4983 6109/6679/4983
f 6111/6703/4923 6115/6584/4923 6116/6884/5096 6113/6925/5096
f 6113/6925/5096 6116/6884/5096 6114/6676/4983 6112/6675/4983
f 6000/6745/5325 6117/6672/4983 6119/6926/5096 6004/6821/5365
f 6004/6821/5365 6119/6926/5096 6118/6634/4923 6001/6637/5311
f 6117/6672/4983 6120/6638/4983 6122/6927/5096 6119/6926/5096
f 6119/6926/5096 6122/6927/5096 6121/6692/4923 6118/6634/4923
f 6120/6638/4983 6123/6641/4983 6125/6928/5096 6122/6927/5096
f 6122/6927/5096 6125/6928/5096 6124/6694/4923 6121/6692/4923
f 6123/6641/4983 6127/6606/4983 6128/6894/5096 6125/6928/5096
f 6125/6928/5096 6128/6894/5096 6126/6696/4923 6124/6694/4923
f 5993/6747/5326 6129/6642/4920 6131/6929/5102 5997/6815/5361
f 5997/6815/5361 6131/6929/5102 6130/6646/5101 5994/6649/5315
f 6129/6642/4920 6132/6645/4920 6134/6930/5102 6131/6929/5102
f 6131/6929/5102 6134/6930/5102 6133/6700/5101 6130/6646/5101
f 6132/6645/4920 6135/6651/4920 6137/6931/5102 6134/6930/5102
f 6134/6930/5102 6137/6931/5102 6136/6702/5101 6133/6700/5101
f 6135/6651/4920 6139/6614/4920 6140/6896/5102 6137/6931/5102
f 6137/6931/5102 6140/6896/5102 6138/6585/5101 6136/6702/5101
f 6055/6656/5316 6141/6653/4923 6143/6932/5096 6058/6866/5392
f 6058/6866/5392 6143/6932/5096 6142/6933/4983 6056/6869/5302
f 6141/6653/4923 6144/6652/4923 6146/6934/5096 6143/6932/5096
f 6143/6932/5096 6146/6934/5096 6145/6935/4983 6142/6933/4983
f 6144/6652/4923 6147/6730/4923 6149/6936/5096 6146/6934/5096
f 6146/6934/5096 6149/6936/5096 6148/6937/4983 6145/6935/4983
f 6147/6730/4923 6151/6732/4923 6152/6898/5096 6149/6936/5096
f 6149/6936/5096 6152/6898/5096 6150/6899/4983 6148/6937/4983
f 6048/6737/5312 6153/6735/5101 6155/6938/5102 6051/6860/5389
f 6051/6860/5389 6155/6938/5102 6154/6939/4920 6049/6863/5301
f 6153/6735/5101 6156/6661/5101 6158/6940/5102 6155/6938/5102
f 6155/6938/5102 6158/6940/5102 6157/6941/4920 6154/6939/4920
f 6156/6661/5101 6159/6660/5101 6161/6942/5102 6158/6940/5102
f 6158/6940/5102 6161/6942/5102 6160/6943/4920 6157/6941/4920
f 6159/6660/5101 6163/6663/5101 6164/6902/5102 6161/6942/5102
f 6161/6942/5102 6164/6902/5102 6162/6903/4920 6160/6943/4920
f 5958/6728/5322 6165/6664/5317 6167/6944/5398 5962/6789/5341
f 5962/6789/5341 6167/6944/5398 6166/6765/5329 5959/6783/5335
f 6165/6664/5317 6169/6667/5317 6170/6879/5398 6167/6944/5398
f 6167/6944/5398 6170/6879/5398 6168/6766/5329 6166/6765/5329
f 5979/6578/5293 6171/6581/5294 6173/6945/5399 5983/6804/5353
f 5983/6804/5353 6173/6945/5399 6172/6760/5328 5980/6784/5336
f 6171/6581/5294 6175/6704/5294 6176/6881/5399 6173/6945/5399
f 6173/6945/5399 6176/6881/5399 6174/6761/5328 6172/6760/5328
f 6020/6741/5323 6177/6740/5314 6179/6946/5400 6023/6836/5374
f 6023/6836/5374 6179/6946/5400 6178/6592/5300 6021/6591/5299
f 6177/6740/5314 6181/6632/5314 6182/6883/5400 6179/6946/5400
f 6179/6946/5400 6182/6883/5400 6180/6750/5300 6178/6592/5300
f 6034/6757/5296 6183/6755/5313 6185/6947/5401 6037/6848/5382
f 6037/6848/5382 6185/6947/5401 6184/6588/5298 6035/6587/5297
f 6183/6755/5313 6187/6624/5313 6188/6885/5401 6185/6947/5401
f 6185/6947/5401 6188/6885/5401 6186/6627/5298 6184/6588/5298
f 5986/6680/5319 6189/6683/5298 6191/6948/5401 5990/6809/5357
f 5990/6809/5357 6191/6948/5401 6190/6739/5313 5987/6742/5324
f 6189/6683/5298 6193/6610/5298 6194/6895/5401 6191/6948/5401
f 6191/6948/5401 6194/6895/5401 6192/6633/5313 6190/6739/5313
f 6007/6668/5318 6195/6671/5300 6197/6949/5400 6011/6827/5369
f 6011/6827/5369 6197/6949/5400 6196/6756/5314 6008/6758/5295
f 6195/6671/5300 6199/6602/5300 6200/6897/5400 6197/6949/5400
f 6197/6949/5400 6200/6897/5400 6198/6625/5314 6196/6756/5314
f 6041/6753/5296 6201/6754/5313 6203/6950/5401 6044/6854/5386
f 6044/6854/5386 6203/6950/5401 6202/6951/5298 6042/6857/5297
f 6201/6754/5313 6205/6736/5313 6206/6900/5401 6203/6950/5401
f 6203/6950/5401 6206/6900/5401 6204/6901/5298 6202/6951/5298
f 6062/6743/5323 6207/6738/5314 6209/6952/5400 6065/6872/5395
f 6065/6872/5395 6209/6952/5400 6208/6953/5300 6063/6875/5299
f 6207/6738/5314 6211/6657/5314 6212/6904/5400 6209/6952/5400
f 6209/6952/5400 6212/6904/5400 6210/6905/5300 6208/6953/5300
f 5978/6759/5327 6213/6744/5172 6215/6954/5273 5981/6801/5350
f 5981/6805/5350 6215/6955/5273 6214/6579/5155 5979/6578/5293
f 6213/6744/5172 6217/6699/5172 6218/6886/5273 6215/6954/5273
f 6215/6955/5273 6218/6887/5273 6216/6586/5155 6214/6579/5155
f 6029/6599/5302 6219/6598/4985 6221/6956/5098 6033/6847/5380
f 6033/6844/5380 6221/6957/5098 6220/6752/4961 6027/6751/5303
f 6219/6598/4985 6223/6780/4985 6224/6888/5098 6221/6956/5098
f 6221/6957/5098 6224/6889/5098 6222/6764/4961 6220/6752/4961
f 5957/6785/5337 6225/6773/4966 6227/6958/5097 5960/6786/5338
f 5960/6790/5338 6227/6959/5097 6226/6729/4929 5958/6728/5322
f 6225/6773/4966 6229/6691/4966 6230/6890/5097 6227/6958/5097
f 6227/6959/5097 6230/6891/5097 6228/6590/4929 6226/6729/4929
f 6015/6595/5301 6231/6594/5158 6233/6960/5272 6019/6835/5372
f 6019/6832/5372 6233/6961/5272 6232/6629/5129 6013/6628/5307
f 6231/6594/5158 6235/6782/5158 6236/6892/5272 6233/6960/5272
f 6233/6961/5272 6236/6893/5272 6234/6706/5129 6232/6629/5129
f 6079/6721/4918 5940/6720/4919 6225/6773/4966 5957/6785/5337
f 6011/6827/5369 6008/6758/5295 6010/6828/5367
f 6040/6851/5385 6034/6583/5296 6038/6852/5383
f 6030/6842/5378 6028/6631/5316 6031/6843/5379
f 5997/6815/5361 5994/6649/5315 5996/6816/5359
f 6026/6839/5377 6020/6763/5323 6024/6840/5375
f 5990/6809/5357 5987/6742/5324 5989/6810/5355
f 6016/6830/5370 6014/6623/5312 6017/6831/5371
f 6004/6821/5365 6001/6637/5311 6003/6822/5363
